measurement_id,run_id,sensor_id,t_seconds,temperature_c,ambient_c
59989,300,S4,564.0,26.064,22.36
59990,300,S4,567.0,26.095,22.36
59991,300,S4,570.0,26.057,22.36
59992,300,S4,573.0,26.082,22.36
59993,300,S4,576.0,25.930,22.36
59994,300,S4,579.0,25.991,22.36
59995,300,S4,582.0,25.866,22.36
59996,300,S4,585.0,25.775,22.36
59997,300,S4,588.0,25.817,22.36
59998,300,S4,591.0,25.738,22.36
59999,300,S4,594.0,25.760,22.36
60000,300,S4,597.0,25.653,22.36
60001,301,S1,0.0,87.071,20.60
60002,301,S1,3.0,85.439,20.60
60003,301,S1,6.0,83.756,20.60
60004,301,S1,9.0,82.128,20.60
60005,301,S1,12.0,80.597,20.60
60006,301,S1,15.0,79.027,20.60
60007,301,S1,18.0,77.576,20.60
60008,301,S1,21.0,76.094,20.60
60009,301,S1,24.0,74.654,20.60
60010,301,S1,27.0,73.233,20.60
60011,301,S1,30.0,71.846,20.60
60012,301,S1,33.0,70.639,20.60
60013,301,S1,36.0,69.272,20.60
60014,301,S1,39.0,68.100,20.60
60015,301,S1,42.0,66.891,20.60
60016,301,S1,45.0,65.741,20.60
60017,301,S1,48.0,64.515,20.60
60018,301,S1,51.0,63.427,20.60
60019,301,S1,54.0,62.342,20.60
60020,301,S1,57.0,61.287,20.60
60021,301,S1,60.0,60.280,20.60
60022,301,S1,63.0,59.178,20.60
60023,301,S1,66.0,58.262,20.60
60024,301,S1,69.0,57.346,20.60
60025,301,S1,72.0,56.361,20.60
60026,301,S1,75.0,55.437,20.60
60027,301,S1,78.0,54.554,20.60
60028,301,S1,81.0,53.806,20.60
60029,301,S1,84.0,52.866,20.60
60030,301,S1,87.0,51.975,20.60
60031,301,S1,90.0,51.130,20.60
60032,301,S1,93.0,50.396,20.60
60033,301,S1,96.0,49.651,20.60
60034,301,S1,99.0,48.966,20.60
60035,301,S1,102.0,48.084,20.60
60036,301,S1,105.0,47.443,20.60
60037,301,S1,108.0,46.820,20.60
60038,301,S1,111.0,45.981,20.60
60039,301,S1,114.0,45.470,20.60
60040,301,S1,117.0,44.846,20.60
60041,301,S1,120.0,44.166,20.60
60042,301,S1,123.0,43.720,20.60
60043,301,S1,126.0,43.073,20.60
60044,301,S1,129.0,42.563,20.60
60045,301,S1,132.0,41.842,20.60
60046,301,S1,135.0,41.260,20.60
60047,301,S1,138.0,40.777,20.60
60048,301,S1,141.0,40.295,20.60
60049,301,S1,144.0,39.825,20.60
60050,301,S1,147.0,39.309,20.60
60051,301,S1,150.0,38.776,20.60
60052,301,S1,153.0,38.410,20.60
60053,301,S1,156.0,37.903,20.60
60054,301,S1,159.0,37.444,20.60
60055,301,S1,162.0,37.066,20.60
60056,301,S1,165.0,36.592,20.60
60057,301,S1,168.0,36.230,20.60
60058,301,S1,171.0,35.819,20.60
60059,301,S1,174.0,35.435,20.60
60060,301,S1,177.0,35.011,20.60
60061,301,S1,180.0,34.621,20.60
60062,301,S1,183.0,34.295,20.60
60063,301,S1,186.0,33.982,20.60
60064,301,S1,189.0,33.651,20.60
60065,301,S1,192.0,33.399,20.60
60066,301,S1,195.0,32.914,20.60
60067,301,S1,198.0,32.716,20.60
60068,301,S1,201.0,32.324,20.60
60069,301,S1,204.0,32.023,20.60
60070,301,S1,207.0,31.822,20.60
60071,301,S1,210.0,31.499,20.60
60072,301,S1,213.0,31.215,20.60
60073,301,S1,216.0,30.981,20.60
60074,301,S1,219.0,30.628,20.60
60075,301,S1,222.0,30.463,20.60
60076,301,S1,225.0,30.141,20.60
60077,301,S1,228.0,29.831,20.60
60078,301,S1,231.0,29.700,20.60
60079,301,S1,234.0,29.443,20.60
60080,301,S1,237.0,29.240,20.60
60081,301,S1,240.0,29.051,20.60
60082,301,S1,243.0,28.785,20.60
60083,301,S1,246.0,28.571,20.60
60084,301,S1,249.0,28.357,20.60
60085,301,S1,252.0,28.184,20.60
60086,301,S1,255.0,28.062,20.60
60087,301,S1,258.0,27.747,20.60
60088,301,S1,261.0,27.656,20.60
60089,301,S1,264.0,27.499,20.60
60090,301,S1,267.0,27.164,20.60
60091,301,S1,270.0,27.091,20.60
60092,301,S1,273.0,26.938,20.60
60093,301,S1,276.0,26.747,20.60
60094,301,S1,279.0,26.572,20.60
60095,301,S1,282.0,26.403,20.60
60096,301,S1,285.0,26.278,20.60
60097,301,S1,288.0,26.130,20.60
60098,301,S1,291.0,26.066,20.60
60099,301,S1,294.0,25.811,20.60
60100,301,S1,297.0,25.788,20.60
60101,301,S1,300.0,25.607,20.60
60102,301,S1,303.0,25.554,20.60
60103,301,S1,306.0,25.283,20.60
60104,301,S1,309.0,25.191,20.60
60105,301,S1,312.0,25.166,20.60
60106,301,S1,315.0,24.935,20.60
60107,301,S1,318.0,24.876,20.60
60108,301,S1,321.0,24.698,20.60
60109,301,S1,324.0,24.614,20.60
60110,301,S1,327.0,24.585,20.60
60111,301,S1,330.0,24.469,20.60
60112,301,S1,333.0,24.339,20.60
60113,301,S1,336.0,24.366,20.60
60114,301,S1,339.0,24.138,20.60
60115,301,S1,342.0,24.093,20.60
60116,301,S1,345.0,23.960,20.60
60117,301,S1,348.0,23.860,20.60
60118,301,S1,351.0,23.794,20.60
60119,301,S1,354.0,23.774,20.60
60120,301,S1,357.0,23.765,20.60
60121,301,S1,360.0,23.684,20.60
60122,301,S1,363.0,23.489,20.60
60123,301,S1,366.0,23.358,20.60
60124,301,S1,369.0,23.363,20.60
60125,301,S1,372.0,23.382,20.60
60126,301,S1,375.0,23.184,20.60
60127,301,S1,378.0,23.033,20.60
60128,301,S1,381.0,23.133,20.60
60129,301,S1,384.0,22.947,20.60
60130,301,S1,387.0,23.078,20.60
60131,301,S1,390.0,22.951,20.60
60132,301,S1,393.0,22.782,20.60
60133,301,S1,396.0,22.708,20.60
60134,301,S1,399.0,22.735,20.60
60135,301,S1,402.0,22.674,20.60
60136,301,S1,405.0,22.582,20.60
60137,301,S1,408.0,22.436,20.60
60138,301,S1,411.0,22.457,20.60
60139,301,S1,414.0,22.446,20.60
60140,301,S1,417.0,22.326,20.60
60141,301,S1,420.0,22.421,20.60
60142,301,S1,423.0,22.372,20.60
60143,301,S1,426.0,22.320,20.60
60144,301,S1,429.0,22.213,20.60
60145,301,S1,432.0,22.257,20.60
60146,301,S1,435.0,22.127,20.60
60147,301,S1,438.0,22.122,20.60
60148,301,S1,441.0,22.104,20.60
60149,301,S1,444.0,21.997,20.60
60150,301,S1,447.0,21.967,20.60
60151,301,S1,450.0,22.015,20.60
60152,301,S1,453.0,21.948,20.60
60153,301,S1,456.0,21.849,20.60
60154,301,S1,459.0,21.897,20.60
60155,301,S1,462.0,21.954,20.60
60156,301,S1,465.0,21.819,20.60
60157,301,S1,468.0,21.671,20.60
60158,301,S1,471.0,21.791,20.60
60159,301,S1,474.0,21.791,20.60
60160,301,S1,477.0,21.653,20.60
60161,301,S1,480.0,21.734,20.60
60162,301,S1,483.0,21.505,20.60
60163,301,S1,486.0,21.595,20.60
60164,301,S1,489.0,21.579,20.60
60165,301,S1,492.0,21.480,20.60
60166,301,S1,495.0,21.549,20.60
60167,301,S1,498.0,21.405,20.60
60168,301,S1,501.0,21.434,20.60
60169,301,S1,504.0,21.465,20.60
60170,301,S1,507.0,21.458,20.60
60171,301,S1,510.0,21.417,20.60
60172,301,S1,513.0,21.329,20.60
60173,301,S1,516.0,21.361,20.60
60174,301,S1,519.0,21.277,20.60
60175,301,S1,522.0,21.337,20.60
60176,301,S1,525.0,21.353,20.60
60177,301,S1,528.0,21.274,20.60
60178,301,S1,531.0,21.270,20.60
60179,301,S1,534.0,21.354,20.60
60180,301,S1,537.0,21.247,20.60
60181,301,S1,540.0,21.290,20.60
60182,301,S1,543.0,21.201,20.60
60183,301,S1,546.0,21.200,20.60
60184,301,S1,549.0,21.263,20.60
60185,301,S1,552.0,21.186,20.60
60186,301,S1,555.0,21.271,20.60
60187,301,S1,558.0,21.087,20.60
60188,301,S1,561.0,21.163,20.60
60189,301,S1,564.0,21.203,20.60
60190,301,S1,567.0,21.196,20.60
60191,301,S1,570.0,21.099,20.60
60192,301,S1,573.0,21.079,20.60
60193,301,S1,576.0,21.152,20.60
60194,301,S1,579.0,21.068,20.60
60195,301,S1,582.0,21.097,20.60
60196,301,S1,585.0,21.053,20.60
60197,301,S1,588.0,21.068,20.60
60198,301,S1,591.0,21.040,20.60
60199,301,S1,594.0,20.962,20.60
60200,301,S1,597.0,20.986,20.60
60201,302,S2,0.0,84.505,22.53
60202,302,S2,3.0,83.556,22.53
60203,302,S2,6.0,82.507,22.53
60204,302,S2,9.0,81.583,22.53
60205,302,S2,12.0,80.537,22.53
60206,302,S2,15.0,79.733,22.53
60207,302,S2,18.0,78.802,22.53
60208,302,S2,21.0,77.808,22.53
60209,302,S2,24.0,76.931,22.53
60210,302,S2,27.0,76.052,22.53
60211,302,S2,30.0,75.055,22.53
60212,302,S2,33.0,74.354,22.53
60213,302,S2,36.0,73.448,22.53
60214,302,S2,39.0,72.579,22.53
60215,302,S2,42.0,71.836,22.53
60216,302,S2,45.0,70.984,22.53
60217,302,S2,48.0,70.241,22.53
60218,302,S2,51.0,69.431,22.53
60219,302,S2,54.0,68.673,22.53
60220,302,S2,57.0,67.974,22.53
60221,302,S2,60.0,67.160,22.53
60222,302,S2,63.0,66.556,22.53
60223,302,S2,66.0,65.747,22.53
60224,302,S2,69.0,64.999,22.53
60225,302,S2,72.0,64.296,22.53
60226,302,S2,75.0,63.722,22.53
60227,302,S2,78.0,62.960,22.53
60228,302,S2,81.0,62.312,22.53
60229,302,S2,84.0,61.706,22.53
60230,302,S2,87.0,61.118,22.53
60231,302,S2,90.0,60.543,22.53
60232,302,S2,93.0,59.912,22.53
60233,302,S2,96.0,59.249,22.53
60234,302,S2,99.0,58.639,22.53
60235,302,S2,102.0,58.004,22.53
60236,302,S2,105.0,57.505,22.53
60237,302,S2,108.0,56.776,22.53
60238,302,S2,111.0,56.296,22.53
60239,302,S2,114.0,55.812,22.53
60240,302,S2,117.0,55.209,22.53
60241,302,S2,120.0,54.592,22.53
60242,302,S2,123.0,54.189,22.53
60243,302,S2,126.0,53.640,22.53
60244,302,S2,129.0,53.144,22.53
60245,302,S2,132.0,52.650,22.53
60246,302,S2,135.0,52.174,22.53
60247,302,S2,138.0,51.696,22.53
60248,302,S2,141.0,51.264,22.53
60249,302,S2,144.0,50.792,22.53
60250,302,S2,147.0,50.416,22.53
60251,302,S2,150.0,49.797,22.53
60252,302,S2,153.0,49.451,22.53
60253,302,S2,156.0,48.891,22.53
60254,302,S2,159.0,48.499,22.53
60255,302,S2,162.0,48.034,22.53
60256,302,S2,165.0,47.626,22.53
60257,302,S2,168.0,47.307,22.53
60258,302,S2,171.0,46.783,22.53
60259,302,S2,174.0,46.459,22.53
60260,302,S2,177.0,46.121,22.53
60261,302,S2,180.0,45.674,22.53
60262,302,S2,183.0,45.243,22.53
60263,302,S2,186.0,44.816,22.53
60264,302,S2,189.0,44.641,22.53
60265,302,S2,192.0,44.282,22.53
60266,302,S2,195.0,43.902,22.53
60267,302,S2,198.0,43.539,22.53
60268,302,S2,201.0,43.204,22.53
60269,302,S2,204.0,42.882,22.53
60270,302,S2,207.0,42.470,22.53
60271,302,S2,210.0,42.240,22.53
60272,302,S2,213.0,41.807,22.53
60273,302,S2,216.0,41.534,22.53
60274,302,S2,219.0,41.192,22.53
60275,302,S2,222.0,40.991,22.53
60276,302,S2,225.0,40.712,22.53
60277,302,S2,228.0,40.377,22.53
60278,302,S2,231.0,40.033,22.53
60279,302,S2,234.0,39.776,22.53
60280,302,S2,237.0,39.538,22.53
60281,302,S2,240.0,39.194,22.53
60282,302,S2,243.0,39.016,22.53
60283,302,S2,246.0,38.701,22.53
60284,302,S2,249.0,38.392,22.53
60285,302,S2,252.0,38.114,22.53
60286,302,S2,255.0,37.954,22.53
60287,302,S2,258.0,37.526,22.53
60288,302,S2,261.0,37.377,22.53
60289,302,S2,264.0,37.243,22.53
60290,302,S2,267.0,36.945,22.53
60291,302,S2,270.0,36.655,22.53
60292,302,S2,273.0,36.411,22.53
60293,302,S2,276.0,36.180,22.53
60294,302,S2,279.0,35.978,22.53
60295,302,S2,282.0,35.798,22.53
60296,302,S2,285.0,35.548,22.53
60297,302,S2,288.0,35.333,22.53
60298,302,S2,291.0,35.102,22.53
60299,302,S2,294.0,34.919,22.53
60300,302,S2,297.0,34.706,22.53
60301,302,S2,300.0,34.599,22.53
60302,302,S2,303.0,34.467,22.53
60303,302,S2,306.0,34.180,22.53
60304,302,S2,309.0,33.884,22.53
60305,302,S2,312.0,33.730,22.53
60306,302,S2,315.0,33.635,22.53
60307,302,S2,318.0,33.539,22.53
60308,302,S2,321.0,33.231,22.53
60309,302,S2,324.0,33.098,22.53
60310,302,S2,327.0,32.829,22.53
60311,302,S2,330.0,32.716,22.53
60312,302,S2,333.0,32.530,22.53
60313,302,S2,336.0,32.371,22.53
60314,302,S2,339.0,32.123,22.53
60315,302,S2,342.0,32.097,22.53
60316,302,S2,345.0,31.923,22.53
60317,302,S2,348.0,31.773,22.53
60318,302,S2,351.0,31.601,22.53
60319,302,S2,354.0,31.442,22.53
60320,302,S2,357.0,31.251,22.53
60321,302,S2,360.0,31.256,22.53
60322,302,S2,363.0,31.085,22.53
60323,302,S2,366.0,30.829,22.53
60324,302,S2,369.0,30.791,22.53
60325,302,S2,372.0,30.599,22.53
60326,302,S2,375.0,30.451,22.53
60327,302,S2,378.0,30.434,22.53
60328,302,S2,381.0,30.158,22.53
60329,302,S2,384.0,30.082,22.53
60330,302,S2,387.0,29.929,22.53
60331,302,S2,390.0,29.887,22.53
60332,302,S2,393.0,29.781,22.53
60333,302,S2,396.0,29.670,22.53
60334,302,S2,399.0,29.524,22.53
60335,302,S2,402.0,29.378,22.53
60336,302,S2,405.0,29.388,22.53
60337,302,S2,408.0,29.264,22.53
60338,302,S2,411.0,29.130,22.53
60339,302,S2,414.0,28.987,22.53
60340,302,S2,417.0,28.890,22.53
60341,302,S2,420.0,28.837,22.53
60342,302,S2,423.0,28.531,22.53
60343,302,S2,426.0,28.610,22.53
60344,302,S2,429.0,28.483,22.53
60345,302,S2,432.0,28.401,22.53
60346,302,S2,435.0,28.365,22.53
60347,302,S2,438.0,28.213,22.53
60348,302,S2,441.0,28.037,22.53
60349,302,S2,444.0,27.983,22.53
60350,302,S2,447.0,27.951,22.53
60351,302,S2,450.0,27.727,22.53
60352,302,S2,453.0,27.758,22.53
60353,302,S2,456.0,27.636,22.53
60354,302,S2,459.0,27.603,22.53
60355,302,S2,462.0,27.527,22.53
60356,302,S2,465.0,27.439,22.53
60357,302,S2,468.0,27.331,22.53
60358,302,S2,471.0,27.149,22.53
60359,302,S2,474.0,27.203,22.53
60360,302,S2,477.0,27.004,22.53
60361,302,S2,480.0,27.063,22.53
60362,302,S2,483.0,26.887,22.53
60363,302,S2,486.0,26.908,22.53
60364,302,S2,489.0,26.746,22.53
60365,302,S2,492.0,26.744,22.53
60366,302,S2,495.0,26.690,22.53
60367,302,S2,498.0,26.645,22.53
60368,302,S2,501.0,26.497,22.53
60369,302,S2,504.0,26.467,22.53
60370,302,S2,507.0,26.405,22.53
60371,302,S2,510.0,26.286,22.53
60372,302,S2,513.0,26.260,22.53
60373,302,S2,516.0,26.186,22.53
60374,302,S2,519.0,26.156,22.53
60375,302,S2,522.0,26.043,22.53
60376,302,S2,525.0,26.042,22.53
60377,302,S2,528.0,25.996,22.53
60378,302,S2,531.0,25.880,22.53
60379,302,S2,534.0,25.915,22.53
60380,302,S2,537.0,25.771,22.53
60381,302,S2,540.0,25.821,22.53
60382,302,S2,543.0,25.762,22.53
60383,302,S2,546.0,25.618,22.53
60384,302,S2,549.0,25.526,22.53
60385,302,S2,552.0,25.591,22.53
60386,302,S2,555.0,25.559,22.53
60387,302,S2,558.0,25.463,22.53
60388,302,S2,561.0,25.366,22.53
60389,302,S2,564.0,25.414,22.53
60390,302,S2,567.0,25.290,22.53
60391,302,S2,570.0,25.268,22.53
60392,302,S2,573.0,25.169,22.53
60393,302,S2,576.0,25.099,22.53
60394,302,S2,579.0,25.075,22.53
60395,302,S2,582.0,25.086,22.53
60396,302,S2,585.0,25.011,22.53
60397,302,S2,588.0,24.960,22.53
60398,302,S2,591.0,25.032,22.53
60399,302,S2,594.0,24.879,22.53
60400,302,S2,597.0,24.880,22.53
60401,303,S3,0.0,71.090,20.38
60402,303,S3,3.0,70.416,20.38
60403,303,S3,6.0,69.849,20.38
60404,303,S3,9.0,69.244,20.38
60405,303,S3,12.0,68.535,20.38
60406,303,S3,15.0,67.963,20.38
60407,303,S3,18.0,67.395,20.38
60408,303,S3,21.0,66.791,20.38
60409,303,S3,24.0,66.288,20.38
60410,303,S3,27.0,65.603,20.38
60411,303,S3,30.0,65.006,20.38
60412,303,S3,33.0,64.482,20.38
60413,303,S3,36.0,63.982,20.38
60414,303,S3,39.0,63.385,20.38
60415,303,S3,42.0,62.908,20.38
60416,303,S3,45.0,62.317,20.38
60417,303,S3,48.0,61.776,20.38
60418,303,S3,51.0,61.224,20.38
60419,303,S3,54.0,60.737,20.38
60420,303,S3,57.0,60.335,20.38
60421,303,S3,60.0,59.733,20.38
60422,303,S3,63.0,59.234,20.38
60423,303,S3,66.0,58.829,20.38
60424,303,S3,69.0,58.342,20.38
60425,303,S3,72.0,57.770,20.38
60426,303,S3,75.0,57.428,20.38
60427,303,S3,78.0,56.891,20.38
60428,303,S3,81.0,56.520,20.38
60429,303,S3,84.0,55.981,20.38
60430,303,S3,87.0,55.515,20.38
60431,303,S3,90.0,55.114,20.38
60432,303,S3,93.0,54.647,20.38
60433,303,S3,96.0,54.159,20.38
60434,303,S3,99.0,53.756,20.38
60435,303,S3,102.0,53.362,20.38
60436,303,S3,105.0,52.898,20.38
60437,303,S3,108.0,52.573,20.38
60438,303,S3,111.0,52.149,20.38
60439,303,S3,114.0,51.801,20.38
60440,303,S3,117.0,51.388,20.38
60441,303,S3,120.0,51.020,20.38
60442,303,S3,123.0,50.581,20.38
60443,303,S3,126.0,50.322,20.38
60444,303,S3,129.0,49.862,20.38
60445,303,S3,132.0,49.518,20.38
60446,303,S3,135.0,49.071,20.38
60447,303,S3,138.0,48.721,20.38
60448,303,S3,141.0,48.420,20.38
60449,303,S3,144.0,47.953,20.38
60450,303,S3,147.0,47.765,20.38
60451,303,S3,150.0,47.409,20.38
60452,303,S3,153.0,47.038,20.38
60453,303,S3,156.0,46.621,20.38
60454,303,S3,159.0,46.400,20.38
60455,303,S3,162.0,45.964,20.38
60456,303,S3,165.0,45.733,20.38
60457,303,S3,168.0,45.357,20.38
60458,303,S3,171.0,45.088,20.38
60459,303,S3,174.0,44.749,20.38
60460,303,S3,177.0,44.576,20.38
60461,303,S3,180.0,44.204,20.38
60462,303,S3,183.0,43.906,20.38
60463,303,S3,186.0,43.510,20.38
60464,303,S3,189.0,43.261,20.38
60465,303,S3,192.0,43.083,20.38
60466,303,S3,195.0,42.750,20.38
60467,303,S3,198.0,42.442,20.38
60468,303,S3,201.0,42.182,20.38
60469,303,S3,204.0,41.845,20.38
60470,303,S3,207.0,41.583,20.38
60471,303,S3,210.0,41.348,20.38
60472,303,S3,213.0,41.065,20.38
60473,303,S3,216.0,40.824,20.38
60474,303,S3,219.0,40.507,20.38
60475,303,S3,222.0,40.340,20.38
60476,303,S3,225.0,40.073,20.38
60477,303,S3,228.0,39.692,20.38
60478,303,S3,231.0,39.598,20.38
60479,303,S3,234.0,39.290,20.38
60480,303,S3,237.0,39.092,20.38
60481,303,S3,240.0,38.895,20.38
60482,303,S3,243.0,38.486,20.38
60483,303,S3,246.0,38.364,20.38
60484,303,S3,249.0,38.209,20.38
60485,303,S3,252.0,37.930,20.38
60486,303,S3,255.0,37.852,20.38
60487,303,S3,258.0,37.503,20.38
60488,303,S3,261.0,37.263,20.38
60489,303,S3,264.0,37.104,20.38
60490,303,S3,267.0,36.872,20.38
60491,303,S3,270.0,36.746,20.38
60492,303,S3,273.0,36.438,20.38
60493,303,S3,276.0,36.353,20.38
60494,303,S3,279.0,36.031,20.38
60495,303,S3,282.0,35.853,20.38
60496,303,S3,285.0,35.656,20.38
60497,303,S3,288.0,35.450,20.38
60498,303,S3,291.0,35.263,20.38
60499,303,S3,294.0,35.060,20.38
60500,303,S3,297.0,34.906,20.38
60501,303,S3,300.0,34.714,20.38
60502,303,S3,303.0,34.596,20.38
60503,303,S3,306.0,34.385,20.38
60504,303,S3,309.0,34.140,20.38
60505,303,S3,312.0,33.964,20.38
60506,303,S3,315.0,33.855,20.38
60507,303,S3,318.0,33.723,20.38
60508,303,S3,321.0,33.521,20.38
60509,303,S3,324.0,33.451,20.38
60510,303,S3,327.0,33.221,20.38
60511,303,S3,330.0,33.017,20.38
60512,303,S3,333.0,32.867,20.38
60513,303,S3,336.0,32.700,20.38
60514,303,S3,339.0,32.591,20.38
60515,303,S3,342.0,32.387,20.38
60516,303,S3,345.0,32.276,20.38
60517,303,S3,348.0,32.025,20.38
60518,303,S3,351.0,31.890,20.38
60519,303,S3,354.0,31.837,20.38
60520,303,S3,357.0,31.657,20.38
60521,303,S3,360.0,31.558,20.38
60522,303,S3,363.0,31.447,20.38
60523,303,S3,366.0,31.226,20.38
60524,303,S3,369.0,31.229,20.38
60525,303,S3,372.0,30.996,20.38
60526,303,S3,375.0,30.802,20.38
60527,303,S3,378.0,30.779,20.38
60528,303,S3,381.0,30.539,20.38
60529,303,S3,384.0,30.500,20.38
60530,303,S3,387.0,30.330,20.38
60531,303,S3,390.0,30.180,20.38
60532,303,S3,393.0,30.084,20.38
60533,303,S3,396.0,29.982,20.38
60534,303,S3,399.0,29.805,20.38
60535,303,S3,402.0,29.734,20.38
60536,303,S3,405.0,29.578,20.38
60537,303,S3,408.0,29.419,20.38
60538,303,S3,411.0,29.318,20.38
60539,303,S3,414.0,29.194,20.38
60540,303,S3,417.0,29.146,20.38
60541,303,S3,420.0,28.988,20.38
60542,303,S3,423.0,28.948,20.38
60543,303,S3,426.0,28.848,20.38
60544,303,S3,429.0,28.706,20.38
60545,303,S3,432.0,28.632,20.38
60546,303,S3,435.0,28.541,20.38
60547,303,S3,438.0,28.474,20.38
60548,303,S3,441.0,28.280,20.38
60549,303,S3,444.0,28.237,20.38
60550,303,S3,447.0,28.160,20.38
60551,303,S3,450.0,28.111,20.38
60552,303,S3,453.0,27.839,20.38
60553,303,S3,456.0,27.933,20.38
60554,303,S3,459.0,27.832,20.38
60555,303,S3,462.0,27.711,20.38
60556,303,S3,465.0,27.567,20.38
60557,303,S3,468.0,27.502,20.38
60558,303,S3,471.0,27.322,20.38
60559,303,S3,474.0,27.194,20.38
60560,303,S3,477.0,27.141,20.38
60561,303,S3,480.0,27.086,20.38
60562,303,S3,483.0,27.036,20.38
60563,303,S3,486.0,26.947,20.38
60564,303,S3,489.0,26.897,20.38
60565,303,S3,492.0,26.836,20.38
60566,303,S3,495.0,26.670,20.38
60567,303,S3,498.0,26.632,20.38
60568,303,S3,501.0,26.576,20.38
60569,303,S3,504.0,26.458,20.38
60570,303,S3,507.0,26.265,20.38
60571,303,S3,510.0,26.236,20.38
60572,303,S3,513.0,26.212,20.38
60573,303,S3,516.0,26.207,20.38
60574,303,S3,519.0,26.104,20.38
60575,303,S3,522.0,25.957,20.38
60576,303,S3,525.0,26.011,20.38
60577,303,S3,528.0,25.895,20.38
60578,303,S3,531.0,25.787,20.38
60579,303,S3,534.0,25.758,20.38
60580,303,S3,537.0,25.668,20.38
60581,303,S3,540.0,25.632,20.38
60582,303,S3,543.0,25.537,20.38
60583,303,S3,546.0,25.519,20.38
60584,303,S3,549.0,25.320,20.38
60585,303,S3,552.0,25.383,20.38
60586,303,S3,555.0,25.274,20.38
60587,303,S3,558.0,25.253,20.38
60588,303,S3,561.0,25.137,20.38
60589,303,S3,564.0,25.057,20.38
60590,303,S3,567.0,25.032,20.38
60591,303,S3,570.0,24.960,20.38
60592,303,S3,573.0,24.974,20.38
60593,303,S3,576.0,24.830,20.38
60594,303,S3,579.0,24.795,20.38
60595,303,S3,582.0,24.797,20.38
60596,303,S3,585.0,24.714,20.38
60597,303,S3,588.0,24.679,20.38
60598,303,S3,591.0,24.509,20.38
60599,303,S3,594.0,24.538,20.38
60600,303,S3,597.0,24.511,20.38
60601,304,S4,0.0,91.863,22.11
60602,304,S4,3.0,90.662,22.11
60603,304,S4,6.0,89.616,22.11
60604,304,S4,9.0,88.576,22.11
60605,304,S4,12.0,87.495,22.11
60606,304,S4,15.0,86.468,22.11
60607,304,S4,18.0,85.477,22.11
60608,304,S4,21.0,84.512,22.11
60609,304,S4,24.0,83.508,22.11
60610,304,S4,27.0,82.434,22.11
60611,304,S4,30.0,81.589,22.11
60612,304,S4,33.0,80.673,22.11
60613,304,S4,36.0,79.693,22.11
60614,304,S4,39.0,78.844,22.11
60615,304,S4,42.0,77.927,22.11
60616,304,S4,45.0,77.108,22.11
60617,304,S4,48.0,76.194,22.11
60618,304,S4,51.0,75.402,22.11
60619,304,S4,54.0,74.555,22.11
60620,304,S4,57.0,73.756,22.11
60621,304,S4,60.0,72.851,22.11
60622,304,S4,63.0,72.070,22.11
60623,304,S4,66.0,71.254,22.11
60624,304,S4,69.0,70.525,22.11
60625,304,S4,72.0,69.757,22.11
60626,304,S4,75.0,68.969,22.11
60627,304,S4,78.0,68.297,22.11
60628,304,S4,81.0,67.468,22.11
60629,304,S4,84.0,66.823,22.11
60630,304,S4,87.0,66.075,22.11
60631,304,S4,90.0,65.378,22.11
60632,304,S4,93.0,64.830,22.11
60633,304,S4,96.0,64.104,22.11
60634,304,S4,99.0,63.409,22.11
60635,304,S4,102.0,62.860,22.11
60636,304,S4,105.0,62.156,22.11
60637,304,S4,108.0,61.521,22.11
60638,304,S4,111.0,60.848,22.11
60639,304,S4,114.0,60.354,22.11
60640,304,S4,117.0,59.668,22.11
60641,304,S4,120.0,59.127,22.11
60642,304,S4,123.0,58.541,22.11
60643,304,S4,126.0,57.957,22.11
60644,304,S4,129.0,57.456,22.11
60645,304,S4,132.0,56.807,22.11
60646,304,S4,135.0,56.245,22.11
60647,304,S4,138.0,55.791,22.11
60648,304,S4,141.0,55.338,22.11
60649,304,S4,144.0,54.665,22.11
60650,304,S4,147.0,54.177,22.11
60651,304,S4,150.0,53.791,22.11
60652,304,S4,153.0,53.245,22.11
60653,304,S4,156.0,52.612,22.11
60654,304,S4,159.0,52.151,22.11
60655,304,S4,162.0,51.710,22.11
60656,304,S4,165.0,51.236,22.11
60657,304,S4,168.0,50.815,22.11
60658,304,S4,171.0,50.375,22.11
60659,304,S4,174.0,49.870,22.11
60660,304,S4,177.0,49.501,22.11
60661,304,S4,180.0,48.959,22.11
60662,304,S4,183.0,48.627,22.11
60663,304,S4,186.0,48.230,22.11
60664,304,S4,189.0,47.753,22.11
60665,304,S4,192.0,47.289,22.11
60666,304,S4,195.0,47.107,22.11
60667,304,S4,198.0,46.583,22.11
60668,304,S4,201.0,46.183,22.11
60669,304,S4,204.0,45.874,22.11
60670,304,S4,207.0,45.455,22.11
60671,304,S4,210.0,45.168,22.11
60672,304,S4,213.0,44.834,22.11
60673,304,S4,216.0,44.443,22.11
60674,304,S4,219.0,44.049,22.11
60675,304,S4,222.0,43.681,22.11
60676,304,S4,225.0,43.402,22.11
60677,304,S4,228.0,43.042,22.11
60678,304,S4,231.0,42.727,22.11
60679,304,S4,234.0,42.389,22.11
60680,304,S4,237.0,42.117,22.11
60681,304,S4,240.0,41.701,22.11
60682,304,S4,243.0,41.344,22.11
60683,304,S4,246.0,41.144,22.11
60684,304,S4,249.0,40.866,22.11
60685,304,S4,252.0,40.505,22.11
60686,304,S4,255.0,40.294,22.11
60687,304,S4,258.0,39.947,22.11
60688,304,S4,261.0,39.715,22.11
60689,304,S4,264.0,39.314,22.11
60690,304,S4,267.0,39.138,22.11
60691,304,S4,270.0,38.984,22.11
60692,304,S4,273.0,38.623,22.11
60693,304,S4,276.0,38.230,22.11
60694,304,S4,279.0,38.031,22.11
60695,304,S4,282.0,37.861,22.11
60696,304,S4,285.0,37.641,22.11
60697,304,S4,288.0,37.393,22.11
60698,304,S4,291.0,37.122,22.11
60699,304,S4,294.0,36.766,22.11
60700,304,S4,297.0,36.660,22.11
60701,304,S4,300.0,36.368,22.11
60702,304,S4,303.0,36.210,22.11
60703,304,S4,306.0,36.049,22.11
60704,304,S4,309.0,35.751,22.11
60705,304,S4,312.0,35.525,22.11
60706,304,S4,315.0,35.314,22.11
60707,304,S4,318.0,35.146,22.11
60708,304,S4,321.0,34.941,22.11
60709,304,S4,324.0,34.690,22.11
60710,304,S4,327.0,34.478,22.11
60711,304,S4,330.0,34.252,22.11
60712,304,S4,333.0,34.112,22.11
60713,304,S4,336.0,33.987,22.11
60714,304,S4,339.0,33.811,22.11
60715,304,S4,342.0,33.591,22.11
60716,304,S4,345.0,33.430,22.11
60717,304,S4,348.0,33.247,22.11
60718,304,S4,351.0,32.974,22.11
60719,304,S4,354.0,32.871,22.11
60720,304,S4,357.0,32.719,22.11
60721,304,S4,360.0,32.606,22.11
60722,304,S4,363.0,32.296,22.11
60723,304,S4,366.0,32.341,22.11
60724,304,S4,369.0,32.041,22.11
60725,304,S4,372.0,31.943,22.11
60726,304,S4,375.0,31.599,22.11
60727,304,S4,378.0,31.645,22.11
60728,304,S4,381.0,31.395,22.11
60729,304,S4,384.0,31.359,22.11
60730,304,S4,387.0,31.101,22.11
60731,304,S4,390.0,31.079,22.11
60732,304,S4,393.0,30.841,22.11
60733,304,S4,396.0,30.682,22.11
60734,304,S4,399.0,30.670,22.11
60735,304,S4,402.0,30.368,22.11
60736,304,S4,405.0,30.336,22.11
60737,304,S4,408.0,30.140,22.11
60738,304,S4,411.0,30.063,22.11
60739,304,S4,414.0,29.920,22.11
60740,304,S4,417.0,29.772,22.11
60741,304,S4,420.0,29.673,22.11
60742,304,S4,423.0,29.590,22.11
60743,304,S4,426.0,29.546,22.11
60744,304,S4,429.0,29.329,22.11
60745,304,S4,432.0,29.214,22.11
60746,304,S4,435.0,29.146,22.11
60747,304,S4,438.0,29.032,22.11
60748,304,S4,441.0,28.876,22.11
60749,304,S4,444.0,28.734,22.11
60750,304,S4,447.0,28.579,22.11
60751,304,S4,450.0,28.632,22.11
60752,304,S4,453.0,28.522,22.11
60753,304,S4,456.0,28.289,22.11
60754,304,S4,459.0,28.348,22.11
60755,304,S4,462.0,28.205,22.11
60756,304,S4,465.0,28.110,22.11
60757,304,S4,468.0,27.966,22.11
60758,304,S4,471.0,27.962,22.11
60759,304,S4,474.0,27.795,22.11
60760,304,S4,477.0,27.692,22.11
60761,304,S4,480.0,27.635,22.11
60762,304,S4,483.0,27.558,22.11
60763,304,S4,486.0,27.394,22.11
60764,304,S4,489.0,27.430,22.11
60765,304,S4,492.0,27.258,22.11
60766,304,S4,495.0,27.148,22.11
60767,304,S4,498.0,27.117,22.11
60768,304,S4,501.0,27.115,22.11
60769,304,S4,504.0,27.025,22.11
60770,304,S4,507.0,26.948,22.11
60771,304,S4,510.0,26.783,22.11
60772,304,S4,513.0,26.754,22.11
60773,304,S4,516.0,26.810,22.11
60774,304,S4,519.0,26.726,22.11
60775,304,S4,522.0,26.464,22.11
60776,304,S4,525.0,26.404,22.11
60777,304,S4,528.0,26.399,22.11
60778,304,S4,531.0,26.316,22.11
60779,304,S4,534.0,26.196,22.11
60780,304,S4,537.0,26.240,22.11
60781,304,S4,540.0,26.133,22.11
60782,304,S4,543.0,26.064,22.11
60783,304,S4,546.0,25.980,22.11
60784,304,S4,549.0,26.028,22.11
60785,304,S4,552.0,25.884,22.11
60786,304,S4,555.0,25.753,22.11
60787,304,S4,558.0,25.715,22.11
60788,304,S4,561.0,25.660,22.11
60789,304,S4,564.0,25.640,22.11
60790,304,S4,567.0,25.668,22.11
60791,304,S4,570.0,25.595,22.11
60792,304,S4,573.0,25.456,22.11
60793,304,S4,576.0,25.425,22.11
60794,304,S4,579.0,25.347,22.11
60795,304,S4,582.0,25.281,22.11
60796,304,S4,585.0,25.280,22.11
60797,304,S4,588.0,25.274,22.11
60798,304,S4,591.0,25.193,22.11
60799,304,S4,594.0,25.054,22.11
60800,304,S4,597.0,25.020,22.11
60801,305,S1,0.0,71.191,20.22
60802,305,S1,3.0,69.964,20.22
60803,305,S1,6.0,68.881,20.22
60804,305,S1,9.0,67.718,20.22
60805,305,S1,12.0,66.812,20.22
60806,305,S1,15.0,65.791,20.22
60807,305,S1,18.0,64.719,20.22
60808,305,S1,21.0,63.745,20.22
60809,305,S1,24.0,62.761,20.22
60810,305,S1,27.0,61.787,20.22
60811,305,S1,30.0,60.874,20.22
60812,305,S1,33.0,60.085,20.22
60813,305,S1,36.0,59.052,20.22
60814,305,S1,39.0,58.285,20.22
60815,305,S1,42.0,57.323,20.22
60816,305,S1,45.0,56.540,20.22
60817,305,S1,48.0,55.748,20.22
60818,305,S1,51.0,54.957,20.22
60819,305,S1,54.0,54.150,20.22
60820,305,S1,57.0,53.433,20.22
60821,305,S1,60.0,52.747,20.22
60822,305,S1,63.0,52.111,20.22
60823,305,S1,66.0,51.297,20.22
60824,305,S1,69.0,50.566,20.22
60825,305,S1,72.0,50.010,20.22
60826,305,S1,75.0,49.226,20.22
60827,305,S1,78.0,48.632,20.22
60828,305,S1,81.0,47.975,20.22
60829,305,S1,84.0,47.309,20.22
60830,305,S1,87.0,46.683,20.22
60831,305,S1,90.0,46.190,20.22
60832,305,S1,93.0,45.599,20.22
60833,305,S1,96.0,44.929,20.22
60834,305,S1,99.0,44.469,20.22
60835,305,S1,102.0,43.954,20.22
60836,305,S1,105.0,43.386,20.22
60837,305,S1,108.0,42.918,20.22
60838,305,S1,111.0,42.363,20.22
60839,305,S1,114.0,41.882,20.22
60840,305,S1,117.0,41.374,20.22
60841,305,S1,120.0,40.960,20.22
60842,305,S1,123.0,40.419,20.22
60843,305,S1,126.0,39.983,20.22
60844,305,S1,129.0,39.545,20.22
60845,305,S1,132.0,39.097,20.22
60846,305,S1,135.0,38.765,20.22
60847,305,S1,138.0,38.345,20.22
60848,305,S1,141.0,37.943,20.22
60849,305,S1,144.0,37.557,20.22
60850,305,S1,147.0,37.147,20.22
60851,305,S1,150.0,36.817,20.22
60852,305,S1,153.0,36.430,20.22
60853,305,S1,156.0,36.061,20.22
60854,305,S1,159.0,35.617,20.22
60855,305,S1,162.0,35.313,20.22
60856,305,S1,165.0,35.015,20.22
60857,305,S1,168.0,34.679,20.22
60858,305,S1,171.0,34.364,20.22
60859,305,S1,174.0,33.994,20.22
60860,305,S1,177.0,33.653,20.22
60861,305,S1,180.0,33.407,20.22
60862,305,S1,183.0,33.150,20.22
60863,305,S1,186.0,32.793,20.22
60864,305,S1,189.0,32.566,20.22
60865,305,S1,192.0,32.346,20.22
60866,305,S1,195.0,32.134,20.22
60867,305,S1,198.0,31.709,20.22
60868,305,S1,201.0,31.449,20.22
60869,305,S1,204.0,31.317,20.22
60870,305,S1,207.0,30.955,20.22
60871,305,S1,210.0,30.685,20.22
60872,305,S1,213.0,30.420,20.22
60873,305,S1,216.0,30.306,20.22
60874,305,S1,219.0,30.106,20.22
60875,305,S1,222.0,29.756,20.22
60876,305,S1,225.0,29.648,20.22
60877,305,S1,228.0,29.384,20.22
60878,305,S1,231.0,29.250,20.22
60879,305,S1,234.0,28.961,20.22
60880,305,S1,237.0,28.789,20.22
60881,305,S1,240.0,28.602,20.22
60882,305,S1,243.0,28.474,20.22
60883,305,S1,246.0,28.230,20.22
60884,305,S1,249.0,28.225,20.22
60885,305,S1,252.0,27.892,20.22
60886,305,S1,255.0,27.680,20.22
60887,305,S1,258.0,27.497,20.22
60888,305,S1,261.0,27.434,20.22
60889,305,S1,264.0,27.262,20.22
60890,305,S1,267.0,27.119,20.22
60891,305,S1,270.0,26.952,20.22
60892,305,S1,273.0,26.746,20.22
60893,305,S1,276.0,26.634,20.22
60894,305,S1,279.0,26.540,20.22
60895,305,S1,282.0,26.362,20.22
60896,305,S1,285.0,26.189,20.22
60897,305,S1,288.0,26.039,20.22
60898,305,S1,291.0,25.909,20.22
60899,305,S1,294.0,25.780,20.22
60900,305,S1,297.0,25.675,20.22
60901,305,S1,300.0,25.644,20.22
60902,305,S1,303.0,25.499,20.22
60903,305,S1,306.0,25.424,20.22
60904,305,S1,309.0,25.196,20.22
60905,305,S1,312.0,25.140,20.22
60906,305,S1,315.0,24.941,20.22
60907,305,S1,318.0,24.960,20.22
60908,305,S1,321.0,24.810,20.22
60909,305,S1,324.0,24.799,20.22
60910,305,S1,327.0,24.597,20.22
60911,305,S1,330.0,24.503,20.22
60912,305,S1,333.0,24.314,20.22
60913,305,S1,336.0,24.329,20.22
60914,305,S1,339.0,24.166,20.22
60915,305,S1,342.0,24.094,20.22
60916,305,S1,345.0,24.042,20.22
60917,305,S1,348.0,23.953,20.22
60918,305,S1,351.0,23.864,20.22
60919,305,S1,354.0,23.830,20.22
60920,305,S1,357.0,23.690,20.22
60921,305,S1,360.0,23.674,20.22
60922,305,S1,363.0,23.534,20.22
60923,305,S1,366.0,23.529,20.22
60924,305,S1,369.0,23.483,20.22
60925,305,S1,372.0,23.390,20.22
60926,305,S1,375.0,23.204,20.22
60927,305,S1,378.0,23.155,20.22
60928,305,S1,381.0,23.142,20.22
60929,305,S1,384.0,23.068,20.22
60930,305,S1,387.0,22.986,20.22
60931,305,S1,390.0,22.952,20.22
60932,305,S1,393.0,22.855,20.22
60933,305,S1,396.0,22.824,20.22
60934,305,S1,399.0,22.774,20.22
60935,305,S1,402.0,22.672,20.22
60936,305,S1,405.0,22.599,20.22
60937,305,S1,408.0,22.674,20.22
60938,305,S1,411.0,22.595,20.22
60939,305,S1,414.0,22.469,20.22
60940,305,S1,417.0,22.426,20.22
60941,305,S1,420.0,22.321,20.22
60942,305,S1,423.0,22.358,20.22
60943,305,S1,426.0,22.211,20.22
60944,305,S1,429.0,22.337,20.22
60945,305,S1,432.0,22.157,20.22
60946,305,S1,435.0,22.131,20.22
60947,305,S1,438.0,22.116,20.22
60948,305,S1,441.0,22.190,20.22
60949,305,S1,444.0,22.084,20.22
60950,305,S1,447.0,22.028,20.22
60951,305,S1,450.0,21.902,20.22
60952,305,S1,453.0,22.009,20.22
60953,305,S1,456.0,21.906,20.22
60954,305,S1,459.0,21.788,20.22
60955,305,S1,462.0,21.812,20.22
60956,305,S1,465.0,21.785,20.22
60957,305,S1,468.0,21.717,20.22
60958,305,S1,471.0,21.796,20.22
60959,305,S1,474.0,21.643,20.22
60960,305,S1,477.0,21.678,20.22
60961,305,S1,480.0,21.607,20.22
60962,305,S1,483.0,21.609,20.22
60963,305,S1,486.0,21.610,20.22
60964,305,S1,489.0,21.527,20.22
60965,305,S1,492.0,21.369,20.22
60966,305,S1,495.0,21.486,20.22
60967,305,S1,498.0,21.522,20.22
60968,305,S1,501.0,21.408,20.22
60969,305,S1,504.0,21.331,20.22
60970,305,S1,507.0,21.308,20.22
60971,305,S1,510.0,21.277,20.22
60972,305,S1,513.0,21.286,20.22
60973,305,S1,516.0,21.294,20.22
60974,305,S1,519.0,21.340,20.22
60975,305,S1,522.0,21.177,20.22
60976,305,S1,525.0,21.120,20.22
60977,305,S1,528.0,21.098,20.22
60978,305,S1,531.0,21.206,20.22
60979,305,S1,534.0,20.975,20.22
60980,305,S1,537.0,21.195,20.22
60981,305,S1,540.0,21.149,20.22
60982,305,S1,543.0,21.126,20.22
60983,305,S1,546.0,21.038,20.22
60984,305,S1,549.0,20.896,20.22
60985,305,S1,552.0,21.096,20.22
60986,305,S1,555.0,21.032,20.22
60987,305,S1,558.0,21.056,20.22
60988,305,S1,561.0,20.949,20.22
60989,305,S1,564.0,20.954,20.22
60990,305,S1,567.0,20.859,20.22
60991,305,S1,570.0,20.943,20.22
60992,305,S1,573.0,20.929,20.22
60993,305,S1,576.0,20.804,20.22
60994,305,S1,579.0,20.813,20.22
60995,305,S1,582.0,20.970,20.22
60996,305,S1,585.0,20.881,20.22
60997,305,S1,588.0,20.859,20.22
60998,305,S1,591.0,20.875,20.22
60999,305,S1,594.0,20.796,20.22
61000,305,S1,597.0,20.798,20.22
61001,306,S2,0.0,81.690,21.15
61002,306,S2,3.0,80.553,21.15
61003,306,S2,6.0,79.323,21.15
61004,306,S2,9.0,78.052,21.15
61005,306,S2,12.0,76.877,21.15
61006,306,S2,15.0,75.805,21.15
61007,306,S2,18.0,74.574,21.15
61008,306,S2,21.0,73.635,21.15
61009,306,S2,24.0,72.607,21.15
61010,306,S2,27.0,71.429,21.15
61011,306,S2,30.0,70.384,21.15
61012,306,S2,33.0,69.361,21.15
61013,306,S2,36.0,68.418,21.15
61014,306,S2,39.0,67.477,21.15
61015,306,S2,42.0,66.459,21.15
61016,306,S2,45.0,65.673,21.15
61017,306,S2,48.0,64.745,21.15
61018,306,S2,51.0,63.733,21.15
61019,306,S2,54.0,62.876,21.15
61020,306,S2,57.0,61.986,21.15
61021,306,S2,60.0,61.277,21.15
61022,306,S2,63.0,60.459,21.15
61023,306,S2,66.0,59.576,21.15
61024,306,S2,69.0,58.821,21.15
61025,306,S2,72.0,58.046,21.15
61026,306,S2,75.0,57.175,21.15
61027,306,S2,78.0,56.558,21.15
61028,306,S2,81.0,55.866,21.15
61029,306,S2,84.0,55.132,21.15
61030,306,S2,87.0,54.412,21.15
61031,306,S2,90.0,53.756,21.15
61032,306,S2,93.0,53.073,21.15
61033,306,S2,96.0,52.451,21.15
61034,306,S2,99.0,51.772,21.15
61035,306,S2,102.0,51.132,21.15
61036,306,S2,105.0,50.582,21.15
61037,306,S2,108.0,49.955,21.15
61038,306,S2,111.0,49.394,21.15
61039,306,S2,114.0,48.768,21.15
61040,306,S2,117.0,48.321,21.15
61041,306,S2,120.0,47.589,21.15
61042,306,S2,123.0,47.109,21.15
61043,306,S2,126.0,46.693,21.15
61044,306,S2,129.0,46.205,21.15
61045,306,S2,132.0,45.527,21.15
61046,306,S2,135.0,45.098,21.15
61047,306,S2,138.0,44.511,21.15
61048,306,S2,141.0,44.070,21.15
61049,306,S2,144.0,43.726,21.15
61050,306,S2,147.0,43.202,21.15
61051,306,S2,150.0,42.701,21.15
61052,306,S2,153.0,42.239,21.15
61053,306,S2,156.0,41.772,21.15
61054,306,S2,159.0,41.436,21.15
61055,306,S2,162.0,40.997,21.15
61056,306,S2,165.0,40.652,21.15
61057,306,S2,168.0,40.238,21.15
61058,306,S2,171.0,39.745,21.15
61059,306,S2,174.0,39.380,21.15
61060,306,S2,177.0,38.911,21.15
61061,306,S2,180.0,38.692,21.15
61062,306,S2,183.0,38.356,21.15
61063,306,S2,186.0,37.885,21.15
61064,306,S2,189.0,37.567,21.15
61065,306,S2,192.0,37.356,21.15
61066,306,S2,195.0,36.982,21.15
61067,306,S2,198.0,36.686,21.15
61068,306,S2,201.0,36.368,21.15
61069,306,S2,204.0,35.990,21.15
61070,306,S2,207.0,35.737,21.15
61071,306,S2,210.0,35.384,21.15
61072,306,S2,213.0,35.191,21.15
61073,306,S2,216.0,34.817,21.15
61074,306,S2,219.0,34.543,21.15
61075,306,S2,222.0,34.302,21.15
61076,306,S2,225.0,33.942,21.15
61077,306,S2,228.0,33.843,21.15
61078,306,S2,231.0,33.477,21.15
61079,306,S2,234.0,33.206,21.15
61080,306,S2,237.0,33.049,21.15
61081,306,S2,240.0,32.739,21.15
61082,306,S2,243.0,32.525,21.15
61083,306,S2,246.0,32.262,21.15
61084,306,S2,249.0,32.006,21.15
61085,306,S2,252.0,31.785,21.15
61086,306,S2,255.0,31.625,21.15
61087,306,S2,258.0,31.392,21.15
61088,306,S2,261.0,31.247,21.15
61089,306,S2,264.0,30.985,21.15
61090,306,S2,267.0,30.814,21.15
61091,306,S2,270.0,30.519,21.15
61092,306,S2,273.0,30.384,21.15
61093,306,S2,276.0,30.185,21.15
61094,306,S2,279.0,30.022,21.15
61095,306,S2,282.0,29.804,21.15
61096,306,S2,285.0,29.676,21.15
61097,306,S2,288.0,29.527,21.15
61098,306,S2,291.0,29.347,21.15
61099,306,S2,294.0,29.117,21.15
61100,306,S2,297.0,28.915,21.15
61101,306,S2,300.0,28.814,21.15
61102,306,S2,303.0,28.541,21.15
61103,306,S2,306.0,28.524,21.15
61104,306,S2,309.0,28.371,21.15
61105,306,S2,312.0,28.214,21.15
61106,306,S2,315.0,28.067,21.15
61107,306,S2,318.0,27.964,21.15
61108,306,S2,321.0,27.712,21.15
61109,306,S2,324.0,27.664,21.15
61110,306,S2,327.0,27.569,21.15
61111,306,S2,330.0,27.415,21.15
61112,306,S2,333.0,27.286,21.15
61113,306,S2,336.0,27.076,21.15
61114,306,S2,339.0,26.992,21.15
61115,306,S2,342.0,26.835,21.15
61116,306,S2,345.0,26.806,21.15
61117,306,S2,348.0,26.713,21.15
61118,306,S2,351.0,26.564,21.15
61119,306,S2,354.0,26.483,21.15
61120,306,S2,357.0,26.328,21.15
61121,306,S2,360.0,26.207,21.15
61122,306,S2,363.0,26.199,21.15
61123,306,S2,366.0,25.983,21.15
61124,306,S2,369.0,25.964,21.15
61125,306,S2,372.0,25.725,21.15
61126,306,S2,375.0,25.708,21.15
61127,306,S2,378.0,25.712,21.15
61128,306,S2,381.0,25.509,21.15
61129,306,S2,384.0,25.449,21.15
61130,306,S2,387.0,25.315,21.15
61131,306,S2,390.0,25.334,21.15
61132,306,S2,393.0,25.234,21.15
61133,306,S2,396.0,25.089,21.15
61134,306,S2,399.0,25.024,21.15
61135,306,S2,402.0,24.883,21.15
61136,306,S2,405.0,24.831,21.15
61137,306,S2,408.0,24.741,21.15
61138,306,S2,411.0,24.811,21.15
61139,306,S2,414.0,24.647,21.15
61140,306,S2,417.0,24.536,21.15
61141,306,S2,420.0,24.579,21.15
61142,306,S2,423.0,24.551,21.15
61143,306,S2,426.0,24.501,21.15
61144,306,S2,429.0,24.241,21.15
61145,306,S2,432.0,24.258,21.15
61146,306,S2,435.0,24.122,21.15
61147,306,S2,438.0,24.053,21.15
61148,306,S2,441.0,24.100,21.15
61149,306,S2,444.0,23.940,21.15
61150,306,S2,447.0,23.889,21.15
61151,306,S2,450.0,23.904,21.15
61152,306,S2,453.0,23.823,21.15
61153,306,S2,456.0,23.763,21.15
61154,306,S2,459.0,23.700,21.15
61155,306,S2,462.0,23.739,21.15
61156,306,S2,465.0,23.697,21.15
61157,306,S2,468.0,23.567,21.15
61158,306,S2,471.0,23.547,21.15
61159,306,S2,474.0,23.430,21.15
61160,306,S2,477.0,23.320,21.15
61161,306,S2,480.0,23.371,21.15
61162,306,S2,483.0,23.254,21.15
61163,306,S2,486.0,23.313,21.15
61164,306,S2,489.0,23.304,21.15
61165,306,S2,492.0,23.231,21.15
61166,306,S2,495.0,23.208,21.15
61167,306,S2,498.0,23.175,21.15
61168,306,S2,501.0,23.025,21.15
61169,306,S2,504.0,23.031,21.15
61170,306,S2,507.0,22.952,21.15
61171,306,S2,510.0,22.912,21.15
61172,306,S2,513.0,22.932,21.15
61173,306,S2,516.0,22.870,21.15
61174,306,S2,519.0,22.907,21.15
61175,306,S2,522.0,22.851,21.15
61176,306,S2,525.0,22.790,21.15
61177,306,S2,528.0,22.794,21.15
61178,306,S2,531.0,22.633,21.15
61179,306,S2,534.0,22.742,21.15
61180,306,S2,537.0,22.644,21.15
61181,306,S2,540.0,22.637,21.15
61182,306,S2,543.0,22.558,21.15
61183,306,S2,546.0,22.495,21.15
61184,306,S2,549.0,22.581,21.15
61185,306,S2,552.0,22.508,21.15
61186,306,S2,555.0,22.525,21.15
61187,306,S2,558.0,22.444,21.15
61188,306,S2,561.0,22.396,21.15
61189,306,S2,564.0,22.383,21.15
61190,306,S2,567.0,22.410,21.15
61191,306,S2,570.0,22.367,21.15
61192,306,S2,573.0,22.387,21.15
61193,306,S2,576.0,22.380,21.15
61194,306,S2,579.0,22.321,21.15
61195,306,S2,582.0,22.275,21.15
61196,306,S2,585.0,22.266,21.15
61197,306,S2,588.0,22.235,21.15
61198,306,S2,591.0,22.231,21.15
61199,306,S2,594.0,22.157,21.15
61200,306,S2,597.0,22.091,21.15
61201,307,S3,0.0,93.094,20.34
61202,307,S3,3.0,91.966,20.34
61203,307,S3,6.0,90.696,20.34
61204,307,S3,9.0,89.344,20.34
61205,307,S3,12.0,88.272,20.34
61206,307,S3,15.0,87.114,20.34
61207,307,S3,18.0,85.929,20.34
61208,307,S3,21.0,84.811,20.34
61209,307,S3,24.0,83.683,20.34
61210,307,S3,27.0,82.586,20.34
61211,307,S3,30.0,81.517,20.34
61212,307,S3,33.0,80.388,20.34
61213,307,S3,36.0,79.399,20.34
61214,307,S3,39.0,78.296,20.34
61215,307,S3,42.0,77.364,20.34
61216,307,S3,45.0,76.319,20.34
61217,307,S3,48.0,75.428,20.34
61218,307,S3,51.0,74.462,20.34
61219,307,S3,54.0,73.538,20.34
61220,307,S3,57.0,72.646,20.34
61221,307,S3,60.0,71.612,20.34
61222,307,S3,63.0,70.827,20.34
61223,307,S3,66.0,69.855,20.34
61224,307,S3,69.0,69.026,20.34
61225,307,S3,72.0,68.219,20.34
61226,307,S3,75.0,67.406,20.34
61227,307,S3,78.0,66.590,20.34
61228,307,S3,81.0,65.792,20.34
61229,307,S3,84.0,64.919,20.34
61230,307,S3,87.0,64.160,20.34
61231,307,S3,90.0,63.375,20.34
61232,307,S3,93.0,62.624,20.34
61233,307,S3,96.0,61.963,20.34
61234,307,S3,99.0,61.252,20.34
61235,307,S3,102.0,60.571,20.34
61236,307,S3,105.0,59.808,20.34
61237,307,S3,108.0,59.194,20.34
61238,307,S3,111.0,58.583,20.34
61239,307,S3,114.0,57.885,20.34
61240,307,S3,117.0,57.314,20.34
61241,307,S3,120.0,56.612,20.34
61242,307,S3,123.0,55.876,20.34
61243,307,S3,126.0,55.346,20.34
61244,307,S3,129.0,54.648,20.34
61245,307,S3,132.0,54.066,20.34
61246,307,S3,135.0,53.444,20.34
61247,307,S3,138.0,52.964,20.34
61248,307,S3,141.0,52.329,20.34
61249,307,S3,144.0,51.828,20.34
61250,307,S3,147.0,51.313,20.34
61251,307,S3,150.0,50.760,20.34
61252,307,S3,153.0,50.167,20.34
61253,307,S3,156.0,49.629,20.34
61254,307,S3,159.0,49.157,20.34
61255,307,S3,162.0,48.669,20.34
61256,307,S3,165.0,48.238,20.34
61257,307,S3,168.0,47.704,20.34
61258,307,S3,171.0,47.240,20.34
61259,307,S3,174.0,46.713,20.34
61260,307,S3,177.0,46.326,20.34
61261,307,S3,180.0,45.875,20.34
61262,307,S3,183.0,45.418,20.34
61263,307,S3,186.0,45.062,20.34
61264,307,S3,189.0,44.573,20.34
61265,307,S3,192.0,44.153,20.34
61266,307,S3,195.0,43.806,20.34
61267,307,S3,198.0,43.294,20.34
61268,307,S3,201.0,42.906,20.34
61269,307,S3,204.0,42.436,20.34
61270,307,S3,207.0,42.069,20.34
61271,307,S3,210.0,41.776,20.34
61272,307,S3,213.0,41.406,20.34
61273,307,S3,216.0,41.099,20.34
61274,307,S3,219.0,40.706,20.34
61275,307,S3,222.0,40.277,20.34
61276,307,S3,225.0,39.956,20.34
61277,307,S3,228.0,39.558,20.34
61278,307,S3,231.0,39.235,20.34
61279,307,S3,234.0,39.046,20.34
61280,307,S3,237.0,38.687,20.34
61281,307,S3,240.0,38.317,20.34
61282,307,S3,243.0,38.058,20.34
61283,307,S3,246.0,37.714,20.34
61284,307,S3,249.0,37.390,20.34
61285,307,S3,252.0,37.148,20.34
61286,307,S3,255.0,36.901,20.34
61287,307,S3,258.0,36.564,20.34
61288,307,S3,261.0,36.342,20.34
61289,307,S3,264.0,35.969,20.34
61290,307,S3,267.0,35.697,20.34
61291,307,S3,270.0,35.465,20.34
61292,307,S3,273.0,35.157,20.34
61293,307,S3,276.0,34.909,20.34
61294,307,S3,279.0,34.731,20.34
61295,307,S3,282.0,34.422,20.34
61296,307,S3,285.0,34.168,20.34
61297,307,S3,288.0,33.933,20.34
61298,307,S3,291.0,33.715,20.34
61299,307,S3,294.0,33.510,20.34
61300,307,S3,297.0,33.211,20.34
61301,307,S3,300.0,33.096,20.34
61302,307,S3,303.0,32.858,20.34
61303,307,S3,306.0,32.634,20.34
61304,307,S3,309.0,32.407,20.34
61305,307,S3,312.0,32.178,20.34
61306,307,S3,315.0,31.986,20.34
61307,307,S3,318.0,31.739,20.34
61308,307,S3,321.0,31.519,20.34
61309,307,S3,324.0,31.370,20.34
61310,307,S3,327.0,31.224,20.34
61311,307,S3,330.0,31.020,20.34
61312,307,S3,333.0,30.810,20.34
61313,307,S3,336.0,30.631,20.34
61314,307,S3,339.0,30.470,20.34
61315,307,S3,342.0,30.324,20.34
61316,307,S3,345.0,30.076,20.34
61317,307,S3,348.0,30.005,20.34
61318,307,S3,351.0,29.808,20.34
61319,307,S3,354.0,29.625,20.34
61320,307,S3,357.0,29.453,20.34
61321,307,S3,360.0,29.303,20.34
61322,307,S3,363.0,29.139,20.34
61323,307,S3,366.0,29.012,20.34
61324,307,S3,369.0,28.835,20.34
61325,307,S3,372.0,28.679,20.34
61326,307,S3,375.0,28.477,20.34
61327,307,S3,378.0,28.376,20.34
61328,307,S3,381.0,28.299,20.34
61329,307,S3,384.0,28.185,20.34
61330,307,S3,387.0,27.981,20.34
61331,307,S3,390.0,27.871,20.34
61332,307,S3,393.0,27.797,20.34
61333,307,S3,396.0,27.475,20.34
61334,307,S3,399.0,27.488,20.34
61335,307,S3,402.0,27.333,20.34
61336,307,S3,405.0,27.230,20.34
61337,307,S3,408.0,27.070,20.34
61338,307,S3,411.0,27.024,20.34
61339,307,S3,414.0,26.855,20.34
61340,307,S3,417.0,26.755,20.34
61341,307,S3,420.0,26.534,20.34
61342,307,S3,423.0,26.502,20.34
61343,307,S3,426.0,26.388,20.34
61344,307,S3,429.0,26.385,20.34
61345,307,S3,432.0,26.174,20.34
61346,307,S3,435.0,26.073,20.34
61347,307,S3,438.0,26.025,20.34
61348,307,S3,441.0,26.006,20.34
61349,307,S3,444.0,25.848,20.34
61350,307,S3,447.0,25.767,20.34
61351,307,S3,450.0,25.637,20.34
61352,307,S3,453.0,25.534,20.34
61353,307,S3,456.0,25.438,20.34
61354,307,S3,459.0,25.429,20.34
61355,307,S3,462.0,25.307,20.34
61356,307,S3,465.0,25.114,20.34
61357,307,S3,468.0,25.005,20.34
61358,307,S3,471.0,25.065,20.34
61359,307,S3,474.0,24.905,20.34
61360,307,S3,477.0,24.921,20.34
61361,307,S3,480.0,24.797,20.34
61362,307,S3,483.0,24.695,20.34
61363,307,S3,486.0,24.612,20.34
61364,307,S3,489.0,24.394,20.34
61365,307,S3,492.0,24.449,20.34
61366,307,S3,495.0,24.384,20.34
61367,307,S3,498.0,24.368,20.34
61368,307,S3,501.0,24.239,20.34
61369,307,S3,504.0,24.244,20.34
61370,307,S3,507.0,24.186,20.34
61371,307,S3,510.0,24.150,20.34
61372,307,S3,513.0,24.002,20.34
61373,307,S3,516.0,23.926,20.34
61374,307,S3,519.0,23.871,20.34
61375,307,S3,522.0,23.740,20.34
61376,307,S3,525.0,23.718,20.34
61377,307,S3,528.0,23.675,20.34
61378,307,S3,531.0,23.661,20.34
61379,307,S3,534.0,23.486,20.34
61380,307,S3,537.0,23.514,20.34
61381,307,S3,540.0,23.413,20.34
61382,307,S3,543.0,23.383,20.34
61383,307,S3,546.0,23.424,20.34
61384,307,S3,549.0,23.364,20.34
61385,307,S3,552.0,23.208,20.34
61386,307,S3,555.0,23.248,20.34
61387,307,S3,558.0,23.208,20.34
61388,307,S3,561.0,23.113,20.34
61389,307,S3,564.0,22.955,20.34
61390,307,S3,567.0,23.042,20.34
61391,307,S3,570.0,22.954,20.34
61392,307,S3,573.0,22.977,20.34
61393,307,S3,576.0,22.882,20.34
61394,307,S3,579.0,22.770,20.34
61395,307,S3,582.0,22.710,20.34
61396,307,S3,585.0,22.685,20.34
61397,307,S3,588.0,22.734,20.34
61398,307,S3,591.0,22.675,20.34
61399,307,S3,594.0,22.551,20.34
61400,307,S3,597.0,22.569,20.34
61401,308,S4,0.0,80.353,22.44
61402,308,S4,3.0,79.573,22.44
61403,308,S4,6.0,78.642,22.44
61404,308,S4,9.0,77.790,22.44
61405,308,S4,12.0,76.998,22.44
61406,308,S4,15.0,76.202,22.44
61407,308,S4,18.0,75.363,22.44
61408,308,S4,21.0,74.556,22.44
61409,308,S4,24.0,73.862,22.44
61410,308,S4,27.0,73.088,22.44
61411,308,S4,30.0,72.365,22.44
61412,308,S4,33.0,71.663,22.44
61413,308,S4,36.0,70.843,22.44
61414,308,S4,39.0,70.061,22.44
61415,308,S4,42.0,69.499,22.44
61416,308,S4,45.0,68.687,22.44
61417,308,S4,48.0,68.071,22.44
61418,308,S4,51.0,67.333,22.44
61419,308,S4,54.0,66.641,22.44
61420,308,S4,57.0,66.029,22.44
61421,308,S4,60.0,65.431,22.44
61422,308,S4,63.0,64.689,22.44
61423,308,S4,66.0,64.028,22.44
61424,308,S4,69.0,63.428,22.44
61425,308,S4,72.0,62.879,22.44
61426,308,S4,75.0,62.257,22.44
61427,308,S4,78.0,61.602,22.44
61428,308,S4,81.0,61.015,22.44
61429,308,S4,84.0,60.456,22.44
61430,308,S4,87.0,60.024,22.44
61431,308,S4,90.0,59.358,22.44
61432,308,S4,93.0,58.749,22.44
61433,308,S4,96.0,58.292,22.44
61434,308,S4,99.0,57.774,22.44
61435,308,S4,102.0,57.203,22.44
61436,308,S4,105.0,56.747,22.44
61437,308,S4,108.0,56.229,22.44
61438,308,S4,111.0,55.645,22.44
61439,308,S4,114.0,55.172,22.44
61440,308,S4,117.0,54.704,22.44
61441,308,S4,120.0,54.283,22.44
61442,308,S4,123.0,53.649,22.44
61443,308,S4,126.0,53.235,22.44
61444,308,S4,129.0,52.797,22.44
61445,308,S4,132.0,52.404,22.44
61446,308,S4,135.0,51.952,22.44
61447,308,S4,138.0,51.580,22.44
61448,308,S4,141.0,50.953,22.44
61449,308,S4,144.0,50.597,22.44
61450,308,S4,147.0,50.131,22.44
61451,308,S4,150.0,49.727,22.44
61452,308,S4,153.0,49.325,22.44
61453,308,S4,156.0,48.978,22.44
61454,308,S4,159.0,48.551,22.44
61455,308,S4,162.0,48.150,22.44
61456,308,S4,165.0,47.740,22.44
61457,308,S4,168.0,47.450,22.44
61458,308,S4,171.0,47.033,22.44
61459,308,S4,174.0,46.761,22.44
61460,308,S4,177.0,46.285,22.44
61461,308,S4,180.0,46.021,22.44
61462,308,S4,183.0,45.628,22.44
61463,308,S4,186.0,45.125,22.44
61464,308,S4,189.0,44.924,22.44
61465,308,S4,192.0,44.596,22.44
61466,308,S4,195.0,44.324,22.44
61467,308,S4,198.0,43.977,22.44
61468,308,S4,201.0,43.556,22.44
61469,308,S4,204.0,43.269,22.44
61470,308,S4,207.0,43.035,22.44
61471,308,S4,210.0,42.619,22.44
61472,308,S4,213.0,42.349,22.44
61473,308,S4,216.0,42.026,22.44
61474,308,S4,219.0,41.821,22.44
61475,308,S4,222.0,41.445,22.44
61476,308,S4,225.0,41.118,22.44
61477,308,S4,228.0,41.024,22.44
61478,308,S4,231.0,40.684,22.44
61479,308,S4,234.0,40.324,22.44
61480,308,S4,237.0,40.037,22.44
61481,308,S4,240.0,39.840,22.44
61482,308,S4,243.0,39.617,22.44
61483,308,S4,246.0,39.316,22.44
61484,308,S4,249.0,39.084,22.44
61485,308,S4,252.0,38.905,22.44
61486,308,S4,255.0,38.611,22.44
61487,308,S4,258.0,38.326,22.44
61488,308,S4,261.0,38.152,22.44
61489,308,S4,264.0,37.786,22.44
61490,308,S4,267.0,37.753,22.44
61491,308,S4,270.0,37.367,22.44
61492,308,S4,273.0,37.186,22.44
61493,308,S4,276.0,36.977,22.44
61494,308,S4,279.0,36.748,22.44
61495,308,S4,282.0,36.576,22.44
61496,308,S4,285.0,36.311,22.44
61497,308,S4,288.0,36.233,22.44
61498,308,S4,291.0,35.959,22.44
61499,308,S4,294.0,35.781,22.44
61500,308,S4,297.0,35.584,22.44
61501,308,S4,300.0,35.410,22.44
61502,308,S4,303.0,35.116,22.44
61503,308,S4,306.0,34.962,22.44
61504,308,S4,309.0,34.779,22.44
61505,308,S4,312.0,34.514,22.44
61506,308,S4,315.0,34.377,22.44
61507,308,S4,318.0,34.124,22.44
61508,308,S4,321.0,33.990,22.44
61509,308,S4,324.0,33.878,22.44
61510,308,S4,327.0,33.755,22.44
61511,308,S4,330.0,33.566,22.44
61512,308,S4,333.0,33.326,22.44
61513,308,S4,336.0,33.241,22.44
61514,308,S4,339.0,33.058,22.44
61515,308,S4,342.0,32.822,22.44
61516,308,S4,345.0,32.672,22.44
61517,308,S4,348.0,32.572,22.44
61518,308,S4,351.0,32.404,22.44
61519,308,S4,354.0,32.323,22.44
61520,308,S4,357.0,32.186,22.44
61521,308,S4,360.0,31.971,22.44
61522,308,S4,363.0,31.787,22.44
61523,308,S4,366.0,31.624,22.44
61524,308,S4,369.0,31.571,22.44
61525,308,S4,372.0,31.429,22.44
61526,308,S4,375.0,31.257,22.44
61527,308,S4,378.0,31.173,22.44
61528,308,S4,381.0,31.056,22.44
61529,308,S4,384.0,30.910,22.44
61530,308,S4,387.0,30.799,22.44
61531,308,S4,390.0,30.658,22.44
61532,308,S4,393.0,30.615,22.44
61533,308,S4,396.0,30.531,22.44
61534,308,S4,399.0,30.251,22.44
61535,308,S4,402.0,30.201,22.44
61536,308,S4,405.0,30.015,22.44
61537,308,S4,408.0,30.024,22.44
61538,308,S4,411.0,29.795,22.44
61539,308,S4,414.0,29.683,22.44
61540,308,S4,417.0,29.676,22.44
61541,308,S4,420.0,29.406,22.44
61542,308,S4,423.0,29.446,22.44
61543,308,S4,426.0,29.389,22.44
61544,308,S4,429.0,29.208,22.44
61545,308,S4,432.0,29.057,22.44
61546,308,S4,435.0,29.044,22.44
61547,308,S4,438.0,28.905,22.44
61548,308,S4,441.0,28.811,22.44
61549,308,S4,444.0,28.805,22.44
61550,308,S4,447.0,28.627,22.44
61551,308,S4,450.0,28.649,22.44
61552,308,S4,453.0,28.451,22.44
61553,308,S4,456.0,28.326,22.44
61554,308,S4,459.0,28.215,22.44
61555,308,S4,462.0,28.168,22.44
61556,308,S4,465.0,28.093,22.44
61557,308,S4,468.0,27.996,22.44
61558,308,S4,471.0,27.923,22.44
61559,308,S4,474.0,27.789,22.44
61560,308,S4,477.0,27.763,22.44
61561,308,S4,480.0,27.673,22.44
61562,308,S4,483.0,27.585,22.44
61563,308,S4,486.0,27.543,22.44
61564,308,S4,489.0,27.425,22.44
61565,308,S4,492.0,27.351,22.44
61566,308,S4,495.0,27.327,22.44
61567,308,S4,498.0,27.244,22.44
61568,308,S4,501.0,27.183,22.44
61569,308,S4,504.0,27.076,22.44
61570,308,S4,507.0,27.058,22.44
61571,308,S4,510.0,26.926,22.44
61572,308,S4,513.0,26.897,22.44
61573,308,S4,516.0,26.691,22.44
61574,308,S4,519.0,26.716,22.44
61575,308,S4,522.0,26.715,22.44
61576,308,S4,525.0,26.660,22.44
61577,308,S4,528.0,26.477,22.44
61578,308,S4,531.0,26.473,22.44
61579,308,S4,534.0,26.404,22.44
61580,308,S4,537.0,26.339,22.44
61581,308,S4,540.0,26.371,22.44
61582,308,S4,543.0,26.303,22.44
61583,308,S4,546.0,26.268,22.44
61584,308,S4,549.0,26.105,22.44
61585,308,S4,552.0,26.063,22.44
61586,308,S4,555.0,26.130,22.44
61587,308,S4,558.0,25.992,22.44
61588,308,S4,561.0,25.911,22.44
61589,308,S4,564.0,25.878,22.44
61590,308,S4,567.0,25.753,22.44
61591,308,S4,570.0,25.790,22.44
61592,308,S4,573.0,25.709,22.44
61593,308,S4,576.0,25.718,22.44
61594,308,S4,579.0,25.619,22.44
61595,308,S4,582.0,25.560,22.44
61596,308,S4,585.0,25.482,22.44
61597,308,S4,588.0,25.405,22.44
61598,308,S4,591.0,25.412,22.44
61599,308,S4,594.0,25.333,22.44
61600,308,S4,597.0,25.399,22.44
61601,309,S1,0.0,81.277,22.12
61602,309,S1,3.0,80.537,22.12
61603,309,S1,6.0,79.756,22.12
61604,309,S1,9.0,78.925,22.12
61605,309,S1,12.0,78.200,22.12
61606,309,S1,15.0,77.373,22.12
61607,309,S1,18.0,76.682,22.12
61608,309,S1,21.0,75.939,22.12
61609,309,S1,24.0,75.207,22.12
61610,309,S1,27.0,74.426,22.12
61611,309,S1,30.0,73.825,22.12
61612,309,S1,33.0,73.141,22.12
61613,309,S1,36.0,72.369,22.12
61614,309,S1,39.0,71.659,22.12
61615,309,S1,42.0,71.036,22.12
61616,309,S1,45.0,70.321,22.12
61617,309,S1,48.0,69.723,22.12
61618,309,S1,51.0,69.080,22.12
61619,309,S1,54.0,68.561,22.12
61620,309,S1,57.0,67.727,22.12
61621,309,S1,60.0,67.265,22.12
61622,309,S1,63.0,66.591,22.12
61623,309,S1,66.0,65.959,22.12
61624,309,S1,69.0,65.415,22.12
61625,309,S1,72.0,64.860,22.12
61626,309,S1,75.0,64.282,22.12
61627,309,S1,78.0,63.651,22.12
61628,309,S1,81.0,63.050,22.12
61629,309,S1,84.0,62.524,22.12
61630,309,S1,87.0,61.879,22.12
61631,309,S1,90.0,61.418,22.12
61632,309,S1,93.0,60.940,22.12
61633,309,S1,96.0,60.360,22.12
61634,309,S1,99.0,59.787,22.12
61635,309,S1,102.0,59.283,22.12
61636,309,S1,105.0,58.858,22.12
61637,309,S1,108.0,58.393,22.12
61638,309,S1,111.0,57.871,22.12
61639,309,S1,114.0,57.326,22.12
61640,309,S1,117.0,56.896,22.12
61641,309,S1,120.0,56.522,22.12
61642,309,S1,123.0,55.880,22.12
61643,309,S1,126.0,55.600,22.12
61644,309,S1,129.0,55.026,22.12
61645,309,S1,132.0,54.657,22.12
61646,309,S1,135.0,54.154,22.12
61647,309,S1,138.0,53.708,22.12
61648,309,S1,141.0,53.292,22.12
61649,309,S1,144.0,52.806,22.12
61650,309,S1,147.0,52.532,22.12
61651,309,S1,150.0,52.088,22.12
61652,309,S1,153.0,51.596,22.12
61653,309,S1,156.0,51.316,22.12
61654,309,S1,159.0,50.903,22.12
61655,309,S1,162.0,50.504,22.12
61656,309,S1,165.0,50.212,22.12
61657,309,S1,168.0,49.802,22.12
61658,309,S1,171.0,49.298,22.12
61659,309,S1,174.0,48.981,22.12
61660,309,S1,177.0,48.750,22.12
61661,309,S1,180.0,48.159,22.12
61662,309,S1,183.0,47.946,22.12
61663,309,S1,186.0,47.579,22.12
61664,309,S1,189.0,47.281,22.12
61665,309,S1,192.0,46.704,22.12
61666,309,S1,195.0,46.503,22.12
61667,309,S1,198.0,46.197,22.12
61668,309,S1,201.0,45.873,22.12
61669,309,S1,204.0,45.496,22.12
61670,309,S1,207.0,45.293,22.12
61671,309,S1,210.0,44.902,22.12
61672,309,S1,213.0,44.557,22.12
61673,309,S1,216.0,44.330,22.12
61674,309,S1,219.0,44.137,22.12
61675,309,S1,222.0,43.689,22.12
61676,309,S1,225.0,43.363,22.12
61677,309,S1,228.0,43.194,22.12
61678,309,S1,231.0,42.711,22.12
61679,309,S1,234.0,42.541,22.12
61680,309,S1,237.0,42.281,22.12
61681,309,S1,240.0,42.001,22.12
61682,309,S1,243.0,41.771,22.12
61683,309,S1,246.0,41.451,22.12
61684,309,S1,249.0,41.267,22.12
61685,309,S1,252.0,40.921,22.12
61686,309,S1,255.0,40.754,22.12
61687,309,S1,258.0,40.485,22.12
61688,309,S1,261.0,40.275,22.12
61689,309,S1,264.0,39.985,22.12
61690,309,S1,267.0,39.675,22.12
61691,309,S1,270.0,39.521,22.12
61692,309,S1,273.0,39.237,22.12
61693,309,S1,276.0,39.068,22.12
61694,309,S1,279.0,38.750,22.12
61695,309,S1,282.0,38.561,22.12
61696,309,S1,285.0,38.320,22.12
61697,309,S1,288.0,38.120,22.12
61698,309,S1,291.0,37.872,22.12
61699,309,S1,294.0,37.617,22.12
61700,309,S1,297.0,37.486,22.12
61701,309,S1,300.0,37.270,22.12
61702,309,S1,303.0,37.095,22.12
61703,309,S1,306.0,36.897,22.12
61704,309,S1,309.0,36.664,22.12
61705,309,S1,312.0,36.416,22.12
61706,309,S1,315.0,36.309,22.12
61707,309,S1,318.0,36.076,22.12
61708,309,S1,321.0,35.850,22.12
61709,309,S1,324.0,35.794,22.12
61710,309,S1,327.0,35.512,22.12
61711,309,S1,330.0,35.349,22.12
61712,309,S1,333.0,35.187,22.12
61713,309,S1,336.0,34.952,22.12
61714,309,S1,339.0,34.804,22.12
61715,309,S1,342.0,34.657,22.12
61716,309,S1,345.0,34.425,22.12
61717,309,S1,348.0,34.212,22.12
61718,309,S1,351.0,34.127,22.12
61719,309,S1,354.0,34.083,22.12
61720,309,S1,357.0,33.798,22.12
61721,309,S1,360.0,33.703,22.12
61722,309,S1,363.0,33.526,22.12
61723,309,S1,366.0,33.418,22.12
61724,309,S1,369.0,33.252,22.12
61725,309,S1,372.0,33.062,22.12
61726,309,S1,375.0,32.970,22.12
61727,309,S1,378.0,32.698,22.12
61728,309,S1,381.0,32.636,22.12
61729,309,S1,384.0,32.510,22.12
61730,309,S1,387.0,32.322,22.12
61731,309,S1,390.0,32.281,22.12
61732,309,S1,393.0,32.118,22.12
61733,309,S1,396.0,31.957,22.12
61734,309,S1,399.0,31.820,22.12
61735,309,S1,402.0,31.707,22.12
61736,309,S1,405.0,31.446,22.12
61737,309,S1,408.0,31.436,22.12
61738,309,S1,411.0,31.263,22.12
61739,309,S1,414.0,31.245,22.12
61740,309,S1,417.0,30.981,22.12
61741,309,S1,420.0,30.977,22.12
61742,309,S1,423.0,30.831,22.12
61743,309,S1,426.0,30.666,22.12
61744,309,S1,429.0,30.567,22.12
61745,309,S1,432.0,30.482,22.12
61746,309,S1,435.0,30.292,22.12
61747,309,S1,438.0,30.281,22.12
61748,309,S1,441.0,30.184,22.12
61749,309,S1,444.0,29.933,22.12
61750,309,S1,447.0,29.979,22.12
61751,309,S1,450.0,29.772,22.12
61752,309,S1,453.0,29.680,22.12
61753,309,S1,456.0,29.550,22.12
61754,309,S1,459.0,29.527,22.12
61755,309,S1,462.0,29.336,22.12
61756,309,S1,465.0,29.296,22.12
61757,309,S1,468.0,29.175,22.12
61758,309,S1,471.0,29.067,22.12
61759,309,S1,474.0,28.905,22.12
61760,309,S1,477.0,28.897,22.12
61761,309,S1,480.0,28.953,22.12
61762,309,S1,483.0,28.727,22.12
61763,309,S1,486.0,28.745,22.12
61764,309,S1,489.0,28.510,22.12
61765,309,S1,492.0,28.452,22.12
61766,309,S1,495.0,28.437,22.12
61767,309,S1,498.0,28.350,22.12
61768,309,S1,501.0,28.183,22.12
61769,309,S1,504.0,28.065,22.12
61770,309,S1,507.0,28.031,22.12
61771,309,S1,510.0,27.962,22.12
61772,309,S1,513.0,27.859,22.12
61773,309,S1,516.0,27.837,22.12
61774,309,S1,519.0,27.717,22.12
61775,309,S1,522.0,27.603,22.12
61776,309,S1,525.0,27.532,22.12
61777,309,S1,528.0,27.409,22.12
61778,309,S1,531.0,27.443,22.12
61779,309,S1,534.0,27.378,22.12
61780,309,S1,537.0,27.231,22.12
61781,309,S1,540.0,27.143,22.12
61782,309,S1,543.0,27.183,22.12
61783,309,S1,546.0,27.094,22.12
61784,309,S1,549.0,27.007,22.12
61785,309,S1,552.0,26.885,22.12
61786,309,S1,555.0,26.935,22.12
61787,309,S1,558.0,26.870,22.12
61788,309,S1,561.0,26.763,22.12
61789,309,S1,564.0,26.681,22.12
61790,309,S1,567.0,26.632,22.12
61791,309,S1,570.0,26.604,22.12
61792,309,S1,573.0,26.500,22.12
61793,309,S1,576.0,26.395,22.12
61794,309,S1,579.0,26.305,22.12
61795,309,S1,582.0,26.337,22.12
61796,309,S1,585.0,26.300,22.12
61797,309,S1,588.0,26.165,22.12
61798,309,S1,591.0,26.210,22.12
61799,309,S1,594.0,26.164,22.12
61800,309,S1,597.0,26.070,22.12
61801,310,S2,0.0,92.810,22.10
61802,310,S2,3.0,91.963,22.10
61803,310,S2,6.0,91.055,22.10
61804,310,S2,9.0,90.121,22.10
61805,310,S2,12.0,89.338,22.10
61806,310,S2,15.0,88.568,22.10
61807,310,S2,18.0,87.630,22.10
61808,310,S2,21.0,86.832,22.10
61809,310,S2,24.0,86.041,22.10
61810,310,S2,27.0,85.258,22.10
61811,310,S2,30.0,84.390,22.10
61812,310,S2,33.0,83.683,22.10
61813,310,S2,36.0,82.866,22.10
61814,310,S2,39.0,82.063,22.10
61815,310,S2,42.0,81.341,22.10
61816,310,S2,45.0,80.649,22.10
61817,310,S2,48.0,79.926,22.10
61818,310,S2,51.0,79.199,22.10
61819,310,S2,54.0,78.551,22.10
61820,310,S2,57.0,77.802,22.10
61821,310,S2,60.0,77.117,22.10
61822,310,S2,63.0,76.387,22.10
61823,310,S2,66.0,75.769,22.10
61824,310,S2,69.0,75.150,22.10
61825,310,S2,72.0,74.402,22.10
61826,310,S2,75.0,73.773,22.10
61827,310,S2,78.0,72.992,22.10
61828,310,S2,81.0,72.474,22.10
61829,310,S2,84.0,71.854,22.10
61830,310,S2,87.0,71.232,22.10
61831,310,S2,90.0,70.592,22.10
61832,310,S2,93.0,70.002,22.10
61833,310,S2,96.0,69.458,22.10
61834,310,S2,99.0,68.692,22.10
61835,310,S2,102.0,68.284,22.10
61836,310,S2,105.0,67.587,22.10
61837,310,S2,108.0,67.103,22.10
61838,310,S2,111.0,66.487,22.10
61839,310,S2,114.0,65.912,22.10
61840,310,S2,117.0,65.381,22.10
61841,310,S2,120.0,64.886,22.10
61842,310,S2,123.0,64.303,22.10
61843,310,S2,126.0,63.798,22.10
61844,310,S2,129.0,63.269,22.10
61845,310,S2,132.0,62.766,22.10
61846,310,S2,135.0,62.299,22.10
61847,310,S2,138.0,61.772,22.10
61848,310,S2,141.0,61.240,22.10
61849,310,S2,144.0,60.806,22.10
61850,310,S2,147.0,60.329,22.10
61851,310,S2,150.0,59.829,22.10
61852,310,S2,153.0,59.334,22.10
61853,310,S2,156.0,58.955,22.10
61854,310,S2,159.0,58.419,22.10
61855,310,S2,162.0,58.007,22.10
61856,310,S2,165.0,57.641,22.10
61857,310,S2,168.0,57.126,22.10
61858,310,S2,171.0,56.579,22.10
61859,310,S2,174.0,56.207,22.10
61860,310,S2,177.0,55.791,22.10
61861,310,S2,180.0,55.421,22.10
61862,310,S2,183.0,54.908,22.10
61863,310,S2,186.0,54.466,22.10
61864,310,S2,189.0,54.220,22.10
61865,310,S2,192.0,53.790,22.10
61866,310,S2,195.0,53.313,22.10
61867,310,S2,198.0,52.886,22.10
61868,310,S2,201.0,52.618,22.10
61869,310,S2,204.0,52.244,22.10
61870,310,S2,207.0,51.839,22.10
61871,310,S2,210.0,51.353,22.10
61872,310,S2,213.0,51.046,22.10
61873,310,S2,216.0,50.694,22.10
61874,310,S2,219.0,50.370,22.10
61875,310,S2,222.0,50.087,22.10
61876,310,S2,225.0,49.692,22.10
61877,310,S2,228.0,49.179,22.10
61878,310,S2,231.0,48.980,22.10
61879,310,S2,234.0,48.611,22.10
61880,310,S2,237.0,48.239,22.10
61881,310,S2,240.0,47.880,22.10
61882,310,S2,243.0,47.720,22.10
61883,310,S2,246.0,47.400,22.10
61884,310,S2,249.0,47.053,22.10
61885,310,S2,252.0,46.739,22.10
61886,310,S2,255.0,46.460,22.10
61887,310,S2,258.0,46.051,22.10
61888,310,S2,261.0,45.739,22.10
61889,310,S2,264.0,45.425,22.10
61890,310,S2,267.0,45.118,22.10
61891,310,S2,270.0,44.855,22.10
61892,310,S2,273.0,44.628,22.10
61893,310,S2,276.0,44.334,22.10
61894,310,S2,279.0,44.024,22.10
61895,310,S2,282.0,43.781,22.10
61896,310,S2,285.0,43.543,22.10
61897,310,S2,288.0,43.225,22.10
61898,310,S2,291.0,43.021,22.10
61899,310,S2,294.0,42.719,22.10
61900,310,S2,297.0,42.435,22.10
61901,310,S2,300.0,42.259,22.10
61902,310,S2,303.0,41.965,22.10
61903,310,S2,306.0,41.725,22.10
61904,310,S2,309.0,41.397,22.10
61905,310,S2,312.0,41.298,22.10
61906,310,S2,315.0,40.998,22.10
61907,310,S2,318.0,40.716,22.10
61908,310,S2,321.0,40.524,22.10
61909,310,S2,324.0,40.388,22.10
61910,310,S2,327.0,40.089,22.10
61911,310,S2,330.0,39.787,22.10
61912,310,S2,333.0,39.727,22.10
61913,310,S2,336.0,39.444,22.10
61914,310,S2,339.0,39.141,22.10
61915,310,S2,342.0,39.020,22.10
61916,310,S2,345.0,38.773,22.10
61917,310,S2,348.0,38.476,22.10
61918,310,S2,351.0,38.340,22.10
61919,310,S2,354.0,38.234,22.10
61920,310,S2,357.0,37.934,22.10
61921,310,S2,360.0,37.681,22.10
61922,310,S2,363.0,37.537,22.10
61923,310,S2,366.0,37.316,22.10
61924,310,S2,369.0,37.108,22.10
61925,310,S2,372.0,37.014,22.10
61926,310,S2,375.0,36.947,22.10
61927,310,S2,378.0,36.591,22.10
61928,310,S2,381.0,36.430,22.10
61929,310,S2,384.0,36.311,22.10
61930,310,S2,387.0,36.132,22.10
61931,310,S2,390.0,35.980,22.10
61932,310,S2,393.0,35.678,22.10
61933,310,S2,396.0,35.541,22.10
61934,310,S2,399.0,35.340,22.10
61935,310,S2,402.0,35.200,22.10
61936,310,S2,405.0,35.074,22.10
61937,310,S2,408.0,35.013,22.10
61938,310,S2,411.0,34.642,22.10
61939,310,S2,414.0,34.652,22.10
61940,310,S2,417.0,34.376,22.10
61941,310,S2,420.0,34.266,22.10
61942,310,S2,423.0,34.123,22.10
61943,310,S2,426.0,33.906,22.10
61944,310,S2,429.0,33.821,22.10
61945,310,S2,432.0,33.623,22.10
61946,310,S2,435.0,33.543,22.10
61947,310,S2,438.0,33.368,22.10
61948,310,S2,441.0,33.255,22.10
61949,310,S2,444.0,33.084,22.10
61950,310,S2,447.0,32.945,22.10
61951,310,S2,450.0,32.877,22.10
61952,310,S2,453.0,32.684,22.10
61953,310,S2,456.0,32.491,22.10
61954,310,S2,459.0,32.374,22.10
61955,310,S2,462.0,32.296,22.10
61956,310,S2,465.0,32.191,22.10
61957,310,S2,468.0,31.997,22.10
61958,310,S2,471.0,32.095,22.10
61959,310,S2,474.0,31.762,22.10
61960,310,S2,477.0,31.696,22.10
61961,310,S2,480.0,31.588,22.10
61962,310,S2,483.0,31.472,22.10
61963,310,S2,486.0,31.334,22.10
61964,310,S2,489.0,31.272,22.10
61965,310,S2,492.0,31.120,22.10
61966,310,S2,495.0,31.007,22.10
61967,310,S2,498.0,30.761,22.10
61968,310,S2,501.0,30.756,22.10
61969,310,S2,504.0,30.699,22.10
61970,310,S2,507.0,30.597,22.10
61971,310,S2,510.0,30.412,22.10
61972,310,S2,513.0,30.323,22.10
61973,310,S2,516.0,30.181,22.10
61974,310,S2,519.0,30.109,22.10
61975,310,S2,522.0,30.090,22.10
61976,310,S2,525.0,29.892,22.10
61977,310,S2,528.0,29.894,22.10
61978,310,S2,531.0,29.787,22.10
61979,310,S2,534.0,29.651,22.10
61980,310,S2,537.0,29.589,22.10
61981,310,S2,540.0,29.493,22.10
61982,310,S2,543.0,29.268,22.10
61983,310,S2,546.0,29.260,22.10
61984,310,S2,549.0,29.225,22.10
61985,310,S2,552.0,29.007,22.10
61986,310,S2,555.0,29.115,22.10
61987,310,S2,558.0,28.924,22.10
61988,310,S2,561.0,28.846,22.10
61989,310,S2,564.0,28.839,22.10
61990,310,S2,567.0,28.699,22.10
61991,310,S2,570.0,28.556,22.10
61992,310,S2,573.0,28.498,22.10
61993,310,S2,576.0,28.485,22.10
61994,310,S2,579.0,28.411,22.10
61995,310,S2,582.0,28.215,22.10
61996,310,S2,585.0,28.109,22.10
61997,310,S2,588.0,28.181,22.10
61998,310,S2,591.0,28.043,22.10
61999,310,S2,594.0,28.021,22.10
62000,310,S2,597.0,27.782,22.10
62001,311,S3,0.0,84.797,22.30
62002,311,S3,3.0,83.300,22.30
62003,311,S3,6.0,82.023,22.30
62004,311,S3,9.0,80.807,22.30
62005,311,S3,12.0,79.445,22.30
62006,311,S3,15.0,78.131,22.30
62007,311,S3,18.0,76.887,22.30
62008,311,S3,21.0,75.697,22.30
62009,311,S3,24.0,74.523,22.30
62010,311,S3,27.0,73.348,22.30
62011,311,S3,30.0,72.304,22.30
62012,311,S3,33.0,71.137,22.30
62013,311,S3,36.0,70.158,22.30
62014,311,S3,39.0,69.101,22.30
62015,311,S3,42.0,68.070,22.30
62016,311,S3,45.0,67.058,22.30
62017,311,S3,48.0,66.186,22.30
62018,311,S3,51.0,65.162,22.30
62019,311,S3,54.0,64.048,22.30
62020,311,S3,57.0,63.263,22.30
62021,311,S3,60.0,62.363,22.30
62022,311,S3,63.0,61.574,22.30
62023,311,S3,66.0,60.583,22.30
62024,311,S3,69.0,59.764,22.30
62025,311,S3,72.0,58.940,22.30
62026,311,S3,75.0,58.055,22.30
62027,311,S3,78.0,57.307,22.30
62028,311,S3,81.0,56.636,22.30
62029,311,S3,84.0,55.836,22.30
62030,311,S3,87.0,55.194,22.30
62031,311,S3,90.0,54.343,22.30
62032,311,S3,93.0,53.721,22.30
62033,311,S3,96.0,53.017,22.30
62034,311,S3,99.0,52.301,22.30
62035,311,S3,102.0,51.665,22.30
62036,311,S3,105.0,50.989,22.30
62037,311,S3,108.0,50.393,22.30
62038,311,S3,111.0,49.725,22.30
62039,311,S3,114.0,49.117,22.30
62040,311,S3,117.0,48.434,22.30
62041,311,S3,120.0,47.920,22.30
62042,311,S3,123.0,47.447,22.30
62043,311,S3,126.0,46.845,22.30
62044,311,S3,129.0,46.306,22.30
62045,311,S3,132.0,45.828,22.30
62046,311,S3,135.0,45.339,22.30
62047,311,S3,138.0,44.856,22.30
62048,311,S3,141.0,44.320,22.30
62049,311,S3,144.0,43.786,22.30
62050,311,S3,147.0,43.437,22.30
62051,311,S3,150.0,42.850,22.30
62052,311,S3,153.0,42.434,22.30
62053,311,S3,156.0,41.980,22.30
62054,311,S3,159.0,41.547,22.30
62055,311,S3,162.0,41.050,22.30
62056,311,S3,165.0,40.771,22.30
62057,311,S3,168.0,40.351,22.30
62058,311,S3,171.0,39.889,22.30
62059,311,S3,174.0,39.590,22.30
62060,311,S3,177.0,39.188,22.30
62061,311,S3,180.0,38.815,22.30
62062,311,S3,183.0,38.331,22.30
62063,311,S3,186.0,38.141,22.30
62064,311,S3,189.0,37.697,22.30
62065,311,S3,192.0,37.324,22.30
62066,311,S3,195.0,37.029,22.30
62067,311,S3,198.0,36.705,22.30
62068,311,S3,201.0,36.335,22.30
62069,311,S3,204.0,36.107,22.30
62070,311,S3,207.0,35.767,22.30
62071,311,S3,210.0,35.550,22.30
62072,311,S3,213.0,35.232,22.30
62073,311,S3,216.0,34.945,22.30
62074,311,S3,219.0,34.701,22.30
62075,311,S3,222.0,34.326,22.30
62076,311,S3,225.0,34.125,22.30
62077,311,S3,228.0,33.785,22.30
62078,311,S3,231.0,33.561,22.30
62079,311,S3,234.0,33.279,22.30
62080,311,S3,237.0,33.162,22.30
62081,311,S3,240.0,32.918,22.30
62082,311,S3,243.0,32.668,22.30
62083,311,S3,246.0,32.504,22.30
62084,311,S3,249.0,32.185,22.30
62085,311,S3,252.0,31.947,22.30
62086,311,S3,255.0,31.715,22.30
62087,311,S3,258.0,31.510,22.30
62088,311,S3,261.0,31.376,22.30
62089,311,S3,264.0,31.117,22.30
62090,311,S3,267.0,30.929,22.30
62091,311,S3,270.0,30.803,22.30
62092,311,S3,273.0,30.651,22.30
62093,311,S3,276.0,30.320,22.30
62094,311,S3,279.0,30.201,22.30
62095,311,S3,282.0,30.112,22.30
62096,311,S3,285.0,29.841,22.30
62097,311,S3,288.0,29.673,22.30
62098,311,S3,291.0,29.532,22.30
62099,311,S3,294.0,29.310,22.30
62100,311,S3,297.0,29.266,22.30
62101,311,S3,300.0,29.058,22.30
62102,311,S3,303.0,28.919,22.30
62103,311,S3,306.0,28.765,22.30
62104,311,S3,309.0,28.562,22.30
62105,311,S3,312.0,28.572,22.30
62106,311,S3,315.0,28.367,22.30
62107,311,S3,318.0,28.193,22.30
62108,311,S3,321.0,27.974,22.30
62109,311,S3,324.0,28.038,22.30
62110,311,S3,327.0,27.900,22.30
62111,311,S3,330.0,27.708,22.30
62112,311,S3,333.0,27.581,22.30
62113,311,S3,336.0,27.489,22.30
62114,311,S3,339.0,27.397,22.30
62115,311,S3,342.0,27.204,22.30
62116,311,S3,345.0,27.153,22.30
62117,311,S3,348.0,27.115,22.30
62118,311,S3,351.0,26.990,22.30
62119,311,S3,354.0,26.892,22.30
62120,311,S3,357.0,26.769,22.30
62121,311,S3,360.0,26.593,22.30
62122,311,S3,363.0,26.586,22.30
62123,311,S3,366.0,26.490,22.30
62124,311,S3,369.0,26.379,22.30
62125,311,S3,372.0,26.246,22.30
62126,311,S3,375.0,26.118,22.30
62127,311,S3,378.0,26.131,22.30
62128,311,S3,381.0,26.065,22.30
62129,311,S3,384.0,26.040,22.30
62130,311,S3,387.0,25.834,22.30
62131,311,S3,390.0,25.800,22.30
62132,311,S3,393.0,25.797,22.30
62133,311,S3,396.0,25.682,22.30
62134,311,S3,399.0,25.588,22.30
62135,311,S3,402.0,25.484,22.30
62136,311,S3,405.0,25.461,22.30
62137,311,S3,408.0,25.359,22.30
62138,311,S3,411.0,25.240,22.30
62139,311,S3,414.0,25.305,22.30
62140,311,S3,417.0,25.213,22.30
62141,311,S3,420.0,25.094,22.30
62142,311,S3,423.0,25.047,22.30
62143,311,S3,426.0,25.029,22.30
62144,311,S3,429.0,24.870,22.30
62145,311,S3,432.0,24.837,22.30
62146,311,S3,435.0,24.780,22.30
62147,311,S3,438.0,24.655,22.30
62148,311,S3,441.0,24.724,22.30
62149,311,S3,444.0,24.645,22.30
62150,311,S3,447.0,24.684,22.30
62151,311,S3,450.0,24.505,22.30
62152,311,S3,453.0,24.518,22.30
62153,311,S3,456.0,24.440,22.30
62154,311,S3,459.0,24.389,22.30
62155,311,S3,462.0,24.379,22.30
62156,311,S3,465.0,24.303,22.30
62157,311,S3,468.0,24.206,22.30
62158,311,S3,471.0,24.220,22.30
62159,311,S3,474.0,24.187,22.30
62160,311,S3,477.0,24.134,22.30
62161,311,S3,480.0,24.131,22.30
62162,311,S3,483.0,23.985,22.30
62163,311,S3,486.0,23.975,22.30
62164,311,S3,489.0,24.022,22.30
62165,311,S3,492.0,23.915,22.30
62166,311,S3,495.0,23.860,22.30
62167,311,S3,498.0,23.979,22.30
62168,311,S3,501.0,23.901,22.30
62169,311,S3,504.0,23.906,22.30
62170,311,S3,507.0,23.789,22.30
62171,311,S3,510.0,23.702,22.30
62172,311,S3,513.0,23.772,22.30
62173,311,S3,516.0,23.687,22.30
62174,311,S3,519.0,23.750,22.30
62175,311,S3,522.0,23.619,22.30
62176,311,S3,525.0,23.611,22.30
62177,311,S3,528.0,23.514,22.30
62178,311,S3,531.0,23.468,22.30
62179,311,S3,534.0,23.479,22.30
62180,311,S3,537.0,23.421,22.30
62181,311,S3,540.0,23.514,22.30
62182,311,S3,543.0,23.426,22.30
62183,311,S3,546.0,23.364,22.30
62184,311,S3,549.0,23.401,22.30
62185,311,S3,552.0,23.288,22.30
62186,311,S3,555.0,23.320,22.30
62187,311,S3,558.0,23.275,22.30
62188,311,S3,561.0,23.226,22.30
62189,311,S3,564.0,23.245,22.30
62190,311,S3,567.0,23.120,22.30
62191,311,S3,570.0,23.202,22.30
62192,311,S3,573.0,23.238,22.30
62193,311,S3,576.0,23.142,22.30
62194,311,S3,579.0,23.090,22.30
62195,311,S3,582.0,23.167,22.30
62196,311,S3,585.0,23.145,22.30
62197,311,S3,588.0,23.120,22.30
62198,311,S3,591.0,23.094,22.30
62199,311,S3,594.0,23.012,22.30
62200,311,S3,597.0,23.106,22.30
62201,312,S4,0.0,85.204,20.70
62202,312,S4,3.0,84.123,20.70
62203,312,S4,6.0,83.003,20.70
62204,312,S4,9.0,81.895,20.70
62205,312,S4,12.0,80.865,20.70
62206,312,S4,15.0,79.792,20.70
62207,312,S4,18.0,78.759,20.70
62208,312,S4,21.0,77.746,20.70
62209,312,S4,24.0,76.689,20.70
62210,312,S4,27.0,75.691,20.70
62211,312,S4,30.0,74.711,20.70
62212,312,S4,33.0,73.847,20.70
62213,312,S4,36.0,72.851,20.70
62214,312,S4,39.0,72.017,20.70
62215,312,S4,42.0,71.093,20.70
62216,312,S4,45.0,70.185,20.70
62217,312,S4,48.0,69.322,20.70
62218,312,S4,51.0,68.416,20.70
62219,312,S4,54.0,67.711,20.70
62220,312,S4,57.0,66.913,20.70
62221,312,S4,60.0,65.971,20.70
62222,312,S4,63.0,65.152,20.70
62223,312,S4,66.0,64.435,20.70
62224,312,S4,69.0,63.684,20.70
62225,312,S4,72.0,62.887,20.70
62226,312,S4,75.0,62.219,20.70
62227,312,S4,78.0,61.530,20.70
62228,312,S4,81.0,60.751,20.70
62229,312,S4,84.0,59.973,20.70
62230,312,S4,87.0,59.409,20.70
62231,312,S4,90.0,58.744,20.70
62232,312,S4,93.0,58.093,20.70
62233,312,S4,96.0,57.383,20.70
62234,312,S4,99.0,56.832,20.70
62235,312,S4,102.0,56.116,20.70
62236,312,S4,105.0,55.550,20.70
62237,312,S4,108.0,54.867,20.70
62238,312,S4,111.0,54.177,20.70
62239,312,S4,114.0,53.627,20.70
62240,312,S4,117.0,53.198,20.70
62241,312,S4,120.0,52.582,20.70
62242,312,S4,123.0,52.008,20.70
62243,312,S4,126.0,51.497,20.70
62244,312,S4,129.0,50.907,20.70
62245,312,S4,132.0,50.303,20.70
62246,312,S4,135.0,49.887,20.70
62247,312,S4,138.0,49.293,20.70
62248,312,S4,141.0,48.873,20.70
62249,312,S4,144.0,48.371,20.70
62250,312,S4,147.0,47.867,20.70
62251,312,S4,150.0,47.405,20.70
62252,312,S4,153.0,46.920,20.70
62253,312,S4,156.0,46.522,20.70
62254,312,S4,159.0,46.068,20.70
62255,312,S4,162.0,45.621,20.70
62256,312,S4,165.0,45.145,20.70
62257,312,S4,168.0,44.745,20.70
62258,312,S4,171.0,44.247,20.70
62259,312,S4,174.0,43.941,20.70
62260,312,S4,177.0,43.502,20.70
62261,312,S4,180.0,43.101,20.70
62262,312,S4,183.0,42.697,20.70
62263,312,S4,186.0,42.286,20.70
62264,312,S4,189.0,41.945,20.70
62265,312,S4,192.0,41.564,20.70
62266,312,S4,195.0,41.137,20.70
62267,312,S4,198.0,40.840,20.70
62268,312,S4,201.0,40.491,20.70
62269,312,S4,204.0,40.131,20.70
62270,312,S4,207.0,39.794,20.70
62271,312,S4,210.0,39.561,20.70
62272,312,S4,213.0,39.159,20.70
62273,312,S4,216.0,38.880,20.70
62274,312,S4,219.0,38.480,20.70
62275,312,S4,222.0,38.269,20.70
62276,312,S4,225.0,37.956,20.70
62277,312,S4,228.0,37.563,20.70
62278,312,S4,231.0,37.365,20.70
62279,312,S4,234.0,37.044,20.70
62280,312,S4,237.0,36.660,20.70
62281,312,S4,240.0,36.520,20.70
62282,312,S4,243.0,36.126,20.70
62283,312,S4,246.0,35.817,20.70
62284,312,S4,249.0,35.721,20.70
62285,312,S4,252.0,35.229,20.70
62286,312,S4,255.0,35.120,20.70
62287,312,S4,258.0,34.834,20.70
62288,312,S4,261.0,34.603,20.70
62289,312,S4,264.0,34.352,20.70
62290,312,S4,267.0,34.088,20.70
62291,312,S4,270.0,33.731,20.70
62292,312,S4,273.0,33.744,20.70
62293,312,S4,276.0,33.415,20.70
62294,312,S4,279.0,33.218,20.70
62295,312,S4,282.0,32.932,20.70
62296,312,S4,285.0,32.786,20.70
62297,312,S4,288.0,32.602,20.70
62298,312,S4,291.0,32.305,20.70
62299,312,S4,294.0,32.123,20.70
62300,312,S4,297.0,32.044,20.70
62301,312,S4,300.0,31.636,20.70
62302,312,S4,303.0,31.549,20.70
62303,312,S4,306.0,31.365,20.70
62304,312,S4,309.0,31.253,20.70
62305,312,S4,312.0,31.080,20.70
62306,312,S4,315.0,30.813,20.70
62307,312,S4,318.0,30.609,20.70
62308,312,S4,321.0,30.468,20.70
62309,312,S4,324.0,30.316,20.70
62310,312,S4,327.0,30.119,20.70
62311,312,S4,330.0,29.935,20.70
62312,312,S4,333.0,29.869,20.70
62313,312,S4,336.0,29.645,20.70
62314,312,S4,339.0,29.490,20.70
62315,312,S4,342.0,29.311,20.70
62316,312,S4,345.0,29.189,20.70
62317,312,S4,348.0,29.059,20.70
62318,312,S4,351.0,28.879,20.70
62319,312,S4,354.0,28.866,20.70
62320,312,S4,357.0,28.624,20.70
62321,312,S4,360.0,28.419,20.70
62322,312,S4,363.0,28.351,20.70
62323,312,S4,366.0,28.185,20.70
62324,312,S4,369.0,28.044,20.70
62325,312,S4,372.0,27.980,20.70
62326,312,S4,375.0,27.788,20.70
62327,312,S4,378.0,27.718,20.70
62328,312,S4,381.0,27.559,20.70
62329,312,S4,384.0,27.551,20.70
62330,312,S4,387.0,27.306,20.70
62331,312,S4,390.0,27.236,20.70
62332,312,S4,393.0,27.147,20.70
62333,312,S4,396.0,26.952,20.70
62334,312,S4,399.0,26.957,20.70
62335,312,S4,402.0,26.816,20.70
62336,312,S4,405.0,26.621,20.70
62337,312,S4,408.0,26.538,20.70
62338,312,S4,411.0,26.459,20.70
62339,312,S4,414.0,26.389,20.70
62340,312,S4,417.0,26.310,20.70
62341,312,S4,420.0,26.187,20.70
62342,312,S4,423.0,25.998,20.70
62343,312,S4,426.0,25.883,20.70
62344,312,S4,429.0,25.982,20.70
62345,312,S4,432.0,25.763,20.70
62346,312,S4,435.0,25.581,20.70
62347,312,S4,438.0,25.654,20.70
62348,312,S4,441.0,25.529,20.70
62349,312,S4,444.0,25.467,20.70
62350,312,S4,447.0,25.465,20.70
62351,312,S4,450.0,25.311,20.70
62352,312,S4,453.0,25.207,20.70
62353,312,S4,456.0,25.105,20.70
62354,312,S4,459.0,25.074,20.70
62355,312,S4,462.0,24.959,20.70
62356,312,S4,465.0,24.824,20.70
62357,312,S4,468.0,24.766,20.70
62358,312,S4,471.0,24.728,20.70
62359,312,S4,474.0,24.547,20.70
62360,312,S4,477.0,24.676,20.70
62361,312,S4,480.0,24.513,20.70
62362,312,S4,483.0,24.486,20.70
62363,312,S4,486.0,24.467,20.70
62364,312,S4,489.0,24.358,20.70
62365,312,S4,492.0,24.258,20.70
62366,312,S4,495.0,24.217,20.70
62367,312,S4,498.0,24.176,20.70
62368,312,S4,501.0,24.015,20.70
62369,312,S4,504.0,24.053,20.70
62370,312,S4,507.0,24.013,20.70
62371,312,S4,510.0,23.902,20.70
62372,312,S4,513.0,23.817,20.70
62373,312,S4,516.0,23.832,20.70
62374,312,S4,519.0,23.686,20.70
62375,312,S4,522.0,23.656,20.70
62376,312,S4,525.0,23.631,20.70
62377,312,S4,528.0,23.738,20.70
62378,312,S4,531.0,23.574,20.70
62379,312,S4,534.0,23.508,20.70
62380,312,S4,537.0,23.431,20.70
62381,312,S4,540.0,23.396,20.70
62382,312,S4,543.0,23.339,20.70
62383,312,S4,546.0,23.383,20.70
62384,312,S4,549.0,23.120,20.70
62385,312,S4,552.0,23.220,20.70
62386,312,S4,555.0,23.229,20.70
62387,312,S4,558.0,23.120,20.70
62388,312,S4,561.0,23.104,20.70
62389,312,S4,564.0,23.080,20.70
62390,312,S4,567.0,23.078,20.70
62391,312,S4,570.0,22.997,20.70
62392,312,S4,573.0,22.827,20.70
62393,312,S4,576.0,22.837,20.70
62394,312,S4,579.0,22.923,20.70
62395,312,S4,582.0,22.820,20.70
62396,312,S4,585.0,22.761,20.70
62397,312,S4,588.0,22.596,20.70
62398,312,S4,591.0,22.709,20.70
62399,312,S4,594.0,22.681,20.70
62400,312,S4,597.0,22.651,20.70
62401,313,S1,0.0,86.799,22.67
62402,313,S1,3.0,85.495,22.67
62403,313,S1,6.0,84.353,22.67
62404,313,S1,9.0,83.106,22.67
62405,313,S1,12.0,81.848,22.67
62406,313,S1,15.0,80.624,22.67
62407,313,S1,18.0,79.489,22.67
62408,313,S1,21.0,78.368,22.67
62409,313,S1,24.0,77.317,22.67
62410,313,S1,27.0,76.209,22.67
62411,313,S1,30.0,75.150,22.67
62412,313,S1,33.0,74.117,22.67
62413,313,S1,36.0,73.037,22.67
62414,313,S1,39.0,72.134,22.67
62415,313,S1,42.0,71.083,22.67
62416,313,S1,45.0,70.144,22.67
62417,313,S1,48.0,69.250,22.67
62418,313,S1,51.0,68.290,22.67
62419,313,S1,54.0,67.323,22.67
62420,313,S1,57.0,66.447,22.67
62421,313,S1,60.0,65.438,22.67
62422,313,S1,63.0,64.761,22.67
62423,313,S1,66.0,63.910,22.67
62424,313,S1,69.0,63.070,22.67
62425,313,S1,72.0,62.332,22.67
62426,313,S1,75.0,61.578,22.67
62427,313,S1,78.0,60.688,22.67
62428,313,S1,81.0,59.949,22.67
62429,313,S1,84.0,59.268,22.67
62430,313,S1,87.0,58.394,22.67
62431,313,S1,90.0,57.703,22.67
62432,313,S1,93.0,57.046,22.67
62433,313,S1,96.0,56.394,22.67
62434,313,S1,99.0,55.586,22.67
62435,313,S1,102.0,55.041,22.67
62436,313,S1,105.0,54.407,22.67
62437,313,S1,108.0,53.777,22.67
62438,313,S1,111.0,53.174,22.67
62439,313,S1,114.0,52.453,22.67
62440,313,S1,117.0,51.953,22.67
62441,313,S1,120.0,51.312,22.67
62442,313,S1,123.0,50.785,22.67
62443,313,S1,126.0,50.196,22.67
62444,313,S1,129.0,49.645,22.67
62445,313,S1,132.0,49.217,22.67
62446,313,S1,135.0,48.714,22.67
62447,313,S1,138.0,48.108,22.67
62448,313,S1,141.0,47.700,22.67
62449,313,S1,144.0,47.117,22.67
62450,313,S1,147.0,46.626,22.67
62451,313,S1,150.0,46.069,22.67
62452,313,S1,153.0,45.730,22.67
62453,313,S1,156.0,45.248,22.67
62454,313,S1,159.0,44.825,22.67
62455,313,S1,162.0,44.352,22.67
62456,313,S1,165.0,43.856,22.67
62457,313,S1,168.0,43.390,22.67
62458,313,S1,171.0,43.082,22.67
62459,313,S1,174.0,42.686,22.67
62460,313,S1,177.0,42.199,22.67
62461,313,S1,180.0,41.835,22.67
62462,313,S1,183.0,41.551,22.67
62463,313,S1,186.0,41.003,22.67
62464,313,S1,189.0,40.836,22.67
62465,313,S1,192.0,40.389,22.67
62466,313,S1,195.0,40.063,22.67
62467,313,S1,198.0,39.659,22.67
62468,313,S1,201.0,39.207,22.67
62469,313,S1,204.0,39.026,22.67
62470,313,S1,207.0,38.715,22.67
62471,313,S1,210.0,38.348,22.67
62472,313,S1,213.0,38.043,22.67
62473,313,S1,216.0,37.737,22.67
62474,313,S1,219.0,37.446,22.67
62475,313,S1,222.0,37.226,22.67
62476,313,S1,225.0,36.829,22.67
62477,313,S1,228.0,36.610,22.67
62478,313,S1,231.0,36.305,22.67
62479,313,S1,234.0,35.972,22.67
62480,313,S1,237.0,35.739,22.67
62481,313,S1,240.0,35.506,22.67
62482,313,S1,243.0,35.163,22.67
62483,313,S1,246.0,35.007,22.67
62484,313,S1,249.0,34.690,22.67
62485,313,S1,252.0,34.478,22.67
62486,313,S1,255.0,34.426,22.67
62487,313,S1,258.0,34.090,22.67
62488,313,S1,261.0,33.811,22.67
62489,313,S1,264.0,33.656,22.67
62490,313,S1,267.0,33.390,22.67
62491,313,S1,270.0,33.146,22.67
62492,313,S1,273.0,32.878,22.67
62493,313,S1,276.0,32.791,22.67
62494,313,S1,279.0,32.556,22.67
62495,313,S1,282.0,32.323,22.67
62496,313,S1,285.0,32.214,22.67
62497,313,S1,288.0,31.981,22.67
62498,313,S1,291.0,31.812,22.67
62499,313,S1,294.0,31.575,22.67
62500,313,S1,297.0,31.356,22.67
62501,313,S1,300.0,31.334,22.67
62502,313,S1,303.0,31.057,22.67
62503,313,S1,306.0,30.889,22.67
62504,313,S1,309.0,30.739,22.67
62505,313,S1,312.0,30.525,22.67
62506,313,S1,315.0,30.480,22.67
62507,313,S1,318.0,30.322,22.67
62508,313,S1,321.0,30.115,22.67
62509,313,S1,324.0,30.055,22.67
62510,313,S1,327.0,29.861,22.67
62511,313,S1,330.0,29.649,22.67
62512,313,S1,333.0,29.490,22.67
62513,313,S1,336.0,29.401,22.67
62514,313,S1,339.0,29.189,22.67
62515,313,S1,342.0,29.148,22.67
62516,313,S1,345.0,28.997,22.67
62517,313,S1,348.0,28.852,22.67
62518,313,S1,351.0,28.685,22.67
62519,313,S1,354.0,28.621,22.67
62520,313,S1,357.0,28.501,22.67
62521,313,S1,360.0,28.428,22.67
62522,313,S1,363.0,28.368,22.67
62523,313,S1,366.0,28.172,22.67
62524,313,S1,369.0,28.081,22.67
62525,313,S1,372.0,27.998,22.67
62526,313,S1,375.0,27.774,22.67
62527,313,S1,378.0,27.792,22.67
62528,313,S1,381.0,27.710,22.67
62529,313,S1,384.0,27.612,22.67
62530,313,S1,387.0,27.474,22.67
62531,313,S1,390.0,27.423,22.67
62532,313,S1,393.0,27.192,22.67
62533,313,S1,396.0,27.192,22.67
62534,313,S1,399.0,27.068,22.67
62535,313,S1,402.0,27.030,22.67
62536,313,S1,405.0,26.973,22.67
62537,313,S1,408.0,26.876,22.67
62538,313,S1,411.0,26.711,22.67
62539,313,S1,414.0,26.616,22.67
62540,313,S1,417.0,26.583,22.67
62541,313,S1,420.0,26.574,22.67
62542,313,S1,423.0,26.442,22.67
62543,313,S1,426.0,26.452,22.67
62544,313,S1,429.0,26.282,22.67
62545,313,S1,432.0,26.218,22.67
62546,313,S1,435.0,26.164,22.67
62547,313,S1,438.0,26.139,22.67
62548,313,S1,441.0,25.937,22.67
62549,313,S1,444.0,25.928,22.67
62550,313,S1,447.0,25.967,22.67
62551,313,S1,450.0,25.862,22.67
62552,313,S1,453.0,25.716,22.67
62553,313,S1,456.0,25.633,22.67
62554,313,S1,459.0,25.603,22.67
62555,313,S1,462.0,25.530,22.67
62556,313,S1,465.0,25.557,22.67
62557,313,S1,468.0,25.434,22.67
62558,313,S1,471.0,25.388,22.67
62559,313,S1,474.0,25.388,22.67
62560,313,S1,477.0,25.286,22.67
62561,313,S1,480.0,25.232,22.67
62562,313,S1,483.0,25.259,22.67
62563,313,S1,486.0,25.225,22.67
62564,313,S1,489.0,25.028,22.67
62565,313,S1,492.0,25.092,22.67
62566,313,S1,495.0,24.952,22.67
62567,313,S1,498.0,24.930,22.67
62568,313,S1,501.0,24.831,22.67
62569,313,S1,504.0,24.796,22.67
62570,313,S1,507.0,24.793,22.67
62571,313,S1,510.0,24.727,22.67
62572,313,S1,513.0,24.647,22.67
62573,313,S1,516.0,24.682,22.67
62574,313,S1,519.0,24.686,22.67
62575,313,S1,522.0,24.702,22.67
62576,313,S1,525.0,24.519,22.67
62577,313,S1,528.0,24.573,22.67
62578,313,S1,531.0,24.504,22.67
62579,313,S1,534.0,24.485,22.67
62580,313,S1,537.0,24.507,22.67
62581,313,S1,540.0,24.525,22.67
62582,313,S1,543.0,24.300,22.67
62583,313,S1,546.0,24.396,22.67
62584,313,S1,549.0,24.215,22.67
62585,313,S1,552.0,24.104,22.67
62586,313,S1,555.0,24.240,22.67
62587,313,S1,558.0,24.284,22.67
62588,313,S1,561.0,24.195,22.67
62589,313,S1,564.0,24.131,22.67
62590,313,S1,567.0,24.094,22.67
62591,313,S1,570.0,24.125,22.67
62592,313,S1,573.0,24.158,22.67
62593,313,S1,576.0,23.996,22.67
62594,313,S1,579.0,24.026,22.67
62595,313,S1,582.0,23.920,22.67
62596,313,S1,585.0,23.953,22.67
62597,313,S1,588.0,23.875,22.67
62598,313,S1,591.0,23.970,22.67
62599,313,S1,594.0,23.800,22.67
62600,313,S1,597.0,23.844,22.67
62601,314,S2,0.0,74.423,21.90
62602,314,S2,3.0,73.690,21.90
62603,314,S2,6.0,73.011,21.90
62604,314,S2,9.0,72.301,21.90
62605,314,S2,12.0,71.555,21.90
62606,314,S2,15.0,71.017,21.90
62607,314,S2,18.0,70.190,21.90
62608,314,S2,21.0,69.616,21.90
62609,314,S2,24.0,68.944,21.90
62610,314,S2,27.0,68.269,21.90
62611,314,S2,30.0,67.741,21.90
62612,314,S2,33.0,67.063,21.90
62613,314,S2,36.0,66.315,21.90
62614,314,S2,39.0,65.837,21.90
62615,314,S2,42.0,65.265,21.90
62616,314,S2,45.0,64.657,21.90
62617,314,S2,48.0,64.089,21.90
62618,314,S2,51.0,63.481,21.90
62619,314,S2,54.0,63.008,21.90
62620,314,S2,57.0,62.332,21.90
62621,314,S2,60.0,61.779,21.90
62622,314,S2,63.0,61.272,21.90
62623,314,S2,66.0,60.744,21.90
62624,314,S2,69.0,60.325,21.90
62625,314,S2,72.0,59.655,21.90
62626,314,S2,75.0,59.216,21.90
62627,314,S2,78.0,58.671,21.90
62628,314,S2,81.0,58.105,21.90
62629,314,S2,84.0,57.695,21.90
62630,314,S2,87.0,57.131,21.90
62631,314,S2,90.0,56.705,21.90
62632,314,S2,93.0,56.183,21.90
62633,314,S2,96.0,55.754,21.90
62634,314,S2,99.0,55.263,21.90
62635,314,S2,102.0,54.875,21.90
62636,314,S2,105.0,54.389,21.90
62637,314,S2,108.0,53.940,21.90
62638,314,S2,111.0,53.469,21.90
62639,314,S2,114.0,52.985,21.90
62640,314,S2,117.0,52.631,21.90
62641,314,S2,120.0,52.275,21.90
62642,314,S2,123.0,51.837,21.90
62643,314,S2,126.0,51.433,21.90
62644,314,S2,129.0,50.915,21.90
62645,314,S2,132.0,50.507,21.90
62646,314,S2,135.0,50.182,21.90
62647,314,S2,138.0,49.870,21.90
62648,314,S2,141.0,49.517,21.90
62649,314,S2,144.0,49.049,21.90
62650,314,S2,147.0,48.724,21.90
62651,314,S2,150.0,48.440,21.90
62652,314,S2,153.0,47.954,21.90
62653,314,S2,156.0,47.621,21.90
62654,314,S2,159.0,47.202,21.90
62655,314,S2,162.0,46.990,21.90
62656,314,S2,165.0,46.598,21.90
62657,314,S2,168.0,46.258,21.90
62658,314,S2,171.0,45.807,21.90
62659,314,S2,174.0,45.595,21.90
62660,314,S2,177.0,45.248,21.90
62661,314,S2,180.0,44.932,21.90
62662,314,S2,183.0,44.534,21.90
62663,314,S2,186.0,44.352,21.90
62664,314,S2,189.0,44.011,21.90
62665,314,S2,192.0,43.789,21.90
62666,314,S2,195.0,43.478,21.90
62667,314,S2,198.0,43.183,21.90
62668,314,S2,201.0,42.848,21.90
62669,314,S2,204.0,42.512,21.90
62670,314,S2,207.0,42.229,21.90
62671,314,S2,210.0,42.076,21.90
62672,314,S2,213.0,41.683,21.90
62673,314,S2,216.0,41.436,21.90
62674,314,S2,219.0,41.211,21.90
62675,314,S2,222.0,40.841,21.90
62676,314,S2,225.0,40.609,21.90
62677,314,S2,228.0,40.481,21.90
62678,314,S2,231.0,40.215,21.90
62679,314,S2,234.0,39.899,21.90
62680,314,S2,237.0,39.619,21.90
62681,314,S2,240.0,39.465,21.90
62682,314,S2,243.0,39.089,21.90
62683,314,S2,246.0,38.930,21.90
62684,314,S2,249.0,38.618,21.90
62685,314,S2,252.0,38.534,21.90
62686,314,S2,255.0,38.314,21.90
62687,314,S2,258.0,38.044,21.90
62688,314,S2,261.0,37.822,21.90
62689,314,S2,264.0,37.527,21.90
62690,314,S2,267.0,37.283,21.90
62691,314,S2,270.0,37.168,21.90
62692,314,S2,273.0,36.972,21.90
62693,314,S2,276.0,36.705,21.90
62694,314,S2,279.0,36.531,21.90
62695,314,S2,282.0,36.333,21.90
62696,314,S2,285.0,36.130,21.90
62697,314,S2,288.0,35.959,21.90
62698,314,S2,291.0,35.846,21.90
62699,314,S2,294.0,35.579,21.90
62700,314,S2,297.0,35.340,21.90
62701,314,S2,300.0,35.117,21.90
62702,314,S2,303.0,35.022,21.90
62703,314,S2,306.0,34.842,21.90
62704,314,S2,309.0,34.640,21.90
62705,314,S2,312.0,34.572,21.90
62706,314,S2,315.0,34.261,21.90
62707,314,S2,318.0,34.103,21.90
62708,314,S2,321.0,34.037,21.90
62709,314,S2,324.0,33.837,21.90
62710,314,S2,327.0,33.666,21.90
62711,314,S2,330.0,33.477,21.90
62712,314,S2,333.0,33.350,21.90
62713,314,S2,336.0,33.186,21.90
62714,314,S2,339.0,33.032,21.90
62715,314,S2,342.0,32.929,21.90
62716,314,S2,345.0,32.760,21.90
62717,314,S2,348.0,32.598,21.90
62718,314,S2,351.0,32.434,21.90
62719,314,S2,354.0,32.301,21.90
62720,314,S2,357.0,32.163,21.90
62721,314,S2,360.0,32.038,21.90
62722,314,S2,363.0,31.840,21.90
62723,314,S2,366.0,31.699,21.90
62724,314,S2,369.0,31.598,21.90
62725,314,S2,372.0,31.499,21.90
62726,314,S2,375.0,31.277,21.90
62727,314,S2,378.0,31.259,21.90
62728,314,S2,381.0,31.100,21.90
62729,314,S2,384.0,30.965,21.90
62730,314,S2,387.0,30.826,21.90
62731,314,S2,390.0,30.657,21.90
62732,314,S2,393.0,30.648,21.90
62733,314,S2,396.0,30.483,21.90
62734,314,S2,399.0,30.375,21.90
62735,314,S2,402.0,30.196,21.90
62736,314,S2,405.0,30.160,21.90
62737,314,S2,408.0,30.041,21.90
62738,314,S2,411.0,29.900,21.90
62739,314,S2,414.0,29.754,21.90
62740,314,S2,417.0,29.721,21.90
62741,314,S2,420.0,29.592,21.90
62742,314,S2,423.0,29.487,21.90
62743,314,S2,426.0,29.371,21.90
62744,314,S2,429.0,29.254,21.90
62745,314,S2,432.0,29.144,21.90
62746,314,S2,435.0,29.159,21.90
62747,314,S2,438.0,28.984,21.90
62748,314,S2,441.0,28.803,21.90
62749,314,S2,444.0,28.814,21.90
62750,314,S2,447.0,28.634,21.90
62751,314,S2,450.0,28.620,21.90
62752,314,S2,453.0,28.549,21.90
62753,314,S2,456.0,28.472,21.90
62754,314,S2,459.0,28.324,21.90
62755,314,S2,462.0,28.259,21.90
62756,314,S2,465.0,28.192,21.90
62757,314,S2,468.0,28.052,21.90
62758,314,S2,471.0,27.965,21.90
62759,314,S2,474.0,27.893,21.90
62760,314,S2,477.0,27.846,21.90
62761,314,S2,480.0,27.824,21.90
62762,314,S2,483.0,27.715,21.90
62763,314,S2,486.0,27.541,21.90
62764,314,S2,489.0,27.529,21.90
62765,314,S2,492.0,27.506,21.90
62766,314,S2,495.0,27.302,21.90
62767,314,S2,498.0,27.217,21.90
62768,314,S2,501.0,27.234,21.90
62769,314,S2,504.0,27.098,21.90
62770,314,S2,507.0,27.053,21.90
62771,314,S2,510.0,26.976,21.90
62772,314,S2,513.0,26.905,21.90
62773,314,S2,516.0,26.857,21.90
62774,314,S2,519.0,26.823,21.90
62775,314,S2,522.0,26.645,21.90
62776,314,S2,525.0,26.715,21.90
62777,314,S2,528.0,26.528,21.90
62778,314,S2,531.0,26.501,21.90
62779,314,S2,534.0,26.371,21.90
62780,314,S2,537.0,26.407,21.90
62781,314,S2,540.0,26.375,21.90
62782,314,S2,543.0,26.264,21.90
62783,314,S2,546.0,26.246,21.90
62784,314,S2,549.0,26.241,21.90
62785,314,S2,552.0,26.030,21.90
62786,314,S2,555.0,26.128,21.90
62787,314,S2,558.0,25.945,21.90
62788,314,S2,561.0,25.947,21.90
62789,314,S2,564.0,25.914,21.90
62790,314,S2,567.0,25.819,21.90
62791,314,S2,570.0,25.749,21.90
62792,314,S2,573.0,25.733,21.90
62793,314,S2,576.0,25.672,21.90
62794,314,S2,579.0,25.589,21.90
62795,314,S2,582.0,25.562,21.90
62796,314,S2,585.0,25.508,21.90
62797,314,S2,588.0,25.467,21.90
62798,314,S2,591.0,25.479,21.90
62799,314,S2,594.0,25.351,21.90
62800,314,S2,597.0,25.346,21.90
62801,315,S3,0.0,75.571,20.99
62802,315,S3,3.0,74.749,20.99
62803,315,S3,6.0,73.838,20.99
62804,315,S3,9.0,73.046,20.99
62805,315,S3,12.0,72.075,20.99
62806,315,S3,15.0,71.257,20.99
62807,315,S3,18.0,70.474,20.99
62808,315,S3,21.0,69.642,20.99
62809,315,S3,24.0,68.817,20.99
62810,315,S3,27.0,68.049,20.99
62811,315,S3,30.0,67.294,20.99
62812,315,S3,33.0,66.579,20.99
62813,315,S3,36.0,65.840,20.99
62814,315,S3,39.0,65.070,20.99
62815,315,S3,42.0,64.341,20.99
62816,315,S3,45.0,63.692,20.99
62817,315,S3,48.0,62.942,20.99
62818,315,S3,51.0,62.365,20.99
62819,315,S3,54.0,61.505,20.99
62820,315,S3,57.0,60.921,20.99
62821,315,S3,60.0,60.266,20.99
62822,315,S3,63.0,59.540,20.99
62823,315,S3,66.0,59.003,20.99
62824,315,S3,69.0,58.422,20.99
62825,315,S3,72.0,57.769,20.99
62826,315,S3,75.0,57.116,20.99
62827,315,S3,78.0,56.548,20.99
62828,315,S3,81.0,56.057,20.99
62829,315,S3,84.0,55.359,20.99
62830,315,S3,87.0,54.903,20.99
62831,315,S3,90.0,54.267,20.99
62832,315,S3,93.0,53.678,20.99
62833,315,S3,96.0,53.160,20.99
62834,315,S3,99.0,52.705,20.99
62835,315,S3,102.0,52.151,20.99
62836,315,S3,105.0,51.710,20.99
62837,315,S3,108.0,51.001,20.99
62838,315,S3,111.0,50.675,20.99
62839,315,S3,114.0,50.216,20.99
62840,315,S3,117.0,49.631,20.99
62841,315,S3,120.0,49.242,20.99
62842,315,S3,123.0,48.762,20.99
62843,315,S3,126.0,48.453,20.99
62844,315,S3,129.0,47.858,20.99
62845,315,S3,132.0,47.417,20.99
62846,315,S3,135.0,46.901,20.99
62847,315,S3,138.0,46.529,20.99
62848,315,S3,141.0,46.113,20.99
62849,315,S3,144.0,45.729,20.99
62850,315,S3,147.0,45.324,20.99
62851,315,S3,150.0,44.974,20.99
62852,315,S3,153.0,44.573,20.99
62853,315,S3,156.0,44.080,20.99
62854,315,S3,159.0,43.842,20.99
62855,315,S3,162.0,43.465,20.99
62856,315,S3,165.0,42.950,20.99
62857,315,S3,168.0,42.627,20.99
62858,315,S3,171.0,42.340,20.99
62859,315,S3,174.0,42.023,20.99
62860,315,S3,177.0,41.658,20.99
62861,315,S3,180.0,41.313,20.99
62862,315,S3,183.0,40.943,20.99
62863,315,S3,186.0,40.633,20.99
62864,315,S3,189.0,40.323,20.99
62865,315,S3,192.0,40.007,20.99
62866,315,S3,195.0,39.607,20.99
62867,315,S3,198.0,39.413,20.99
62868,315,S3,201.0,39.068,20.99
62869,315,S3,204.0,38.872,20.99
62870,315,S3,207.0,38.515,20.99
62871,315,S3,210.0,38.285,20.99
62872,315,S3,213.0,37.870,20.99
62873,315,S3,216.0,37.671,20.99
62874,315,S3,219.0,37.441,20.99
62875,315,S3,222.0,37.136,20.99
62876,315,S3,225.0,36.864,20.99
62877,315,S3,228.0,36.623,20.99
62878,315,S3,231.0,36.268,20.99
62879,315,S3,234.0,36.031,20.99
62880,315,S3,237.0,35.828,20.99
62881,315,S3,240.0,35.529,20.99
62882,315,S3,243.0,35.310,20.99
62883,315,S3,246.0,35.114,20.99
62884,315,S3,249.0,34.841,20.99
62885,315,S3,252.0,34.705,20.99
62886,315,S3,255.0,34.466,20.99
62887,315,S3,258.0,34.176,20.99
62888,315,S3,261.0,33.986,20.99
62889,315,S3,264.0,33.780,20.99
62890,315,S3,267.0,33.521,20.99
62891,315,S3,270.0,33.304,20.99
62892,315,S3,273.0,33.248,20.99
62893,315,S3,276.0,32.962,20.99
62894,315,S3,279.0,32.803,20.99
62895,315,S3,282.0,32.566,20.99
62896,315,S3,285.0,32.317,20.99
62897,315,S3,288.0,32.112,20.99
62898,315,S3,291.0,32.025,20.99
62899,315,S3,294.0,31.815,20.99
62900,315,S3,297.0,31.784,20.99
62901,315,S3,300.0,31.533,20.99
62902,315,S3,303.0,31.315,20.99
62903,315,S3,306.0,31.110,20.99
62904,315,S3,309.0,30.923,20.99
62905,315,S3,312.0,30.874,20.99
62906,315,S3,315.0,30.546,20.99
62907,315,S3,318.0,30.507,20.99
62908,315,S3,321.0,30.309,20.99
62909,315,S3,324.0,30.157,20.99
62910,315,S3,327.0,30.055,20.99
62911,315,S3,330.0,29.952,20.99
62912,315,S3,333.0,29.741,20.99
62913,315,S3,336.0,29.622,20.99
62914,315,S3,339.0,29.451,20.99
62915,315,S3,342.0,29.275,20.99
62916,315,S3,345.0,29.174,20.99
62917,315,S3,348.0,29.097,20.99
62918,315,S3,351.0,28.916,20.99
62919,315,S3,354.0,28.881,20.99
62920,315,S3,357.0,28.754,20.99
62921,315,S3,360.0,28.562,20.99
62922,315,S3,363.0,28.435,20.99
62923,315,S3,366.0,28.215,20.99
62924,315,S3,369.0,28.320,20.99
62925,315,S3,372.0,28.070,20.99
62926,315,S3,375.0,27.944,20.99
62927,315,S3,378.0,27.767,20.99
62928,315,S3,381.0,27.778,20.99
62929,315,S3,384.0,27.645,20.99
62930,315,S3,387.0,27.496,20.99
62931,315,S3,390.0,27.440,20.99
62932,315,S3,393.0,27.353,20.99
62933,315,S3,396.0,27.252,20.99
62934,315,S3,399.0,27.169,20.99
62935,315,S3,402.0,26.992,20.99
62936,315,S3,405.0,26.944,20.99
62937,315,S3,408.0,26.701,20.99
62938,315,S3,411.0,26.680,20.99
62939,315,S3,414.0,26.576,20.99
62940,315,S3,417.0,26.492,20.99
62941,315,S3,420.0,26.506,20.99
62942,315,S3,423.0,26.310,20.99
62943,315,S3,426.0,26.276,20.99
62944,315,S3,429.0,26.147,20.99
62945,315,S3,432.0,26.083,20.99
62946,315,S3,435.0,26.032,20.99
62947,315,S3,438.0,25.907,20.99
62948,315,S3,441.0,25.900,20.99
62949,315,S3,444.0,25.821,20.99
62950,315,S3,447.0,25.632,20.99
62951,315,S3,450.0,25.574,20.99
62952,315,S3,453.0,25.566,20.99
62953,315,S3,456.0,25.375,20.99
62954,315,S3,459.0,25.371,20.99
62955,315,S3,462.0,25.303,20.99
62956,315,S3,465.0,25.239,20.99
62957,315,S3,468.0,25.134,20.99
62958,315,S3,471.0,25.040,20.99
62959,315,S3,474.0,24.963,20.99
62960,315,S3,477.0,24.999,20.99
62961,315,S3,480.0,24.801,20.99
62962,315,S3,483.0,24.836,20.99
62963,315,S3,486.0,24.739,20.99
62964,315,S3,489.0,24.720,20.99
62965,315,S3,492.0,24.597,20.99
62966,315,S3,495.0,24.595,20.99
62967,315,S3,498.0,24.516,20.99
62968,315,S3,501.0,24.499,20.99
62969,315,S3,504.0,24.395,20.99
62970,315,S3,507.0,24.363,20.99
62971,315,S3,510.0,24.239,20.99
62972,315,S3,513.0,24.259,20.99
62973,315,S3,516.0,24.096,20.99
62974,315,S3,519.0,24.230,20.99
62975,315,S3,522.0,24.097,20.99
62976,315,S3,525.0,24.019,20.99
62977,315,S3,528.0,23.978,20.99
62978,315,S3,531.0,23.998,20.99
62979,315,S3,534.0,23.923,20.99
62980,315,S3,537.0,23.880,20.99
62981,315,S3,540.0,23.787,20.99
62982,315,S3,543.0,23.702,20.99
62983,315,S3,546.0,23.785,20.99
62984,315,S3,549.0,23.697,20.99
62985,315,S3,552.0,23.645,20.99
62986,315,S3,555.0,23.555,20.99
62987,315,S3,558.0,23.507,20.99
62988,315,S3,561.0,23.474,20.99
62989,315,S3,564.0,23.484,20.99
62990,315,S3,567.0,23.451,20.99
62991,315,S3,570.0,23.345,20.99
62992,315,S3,573.0,23.395,20.99
62993,315,S3,576.0,23.374,20.99
62994,315,S3,579.0,23.256,20.99
62995,315,S3,582.0,23.158,20.99
62996,315,S3,585.0,23.173,20.99
62997,315,S3,588.0,23.046,20.99
62998,315,S3,591.0,23.077,20.99
62999,315,S3,594.0,23.108,20.99
63000,315,S3,597.0,23.023,20.99
63001,316,S4,0.0,77.455,22.90
63002,316,S4,3.0,76.813,22.90
63003,316,S4,6.0,76.073,22.90
63004,316,S4,9.0,75.424,22.90
63005,316,S4,12.0,74.733,22.90
63006,316,S4,15.0,74.102,22.90
63007,316,S4,18.0,73.523,22.90
63008,316,S4,21.0,72.795,22.90
63009,316,S4,24.0,72.105,22.90
63010,316,S4,27.0,71.429,22.90
63011,316,S4,30.0,70.898,22.90
63012,316,S4,33.0,70.332,22.90
63013,316,S4,36.0,69.642,22.90
63014,316,S4,39.0,69.103,22.90
63015,316,S4,42.0,68.541,22.90
63016,316,S4,45.0,67.916,22.90
63017,316,S4,48.0,67.346,22.90
63018,316,S4,51.0,66.798,22.90
63019,316,S4,54.0,66.248,22.90
63020,316,S4,57.0,65.721,22.90
63021,316,S4,60.0,65.107,22.90
63022,316,S4,63.0,64.605,22.90
63023,316,S4,66.0,64.071,22.90
63024,316,S4,69.0,63.511,22.90
63025,316,S4,72.0,63.013,22.90
63026,316,S4,75.0,62.541,22.90
63027,316,S4,78.0,62.042,22.90
63028,316,S4,81.0,61.439,22.90
63029,316,S4,84.0,60.939,22.90
63030,316,S4,87.0,60.626,22.90
63031,316,S4,90.0,60.047,22.90
63032,316,S4,93.0,59.556,22.90
63033,316,S4,96.0,59.100,22.90
63034,316,S4,99.0,58.660,22.90
63035,316,S4,102.0,58.243,22.90
63036,316,S4,105.0,57.722,22.90
63037,316,S4,108.0,57.335,22.90
63038,316,S4,111.0,56.815,22.90
63039,316,S4,114.0,56.339,22.90
63040,316,S4,117.0,55.890,22.90
63041,316,S4,120.0,55.659,22.90
63042,316,S4,123.0,55.261,22.90
63043,316,S4,126.0,54.718,22.90
63044,316,S4,129.0,54.253,22.90
63045,316,S4,132.0,54.013,22.90
63046,316,S4,135.0,53.493,22.90
63047,316,S4,138.0,53.166,22.90
63048,316,S4,141.0,52.810,22.90
63049,316,S4,144.0,52.322,22.90
63050,316,S4,147.0,51.979,22.90
63051,316,S4,150.0,51.686,22.90
63052,316,S4,153.0,51.222,22.90
63053,316,S4,156.0,50.936,22.90
63054,316,S4,159.0,50.524,22.90
63055,316,S4,162.0,50.137,22.90
63056,316,S4,165.0,49.812,22.90
63057,316,S4,168.0,49.487,22.90
63058,316,S4,171.0,49.163,22.90
63059,316,S4,174.0,48.792,22.90
63060,316,S4,177.0,48.530,22.90
63061,316,S4,180.0,48.244,22.90
63062,316,S4,183.0,47.809,22.90
63063,316,S4,186.0,47.518,22.90
63064,316,S4,189.0,47.211,22.90
63065,316,S4,192.0,46.837,22.90
63066,316,S4,195.0,46.672,22.90
63067,316,S4,198.0,46.234,22.90
63068,316,S4,201.0,45.944,22.90
63069,316,S4,204.0,45.671,22.90
63070,316,S4,207.0,45.448,22.90
63071,316,S4,210.0,45.076,22.90
63072,316,S4,213.0,44.882,22.90
63073,316,S4,216.0,44.545,22.90
63074,316,S4,219.0,44.233,22.90
63075,316,S4,222.0,44.047,22.90
63076,316,S4,225.0,43.712,22.90
63077,316,S4,228.0,43.420,22.90
63078,316,S4,231.0,43.216,22.90
63079,316,S4,234.0,42.927,22.90
63080,316,S4,237.0,42.618,22.90
63081,316,S4,240.0,42.353,22.90
63082,316,S4,243.0,42.214,22.90
63083,316,S4,246.0,41.987,22.90
63084,316,S4,249.0,41.756,22.90
63085,316,S4,252.0,41.511,22.90
63086,316,S4,255.0,41.257,22.90
63087,316,S4,258.0,40.928,22.90
63088,316,S4,261.0,40.746,22.90
63089,316,S4,264.0,40.632,22.90
63090,316,S4,267.0,40.289,22.90
63091,316,S4,270.0,40.088,22.90
63092,316,S4,273.0,39.985,22.90
63093,316,S4,276.0,39.611,22.90
63094,316,S4,279.0,39.474,22.90
63095,316,S4,282.0,39.248,22.90
63096,316,S4,285.0,38.979,22.90
63097,316,S4,288.0,38.863,22.90
63098,316,S4,291.0,38.594,22.90
63099,316,S4,294.0,38.447,22.90
63100,316,S4,297.0,38.270,22.90
63101,316,S4,300.0,38.007,22.90
63102,316,S4,303.0,37.721,22.90
63103,316,S4,306.0,37.664,22.90
63104,316,S4,309.0,37.523,22.90
63105,316,S4,312.0,37.281,22.90
63106,316,S4,315.0,37.106,22.90
63107,316,S4,318.0,36.914,22.90
63108,316,S4,321.0,36.724,22.90
63109,316,S4,324.0,36.566,22.90
63110,316,S4,327.0,36.295,22.90
63111,316,S4,330.0,36.218,22.90
63112,316,S4,333.0,35.941,22.90
63113,316,S4,336.0,35.849,22.90
63114,316,S4,339.0,35.601,22.90
63115,316,S4,342.0,35.490,22.90
63116,316,S4,345.0,35.359,22.90
63117,316,S4,348.0,35.152,22.90
63118,316,S4,351.0,35.018,22.90
63119,316,S4,354.0,34.898,22.90
63120,316,S4,357.0,34.751,22.90
63121,316,S4,360.0,34.587,22.90
63122,316,S4,363.0,34.360,22.90
63123,316,S4,366.0,34.346,22.90
63124,316,S4,369.0,34.057,22.90
63125,316,S4,372.0,34.071,22.90
63126,316,S4,375.0,33.845,22.90
63127,316,S4,378.0,33.823,22.90
63128,316,S4,381.0,33.595,22.90
63129,316,S4,384.0,33.403,22.90
63130,316,S4,387.0,33.407,22.90
63131,316,S4,390.0,33.230,22.90
63132,316,S4,393.0,33.029,22.90
63133,316,S4,396.0,32.847,22.90
63134,316,S4,399.0,32.836,22.90
63135,316,S4,402.0,32.625,22.90
63136,316,S4,405.0,32.548,22.90
63137,316,S4,408.0,32.367,22.90
63138,316,S4,411.0,32.362,22.90
63139,316,S4,414.0,32.096,22.90
63140,316,S4,417.0,31.984,22.90
63141,316,S4,420.0,31.895,22.90
63142,316,S4,423.0,31.807,22.90
63143,316,S4,426.0,31.699,22.90
63144,316,S4,429.0,31.567,22.90
63145,316,S4,432.0,31.483,22.90
63146,316,S4,435.0,31.339,22.90
63147,316,S4,438.0,31.237,22.90
63148,316,S4,441.0,31.148,22.90
63149,316,S4,444.0,31.094,22.90
63150,316,S4,447.0,30.852,22.90
63151,316,S4,450.0,30.872,22.90
63152,316,S4,453.0,30.675,22.90
63153,316,S4,456.0,30.683,22.90
63154,316,S4,459.0,30.548,22.90
63155,316,S4,462.0,30.426,22.90
63156,316,S4,465.0,30.327,22.90
63157,316,S4,468.0,30.267,22.90
63158,316,S4,471.0,30.240,22.90
63159,316,S4,474.0,30.099,22.90
63160,316,S4,477.0,29.975,22.90
63161,316,S4,480.0,29.818,22.90
63162,316,S4,483.0,29.791,22.90
63163,316,S4,486.0,29.716,22.90
63164,316,S4,489.0,29.640,22.90
63165,316,S4,492.0,29.524,22.90
63166,316,S4,495.0,29.508,22.90
63167,316,S4,498.0,29.362,22.90
63168,316,S4,501.0,29.380,22.90
63169,316,S4,504.0,29.296,22.90
63170,316,S4,507.0,29.073,22.90
63171,316,S4,510.0,29.085,22.90
63172,316,S4,513.0,29.000,22.90
63173,316,S4,516.0,28.795,22.90
63174,316,S4,519.0,28.852,22.90
63175,316,S4,522.0,28.699,22.90
63176,316,S4,525.0,28.648,22.90
63177,316,S4,528.0,28.590,22.90
63178,316,S4,531.0,28.520,22.90
63179,316,S4,534.0,28.464,22.90
63180,316,S4,537.0,28.294,22.90
63181,316,S4,540.0,28.321,22.90
63182,316,S4,543.0,28.331,22.90
63183,316,S4,546.0,28.131,22.90
63184,316,S4,549.0,28.146,22.90
63185,316,S4,552.0,27.981,22.90
63186,316,S4,555.0,27.945,22.90
63187,316,S4,558.0,27.858,22.90
63188,316,S4,561.0,27.854,22.90
63189,316,S4,564.0,27.840,22.90
63190,316,S4,567.0,27.683,22.90
63191,316,S4,570.0,27.656,22.90
63192,316,S4,573.0,27.564,22.90
63193,316,S4,576.0,27.536,22.90
63194,316,S4,579.0,27.518,22.90
63195,316,S4,582.0,27.389,22.90
63196,316,S4,585.0,27.330,22.90
63197,316,S4,588.0,27.339,22.90
63198,316,S4,591.0,27.259,22.90
63199,316,S4,594.0,27.131,22.90
63200,316,S4,597.0,27.154,22.90
63201,317,S1,0.0,86.638,22.26
63202,317,S1,3.0,85.683,22.26
63203,317,S1,6.0,84.881,22.26
63204,317,S1,9.0,84.021,22.26
63205,317,S1,12.0,83.237,22.26
63206,317,S1,15.0,82.396,22.26
63207,317,S1,18.0,81.519,22.26
63208,317,S1,21.0,80.794,22.26
63209,317,S1,24.0,79.970,22.26
63210,317,S1,27.0,79.221,22.26
63211,317,S1,30.0,78.409,22.26
63212,317,S1,33.0,77.727,22.26
63213,317,S1,36.0,76.989,22.26
63214,317,S1,39.0,76.290,22.26
63215,317,S1,42.0,75.452,22.26
63216,317,S1,45.0,74.804,22.26
63217,317,S1,48.0,74.053,22.26
63218,317,S1,51.0,73.386,22.26
63219,317,S1,54.0,72.663,22.26
63220,317,S1,57.0,72.005,22.26
63221,317,S1,60.0,71.372,22.26
63222,317,S1,63.0,70.761,22.26
63223,317,S1,66.0,70.082,22.26
63224,317,S1,69.0,69.502,22.26
63225,317,S1,72.0,68.750,22.26
63226,317,S1,75.0,68.163,22.26
63227,317,S1,78.0,67.429,22.26
63228,317,S1,81.0,66.852,22.26
63229,317,S1,84.0,66.238,22.26
63230,317,S1,87.0,65.698,22.26
63231,317,S1,90.0,65.105,22.26
63232,317,S1,93.0,64.490,22.26
63233,317,S1,96.0,63.908,22.26
63234,317,S1,99.0,63.437,22.26
63235,317,S1,102.0,62.928,22.26
63236,317,S1,105.0,62.336,22.26
63237,317,S1,108.0,61.729,22.26
63238,317,S1,111.0,61.107,22.26
63239,317,S1,114.0,60.793,22.26
63240,317,S1,117.0,60.288,22.26
63241,317,S1,120.0,59.704,22.26
63242,317,S1,123.0,59.143,22.26
63243,317,S1,126.0,58.733,22.26
63244,317,S1,129.0,58.118,22.26
63245,317,S1,132.0,57.784,22.26
63246,317,S1,135.0,57.232,22.26
63247,317,S1,138.0,56.764,22.26
63248,317,S1,141.0,56.270,22.26
63249,317,S1,144.0,55.838,22.26
63250,317,S1,147.0,55.411,22.26
63251,317,S1,150.0,54.976,22.26
63252,317,S1,153.0,54.408,22.26
63253,317,S1,156.0,53.984,22.26
63254,317,S1,159.0,53.627,22.26
63255,317,S1,162.0,53.041,22.26
63256,317,S1,165.0,52.799,22.26
63257,317,S1,168.0,52.313,22.26
63258,317,S1,171.0,51.926,22.26
63259,317,S1,174.0,51.602,22.26
63260,317,S1,177.0,51.171,22.26
63261,317,S1,180.0,50.803,22.26
63262,317,S1,183.0,50.337,22.26
63263,317,S1,186.0,49.909,22.26
63264,317,S1,189.0,49.643,22.26
63265,317,S1,192.0,49.261,22.26
63266,317,S1,195.0,48.934,22.26
63267,317,S1,198.0,48.635,22.26
63268,317,S1,201.0,48.240,22.26
63269,317,S1,204.0,47.805,22.26
63270,317,S1,207.0,47.470,22.26
63271,317,S1,210.0,47.261,22.26
63272,317,S1,213.0,46.765,22.26
63273,317,S1,216.0,46.489,22.26
63274,317,S1,219.0,46.257,22.26
63275,317,S1,222.0,45.852,22.26
63276,317,S1,225.0,45.509,22.26
63277,317,S1,228.0,45.229,22.26
63278,317,S1,231.0,44.975,22.26
63279,317,S1,234.0,44.596,22.26
63280,317,S1,237.0,44.307,22.26
63281,317,S1,240.0,43.979,22.26
63282,317,S1,243.0,43.672,22.26
63283,317,S1,246.0,43.418,22.26
63284,317,S1,249.0,43.267,22.26
63285,317,S1,252.0,42.920,22.26
63286,317,S1,255.0,42.654,22.26
63287,317,S1,258.0,42.417,22.26
63288,317,S1,261.0,42.089,22.26
63289,317,S1,264.0,41.684,22.26
63290,317,S1,267.0,41.532,22.26
63291,317,S1,270.0,41.319,22.26
63292,317,S1,273.0,40.964,22.26
63293,317,S1,276.0,40.724,22.26
63294,317,S1,279.0,40.486,22.26
63295,317,S1,282.0,40.277,22.26
63296,317,S1,285.0,39.918,22.26
63297,317,S1,288.0,39.618,22.26
63298,317,S1,291.0,39.426,22.26
63299,317,S1,294.0,39.296,22.26
63300,317,S1,297.0,39.026,22.26
63301,317,S1,300.0,38.937,22.26
63302,317,S1,303.0,38.666,22.26
63303,317,S1,306.0,38.375,22.26
63304,317,S1,309.0,38.252,22.26
63305,317,S1,312.0,38.005,22.26
63306,317,S1,315.0,37.697,22.26
63307,317,S1,318.0,37.533,22.26
63308,317,S1,321.0,37.364,22.26
63309,317,S1,324.0,37.143,22.26
63310,317,S1,327.0,36.982,22.26
63311,317,S1,330.0,36.805,22.26
63312,317,S1,333.0,36.594,22.26
63313,317,S1,336.0,36.347,22.26
63314,317,S1,339.0,36.241,22.26
63315,317,S1,342.0,35.998,22.26
63316,317,S1,345.0,35.775,22.26
63317,317,S1,348.0,35.589,22.26
63318,317,S1,351.0,35.419,22.26
63319,317,S1,354.0,35.287,22.26
63320,317,S1,357.0,35.087,22.26
63321,317,S1,360.0,34.888,22.26
63322,317,S1,363.0,34.664,22.26
63323,317,S1,366.0,34.542,22.26
63324,317,S1,369.0,34.428,22.26
63325,317,S1,372.0,34.276,22.26
63326,317,S1,375.0,34.075,22.26
63327,317,S1,378.0,33.913,22.26
63328,317,S1,381.0,33.829,22.26
63329,317,S1,384.0,33.650,22.26
63330,317,S1,387.0,33.441,22.26
63331,317,S1,390.0,33.293,22.26
63332,317,S1,393.0,33.154,22.26
63333,317,S1,396.0,32.976,22.26
63334,317,S1,399.0,32.872,22.26
63335,317,S1,402.0,32.720,22.26
63336,317,S1,405.0,32.651,22.26
63337,317,S1,408.0,32.375,22.26
63338,317,S1,411.0,32.285,22.26
63339,317,S1,414.0,32.210,22.26
63340,317,S1,417.0,32.013,22.26
63341,317,S1,420.0,31.878,22.26
63342,317,S1,423.0,31.695,22.26
63343,317,S1,426.0,31.668,22.26
63344,317,S1,429.0,31.553,22.26
63345,317,S1,432.0,31.308,22.26
63346,317,S1,435.0,31.239,22.26
63347,317,S1,438.0,31.109,22.26
63348,317,S1,441.0,31.067,22.26
63349,317,S1,444.0,30.892,22.26
63350,317,S1,447.0,30.863,22.26
63351,317,S1,450.0,30.617,22.26
63352,317,S1,453.0,30.447,22.26
63353,317,S1,456.0,30.517,22.26
63354,317,S1,459.0,30.415,22.26
63355,317,S1,462.0,30.182,22.26
63356,317,S1,465.0,30.124,22.26
63357,317,S1,468.0,30.101,22.26
63358,317,S1,471.0,29.975,22.26
63359,317,S1,474.0,29.778,22.26
63360,317,S1,477.0,29.781,22.26
63361,317,S1,480.0,29.631,22.26
63362,317,S1,483.0,29.566,22.26
63363,317,S1,486.0,29.386,22.26
63364,317,S1,489.0,29.429,22.26
63365,317,S1,492.0,29.111,22.26
63366,317,S1,495.0,29.244,22.26
63367,317,S1,498.0,29.139,22.26
63368,317,S1,501.0,28.964,22.26
63369,317,S1,504.0,28.830,22.26
63370,317,S1,507.0,28.779,22.26
63371,317,S1,510.0,28.724,22.26
63372,317,S1,513.0,28.616,22.26
63373,317,S1,516.0,28.551,22.26
63374,317,S1,519.0,28.463,22.26
63375,317,S1,522.0,28.385,22.26
63376,317,S1,525.0,28.305,22.26
63377,317,S1,528.0,28.208,22.26
63378,317,S1,531.0,28.056,22.26
63379,317,S1,534.0,28.016,22.26
63380,317,S1,537.0,27.860,22.26
63381,317,S1,540.0,27.941,22.26
63382,317,S1,543.0,27.719,22.26
63383,317,S1,546.0,27.651,22.26
63384,317,S1,549.0,27.565,22.26
63385,317,S1,552.0,27.544,22.26
63386,317,S1,555.0,27.432,22.26
63387,317,S1,558.0,27.374,22.26
63388,317,S1,561.0,27.421,22.26
63389,317,S1,564.0,27.241,22.26
63390,317,S1,567.0,27.142,22.26
63391,317,S1,570.0,27.145,22.26
63392,317,S1,573.0,27.069,22.26
63393,317,S1,576.0,26.960,22.26
63394,317,S1,579.0,26.950,22.26
63395,317,S1,582.0,26.851,22.26
63396,317,S1,585.0,26.782,22.26
63397,317,S1,588.0,26.815,22.26
63398,317,S1,591.0,26.722,22.26
63399,317,S1,594.0,26.605,22.26
63400,317,S1,597.0,26.608,22.26
63401,318,S2,0.0,86.555,21.36
63402,318,S2,3.0,85.510,21.36
63403,318,S2,6.0,84.295,21.36
63404,318,S2,9.0,83.211,21.36
63405,318,S2,12.0,82.183,21.36
63406,318,S2,15.0,81.218,21.36
63407,318,S2,18.0,80.141,21.36
63408,318,S2,21.0,78.985,21.36
63409,318,S2,24.0,78.081,21.36
63410,318,S2,27.0,77.170,21.36
63411,318,S2,30.0,76.260,21.36
63412,318,S2,33.0,75.320,21.36
63413,318,S2,36.0,74.381,21.36
63414,318,S2,39.0,73.517,21.36
63415,318,S2,42.0,72.577,21.36
63416,318,S2,45.0,71.787,21.36
63417,318,S2,48.0,70.847,21.36
63418,318,S2,51.0,70.005,21.36
63419,318,S2,54.0,69.119,21.36
63420,318,S2,57.0,68.434,21.36
63421,318,S2,60.0,67.629,21.36
63422,318,S2,63.0,66.797,21.36
63423,318,S2,66.0,66.017,21.36
63424,318,S2,69.0,65.218,21.36
63425,318,S2,72.0,64.504,21.36
63426,318,S2,75.0,63.672,21.36
63427,318,S2,78.0,63.047,21.36
63428,318,S2,81.0,62.362,21.36
63429,318,S2,84.0,61.585,21.36
63430,318,S2,87.0,60.841,21.36
63431,318,S2,90.0,60.173,21.36
63432,318,S2,93.0,59.598,21.36
63433,318,S2,96.0,58.983,21.36
63434,318,S2,99.0,58.297,21.36
63435,318,S2,102.0,57.700,21.36
63436,318,S2,105.0,57.017,21.36
63437,318,S2,108.0,56.433,21.36
63438,318,S2,111.0,55.812,21.36
63439,318,S2,114.0,55.313,21.36
63440,318,S2,117.0,54.678,21.36
63441,318,S2,120.0,54.102,21.36
63442,318,S2,123.0,53.556,21.36
63443,318,S2,126.0,52.987,21.36
63444,318,S2,129.0,52.452,21.36
63445,318,S2,132.0,51.895,21.36
63446,318,S2,135.0,51.423,21.36
63447,318,S2,138.0,50.941,21.36
63448,318,S2,141.0,50.355,21.36
63449,318,S2,144.0,49.907,21.36
63450,318,S2,147.0,49.340,21.36
63451,318,S2,150.0,48.863,21.36
63452,318,S2,153.0,48.431,21.36
63453,318,S2,156.0,48.029,21.36
63454,318,S2,159.0,47.499,21.36
63455,318,S2,162.0,47.048,21.36
63456,318,S2,165.0,46.652,21.36
63457,318,S2,168.0,46.215,21.36
63458,318,S2,171.0,45.754,21.36
63459,318,S2,174.0,45.325,21.36
63460,318,S2,177.0,44.991,21.36
63461,318,S2,180.0,44.546,21.36
63462,318,S2,183.0,44.163,21.36
63463,318,S2,186.0,43.823,21.36
63464,318,S2,189.0,43.389,21.36
63465,318,S2,192.0,43.048,21.36
63466,318,S2,195.0,42.595,21.36
63467,318,S2,198.0,42.332,21.36
63468,318,S2,201.0,41.845,21.36
63469,318,S2,204.0,41.595,21.36
63470,318,S2,207.0,41.223,21.36
63471,318,S2,210.0,40.902,21.36
63472,318,S2,213.0,40.493,21.36
63473,318,S2,216.0,40.250,21.36
63474,318,S2,219.0,39.803,21.36
63475,318,S2,222.0,39.581,21.36
63476,318,S2,225.0,39.282,21.36
63477,318,S2,228.0,39.002,21.36
63478,318,S2,231.0,38.583,21.36
63479,318,S2,234.0,38.315,21.36
63480,318,S2,237.0,38.111,21.36
63481,318,S2,240.0,37.839,21.36
63482,318,S2,243.0,37.574,21.36
63483,318,S2,246.0,37.172,21.36
63484,318,S2,249.0,37.005,21.36
63485,318,S2,252.0,36.750,21.36
63486,318,S2,255.0,36.453,21.36
63487,318,S2,258.0,36.212,21.36
63488,318,S2,261.0,35.980,21.36
63489,318,S2,264.0,35.743,21.36
63490,318,S2,267.0,35.484,21.36
63491,318,S2,270.0,35.263,21.36
63492,318,S2,273.0,34.979,21.36
63493,318,S2,276.0,34.769,21.36
63494,318,S2,279.0,34.498,21.36
63495,318,S2,282.0,34.211,21.36
63496,318,S2,285.0,34.044,21.36
63497,318,S2,288.0,33.801,21.36
63498,318,S2,291.0,33.629,21.36
63499,318,S2,294.0,33.331,21.36
63500,318,S2,297.0,33.195,21.36
63501,318,S2,300.0,33.010,21.36
63502,318,S2,303.0,32.796,21.36
63503,318,S2,306.0,32.661,21.36
63504,318,S2,309.0,32.393,21.36
63505,318,S2,312.0,32.235,21.36
63506,318,S2,315.0,32.025,21.36
63507,318,S2,318.0,31.793,21.36
63508,318,S2,321.0,31.704,21.36
63509,318,S2,324.0,31.568,21.36
63510,318,S2,327.0,31.371,21.36
63511,318,S2,330.0,31.205,21.36
63512,318,S2,333.0,31.055,21.36
63513,318,S2,336.0,30.765,21.36
63514,318,S2,339.0,30.673,21.36
63515,318,S2,342.0,30.532,21.36
63516,318,S2,345.0,30.428,21.36
63517,318,S2,348.0,30.211,21.36
63518,318,S2,351.0,29.991,21.36
63519,318,S2,354.0,29.916,21.36
63520,318,S2,357.0,29.720,21.36
63521,318,S2,360.0,29.615,21.36
63522,318,S2,363.0,29.470,21.36
63523,318,S2,366.0,29.397,21.36
63524,318,S2,369.0,29.159,21.36
63525,318,S2,372.0,29.111,21.36
63526,318,S2,375.0,28.919,21.36
63527,318,S2,378.0,28.879,21.36
63528,318,S2,381.0,28.622,21.36
63529,318,S2,384.0,28.557,21.36
63530,318,S2,387.0,28.435,21.36
63531,318,S2,390.0,28.384,21.36
63532,318,S2,393.0,28.234,21.36
63533,318,S2,396.0,28.022,21.36
63534,318,S2,399.0,28.009,21.36
63535,318,S2,402.0,27.801,21.36
63536,318,S2,405.0,27.736,21.36
63537,318,S2,408.0,27.685,21.36
63538,318,S2,411.0,27.383,21.36
63539,318,S2,414.0,27.437,21.36
63540,318,S2,417.0,27.323,21.36
63541,318,S2,420.0,27.229,21.36
63542,318,S2,423.0,27.221,21.36
63543,318,S2,426.0,27.022,21.36
63544,318,S2,429.0,26.820,21.36
63545,318,S2,432.0,26.742,21.36
63546,318,S2,435.0,26.701,21.36
63547,318,S2,438.0,26.612,21.36
63548,318,S2,441.0,26.553,21.36
63549,318,S2,444.0,26.406,21.36
63550,318,S2,447.0,26.384,21.36
63551,318,S2,450.0,26.331,21.36
63552,318,S2,453.0,26.210,21.36
63553,318,S2,456.0,26.088,21.36
63554,318,S2,459.0,25.993,21.36
63555,318,S2,462.0,25.971,21.36
63556,318,S2,465.0,25.974,21.36
63557,318,S2,468.0,25.819,21.36
63558,318,S2,471.0,25.681,21.36
63559,318,S2,474.0,25.660,21.36
63560,318,S2,477.0,25.572,21.36
63561,318,S2,480.0,25.452,21.36
63562,318,S2,483.0,25.390,21.36
63563,318,S2,486.0,25.391,21.36
63564,318,S2,489.0,25.213,21.36
63565,318,S2,492.0,25.200,21.36
63566,318,S2,495.0,25.187,21.36
63567,318,S2,498.0,25.125,21.36
63568,318,S2,501.0,25.029,21.36
63569,318,S2,504.0,24.950,21.36
63570,318,S2,507.0,24.898,21.36
63571,318,S2,510.0,24.904,21.36
63572,318,S2,513.0,24.836,21.36
63573,318,S2,516.0,24.754,21.36
63574,318,S2,519.0,24.648,21.36
63575,318,S2,522.0,24.618,21.36
63576,318,S2,525.0,24.557,21.36
63577,318,S2,528.0,24.504,21.36
63578,318,S2,531.0,24.457,21.36
63579,318,S2,534.0,24.437,21.36
63580,318,S2,537.0,24.341,21.36
63581,318,S2,540.0,24.300,21.36
63582,318,S2,543.0,24.270,21.36
63583,318,S2,546.0,24.170,21.36
63584,318,S2,549.0,24.057,21.36
63585,318,S2,552.0,24.106,21.36
63586,318,S2,555.0,23.997,21.36
63587,318,S2,558.0,24.070,21.36
63588,318,S2,561.0,23.968,21.36
63589,318,S2,564.0,23.891,21.36
63590,318,S2,567.0,23.915,21.36
63591,318,S2,570.0,23.828,21.36
63592,318,S2,573.0,23.674,21.36
63593,318,S2,576.0,23.769,21.36
63594,318,S2,579.0,23.792,21.36
63595,318,S2,582.0,23.705,21.36
63596,318,S2,585.0,23.542,21.36
63597,318,S2,588.0,23.508,21.36
63598,318,S2,591.0,23.654,21.36
63599,318,S2,594.0,23.481,21.36
63600,318,S2,597.0,23.451,21.36
63601,319,S3,0.0,82.159,20.32
63602,319,S3,3.0,80.841,20.32
63603,319,S3,6.0,79.557,20.32
63604,319,S3,9.0,78.219,20.32
63605,319,S3,12.0,77.099,20.32
63606,319,S3,15.0,75.769,20.32
63607,319,S3,18.0,74.650,20.32
63608,319,S3,21.0,73.434,20.32
63609,319,S3,24.0,72.371,20.32
63610,319,S3,27.0,71.239,20.32
63611,319,S3,30.0,70.071,20.32
63612,319,S3,33.0,69.102,20.32
63613,319,S3,36.0,68.068,20.32
63614,319,S3,39.0,66.985,20.32
63615,319,S3,42.0,65.979,20.32
63616,319,S3,45.0,65.020,20.32
63617,319,S3,48.0,64.043,20.32
63618,319,S3,51.0,63.172,20.32
63619,319,S3,54.0,62.243,20.32
63620,319,S3,57.0,61.435,20.32
63621,319,S3,60.0,60.491,20.32
63622,319,S3,63.0,59.665,20.32
63623,319,S3,66.0,58.761,20.32
63624,319,S3,69.0,57.949,20.32
63625,319,S3,72.0,57.212,20.32
63626,319,S3,75.0,56.306,20.32
63627,319,S3,78.0,55.521,20.32
63628,319,S3,81.0,54.837,20.32
63629,319,S3,84.0,54.063,20.32
63630,319,S3,87.0,53.428,20.32
63631,319,S3,90.0,52.706,20.32
63632,319,S3,93.0,51.991,20.32
63633,319,S3,96.0,51.180,20.32
63634,319,S3,99.0,50.612,20.32
63635,319,S3,102.0,50.015,20.32
63636,319,S3,105.0,49.432,20.32
63637,319,S3,108.0,48.726,20.32
63638,319,S3,111.0,48.232,20.32
63639,319,S3,114.0,47.626,20.32
63640,319,S3,117.0,46.926,20.32
63641,319,S3,120.0,46.456,20.32
63642,319,S3,123.0,45.842,20.32
63643,319,S3,126.0,45.362,20.32
63644,319,S3,129.0,44.775,20.32
63645,319,S3,132.0,44.080,20.32
63646,319,S3,135.0,43.774,20.32
63647,319,S3,138.0,43.286,20.32
63648,319,S3,141.0,42.697,20.32
63649,319,S3,144.0,42.373,20.32
63650,319,S3,147.0,41.852,20.32
63651,319,S3,150.0,41.357,20.32
63652,319,S3,153.0,40.937,20.32
63653,319,S3,156.0,40.453,20.32
63654,319,S3,159.0,39.982,20.32
63655,319,S3,162.0,39.623,20.32
63656,319,S3,165.0,39.176,20.32
63657,319,S3,168.0,38.862,20.32
63658,319,S3,171.0,38.443,20.32
63659,319,S3,174.0,38.024,20.32
63660,319,S3,177.0,37.562,20.32
63661,319,S3,180.0,37.239,20.32
63662,319,S3,183.0,36.816,20.32
63663,319,S3,186.0,36.532,20.32
63664,319,S3,189.0,36.217,20.32
63665,319,S3,192.0,35.774,20.32
63666,319,S3,195.0,35.532,20.32
63667,319,S3,198.0,35.235,20.32
63668,319,S3,201.0,34.944,20.32
63669,319,S3,204.0,34.588,20.32
63670,319,S3,207.0,34.278,20.32
63671,319,S3,210.0,33.916,20.32
63672,319,S3,213.0,33.693,20.32
63673,319,S3,216.0,33.462,20.32
63674,319,S3,219.0,33.104,20.32
63675,319,S3,222.0,32.955,20.32
63676,319,S3,225.0,32.566,20.32
63677,319,S3,228.0,32.329,20.32
63678,319,S3,231.0,32.118,20.32
63679,319,S3,234.0,31.819,20.32
63680,319,S3,237.0,31.559,20.32
63681,319,S3,240.0,31.248,20.32
63682,319,S3,243.0,31.051,20.32
63683,319,S3,246.0,30.846,20.32
63684,319,S3,249.0,30.599,20.32
63685,319,S3,252.0,30.397,20.32
63686,319,S3,255.0,30.172,20.32
63687,319,S3,258.0,30.022,20.32
63688,319,S3,261.0,29.751,20.32
63689,319,S3,264.0,29.631,20.32
63690,319,S3,267.0,29.369,20.32
63691,319,S3,270.0,29.085,20.32
63692,319,S3,273.0,28.973,20.32
63693,319,S3,276.0,28.820,20.32
63694,319,S3,279.0,28.762,20.32
63695,319,S3,282.0,28.396,20.32
63696,319,S3,285.0,28.276,20.32
63697,319,S3,288.0,28.117,20.32
63698,319,S3,291.0,27.942,20.32
63699,319,S3,294.0,27.712,20.32
63700,319,S3,297.0,27.663,20.32
63701,319,S3,300.0,27.418,20.32
63702,319,S3,303.0,27.312,20.32
63703,319,S3,306.0,27.206,20.32
63704,319,S3,309.0,27.044,20.32
63705,319,S3,312.0,26.914,20.32
63706,319,S3,315.0,26.767,20.32
63707,319,S3,318.0,26.574,20.32
63708,319,S3,321.0,26.437,20.32
63709,319,S3,324.0,26.330,20.32
63710,319,S3,327.0,26.184,20.32
63711,319,S3,330.0,26.137,20.32
63712,319,S3,333.0,26.010,20.32
63713,319,S3,336.0,25.837,20.32
63714,319,S3,339.0,25.696,20.32
63715,319,S3,342.0,25.552,20.32
63716,319,S3,345.0,25.517,20.32
63717,319,S3,348.0,25.342,20.32
63718,319,S3,351.0,25.247,20.32
63719,319,S3,354.0,25.166,20.32
63720,319,S3,357.0,25.098,20.32
63721,319,S3,360.0,24.942,20.32
63722,319,S3,363.0,24.926,20.32
63723,319,S3,366.0,24.842,20.32
63724,319,S3,369.0,24.712,20.32
63725,319,S3,372.0,24.583,20.32
63726,319,S3,375.0,24.446,20.32
63727,319,S3,378.0,24.474,20.32
63728,319,S3,381.0,24.278,20.32
63729,319,S3,384.0,24.207,20.32
63730,319,S3,387.0,24.218,20.32
63731,319,S3,390.0,24.022,20.32
63732,319,S3,393.0,23.947,20.32
63733,319,S3,396.0,23.945,20.32
63734,319,S3,399.0,23.830,20.32
63735,319,S3,402.0,23.805,20.32
63736,319,S3,405.0,23.653,20.32
63737,319,S3,408.0,23.581,20.32
63738,319,S3,411.0,23.492,20.32
63739,319,S3,414.0,23.459,20.32
63740,319,S3,417.0,23.437,20.32
63741,319,S3,420.0,23.329,20.32
63742,319,S3,423.0,23.190,20.32
63743,319,S3,426.0,23.143,20.32
63744,319,S3,429.0,23.223,20.32
63745,319,S3,432.0,23.009,20.32
63746,319,S3,435.0,23.084,20.32
63747,319,S3,438.0,22.884,20.32
63748,319,S3,441.0,22.932,20.32
63749,319,S3,444.0,22.821,20.32
63750,319,S3,447.0,22.854,20.32
63751,319,S3,450.0,22.792,20.32
63752,319,S3,453.0,22.726,20.32
63753,319,S3,456.0,22.721,20.32
63754,319,S3,459.0,22.591,20.32
63755,319,S3,462.0,22.578,20.32
63756,319,S3,465.0,22.416,20.32
63757,319,S3,468.0,22.359,20.32
63758,319,S3,471.0,22.368,20.32
63759,319,S3,474.0,22.441,20.32
63760,319,S3,477.0,22.347,20.32
63761,319,S3,480.0,22.281,20.32
63762,319,S3,483.0,22.237,20.32
63763,319,S3,486.0,22.161,20.32
63764,319,S3,489.0,22.156,20.32
63765,319,S3,492.0,22.169,20.32
63766,319,S3,495.0,22.140,20.32
63767,319,S3,498.0,22.014,20.32
63768,319,S3,501.0,22.006,20.32
63769,319,S3,504.0,22.055,20.32
63770,319,S3,507.0,21.832,20.32
63771,319,S3,510.0,21.897,20.32
63772,319,S3,513.0,21.797,20.32
63773,319,S3,516.0,21.848,20.32
63774,319,S3,519.0,21.749,20.32
63775,319,S3,522.0,21.723,20.32
63776,319,S3,525.0,21.678,20.32
63777,319,S3,528.0,21.673,20.32
63778,319,S3,531.0,21.552,20.32
63779,319,S3,534.0,21.672,20.32
63780,319,S3,537.0,21.595,20.32
63781,319,S3,540.0,21.638,20.32
63782,319,S3,543.0,21.537,20.32
63783,319,S3,546.0,21.629,20.32
63784,319,S3,549.0,21.531,20.32
63785,319,S3,552.0,21.588,20.32
63786,319,S3,555.0,21.570,20.32
63787,319,S3,558.0,21.418,20.32
63788,319,S3,561.0,21.457,20.32
63789,319,S3,564.0,21.353,20.32
63790,319,S3,567.0,21.422,20.32
63791,319,S3,570.0,21.286,20.32
63792,319,S3,573.0,21.353,20.32
63793,319,S3,576.0,21.271,20.32
63794,319,S3,579.0,21.229,20.32
63795,319,S3,582.0,21.292,20.32
63796,319,S3,585.0,21.369,20.32
63797,319,S3,588.0,21.258,20.32
63798,319,S3,591.0,21.305,20.32
63799,319,S3,594.0,21.170,20.32
63800,319,S3,597.0,21.210,20.32
63801,320,S4,0.0,93.950,21.45
63802,320,S4,3.0,91.770,21.45
63803,320,S4,6.0,89.554,21.45
63804,320,S4,9.0,87.338,21.45
63805,320,S4,12.0,85.439,21.45
63806,320,S4,15.0,83.381,21.45
63807,320,S4,18.0,81.493,21.45
63808,320,S4,21.0,79.682,21.45
63809,320,S4,24.0,77.707,21.45
63810,320,S4,27.0,76.068,21.45
63811,320,S4,30.0,74.363,21.45
63812,320,S4,33.0,72.835,21.45
63813,320,S4,36.0,71.182,21.45
63814,320,S4,39.0,69.767,21.45
63815,320,S4,42.0,68.176,21.45
63816,320,S4,45.0,66.757,21.45
63817,320,S4,48.0,65.271,21.45
63818,320,S4,51.0,63.974,21.45
63819,320,S4,54.0,62.628,21.45
63820,320,S4,57.0,61.402,21.45
63821,320,S4,60.0,60.199,21.45
63822,320,S4,63.0,58.871,21.45
63823,320,S4,66.0,57.772,21.45
63824,320,S4,69.0,56.667,21.45
63825,320,S4,72.0,55.535,21.45
63826,320,S4,75.0,54.485,21.45
63827,320,S4,78.0,53.507,21.45
63828,320,S4,81.0,52.515,21.45
63829,320,S4,84.0,51.524,21.45
63830,320,S4,87.0,50.591,21.45
63831,320,S4,90.0,49.632,21.45
63832,320,S4,93.0,48.808,21.45
63833,320,S4,96.0,47.973,21.45
63834,320,S4,99.0,47.048,21.45
63835,320,S4,102.0,46.278,21.45
63836,320,S4,105.0,45.664,21.45
63837,320,S4,108.0,44.794,21.45
63838,320,S4,111.0,44.188,21.45
63839,320,S4,114.0,43.437,21.45
63840,320,S4,117.0,42.697,21.45
63841,320,S4,120.0,42.118,21.45
63842,320,S4,123.0,41.470,21.45
63843,320,S4,126.0,40.877,21.45
63844,320,S4,129.0,40.257,21.45
63845,320,S4,132.0,39.584,21.45
63846,320,S4,135.0,39.171,21.45
63847,320,S4,138.0,38.543,21.45
63848,320,S4,141.0,37.989,21.45
63849,320,S4,144.0,37.544,21.45
63850,320,S4,147.0,36.975,21.45
63851,320,S4,150.0,36.437,21.45
63852,320,S4,153.0,36.131,21.45
63853,320,S4,156.0,35.559,21.45
63854,320,S4,159.0,35.142,21.45
63855,320,S4,162.0,34.738,21.45
63856,320,S4,165.0,34.226,21.45
63857,320,S4,168.0,34.012,21.45
63858,320,S4,171.0,33.518,21.45
63859,320,S4,174.0,33.133,21.45
63860,320,S4,177.0,32.851,21.45
63861,320,S4,180.0,32.498,21.45
63862,320,S4,183.0,32.114,21.45
63863,320,S4,186.0,31.819,21.45
63864,320,S4,189.0,31.435,21.45
63865,320,S4,192.0,31.155,21.45
63866,320,S4,195.0,30.840,21.45
63867,320,S4,198.0,30.610,21.45
63868,320,S4,201.0,30.308,21.45
63869,320,S4,204.0,30.008,21.45
63870,320,S4,207.0,29.745,21.45
63871,320,S4,210.0,29.421,21.45
63872,320,S4,213.0,29.248,21.45
63873,320,S4,216.0,29.096,21.45
63874,320,S4,219.0,28.796,21.45
63875,320,S4,222.0,28.479,21.45
63876,320,S4,225.0,28.385,21.45
63877,320,S4,228.0,28.074,21.45
63878,320,S4,231.0,27.841,21.45
63879,320,S4,234.0,27.750,21.45
63880,320,S4,237.0,27.510,21.45
63881,320,S4,240.0,27.384,21.45
63882,320,S4,243.0,27.205,21.45
63883,320,S4,246.0,26.944,21.45
63884,320,S4,249.0,26.808,21.45
63885,320,S4,252.0,26.602,21.45
63886,320,S4,255.0,26.530,21.45
63887,320,S4,258.0,26.305,21.45
63888,320,S4,261.0,26.089,21.45
63889,320,S4,264.0,26.052,21.45
63890,320,S4,267.0,25.864,21.45
63891,320,S4,270.0,25.693,21.45
63892,320,S4,273.0,25.622,21.45
63893,320,S4,276.0,25.454,21.45
63894,320,S4,279.0,25.297,21.45
63895,320,S4,282.0,25.238,21.45
63896,320,S4,285.0,25.172,21.45
63897,320,S4,288.0,25.081,21.45
63898,320,S4,291.0,24.874,21.45
63899,320,S4,294.0,24.795,21.45
63900,320,S4,297.0,24.652,21.45
63901,320,S4,300.0,24.590,21.45
63902,320,S4,303.0,24.484,21.45
63903,320,S4,306.0,24.454,21.45
63904,320,S4,309.0,24.374,21.45
63905,320,S4,312.0,24.114,21.45
63906,320,S4,315.0,24.155,21.45
63907,320,S4,318.0,24.132,21.45
63908,320,S4,321.0,23.997,21.45
63909,320,S4,324.0,23.901,21.45
63910,320,S4,327.0,23.741,21.45
63911,320,S4,330.0,23.760,21.45
63912,320,S4,333.0,23.677,21.45
63913,320,S4,336.0,23.633,21.45
63914,320,S4,339.0,23.439,21.45
63915,320,S4,342.0,23.431,21.45
63916,320,S4,345.0,23.426,21.45
63917,320,S4,348.0,23.405,21.45
63918,320,S4,351.0,23.344,21.45
63919,320,S4,354.0,23.239,21.45
63920,320,S4,357.0,23.177,21.45
63921,320,S4,360.0,23.169,21.45
63922,320,S4,363.0,23.106,21.45
63923,320,S4,366.0,22.936,21.45
63924,320,S4,369.0,23.061,21.45
63925,320,S4,372.0,22.929,21.45
63926,320,S4,375.0,22.932,21.45
63927,320,S4,378.0,22.912,21.45
63928,320,S4,381.0,22.796,21.45
63929,320,S4,384.0,22.741,21.45
63930,320,S4,387.0,22.673,21.45
63931,320,S4,390.0,22.754,21.45
63932,320,S4,393.0,22.654,21.45
63933,320,S4,396.0,22.635,21.45
63934,320,S4,399.0,22.608,21.45
63935,320,S4,402.0,22.508,21.45
63936,320,S4,405.0,22.466,21.45
63937,320,S4,408.0,22.429,21.45
63938,320,S4,411.0,22.382,21.45
63939,320,S4,414.0,22.402,21.45
63940,320,S4,417.0,22.309,21.45
63941,320,S4,420.0,22.300,21.45
63942,320,S4,423.0,22.284,21.45
63943,320,S4,426.0,22.308,21.45
63944,320,S4,429.0,22.275,21.45
63945,320,S4,432.0,22.236,21.45
63946,320,S4,435.0,22.158,21.45
63947,320,S4,438.0,22.185,21.45
63948,320,S4,441.0,22.103,21.45
63949,320,S4,444.0,22.159,21.45
63950,320,S4,447.0,22.034,21.45
63951,320,S4,450.0,22.210,21.45
63952,320,S4,453.0,22.039,21.45
63953,320,S4,456.0,22.089,21.45
63954,320,S4,459.0,22.000,21.45
63955,320,S4,462.0,22.009,21.45
63956,320,S4,465.0,22.053,21.45
63957,320,S4,468.0,21.946,21.45
63958,320,S4,471.0,21.977,21.45
63959,320,S4,474.0,22.028,21.45
63960,320,S4,477.0,21.930,21.45
63961,320,S4,480.0,21.915,21.45
63962,320,S4,483.0,21.928,21.45
63963,320,S4,486.0,21.998,21.45
63964,320,S4,489.0,21.953,21.45
63965,320,S4,492.0,21.851,21.45
63966,320,S4,495.0,21.902,21.45
63967,320,S4,498.0,21.812,21.45
63968,320,S4,501.0,21.838,21.45
63969,320,S4,504.0,21.747,21.45
63970,320,S4,507.0,21.807,21.45
63971,320,S4,510.0,21.771,21.45
63972,320,S4,513.0,21.778,21.45
63973,320,S4,516.0,21.775,21.45
63974,320,S4,519.0,21.834,21.45
63975,320,S4,522.0,21.746,21.45
63976,320,S4,525.0,21.749,21.45
63977,320,S4,528.0,21.696,21.45
63978,320,S4,531.0,21.667,21.45
63979,320,S4,534.0,21.740,21.45
63980,320,S4,537.0,21.709,21.45
63981,320,S4,540.0,21.727,21.45
63982,320,S4,543.0,21.705,21.45
63983,320,S4,546.0,21.675,21.45
63984,320,S4,549.0,21.648,21.45
63985,320,S4,552.0,21.690,21.45
63986,320,S4,555.0,21.699,21.45
63987,320,S4,558.0,21.691,21.45
63988,320,S4,561.0,21.706,21.45
63989,320,S4,564.0,21.697,21.45
63990,320,S4,567.0,21.592,21.45
63991,320,S4,570.0,21.636,21.45
63992,320,S4,573.0,21.608,21.45
63993,320,S4,576.0,21.640,21.45
63994,320,S4,579.0,21.618,21.45
63995,320,S4,582.0,21.623,21.45
63996,320,S4,585.0,21.637,21.45
63997,320,S4,588.0,21.659,21.45
63998,320,S4,591.0,21.564,21.45
63999,320,S4,594.0,21.519,21.45
64000,320,S4,597.0,21.595,21.45
64001,321,S1,0.0,71.322,22.96
64002,321,S1,3.0,70.057,22.96
64003,321,S1,6.0,68.931,22.96
64004,321,S1,9.0,67.780,22.96
64005,321,S1,12.0,66.509,22.96
64006,321,S1,15.0,65.460,22.96
64007,321,S1,18.0,64.458,22.96
64008,321,S1,21.0,63.357,22.96
64009,321,S1,24.0,62.347,22.96
64010,321,S1,27.0,61.253,22.96
64011,321,S1,30.0,60.279,22.96
64012,321,S1,33.0,59.280,22.96
64013,321,S1,36.0,58.439,22.96
64014,321,S1,39.0,57.424,22.96
64015,321,S1,42.0,56.583,22.96
64016,321,S1,45.0,55.769,22.96
64017,321,S1,48.0,54.898,22.96
64018,321,S1,51.0,54.121,22.96
64019,321,S1,54.0,53.242,22.96
64020,321,S1,57.0,52.549,22.96
64021,321,S1,60.0,51.848,22.96
64022,321,S1,63.0,51.006,22.96
64023,321,S1,66.0,50.321,22.96
64024,321,S1,69.0,49.609,22.96
64025,321,S1,72.0,48.930,22.96
64026,321,S1,75.0,48.379,22.96
64027,321,S1,78.0,47.645,22.96
64028,321,S1,81.0,47.041,22.96
64029,321,S1,84.0,46.356,22.96
64030,321,S1,87.0,45.868,22.96
64031,321,S1,90.0,45.238,22.96
64032,321,S1,93.0,44.689,22.96
64033,321,S1,96.0,44.053,22.96
64034,321,S1,99.0,43.443,22.96
64035,321,S1,102.0,43.063,22.96
64036,321,S1,105.0,42.465,22.96
64037,321,S1,108.0,42.022,22.96
64038,321,S1,111.0,41.575,22.96
64039,321,S1,114.0,41.082,22.96
64040,321,S1,117.0,40.488,22.96
64041,321,S1,120.0,40.190,22.96
64042,321,S1,123.0,39.751,22.96
64043,321,S1,126.0,39.272,22.96
64044,321,S1,129.0,38.932,22.96
64045,321,S1,132.0,38.427,22.96
64046,321,S1,135.0,38.023,22.96
64047,321,S1,138.0,37.602,22.96
64048,321,S1,141.0,37.367,22.96
64049,321,S1,144.0,36.934,22.96
64050,321,S1,147.0,36.572,22.96
64051,321,S1,150.0,36.220,22.96
64052,321,S1,153.0,35.897,22.96
64053,321,S1,156.0,35.578,22.96
64054,321,S1,159.0,35.170,22.96
64055,321,S1,162.0,34.880,22.96
64056,321,S1,165.0,34.601,22.96
64057,321,S1,168.0,34.327,22.96
64058,321,S1,171.0,33.989,22.96
64059,321,S1,174.0,33.733,22.96
64060,321,S1,177.0,33.410,22.96
64061,321,S1,180.0,33.143,22.96
64062,321,S1,183.0,32.972,22.96
64063,321,S1,186.0,32.668,22.96
64064,321,S1,189.0,32.430,22.96
64065,321,S1,192.0,32.227,22.96
64066,321,S1,195.0,31.984,22.96
64067,321,S1,198.0,31.711,22.96
64068,321,S1,201.0,31.491,22.96
64069,321,S1,204.0,31.262,22.96
64070,321,S1,207.0,31.027,22.96
64071,321,S1,210.0,30.865,22.96
64072,321,S1,213.0,30.530,22.96
64073,321,S1,216.0,30.462,22.96
64074,321,S1,219.0,30.151,22.96
64075,321,S1,222.0,30.164,22.96
64076,321,S1,225.0,29.898,22.96
64077,321,S1,228.0,29.656,22.96
64078,321,S1,231.0,29.620,22.96
64079,321,S1,234.0,29.510,22.96
64080,321,S1,237.0,29.234,22.96
64081,321,S1,240.0,29.107,22.96
64082,321,S1,243.0,28.818,22.96
64083,321,S1,246.0,28.898,22.96
64084,321,S1,249.0,28.560,22.96
64085,321,S1,252.0,28.465,22.96
64086,321,S1,255.0,28.239,22.96
64087,321,S1,258.0,28.255,22.96
64088,321,S1,261.0,28.059,22.96
64089,321,S1,264.0,27.969,22.96
64090,321,S1,267.0,27.743,22.96
64091,321,S1,270.0,27.647,22.96
64092,321,S1,273.0,27.553,22.96
64093,321,S1,276.0,27.411,22.96
64094,321,S1,279.0,27.292,22.96
64095,321,S1,282.0,27.081,22.96
64096,321,S1,285.0,27.068,22.96
64097,321,S1,288.0,27.009,22.96
64098,321,S1,291.0,26.851,22.96
64099,321,S1,294.0,26.724,22.96
64100,321,S1,297.0,26.531,22.96
64101,321,S1,300.0,26.609,22.96
64102,321,S1,303.0,26.533,22.96
64103,321,S1,306.0,26.410,22.96
64104,321,S1,309.0,26.290,22.96
64105,321,S1,312.0,26.181,22.96
64106,321,S1,315.0,26.068,22.96
64107,321,S1,318.0,26.159,22.96
64108,321,S1,321.0,26.027,22.96
64109,321,S1,324.0,25.874,22.96
64110,321,S1,327.0,25.789,22.96
64111,321,S1,330.0,25.729,22.96
64112,321,S1,333.0,25.730,22.96
64113,321,S1,336.0,25.553,22.96
64114,321,S1,339.0,25.557,22.96
64115,321,S1,342.0,25.542,22.96
64116,321,S1,345.0,25.433,22.96
64117,321,S1,348.0,25.341,22.96
64118,321,S1,351.0,25.326,22.96
64119,321,S1,354.0,25.225,22.96
64120,321,S1,357.0,25.074,22.96
64121,321,S1,360.0,25.122,22.96
64122,321,S1,363.0,25.097,22.96
64123,321,S1,366.0,25.050,22.96
64124,321,S1,369.0,24.915,22.96
64125,321,S1,372.0,24.906,22.96
64126,321,S1,375.0,24.895,22.96
64127,321,S1,378.0,24.777,22.96
64128,321,S1,381.0,24.842,22.96
64129,321,S1,384.0,24.740,22.96
64130,321,S1,387.0,24.715,22.96
64131,321,S1,390.0,24.646,22.96
64132,321,S1,393.0,24.525,22.96
64133,321,S1,396.0,24.557,22.96
64134,321,S1,399.0,24.523,22.96
64135,321,S1,402.0,24.461,22.96
64136,321,S1,405.0,24.447,22.96
64137,321,S1,408.0,24.356,22.96
64138,321,S1,411.0,24.330,22.96
64139,321,S1,414.0,24.370,22.96
64140,321,S1,417.0,24.353,22.96
64141,321,S1,420.0,24.300,22.96
64142,321,S1,423.0,24.310,22.96
64143,321,S1,426.0,24.245,22.96
64144,321,S1,429.0,24.110,22.96
64145,321,S1,432.0,24.077,22.96
64146,321,S1,435.0,24.058,22.96
64147,321,S1,438.0,24.004,22.96
64148,321,S1,441.0,24.111,22.96
64149,321,S1,444.0,23.954,22.96
64150,321,S1,447.0,23.989,22.96
64151,321,S1,450.0,23.994,22.96
64152,321,S1,453.0,23.928,22.96
64153,321,S1,456.0,23.885,22.96
64154,321,S1,459.0,23.884,22.96
64155,321,S1,462.0,23.822,22.96
64156,321,S1,465.0,23.902,22.96
64157,321,S1,468.0,23.862,22.96
64158,321,S1,471.0,23.860,22.96
64159,321,S1,474.0,23.773,22.96
64160,321,S1,477.0,23.723,22.96
64161,321,S1,480.0,23.740,22.96
64162,321,S1,483.0,23.699,22.96
64163,321,S1,486.0,23.716,22.96
64164,321,S1,489.0,23.690,22.96
64165,321,S1,492.0,23.668,22.96
64166,321,S1,495.0,23.681,22.96
64167,321,S1,498.0,23.684,22.96
64168,321,S1,501.0,23.602,22.96
64169,321,S1,504.0,23.591,22.96
64170,321,S1,507.0,23.543,22.96
64171,321,S1,510.0,23.538,22.96
64172,321,S1,513.0,23.536,22.96
64173,321,S1,516.0,23.680,22.96
64174,321,S1,519.0,23.393,22.96
64175,321,S1,522.0,23.436,22.96
64176,321,S1,525.0,23.564,22.96
64177,321,S1,528.0,23.444,22.96
64178,321,S1,531.0,23.443,22.96
64179,321,S1,534.0,23.452,22.96
64180,321,S1,537.0,23.430,22.96
64181,321,S1,540.0,23.433,22.96
64182,321,S1,543.0,23.445,22.96
64183,321,S1,546.0,23.387,22.96
64184,321,S1,549.0,23.461,22.96
64185,321,S1,552.0,23.404,22.96
64186,321,S1,555.0,23.419,22.96
64187,321,S1,558.0,23.304,22.96
64188,321,S1,561.0,23.349,22.96
64189,321,S1,564.0,23.294,22.96
64190,321,S1,567.0,23.309,22.96
64191,321,S1,570.0,23.339,22.96
64192,321,S1,573.0,23.280,22.96
64193,321,S1,576.0,23.275,22.96
64194,321,S1,579.0,23.274,22.96
64195,321,S1,582.0,23.179,22.96
64196,321,S1,585.0,23.255,22.96
64197,321,S1,588.0,23.269,22.96
64198,321,S1,591.0,23.283,22.96
64199,321,S1,594.0,23.206,22.96
64200,321,S1,597.0,23.186,22.96
64201,322,S2,0.0,82.950,20.82
64202,322,S2,3.0,82.056,20.82
64203,322,S2,6.0,81.116,20.82
64204,322,S2,9.0,80.302,20.82
64205,322,S2,12.0,79.411,20.82
64206,322,S2,15.0,78.595,20.82
64207,322,S2,18.0,77.729,20.82
64208,322,S2,21.0,76.855,20.82
64209,322,S2,24.0,76.101,20.82
64210,322,S2,27.0,75.272,20.82
64211,322,S2,30.0,74.577,20.82
64212,322,S2,33.0,73.756,20.82
64213,322,S2,36.0,73.092,20.82
64214,322,S2,39.0,72.196,20.82
64215,322,S2,42.0,71.506,20.82
64216,322,S2,45.0,70.638,20.82
64217,322,S2,48.0,70.075,20.82
64218,322,S2,51.0,69.412,20.82
64219,322,S2,54.0,68.693,20.82
64220,322,S2,57.0,67.986,20.82
64221,322,S2,60.0,67.231,20.82
64222,322,S2,63.0,66.644,20.82
64223,322,S2,66.0,65.982,20.82
64224,322,S2,69.0,65.397,20.82
64225,322,S2,72.0,64.699,20.82
64226,322,S2,75.0,64.011,20.82
64227,322,S2,78.0,63.422,20.82
64228,322,S2,81.0,62.805,20.82
64229,322,S2,84.0,62.068,20.82
64230,322,S2,87.0,61.632,20.82
64231,322,S2,90.0,61.043,20.82
64232,322,S2,93.0,60.468,20.82
64233,322,S2,96.0,59.859,20.82
64234,322,S2,99.0,59.304,20.82
64235,322,S2,102.0,58.697,20.82
64236,322,S2,105.0,58.209,20.82
64237,322,S2,108.0,57.627,20.82
64238,322,S2,111.0,57.106,20.82
64239,322,S2,114.0,56.588,20.82
64240,322,S2,117.0,56.126,20.82
64241,322,S2,120.0,55.526,20.82
64242,322,S2,123.0,55.077,20.82
64243,322,S2,126.0,54.552,20.82
64244,322,S2,129.0,54.144,20.82
64245,322,S2,132.0,53.685,20.82
64246,322,S2,135.0,53.189,20.82
64247,322,S2,138.0,52.737,20.82
64248,322,S2,141.0,52.362,20.82
64249,322,S2,144.0,51.839,20.82
64250,322,S2,147.0,51.438,20.82
64251,322,S2,150.0,50.940,20.82
64252,322,S2,153.0,50.521,20.82
64253,322,S2,156.0,50.112,20.82
64254,322,S2,159.0,49.571,20.82
64255,322,S2,162.0,49.260,20.82
64256,322,S2,165.0,48.799,20.82
64257,322,S2,168.0,48.403,20.82
64258,322,S2,171.0,47.979,20.82
64259,322,S2,174.0,47.498,20.82
64260,322,S2,177.0,47.243,20.82
64261,322,S2,180.0,46.819,20.82
64262,322,S2,183.0,46.611,20.82
64263,322,S2,186.0,46.148,20.82
64264,322,S2,189.0,45.861,20.82
64265,322,S2,192.0,45.433,20.82
64266,322,S2,195.0,45.046,20.82
64267,322,S2,198.0,44.643,20.82
64268,322,S2,201.0,44.254,20.82
64269,322,S2,204.0,44.034,20.82
64270,322,S2,207.0,43.709,20.82
64271,322,S2,210.0,43.368,20.82
64272,322,S2,213.0,43.082,20.82
64273,322,S2,216.0,42.726,20.82
64274,322,S2,219.0,42.456,20.82
64275,322,S2,222.0,42.116,20.82
64276,322,S2,225.0,41.757,20.82
64277,322,S2,228.0,41.494,20.82
64278,322,S2,231.0,41.224,20.82
64279,322,S2,234.0,40.853,20.82
64280,322,S2,237.0,40.625,20.82
64281,322,S2,240.0,40.175,20.82
64282,322,S2,243.0,40.024,20.82
64283,322,S2,246.0,39.730,20.82
64284,322,S2,249.0,39.522,20.82
64285,322,S2,252.0,39.310,20.82
64286,322,S2,255.0,38.876,20.82
64287,322,S2,258.0,38.761,20.82
64288,322,S2,261.0,38.363,20.82
64289,322,S2,264.0,38.137,20.82
64290,322,S2,267.0,38.005,20.82
64291,322,S2,270.0,37.787,20.82
64292,322,S2,273.0,37.377,20.82
64293,322,S2,276.0,37.228,20.82
64294,322,S2,279.0,36.988,20.82
64295,322,S2,282.0,36.772,20.82
64296,322,S2,285.0,36.447,20.82
64297,322,S2,288.0,36.277,20.82
64298,322,S2,291.0,36.089,20.82
64299,322,S2,294.0,35.785,20.82
64300,322,S2,297.0,35.564,20.82
64301,322,S2,300.0,35.521,20.82
64302,322,S2,303.0,35.213,20.82
64303,322,S2,306.0,34.949,20.82
64304,322,S2,309.0,34.797,20.82
64305,322,S2,312.0,34.568,20.82
64306,322,S2,315.0,34.446,20.82
64307,322,S2,318.0,34.153,20.82
64308,322,S2,321.0,33.983,20.82
64309,322,S2,324.0,33.948,20.82
64310,322,S2,327.0,33.630,20.82
64311,322,S2,330.0,33.435,20.82
64312,322,S2,333.0,33.303,20.82
64313,322,S2,336.0,33.145,20.82
64314,322,S2,339.0,32.956,20.82
64315,322,S2,342.0,32.689,20.82
64316,322,S2,345.0,32.572,20.82
64317,322,S2,348.0,32.419,20.82
64318,322,S2,351.0,32.358,20.82
64319,322,S2,354.0,31.986,20.82
64320,322,S2,357.0,31.856,20.82
64321,322,S2,360.0,31.731,20.82
64322,322,S2,363.0,31.573,20.82
64323,322,S2,366.0,31.452,20.82
64324,322,S2,369.0,31.194,20.82
64325,322,S2,372.0,31.176,20.82
64326,322,S2,375.0,31.037,20.82
64327,322,S2,378.0,30.869,20.82
64328,322,S2,381.0,30.718,20.82
64329,322,S2,384.0,30.585,20.82
64330,322,S2,387.0,30.461,20.82
64331,322,S2,390.0,30.268,20.82
64332,322,S2,393.0,30.164,20.82
64333,322,S2,396.0,29.932,20.82
64334,322,S2,399.0,29.866,20.82
64335,322,S2,402.0,29.723,20.82
64336,322,S2,405.0,29.550,20.82
64337,322,S2,408.0,29.462,20.82
64338,322,S2,411.0,29.354,20.82
64339,322,S2,414.0,29.202,20.82
64340,322,S2,417.0,29.114,20.82
64341,322,S2,420.0,29.037,20.82
64342,322,S2,423.0,28.904,20.82
64343,322,S2,426.0,28.669,20.82
64344,322,S2,429.0,28.695,20.82
64345,322,S2,432.0,28.450,20.82
64346,322,S2,435.0,28.453,20.82
64347,322,S2,438.0,28.267,20.82
64348,322,S2,441.0,28.160,20.82
64349,322,S2,444.0,28.202,20.82
64350,322,S2,447.0,28.039,20.82
64351,322,S2,450.0,27.861,20.82
64352,322,S2,453.0,27.838,20.82
64353,322,S2,456.0,27.651,20.82
64354,322,S2,459.0,27.599,20.82
64355,322,S2,462.0,27.473,20.82
64356,322,S2,465.0,27.414,20.82
64357,322,S2,468.0,27.277,20.82
64358,322,S2,471.0,27.163,20.82
64359,322,S2,474.0,27.150,20.82
64360,322,S2,477.0,27.063,20.82
64361,322,S2,480.0,26.991,20.82
64362,322,S2,483.0,26.894,20.82
64363,322,S2,486.0,26.802,20.82
64364,322,S2,489.0,26.710,20.82
64365,322,S2,492.0,26.639,20.82
64366,322,S2,495.0,26.491,20.82
64367,322,S2,498.0,26.473,20.82
64368,322,S2,501.0,26.263,20.82
64369,322,S2,504.0,26.268,20.82
64370,322,S2,507.0,26.189,20.82
64371,322,S2,510.0,26.094,20.82
64372,322,S2,513.0,26.001,20.82
64373,322,S2,516.0,25.986,20.82
64374,322,S2,519.0,25.847,20.82
64375,322,S2,522.0,25.761,20.82
64376,322,S2,525.0,25.785,20.82
64377,322,S2,528.0,25.642,20.82
64378,322,S2,531.0,25.673,20.82
64379,322,S2,534.0,25.570,20.82
64380,322,S2,537.0,25.501,20.82
64381,322,S2,540.0,25.393,20.82
64382,322,S2,543.0,25.321,20.82
64383,322,S2,546.0,25.221,20.82
64384,322,S2,549.0,25.204,20.82
64385,322,S2,552.0,25.076,20.82
64386,322,S2,555.0,25.145,20.82
64387,322,S2,558.0,24.993,20.82
64388,322,S2,561.0,24.932,20.82
64389,322,S2,564.0,24.841,20.82
64390,322,S2,567.0,24.854,20.82
64391,322,S2,570.0,24.822,20.82
64392,322,S2,573.0,24.726,20.82
64393,322,S2,576.0,24.678,20.82
64394,322,S2,579.0,24.629,20.82
64395,322,S2,582.0,24.583,20.82
64396,322,S2,585.0,24.416,20.82
64397,322,S2,588.0,24.438,20.82
64398,322,S2,591.0,24.420,20.82
64399,322,S2,594.0,24.375,20.82
64400,322,S2,597.0,24.414,20.82
64401,323,S3,0.0,78.280,20.76
64402,323,S3,3.0,77.588,20.76
64403,323,S3,6.0,76.742,20.76
64404,323,S3,9.0,76.059,20.76
64405,323,S3,12.0,75.240,20.76
64406,323,S3,15.0,74.519,20.76
64407,323,S3,18.0,73.817,20.76
64408,323,S3,21.0,73.025,20.76
64409,323,S3,24.0,72.303,20.76
64410,323,S3,27.0,71.644,20.76
64411,323,S3,30.0,70.963,20.76
64412,323,S3,33.0,70.330,20.76
64413,323,S3,36.0,69.590,20.76
64414,323,S3,39.0,68.900,20.76
64415,323,S3,42.0,68.335,20.76
64416,323,S3,45.0,67.711,20.76
64417,323,S3,48.0,66.972,20.76
64418,323,S3,51.0,66.481,20.76
64419,323,S3,54.0,65.800,20.76
64420,323,S3,57.0,65.166,20.76
64421,323,S3,60.0,64.601,20.76
64422,323,S3,63.0,63.938,20.76
64423,323,S3,66.0,63.413,20.76
64424,323,S3,69.0,62.788,20.76
64425,323,S3,72.0,62.153,20.76
64426,323,S3,75.0,61.703,20.76
64427,323,S3,78.0,61.164,20.76
64428,323,S3,81.0,60.597,20.76
64429,323,S3,84.0,60.180,20.76
64430,323,S3,87.0,59.525,20.76
64431,323,S3,90.0,58.987,20.76
64432,323,S3,93.0,58.557,20.76
64433,323,S3,96.0,57.981,20.76
64434,323,S3,99.0,57.518,20.76
64435,323,S3,102.0,56.971,20.76
64436,323,S3,105.0,56.440,20.76
64437,323,S3,108.0,56.017,20.76
64438,323,S3,111.0,55.560,20.76
64439,323,S3,114.0,55.087,20.76
64440,323,S3,117.0,54.676,20.76
64441,323,S3,120.0,54.097,20.76
64442,323,S3,123.0,53.663,20.76
64443,323,S3,126.0,53.293,20.76
64444,323,S3,129.0,52.892,20.76
64445,323,S3,132.0,52.346,20.76
64446,323,S3,135.0,51.927,20.76
64447,323,S3,138.0,51.547,20.76
64448,323,S3,141.0,51.076,20.76
64449,323,S3,144.0,50.761,20.76
64450,323,S3,147.0,50.263,20.76
64451,323,S3,150.0,49.880,20.76
64452,323,S3,153.0,49.501,20.76
64453,323,S3,156.0,49.119,20.76
64454,323,S3,159.0,48.805,20.76
64455,323,S3,162.0,48.327,20.76
64456,323,S3,165.0,47.959,20.76
64457,323,S3,168.0,47.555,20.76
64458,323,S3,171.0,47.221,20.76
64459,323,S3,174.0,46.892,20.76
64460,323,S3,177.0,46.509,20.76
64461,323,S3,180.0,46.217,20.76
64462,323,S3,183.0,45.892,20.76
64463,323,S3,186.0,45.388,20.76
64464,323,S3,189.0,45.157,20.76
64465,323,S3,192.0,44.859,20.76
64466,323,S3,195.0,44.471,20.76
64467,323,S3,198.0,44.157,20.76
64468,323,S3,201.0,43.947,20.76
64469,323,S3,204.0,43.568,20.76
64470,323,S3,207.0,43.284,20.76
64471,323,S3,210.0,42.895,20.76
64472,323,S3,213.0,42.623,20.76
64473,323,S3,216.0,42.352,20.76
64474,323,S3,219.0,42.080,20.76
64475,323,S3,222.0,41.787,20.76
64476,323,S3,225.0,41.508,20.76
64477,323,S3,228.0,41.275,20.76
64478,323,S3,231.0,40.907,20.76
64479,323,S3,234.0,40.682,20.76
64480,323,S3,237.0,40.389,20.76
64481,323,S3,240.0,40.146,20.76
64482,323,S3,243.0,39.820,20.76
64483,323,S3,246.0,39.627,20.76
64484,323,S3,249.0,39.327,20.76
64485,323,S3,252.0,39.102,20.76
64486,323,S3,255.0,38.904,20.76
64487,323,S3,258.0,38.609,20.76
64488,323,S3,261.0,38.341,20.76
64489,323,S3,264.0,38.141,20.76
64490,323,S3,267.0,37.908,20.76
64491,323,S3,270.0,37.692,20.76
64492,323,S3,273.0,37.415,20.76
64493,323,S3,276.0,37.276,20.76
64494,323,S3,279.0,37.055,20.76
64495,323,S3,282.0,36.742,20.76
64496,323,S3,285.0,36.639,20.76
64497,323,S3,288.0,36.275,20.76
64498,323,S3,291.0,36.176,20.76
64499,323,S3,294.0,35.999,20.76
64500,323,S3,297.0,35.823,20.76
64501,323,S3,300.0,35.485,20.76
64502,323,S3,303.0,35.402,20.76
64503,323,S3,306.0,35.050,20.76
64504,323,S3,309.0,34.939,20.76
64505,323,S3,312.0,34.712,20.76
64506,323,S3,315.0,34.489,20.76
64507,323,S3,318.0,34.329,20.76
64508,323,S3,321.0,34.136,20.76
64509,323,S3,324.0,34.024,20.76
64510,323,S3,327.0,33.787,20.76
64511,323,S3,330.0,33.659,20.76
64512,323,S3,333.0,33.517,20.76
64513,323,S3,336.0,33.296,20.76
64514,323,S3,339.0,33.080,20.76
64515,323,S3,342.0,32.937,20.76
64516,323,S3,345.0,32.818,20.76
64517,323,S3,348.0,32.673,20.76
64518,323,S3,351.0,32.385,20.76
64519,323,S3,354.0,32.380,20.76
64520,323,S3,357.0,32.286,20.76
64521,323,S3,360.0,32.003,20.76
64522,323,S3,363.0,31.868,20.76
64523,323,S3,366.0,31.645,20.76
64524,323,S3,369.0,31.538,20.76
64525,323,S3,372.0,31.399,20.76
64526,323,S3,375.0,31.245,20.76
64527,323,S3,378.0,31.080,20.76
64528,323,S3,381.0,30.963,20.76
64529,323,S3,384.0,30.833,20.76
64530,323,S3,387.0,30.708,20.76
64531,323,S3,390.0,30.521,20.76
64532,323,S3,393.0,30.434,20.76
64533,323,S3,396.0,30.380,20.76
64534,323,S3,399.0,30.102,20.76
64535,323,S3,402.0,30.057,20.76
64536,323,S3,405.0,29.937,20.76
64537,323,S3,408.0,29.826,20.76
64538,323,S3,411.0,29.644,20.76
64539,323,S3,414.0,29.635,20.76
64540,323,S3,417.0,29.490,20.76
64541,323,S3,420.0,29.382,20.76
64542,323,S3,423.0,29.316,20.76
64543,323,S3,426.0,29.131,20.76
64544,323,S3,429.0,28.969,20.76
64545,323,S3,432.0,28.898,20.76
64546,323,S3,435.0,28.729,20.76
64547,323,S3,438.0,28.585,20.76
64548,323,S3,441.0,28.563,20.76
64549,323,S3,444.0,28.482,20.76
64550,323,S3,447.0,28.300,20.76
64551,323,S3,450.0,28.241,20.76
64552,323,S3,453.0,28.098,20.76
64553,323,S3,456.0,28.014,20.76
64554,323,S3,459.0,27.896,20.76
64555,323,S3,462.0,27.810,20.76
64556,323,S3,465.0,27.763,20.76
64557,323,S3,468.0,27.649,20.76
64558,323,S3,471.0,27.502,20.76
64559,323,S3,474.0,27.395,20.76
64560,323,S3,477.0,27.323,20.76
64561,323,S3,480.0,27.181,20.76
64562,323,S3,483.0,27.251,20.76
64563,323,S3,486.0,27.085,20.76
64564,323,S3,489.0,27.073,20.76
64565,323,S3,492.0,27.055,20.76
64566,323,S3,495.0,26.884,20.76
64567,323,S3,498.0,26.803,20.76
64568,323,S3,501.0,26.655,20.76
64569,323,S3,504.0,26.537,20.76
64570,323,S3,507.0,26.560,20.76
64571,323,S3,510.0,26.460,20.76
64572,323,S3,513.0,26.422,20.76
64573,323,S3,516.0,26.255,20.76
64574,323,S3,519.0,26.239,20.76
64575,323,S3,522.0,26.191,20.76
64576,323,S3,525.0,25.992,20.76
64577,323,S3,528.0,25.939,20.76
64578,323,S3,531.0,25.911,20.76
64579,323,S3,534.0,25.875,20.76
64580,323,S3,537.0,25.827,20.76
64581,323,S3,540.0,25.734,20.76
64582,323,S3,543.0,25.660,20.76
64583,323,S3,546.0,25.644,20.76
64584,323,S3,549.0,25.564,20.76
64585,323,S3,552.0,25.507,20.76
64586,323,S3,555.0,25.366,20.76
64587,323,S3,558.0,25.467,20.76
64588,323,S3,561.0,25.295,20.76
64589,323,S3,564.0,25.181,20.76
64590,323,S3,567.0,25.187,20.76
64591,323,S3,570.0,25.103,20.76
64592,323,S3,573.0,25.033,20.76
64593,323,S3,576.0,25.041,20.76
64594,323,S3,579.0,24.889,20.76
64595,323,S3,582.0,24.914,20.76
64596,323,S3,585.0,24.868,20.76
64597,323,S3,588.0,24.810,20.76
64598,323,S3,591.0,24.671,20.76
64599,323,S3,594.0,24.650,20.76
64600,323,S3,597.0,24.524,20.76
64601,324,S4,0.0,84.580,22.04
64602,324,S4,3.0,83.644,22.04
64603,324,S4,6.0,82.788,22.04
64604,324,S4,9.0,81.817,22.04
64605,324,S4,12.0,80.941,22.04
64606,324,S4,15.0,79.958,22.04
64607,324,S4,18.0,79.210,22.04
64608,324,S4,21.0,78.321,22.04
64609,324,S4,24.0,77.617,22.04
64610,324,S4,27.0,76.730,22.04
64611,324,S4,30.0,75.918,22.04
64612,324,S4,33.0,75.123,22.04
64613,324,S4,36.0,74.209,22.04
64614,324,S4,39.0,73.556,22.04
64615,324,S4,42.0,72.793,22.04
64616,324,S4,45.0,72.003,22.04
64617,324,S4,48.0,71.193,22.04
64618,324,S4,51.0,70.555,22.04
64619,324,S4,54.0,69.780,22.04
64620,324,S4,57.0,69.062,22.04
64621,324,S4,60.0,68.328,22.04
64622,324,S4,63.0,67.735,22.04
64623,324,S4,66.0,67.015,22.04
64624,324,S4,69.0,66.307,22.04
64625,324,S4,72.0,65.700,22.04
64626,324,S4,75.0,65.058,22.04
64627,324,S4,78.0,64.359,22.04
64628,324,S4,81.0,63.789,22.04
64629,324,S4,84.0,63.163,22.04
64630,324,S4,87.0,62.525,22.04
64631,324,S4,90.0,61.878,22.04
64632,324,S4,93.0,61.245,22.04
64633,324,S4,96.0,60.686,22.04
64634,324,S4,99.0,60.193,22.04
64635,324,S4,102.0,59.599,22.04
64636,324,S4,105.0,59.033,22.04
64637,324,S4,108.0,58.440,22.04
64638,324,S4,111.0,57.997,22.04
64639,324,S4,114.0,57.371,22.04
64640,324,S4,117.0,56.860,22.04
64641,324,S4,120.0,56.325,22.04
64642,324,S4,123.0,55.937,22.04
64643,324,S4,126.0,55.350,22.04
64644,324,S4,129.0,54.832,22.04
64645,324,S4,132.0,54.398,22.04
64646,324,S4,135.0,53.866,22.04
64647,324,S4,138.0,53.421,22.04
64648,324,S4,141.0,52.950,22.04
64649,324,S4,144.0,52.495,22.04
64650,324,S4,147.0,52.002,22.04
64651,324,S4,150.0,51.582,22.04
64652,324,S4,153.0,51.038,22.04
64653,324,S4,156.0,50.645,22.04
64654,324,S4,159.0,50.354,22.04
64655,324,S4,162.0,49.860,22.04
64656,324,S4,165.0,49.410,22.04
64657,324,S4,168.0,49.119,22.04
64658,324,S4,171.0,48.561,22.04
64659,324,S4,174.0,48.232,22.04
64660,324,S4,177.0,47.776,22.04
64661,324,S4,180.0,47.437,22.04
64662,324,S4,183.0,47.000,22.04
64663,324,S4,186.0,46.647,22.04
64664,324,S4,189.0,46.303,22.04
64665,324,S4,192.0,45.983,22.04
64666,324,S4,195.0,45.625,22.04
64667,324,S4,198.0,45.220,22.04
64668,324,S4,201.0,44.919,22.04
64669,324,S4,204.0,44.655,22.04
64670,324,S4,207.0,44.268,22.04
64671,324,S4,210.0,43.963,22.04
64672,324,S4,213.0,43.581,22.04
64673,324,S4,216.0,43.326,22.04
64674,324,S4,219.0,42.998,22.04
64675,324,S4,222.0,42.686,22.04
64676,324,S4,225.0,42.350,22.04
64677,324,S4,228.0,41.980,22.04
64678,324,S4,231.0,41.725,22.04
64679,324,S4,234.0,41.400,22.04
64680,324,S4,237.0,41.046,22.04
64681,324,S4,240.0,40.808,22.04
64682,324,S4,243.0,40.536,22.04
64683,324,S4,246.0,40.269,22.04
64684,324,S4,249.0,39.974,22.04
64685,324,S4,252.0,39.692,22.04
64686,324,S4,255.0,39.549,22.04
64687,324,S4,258.0,39.264,22.04
64688,324,S4,261.0,39.024,22.04
64689,324,S4,264.0,38.605,22.04
64690,324,S4,267.0,38.480,22.04
64691,324,S4,270.0,38.206,22.04
64692,324,S4,273.0,38.069,22.04
64693,324,S4,276.0,37.679,22.04
64694,324,S4,279.0,37.592,22.04
64695,324,S4,282.0,37.282,22.04
64696,324,S4,285.0,37.155,22.04
64697,324,S4,288.0,36.895,22.04
64698,324,S4,291.0,36.603,22.04
64699,324,S4,294.0,36.460,22.04
64700,324,S4,297.0,36.220,22.04
64701,324,S4,300.0,35.978,22.04
64702,324,S4,303.0,35.747,22.04
64703,324,S4,306.0,35.516,22.04
64704,324,S4,309.0,35.416,22.04
64705,324,S4,312.0,35.151,22.04
64706,324,S4,315.0,34.939,22.04
64707,324,S4,318.0,34.729,22.04
64708,324,S4,321.0,34.572,22.04
64709,324,S4,324.0,34.445,22.04
64710,324,S4,327.0,34.318,22.04
64711,324,S4,330.0,34.099,22.04
64712,324,S4,333.0,33.836,22.04
64713,324,S4,336.0,33.622,22.04
64714,324,S4,339.0,33.470,22.04
64715,324,S4,342.0,33.413,22.04
64716,324,S4,345.0,33.192,22.04
64717,324,S4,348.0,33.016,22.04
64718,324,S4,351.0,32.861,22.04
64719,324,S4,354.0,32.740,22.04
64720,324,S4,357.0,32.487,22.04
64721,324,S4,360.0,32.328,22.04
64722,324,S4,363.0,32.245,22.04
64723,324,S4,366.0,32.001,22.04
64724,324,S4,369.0,31.929,22.04
64725,324,S4,372.0,31.732,22.04
64726,324,S4,375.0,31.704,22.04
64727,324,S4,378.0,31.533,22.04
64728,324,S4,381.0,31.404,22.04
64729,324,S4,384.0,31.123,22.04
64730,324,S4,387.0,31.126,22.04
64731,324,S4,390.0,30.824,22.04
64732,324,S4,393.0,30.813,22.04
64733,324,S4,396.0,30.664,22.04
64734,324,S4,399.0,30.479,22.04
64735,324,S4,402.0,30.459,22.04
64736,324,S4,405.0,30.278,22.04
64737,324,S4,408.0,30.143,22.04
64738,324,S4,411.0,30.055,22.04
64739,324,S4,414.0,29.833,22.04
64740,324,S4,417.0,29.703,22.04
64741,324,S4,420.0,29.724,22.04
64742,324,S4,423.0,29.589,22.04
64743,324,S4,426.0,29.370,22.04
64744,324,S4,429.0,29.358,22.04
64745,324,S4,432.0,29.316,22.04
64746,324,S4,435.0,29.082,22.04
64747,324,S4,438.0,29.019,22.04
64748,324,S4,441.0,28.889,22.04
64749,324,S4,444.0,28.848,22.04
64750,324,S4,447.0,28.729,22.04
64751,324,S4,450.0,28.657,22.04
64752,324,S4,453.0,28.558,22.04
64753,324,S4,456.0,28.391,22.04
64754,324,S4,459.0,28.380,22.04
64755,324,S4,462.0,28.223,22.04
64756,324,S4,465.0,28.168,22.04
64757,324,S4,468.0,28.129,22.04
64758,324,S4,471.0,27.966,22.04
64759,324,S4,474.0,27.940,22.04
64760,324,S4,477.0,27.793,22.04
64761,324,S4,480.0,27.718,22.04
64762,324,S4,483.0,27.521,22.04
64763,324,S4,486.0,27.499,22.04
64764,324,S4,489.0,27.510,22.04
64765,324,S4,492.0,27.387,22.04
64766,324,S4,495.0,27.366,22.04
64767,324,S4,498.0,27.233,22.04
64768,324,S4,501.0,27.115,22.04
64769,324,S4,504.0,27.098,22.04
64770,324,S4,507.0,26.994,22.04
64771,324,S4,510.0,26.884,22.04
64772,324,S4,513.0,26.872,22.04
64773,324,S4,516.0,26.767,22.04
64774,324,S4,519.0,26.732,22.04
64775,324,S4,522.0,26.604,22.04
64776,324,S4,525.0,26.590,22.04
64777,324,S4,528.0,26.505,22.04
64778,324,S4,531.0,26.434,22.04
64779,324,S4,534.0,26.470,22.04
64780,324,S4,537.0,26.263,22.04
64781,324,S4,540.0,26.227,22.04
64782,324,S4,543.0,26.153,22.04
64783,324,S4,546.0,26.186,22.04
64784,324,S4,549.0,26.075,22.04
64785,324,S4,552.0,25.901,22.04
64786,324,S4,555.0,25.925,22.04
64787,324,S4,558.0,25.907,22.04
64788,324,S4,561.0,25.793,22.04
64789,324,S4,564.0,25.696,22.04
64790,324,S4,567.0,25.704,22.04
64791,324,S4,570.0,25.632,22.04
64792,324,S4,573.0,25.584,22.04
64793,324,S4,576.0,25.510,22.04
64794,324,S4,579.0,25.563,22.04
64795,324,S4,582.0,25.454,22.04
64796,324,S4,585.0,25.414,22.04
64797,324,S4,588.0,25.390,22.04
64798,324,S4,591.0,25.266,22.04
64799,324,S4,594.0,25.176,22.04
64800,324,S4,597.0,25.188,22.04
64801,325,S1,0.0,84.327,21.73
64802,325,S1,3.0,82.533,21.73
64803,325,S1,6.0,80.799,21.73
64804,325,S1,9.0,79.188,21.73
64805,325,S1,12.0,77.509,21.73
64806,325,S1,15.0,75.939,21.73
64807,325,S1,18.0,74.375,21.73
64808,325,S1,21.0,72.869,21.73
64809,325,S1,24.0,71.418,21.73
64810,325,S1,27.0,69.983,21.73
64811,325,S1,30.0,68.708,21.73
64812,325,S1,33.0,67.351,21.73
64813,325,S1,36.0,65.948,21.73
64814,325,S1,39.0,64.818,21.73
64815,325,S1,42.0,63.528,21.73
64816,325,S1,45.0,62.310,21.73
64817,325,S1,48.0,61.233,21.73
64818,325,S1,51.0,60.079,21.73
64819,325,S1,54.0,59.021,21.73
64820,325,S1,57.0,57.920,21.73
64821,325,S1,60.0,56.785,21.73
64822,325,S1,63.0,55.947,21.73
64823,325,S1,66.0,54.995,21.73
64824,325,S1,69.0,53.958,21.73
64825,325,S1,72.0,53.085,21.73
64826,325,S1,75.0,52.157,21.73
64827,325,S1,78.0,51.278,21.73
64828,325,S1,81.0,50.444,21.73
64829,325,S1,84.0,49.655,21.73
64830,325,S1,87.0,48.913,21.73
64831,325,S1,90.0,48.065,21.73
64832,325,S1,93.0,47.338,21.73
64833,325,S1,96.0,46.568,21.73
64834,325,S1,99.0,45.958,21.73
64835,325,S1,102.0,45.124,21.73
64836,325,S1,105.0,44.587,21.73
64837,325,S1,108.0,43.990,21.73
64838,325,S1,111.0,43.303,21.73
64839,325,S1,114.0,42.713,21.73
64840,325,S1,117.0,42.081,21.73
64841,325,S1,120.0,41.498,21.73
64842,325,S1,123.0,41.045,21.73
64843,325,S1,126.0,40.373,21.73
64844,325,S1,129.0,39.817,21.73
64845,325,S1,132.0,39.382,21.73
64846,325,S1,135.0,38.779,21.73
64847,325,S1,138.0,38.278,21.73
64848,325,S1,141.0,37.997,21.73
64849,325,S1,144.0,37.522,21.73
64850,325,S1,147.0,36.943,21.73
64851,325,S1,150.0,36.505,21.73
64852,325,S1,153.0,36.149,21.73
64853,325,S1,156.0,35.583,21.73
64854,325,S1,159.0,35.357,21.73
64855,325,S1,162.0,34.862,21.73
64856,325,S1,165.0,34.586,21.73
64857,325,S1,168.0,34.202,21.73
64858,325,S1,171.0,33.886,21.73
64859,325,S1,174.0,33.557,21.73
64860,325,S1,177.0,33.194,21.73
64861,325,S1,180.0,32.791,21.73
64862,325,S1,183.0,32.526,21.73
64863,325,S1,186.0,32.196,21.73
64864,325,S1,189.0,31.819,21.73
64865,325,S1,192.0,31.682,21.73
64866,325,S1,195.0,31.366,21.73
64867,325,S1,198.0,31.014,21.73
64868,325,S1,201.0,30.695,21.73
64869,325,S1,204.0,30.501,21.73
64870,325,S1,207.0,30.271,21.73
64871,325,S1,210.0,30.093,21.73
64872,325,S1,213.0,29.768,21.73
64873,325,S1,216.0,29.575,21.73
64874,325,S1,219.0,29.373,21.73
64875,325,S1,222.0,29.166,21.73
64876,325,S1,225.0,28.997,21.73
64877,325,S1,228.0,28.714,21.73
64878,325,S1,231.0,28.635,21.73
64879,325,S1,234.0,28.323,21.73
64880,325,S1,237.0,28.105,21.73
64881,325,S1,240.0,27.989,21.73
64882,325,S1,243.0,27.774,21.73
64883,325,S1,246.0,27.717,21.73
64884,325,S1,249.0,27.509,21.73
64885,325,S1,252.0,27.257,21.73
64886,325,S1,255.0,27.144,21.73
64887,325,S1,258.0,27.012,21.73
64888,325,S1,261.0,26.933,21.73
64889,325,S1,264.0,26.702,21.73
64890,325,S1,267.0,26.489,21.73
64891,325,S1,270.0,26.452,21.73
64892,325,S1,273.0,26.171,21.73
64893,325,S1,276.0,26.123,21.73
64894,325,S1,279.0,25.998,21.73
64895,325,S1,282.0,25.826,21.73
64896,325,S1,285.0,25.821,21.73
64897,325,S1,288.0,25.604,21.73
64898,325,S1,291.0,25.569,21.73
64899,325,S1,294.0,25.477,21.73
64900,325,S1,297.0,25.359,21.73
64901,325,S1,300.0,25.203,21.73
64902,325,S1,303.0,25.178,21.73
64903,325,S1,306.0,25.059,21.73
64904,325,S1,309.0,24.985,21.73
64905,325,S1,312.0,24.877,21.73
64906,325,S1,315.0,24.747,21.73
64907,325,S1,318.0,24.667,21.73
64908,325,S1,321.0,24.543,21.73
64909,325,S1,324.0,24.567,21.73
64910,325,S1,327.0,24.355,21.73
64911,325,S1,330.0,24.325,21.73
64912,325,S1,333.0,24.349,21.73
64913,325,S1,336.0,24.206,21.73
64914,325,S1,339.0,24.086,21.73
64915,325,S1,342.0,24.096,21.73
64916,325,S1,345.0,24.048,21.73
64917,325,S1,348.0,23.932,21.73
64918,325,S1,351.0,23.903,21.73
64919,325,S1,354.0,23.878,21.73
64920,325,S1,357.0,23.727,21.73
64921,325,S1,360.0,23.772,21.73
64922,325,S1,363.0,23.650,21.73
64923,325,S1,366.0,23.603,21.73
64924,325,S1,369.0,23.588,21.73
64925,325,S1,372.0,23.482,21.73
64926,325,S1,375.0,23.404,21.73
64927,325,S1,378.0,23.481,21.73
64928,325,S1,381.0,23.239,21.73
64929,325,S1,384.0,23.266,21.73
64930,325,S1,387.0,23.233,21.73
64931,325,S1,390.0,23.197,21.73
64932,325,S1,393.0,23.109,21.73
64933,325,S1,396.0,23.080,21.73
64934,325,S1,399.0,23.058,21.73
64935,325,S1,402.0,23.013,21.73
64936,325,S1,405.0,23.108,21.73
64937,325,S1,408.0,23.026,21.73
64938,325,S1,411.0,22.912,21.73
64939,325,S1,414.0,22.814,21.73
64940,325,S1,417.0,22.786,21.73
64941,325,S1,420.0,22.827,21.73
64942,325,S1,423.0,22.764,21.73
64943,325,S1,426.0,22.846,21.73
64944,325,S1,429.0,22.805,21.73
64945,325,S1,432.0,22.747,21.73
64946,325,S1,435.0,22.659,21.73
64947,325,S1,438.0,22.735,21.73
64948,325,S1,441.0,22.658,21.73
64949,325,S1,444.0,22.522,21.73
64950,325,S1,447.0,22.625,21.73
64951,325,S1,450.0,22.590,21.73
64952,325,S1,453.0,22.614,21.73
64953,325,S1,456.0,22.525,21.73
64954,325,S1,459.0,22.387,21.73
64955,325,S1,462.0,22.492,21.73
64956,325,S1,465.0,22.413,21.73
64957,325,S1,468.0,22.414,21.73
64958,325,S1,471.0,22.323,21.73
64959,325,S1,474.0,22.432,21.73
64960,325,S1,477.0,22.398,21.73
64961,325,S1,480.0,22.508,21.73
64962,325,S1,483.0,22.250,21.73
64963,325,S1,486.0,22.290,21.73
64964,325,S1,489.0,22.199,21.73
64965,325,S1,492.0,22.307,21.73
64966,325,S1,495.0,22.194,21.73
64967,325,S1,498.0,22.252,21.73
64968,325,S1,501.0,22.250,21.73
64969,325,S1,504.0,22.199,21.73
64970,325,S1,507.0,22.275,21.73
64971,325,S1,510.0,22.252,21.73
64972,325,S1,513.0,22.147,21.73
64973,325,S1,516.0,22.183,21.73
64974,325,S1,519.0,22.140,21.73
64975,325,S1,522.0,22.092,21.73
64976,325,S1,525.0,22.096,21.73
64977,325,S1,528.0,22.099,21.73
64978,325,S1,531.0,22.034,21.73
64979,325,S1,534.0,22.101,21.73
64980,325,S1,537.0,22.096,21.73
64981,325,S1,540.0,22.017,21.73
64982,325,S1,543.0,22.093,21.73
64983,325,S1,546.0,22.167,21.73
64984,325,S1,549.0,22.045,21.73
64985,325,S1,552.0,22.039,21.73
64986,325,S1,555.0,22.008,21.73
64987,325,S1,558.0,21.973,21.73
