measurement_id,run_id,sensor_id,t_seconds,temperature_c,ambient_c
9999,50,S2,594.0,21.993,20.74
10000,50,S2,597.0,21.978,20.74
10001,51,S3,0.0,76.623,21.87
10002,51,S3,3.0,75.908,21.87
10003,51,S3,6.0,75.081,21.87
10004,51,S3,9.0,74.497,21.87
10005,51,S3,12.0,73.696,21.87
10006,51,S3,15.0,73.022,21.87
10007,51,S3,18.0,72.318,21.87
10008,51,S3,21.0,71.679,21.87
10009,51,S3,24.0,70.975,21.87
10010,51,S3,27.0,70.330,21.87
10011,51,S3,30.0,69.677,21.87
10012,51,S3,33.0,69.196,21.87
10013,51,S3,36.0,68.416,21.87
10014,51,S3,39.0,67.774,21.87
10015,51,S3,42.0,67.243,21.87
10016,51,S3,45.0,66.632,21.87
10017,51,S3,48.0,65.979,21.87
10018,51,S3,51.0,65.404,21.87
10019,51,S3,54.0,64.834,21.87
10020,51,S3,57.0,64.323,21.87
10021,51,S3,60.0,63.638,21.87
10022,51,S3,63.0,63.138,21.87
10023,51,S3,66.0,62.510,21.87
10024,51,S3,69.0,62.049,21.87
10025,51,S3,72.0,61.513,21.87
10026,51,S3,75.0,61.033,21.87
10027,51,S3,78.0,60.442,21.87
10028,51,S3,81.0,59.925,21.87
10029,51,S3,84.0,59.401,21.87
10030,51,S3,87.0,58.928,21.87
10031,51,S3,90.0,58.386,21.87
10032,51,S3,93.0,57.831,21.87
10033,51,S3,96.0,57.445,21.87
10034,51,S3,99.0,56.894,21.87
10035,51,S3,102.0,56.520,21.87
10036,51,S3,105.0,55.938,21.87
10037,51,S3,108.0,55.582,21.87
10038,51,S3,111.0,55.068,21.87
10039,51,S3,114.0,54.665,21.87
10040,51,S3,117.0,54.169,21.87
10041,51,S3,120.0,53.792,21.87
10042,51,S3,123.0,53.281,21.87
10043,51,S3,126.0,52.929,21.87
10044,51,S3,129.0,52.452,21.87
10045,51,S3,132.0,52.115,21.87
10046,51,S3,135.0,51.595,21.87
10047,51,S3,138.0,51.295,21.87
10048,51,S3,141.0,50.891,21.87
10049,51,S3,144.0,50.517,21.87
10050,51,S3,147.0,50.118,21.87
10051,51,S3,150.0,49.795,21.87
10052,51,S3,153.0,49.328,21.87
10053,51,S3,156.0,49.030,21.87
10054,51,S3,159.0,48.674,21.87
10055,51,S3,162.0,48.263,21.87
10056,51,S3,165.0,47.854,21.87
10057,51,S3,168.0,47.618,21.87
10058,51,S3,171.0,47.208,21.87
10059,51,S3,174.0,46.931,21.87
10060,51,S3,177.0,46.570,21.87
10061,51,S3,180.0,46.263,21.87
10062,51,S3,183.0,45.877,21.87
10063,51,S3,186.0,45.572,21.87
10064,51,S3,189.0,45.144,21.87
10065,51,S3,192.0,44.886,21.87
10066,51,S3,195.0,44.620,21.87
10067,51,S3,198.0,44.285,21.87
10068,51,S3,201.0,44.038,21.87
10069,51,S3,204.0,43.696,21.87
10070,51,S3,207.0,43.361,21.87
10071,51,S3,210.0,43.053,21.87
10072,51,S3,213.0,42.837,21.87
10073,51,S3,216.0,42.540,21.87
10074,51,S3,219.0,42.259,21.87
10075,51,S3,222.0,42.039,21.87
10076,51,S3,225.0,41.798,21.87
10077,51,S3,228.0,41.420,21.87
10078,51,S3,231.0,41.284,21.87
10079,51,S3,234.0,40.997,21.87
10080,51,S3,237.0,40.661,21.87
10081,51,S3,240.0,40.490,21.87
10082,51,S3,243.0,40.146,21.87
10083,51,S3,246.0,39.921,21.87
10084,51,S3,249.0,39.682,21.87
10085,51,S3,252.0,39.552,21.87
10086,51,S3,255.0,39.260,21.87
10087,51,S3,258.0,38.954,21.87
10088,51,S3,261.0,38.793,21.87
10089,51,S3,264.0,38.576,21.87
10090,51,S3,267.0,38.288,21.87
10091,51,S3,270.0,38.047,21.87
10092,51,S3,273.0,37.818,21.87
10093,51,S3,276.0,37.630,21.87
10094,51,S3,279.0,37.471,21.87
10095,51,S3,282.0,37.180,21.87
10096,51,S3,285.0,36.924,21.87
10097,51,S3,288.0,36.833,21.87
10098,51,S3,291.0,36.612,21.87
10099,51,S3,294.0,36.468,21.87
10100,51,S3,297.0,36.274,21.87
10101,51,S3,300.0,36.105,21.87
10102,51,S3,303.0,35.794,21.87
10103,51,S3,306.0,35.643,21.87
10104,51,S3,309.0,35.491,21.87
10105,51,S3,312.0,35.315,21.87
10106,51,S3,315.0,35.054,21.87
10107,51,S3,318.0,34.898,21.87
10108,51,S3,321.0,34.701,21.87
10109,51,S3,324.0,34.680,21.87
10110,51,S3,327.0,34.413,21.87
10111,51,S3,330.0,34.191,21.87
10112,51,S3,333.0,34.115,21.87
10113,51,S3,336.0,33.899,21.87
10114,51,S3,339.0,33.759,21.87
10115,51,S3,342.0,33.550,21.87
10116,51,S3,345.0,33.360,21.87
10117,51,S3,348.0,33.269,21.87
10118,51,S3,351.0,33.131,21.87
10119,51,S3,354.0,32.979,21.87
10120,51,S3,357.0,32.866,21.87
10121,51,S3,360.0,32.653,21.87
10122,51,S3,363.0,32.548,21.87
10123,51,S3,366.0,32.347,21.87
10124,51,S3,369.0,32.273,21.87
10125,51,S3,372.0,31.995,21.87
10126,51,S3,375.0,31.974,21.87
10127,51,S3,378.0,31.795,21.87
10128,51,S3,381.0,31.669,21.87
10129,51,S3,384.0,31.594,21.87
10130,51,S3,387.0,31.358,21.87
10131,51,S3,390.0,31.214,21.87
10132,51,S3,393.0,31.197,21.87
10133,51,S3,396.0,30.985,21.87
10134,51,S3,399.0,31.034,21.87
10135,51,S3,402.0,30.910,21.87
10136,51,S3,405.0,30.672,21.87
10137,51,S3,408.0,30.639,21.87
10138,51,S3,411.0,30.484,21.87
10139,51,S3,414.0,30.297,21.87
10140,51,S3,417.0,30.250,21.87
10141,51,S3,420.0,30.086,21.87
10142,51,S3,423.0,30.004,21.87
10143,51,S3,426.0,29.848,21.87
10144,51,S3,429.0,29.772,21.87
10145,51,S3,432.0,29.681,21.87
10146,51,S3,435.0,29.560,21.87
10147,51,S3,438.0,29.389,21.87
10148,51,S3,441.0,29.394,21.87
10149,51,S3,444.0,29.215,21.87
10150,51,S3,447.0,29.157,21.87
10151,51,S3,450.0,28.996,21.87
10152,51,S3,453.0,28.938,21.87
10153,51,S3,456.0,28.963,21.87
10154,51,S3,459.0,28.838,21.87
10155,51,S3,462.0,28.750,21.87
10156,51,S3,465.0,28.652,21.87
10157,51,S3,468.0,28.482,21.87
10158,51,S3,471.0,28.455,21.87
10159,51,S3,474.0,28.420,21.87
10160,51,S3,477.0,28.301,21.87
10161,51,S3,480.0,28.134,21.87
10162,51,S3,483.0,28.043,21.87
10163,51,S3,486.0,28.014,21.87
10164,51,S3,489.0,28.028,21.87
10165,51,S3,492.0,27.764,21.87
10166,51,S3,495.0,27.776,21.87
10167,51,S3,498.0,27.673,21.87
10168,51,S3,501.0,27.562,21.87
10169,51,S3,504.0,27.495,21.87
10170,51,S3,507.0,27.341,21.87
10171,51,S3,510.0,27.310,21.87
10172,51,S3,513.0,27.310,21.87
10173,51,S3,516.0,27.248,21.87
10174,51,S3,519.0,27.092,21.87
10175,51,S3,522.0,27.160,21.87
10176,51,S3,525.0,27.052,21.87
10177,51,S3,528.0,26.936,21.87
10178,51,S3,531.0,26.978,21.87
10179,51,S3,534.0,26.850,21.87
10180,51,S3,537.0,26.715,21.87
10181,51,S3,540.0,26.607,21.87
10182,51,S3,543.0,26.663,21.87
10183,51,S3,546.0,26.535,21.87
10184,51,S3,549.0,26.438,21.87
10185,51,S3,552.0,26.414,21.87
10186,51,S3,555.0,26.414,21.87
10187,51,S3,558.0,26.236,21.87
10188,51,S3,561.0,26.229,21.87
10189,51,S3,564.0,26.207,21.87
10190,51,S3,567.0,26.039,21.87
10191,51,S3,570.0,26.015,21.87
10192,51,S3,573.0,26.034,21.87
10193,51,S3,576.0,26.020,21.87
10194,51,S3,579.0,25.903,21.87
10195,51,S3,582.0,25.785,21.87
10196,51,S3,585.0,25.798,21.87
10197,51,S3,588.0,25.834,21.87
10198,51,S3,591.0,25.629,21.87
10199,51,S3,594.0,25.622,21.87
10200,51,S3,597.0,25.677,21.87
10201,52,S4,0.0,94.663,21.48
10202,52,S4,3.0,93.201,21.48
10203,52,S4,6.0,91.694,21.48
10204,52,S4,9.0,90.358,21.48
10205,52,S4,12.0,88.989,21.48
10206,52,S4,15.0,87.603,21.48
10207,52,S4,18.0,86.441,21.48
10208,52,S4,21.0,85.053,21.48
10209,52,S4,24.0,83.828,21.48
10210,52,S4,27.0,82.563,21.48
10211,52,S4,30.0,81.367,21.48
10212,52,S4,33.0,80.207,21.48
10213,52,S4,36.0,79.014,21.48
10214,52,S4,39.0,77.823,21.48
10215,52,S4,42.0,76.774,21.48
10216,52,S4,45.0,75.678,21.48
10217,52,S4,48.0,74.693,21.48
10218,52,S4,51.0,73.608,21.48
10219,52,S4,54.0,72.547,21.48
10220,52,S4,57.0,71.458,21.48
10221,52,S4,60.0,70.552,21.48
10222,52,S4,63.0,69.594,21.48
10223,52,S4,66.0,68.642,21.48
10224,52,S4,69.0,67.608,21.48
10225,52,S4,72.0,66.764,21.48
10226,52,S4,75.0,65.807,21.48
10227,52,S4,78.0,65.066,21.48
10228,52,S4,81.0,64.140,21.48
10229,52,S4,84.0,63.264,21.48
10230,52,S4,87.0,62.410,21.48
10231,52,S4,90.0,61.581,21.48
10232,52,S4,93.0,60.803,21.48
10233,52,S4,96.0,60.100,21.48
10234,52,S4,99.0,59.287,21.48
10235,52,S4,102.0,58.579,21.48
10236,52,S4,105.0,57.802,21.48
10237,52,S4,108.0,57.108,21.48
10238,52,S4,111.0,56.401,21.48
10239,52,S4,114.0,55.694,21.48
10240,52,S4,117.0,55.032,21.48
10241,52,S4,120.0,54.449,21.48
10242,52,S4,123.0,53.722,21.48
10243,52,S4,126.0,53.155,21.48
10244,52,S4,129.0,52.366,21.48
10245,52,S4,132.0,51.918,21.48
10246,52,S4,135.0,51.370,21.48
10247,52,S4,138.0,50.759,21.48
10248,52,S4,141.0,50.067,21.48
10249,52,S4,144.0,49.484,21.48
10250,52,S4,147.0,48.939,21.48
10251,52,S4,150.0,48.403,21.48
10252,52,S4,153.0,47.877,21.48
10253,52,S4,156.0,47.404,21.48
10254,52,S4,159.0,46.911,21.48
10255,52,S4,162.0,46.334,21.48
10256,52,S4,165.0,45.802,21.48
10257,52,S4,168.0,45.431,21.48
10258,52,S4,171.0,44.888,21.48
10259,52,S4,174.0,44.489,21.48
10260,52,S4,177.0,43.957,21.48
10261,52,S4,180.0,43.492,21.48
10262,52,S4,183.0,43.044,21.48
10263,52,S4,186.0,42.725,21.48
10264,52,S4,189.0,42.267,21.48
10265,52,S4,192.0,41.852,21.48
10266,52,S4,195.0,41.470,21.48
10267,52,S4,198.0,41.199,21.48
10268,52,S4,201.0,40.703,21.48
10269,52,S4,204.0,40.196,21.48
10270,52,S4,207.0,39.998,21.48
10271,52,S4,210.0,39.528,21.48
10272,52,S4,213.0,39.191,21.48
10273,52,S4,216.0,38.821,21.48
10274,52,S4,219.0,38.479,21.48
10275,52,S4,222.0,38.187,21.48
10276,52,S4,225.0,37.841,21.48
10277,52,S4,228.0,37.594,21.48
10278,52,S4,231.0,37.222,21.48
10279,52,S4,234.0,36.943,21.48
10280,52,S4,237.0,36.536,21.48
10281,52,S4,240.0,36.307,21.48
10282,52,S4,243.0,35.959,21.48
10283,52,S4,246.0,35.757,21.48
10284,52,S4,249.0,35.406,21.48
10285,52,S4,252.0,35.137,21.48
10286,52,S4,255.0,34.835,21.48
10287,52,S4,258.0,34.577,21.48
10288,52,S4,261.0,34.312,21.48
10289,52,S4,264.0,34.093,21.48
10290,52,S4,267.0,33.900,21.48
10291,52,S4,270.0,33.551,21.48
10292,52,S4,273.0,33.386,21.48
10293,52,S4,276.0,33.121,21.48
10294,52,S4,279.0,32.914,21.48
10295,52,S4,282.0,32.610,21.48
10296,52,S4,285.0,32.482,21.48
10297,52,S4,288.0,32.337,21.48
10298,52,S4,291.0,32.090,21.48
10299,52,S4,294.0,31.840,21.48
10300,52,S4,297.0,31.744,21.48
10301,52,S4,300.0,31.412,21.48
10302,52,S4,303.0,31.273,21.48
10303,52,S4,306.0,31.060,21.48
10304,52,S4,309.0,30.828,21.48
10305,52,S4,312.0,30.653,21.48
10306,52,S4,315.0,30.328,21.48
10307,52,S4,318.0,30.262,21.48
10308,52,S4,321.0,30.069,21.48
10309,52,S4,324.0,30.012,21.48
10310,52,S4,327.0,29.815,21.48
10311,52,S4,330.0,29.613,21.48
10312,52,S4,333.0,29.440,21.48
10313,52,S4,336.0,29.292,21.48
10314,52,S4,339.0,29.103,21.48
10315,52,S4,342.0,29.124,21.48
10316,52,S4,345.0,28.797,21.48
10317,52,S4,348.0,28.737,21.48
10318,52,S4,351.0,28.563,21.48
10319,52,S4,354.0,28.459,21.48
10320,52,S4,357.0,28.180,21.48
10321,52,S4,360.0,28.151,21.48
10322,52,S4,363.0,28.026,21.48
10323,52,S4,366.0,27.892,21.48
10324,52,S4,369.0,27.657,21.48
10325,52,S4,372.0,27.650,21.48
10326,52,S4,375.0,27.570,21.48
10327,52,S4,378.0,27.432,21.48
10328,52,S4,381.0,27.257,21.48
10329,52,S4,384.0,27.265,21.48
10330,52,S4,387.0,27.099,21.48
10331,52,S4,390.0,26.916,21.48
10332,52,S4,393.0,26.721,21.48
10333,52,S4,396.0,26.679,21.48
10334,52,S4,399.0,26.626,21.48
10335,52,S4,402.0,26.561,21.48
10336,52,S4,405.0,26.414,21.48
10337,52,S4,408.0,26.285,21.48
10338,52,S4,411.0,26.305,21.48
10339,52,S4,414.0,26.137,21.48
10340,52,S4,417.0,26.084,21.48
10341,52,S4,420.0,25.881,21.48
10342,52,S4,423.0,25.856,21.48
10343,52,S4,426.0,25.890,21.48
10344,52,S4,429.0,25.752,21.48
10345,52,S4,432.0,25.687,21.48
10346,52,S4,435.0,25.510,21.48
10347,52,S4,438.0,25.498,21.48
10348,52,S4,441.0,25.423,21.48
10349,52,S4,444.0,25.266,21.48
10350,52,S4,447.0,25.265,21.48
10351,52,S4,450.0,25.116,21.48
10352,52,S4,453.0,25.123,21.48
10353,52,S4,456.0,25.030,21.48
10354,52,S4,459.0,25.033,21.48
10355,52,S4,462.0,24.896,21.48
10356,52,S4,465.0,24.750,21.48
10357,52,S4,468.0,24.781,21.48
10358,52,S4,471.0,24.539,21.48
10359,52,S4,474.0,24.577,21.48
10360,52,S4,477.0,24.539,21.48
10361,52,S4,480.0,24.542,21.48
10362,52,S4,483.0,24.457,21.48
10363,52,S4,486.0,24.369,21.48
10364,52,S4,489.0,24.336,21.48
10365,52,S4,492.0,24.283,21.48
10366,52,S4,495.0,24.179,21.48
10367,52,S4,498.0,24.150,21.48
10368,52,S4,501.0,24.102,21.48
10369,52,S4,504.0,24.049,21.48
10370,52,S4,507.0,23.995,21.48
10371,52,S4,510.0,23.941,21.48
10372,52,S4,513.0,23.956,21.48
10373,52,S4,516.0,23.770,21.48
10374,52,S4,519.0,23.807,21.48
10375,52,S4,522.0,23.677,21.48
10376,52,S4,525.0,23.668,21.48
10377,52,S4,528.0,23.672,21.48
10378,52,S4,531.0,23.686,21.48
10379,52,S4,534.0,23.539,21.48
10380,52,S4,537.0,23.536,21.48
10381,52,S4,540.0,23.493,21.48
10382,52,S4,543.0,23.429,21.48
10383,52,S4,546.0,23.502,21.48
10384,52,S4,549.0,23.408,21.48
10385,52,S4,552.0,23.378,21.48
10386,52,S4,555.0,23.331,21.48
10387,52,S4,558.0,23.248,21.48
10388,52,S4,561.0,23.190,21.48
10389,52,S4,564.0,23.151,21.48
10390,52,S4,567.0,23.182,21.48
10391,52,S4,570.0,23.160,21.48
10392,52,S4,573.0,23.089,21.48
10393,52,S4,576.0,23.048,21.48
10394,52,S4,579.0,23.077,21.48
10395,52,S4,582.0,23.010,21.48
10396,52,S4,585.0,22.925,21.48
10397,52,S4,588.0,23.045,21.48
10398,52,S4,591.0,22.950,21.48
10399,52,S4,594.0,22.856,21.48
10400,52,S4,597.0,22.789,21.48
10401,53,S1,0.0,83.109,22.73
10402,53,S1,3.0,82.042,22.73
10403,53,S1,6.0,81.007,22.73
10404,53,S1,9.0,80.054,22.73
10405,53,S1,12.0,78.922,22.73
10406,53,S1,15.0,77.910,22.73
10407,53,S1,18.0,76.934,22.73
10408,53,S1,21.0,76.023,22.73
10409,53,S1,24.0,74.943,22.73
10410,53,S1,27.0,74.151,22.73
10411,53,S1,30.0,73.212,22.73
10412,53,S1,33.0,72.330,22.73
10413,53,S1,36.0,71.461,22.73
10414,53,S1,39.0,70.552,22.73
10415,53,S1,42.0,69.618,22.73
10416,53,S1,45.0,68.905,22.73
10417,53,S1,48.0,68.031,22.73
10418,53,S1,51.0,67.280,22.73
10419,53,S1,54.0,66.561,22.73
10420,53,S1,57.0,65.675,22.73
10421,53,S1,60.0,64.910,22.73
10422,53,S1,63.0,64.146,22.73
10423,53,S1,66.0,63.391,22.73
10424,53,S1,69.0,62.733,22.73
10425,53,S1,72.0,62.033,22.73
10426,53,S1,75.0,61.293,22.73
10427,53,S1,78.0,60.687,22.73
10428,53,S1,81.0,59.938,22.73
10429,53,S1,84.0,59.309,22.73
10430,53,S1,87.0,58.650,22.73
10431,53,S1,90.0,57.966,22.73
10432,53,S1,93.0,57.347,22.73
10433,53,S1,96.0,56.747,22.73
10434,53,S1,99.0,56.122,22.73
10435,53,S1,102.0,55.525,22.73
10436,53,S1,105.0,55.021,22.73
10437,53,S1,108.0,54.422,22.73
10438,53,S1,111.0,53.730,22.73
10439,53,S1,114.0,53.303,22.73
10440,53,S1,117.0,52.649,22.73
10441,53,S1,120.0,52.116,22.73
10442,53,S1,123.0,51.744,22.73
10443,53,S1,126.0,51.153,22.73
10444,53,S1,129.0,50.665,22.73
10445,53,S1,132.0,50.201,22.73
10446,53,S1,135.0,49.708,22.73
10447,53,S1,138.0,49.226,22.73
10448,53,S1,141.0,48.772,22.73
10449,53,S1,144.0,48.248,22.73
10450,53,S1,147.0,47.837,22.73
10451,53,S1,150.0,47.380,22.73
10452,53,S1,153.0,46.929,22.73
10453,53,S1,156.0,46.519,22.73
10454,53,S1,159.0,46.073,22.73
10455,53,S1,162.0,45.647,22.73
10456,53,S1,165.0,45.209,22.73
10457,53,S1,168.0,44.903,22.73
10458,53,S1,171.0,44.362,22.73
10459,53,S1,174.0,44.098,22.73
10460,53,S1,177.0,43.705,22.73
10461,53,S1,180.0,43.268,22.73
10462,53,S1,183.0,42.913,22.73
10463,53,S1,186.0,42.618,22.73
10464,53,S1,189.0,42.345,22.73
10465,53,S1,192.0,41.832,22.73
10466,53,S1,195.0,41.522,22.73
10467,53,S1,198.0,41.298,22.73
10468,53,S1,201.0,40.927,22.73
10469,53,S1,204.0,40.484,22.73
10470,53,S1,207.0,40.213,22.73
10471,53,S1,210.0,39.933,22.73
10472,53,S1,213.0,39.670,22.73
10473,53,S1,216.0,39.316,22.73
10474,53,S1,219.0,39.056,22.73
10475,53,S1,222.0,38.827,22.73
10476,53,S1,225.0,38.492,22.73
10477,53,S1,228.0,38.308,22.73
10478,53,S1,231.0,37.922,22.73
10479,53,S1,234.0,37.605,22.73
10480,53,S1,237.0,37.357,22.73
10481,53,S1,240.0,37.094,22.73
10482,53,S1,243.0,36.867,22.73
10483,53,S1,246.0,36.588,22.73
10484,53,S1,249.0,36.358,22.73
10485,53,S1,252.0,36.202,22.73
10486,53,S1,255.0,35.866,22.73
10487,53,S1,258.0,35.560,22.73
10488,53,S1,261.0,35.417,22.73
10489,53,S1,264.0,35.201,22.73
10490,53,S1,267.0,34.953,22.73
10491,53,S1,270.0,34.818,22.73
10492,53,S1,273.0,34.544,22.73
10493,53,S1,276.0,34.410,22.73
10494,53,S1,279.0,34.111,22.73
10495,53,S1,282.0,33.942,22.73
10496,53,S1,285.0,33.754,22.73
10497,53,S1,288.0,33.593,22.73
10498,53,S1,291.0,33.300,22.73
10499,53,S1,294.0,33.154,22.73
10500,53,S1,297.0,32.999,22.73
10501,53,S1,300.0,32.762,22.73
10502,53,S1,303.0,32.532,22.73
10503,53,S1,306.0,32.445,22.73
10504,53,S1,309.0,32.244,22.73
10505,53,S1,312.0,31.999,22.73
10506,53,S1,315.0,31.799,22.73
10507,53,S1,318.0,31.733,22.73
10508,53,S1,321.0,31.616,22.73
10509,53,S1,324.0,31.474,22.73
10510,53,S1,327.0,31.252,22.73
10511,53,S1,330.0,31.131,22.73
10512,53,S1,333.0,31.026,22.73
10513,53,S1,336.0,30.876,22.73
10514,53,S1,339.0,30.625,22.73
10515,53,S1,342.0,30.563,22.73
10516,53,S1,345.0,30.422,22.73
10517,53,S1,348.0,30.288,22.73
10518,53,S1,351.0,30.181,22.73
10519,53,S1,354.0,29.994,22.73
10520,53,S1,357.0,29.916,22.73
10521,53,S1,360.0,29.685,22.73
10522,53,S1,363.0,29.568,22.73
10523,53,S1,366.0,29.571,22.73
10524,53,S1,369.0,29.382,22.73
10525,53,S1,372.0,29.238,22.73
10526,53,S1,375.0,29.191,22.73
10527,53,S1,378.0,29.154,22.73
10528,53,S1,381.0,28.985,22.73
10529,53,S1,384.0,28.851,22.73
10530,53,S1,387.0,28.687,22.73
10531,53,S1,390.0,28.681,22.73
10532,53,S1,393.0,28.437,22.73
10533,53,S1,396.0,28.248,22.73
10534,53,S1,399.0,28.248,22.73
10535,53,S1,402.0,28.200,22.73
10536,53,S1,405.0,28.070,22.73
10537,53,S1,408.0,28.023,22.73
10538,53,S1,411.0,27.946,22.73
10539,53,S1,414.0,27.826,22.73
10540,53,S1,417.0,27.700,22.73
10541,53,S1,420.0,27.654,22.73
10542,53,S1,423.0,27.468,22.73
10543,53,S1,426.0,27.494,22.73
10544,53,S1,429.0,27.379,22.73
10545,53,S1,432.0,27.317,22.73
10546,53,S1,435.0,27.174,22.73
10547,53,S1,438.0,27.140,22.73
10548,53,S1,441.0,27.067,22.73
10549,53,S1,444.0,26.923,22.73
10550,53,S1,447.0,26.840,22.73
10551,53,S1,450.0,26.855,22.73
10552,53,S1,453.0,26.708,22.73
10553,53,S1,456.0,26.672,22.73
10554,53,S1,459.0,26.633,22.73
10555,53,S1,462.0,26.509,22.73
10556,53,S1,465.0,26.476,22.73
10557,53,S1,468.0,26.356,22.73
10558,53,S1,471.0,26.303,22.73
10559,53,S1,474.0,26.258,22.73
10560,53,S1,477.0,26.198,22.73
10561,53,S1,480.0,26.050,22.73
10562,53,S1,483.0,26.058,22.73
10563,53,S1,486.0,25.994,22.73
10564,53,S1,489.0,25.943,22.73
10565,53,S1,492.0,25.991,22.73
10566,53,S1,495.0,25.898,22.73
10567,53,S1,498.0,25.772,22.73
10568,53,S1,501.0,25.742,22.73
10569,53,S1,504.0,25.813,22.73
10570,53,S1,507.0,25.628,22.73
10571,53,S1,510.0,25.645,22.73
10572,53,S1,513.0,25.560,22.73
10573,53,S1,516.0,25.463,22.73
10574,53,S1,519.0,25.532,22.73
10575,53,S1,522.0,25.455,22.73
10576,53,S1,525.0,25.336,22.73
10577,53,S1,528.0,25.264,22.73
10578,53,S1,531.0,25.197,22.73
10579,53,S1,534.0,25.160,22.73
10580,53,S1,537.0,25.213,22.73
10581,53,S1,540.0,25.152,22.73
10582,53,S1,543.0,25.161,22.73
10583,53,S1,546.0,25.032,22.73
10584,53,S1,549.0,24.991,22.73
10585,53,S1,552.0,24.999,22.73
10586,53,S1,555.0,24.875,22.73
10587,53,S1,558.0,24.862,22.73
10588,53,S1,561.0,24.827,22.73
10589,53,S1,564.0,24.850,22.73
10590,53,S1,567.0,24.821,22.73
10591,53,S1,570.0,24.723,22.73
10592,53,S1,573.0,24.692,22.73
10593,53,S1,576.0,24.721,22.73
10594,53,S1,579.0,24.565,22.73
10595,53,S1,582.0,24.589,22.73
10596,53,S1,585.0,24.553,22.73
10597,53,S1,588.0,24.576,22.73
10598,53,S1,591.0,24.523,22.73
10599,53,S1,594.0,24.413,22.73
10600,53,S1,597.0,24.429,22.73
10601,54,S2,0.0,72.779,22.78
10602,54,S2,3.0,71.658,22.78
10603,54,S2,6.0,70.528,22.78
10604,54,S2,9.0,69.426,22.78
10605,54,S2,12.0,68.318,22.78
10606,54,S2,15.0,67.193,22.78
10607,54,S2,18.0,66.214,22.78
10608,54,S2,21.0,65.269,22.78
10609,54,S2,24.0,64.133,22.78
10610,54,S2,27.0,63.163,22.78
10611,54,S2,30.0,62.220,22.78
10612,54,S2,33.0,61.264,22.78
10613,54,S2,36.0,60.419,22.78
10614,54,S2,39.0,59.477,22.78
10615,54,S2,42.0,58.637,22.78
10616,54,S2,45.0,57.825,22.78
10617,54,S2,48.0,57.043,22.78
10618,54,S2,51.0,56.228,22.78
10619,54,S2,54.0,55.287,22.78
10620,54,S2,57.0,54.590,22.78
10621,54,S2,60.0,53.872,22.78
10622,54,S2,63.0,53.067,22.78
10623,54,S2,66.0,52.412,22.78
10624,54,S2,69.0,51.811,22.78
10625,54,S2,72.0,51.034,22.78
10626,54,S2,75.0,50.333,22.78
10627,54,S2,78.0,49.763,22.78
10628,54,S2,81.0,49.197,22.78
10629,54,S2,84.0,48.455,22.78
10630,54,S2,87.0,47.842,22.78
10631,54,S2,90.0,47.199,22.78
10632,54,S2,93.0,46.617,22.78
10633,54,S2,96.0,46.126,22.78
10634,54,S2,99.0,45.511,22.78
10635,54,S2,102.0,45.092,22.78
10636,54,S2,105.0,44.483,22.78
10637,54,S2,108.0,43.905,22.78
10638,54,S2,111.0,43.435,22.78
10639,54,S2,114.0,42.990,22.78
10640,54,S2,117.0,42.571,22.78
10641,54,S2,120.0,42.171,22.78
10642,54,S2,123.0,41.619,22.78
10643,54,S2,126.0,41.205,22.78
10644,54,S2,129.0,40.682,22.78
10645,54,S2,132.0,40.333,22.78
10646,54,S2,135.0,39.768,22.78
10647,54,S2,138.0,39.513,22.78
10648,54,S2,141.0,39.079,22.78
10649,54,S2,144.0,38.746,22.78
10650,54,S2,147.0,38.362,22.78
10651,54,S2,150.0,37.896,22.78
10652,54,S2,153.0,37.658,22.78
10653,54,S2,156.0,37.226,22.78
10654,54,S2,159.0,36.896,22.78
10655,54,S2,162.0,36.602,22.78
10656,54,S2,165.0,36.240,22.78
10657,54,S2,168.0,35.922,22.78
10658,54,S2,171.0,35.607,22.78
10659,54,S2,174.0,35.306,22.78
10660,54,S2,177.0,35.112,22.78
10661,54,S2,180.0,34.714,22.78
10662,54,S2,183.0,34.398,22.78
10663,54,S2,186.0,34.230,22.78
10664,54,S2,189.0,33.877,22.78
10665,54,S2,192.0,33.578,22.78
10666,54,S2,195.0,33.384,22.78
10667,54,S2,198.0,33.059,22.78
10668,54,S2,201.0,32.957,22.78
10669,54,S2,204.0,32.760,22.78
10670,54,S2,207.0,32.432,22.78
10671,54,S2,210.0,32.164,22.78
10672,54,S2,213.0,31.944,22.78
10673,54,S2,216.0,31.816,22.78
10674,54,S2,219.0,31.506,22.78
10675,54,S2,222.0,31.334,22.78
10676,54,S2,225.0,31.157,22.78
10677,54,S2,228.0,30.926,22.78
10678,54,S2,231.0,30.925,22.78
10679,54,S2,234.0,30.537,22.78
10680,54,S2,237.0,30.361,22.78
10681,54,S2,240.0,30.213,22.78
10682,54,S2,243.0,29.968,22.78
10683,54,S2,246.0,29.779,22.78
10684,54,S2,249.0,29.649,22.78
10685,54,S2,252.0,29.519,22.78
10686,54,S2,255.0,29.368,22.78
10687,54,S2,258.0,29.236,22.78
10688,54,S2,261.0,29.083,22.78
10689,54,S2,264.0,28.917,22.78
10690,54,S2,267.0,28.772,22.78
10691,54,S2,270.0,28.630,22.78
10692,54,S2,273.0,28.461,22.78
10693,54,S2,276.0,28.296,22.78
10694,54,S2,279.0,28.249,22.78
10695,54,S2,282.0,28.178,22.78
10696,54,S2,285.0,28.007,22.78
10697,54,S2,288.0,27.854,22.78
10698,54,S2,291.0,27.708,22.78
10699,54,S2,294.0,27.660,22.78
10700,54,S2,297.0,27.429,22.78
10701,54,S2,300.0,27.371,22.78
10702,54,S2,303.0,27.225,22.78
10703,54,S2,306.0,27.088,22.78
10704,54,S2,309.0,27.072,22.78
10705,54,S2,312.0,27.055,22.78
10706,54,S2,315.0,26.854,22.78
10707,54,S2,318.0,26.811,22.78
10708,54,S2,321.0,26.638,22.78
10709,54,S2,324.0,26.663,22.78
10710,54,S2,327.0,26.518,22.78
10711,54,S2,330.0,26.403,22.78
10712,54,S2,333.0,26.270,22.78
10713,54,S2,336.0,26.252,22.78
10714,54,S2,339.0,26.117,22.78
10715,54,S2,342.0,26.099,22.78
10716,54,S2,345.0,26.013,22.78
10717,54,S2,348.0,25.938,22.78
10718,54,S2,351.0,25.851,22.78
10719,54,S2,354.0,25.722,22.78
10720,54,S2,357.0,25.663,22.78
10721,54,S2,360.0,25.631,22.78
10722,54,S2,363.0,25.597,22.78
10723,54,S2,366.0,25.455,22.78
10724,54,S2,369.0,25.400,22.78
10725,54,S2,372.0,25.282,22.78
10726,54,S2,375.0,25.356,22.78
10727,54,S2,378.0,25.336,22.78
10728,54,S2,381.0,25.192,22.78
10729,54,S2,384.0,25.110,22.78
10730,54,S2,387.0,25.046,22.78
10731,54,S2,390.0,24.990,22.78
10732,54,S2,393.0,24.963,22.78
10733,54,S2,396.0,25.006,22.78
10734,54,S2,399.0,24.874,22.78
10735,54,S2,402.0,24.815,22.78
10736,54,S2,405.0,24.819,22.78
10737,54,S2,408.0,24.779,22.78
10738,54,S2,411.0,24.700,22.78
10739,54,S2,414.0,24.688,22.78
10740,54,S2,417.0,24.571,22.78
10741,54,S2,420.0,24.530,22.78
10742,54,S2,423.0,24.545,22.78
10743,54,S2,426.0,24.495,22.78
10744,54,S2,429.0,24.408,22.78
10745,54,S2,432.0,24.441,22.78
10746,54,S2,435.0,24.374,22.78
10747,54,S2,438.0,24.331,22.78
10748,54,S2,441.0,24.193,22.78
10749,54,S2,444.0,24.234,22.78
10750,54,S2,447.0,24.224,22.78
10751,54,S2,450.0,24.196,22.78
10752,54,S2,453.0,24.069,22.78
10753,54,S2,456.0,24.113,22.78
10754,54,S2,459.0,24.081,22.78
10755,54,S2,462.0,24.123,22.78
10756,54,S2,465.0,24.010,22.78
10757,54,S2,468.0,24.077,22.78
10758,54,S2,471.0,24.019,22.78
10759,54,S2,474.0,23.944,22.78
10760,54,S2,477.0,23.871,22.78
10761,54,S2,480.0,23.872,22.78
10762,54,S2,483.0,23.910,22.78
10763,54,S2,486.0,23.862,22.78
10764,54,S2,489.0,23.716,22.78
10765,54,S2,492.0,23.805,22.78
10766,54,S2,495.0,23.738,22.78
10767,54,S2,498.0,23.859,22.78
10768,54,S2,501.0,23.712,22.78
10769,54,S2,504.0,23.744,22.78
10770,54,S2,507.0,23.701,22.78
10771,54,S2,510.0,23.688,22.78
10772,54,S2,513.0,23.578,22.78
10773,54,S2,516.0,23.602,22.78
10774,54,S2,519.0,23.636,22.78
10775,54,S2,522.0,23.645,22.78
10776,54,S2,525.0,23.499,22.78
10777,54,S2,528.0,23.572,22.78
10778,54,S2,531.0,23.541,22.78
10779,54,S2,534.0,23.500,22.78
10780,54,S2,537.0,23.503,22.78
10781,54,S2,540.0,23.464,22.78
10782,54,S2,543.0,23.492,22.78
10783,54,S2,546.0,23.391,22.78
10784,54,S2,549.0,23.419,22.78
10785,54,S2,552.0,23.340,22.78
10786,54,S2,555.0,23.326,22.78
10787,54,S2,558.0,23.398,22.78
10788,54,S2,561.0,23.371,22.78
10789,54,S2,564.0,23.327,22.78
10790,54,S2,567.0,23.360,22.78
10791,54,S2,570.0,23.285,22.78
10792,54,S2,573.0,23.349,22.78
10793,54,S2,576.0,23.353,22.78
10794,54,S2,579.0,23.373,22.78
10795,54,S2,582.0,23.285,22.78
10796,54,S2,585.0,23.304,22.78
10797,54,S2,588.0,23.160,22.78
10798,54,S2,591.0,23.252,22.78
10799,54,S2,594.0,23.329,22.78
10800,54,S2,597.0,23.163,22.78
10801,55,S3,0.0,76.812,22.51
10802,55,S3,3.0,76.212,22.51
10803,55,S3,6.0,75.461,22.51
10804,55,S3,9.0,74.771,22.51
10805,55,S3,12.0,74.001,22.51
10806,55,S3,15.0,73.506,22.51
10807,55,S3,18.0,72.751,22.51
10808,55,S3,21.0,72.127,22.51
10809,55,S3,24.0,71.491,22.51
10810,55,S3,27.0,70.812,22.51
10811,55,S3,30.0,70.136,22.51
10812,55,S3,33.0,69.616,22.51
10813,55,S3,36.0,69.019,22.51
10814,55,S3,39.0,68.398,22.51
10815,55,S3,42.0,67.746,22.51
10816,55,S3,45.0,67.205,22.51
10817,55,S3,48.0,66.460,22.51
10818,55,S3,51.0,66.059,22.51
10819,55,S3,54.0,65.541,22.51
10820,55,S3,57.0,64.901,22.51
10821,55,S3,60.0,64.423,22.51
10822,55,S3,63.0,63.971,22.51
10823,55,S3,66.0,63.360,22.51
10824,55,S3,69.0,62.748,22.51
10825,55,S3,72.0,62.346,22.51
10826,55,S3,75.0,61.737,22.51
10827,55,S3,78.0,61.243,22.51
10828,55,S3,81.0,60.727,22.51
10829,55,S3,84.0,60.257,22.51
10830,55,S3,87.0,59.768,22.51
10831,55,S3,90.0,59.374,22.51
10832,55,S3,93.0,58.857,22.51
10833,55,S3,96.0,58.308,22.51
10834,55,S3,99.0,57.919,22.51
10835,55,S3,102.0,57.520,22.51
10836,55,S3,105.0,56.958,22.51
10837,55,S3,108.0,56.483,22.51
10838,55,S3,111.0,56.083,22.51
10839,55,S3,114.0,55.706,22.51
10840,55,S3,117.0,55.159,22.51
10841,55,S3,120.0,54.784,22.51
10842,55,S3,123.0,54.361,22.51
10843,55,S3,126.0,53.985,22.51
10844,55,S3,129.0,53.636,22.51
10845,55,S3,132.0,53.217,22.51
10846,55,S3,135.0,52.687,22.51
10847,55,S3,138.0,52.388,22.51
10848,55,S3,141.0,52.023,22.51
10849,55,S3,144.0,51.573,22.51
10850,55,S3,147.0,51.290,22.51
10851,55,S3,150.0,50.890,22.51
10852,55,S3,153.0,50.539,22.51
10853,55,S3,156.0,50.180,22.51
10854,55,S3,159.0,49.865,22.51
10855,55,S3,162.0,49.464,22.51
10856,55,S3,165.0,49.111,22.51
10857,55,S3,168.0,48.843,22.51
10858,55,S3,171.0,48.433,22.51
10859,55,S3,174.0,48.115,22.51
10860,55,S3,177.0,47.755,22.51
10861,55,S3,180.0,47.452,22.51
10862,55,S3,183.0,47.151,22.51
10863,55,S3,186.0,46.731,22.51
10864,55,S3,189.0,46.492,22.51
10865,55,S3,192.0,46.186,22.51
10866,55,S3,195.0,45.846,22.51
10867,55,S3,198.0,45.605,22.51
10868,55,S3,201.0,45.290,22.51
10869,55,S3,204.0,44.871,22.51
10870,55,S3,207.0,44.667,22.51
10871,55,S3,210.0,44.467,22.51
10872,55,S3,213.0,44.115,22.51
10873,55,S3,216.0,43.797,22.51
10874,55,S3,219.0,43.533,22.51
10875,55,S3,222.0,43.281,22.51
10876,55,S3,225.0,42.959,22.51
10877,55,S3,228.0,42.826,22.51
10878,55,S3,231.0,42.510,22.51
10879,55,S3,234.0,42.310,22.51
10880,55,S3,237.0,41.935,22.51
10881,55,S3,240.0,41.702,22.51
10882,55,S3,243.0,41.505,22.51
10883,55,S3,246.0,41.253,22.51
10884,55,S3,249.0,41.028,22.51
10885,55,S3,252.0,40.730,22.51
10886,55,S3,255.0,40.516,22.51
10887,55,S3,258.0,40.309,22.51
10888,55,S3,261.0,40.031,22.51
10889,55,S3,264.0,39.824,22.51
10890,55,S3,267.0,39.648,22.51
10891,55,S3,270.0,39.470,22.51
10892,55,S3,273.0,39.204,22.51
10893,55,S3,276.0,38.905,22.51
10894,55,S3,279.0,38.724,22.51
10895,55,S3,282.0,38.519,22.51
10896,55,S3,285.0,38.280,22.51
10897,55,S3,288.0,38.017,22.51
10898,55,S3,291.0,37.971,22.51
10899,55,S3,294.0,37.704,22.51
10900,55,S3,297.0,37.549,22.51
10901,55,S3,300.0,37.331,22.51
10902,55,S3,303.0,37.219,22.51
10903,55,S3,306.0,36.980,22.51
10904,55,S3,309.0,36.785,22.51
10905,55,S3,312.0,36.597,22.51
10906,55,S3,315.0,36.367,22.51
10907,55,S3,318.0,36.192,22.51
10908,55,S3,321.0,36.020,22.51
10909,55,S3,324.0,35.835,22.51
10910,55,S3,327.0,35.696,22.51
10911,55,S3,330.0,35.605,22.51
10912,55,S3,333.0,35.333,22.51
10913,55,S3,336.0,35.123,22.51
10914,55,S3,339.0,35.005,22.51
10915,55,S3,342.0,34.915,22.51
10916,55,S3,345.0,34.654,22.51
10917,55,S3,348.0,34.600,22.51
10918,55,S3,351.0,34.384,22.51
10919,55,S3,354.0,34.235,22.51
10920,55,S3,357.0,34.111,22.51
10921,55,S3,360.0,34.003,22.51
10922,55,S3,363.0,33.671,22.51
10923,55,S3,366.0,33.588,22.51
10924,55,S3,369.0,33.554,22.51
10925,55,S3,372.0,33.352,22.51
10926,55,S3,375.0,33.241,22.51
10927,55,S3,378.0,33.059,22.51
10928,55,S3,381.0,32.923,22.51
10929,55,S3,384.0,32.850,22.51
10930,55,S3,387.0,32.677,22.51
10931,55,S3,390.0,32.661,22.51
10932,55,S3,393.0,32.373,22.51
10933,55,S3,396.0,32.303,22.51
10934,55,S3,399.0,32.050,22.51
10935,55,S3,402.0,32.099,22.51
10936,55,S3,405.0,31.877,22.51
10937,55,S3,408.0,31.810,22.51
10938,55,S3,411.0,31.699,22.51
10939,55,S3,414.0,31.489,22.51
10940,55,S3,417.0,31.440,22.51
10941,55,S3,420.0,31.377,22.51
10942,55,S3,423.0,31.312,22.51
10943,55,S3,426.0,31.017,22.51
10944,55,S3,429.0,30.947,22.51
10945,55,S3,432.0,30.820,22.51
10946,55,S3,435.0,30.693,22.51
10947,55,S3,438.0,30.647,22.51
10948,55,S3,441.0,30.500,22.51
10949,55,S3,444.0,30.425,22.51
10950,55,S3,447.0,30.309,22.51
10951,55,S3,450.0,30.306,22.51
10952,55,S3,453.0,30.268,22.51
10953,55,S3,456.0,30.088,22.51
10954,55,S3,459.0,29.996,22.51
10955,55,S3,462.0,29.783,22.51
10956,55,S3,465.0,29.764,22.51
10957,55,S3,468.0,29.697,22.51
10958,55,S3,471.0,29.488,22.51
10959,55,S3,474.0,29.562,22.51
10960,55,S3,477.0,29.341,22.51
10961,55,S3,480.0,29.273,22.51
10962,55,S3,483.0,29.217,22.51
10963,55,S3,486.0,29.118,22.51
10964,55,S3,489.0,29.014,22.51
10965,55,S3,492.0,28.962,22.51
10966,55,S3,495.0,28.860,22.51
10967,55,S3,498.0,28.849,22.51
10968,55,S3,501.0,28.744,22.51
10969,55,S3,504.0,28.680,22.51
10970,55,S3,507.0,28.611,22.51
10971,55,S3,510.0,28.462,22.51
10972,55,S3,513.0,28.464,22.51
10973,55,S3,516.0,28.273,22.51
10974,55,S3,519.0,28.221,22.51
10975,55,S3,522.0,28.150,22.51
10976,55,S3,525.0,28.193,22.51
10977,55,S3,528.0,28.113,22.51
10978,55,S3,531.0,27.850,22.51
10979,55,S3,534.0,27.940,22.51
10980,55,S3,537.0,27.798,22.51
10981,55,S3,540.0,27.745,22.51
10982,55,S3,543.0,27.573,22.51
10983,55,S3,546.0,27.582,22.51
10984,55,S3,549.0,27.611,22.51
10985,55,S3,552.0,27.537,22.51
10986,55,S3,555.0,27.328,22.51
10987,55,S3,558.0,27.340,22.51
10988,55,S3,561.0,27.279,22.51
10989,55,S3,564.0,27.281,22.51
10990,55,S3,567.0,27.202,22.51
10991,55,S3,570.0,27.154,22.51
10992,55,S3,573.0,27.071,22.51
10993,55,S3,576.0,26.961,22.51
10994,55,S3,579.0,26.936,22.51
10995,55,S3,582.0,26.869,22.51
10996,55,S3,585.0,26.835,22.51
10997,55,S3,588.0,26.824,22.51
10998,55,S3,591.0,26.648,22.51
10999,55,S3,594.0,26.614,22.51
11000,55,S3,597.0,26.538,22.51
11001,56,S4,0.0,76.893,22.79
11002,56,S4,3.0,75.932,22.79
11003,56,S4,6.0,74.992,22.79
11004,56,S4,9.0,73.986,22.79
11005,56,S4,12.0,72.975,22.79
11006,56,S4,15.0,72.093,22.79
11007,56,S4,18.0,71.165,22.79
11008,56,S4,21.0,70.293,22.79
11009,56,S4,24.0,69.483,22.79
11010,56,S4,27.0,68.456,22.79
11011,56,S4,30.0,67.624,22.79
11012,56,S4,33.0,66.848,22.79
11013,56,S4,36.0,65.840,22.79
11014,56,S4,39.0,65.212,22.79
11015,56,S4,42.0,64.391,22.79
11016,56,S4,45.0,63.609,22.79
11017,56,S4,48.0,62.703,22.79
11018,56,S4,51.0,62.093,22.79
11019,56,S4,54.0,61.477,22.79
11020,56,S4,57.0,60.607,22.79
11021,56,S4,60.0,59.952,22.79
11022,56,S4,63.0,59.143,22.79
11023,56,S4,66.0,58.498,22.79
11024,56,S4,69.0,57.851,22.79
11025,56,S4,72.0,57.155,22.79
11026,56,S4,75.0,56.581,22.79
11027,56,S4,78.0,55.900,22.79
11028,56,S4,81.0,55.326,22.79
11029,56,S4,84.0,54.588,22.79
11030,56,S4,87.0,54.167,22.79
11031,56,S4,90.0,53.485,22.79
11032,56,S4,93.0,53.015,22.79
11033,56,S4,96.0,52.396,22.79
11034,56,S4,99.0,51.882,22.79
11035,56,S4,102.0,51.233,22.79
11036,56,S4,105.0,50.791,22.79
11037,56,S4,108.0,50.151,22.79
11038,56,S4,111.0,49.689,22.79
11039,56,S4,114.0,49.135,22.79
11040,56,S4,117.0,48.705,22.79
11041,56,S4,120.0,48.215,22.79
11042,56,S4,123.0,47.739,22.79
11043,56,S4,126.0,47.300,22.79
11044,56,S4,129.0,46.950,22.79
11045,56,S4,132.0,46.419,22.79
11046,56,S4,135.0,45.858,22.79
11047,56,S4,138.0,45.459,22.79
11048,56,S4,141.0,45.006,22.79
11049,56,S4,144.0,44.711,22.79
11050,56,S4,147.0,44.212,22.79
11051,56,S4,150.0,43.862,22.79
11052,56,S4,153.0,43.447,22.79
11053,56,S4,156.0,43.069,22.79
11054,56,S4,159.0,42.613,22.79
11055,56,S4,162.0,42.293,22.79
11056,56,S4,165.0,41.995,22.79
11057,56,S4,168.0,41.470,22.79
11058,56,S4,171.0,41.254,22.79
11059,56,S4,174.0,40.977,22.79
11060,56,S4,177.0,40.510,22.79
11061,56,S4,180.0,40.202,22.79
11062,56,S4,183.0,39.784,22.79
11063,56,S4,186.0,39.502,22.79
11064,56,S4,189.0,39.198,22.79
11065,56,S4,192.0,38.918,22.79
11066,56,S4,195.0,38.629,22.79
11067,56,S4,198.0,38.372,22.79
11068,56,S4,201.0,38.044,22.79
11069,56,S4,204.0,37.835,22.79
11070,56,S4,207.0,37.527,22.79
11071,56,S4,210.0,37.199,22.79
11072,56,S4,213.0,37.003,22.79
11073,56,S4,216.0,36.657,22.79
11074,56,S4,219.0,36.366,22.79
11075,56,S4,222.0,36.186,22.79
11076,56,S4,225.0,35.997,22.79
11077,56,S4,228.0,35.669,22.79
11078,56,S4,231.0,35.421,22.79
11079,56,S4,234.0,35.262,22.79
11080,56,S4,237.0,35.014,22.79
11081,56,S4,240.0,34.716,22.79
11082,56,S4,243.0,34.487,22.79
11083,56,S4,246.0,34.285,22.79
11084,56,S4,249.0,34.154,22.79
11085,56,S4,252.0,33.801,22.79
11086,56,S4,255.0,33.649,22.79
11087,56,S4,258.0,33.445,22.79
11088,56,S4,261.0,33.292,22.79
11089,56,S4,264.0,33.005,22.79
11090,56,S4,267.0,32.845,22.79
11091,56,S4,270.0,32.605,22.79
11092,56,S4,273.0,32.507,22.79
11093,56,S4,276.0,32.359,22.79
11094,56,S4,279.0,32.064,22.79
11095,56,S4,282.0,31.950,22.79
11096,56,S4,285.0,31.762,22.79
11097,56,S4,288.0,31.570,22.79
11098,56,S4,291.0,31.428,22.79
11099,56,S4,294.0,31.353,22.79
11100,56,S4,297.0,31.088,22.79
11101,56,S4,300.0,30.919,22.79
11102,56,S4,303.0,30.766,22.79
11103,56,S4,306.0,30.704,22.79
11104,56,S4,309.0,30.612,22.79
11105,56,S4,312.0,30.362,22.79
11106,56,S4,315.0,30.244,22.79
11107,56,S4,318.0,30.092,22.79
11108,56,S4,321.0,29.931,22.79
11109,56,S4,324.0,29.917,22.79
11110,56,S4,327.0,29.692,22.79
11111,56,S4,330.0,29.537,22.79
11112,56,S4,333.0,29.425,22.79
11113,56,S4,336.0,29.356,22.79
11114,56,S4,339.0,29.171,22.79
11115,56,S4,342.0,29.091,22.79
11116,56,S4,345.0,29.008,22.79
11117,56,S4,348.0,28.794,22.79
11118,56,S4,351.0,28.685,22.79
11119,56,S4,354.0,28.689,22.79
11120,56,S4,357.0,28.491,22.79
11121,56,S4,360.0,28.354,22.79
11122,56,S4,363.0,28.249,22.79
11123,56,S4,366.0,28.163,22.79
11124,56,S4,369.0,28.111,22.79
11125,56,S4,372.0,27.951,22.79
11126,56,S4,375.0,27.880,22.79
11127,56,S4,378.0,27.763,22.79
11128,56,S4,381.0,27.662,22.79
11129,56,S4,384.0,27.659,22.79
11130,56,S4,387.0,27.450,22.79
11131,56,S4,390.0,27.400,22.79
11132,56,S4,393.0,27.416,22.79
11133,56,S4,396.0,27.245,22.79
11134,56,S4,399.0,27.141,22.79
11135,56,S4,402.0,27.209,22.79
11136,56,S4,405.0,26.955,22.79
11137,56,S4,408.0,26.915,22.79
11138,56,S4,411.0,26.887,22.79
11139,56,S4,414.0,26.794,22.79
11140,56,S4,417.0,26.716,22.79
11141,56,S4,420.0,26.573,22.79
11142,56,S4,423.0,26.476,22.79
11143,56,S4,426.0,26.449,22.79
11144,56,S4,429.0,26.329,22.79
11145,56,S4,432.0,26.393,22.79
11146,56,S4,435.0,26.226,22.79
11147,56,S4,438.0,26.179,22.79
11148,56,S4,441.0,26.180,22.79
11149,56,S4,444.0,26.061,22.79
11150,56,S4,447.0,26.021,22.79
11151,56,S4,450.0,25.893,22.79
11152,56,S4,453.0,25.966,22.79
11153,56,S4,456.0,25.799,22.79
11154,56,S4,459.0,25.860,22.79
11155,56,S4,462.0,25.689,22.79
11156,56,S4,465.0,25.733,22.79
11157,56,S4,468.0,25.658,22.79
11158,56,S4,471.0,25.510,22.79
11159,56,S4,474.0,25.459,22.79
11160,56,S4,477.0,25.497,22.79
11161,56,S4,480.0,25.446,22.79
11162,56,S4,483.0,25.428,22.79
11163,56,S4,486.0,25.252,22.79
11164,56,S4,489.0,25.323,22.79
11165,56,S4,492.0,25.270,22.79
11166,56,S4,495.0,25.134,22.79
11167,56,S4,498.0,25.081,22.79
11168,56,S4,501.0,25.160,22.79
11169,56,S4,504.0,25.000,22.79
11170,56,S4,507.0,25.002,22.79
11171,56,S4,510.0,24.880,22.79
11172,56,S4,513.0,24.909,22.79
11173,56,S4,516.0,24.958,22.79
11174,56,S4,519.0,24.824,22.79
11175,56,S4,522.0,24.822,22.79
11176,56,S4,525.0,24.696,22.79
11177,56,S4,528.0,24.685,22.79
11178,56,S4,531.0,24.707,22.79
11179,56,S4,534.0,24.680,22.79
11180,56,S4,537.0,24.634,22.79
11181,56,S4,540.0,24.592,22.79
11182,56,S4,543.0,24.560,22.79
11183,56,S4,546.0,24.466,22.79
11184,56,S4,549.0,24.469,22.79
11185,56,S4,552.0,24.440,22.79
11186,56,S4,555.0,24.492,22.79
11187,56,S4,558.0,24.475,22.79
11188,56,S4,561.0,24.495,22.79
11189,56,S4,564.0,24.393,22.79
11190,56,S4,567.0,24.273,22.79
11191,56,S4,570.0,24.258,22.79
11192,56,S4,573.0,24.257,22.79
11193,56,S4,576.0,24.269,22.79
11194,56,S4,579.0,24.257,22.79
11195,56,S4,582.0,24.158,22.79
11196,56,S4,585.0,24.195,22.79
11197,56,S4,588.0,24.140,22.79
11198,56,S4,591.0,24.127,22.79
11199,56,S4,594.0,24.121,22.79
11200,56,S4,597.0,24.112,22.79
11201,57,S1,0.0,74.354,21.74
11202,57,S1,3.0,73.549,21.74
11203,57,S1,6.0,72.817,21.74
11204,57,S1,9.0,72.140,21.74
11205,57,S1,12.0,71.485,21.74
11206,57,S1,15.0,70.784,21.74
11207,57,S1,18.0,70.134,21.74
11208,57,S1,21.0,69.465,21.74
11209,57,S1,24.0,68.835,21.74
11210,57,S1,27.0,68.205,21.74
11211,57,S1,30.0,67.503,21.74
11212,57,S1,33.0,66.882,21.74
11213,57,S1,36.0,66.314,21.74
11214,57,S1,39.0,65.648,21.74
11215,57,S1,42.0,65.021,21.74
11216,57,S1,45.0,64.516,21.74
11217,57,S1,48.0,63.917,21.74
11218,57,S1,51.0,63.378,21.74
11219,57,S1,54.0,62.845,21.74
11220,57,S1,57.0,62.227,21.74
11221,57,S1,60.0,61.676,21.74
11222,57,S1,63.0,61.198,21.74
11223,57,S1,66.0,60.596,21.74
11224,57,S1,69.0,60.065,21.74
11225,57,S1,72.0,59.455,21.74
11226,57,S1,75.0,59.112,21.74
11227,57,S1,78.0,58.482,21.74
11228,57,S1,81.0,58.067,21.74
11229,57,S1,84.0,57.514,21.74
11230,57,S1,87.0,56.977,21.74
11231,57,S1,90.0,56.638,21.74
11232,57,S1,93.0,56.048,21.74
11233,57,S1,96.0,55.580,21.74
11234,57,S1,99.0,55.106,21.74
11235,57,S1,102.0,54.642,21.74
11236,57,S1,105.0,54.248,21.74
11237,57,S1,108.0,53.731,21.74
11238,57,S1,111.0,53.316,21.74
11239,57,S1,114.0,52.901,21.74
11240,57,S1,117.0,52.502,21.74
11241,57,S1,120.0,52.127,21.74
11242,57,S1,123.0,51.671,21.74
11243,57,S1,126.0,51.248,21.74
11244,57,S1,129.0,50.861,21.74
11245,57,S1,132.0,50.451,21.74
11246,57,S1,135.0,50.097,21.74
11247,57,S1,138.0,49.664,21.74
11248,57,S1,141.0,49.242,21.74
11249,57,S1,144.0,48.941,21.74
11250,57,S1,147.0,48.451,21.74
11251,57,S1,150.0,48.263,21.74
11252,57,S1,153.0,47.864,21.74
11253,57,S1,156.0,47.469,21.74
11254,57,S1,159.0,47.134,21.74
11255,57,S1,162.0,46.783,21.74
11256,57,S1,165.0,46.458,21.74
11257,57,S1,168.0,46.099,21.74
11258,57,S1,171.0,45.673,21.74
11259,57,S1,174.0,45.527,21.74
11260,57,S1,177.0,45.098,21.74
11261,57,S1,180.0,44.780,21.74
11262,57,S1,183.0,44.469,21.74
11263,57,S1,186.0,44.229,21.74
11264,57,S1,189.0,43.898,21.74
11265,57,S1,192.0,43.513,21.74
11266,57,S1,195.0,43.203,21.74
11267,57,S1,198.0,42.968,21.74
11268,57,S1,201.0,42.616,21.74
11269,57,S1,204.0,42.317,21.74
11270,57,S1,207.0,42.085,21.74
11271,57,S1,210.0,41.802,21.74
11272,57,S1,213.0,41.580,21.74
11273,57,S1,216.0,41.372,21.74
11274,57,S1,219.0,40.971,21.74
11275,57,S1,222.0,40.702,21.74
11276,57,S1,225.0,40.432,21.74
11277,57,S1,228.0,40.223,21.74
11278,57,S1,231.0,39.920,21.74
11279,57,S1,234.0,39.802,21.74
11280,57,S1,237.0,39.493,21.74
11281,57,S1,240.0,39.283,21.74
11282,57,S1,243.0,39.097,21.74
11283,57,S1,246.0,38.686,21.74
11284,57,S1,249.0,38.469,21.74
11285,57,S1,252.0,38.238,21.74
11286,57,S1,255.0,38.089,21.74
11287,57,S1,258.0,37.938,21.74
11288,57,S1,261.0,37.648,21.74
11289,57,S1,264.0,37.438,21.74
11290,57,S1,267.0,37.231,21.74
11291,57,S1,270.0,36.974,21.74
11292,57,S1,273.0,36.770,21.74
11293,57,S1,276.0,36.496,21.74
11294,57,S1,279.0,36.368,21.74
11295,57,S1,282.0,36.182,21.74
11296,57,S1,285.0,35.977,21.74
11297,57,S1,288.0,35.840,21.74
11298,57,S1,291.0,35.540,21.74
11299,57,S1,294.0,35.402,21.74
11300,57,S1,297.0,35.205,21.74
11301,57,S1,300.0,35.111,21.74
11302,57,S1,303.0,34.921,21.74
11303,57,S1,306.0,34.667,21.74
11304,57,S1,309.0,34.566,21.74
11305,57,S1,312.0,34.293,21.74
11306,57,S1,315.0,34.109,21.74
11307,57,S1,318.0,34.025,21.74
11308,57,S1,321.0,33.721,21.74
11309,57,S1,324.0,33.637,21.74
11310,57,S1,327.0,33.542,21.74
11311,57,S1,330.0,33.368,21.74
11312,57,S1,333.0,33.239,21.74
11313,57,S1,336.0,32.986,21.74
11314,57,S1,339.0,32.909,21.74
11315,57,S1,342.0,32.776,21.74
11316,57,S1,345.0,32.560,21.74
11317,57,S1,348.0,32.387,21.74
11318,57,S1,351.0,32.256,21.74
11319,57,S1,354.0,32.151,21.74
11320,57,S1,357.0,31.996,21.74
11321,57,S1,360.0,31.811,21.74
11322,57,S1,363.0,31.662,21.74
11323,57,S1,366.0,31.535,21.74
11324,57,S1,369.0,31.488,21.74
11325,57,S1,372.0,31.293,21.74
11326,57,S1,375.0,31.242,21.74
11327,57,S1,378.0,31.132,21.74
11328,57,S1,381.0,30.971,21.74
11329,57,S1,384.0,30.888,21.74
11330,57,S1,387.0,30.745,21.74
11331,57,S1,390.0,30.514,21.74
11332,57,S1,393.0,30.391,21.74
11333,57,S1,396.0,30.303,21.74
11334,57,S1,399.0,30.196,21.74
11335,57,S1,402.0,30.037,21.74
11336,57,S1,405.0,30.012,21.74
11337,57,S1,408.0,29.857,21.74
11338,57,S1,411.0,29.735,21.74
11339,57,S1,414.0,29.708,21.74
11340,57,S1,417.0,29.535,21.74
11341,57,S1,420.0,29.465,21.74
11342,57,S1,423.0,29.336,21.74
11343,57,S1,426.0,29.203,21.74
11344,57,S1,429.0,29.141,21.74
11345,57,S1,432.0,29.073,21.74
11346,57,S1,435.0,28.915,21.74
11347,57,S1,438.0,28.845,21.74
11348,57,S1,441.0,28.660,21.74
11349,57,S1,444.0,28.615,21.74
11350,57,S1,447.0,28.497,21.74
11351,57,S1,450.0,28.408,21.74
11352,57,S1,453.0,28.363,21.74
11353,57,S1,456.0,28.307,21.74
11354,57,S1,459.0,28.212,21.74
11355,57,S1,462.0,28.107,21.74
11356,57,S1,465.0,27.924,21.74
11357,57,S1,468.0,27.944,21.74
11358,57,S1,471.0,27.733,21.74
11359,57,S1,474.0,27.806,21.74
11360,57,S1,477.0,27.636,21.74
11361,57,S1,480.0,27.600,21.74
11362,57,S1,483.0,27.496,21.74
11363,57,S1,486.0,27.394,21.74
11364,57,S1,489.0,27.342,21.74
11365,57,S1,492.0,27.209,21.74
11366,57,S1,495.0,27.187,21.74
11367,57,S1,498.0,27.103,21.74
11368,57,S1,501.0,27.037,21.74
11369,57,S1,504.0,27.016,21.74
11370,57,S1,507.0,26.904,21.74
11371,57,S1,510.0,26.835,21.74
11372,57,S1,513.0,26.704,21.74
11373,57,S1,516.0,26.692,21.74
11374,57,S1,519.0,26.601,21.74
11375,57,S1,522.0,26.590,21.74
11376,57,S1,525.0,26.456,21.74
11377,57,S1,528.0,26.397,21.74
11378,57,S1,531.0,26.308,21.74
11379,57,S1,534.0,26.180,21.74
11380,57,S1,537.0,26.286,21.74
11381,57,S1,540.0,26.155,21.74
11382,57,S1,543.0,26.084,21.74
11383,57,S1,546.0,26.056,21.74
11384,57,S1,549.0,26.021,21.74
11385,57,S1,552.0,25.823,21.74
11386,57,S1,555.0,25.892,21.74
11387,57,S1,558.0,25.826,21.74
11388,57,S1,561.0,25.776,21.74
11389,57,S1,564.0,25.760,21.74
11390,57,S1,567.0,25.689,21.74
11391,57,S1,570.0,25.627,21.74
11392,57,S1,573.0,25.590,21.74
11393,57,S1,576.0,25.576,21.74
11394,57,S1,579.0,25.569,21.74
11395,57,S1,582.0,25.455,21.74
11396,57,S1,585.0,25.378,21.74
11397,57,S1,588.0,25.286,21.74
11398,57,S1,591.0,25.222,21.74
11399,57,S1,594.0,25.226,21.74
11400,57,S1,597.0,25.160,21.74
11401,58,S2,0.0,89.357,22.36
11402,58,S2,3.0,88.365,22.36
11403,58,S2,6.0,87.274,22.36
11404,58,S2,9.0,86.224,22.36
11405,58,S2,12.0,85.168,22.36
11406,58,S2,15.0,84.144,22.36
11407,58,S2,18.0,83.222,22.36
11408,58,S2,21.0,82.285,22.36
11409,58,S2,24.0,81.286,22.36
11410,58,S2,27.0,80.428,22.36
11411,58,S2,30.0,79.470,22.36
11412,58,S2,33.0,78.474,22.36
11413,58,S2,36.0,77.707,22.36
11414,58,S2,39.0,76.762,22.36
11415,58,S2,42.0,75.860,22.36
11416,58,S2,45.0,75.016,22.36
11417,58,S2,48.0,74.207,22.36
11418,58,S2,51.0,73.390,22.36
11419,58,S2,54.0,72.526,22.36
11420,58,S2,57.0,71.736,22.36
11421,58,S2,60.0,71.029,22.36
11422,58,S2,63.0,70.243,22.36
11423,58,S2,66.0,69.460,22.36
11424,58,S2,69.0,68.738,22.36
11425,58,S2,72.0,68.041,22.36
11426,58,S2,75.0,67.222,22.36
11427,58,S2,78.0,66.556,22.36
11428,58,S2,81.0,65.883,22.36
11429,58,S2,84.0,65.201,22.36
11430,58,S2,87.0,64.514,22.36
11431,58,S2,90.0,63.760,22.36
11432,58,S2,93.0,63.119,22.36
11433,58,S2,96.0,62.443,22.36
11434,58,S2,99.0,61.871,22.36
11435,58,S2,102.0,61.214,22.36
11436,58,S2,105.0,60.550,22.36
11437,58,S2,108.0,59.965,22.36
11438,58,S2,111.0,59.500,22.36
11439,58,S2,114.0,58.792,22.36
11440,58,S2,117.0,58.309,22.36
11441,58,S2,120.0,57.635,22.36
11442,58,S2,123.0,57.063,22.36
11443,58,S2,126.0,56.460,22.36
11444,58,S2,129.0,56.052,22.36
11445,58,S2,132.0,55.534,22.36
11446,58,S2,135.0,54.936,22.36
11447,58,S2,138.0,54.466,22.36
11448,58,S2,141.0,54.017,22.36
11449,58,S2,144.0,53.377,22.36
11450,58,S2,147.0,52.953,22.36
11451,58,S2,150.0,52.457,22.36
11452,58,S2,153.0,52.009,22.36
11453,58,S2,156.0,51.494,22.36
11454,58,S2,159.0,51.028,22.36
11455,58,S2,162.0,50.562,22.36
11456,58,S2,165.0,50.172,22.36
11457,58,S2,168.0,49.675,22.36
11458,58,S2,171.0,49.306,22.36
11459,58,S2,174.0,48.887,22.36
11460,58,S2,177.0,48.414,22.36
11461,58,S2,180.0,48.029,22.36
11462,58,S2,183.0,47.622,22.36
11463,58,S2,186.0,47.176,22.36
11464,58,S2,189.0,46.762,22.36
11465,58,S2,192.0,46.410,22.36
11466,58,S2,195.0,46.057,22.36
11467,58,S2,198.0,45.574,22.36
11468,58,S2,201.0,45.379,22.36
11469,58,S2,204.0,44.961,22.36
11470,58,S2,207.0,44.497,22.36
11471,58,S2,210.0,44.126,22.36
11472,58,S2,213.0,43.794,22.36
11473,58,S2,216.0,43.505,22.36
11474,58,S2,219.0,43.128,22.36
11475,58,S2,222.0,42.861,22.36
11476,58,S2,225.0,42.529,22.36
11477,58,S2,228.0,42.259,22.36
11478,58,S2,231.0,41.866,22.36
11479,58,S2,234.0,41.611,22.36
11480,58,S2,237.0,41.304,22.36
11481,58,S2,240.0,40.969,22.36
11482,58,S2,243.0,40.677,22.36
11483,58,S2,246.0,40.383,22.36
11484,58,S2,249.0,40.127,22.36
11485,58,S2,252.0,39.774,22.36
11486,58,S2,255.0,39.532,22.36
11487,58,S2,258.0,39.314,22.36
11488,58,S2,261.0,39.014,22.36
11489,58,S2,264.0,38.654,22.36
11490,58,S2,267.0,38.575,22.36
11491,58,S2,270.0,38.181,22.36
11492,58,S2,273.0,38.052,22.36
11493,58,S2,276.0,37.773,22.36
11494,58,S2,279.0,37.540,22.36
11495,58,S2,282.0,37.213,22.36
11496,58,S2,285.0,36.973,22.36
11497,58,S2,288.0,36.775,22.36
11498,58,S2,291.0,36.500,22.36
11499,58,S2,294.0,36.249,22.36
11500,58,S2,297.0,36.127,22.36
11501,58,S2,300.0,35.869,22.36
11502,58,S2,303.0,35.746,22.36
11503,58,S2,306.0,35.423,22.36
11504,58,S2,309.0,35.339,22.36
11505,58,S2,312.0,34.987,22.36
11506,58,S2,315.0,34.826,22.36
11507,58,S2,318.0,34.592,22.36
11508,58,S2,321.0,34.396,22.36
11509,58,S2,324.0,34.221,22.36
11510,58,S2,327.0,34.075,22.36
11511,58,S2,330.0,33.872,22.36
11512,58,S2,333.0,33.698,22.36
11513,58,S2,336.0,33.437,22.36
11514,58,S2,339.0,33.411,22.36
11515,58,S2,342.0,33.166,22.36
11516,58,S2,345.0,33.068,22.36
11517,58,S2,348.0,32.853,22.36
11518,58,S2,351.0,32.663,22.36
11519,58,S2,354.0,32.429,22.36
11520,58,S2,357.0,32.317,22.36
11521,58,S2,360.0,32.218,22.36
11522,58,S2,363.0,31.962,22.36
11523,58,S2,366.0,31.930,22.36
11524,58,S2,369.0,31.754,22.36
11525,58,S2,372.0,31.518,22.36
11526,58,S2,375.0,31.364,22.36
11527,58,S2,378.0,31.172,22.36
11528,58,S2,381.0,31.171,22.36
11529,58,S2,384.0,30.941,22.36
11530,58,S2,387.0,30.965,22.36
11531,58,S2,390.0,30.742,22.36
11532,58,S2,393.0,30.603,22.36
11533,58,S2,396.0,30.545,22.36
11534,58,S2,399.0,30.309,22.36
11535,58,S2,402.0,30.234,22.36
11536,58,S2,405.0,29.978,22.36
11537,58,S2,408.0,29.892,22.36
11538,58,S2,411.0,29.899,22.36
11539,58,S2,414.0,29.704,22.36
11540,58,S2,417.0,29.736,22.36
11541,58,S2,420.0,29.484,22.36
11542,58,S2,423.0,29.397,22.36
11543,58,S2,426.0,29.277,22.36
11544,58,S2,429.0,29.189,22.36
11545,58,S2,432.0,29.062,22.36
11546,58,S2,435.0,28.950,22.36
11547,58,S2,438.0,28.864,22.36
11548,58,S2,441.0,28.710,22.36
11549,58,S2,444.0,28.600,22.36
11550,58,S2,447.0,28.559,22.36
11551,58,S2,450.0,28.492,22.36
11552,58,S2,453.0,28.295,22.36
11553,58,S2,456.0,28.189,22.36
11554,58,S2,459.0,28.196,22.36
11555,58,S2,462.0,28.041,22.36
11556,58,S2,465.0,27.915,22.36
11557,58,S2,468.0,27.910,22.36
11558,58,S2,471.0,27.825,22.36
11559,58,S2,474.0,27.686,22.36
11560,58,S2,477.0,27.587,22.36
11561,58,S2,480.0,27.521,22.36
11562,58,S2,483.0,27.488,22.36
11563,58,S2,486.0,27.381,22.36
11564,58,S2,489.0,27.172,22.36
11565,58,S2,492.0,27.224,22.36
11566,58,S2,495.0,27.174,22.36
11567,58,S2,498.0,26.972,22.36
11568,58,S2,501.0,27.017,22.36
11569,58,S2,504.0,26.831,22.36
11570,58,S2,507.0,26.800,22.36
11571,58,S2,510.0,26.717,22.36
11572,58,S2,513.0,26.677,22.36
11573,58,S2,516.0,26.614,22.36
11574,58,S2,519.0,26.497,22.36
11575,58,S2,522.0,26.587,22.36
11576,58,S2,525.0,26.461,22.36
11577,58,S2,528.0,26.355,22.36
11578,58,S2,531.0,26.316,22.36
11579,58,S2,534.0,26.238,22.36
11580,58,S2,537.0,26.252,22.36
11581,58,S2,540.0,26.140,22.36
11582,58,S2,543.0,26.084,22.36
11583,58,S2,546.0,26.022,22.36
11584,58,S2,549.0,25.952,22.36
11585,58,S2,552.0,25.898,22.36
11586,58,S2,555.0,25.736,22.36
11587,58,S2,558.0,25.768,22.36
11588,58,S2,561.0,25.754,22.36
11589,58,S2,564.0,25.642,22.36
11590,58,S2,567.0,25.588,22.36
11591,58,S2,570.0,25.564,22.36
11592,58,S2,573.0,25.458,22.36
11593,58,S2,576.0,25.469,22.36
11594,58,S2,579.0,25.349,22.36
11595,58,S2,582.0,25.435,22.36
11596,58,S2,585.0,25.368,22.36
11597,58,S2,588.0,25.272,22.36
11598,58,S2,591.0,25.269,22.36
11599,58,S2,594.0,25.214,22.36
11600,58,S2,597.0,25.144,22.36
11601,59,S3,0.0,83.359,20.48
11602,59,S3,3.0,81.592,20.48
11603,59,S3,6.0,79.713,20.48
11604,59,S3,9.0,77.972,20.48
11605,59,S3,12.0,76.316,20.48
11606,59,S3,15.0,74.477,20.48
11607,59,S3,18.0,72.954,20.48
11608,59,S3,21.0,71.373,20.48
11609,59,S3,24.0,69.952,20.48
11610,59,S3,27.0,68.390,20.48
11611,59,S3,30.0,66.950,20.48
11612,59,S3,33.0,65.484,20.48
11613,59,S3,36.0,64.293,20.48
11614,59,S3,39.0,62.877,20.48
11615,59,S3,42.0,61.626,20.48
11616,59,S3,45.0,60.371,20.48
11617,59,S3,48.0,59.311,20.48
11618,59,S3,51.0,58.075,20.48
11619,59,S3,54.0,56.938,20.48
11620,59,S3,57.0,55.975,20.48
11621,59,S3,60.0,54.820,20.48
11622,59,S3,63.0,53.753,20.48
11623,59,S3,66.0,52.895,20.48
11624,59,S3,69.0,51.920,20.48
11625,59,S3,72.0,50.919,20.48
11626,59,S3,75.0,49.975,20.48
11627,59,S3,78.0,49.122,20.48
11628,59,S3,81.0,48.215,20.48
11629,59,S3,84.0,47.490,20.48
11630,59,S3,87.0,46.723,20.48
11631,59,S3,90.0,45.777,20.48
11632,59,S3,93.0,45.053,20.48
11633,59,S3,96.0,44.336,20.48
11634,59,S3,99.0,43.595,20.48
11635,59,S3,102.0,42.983,20.48
11636,59,S3,105.0,42.302,20.48
11637,59,S3,108.0,41.564,20.48
11638,59,S3,111.0,40.974,20.48
11639,59,S3,114.0,40.295,20.48
11640,59,S3,117.0,39.810,20.48
11641,59,S3,120.0,39.115,20.48
11642,59,S3,123.0,38.644,20.48
11643,59,S3,126.0,38.122,20.48
11644,59,S3,129.0,37.512,20.48
11645,59,S3,132.0,37.042,20.48
11646,59,S3,135.0,36.539,20.48
11647,59,S3,138.0,36.138,20.48
11648,59,S3,141.0,35.651,20.48
11649,59,S3,144.0,35.229,20.48
11650,59,S3,147.0,34.787,20.48
11651,59,S3,150.0,34.373,20.48
11652,59,S3,153.0,33.897,20.48
11653,59,S3,156.0,33.463,20.48
11654,59,S3,159.0,33.114,20.48
11655,59,S3,162.0,32.706,20.48
11656,59,S3,165.0,32.376,20.48
11657,59,S3,168.0,32.019,20.48
11658,59,S3,171.0,31.711,20.48
11659,59,S3,174.0,31.382,20.48
11660,59,S3,177.0,31.108,20.48
11661,59,S3,180.0,30.724,20.48
11662,59,S3,183.0,30.411,20.48
11663,59,S3,186.0,30.041,20.48
11664,59,S3,189.0,29.827,20.48
11665,59,S3,192.0,29.486,20.48
11666,59,S3,195.0,29.213,20.48
11667,59,S3,198.0,28.928,20.48
11668,59,S3,201.0,28.793,20.48
11669,59,S3,204.0,28.428,20.48
11670,59,S3,207.0,28.239,20.48
11671,59,S3,210.0,28.046,20.48
11672,59,S3,213.0,27.766,20.48
11673,59,S3,216.0,27.564,20.48
11674,59,S3,219.0,27.386,20.48
11675,59,S3,222.0,27.154,20.48
11676,59,S3,225.0,26.916,20.48
11677,59,S3,228.0,26.705,20.48
11678,59,S3,231.0,26.587,20.48
11679,59,S3,234.0,26.345,20.48
11680,59,S3,237.0,26.249,20.48
11681,59,S3,240.0,26.020,20.48
11682,59,S3,243.0,25.812,20.48
11683,59,S3,246.0,25.673,20.48
11684,59,S3,249.0,25.537,20.48
11685,59,S3,252.0,25.387,20.48
11686,59,S3,255.0,25.271,20.48
11687,59,S3,258.0,25.164,20.48
11688,59,S3,261.0,24.966,20.48
11689,59,S3,264.0,24.806,20.48
11690,59,S3,267.0,24.656,20.48
11691,59,S3,270.0,24.636,20.48
11692,59,S3,273.0,24.547,20.48
11693,59,S3,276.0,24.473,20.48
11694,59,S3,279.0,24.202,20.48
11695,59,S3,282.0,24.119,20.48
11696,59,S3,285.0,24.057,20.48
11697,59,S3,288.0,23.823,20.48
11698,59,S3,291.0,23.822,20.48
11699,59,S3,294.0,23.712,20.48
11700,59,S3,297.0,23.602,20.48
11701,59,S3,300.0,23.435,20.48
11702,59,S3,303.0,23.386,20.48
11703,59,S3,306.0,23.310,20.48
11704,59,S3,309.0,23.224,20.48
11705,59,S3,312.0,23.227,20.48
11706,59,S3,315.0,23.130,20.48
11707,59,S3,318.0,22.973,20.48
11708,59,S3,321.0,22.923,20.48
11709,59,S3,324.0,22.774,20.48
11710,59,S3,327.0,22.749,20.48
11711,59,S3,330.0,22.575,20.48
11712,59,S3,333.0,22.653,20.48
11713,59,S3,336.0,22.569,20.48
11714,59,S3,339.0,22.593,20.48
11715,59,S3,342.0,22.478,20.48
11716,59,S3,345.0,22.435,20.48
11717,59,S3,348.0,22.447,20.48
11718,59,S3,351.0,22.272,20.48
11719,59,S3,354.0,22.305,20.48
11720,59,S3,357.0,22.124,20.48
11721,59,S3,360.0,22.157,20.48
11722,59,S3,363.0,22.036,20.48
11723,59,S3,366.0,22.061,20.48
11724,59,S3,369.0,22.019,20.48
11725,59,S3,372.0,22.072,20.48
11726,59,S3,375.0,21.896,20.48
11727,59,S3,378.0,21.848,20.48
11728,59,S3,381.0,21.787,20.48
11729,59,S3,384.0,21.733,20.48
11730,59,S3,387.0,21.750,20.48
11731,59,S3,390.0,21.709,20.48
11732,59,S3,393.0,21.698,20.48
11733,59,S3,396.0,21.662,20.48
11734,59,S3,399.0,21.592,20.48
11735,59,S3,402.0,21.588,20.48
11736,59,S3,405.0,21.564,20.48
11737,59,S3,408.0,21.541,20.48
11738,59,S3,411.0,21.484,20.48
11739,59,S3,414.0,21.404,20.48
11740,59,S3,417.0,21.396,20.48
11741,59,S3,420.0,21.342,20.48
11742,59,S3,423.0,21.309,20.48
11743,59,S3,426.0,21.345,20.48
11744,59,S3,429.0,21.316,20.48
11745,59,S3,432.0,21.319,20.48
11746,59,S3,435.0,21.275,20.48
11747,59,S3,438.0,21.217,20.48
11748,59,S3,441.0,21.217,20.48
11749,59,S3,444.0,21.269,20.48
11750,59,S3,447.0,21.185,20.48
11751,59,S3,450.0,21.134,20.48
11752,59,S3,453.0,21.100,20.48
11753,59,S3,456.0,21.038,20.48
11754,59,S3,459.0,21.151,20.48
11755,59,S3,462.0,21.142,20.48
11756,59,S3,465.0,21.084,20.48
11757,59,S3,468.0,21.076,20.48
11758,59,S3,471.0,21.014,20.48
11759,59,S3,474.0,20.961,20.48
11760,59,S3,477.0,21.030,20.48
11761,59,S3,480.0,21.029,20.48
11762,59,S3,483.0,20.949,20.48
11763,59,S3,486.0,20.892,20.48
11764,59,S3,489.0,20.971,20.48
11765,59,S3,492.0,20.986,20.48
11766,59,S3,495.0,20.905,20.48
11767,59,S3,498.0,20.896,20.48
11768,59,S3,501.0,20.869,20.48
11769,59,S3,504.0,20.850,20.48
11770,59,S3,507.0,20.986,20.48
11771,59,S3,510.0,20.870,20.48
11772,59,S3,513.0,20.908,20.48
11773,59,S3,516.0,20.783,20.48
11774,59,S3,519.0,20.879,20.48
11775,59,S3,522.0,20.815,20.48
11776,59,S3,525.0,20.854,20.48
11777,59,S3,528.0,20.801,20.48
11778,59,S3,531.0,20.806,20.48
11779,59,S3,534.0,20.759,20.48
11780,59,S3,537.0,20.736,20.48
11781,59,S3,540.0,20.749,20.48
11782,59,S3,543.0,20.733,20.48
11783,59,S3,546.0,20.676,20.48
11784,59,S3,549.0,20.676,20.48
11785,59,S3,552.0,20.750,20.48
11786,59,S3,555.0,20.670,20.48
11787,59,S3,558.0,20.731,20.48
11788,59,S3,561.0,20.720,20.48
11789,59,S3,564.0,20.624,20.48
11790,59,S3,567.0,20.769,20.48
11791,59,S3,570.0,20.664,20.48
11792,59,S3,573.0,20.625,20.48
11793,59,S3,576.0,20.603,20.48
11794,59,S3,579.0,20.662,20.48
11795,59,S3,582.0,20.606,20.48
11796,59,S3,585.0,20.653,20.48
11797,59,S3,588.0,20.730,20.48
11798,59,S3,591.0,20.609,20.48
11799,59,S3,594.0,20.581,20.48
11800,59,S3,597.0,20.598,20.48
11801,60,S4,0.0,76.079,22.86
11802,60,S4,3.0,74.800,22.86
11803,60,S4,6.0,73.449,22.86
11804,60,S4,9.0,72.227,22.86
11805,60,S4,12.0,70.906,22.86
11806,60,S4,15.0,69.709,22.86
11807,60,S4,18.0,68.455,22.86
11808,60,S4,21.0,67.468,22.86
11809,60,S4,24.0,66.363,22.86
11810,60,S4,27.0,65.215,22.86
11811,60,S4,30.0,64.232,22.86
11812,60,S4,33.0,63.168,22.86
11813,60,S4,36.0,62.225,22.86
11814,60,S4,39.0,61.077,22.86
11815,60,S4,42.0,60.147,22.86
11816,60,S4,45.0,59.352,22.86
11817,60,S4,48.0,58.363,22.86
11818,60,S4,51.0,57.464,22.86
11819,60,S4,54.0,56.619,22.86
11820,60,S4,57.0,55.749,22.86
11821,60,S4,60.0,54.919,22.86
11822,60,S4,63.0,54.220,22.86
11823,60,S4,66.0,53.401,22.86
11824,60,S4,69.0,52.700,22.86
11825,60,S4,72.0,51.857,22.86
11826,60,S4,75.0,51.165,22.86
11827,60,S4,78.0,50.507,22.86
11828,60,S4,81.0,49.860,22.86
11829,60,S4,84.0,49.127,22.86
11830,60,S4,87.0,48.436,22.86
11831,60,S4,90.0,47.734,22.86
11832,60,S4,93.0,47.223,22.86
11833,60,S4,96.0,46.639,22.86
11834,60,S4,99.0,46.036,22.86
11835,60,S4,102.0,45.407,22.86
11836,60,S4,105.0,44.807,22.86
11837,60,S4,108.0,44.260,22.86
11838,60,S4,111.0,43.808,22.86
11839,60,S4,114.0,43.191,22.86
11840,60,S4,117.0,42.673,22.86
11841,60,S4,120.0,42.195,22.86
11842,60,S4,123.0,41.744,22.86
11843,60,S4,126.0,41.282,22.86
11844,60,S4,129.0,40.790,22.86
11845,60,S4,132.0,40.431,22.86
11846,60,S4,135.0,39.890,22.86
11847,60,S4,138.0,39.494,22.86
11848,60,S4,141.0,39.075,22.86
11849,60,S4,144.0,38.600,22.86
11850,60,S4,147.0,38.326,22.86
11851,60,S4,150.0,37.824,22.86
11852,60,S4,153.0,37.531,22.86
11853,60,S4,156.0,37.152,22.86
11854,60,S4,159.0,36.823,22.86
11855,60,S4,162.0,36.373,22.86
11856,60,S4,165.0,36.089,22.86
11857,60,S4,168.0,35.838,22.86
11858,60,S4,171.0,35.490,22.86
11859,60,S4,174.0,35.231,22.86
11860,60,S4,177.0,34.837,22.86
11861,60,S4,180.0,34.547,22.86
11862,60,S4,183.0,34.220,22.86
11863,60,S4,186.0,33.978,22.86
11864,60,S4,189.0,33.711,22.86
11865,60,S4,192.0,33.401,22.86
11866,60,S4,195.0,33.199,22.86
11867,60,S4,198.0,32.944,22.86
11868,60,S4,201.0,32.667,22.86
11869,60,S4,204.0,32.445,22.86
11870,60,S4,207.0,32.207,22.86
11871,60,S4,210.0,31.910,22.86
11872,60,S4,213.0,31.715,22.86
11873,60,S4,216.0,31.499,22.86
11874,60,S4,219.0,31.267,22.86
11875,60,S4,222.0,31.154,22.86
11876,60,S4,225.0,30.909,22.86
11877,60,S4,228.0,30.748,22.86
11878,60,S4,231.0,30.566,22.86
11879,60,S4,234.0,30.266,22.86
11880,60,S4,237.0,30.098,22.86
11881,60,S4,240.0,29.896,22.86
11882,60,S4,243.0,29.769,22.86
11883,60,S4,246.0,29.544,22.86
11884,60,S4,249.0,29.516,22.86
11885,60,S4,252.0,29.184,22.86
11886,60,S4,255.0,29.037,22.86
11887,60,S4,258.0,28.829,22.86
11888,60,S4,261.0,28.798,22.86
11889,60,S4,264.0,28.721,22.86
11890,60,S4,267.0,28.512,22.86
11891,60,S4,270.0,28.350,22.86
11892,60,S4,273.0,28.185,22.86
11893,60,S4,276.0,28.082,22.86
11894,60,S4,279.0,27.877,22.86
11895,60,S4,282.0,27.756,22.86
11896,60,S4,285.0,27.774,22.86
11897,60,S4,288.0,27.565,22.86
11898,60,S4,291.0,27.484,22.86
11899,60,S4,294.0,27.339,22.86
11900,60,S4,297.0,27.195,22.86
11901,60,S4,300.0,27.043,22.86
11902,60,S4,303.0,26.974,22.86
11903,60,S4,306.0,26.872,22.86
11904,60,S4,309.0,26.856,22.86
11905,60,S4,312.0,26.658,22.86
11906,60,S4,315.0,26.645,22.86
11907,60,S4,318.0,26.569,22.86
11908,60,S4,321.0,26.377,22.86
11909,60,S4,324.0,26.426,22.86
11910,60,S4,327.0,26.249,22.86
11911,60,S4,330.0,26.120,22.86
11912,60,S4,333.0,26.081,22.86
11913,60,S4,336.0,26.010,22.86
11914,60,S4,339.0,25.911,22.86
11915,60,S4,342.0,25.744,22.86
11916,60,S4,345.0,25.675,22.86
11917,60,S4,348.0,25.784,22.86
11918,60,S4,351.0,25.615,22.86
11919,60,S4,354.0,25.592,22.86
11920,60,S4,357.0,25.432,22.86
11921,60,S4,360.0,25.347,22.86
11922,60,S4,363.0,25.320,22.86
11923,60,S4,366.0,25.236,22.86
11924,60,S4,369.0,25.265,22.86
11925,60,S4,372.0,25.268,22.86
11926,60,S4,375.0,25.071,22.86
11927,60,S4,378.0,25.051,22.86
11928,60,S4,381.0,24.937,22.86
11929,60,S4,384.0,25.066,22.86
11930,60,S4,387.0,24.931,22.86
11931,60,S4,390.0,24.872,22.86
11932,60,S4,393.0,24.825,22.86
11933,60,S4,396.0,24.799,22.86
11934,60,S4,399.0,24.654,22.86
11935,60,S4,402.0,24.654,22.86
11936,60,S4,405.0,24.632,22.86
11937,60,S4,408.0,24.522,22.86
11938,60,S4,411.0,24.565,22.86
11939,60,S4,414.0,24.552,22.86
11940,60,S4,417.0,24.424,22.86
11941,60,S4,420.0,24.350,22.86
11942,60,S4,423.0,24.338,22.86
11943,60,S4,426.0,24.336,22.86
11944,60,S4,429.0,24.313,22.86
11945,60,S4,432.0,24.303,22.86
11946,60,S4,435.0,24.214,22.86
11947,60,S4,438.0,24.108,22.86
11948,60,S4,441.0,24.143,22.86
11949,60,S4,444.0,24.110,22.86
11950,60,S4,447.0,24.124,22.86
11951,60,S4,450.0,24.051,22.86
11952,60,S4,453.0,23.994,22.86
11953,60,S4,456.0,24.025,22.86
11954,60,S4,459.0,23.927,22.86
11955,60,S4,462.0,24.023,22.86
11956,60,S4,465.0,23.937,22.86
11957,60,S4,468.0,23.914,22.86
11958,60,S4,471.0,23.874,22.86
11959,60,S4,474.0,23.846,22.86
11960,60,S4,477.0,23.836,22.86
11961,60,S4,480.0,23.853,22.86
11962,60,S4,483.0,23.797,22.86
11963,60,S4,486.0,23.770,22.86
11964,60,S4,489.0,23.782,22.86
11965,60,S4,492.0,23.631,22.86
11966,60,S4,495.0,23.750,22.86
11967,60,S4,498.0,23.661,22.86
11968,60,S4,501.0,23.603,22.86
11969,60,S4,504.0,23.696,22.86
11970,60,S4,507.0,23.611,22.86
11971,60,S4,510.0,23.581,22.86
11972,60,S4,513.0,23.570,22.86
11973,60,S4,516.0,23.447,22.86
11974,60,S4,519.0,23.496,22.86
11975,60,S4,522.0,23.473,22.86
11976,60,S4,525.0,23.526,22.86
11977,60,S4,528.0,23.459,22.86
11978,60,S4,531.0,23.538,22.86
11979,60,S4,534.0,23.459,22.86
11980,60,S4,537.0,23.386,22.86
11981,60,S4,540.0,23.466,22.86
11982,60,S4,543.0,23.360,22.86
11983,60,S4,546.0,23.332,22.86
11984,60,S4,549.0,23.358,22.86
11985,60,S4,552.0,23.400,22.86
11986,60,S4,555.0,23.374,22.86
11987,60,S4,558.0,23.361,22.86
11988,60,S4,561.0,23.238,22.86
11989,60,S4,564.0,23.310,22.86
11990,60,S4,567.0,23.338,22.86
11991,60,S4,570.0,23.335,22.86
11992,60,S4,573.0,23.272,22.86
11993,60,S4,576.0,23.360,22.86
11994,60,S4,579.0,23.289,22.86
11995,60,S4,582.0,23.284,22.86
11996,60,S4,585.0,23.283,22.86
11997,60,S4,588.0,23.219,22.86
11998,60,S4,591.0,23.305,22.86
11999,60,S4,594.0,23.251,22.86
12000,60,S4,597.0,23.179,22.86
12001,61,S1,0.0,91.364,20.21
12002,61,S1,3.0,90.011,20.21
12003,61,S1,6.0,88.488,20.21
12004,61,S1,9.0,86.962,20.21
12005,61,S1,12.0,85.651,20.21
12006,61,S1,15.0,84.255,20.21
12007,61,S1,18.0,82.895,20.21
12008,61,S1,21.0,81.646,20.21
12009,61,S1,24.0,80.217,20.21
12010,61,S1,27.0,78.997,20.21
12011,61,S1,30.0,77.842,20.21
12012,61,S1,33.0,76.543,20.21
12013,61,S1,36.0,75.471,20.21
12014,61,S1,39.0,74.292,20.21
12015,61,S1,42.0,73.176,20.21
12016,61,S1,45.0,71.887,20.21
12017,61,S1,48.0,70.891,20.21
12018,61,S1,51.0,69.887,20.21
12019,61,S1,54.0,68.810,20.21
12020,61,S1,57.0,67.716,20.21
12021,61,S1,60.0,66.772,20.21
12022,61,S1,63.0,65.785,20.21
12023,61,S1,66.0,64.872,20.21
12024,61,S1,69.0,63.893,20.21
12025,61,S1,72.0,62.953,20.21
12026,61,S1,75.0,62.054,20.21
12027,61,S1,78.0,61.234,20.21
12028,61,S1,81.0,60.440,20.21
12029,61,S1,84.0,59.447,20.21
12030,61,S1,87.0,58.675,20.21
12031,61,S1,90.0,57.820,20.21
12032,61,S1,93.0,57.046,20.21
12033,61,S1,96.0,56.317,20.21
12034,61,S1,99.0,55.489,20.21
12035,61,S1,102.0,54.808,20.21
12036,61,S1,105.0,54.013,20.21
12037,61,S1,108.0,53.305,20.21
12038,61,S1,111.0,52.653,20.21
12039,61,S1,114.0,51.934,20.21
12040,61,S1,117.0,51.219,20.21
12041,61,S1,120.0,50.649,20.21
12042,61,S1,123.0,49.917,20.21
12043,61,S1,126.0,49.368,20.21
12044,61,S1,129.0,48.746,20.21
12045,61,S1,132.0,48.178,20.21
12046,61,S1,135.0,47.488,20.21
12047,61,S1,138.0,46.990,20.21
12048,61,S1,141.0,46.365,20.21
12049,61,S1,144.0,45.809,20.21
12050,61,S1,147.0,45.371,20.21
12051,61,S1,150.0,44.757,20.21
12052,61,S1,153.0,44.335,20.21
12053,61,S1,156.0,43.788,20.21
12054,61,S1,159.0,43.380,20.21
12055,61,S1,162.0,42.784,20.21
12056,61,S1,165.0,42.291,20.21
12057,61,S1,168.0,41.789,20.21
12058,61,S1,171.0,41.427,20.21
12059,61,S1,174.0,41.081,20.21
12060,61,S1,177.0,40.542,20.21
12061,61,S1,180.0,40.071,20.21
12062,61,S1,183.0,39.710,20.21
12063,61,S1,186.0,39.226,20.21
12064,61,S1,189.0,38.904,20.21
12065,61,S1,192.0,38.431,20.21
12066,61,S1,195.0,38.178,20.21
12067,61,S1,198.0,37.694,20.21
12068,61,S1,201.0,37.467,20.21
12069,61,S1,204.0,36.936,20.21
12070,61,S1,207.0,36.676,20.21
12071,61,S1,210.0,36.347,20.21
12072,61,S1,213.0,35.983,20.21
12073,61,S1,216.0,35.557,20.21
12074,61,S1,219.0,35.294,20.21
12075,61,S1,222.0,34.967,20.21
12076,61,S1,225.0,34.690,20.21
12077,61,S1,228.0,34.276,20.21
12078,61,S1,231.0,34.138,20.21
12079,61,S1,234.0,33.816,20.21
12080,61,S1,237.0,33.451,20.21
12081,61,S1,240.0,33.175,20.21
12082,61,S1,243.0,32.919,20.21
12083,61,S1,246.0,32.674,20.21
12084,61,S1,249.0,32.429,20.21
12085,61,S1,252.0,32.174,20.21
12086,61,S1,255.0,31.841,20.21
12087,61,S1,258.0,31.666,20.21
12088,61,S1,261.0,31.417,20.21
12089,61,S1,264.0,31.166,20.21
12090,61,S1,267.0,30.902,20.21
12091,61,S1,270.0,30.755,20.21
12092,61,S1,273.0,30.541,20.21
12093,61,S1,276.0,30.385,20.21
12094,61,S1,279.0,30.073,20.21
12095,61,S1,282.0,29.768,20.21
12096,61,S1,285.0,29.653,20.21
12097,61,S1,288.0,29.480,20.21
12098,61,S1,291.0,29.262,20.21
12099,61,S1,294.0,29.052,20.21
12100,61,S1,297.0,28.893,20.21
12101,61,S1,300.0,28.669,20.21
12102,61,S1,303.0,28.556,20.21
12103,61,S1,306.0,28.383,20.21
12104,61,S1,309.0,28.194,20.21
12105,61,S1,312.0,27.982,20.21
12106,61,S1,315.0,27.829,20.21
12107,61,S1,318.0,27.669,20.21
12108,61,S1,321.0,27.541,20.21
12109,61,S1,324.0,27.371,20.21
12110,61,S1,327.0,27.250,20.21
12111,61,S1,330.0,27.101,20.21
12112,61,S1,333.0,26.852,20.21
12113,61,S1,336.0,26.841,20.21
12114,61,S1,339.0,26.681,20.21
12115,61,S1,342.0,26.468,20.21
12116,61,S1,345.0,26.364,20.21
12117,61,S1,348.0,26.275,20.21
12118,61,S1,351.0,26.161,20.21
12119,61,S1,354.0,25.981,20.21
12120,61,S1,357.0,25.856,20.21
12121,61,S1,360.0,25.804,20.21
12122,61,S1,363.0,25.712,20.21
12123,61,S1,366.0,25.467,20.21
12124,61,S1,369.0,25.403,20.21
12125,61,S1,372.0,25.268,20.21
12126,61,S1,375.0,25.197,20.21
12127,61,S1,378.0,25.168,20.21
12128,61,S1,381.0,24.918,20.21
12129,61,S1,384.0,24.901,20.21
12130,61,S1,387.0,24.791,20.21
12131,61,S1,390.0,24.739,20.21
12132,61,S1,393.0,24.588,20.21
12133,61,S1,396.0,24.541,20.21
12134,61,S1,399.0,24.408,20.21
12135,61,S1,402.0,24.341,20.21
12136,61,S1,405.0,24.322,20.21
12137,61,S1,408.0,24.102,20.21
12138,61,S1,411.0,24.093,20.21
12139,61,S1,414.0,24.030,20.21
12140,61,S1,417.0,23.946,20.21
12141,61,S1,420.0,23.864,20.21
12142,61,S1,423.0,23.837,20.21
12143,61,S1,426.0,23.669,20.21
12144,61,S1,429.0,23.557,20.21
12145,61,S1,432.0,23.607,20.21
12146,61,S1,435.0,23.474,20.21
12147,61,S1,438.0,23.307,20.21
12148,61,S1,441.0,23.368,20.21
12149,61,S1,444.0,23.270,20.21
12150,61,S1,447.0,23.152,20.21
12151,61,S1,450.0,23.151,20.21
12152,61,S1,453.0,23.036,20.21
12153,61,S1,456.0,23.029,20.21
12154,61,S1,459.0,22.976,20.21
12155,61,S1,462.0,22.835,20.21
12156,61,S1,465.0,22.884,20.21
12157,61,S1,468.0,22.803,20.21
12158,61,S1,471.0,22.694,20.21
12159,61,S1,474.0,22.602,20.21
12160,61,S1,477.0,22.617,20.21
12161,61,S1,480.0,22.529,20.21
12162,61,S1,483.0,22.479,20.21
12163,61,S1,486.0,22.381,20.21
12164,61,S1,489.0,22.430,20.21
12165,61,S1,492.0,22.419,20.21
12166,61,S1,495.0,22.392,20.21
12167,61,S1,498.0,22.365,20.21
12168,61,S1,501.0,22.340,20.21
12169,61,S1,504.0,22.231,20.21
12170,61,S1,507.0,22.196,20.21
12171,61,S1,510.0,22.022,20.21
12172,61,S1,513.0,22.127,20.21
12173,61,S1,516.0,22.127,20.21
12174,61,S1,519.0,21.923,20.21
12175,61,S1,522.0,21.915,20.21
12176,61,S1,525.0,21.957,20.21
12177,61,S1,528.0,21.910,20.21
12178,61,S1,531.0,21.861,20.21
12179,61,S1,534.0,21.917,20.21
12180,61,S1,537.0,21.837,20.21
12181,61,S1,540.0,21.829,20.21
12182,61,S1,543.0,21.673,20.21
12183,61,S1,546.0,21.667,20.21
12184,61,S1,549.0,21.589,20.21
12185,61,S1,552.0,21.594,20.21
12186,61,S1,555.0,21.581,20.21
12187,61,S1,558.0,21.585,20.21
12188,61,S1,561.0,21.443,20.21
12189,61,S1,564.0,21.482,20.21
12190,61,S1,567.0,21.456,20.21
12191,61,S1,570.0,21.444,20.21
12192,61,S1,573.0,21.402,20.21
12193,61,S1,576.0,21.317,20.21
12194,61,S1,579.0,21.499,20.21
12195,61,S1,582.0,21.328,20.21
12196,61,S1,585.0,21.262,20.21
12197,61,S1,588.0,21.350,20.21
12198,61,S1,591.0,21.331,20.21
12199,61,S1,594.0,21.326,20.21
12200,61,S1,597.0,21.266,20.21
12201,62,S2,0.0,79.006,22.09
12202,62,S2,3.0,78.050,22.09
12203,62,S2,6.0,77.104,22.09
12204,62,S2,9.0,76.242,22.09
12205,62,S2,12.0,75.404,22.09
12206,62,S2,15.0,74.440,22.09
12207,62,S2,18.0,73.466,22.09
12208,62,S2,21.0,72.732,22.09
12209,62,S2,24.0,71.912,22.09
12210,62,S2,27.0,70.995,22.09
12211,62,S2,30.0,70.184,22.09
12212,62,S2,33.0,69.442,22.09
12213,62,S2,36.0,68.587,22.09
12214,62,S2,39.0,67.802,22.09
12215,62,S2,42.0,67.064,22.09
12216,62,S2,45.0,66.279,22.09
12217,62,S2,48.0,65.588,22.09
12218,62,S2,51.0,64.842,22.09
12219,62,S2,54.0,64.194,22.09
12220,62,S2,57.0,63.431,22.09
12221,62,S2,60.0,62.779,22.09
12222,62,S2,63.0,62.119,22.09
12223,62,S2,66.0,61.263,22.09
12224,62,S2,69.0,60.711,22.09
12225,62,S2,72.0,60.170,22.09
12226,62,S2,75.0,59.420,22.09
12227,62,S2,78.0,58.850,22.09
12228,62,S2,81.0,58.312,22.09
12229,62,S2,84.0,57.644,22.09
12230,62,S2,87.0,57.023,22.09
12231,62,S2,90.0,56.468,22.09
12232,62,S2,93.0,55.900,22.09
12233,62,S2,96.0,55.206,22.09
12234,62,S2,99.0,54.747,22.09
12235,62,S2,102.0,54.146,22.09
12236,62,S2,105.0,53.729,22.09
12237,62,S2,108.0,53.205,22.09
12238,62,S2,111.0,52.554,22.09
12239,62,S2,114.0,52.128,22.09
12240,62,S2,117.0,51.624,22.09
12241,62,S2,120.0,51.068,22.09
12242,62,S2,123.0,50.654,22.09
12243,62,S2,126.0,50.174,22.09
12244,62,S2,129.0,49.686,22.09
12245,62,S2,132.0,49.205,22.09
12246,62,S2,135.0,48.765,22.09
12247,62,S2,138.0,48.314,22.09
12248,62,S2,141.0,47.914,22.09
12249,62,S2,144.0,47.492,22.09
12250,62,S2,147.0,47.042,22.09
12251,62,S2,150.0,46.661,22.09
12252,62,S2,153.0,46.167,22.09
12253,62,S2,156.0,45.723,22.09
12254,62,S2,159.0,45.429,22.09
12255,62,S2,162.0,45.037,22.09
12256,62,S2,165.0,44.594,22.09
12257,62,S2,168.0,44.270,22.09
12258,62,S2,171.0,43.957,22.09
12259,62,S2,174.0,43.515,22.09
12260,62,S2,177.0,43.064,22.09
12261,62,S2,180.0,42.777,22.09
12262,62,S2,183.0,42.463,22.09
12263,62,S2,186.0,42.104,22.09
12264,62,S2,189.0,41.780,22.09
12265,62,S2,192.0,41.498,22.09
12266,62,S2,195.0,41.186,22.09
12267,62,S2,198.0,40.784,22.09
12268,62,S2,201.0,40.521,22.09
12269,62,S2,204.0,40.189,22.09
12270,62,S2,207.0,39.824,22.09
12271,62,S2,210.0,39.542,22.09
12272,62,S2,213.0,39.286,22.09
12273,62,S2,216.0,39.032,22.09
12274,62,S2,219.0,38.717,22.09
12275,62,S2,222.0,38.458,22.09
12276,62,S2,225.0,38.097,22.09
12277,62,S2,228.0,37.958,22.09
12278,62,S2,231.0,37.600,22.09
12279,62,S2,234.0,37.364,22.09
12280,62,S2,237.0,37.102,22.09
12281,62,S2,240.0,36.913,22.09
12282,62,S2,243.0,36.606,22.09
12283,62,S2,246.0,36.379,22.09
12284,62,S2,249.0,36.152,22.09
12285,62,S2,252.0,35.983,22.09
12286,62,S2,255.0,35.690,22.09
12287,62,S2,258.0,35.448,22.09
12288,62,S2,261.0,35.243,22.09
12289,62,S2,264.0,34.944,22.09
12290,62,S2,267.0,34.729,22.09
12291,62,S2,270.0,34.499,22.09
12292,62,S2,273.0,34.332,22.09
12293,62,S2,276.0,34.186,22.09
12294,62,S2,279.0,34.016,22.09
12295,62,S2,282.0,33.747,22.09
12296,62,S2,285.0,33.588,22.09
12297,62,S2,288.0,33.443,22.09
12298,62,S2,291.0,33.179,22.09
12299,62,S2,294.0,32.965,22.09
12300,62,S2,297.0,32.793,22.09
12301,62,S2,300.0,32.658,22.09
12302,62,S2,303.0,32.519,22.09
12303,62,S2,306.0,32.355,22.09
12304,62,S2,309.0,32.156,22.09
12305,62,S2,312.0,31.948,22.09
12306,62,S2,315.0,31.689,22.09
12307,62,S2,318.0,31.700,22.09
12308,62,S2,321.0,31.464,22.09
12309,62,S2,324.0,31.278,22.09
12310,62,S2,327.0,31.228,22.09
12311,62,S2,330.0,31.051,22.09
12312,62,S2,333.0,30.861,22.09
12313,62,S2,336.0,30.674,22.09
12314,62,S2,339.0,30.598,22.09
12315,62,S2,342.0,30.420,22.09
12316,62,S2,345.0,30.382,22.09
12317,62,S2,348.0,30.219,22.09
12318,62,S2,351.0,29.976,22.09
12319,62,S2,354.0,29.828,22.09
12320,62,S2,357.0,29.829,22.09
12321,62,S2,360.0,29.587,22.09
12322,62,S2,363.0,29.565,22.09
12323,62,S2,366.0,29.374,22.09
12324,62,S2,369.0,29.194,22.09
12325,62,S2,372.0,29.118,22.09
12326,62,S2,375.0,29.144,22.09
12327,62,S2,378.0,28.953,22.09
12328,62,S2,381.0,28.788,22.09
12329,62,S2,384.0,28.700,22.09
12330,62,S2,387.0,28.523,22.09
12331,62,S2,390.0,28.446,22.09
12332,62,S2,393.0,28.369,22.09
12333,62,S2,396.0,28.229,22.09
12334,62,S2,399.0,28.196,22.09
12335,62,S2,402.0,28.085,22.09
12336,62,S2,405.0,27.931,22.09
12337,62,S2,408.0,27.808,22.09
12338,62,S2,411.0,27.668,22.09
12339,62,S2,414.0,27.669,22.09
12340,62,S2,417.0,27.491,22.09
12341,62,S2,420.0,27.416,22.09
12342,62,S2,423.0,27.234,22.09
12343,62,S2,426.0,27.337,22.09
12344,62,S2,429.0,27.198,22.09
12345,62,S2,432.0,27.155,22.09
12346,62,S2,435.0,27.066,22.09
12347,62,S2,438.0,26.896,22.09
12348,62,S2,441.0,26.908,22.09
12349,62,S2,444.0,26.761,22.09
12350,62,S2,447.0,26.734,22.09
12351,62,S2,450.0,26.556,22.09
12352,62,S2,453.0,26.564,22.09
12353,62,S2,456.0,26.512,22.09
12354,62,S2,459.0,26.412,22.09
12355,62,S2,462.0,26.296,22.09
12356,62,S2,465.0,26.305,22.09
12357,62,S2,468.0,26.147,22.09
12358,62,S2,471.0,26.173,22.09
12359,62,S2,474.0,26.070,22.09
12360,62,S2,477.0,25.912,22.09
12361,62,S2,480.0,25.888,22.09
12362,62,S2,483.0,25.911,22.09
12363,62,S2,486.0,25.860,22.09
12364,62,S2,489.0,25.786,22.09
12365,62,S2,492.0,25.720,22.09
12366,62,S2,495.0,25.605,22.09
12367,62,S2,498.0,25.576,22.09
12368,62,S2,501.0,25.423,22.09
12369,62,S2,504.0,25.539,22.09
12370,62,S2,507.0,25.201,22.09
12371,62,S2,510.0,25.351,22.09
12372,62,S2,513.0,25.230,22.09
12373,62,S2,516.0,25.276,22.09
12374,62,S2,519.0,25.250,22.09
12375,62,S2,522.0,25.131,22.09
12376,62,S2,525.0,25.097,22.09
12377,62,S2,528.0,25.025,22.09
12378,62,S2,531.0,24.917,22.09
12379,62,S2,534.0,25.002,22.09
12380,62,S2,537.0,24.830,22.09
12381,62,S2,540.0,24.872,22.09
12382,62,S2,543.0,24.754,22.09
12383,62,S2,546.0,24.798,22.09
12384,62,S2,549.0,24.715,22.09
12385,62,S2,552.0,24.676,22.09
12386,62,S2,555.0,24.548,22.09
12387,62,S2,558.0,24.557,22.09
12388,62,S2,561.0,24.530,22.09
12389,62,S2,564.0,24.545,22.09
12390,62,S2,567.0,24.439,22.09
12391,62,S2,570.0,24.415,22.09
12392,62,S2,573.0,24.401,22.09
12393,62,S2,576.0,24.291,22.09
12394,62,S2,579.0,24.240,22.09
12395,62,S2,582.0,24.189,22.09
12396,62,S2,585.0,24.200,22.09
12397,62,S2,588.0,24.226,22.09
12398,62,S2,591.0,24.150,22.09
12399,62,S2,594.0,24.154,22.09
12400,62,S2,597.0,24.114,22.09
12401,63,S3,0.0,82.908,20.79
12402,63,S3,3.0,81.388,20.79
12403,63,S3,6.0,79.957,20.79
12404,63,S3,9.0,78.525,20.79
12405,63,S3,12.0,77.079,20.79
12406,63,S3,15.0,75.762,20.79
12407,63,S3,18.0,74.367,20.79
12408,63,S3,21.0,73.060,20.79
12409,63,S3,24.0,71.798,20.79
12410,63,S3,27.0,70.599,20.79
12411,63,S3,30.0,69.317,20.79
12412,63,S3,33.0,68.113,20.79
12413,63,S3,36.0,67.100,20.79
12414,63,S3,39.0,65.889,20.79
12415,63,S3,42.0,64.783,20.79
12416,63,S3,45.0,63.705,20.79
12417,63,S3,48.0,62.679,20.79
12418,63,S3,51.0,61.632,20.79
12419,63,S3,54.0,60.641,20.79
12420,63,S3,57.0,59.659,20.79
12421,63,S3,60.0,58.786,20.79
12422,63,S3,63.0,57.757,20.79
12423,63,S3,66.0,56.867,20.79
12424,63,S3,69.0,56.130,20.79
12425,63,S3,72.0,55.229,20.79
12426,63,S3,75.0,54.236,20.79
12427,63,S3,78.0,53.493,20.79
12428,63,S3,81.0,52.730,20.79
12429,63,S3,84.0,51.964,20.79
12430,63,S3,87.0,51.110,20.79
12431,63,S3,90.0,50.497,20.79
12432,63,S3,93.0,49.720,20.79
12433,63,S3,96.0,48.959,20.79
12434,63,S3,99.0,48.336,20.79
12435,63,S3,102.0,47.666,20.79
12436,63,S3,105.0,47.026,20.79
12437,63,S3,108.0,46.414,20.79
12438,63,S3,111.0,45.816,20.79
12439,63,S3,114.0,45.136,20.79
12440,63,S3,117.0,44.593,20.79
12441,63,S3,120.0,44.055,20.79
12442,63,S3,123.0,43.437,20.79
12443,63,S3,126.0,42.947,20.79
12444,63,S3,129.0,42.266,20.79
12445,63,S3,132.0,41.806,20.79
12446,63,S3,135.0,41.265,20.79
12447,63,S3,138.0,40.809,20.79
12448,63,S3,141.0,40.311,20.79
12449,63,S3,144.0,39.849,20.79
12450,63,S3,147.0,39.392,20.79
12451,63,S3,150.0,38.931,20.79
12452,63,S3,153.0,38.522,20.79
12453,63,S3,156.0,38.079,20.79
12454,63,S3,159.0,37.711,20.79
12455,63,S3,162.0,37.274,20.79
12456,63,S3,165.0,36.985,20.79
12457,63,S3,168.0,36.429,20.79
12458,63,S3,171.0,36.117,20.79
12459,63,S3,174.0,35.735,20.79
12460,63,S3,177.0,35.354,20.79
12461,63,S3,180.0,35.017,20.79
12462,63,S3,183.0,34.622,20.79
12463,63,S3,186.0,34.214,20.79
12464,63,S3,189.0,33.937,20.79
12465,63,S3,192.0,33.623,20.79
12466,63,S3,195.0,33.357,20.79
12467,63,S3,198.0,33.095,20.79
12468,63,S3,201.0,32.666,20.79
12469,63,S3,204.0,32.460,20.79
12470,63,S3,207.0,32.101,20.79
12471,63,S3,210.0,31.882,20.79
12472,63,S3,213.0,31.572,20.79
12473,63,S3,216.0,31.307,20.79
12474,63,S3,219.0,31.107,20.79
12475,63,S3,222.0,30.839,20.79
12476,63,S3,225.0,30.548,20.79
12477,63,S3,228.0,30.364,20.79
12478,63,S3,231.0,30.081,20.79
12479,63,S3,234.0,29.980,20.79
12480,63,S3,237.0,29.659,20.79
12481,63,S3,240.0,29.495,20.79
12482,63,S3,243.0,29.259,20.79
12483,63,S3,246.0,29.041,20.79
12484,63,S3,249.0,28.793,20.79
12485,63,S3,252.0,28.611,20.79
12486,63,S3,255.0,28.430,20.79
12487,63,S3,258.0,28.311,20.79
12488,63,S3,261.0,28.173,20.79
12489,63,S3,264.0,27.940,20.79
12490,63,S3,267.0,27.758,20.79
12491,63,S3,270.0,27.559,20.79
12492,63,S3,273.0,27.434,20.79
12493,63,S3,276.0,27.346,20.79
12494,63,S3,279.0,27.087,20.79
12495,63,S3,282.0,26.973,20.79
12496,63,S3,285.0,26.868,20.79
12497,63,S3,288.0,26.670,20.79
12498,63,S3,291.0,26.560,20.79
12499,63,S3,294.0,26.358,20.79
12500,63,S3,297.0,26.239,20.79
12501,63,S3,300.0,26.197,20.79
12502,63,S3,303.0,25.913,20.79
12503,63,S3,306.0,25.816,20.79
12504,63,S3,309.0,25.719,20.79
12505,63,S3,312.0,25.555,20.79
12506,63,S3,315.0,25.469,20.79
12507,63,S3,318.0,25.289,20.79
12508,63,S3,321.0,25.229,20.79
12509,63,S3,324.0,25.128,20.79
12510,63,S3,327.0,24.984,20.79
12511,63,S3,330.0,24.894,20.79
12512,63,S3,333.0,24.854,20.79
12513,63,S3,336.0,24.757,20.79
12514,63,S3,339.0,24.610,20.79
12515,63,S3,342.0,24.638,20.79
12516,63,S3,345.0,24.496,20.79
12517,63,S3,348.0,24.327,20.79
12518,63,S3,351.0,24.358,20.79
12519,63,S3,354.0,24.205,20.79
12520,63,S3,357.0,24.167,20.79
12521,63,S3,360.0,24.098,20.79
12522,63,S3,363.0,23.972,20.79
12523,63,S3,366.0,23.831,20.79
12524,63,S3,369.0,23.802,20.79
12525,63,S3,372.0,23.727,20.79
12526,63,S3,375.0,23.743,20.79
12527,63,S3,378.0,23.594,20.79
12528,63,S3,381.0,23.532,20.79
12529,63,S3,384.0,23.415,20.79
12530,63,S3,387.0,23.444,20.79
12531,63,S3,390.0,23.428,20.79
12532,63,S3,393.0,23.343,20.79
12533,63,S3,396.0,23.176,20.79
12534,63,S3,399.0,23.038,20.79
12535,63,S3,402.0,23.146,20.79
12536,63,S3,405.0,22.929,20.79
12537,63,S3,408.0,23.012,20.79
12538,63,S3,411.0,22.969,20.79
12539,63,S3,414.0,22.843,20.79
12540,63,S3,417.0,22.789,20.79
12541,63,S3,420.0,22.716,20.79
12542,63,S3,423.0,22.699,20.79
12543,63,S3,426.0,22.711,20.79
12544,63,S3,429.0,22.666,20.79
12545,63,S3,432.0,22.607,20.79
12546,63,S3,435.0,22.546,20.79
12547,63,S3,438.0,22.411,20.79
12548,63,S3,441.0,22.474,20.79
12549,63,S3,444.0,22.427,20.79
12550,63,S3,447.0,22.410,20.79
12551,63,S3,450.0,22.299,20.79
12552,63,S3,453.0,22.319,20.79
12553,63,S3,456.0,22.267,20.79
12554,63,S3,459.0,22.224,20.79
12555,63,S3,462.0,22.143,20.79
12556,63,S3,465.0,22.145,20.79
12557,63,S3,468.0,22.140,20.79
12558,63,S3,471.0,22.048,20.79
12559,63,S3,474.0,22.140,20.79
12560,63,S3,477.0,22.019,20.79
12561,63,S3,480.0,22.076,20.79
12562,63,S3,483.0,21.984,20.79
12563,63,S3,486.0,21.961,20.79
12564,63,S3,489.0,21.958,20.79
12565,63,S3,492.0,22.006,20.79
12566,63,S3,495.0,21.861,20.79
12567,63,S3,498.0,21.872,20.79
12568,63,S3,501.0,21.784,20.79
12569,63,S3,504.0,21.863,20.79
12570,63,S3,507.0,21.832,20.79
12571,63,S3,510.0,21.712,20.79
12572,63,S3,513.0,21.762,20.79
12573,63,S3,516.0,21.720,20.79
12574,63,S3,519.0,21.665,20.79
12575,63,S3,522.0,21.556,20.79
12576,63,S3,525.0,21.632,20.79
12577,63,S3,528.0,21.548,20.79
12578,63,S3,531.0,21.597,20.79
12579,63,S3,534.0,21.519,20.79
12580,63,S3,537.0,21.466,20.79
12581,63,S3,540.0,21.546,20.79
12582,63,S3,543.0,21.476,20.79
12583,63,S3,546.0,21.568,20.79
12584,63,S3,549.0,21.480,20.79
12585,63,S3,552.0,21.405,20.79
12586,63,S3,555.0,21.460,20.79
12587,63,S3,558.0,21.532,20.79
12588,63,S3,561.0,21.331,20.79
12589,63,S3,564.0,21.491,20.79
12590,63,S3,567.0,21.310,20.79
12591,63,S3,570.0,21.325,20.79
12592,63,S3,573.0,21.347,20.79
12593,63,S3,576.0,21.353,20.79
12594,63,S3,579.0,21.343,20.79
12595,63,S3,582.0,21.273,20.79
12596,63,S3,585.0,21.269,20.79
12597,63,S3,588.0,21.324,20.79
12598,63,S3,591.0,21.288,20.79
12599,63,S3,594.0,21.229,20.79
12600,63,S3,597.0,21.300,20.79
12601,64,S4,0.0,86.816,22.66
12602,64,S4,3.0,85.112,22.66
12603,64,S4,6.0,83.569,22.66
12604,64,S4,9.0,81.869,22.66
12605,64,S4,12.0,80.295,22.66
12606,64,S4,15.0,78.817,22.66
12607,64,S4,18.0,77.331,22.66
12608,64,S4,21.0,75.764,22.66
12609,64,S4,24.0,74.495,22.66
12610,64,S4,27.0,72.896,22.66
12611,64,S4,30.0,71.705,22.66
12612,64,S4,33.0,70.340,22.66
12613,64,S4,36.0,69.072,22.66
12614,64,S4,39.0,67.828,22.66
12615,64,S4,42.0,66.622,22.66
12616,64,S4,45.0,65.546,22.66
12617,64,S4,48.0,64.344,22.66
12618,64,S4,51.0,63.229,22.66
12619,64,S4,54.0,62.127,22.66
12620,64,S4,57.0,61.012,22.66
12621,64,S4,60.0,59.976,22.66
12622,64,S4,63.0,58.993,22.66
12623,64,S4,66.0,57.991,22.66
12624,64,S4,69.0,57.112,22.66
12625,64,S4,72.0,56.092,22.66
12626,64,S4,75.0,55.247,22.66
12627,64,S4,78.0,54.344,22.66
12628,64,S4,81.0,53.549,22.66
12629,64,S4,84.0,52.663,22.66
12630,64,S4,87.0,51.935,22.66
12631,64,S4,90.0,51.002,22.66
12632,64,S4,93.0,50.434,22.66
12633,64,S4,96.0,49.631,22.66
12634,64,S4,99.0,48.893,22.66
12635,64,S4,102.0,48.206,22.66
12636,64,S4,105.0,47.603,22.66
12637,64,S4,108.0,46.923,22.66
12638,64,S4,111.0,46.163,22.66
12639,64,S4,114.0,45.625,22.66
12640,64,S4,117.0,44.919,22.66
12641,64,S4,120.0,44.440,22.66
12642,64,S4,123.0,43.776,22.66
12643,64,S4,126.0,43.194,22.66
12644,64,S4,129.0,42.712,22.66
12645,64,S4,132.0,42.131,22.66
12646,64,S4,135.0,41.699,22.66
12647,64,S4,138.0,41.037,22.66
12648,64,S4,141.0,40.526,22.66
12649,64,S4,144.0,40.166,22.66
12650,64,S4,147.0,39.660,22.66
12651,64,S4,150.0,39.180,22.66
12652,64,S4,153.0,38.850,22.66
12653,64,S4,156.0,38.243,22.66
12654,64,S4,159.0,37.917,22.66
12655,64,S4,162.0,37.508,22.66
12656,64,S4,165.0,37.156,22.66
12657,64,S4,168.0,36.844,22.66
12658,64,S4,171.0,36.364,22.66
12659,64,S4,174.0,35.977,22.66
12660,64,S4,177.0,35.632,22.66
12661,64,S4,180.0,35.281,22.66
12662,64,S4,183.0,35.007,22.66
12663,64,S4,186.0,34.607,22.66
12664,64,S4,189.0,34.310,22.66
12665,64,S4,192.0,33.960,22.66
12666,64,S4,195.0,33.703,22.66
12667,64,S4,198.0,33.439,22.66
12668,64,S4,201.0,33.154,22.66
12669,64,S4,204.0,32.789,22.66
12670,64,S4,207.0,32.550,22.66
12671,64,S4,210.0,32.180,22.66
12672,64,S4,213.0,32.142,22.66
12673,64,S4,216.0,31.765,22.66
12674,64,S4,219.0,31.482,22.66
12675,64,S4,222.0,31.317,22.66
12676,64,S4,225.0,31.050,22.66
12677,64,S4,228.0,30.819,22.66
12678,64,S4,231.0,30.719,22.66
12679,64,S4,234.0,30.405,22.66
12680,64,S4,237.0,30.222,22.66
12681,64,S4,240.0,29.990,22.66
12682,64,S4,243.0,29.818,22.66
12683,64,S4,246.0,29.584,22.66
12684,64,S4,249.0,29.510,22.66
12685,64,S4,252.0,29.234,22.66
12686,64,S4,255.0,28.979,22.66
12687,64,S4,258.0,28.924,22.66
12688,64,S4,261.0,28.699,22.66
12689,64,S4,264.0,28.534,22.66
12690,64,S4,267.0,28.344,22.66
12691,64,S4,270.0,28.274,22.66
12692,64,S4,273.0,28.108,22.66
12693,64,S4,276.0,27.929,22.66
12694,64,S4,279.0,27.796,22.66
12695,64,S4,282.0,27.729,22.66
12696,64,S4,285.0,27.558,22.66
12697,64,S4,288.0,27.427,22.66
12698,64,S4,291.0,27.363,22.66
12699,64,S4,294.0,27.232,22.66
12700,64,S4,297.0,27.117,22.66
12701,64,S4,300.0,26.832,22.66
12702,64,S4,303.0,26.774,22.66
12703,64,S4,306.0,26.801,22.66
12704,64,S4,309.0,26.605,22.66
12705,64,S4,312.0,26.468,22.66
12706,64,S4,315.0,26.335,22.66
12707,64,S4,318.0,26.205,22.66
12708,64,S4,321.0,26.188,22.66
12709,64,S4,324.0,26.090,22.66
12710,64,S4,327.0,25.997,22.66
12711,64,S4,330.0,25.964,22.66
12712,64,S4,333.0,25.739,22.66
12713,64,S4,336.0,25.825,22.66
12714,64,S4,339.0,25.602,22.66
12715,64,S4,342.0,25.589,22.66
12716,64,S4,345.0,25.520,22.66
12717,64,S4,348.0,25.378,22.66
12718,64,S4,351.0,25.247,22.66
12719,64,S4,354.0,25.154,22.66
12720,64,S4,357.0,25.202,22.66
12721,64,S4,360.0,25.199,22.66
12722,64,S4,363.0,25.087,22.66
12723,64,S4,366.0,25.035,22.66
12724,64,S4,369.0,24.995,22.66
12725,64,S4,372.0,24.912,22.66
12726,64,S4,375.0,24.915,22.66
12727,64,S4,378.0,24.796,22.66
12728,64,S4,381.0,24.666,22.66
12729,64,S4,384.0,24.638,22.66
12730,64,S4,387.0,24.565,22.66
12731,64,S4,390.0,24.529,22.66
12732,64,S4,393.0,24.457,22.66
12733,64,S4,396.0,24.513,22.66
12734,64,S4,399.0,24.422,22.66
12735,64,S4,402.0,24.279,22.66
12736,64,S4,405.0,24.453,22.66
12737,64,S4,408.0,24.222,22.66
12738,64,S4,411.0,24.250,22.66
12739,64,S4,414.0,24.198,22.66
12740,64,S4,417.0,24.146,22.66
12741,64,S4,420.0,24.068,22.66
12742,64,S4,423.0,24.062,22.66
12743,64,S4,426.0,23.976,22.66
12744,64,S4,429.0,23.956,22.66
12745,64,S4,432.0,23.856,22.66
12746,64,S4,435.0,23.939,22.66
12747,64,S4,438.0,23.855,22.66
12748,64,S4,441.0,23.875,22.66
12749,64,S4,444.0,23.815,22.66
12750,64,S4,447.0,23.787,22.66
12751,64,S4,450.0,23.829,22.66
12752,64,S4,453.0,23.721,22.66
12753,64,S4,456.0,23.693,22.66
12754,64,S4,459.0,23.630,22.66
12755,64,S4,462.0,23.711,22.66
12756,64,S4,465.0,23.617,22.66
12757,64,S4,468.0,23.581,22.66
12758,64,S4,471.0,23.532,22.66
12759,64,S4,474.0,23.559,22.66
12760,64,S4,477.0,23.446,22.66
12761,64,S4,480.0,23.506,22.66
12762,64,S4,483.0,23.474,22.66
12763,64,S4,486.0,23.474,22.66
12764,64,S4,489.0,23.408,22.66
12765,64,S4,492.0,23.451,22.66
12766,64,S4,495.0,23.364,22.66
12767,64,S4,498.0,23.357,22.66
12768,64,S4,501.0,23.436,22.66
12769,64,S4,504.0,23.294,22.66
12770,64,S4,507.0,23.251,22.66
12771,64,S4,510.0,23.302,22.66
12772,64,S4,513.0,23.227,22.66
12773,64,S4,516.0,23.295,22.66
12774,64,S4,519.0,23.276,22.66
12775,64,S4,522.0,23.204,22.66
12776,64,S4,525.0,23.173,22.66
12777,64,S4,528.0,23.156,22.66
12778,64,S4,531.0,23.196,22.66
12779,64,S4,534.0,23.179,22.66
12780,64,S4,537.0,23.079,22.66
12781,64,S4,540.0,23.156,22.66
12782,64,S4,543.0,23.083,22.66
12783,64,S4,546.0,23.206,22.66
12784,64,S4,549.0,23.062,22.66
12785,64,S4,552.0,23.044,22.66
12786,64,S4,555.0,23.083,22.66
12787,64,S4,558.0,23.077,22.66
12788,64,S4,561.0,23.067,22.66
12789,64,S4,564.0,23.010,22.66
12790,64,S4,567.0,23.068,22.66
12791,64,S4,570.0,23.058,22.66
12792,64,S4,573.0,23.055,22.66
12793,64,S4,576.0,22.971,22.66
12794,64,S4,579.0,22.976,22.66
12795,64,S4,582.0,22.945,22.66
12796,64,S4,585.0,22.922,22.66
12797,64,S4,588.0,22.984,22.66
12798,64,S4,591.0,22.919,22.66
12799,64,S4,594.0,22.925,22.66
12800,64,S4,597.0,23.016,22.66
12801,65,S1,0.0,83.609,20.34
12802,65,S1,3.0,82.608,20.34
12803,65,S1,6.0,81.593,20.34
12804,65,S1,9.0,80.590,20.34
12805,65,S1,12.0,79.540,20.34
12806,65,S1,15.0,78.497,20.34
12807,65,S1,18.0,77.693,20.34
12808,65,S1,21.0,76.708,20.34
12809,65,S1,24.0,75.814,20.34
12810,65,S1,27.0,74.918,20.34
12811,65,S1,30.0,73.979,20.34
12812,65,S1,33.0,73.119,20.34
12813,65,S1,36.0,72.216,20.34
12814,65,S1,39.0,71.431,20.34
12815,65,S1,42.0,70.660,20.34
12816,65,S1,45.0,69.740,20.34
12817,65,S1,48.0,68.845,20.34
12818,65,S1,51.0,68.201,20.34
12819,65,S1,54.0,67.316,20.34
12820,65,S1,57.0,66.597,20.34
12821,65,S1,60.0,65.830,20.34
12822,65,S1,63.0,65.132,20.34
12823,65,S1,66.0,64.203,20.34
12824,65,S1,69.0,63.499,20.34
12825,65,S1,72.0,62.960,20.34
12826,65,S1,75.0,62.220,20.34
12827,65,S1,78.0,61.506,20.34
12828,65,S1,81.0,60.907,20.34
12829,65,S1,84.0,60.196,20.34
12830,65,S1,87.0,59.545,20.34
12831,65,S1,90.0,58.877,20.34
12832,65,S1,93.0,58.274,20.34
12833,65,S1,96.0,57.585,20.34
12834,65,S1,99.0,56.965,20.34
12835,65,S1,102.0,56.344,20.34
12836,65,S1,105.0,55.769,20.34
12837,65,S1,108.0,55.230,20.34
12838,65,S1,111.0,54.746,20.34
12839,65,S1,114.0,54.093,20.34
12840,65,S1,117.0,53.580,20.34
12841,65,S1,120.0,52.985,20.34
12842,65,S1,123.0,52.469,20.34
12843,65,S1,126.0,52.010,20.34
12844,65,S1,129.0,51.375,20.34
12845,65,S1,132.0,50.854,20.34
12846,65,S1,135.0,50.414,20.34
12847,65,S1,138.0,49.929,20.34
12848,65,S1,141.0,49.385,20.34
12849,65,S1,144.0,49.035,20.34
12850,65,S1,147.0,48.458,20.34
12851,65,S1,150.0,48.101,20.34
12852,65,S1,153.0,47.576,20.34
12853,65,S1,156.0,47.247,20.34
12854,65,S1,159.0,46.681,20.34
12855,65,S1,162.0,46.221,20.34
12856,65,S1,165.0,45.803,20.34
12857,65,S1,168.0,45.379,20.34
12858,65,S1,171.0,45.059,20.34
12859,65,S1,174.0,44.603,20.34
12860,65,S1,177.0,44.188,20.34
12861,65,S1,180.0,43.846,20.34
12862,65,S1,183.0,43.462,20.34
12863,65,S1,186.0,43.140,20.34
12864,65,S1,189.0,42.657,20.34
12865,65,S1,192.0,42.411,20.34
12866,65,S1,195.0,41.949,20.34
12867,65,S1,198.0,41.626,20.34
12868,65,S1,201.0,41.207,20.34
12869,65,S1,204.0,40.903,20.34
12870,65,S1,207.0,40.523,20.34
12871,65,S1,210.0,40.176,20.34
12872,65,S1,213.0,39.999,20.34
12873,65,S1,216.0,39.555,20.34
12874,65,S1,219.0,39.297,20.34
12875,65,S1,222.0,39.025,20.34
12876,65,S1,225.0,38.692,20.34
12877,65,S1,228.0,38.362,20.34
12878,65,S1,231.0,38.047,20.34
12879,65,S1,234.0,37.676,20.34
12880,65,S1,237.0,37.408,20.34
12881,65,S1,240.0,37.322,20.34
12882,65,S1,243.0,36.916,20.34
12883,65,S1,246.0,36.576,20.34
12884,65,S1,249.0,36.375,20.34
12885,65,S1,252.0,36.161,20.34
12886,65,S1,255.0,35.889,20.34
12887,65,S1,258.0,35.560,20.34
12888,65,S1,261.0,35.356,20.34
12889,65,S1,264.0,35.136,20.34
12890,65,S1,267.0,34.886,20.34
12891,65,S1,270.0,34.659,20.34
12892,65,S1,273.0,34.436,20.34
12893,65,S1,276.0,34.143,20.34
12894,65,S1,279.0,33.990,20.34
12895,65,S1,282.0,33.783,20.34
12896,65,S1,285.0,33.449,20.34
12897,65,S1,288.0,33.180,20.34
12898,65,S1,291.0,33.109,20.34
12899,65,S1,294.0,32.879,20.34
12900,65,S1,297.0,32.593,20.34
12901,65,S1,300.0,32.423,20.34
12902,65,S1,303.0,32.317,20.34
12903,65,S1,306.0,32.032,20.34
12904,65,S1,309.0,31.859,20.34
12905,65,S1,312.0,31.623,20.34
12906,65,S1,315.0,31.568,20.34
12907,65,S1,318.0,31.335,20.34
12908,65,S1,321.0,31.171,20.34
12909,65,S1,324.0,30.874,20.34
12910,65,S1,327.0,30.784,20.34
12911,65,S1,330.0,30.633,20.34
12912,65,S1,333.0,30.351,20.34
12913,65,S1,336.0,30.250,20.34
12914,65,S1,339.0,30.089,20.34
12915,65,S1,342.0,29.868,20.34
12916,65,S1,345.0,29.799,20.34
12917,65,S1,348.0,29.534,20.34
12918,65,S1,351.0,29.496,20.34
12919,65,S1,354.0,29.403,20.34
12920,65,S1,357.0,29.153,20.34
12921,65,S1,360.0,29.032,20.34
12922,65,S1,363.0,28.799,20.34
12923,65,S1,366.0,28.769,20.34
12924,65,S1,369.0,28.605,20.34
12925,65,S1,372.0,28.427,20.34
12926,65,S1,375.0,28.325,20.34
12927,65,S1,378.0,28.251,20.34
12928,65,S1,381.0,28.012,20.34
12929,65,S1,384.0,27.944,20.34
12930,65,S1,387.0,27.801,20.34
12931,65,S1,390.0,27.721,20.34
12932,65,S1,393.0,27.585,20.34
12933,65,S1,396.0,27.512,20.34
12934,65,S1,399.0,27.268,20.34
12935,65,S1,402.0,27.213,20.34
12936,65,S1,405.0,27.040,20.34
12937,65,S1,408.0,27.062,20.34
12938,65,S1,411.0,26.851,20.34
12939,65,S1,414.0,26.824,20.34
12940,65,S1,417.0,26.689,20.34
12941,65,S1,420.0,26.636,20.34
12942,65,S1,423.0,26.429,20.34
12943,65,S1,426.0,26.369,20.34
12944,65,S1,429.0,26.302,20.34
12945,65,S1,432.0,26.202,20.34
12946,65,S1,435.0,26.154,20.34
12947,65,S1,438.0,26.001,20.34
12948,65,S1,441.0,25.888,20.34
12949,65,S1,444.0,25.801,20.34
12950,65,S1,447.0,25.794,20.34
12951,65,S1,450.0,25.626,20.34
12952,65,S1,453.0,25.594,20.34
12953,65,S1,456.0,25.374,20.34
12954,65,S1,459.0,25.395,20.34
12955,65,S1,462.0,25.330,20.34
12956,65,S1,465.0,25.254,20.34
12957,65,S1,468.0,25.158,20.34
12958,65,S1,471.0,25.066,20.34
12959,65,S1,474.0,24.949,20.34
12960,65,S1,477.0,24.924,20.34
12961,65,S1,480.0,24.852,20.34
12962,65,S1,483.0,24.794,20.34
12963,65,S1,486.0,24.645,20.34
12964,65,S1,489.0,24.647,20.34
12965,65,S1,492.0,24.456,20.34
12966,65,S1,495.0,24.484,20.34
12967,65,S1,498.0,24.428,20.34
12968,65,S1,501.0,24.392,20.34
12969,65,S1,504.0,24.227,20.34
12970,65,S1,507.0,24.160,20.34
12971,65,S1,510.0,24.087,20.34
12972,65,S1,513.0,24.038,20.34
12973,65,S1,516.0,24.068,20.34
12974,65,S1,519.0,23.969,20.34
12975,65,S1,522.0,23.922,20.34
12976,65,S1,525.0,23.741,20.34
12977,65,S1,528.0,23.744,20.34
12978,65,S1,531.0,23.663,20.34
12979,65,S1,534.0,23.807,20.34
12980,65,S1,537.0,23.647,20.34
12981,65,S1,540.0,23.534,20.34
12982,65,S1,543.0,23.552,20.34
12983,65,S1,546.0,23.479,20.34
12984,65,S1,549.0,23.288,20.34
12985,65,S1,552.0,23.317,20.34
12986,65,S1,555.0,23.328,20.34
12987,65,S1,558.0,23.394,20.34
12988,65,S1,561.0,23.127,20.34
12989,65,S1,564.0,23.174,20.34
12990,65,S1,567.0,23.066,20.34
12991,65,S1,570.0,23.148,20.34
12992,65,S1,573.0,23.047,20.34
12993,65,S1,576.0,23.019,20.34
12994,65,S1,579.0,22.976,20.34
12995,65,S1,582.0,22.902,20.34
12996,65,S1,585.0,22.837,20.34
12997,65,S1,588.0,22.812,20.34
12998,65,S1,591.0,22.672,20.34
12999,65,S1,594.0,22.661,20.34
13000,65,S1,597.0,22.708,20.34
13001,66,S2,0.0,83.172,22.79
13002,66,S2,3.0,81.744,22.79
13003,66,S2,6.0,80.359,22.79
13004,66,S2,9.0,78.908,22.79
13005,66,S2,12.0,77.620,22.79
13006,66,S2,15.0,76.208,22.79
13007,66,S2,18.0,75.120,22.79
13008,66,S2,21.0,73.790,22.79
13009,66,S2,24.0,72.583,22.79
13010,66,S2,27.0,71.319,22.79
13011,66,S2,30.0,70.218,22.79
13012,66,S2,33.0,69.014,22.79
13013,66,S2,36.0,67.931,22.79
13014,66,S2,39.0,66.725,22.79
13015,66,S2,42.0,65.760,22.79
13016,66,S2,45.0,64.786,22.79
13017,66,S2,48.0,63.768,22.79
13018,66,S2,51.0,62.796,22.79
13019,66,S2,54.0,61.784,22.79
13020,66,S2,57.0,60.907,22.79
13021,66,S2,60.0,59.882,22.79
13022,66,S2,63.0,59.022,22.79
13023,66,S2,66.0,58.091,22.79
13024,66,S2,69.0,57.342,22.79
13025,66,S2,72.0,56.472,22.79
13026,66,S2,75.0,55.688,22.79
13027,66,S2,78.0,55.023,22.79
13028,66,S2,81.0,54.116,22.79
13029,66,S2,84.0,53.389,22.79
13030,66,S2,87.0,52.624,22.79
13031,66,S2,90.0,51.950,22.79
13032,66,S2,93.0,51.279,22.79
13033,66,S2,96.0,50.636,22.79
13034,66,S2,99.0,49.864,22.79
13035,66,S2,102.0,49.244,22.79
13036,66,S2,105.0,48.584,22.79
13037,66,S2,108.0,47.920,22.79
13038,66,S2,111.0,47.437,22.79
13039,66,S2,114.0,46.823,22.79
13040,66,S2,117.0,46.277,22.79
13041,66,S2,120.0,45.620,22.79
13042,66,S2,123.0,45.048,22.79
13043,66,S2,126.0,44.550,22.79
13044,66,S2,129.0,44.047,22.79
13045,66,S2,132.0,43.601,22.79
13046,66,S2,135.0,43.062,22.79
13047,66,S2,138.0,42.608,22.79
13048,66,S2,141.0,42.062,22.79
13049,66,S2,144.0,41.545,22.79
13050,66,S2,147.0,41.116,22.79
13051,66,S2,150.0,40.609,22.79
13052,66,S2,153.0,40.231,22.79
13053,66,S2,156.0,39.928,22.79
13054,66,S2,159.0,39.385,22.79
13055,66,S2,162.0,39.053,22.79
13056,66,S2,165.0,38.611,22.79
13057,66,S2,168.0,38.255,22.79
13058,66,S2,171.0,37.898,22.79
13059,66,S2,174.0,37.488,22.79
13060,66,S2,177.0,37.208,22.79
13061,66,S2,180.0,36.881,22.79
13062,66,S2,183.0,36.596,22.79
13063,66,S2,186.0,36.146,22.79
13064,66,S2,189.0,35.780,22.79
13065,66,S2,192.0,35.552,22.79
13066,66,S2,195.0,35.297,22.79
13067,66,S2,198.0,34.962,22.79
13068,66,S2,201.0,34.589,22.79
13069,66,S2,204.0,34.362,22.79
13070,66,S2,207.0,34.213,22.79
13071,66,S2,210.0,33.792,22.79
13072,66,S2,213.0,33.507,22.79
13073,66,S2,216.0,33.292,22.79
13074,66,S2,219.0,32.997,22.79
13075,66,S2,222.0,32.723,22.79
13076,66,S2,225.0,32.538,22.79
13077,66,S2,228.0,32.243,22.79
13078,66,S2,231.0,32.047,22.79
13079,66,S2,234.0,31.867,22.79
13080,66,S2,237.0,31.623,22.79
13081,66,S2,240.0,31.412,22.79
13082,66,S2,243.0,31.132,22.79
13083,66,S2,246.0,31.011,22.79
13084,66,S2,249.0,30.799,22.79
13085,66,S2,252.0,30.590,22.79
13086,66,S2,255.0,30.431,22.79
13087,66,S2,258.0,30.120,22.79
13088,66,S2,261.0,30.113,22.79
13089,66,S2,264.0,29.912,22.79
13090,66,S2,267.0,29.719,22.79
13091,66,S2,270.0,29.612,22.79
13092,66,S2,273.0,29.364,22.79
13093,66,S2,276.0,29.275,22.79
13094,66,S2,279.0,29.051,22.79
13095,66,S2,282.0,28.766,22.79
13096,66,S2,285.0,28.818,22.79
13097,66,S2,288.0,28.614,22.79
13098,66,S2,291.0,28.541,22.79
13099,66,S2,294.0,28.252,22.79
13100,66,S2,297.0,28.266,22.79
13101,66,S2,300.0,28.114,22.79
13102,66,S2,303.0,28.040,22.79
13103,66,S2,306.0,27.795,22.79
13104,66,S2,309.0,27.737,22.79
13105,66,S2,312.0,27.663,22.79
13106,66,S2,315.0,27.467,22.79
13107,66,S2,318.0,27.498,22.79
13108,66,S2,321.0,27.346,22.79
13109,66,S2,324.0,27.104,22.79
13110,66,S2,327.0,27.071,22.79
13111,66,S2,330.0,26.959,22.79
13112,66,S2,333.0,26.970,22.79
13113,66,S2,336.0,26.751,22.79
13114,66,S2,339.0,26.621,22.79
13115,66,S2,342.0,26.586,22.79
13116,66,S2,345.0,26.490,22.79
13117,66,S2,348.0,26.441,22.79
13118,66,S2,351.0,26.310,22.79
13119,66,S2,354.0,26.285,22.79
13120,66,S2,357.0,26.194,22.79
13121,66,S2,360.0,26.084,22.79
13122,66,S2,363.0,26.031,22.79
13123,66,S2,366.0,25.924,22.79
13124,66,S2,369.0,25.796,22.79
13125,66,S2,372.0,25.765,22.79
13126,66,S2,375.0,25.632,22.79
13127,66,S2,378.0,25.640,22.79
13128,66,S2,381.0,25.540,22.79
13129,66,S2,384.0,25.485,22.79
13130,66,S2,387.0,25.340,22.79
13131,66,S2,390.0,25.313,22.79
13132,66,S2,393.0,25.178,22.79
13133,66,S2,396.0,25.113,22.79
13134,66,S2,399.0,25.156,22.79
13135,66,S2,402.0,25.179,22.79
13136,66,S2,405.0,25.138,22.79
13137,66,S2,408.0,24.968,22.79
13138,66,S2,411.0,24.958,22.79
13139,66,S2,414.0,24.928,22.79
13140,66,S2,417.0,24.854,22.79
13141,66,S2,420.0,24.814,22.79
13142,66,S2,423.0,24.751,22.79
13143,66,S2,426.0,24.734,22.79
13144,66,S2,429.0,24.752,22.79
13145,66,S2,432.0,24.623,22.79
13146,66,S2,435.0,24.631,22.79
13147,66,S2,438.0,24.514,22.79
13148,66,S2,441.0,24.445,22.79
13149,66,S2,444.0,24.408,22.79
13150,66,S2,447.0,24.375,22.79
13151,66,S2,450.0,24.357,22.79
13152,66,S2,453.0,24.262,22.79
13153,66,S2,456.0,24.313,22.79
13154,66,S2,459.0,24.269,22.79
13155,66,S2,462.0,24.247,22.79
13156,66,S2,465.0,24.173,22.79
13157,66,S2,468.0,24.069,22.79
13158,66,S2,471.0,24.150,22.79
13159,66,S2,474.0,24.097,22.79
13160,66,S2,477.0,24.050,22.79
13161,66,S2,480.0,23.989,22.79
13162,66,S2,483.0,24.073,22.79
13163,66,S2,486.0,23.940,22.79
13164,66,S2,489.0,23.921,22.79
13165,66,S2,492.0,23.884,22.79
13166,66,S2,495.0,23.887,22.79
13167,66,S2,498.0,23.933,22.79
13168,66,S2,501.0,23.848,22.79
13169,66,S2,504.0,23.759,22.79
13170,66,S2,507.0,23.826,22.79
13171,66,S2,510.0,23.778,22.79
13172,66,S2,513.0,23.707,22.79
13173,66,S2,516.0,23.751,22.79
13174,66,S2,519.0,23.590,22.79
13175,66,S2,522.0,23.565,22.79
13176,66,S2,525.0,23.593,22.79
13177,66,S2,528.0,23.720,22.79
13178,66,S2,531.0,23.583,22.79
13179,66,S2,534.0,23.595,22.79
13180,66,S2,537.0,23.538,22.79
13181,66,S2,540.0,23.547,22.79
13182,66,S2,543.0,23.535,22.79
13183,66,S2,546.0,23.596,22.79
13184,66,S2,549.0,23.438,22.79
13185,66,S2,552.0,23.530,22.79
13186,66,S2,555.0,23.337,22.79
13187,66,S2,558.0,23.463,22.79
13188,66,S2,561.0,23.530,22.79
13189,66,S2,564.0,23.444,22.79
13190,66,S2,567.0,23.353,22.79
13191,66,S2,570.0,23.365,22.79
13192,66,S2,573.0,23.358,22.79
13193,66,S2,576.0,23.362,22.79
13194,66,S2,579.0,23.351,22.79
13195,66,S2,582.0,23.365,22.79
13196,66,S2,585.0,23.316,22.79
13197,66,S2,588.0,23.337,22.79
13198,66,S2,591.0,23.319,22.79
13199,66,S2,594.0,23.299,22.79
13200,66,S2,597.0,23.323,22.79
13201,67,S3,0.0,84.875,20.36
13202,67,S3,3.0,83.180,20.36
13203,67,S3,6.0,81.458,20.36
13204,67,S3,9.0,79.751,20.36
13205,67,S3,12.0,78.238,20.36
13206,67,S3,15.0,76.655,20.36
13207,67,S3,18.0,75.176,20.36
13208,67,S3,21.0,73.576,20.36
13209,67,S3,24.0,72.270,20.36
13210,67,S3,27.0,70.779,20.36
13211,67,S3,30.0,69.468,20.36
13212,67,S3,33.0,68.160,20.36
13213,67,S3,36.0,66.852,20.36
13214,67,S3,39.0,65.624,20.36
13215,67,S3,42.0,64.371,20.36
13216,67,S3,45.0,63.227,20.36
13217,67,S3,48.0,62.010,20.36
13218,67,S3,51.0,60.856,20.36
13219,67,S3,54.0,59.791,20.36
13220,67,S3,57.0,58.799,20.36
13221,67,S3,60.0,57.733,20.36
13222,67,S3,63.0,56.729,20.36
13223,67,S3,66.0,55.727,20.36
13224,67,S3,69.0,54.752,20.36
13225,67,S3,72.0,53.878,20.36
13226,67,S3,75.0,52.977,20.36
13227,67,S3,78.0,52.053,20.36
13228,67,S3,81.0,51.279,20.36
13229,67,S3,84.0,50.345,20.36
13230,67,S3,87.0,49.544,20.36
13231,67,S3,90.0,48.793,20.36
13232,67,S3,93.0,48.034,20.36
13233,67,S3,96.0,47.266,20.36
13234,67,S3,99.0,46.527,20.36
13235,67,S3,102.0,45.929,20.36
13236,67,S3,105.0,45.228,20.36
13237,67,S3,108.0,44.550,20.36
13238,67,S3,111.0,43.859,20.36
13239,67,S3,114.0,43.157,20.36
13240,67,S3,117.0,42.634,20.36
13241,67,S3,120.0,42.001,20.36
13242,67,S3,123.0,41.452,20.36
13243,67,S3,126.0,40.881,20.36
13244,67,S3,129.0,40.386,20.36
13245,67,S3,132.0,39.802,20.36
13246,67,S3,135.0,39.282,20.36
13247,67,S3,138.0,38.778,20.36
13248,67,S3,141.0,38.233,20.36
13249,67,S3,144.0,37.815,20.36
13250,67,S3,147.0,37.215,20.36
13251,67,S3,150.0,36.767,20.36
13252,67,S3,153.0,36.425,20.36
13253,67,S3,156.0,35.927,20.36
13254,67,S3,159.0,35.548,20.36
13255,67,S3,162.0,35.086,20.36
13256,67,S3,165.0,34.743,20.36
13257,67,S3,168.0,34.401,20.36
13258,67,S3,171.0,33.837,20.36
13259,67,S3,174.0,33.669,20.36
13260,67,S3,177.0,33.246,20.36
13261,67,S3,180.0,32.848,20.36
13262,67,S3,183.0,32.501,20.36
13263,67,S3,186.0,32.146,20.36
13264,67,S3,189.0,31.930,20.36
13265,67,S3,192.0,31.631,20.36
13266,67,S3,195.0,31.306,20.36
13267,67,S3,198.0,30.950,20.36
13268,67,S3,201.0,30.690,20.36
13269,67,S3,204.0,30.432,20.36
13270,67,S3,207.0,30.124,20.36
13271,67,S3,210.0,29.955,20.36
13272,67,S3,213.0,29.680,20.36
13273,67,S3,216.0,29.381,20.36
13274,67,S3,219.0,29.033,20.36
13275,67,S3,222.0,28.959,20.36
13276,67,S3,225.0,28.673,20.36
13277,67,S3,228.0,28.479,20.36
13278,67,S3,231.0,28.266,20.36
13279,67,S3,234.0,28.014,20.36
13280,67,S3,237.0,27.788,20.36
13281,67,S3,240.0,27.552,20.36
13282,67,S3,243.0,27.392,20.36
13283,67,S3,246.0,27.273,20.36
13284,67,S3,249.0,27.058,20.36
13285,67,S3,252.0,26.863,20.36
13286,67,S3,255.0,26.679,20.36
13287,67,S3,258.0,26.534,20.36
13288,67,S3,261.0,26.387,20.36
13289,67,S3,264.0,26.205,20.36
13290,67,S3,267.0,26.057,20.36
13291,67,S3,270.0,25.861,20.36
13292,67,S3,273.0,25.636,20.36
13293,67,S3,276.0,25.590,20.36
13294,67,S3,279.0,25.492,20.36
13295,67,S3,282.0,25.366,20.36
13296,67,S3,285.0,25.169,20.36
13297,67,S3,288.0,25.107,20.36
13298,67,S3,291.0,24.929,20.36
13299,67,S3,294.0,24.746,20.36
13300,67,S3,297.0,24.732,20.36
13301,67,S3,300.0,24.557,20.36
13302,67,S3,303.0,24.396,20.36
13303,67,S3,306.0,24.330,20.36
13304,67,S3,309.0,24.264,20.36
13305,67,S3,312.0,24.118,20.36
13306,67,S3,315.0,24.046,20.36
13307,67,S3,318.0,23.863,20.36
13308,67,S3,321.0,23.821,20.36
13309,67,S3,324.0,23.723,20.36
13310,67,S3,327.0,23.643,20.36
13311,67,S3,330.0,23.528,20.36
13312,67,S3,333.0,23.442,20.36
13313,67,S3,336.0,23.349,20.36
13314,67,S3,339.0,23.280,20.36
13315,67,S3,342.0,23.198,20.36
13316,67,S3,345.0,23.203,20.36
13317,67,S3,348.0,23.016,20.36
13318,67,S3,351.0,23.041,20.36
13319,67,S3,354.0,22.906,20.36
13320,67,S3,357.0,22.905,20.36
13321,67,S3,360.0,22.836,20.36
13322,67,S3,363.0,22.704,20.36
13323,67,S3,366.0,22.733,20.36
13324,67,S3,369.0,22.588,20.36
13325,67,S3,372.0,22.542,20.36
13326,67,S3,375.0,22.480,20.36
13327,67,S3,378.0,22.437,20.36
13328,67,S3,381.0,22.412,20.36
13329,67,S3,384.0,22.319,20.36
13330,67,S3,387.0,22.231,20.36
13331,67,S3,390.0,22.282,20.36
13332,67,S3,393.0,22.114,20.36
13333,67,S3,396.0,22.085,20.36
13334,67,S3,399.0,22.022,20.36
13335,67,S3,402.0,22.061,20.36
13336,67,S3,405.0,22.048,20.36
13337,67,S3,408.0,21.877,20.36
13338,67,S3,411.0,21.976,20.36
13339,67,S3,414.0,21.982,20.36
13340,67,S3,417.0,21.774,20.36
13341,67,S3,420.0,21.902,20.36
13342,67,S3,423.0,21.789,20.36
13343,67,S3,426.0,21.684,20.36
13344,67,S3,429.0,21.610,20.36
13345,67,S3,432.0,21.576,20.36
13346,67,S3,435.0,21.601,20.36
13347,67,S3,438.0,21.491,20.36
13348,67,S3,441.0,21.479,20.36
13349,67,S3,444.0,21.431,20.36
13350,67,S3,447.0,21.358,20.36
13351,67,S3,450.0,21.358,20.36
13352,67,S3,453.0,21.424,20.36
13353,67,S3,456.0,21.415,20.36
13354,67,S3,459.0,21.313,20.36
13355,67,S3,462.0,21.272,20.36
13356,67,S3,465.0,21.328,20.36
13357,67,S3,468.0,21.261,20.36
13358,67,S3,471.0,21.289,20.36
13359,67,S3,474.0,21.305,20.36
13360,67,S3,477.0,21.243,20.36
13361,67,S3,480.0,21.172,20.36
13362,67,S3,483.0,21.120,20.36
13363,67,S3,486.0,21.126,20.36
13364,67,S3,489.0,21.134,20.36
13365,67,S3,492.0,21.143,20.36
13366,67,S3,495.0,21.069,20.36
13367,67,S3,498.0,21.001,20.36
13368,67,S3,501.0,21.003,20.36
13369,67,S3,504.0,21.072,20.36
13370,67,S3,507.0,21.057,20.36
13371,67,S3,510.0,20.963,20.36
13372,67,S3,513.0,20.939,20.36
13373,67,S3,516.0,20.894,20.36
13374,67,S3,519.0,20.949,20.36
13375,67,S3,522.0,20.992,20.36
13376,67,S3,525.0,20.970,20.36
13377,67,S3,528.0,20.943,20.36
13378,67,S3,531.0,20.958,20.36
13379,67,S3,534.0,20.820,20.36
13380,67,S3,537.0,20.786,20.36
13381,67,S3,540.0,20.852,20.36
13382,67,S3,543.0,20.857,20.36
13383,67,S3,546.0,20.842,20.36
13384,67,S3,549.0,20.837,20.36
13385,67,S3,552.0,20.730,20.36
13386,67,S3,555.0,20.752,20.36
13387,67,S3,558.0,20.650,20.36
13388,67,S3,561.0,20.729,20.36
13389,67,S3,564.0,20.718,20.36
13390,67,S3,567.0,20.827,20.36
13391,67,S3,570.0,20.730,20.36
13392,67,S3,573.0,20.687,20.36
13393,67,S3,576.0,20.770,20.36
13394,67,S3,579.0,20.606,20.36
13395,67,S3,582.0,20.681,20.36
13396,67,S3,585.0,20.717,20.36
13397,67,S3,588.0,20.647,20.36
13398,67,S3,591.0,20.673,20.36
13399,67,S3,594.0,20.693,20.36
13400,67,S3,597.0,20.622,20.36
13401,68,S4,0.0,72.849,20.94
13402,68,S4,3.0,71.918,20.94
13403,68,S4,6.0,70.939,20.94
13404,68,S4,9.0,69.928,20.94
13405,68,S4,12.0,68.988,20.94
13406,68,S4,15.0,68.204,20.94
13407,68,S4,18.0,67.306,20.94
13408,68,S4,21.0,66.450,20.94
13409,68,S4,24.0,65.724,20.94
13410,68,S4,27.0,64.899,20.94
13411,68,S4,30.0,64.018,20.94
13412,68,S4,33.0,63.261,20.94
13413,68,S4,36.0,62.433,20.94
13414,68,S4,39.0,61.694,20.94
13415,68,S4,42.0,60.880,20.94
13416,68,S4,45.0,60.136,20.94
13417,68,S4,48.0,59.445,20.94
13418,68,S4,51.0,58.782,20.94
13419,68,S4,54.0,58.102,20.94
13420,68,S4,57.0,57.383,20.94
13421,68,S4,60.0,56.639,20.94
13422,68,S4,63.0,56.086,20.94
13423,68,S4,66.0,55.376,20.94
13424,68,S4,69.0,54.801,20.94
13425,68,S4,72.0,54.137,20.94
13426,68,S4,75.0,53.518,20.94
13427,68,S4,78.0,53.004,20.94
13428,68,S4,81.0,52.297,20.94
13429,68,S4,84.0,51.785,20.94
13430,68,S4,87.0,51.155,20.94
13431,68,S4,90.0,50.726,20.94
13432,68,S4,93.0,50.023,20.94
13433,68,S4,96.0,49.637,20.94
13434,68,S4,99.0,48.976,20.94
13435,68,S4,102.0,48.469,20.94
13436,68,S4,105.0,48.083,20.94
13437,68,S4,108.0,47.422,20.94
13438,68,S4,111.0,46.936,20.94
13439,68,S4,114.0,46.539,20.94
13440,68,S4,117.0,46.029,20.94
13441,68,S4,120.0,45.581,20.94
13442,68,S4,123.0,45.185,20.94
13443,68,S4,126.0,44.702,20.94
13444,68,S4,129.0,44.346,20.94
13445,68,S4,132.0,43.863,20.94
13446,68,S4,135.0,43.472,20.94
13447,68,S4,138.0,43.064,20.94
13448,68,S4,141.0,42.483,20.94
13449,68,S4,144.0,42.082,20.94
13450,68,S4,147.0,41.769,20.94
13451,68,S4,150.0,41.334,20.94
13452,68,S4,153.0,41.057,20.94
13453,68,S4,156.0,40.612,20.94
13454,68,S4,159.0,40.347,20.94
13455,68,S4,162.0,39.938,20.94
13456,68,S4,165.0,39.573,20.94
13457,68,S4,168.0,39.280,20.94
13458,68,S4,171.0,38.905,20.94
13459,68,S4,174.0,38.593,20.94
13460,68,S4,177.0,38.209,20.94
13461,68,S4,180.0,37.921,20.94
13462,68,S4,183.0,37.569,20.94
13463,68,S4,186.0,37.238,20.94
13464,68,S4,189.0,36.969,20.94
13465,68,S4,192.0,36.631,20.94
13466,68,S4,195.0,36.491,20.94
13467,68,S4,198.0,36.040,20.94
13468,68,S4,201.0,35.821,20.94
13469,68,S4,204.0,35.511,20.94
13470,68,S4,207.0,35.315,20.94
13471,68,S4,210.0,35.007,20.94
13472,68,S4,213.0,34.796,20.94
13473,68,S4,216.0,34.484,20.94
13474,68,S4,219.0,34.316,20.94
13475,68,S4,222.0,34.020,20.94
13476,68,S4,225.0,33.789,20.94
13477,68,S4,228.0,33.561,20.94
13478,68,S4,231.0,33.349,20.94
13479,68,S4,234.0,33.025,20.94
13480,68,S4,237.0,32.884,20.94
13481,68,S4,240.0,32.691,20.94
13482,68,S4,243.0,32.418,20.94
13483,68,S4,246.0,32.236,20.94
13484,68,S4,249.0,31.953,20.94
13485,68,S4,252.0,31.857,20.94
13486,68,S4,255.0,31.627,20.94
13487,68,S4,258.0,31.380,20.94
13488,68,S4,261.0,31.249,20.94
13489,68,S4,264.0,31.044,20.94
13490,68,S4,267.0,30.767,20.94
13491,68,S4,270.0,30.668,20.94
13492,68,S4,273.0,30.488,20.94
13493,68,S4,276.0,30.320,20.94
13494,68,S4,279.0,30.089,20.94
13495,68,S4,282.0,29.932,20.94
13496,68,S4,285.0,29.798,20.94
13497,68,S4,288.0,29.683,20.94
13498,68,S4,291.0,29.573,20.94
13499,68,S4,294.0,29.283,20.94
13500,68,S4,297.0,29.093,20.94
13501,68,S4,300.0,29.024,20.94
13502,68,S4,303.0,28.872,20.94
13503,68,S4,306.0,28.773,20.94
13504,68,S4,309.0,28.656,20.94
13505,68,S4,312.0,28.281,20.94
13506,68,S4,315.0,28.331,20.94
13507,68,S4,318.0,28.047,20.94
13508,68,S4,321.0,27.951,20.94
13509,68,S4,324.0,27.858,20.94
13510,68,S4,327.0,27.651,20.94
13511,68,S4,330.0,27.723,20.94
13512,68,S4,333.0,27.544,20.94
13513,68,S4,336.0,27.397,20.94
13514,68,S4,339.0,27.284,20.94
13515,68,S4,342.0,27.210,20.94
13516,68,S4,345.0,27.082,20.94
13517,68,S4,348.0,26.993,20.94
13518,68,S4,351.0,26.761,20.94
13519,68,S4,354.0,26.692,20.94
13520,68,S4,357.0,26.674,20.94
13521,68,S4,360.0,26.471,20.94
13522,68,S4,363.0,26.309,20.94
13523,68,S4,366.0,26.321,20.94
13524,68,S4,369.0,26.208,20.94
13525,68,S4,372.0,26.077,20.94
13526,68,S4,375.0,25.944,20.94
13527,68,S4,378.0,25.902,20.94
13528,68,S4,381.0,25.871,20.94
13529,68,S4,384.0,25.690,20.94
13530,68,S4,387.0,25.769,20.94
13531,68,S4,390.0,25.573,20.94
13532,68,S4,393.0,25.449,20.94
13533,68,S4,396.0,25.410,20.94
13534,68,S4,399.0,25.381,20.94
13535,68,S4,402.0,25.189,20.94
13536,68,S4,405.0,25.185,20.94
13537,68,S4,408.0,25.025,20.94
13538,68,S4,411.0,24.939,20.94
13539,68,S4,414.0,24.998,20.94
13540,68,S4,417.0,24.772,20.94
13541,68,S4,420.0,24.756,20.94
13542,68,S4,423.0,24.663,20.94
13543,68,S4,426.0,24.681,20.94
13544,68,S4,429.0,24.589,20.94
13545,68,S4,432.0,24.544,20.94
13546,68,S4,435.0,24.393,20.94
13547,68,S4,438.0,24.359,20.94
13548,68,S4,441.0,24.441,20.94
13549,68,S4,444.0,24.179,20.94
13550,68,S4,447.0,24.120,20.94
13551,68,S4,450.0,24.092,20.94
13552,68,S4,453.0,24.109,20.94
13553,68,S4,456.0,24.015,20.94
13554,68,S4,459.0,24.037,20.94
13555,68,S4,462.0,23.882,20.94
13556,68,S4,465.0,23.810,20.94
13557,68,S4,468.0,23.801,20.94
13558,68,S4,471.0,23.683,20.94
13559,68,S4,474.0,23.603,20.94
13560,68,S4,477.0,23.731,20.94
13561,68,S4,480.0,23.578,20.94
13562,68,S4,483.0,23.477,20.94
13563,68,S4,486.0,23.497,20.94
13564,68,S4,489.0,23.428,20.94
13565,68,S4,492.0,23.495,20.94
13566,68,S4,495.0,23.301,20.94
13567,68,S4,498.0,23.408,20.94
13568,68,S4,501.0,23.256,20.94
13569,68,S4,504.0,23.200,20.94
13570,68,S4,507.0,23.162,20.94
13571,68,S4,510.0,23.167,20.94
13572,68,S4,513.0,23.104,20.94
13573,68,S4,516.0,22.969,20.94
13574,68,S4,519.0,22.966,20.94
13575,68,S4,522.0,22.908,20.94
13576,68,S4,525.0,22.947,20.94
13577,68,S4,528.0,22.956,20.94
13578,68,S4,531.0,22.897,20.94
13579,68,S4,534.0,22.865,20.94
13580,68,S4,537.0,22.811,20.94
13581,68,S4,540.0,22.725,20.94
13582,68,S4,543.0,22.753,20.94
13583,68,S4,546.0,22.640,20.94
13584,68,S4,549.0,22.607,20.94
13585,68,S4,552.0,22.681,20.94
13586,68,S4,555.0,22.581,20.94
13587,68,S4,558.0,22.600,20.94
13588,68,S4,561.0,22.551,20.94
13589,68,S4,564.0,22.472,20.94
13590,68,S4,567.0,22.525,20.94
13591,68,S4,570.0,22.495,20.94
13592,68,S4,573.0,22.437,20.94
13593,68,S4,576.0,22.359,20.94
13594,68,S4,579.0,22.339,20.94
13595,68,S4,582.0,22.335,20.94
13596,68,S4,585.0,22.289,20.94
13597,68,S4,588.0,22.304,20.94
13598,68,S4,591.0,22.212,20.94
13599,68,S4,594.0,22.228,20.94
13600,68,S4,597.0,22.074,20.94
13601,69,S1,0.0,85.075,22.40
13602,69,S1,3.0,84.244,22.40
13603,69,S1,6.0,83.512,22.40
13604,69,S1,9.0,82.743,22.40
13605,69,S1,12.0,81.853,22.40
13606,69,S1,15.0,81.068,22.40
13607,69,S1,18.0,80.461,22.40
13608,69,S1,21.0,79.652,22.40
13609,69,S1,24.0,78.911,22.40
13610,69,S1,27.0,78.208,22.40
13611,69,S1,30.0,77.496,22.40
13612,69,S1,33.0,76.835,22.40
13613,69,S1,36.0,76.031,22.40
13614,69,S1,39.0,75.380,22.40
13615,69,S1,42.0,74.733,22.40
13616,69,S1,45.0,74.065,22.40
13617,69,S1,48.0,73.282,22.40
13618,69,S1,51.0,72.630,22.40
13619,69,S1,54.0,72.035,22.40
13620,69,S1,57.0,71.464,22.40
13621,69,S1,60.0,70.872,22.40
13622,69,S1,63.0,70.081,22.40
13623,69,S1,66.0,69.590,22.40
13624,69,S1,69.0,68.894,22.40
13625,69,S1,72.0,68.291,22.40
13626,69,S1,75.0,67.831,22.40
13627,69,S1,78.0,67.105,22.40
13628,69,S1,81.0,66.626,22.40
13629,69,S1,84.0,66.110,22.40
13630,69,S1,87.0,65.501,22.40
13631,69,S1,90.0,64.920,22.40
13632,69,S1,93.0,64.389,22.40
13633,69,S1,96.0,63.923,22.40
13634,69,S1,99.0,63.332,22.40
13635,69,S1,102.0,62.862,22.40
13636,69,S1,105.0,62.336,22.40
13637,69,S1,108.0,61.754,22.40
13638,69,S1,111.0,61.226,22.40
13639,69,S1,114.0,60.774,22.40
13640,69,S1,117.0,60.266,22.40
13641,69,S1,120.0,59.768,22.40
13642,69,S1,123.0,59.258,22.40
13643,69,S1,126.0,58.814,22.40
13644,69,S1,129.0,58.348,22.40
13645,69,S1,132.0,57.988,22.40
13646,69,S1,135.0,57.377,22.40
13647,69,S1,138.0,57.049,22.40
13648,69,S1,141.0,56.622,22.40
13649,69,S1,144.0,56.096,22.40
13650,69,S1,147.0,55.684,22.40
13651,69,S1,150.0,55.321,22.40
13652,69,S1,153.0,54.788,22.40
13653,69,S1,156.0,54.435,22.40
13654,69,S1,159.0,53.994,22.40
13655,69,S1,162.0,53.646,22.40
13656,69,S1,165.0,53.216,22.40
13657,69,S1,168.0,52.827,22.40
13658,69,S1,171.0,52.437,22.40
13659,69,S1,174.0,52.048,22.40
13660,69,S1,177.0,51.624,22.40
13661,69,S1,180.0,51.208,22.40
13662,69,S1,183.0,50.918,22.40
13663,69,S1,186.0,50.548,22.40
13664,69,S1,189.0,50.216,22.40
13665,69,S1,192.0,49.866,22.40
13666,69,S1,195.0,49.429,22.40
13667,69,S1,198.0,49.044,22.40
13668,69,S1,201.0,48.738,22.40
13669,69,S1,204.0,48.403,22.40
13670,69,S1,207.0,48.131,22.40
13671,69,S1,210.0,47.710,22.40
13672,69,S1,213.0,47.418,22.40
13673,69,S1,216.0,47.134,22.40
13674,69,S1,219.0,46.799,22.40
13675,69,S1,222.0,46.443,22.40
13676,69,S1,225.0,46.224,22.40
13677,69,S1,228.0,45.909,22.40
13678,69,S1,231.0,45.531,22.40
13679,69,S1,234.0,45.152,22.40
13680,69,S1,237.0,45.036,22.40
13681,69,S1,240.0,44.705,22.40
13682,69,S1,243.0,44.408,22.40
13683,69,S1,246.0,44.183,22.40
13684,69,S1,249.0,43.901,22.40
13685,69,S1,252.0,43.635,22.40
13686,69,S1,255.0,43.318,22.40
13687,69,S1,258.0,42.918,22.40
13688,69,S1,261.0,42.670,22.40
13689,69,S1,264.0,42.600,22.40
13690,69,S1,267.0,42.202,22.40
13691,69,S1,270.0,41.998,22.40
13692,69,S1,273.0,41.750,22.40
13693,69,S1,276.0,41.420,22.40
13694,69,S1,279.0,41.147,22.40
13695,69,S1,282.0,41.013,22.40
13696,69,S1,285.0,40.832,22.40
13697,69,S1,288.0,40.560,22.40
13698,69,S1,291.0,40.367,22.40
13699,69,S1,294.0,40.017,22.40
13700,69,S1,297.0,39.844,22.40
13701,69,S1,300.0,39.495,22.40
13702,69,S1,303.0,39.355,22.40
13703,69,S1,306.0,39.209,22.40
13704,69,S1,309.0,39.052,22.40
13705,69,S1,312.0,38.708,22.40
13706,69,S1,315.0,38.641,22.40
13707,69,S1,318.0,38.303,22.40
13708,69,S1,321.0,38.058,22.40
13709,69,S1,324.0,37.919,22.40
13710,69,S1,327.0,37.653,22.40
13711,69,S1,330.0,37.581,22.40
13712,69,S1,333.0,37.332,22.40
13713,69,S1,336.0,37.141,22.40
13714,69,S1,339.0,36.911,22.40
13715,69,S1,342.0,36.745,22.40
13716,69,S1,345.0,36.513,22.40
13717,69,S1,348.0,36.452,22.40
13718,69,S1,351.0,36.161,22.40
13719,69,S1,354.0,35.979,22.40
13720,69,S1,357.0,35.864,22.40
13721,69,S1,360.0,35.683,22.40
13722,69,S1,363.0,35.560,22.40
13723,69,S1,366.0,35.388,22.40
13724,69,S1,369.0,35.234,22.40
13725,69,S1,372.0,35.099,22.40
13726,69,S1,375.0,34.888,22.40
13727,69,S1,378.0,34.634,22.40
13728,69,S1,381.0,34.470,22.40
13729,69,S1,384.0,34.363,22.40
13730,69,S1,387.0,34.302,22.40
13731,69,S1,390.0,34.027,22.40
13732,69,S1,393.0,33.901,22.40
13733,69,S1,396.0,33.746,22.40
13734,69,S1,399.0,33.616,22.40
13735,69,S1,402.0,33.491,22.40
13736,69,S1,405.0,33.384,22.40
13737,69,S1,408.0,33.204,22.40
13738,69,S1,411.0,33.127,22.40
13739,69,S1,414.0,32.953,22.40
13740,69,S1,417.0,32.797,22.40
13741,69,S1,420.0,32.716,22.40
13742,69,S1,423.0,32.483,22.40
13743,69,S1,426.0,32.334,22.40
13744,69,S1,429.0,32.330,22.40
13745,69,S1,432.0,32.192,22.40
13746,69,S1,435.0,32.128,22.40
13747,69,S1,438.0,31.879,22.40
13748,69,S1,441.0,31.839,22.40
13749,69,S1,444.0,31.753,22.40
13750,69,S1,447.0,31.583,22.40
13751,69,S1,450.0,31.476,22.40
13752,69,S1,453.0,31.311,22.40
13753,69,S1,456.0,31.287,22.40
13754,69,S1,459.0,31.108,22.40
13755,69,S1,462.0,30.958,22.40
13756,69,S1,465.0,30.853,22.40
13757,69,S1,468.0,30.721,22.40
13758,69,S1,471.0,30.663,22.40
13759,69,S1,474.0,30.469,22.40
13760,69,S1,477.0,30.423,22.40
13761,69,S1,480.0,30.318,22.40
13762,69,S1,483.0,30.250,22.40
13763,69,S1,486.0,30.096,22.40
13764,69,S1,489.0,30.037,22.40
13765,69,S1,492.0,29.996,22.40
13766,69,S1,495.0,29.857,22.40
13767,69,S1,498.0,29.753,22.40
13768,69,S1,501.0,29.677,22.40
13769,69,S1,504.0,29.497,22.40
13770,69,S1,507.0,29.431,22.40
13771,69,S1,510.0,29.363,22.40
13772,69,S1,513.0,29.335,22.40
13773,69,S1,516.0,29.200,22.40
13774,69,S1,519.0,29.056,22.40
13775,69,S1,522.0,28.958,22.40
13776,69,S1,525.0,28.969,22.40
13777,69,S1,528.0,28.817,22.40
13778,69,S1,531.0,28.753,22.40
13779,69,S1,534.0,28.657,22.40
13780,69,S1,537.0,28.586,22.40
13781,69,S1,540.0,28.488,22.40
13782,69,S1,543.0,28.408,22.40
13783,69,S1,546.0,28.386,22.40
13784,69,S1,549.0,28.224,22.40
13785,69,S1,552.0,28.150,22.40
13786,69,S1,555.0,28.268,22.40
13787,69,S1,558.0,27.985,22.40
13788,69,S1,561.0,27.954,22.40
13789,69,S1,564.0,27.886,22.40
13790,69,S1,567.0,27.752,22.40
13791,69,S1,570.0,27.795,22.40
13792,69,S1,573.0,27.699,22.40
13793,69,S1,576.0,27.561,22.40
13794,69,S1,579.0,27.500,22.40
13795,69,S1,582.0,27.535,22.40
13796,69,S1,585.0,27.516,22.40
13797,69,S1,588.0,27.316,22.40
13798,69,S1,591.0,27.270,22.40
13799,69,S1,594.0,27.146,22.40
13800,69,S1,597.0,27.173,22.40
13801,70,S2,0.0,83.318,21.45
13802,70,S2,3.0,82.170,21.45
13803,70,S2,6.0,80.952,21.45
13804,70,S2,9.0,80.092,21.45
13805,70,S2,12.0,78.852,21.45
13806,70,S2,15.0,77.747,21.45
13807,70,S2,18.0,76.759,21.45
13808,70,S2,21.0,75.742,21.45
13809,70,S2,24.0,74.658,21.45
13810,70,S2,27.0,73.775,21.45
13811,70,S2,30.0,72.709,21.45
13812,70,S2,33.0,71.785,21.45
13813,70,S2,36.0,70.874,21.45
13814,70,S2,39.0,69.798,21.45
13815,70,S2,42.0,68.983,21.45
13816,70,S2,45.0,68.098,21.45
13817,70,S2,48.0,67.318,21.45
13818,70,S2,51.0,66.480,21.45
13819,70,S2,54.0,65.606,21.45
13820,70,S2,57.0,64.833,21.45
13821,70,S2,60.0,64.028,21.45
13822,70,S2,63.0,63.228,21.45
13823,70,S2,66.0,62.502,21.45
13824,70,S2,69.0,61.715,21.45
13825,70,S2,72.0,60.947,21.45
13826,70,S2,75.0,60.175,21.45
13827,70,S2,78.0,59.468,21.45
13828,70,S2,81.0,58.698,21.45
13829,70,S2,84.0,58.041,21.45
13830,70,S2,87.0,57.395,21.45
13831,70,S2,90.0,56.676,21.45
13832,70,S2,93.0,56.000,21.45
13833,70,S2,96.0,55.416,21.45
13834,70,S2,99.0,54.787,21.45
13835,70,S2,102.0,54.152,21.45
13836,70,S2,105.0,53.590,21.45
13837,70,S2,108.0,52.917,21.45
13838,70,S2,111.0,52.373,21.45
13839,70,S2,114.0,51.745,21.45
13840,70,S2,117.0,51.224,21.45
13841,70,S2,120.0,50.692,21.45
13842,70,S2,123.0,50.154,21.45
13843,70,S2,126.0,49.687,21.45
13844,70,S2,129.0,49.036,21.45
13845,70,S2,132.0,48.508,21.45
13846,70,S2,135.0,48.052,21.45
13847,70,S2,138.0,47.654,21.45
13848,70,S2,141.0,47.081,21.45
13849,70,S2,144.0,46.632,21.45
13850,70,S2,147.0,46.161,21.45
13851,70,S2,150.0,45.717,21.45
13852,70,S2,153.0,45.223,21.45
13853,70,S2,156.0,44.805,21.45
13854,70,S2,159.0,44.405,21.45
13855,70,S2,162.0,43.953,21.45
13856,70,S2,165.0,43.493,21.45
13857,70,S2,168.0,43.176,21.45
13858,70,S2,171.0,42.666,21.45
13859,70,S2,174.0,42.337,21.45
13860,70,S2,177.0,41.928,21.45
13861,70,S2,180.0,41.550,21.45
13862,70,S2,183.0,41.055,21.45
13863,70,S2,186.0,40.777,21.45
13864,70,S2,189.0,40.476,21.45
13865,70,S2,192.0,40.084,21.45
13866,70,S2,195.0,39.791,21.45
13867,70,S2,198.0,39.399,21.45
13868,70,S2,201.0,39.053,21.45
13869,70,S2,204.0,38.688,21.45
13870,70,S2,207.0,38.387,21.45
13871,70,S2,210.0,38.126,21.45
13872,70,S2,213.0,37.873,21.45
13873,70,S2,216.0,37.457,21.45
13874,70,S2,219.0,37.233,21.45
13875,70,S2,222.0,36.960,21.45
13876,70,S2,225.0,36.662,21.45
13877,70,S2,228.0,36.362,21.45
13878,70,S2,231.0,36.059,21.45
13879,70,S2,234.0,35.767,21.45
13880,70,S2,237.0,35.442,21.45
13881,70,S2,240.0,35.286,21.45
13882,70,S2,243.0,35.011,21.45
13883,70,S2,246.0,34.665,21.45
13884,70,S2,249.0,34.520,21.45
13885,70,S2,252.0,34.330,21.45
13886,70,S2,255.0,33.993,21.45
13887,70,S2,258.0,33.839,21.45
13888,70,S2,261.0,33.451,21.45
13889,70,S2,264.0,33.370,21.45
13890,70,S2,267.0,33.083,21.45
13891,70,S2,270.0,32.891,21.45
13892,70,S2,273.0,32.645,21.45
13893,70,S2,276.0,32.475,21.45
13894,70,S2,279.0,32.213,21.45
13895,70,S2,282.0,32.049,21.45
13896,70,S2,285.0,31.921,21.45
13897,70,S2,288.0,31.648,21.45
13898,70,S2,291.0,31.439,21.45
13899,70,S2,294.0,31.397,21.45
13900,70,S2,297.0,31.082,21.45
13901,70,S2,300.0,30.894,21.45
13902,70,S2,303.0,30.718,21.45
13903,70,S2,306.0,30.612,21.45
13904,70,S2,309.0,30.420,21.45
13905,70,S2,312.0,30.278,21.45
13906,70,S2,315.0,30.120,21.45
13907,70,S2,318.0,29.925,21.45
13908,70,S2,321.0,29.838,21.45
13909,70,S2,324.0,29.690,21.45
13910,70,S2,327.0,29.514,21.45
13911,70,S2,330.0,29.377,21.45
13912,70,S2,333.0,29.232,21.45
13913,70,S2,336.0,29.103,21.45
13914,70,S2,339.0,28.896,21.45
13915,70,S2,342.0,28.806,21.45
13916,70,S2,345.0,28.592,21.45
13917,70,S2,348.0,28.449,21.45
13918,70,S2,351.0,28.403,21.45
13919,70,S2,354.0,28.274,21.45
13920,70,S2,357.0,28.022,21.45
13921,70,S2,360.0,27.967,21.45
13922,70,S2,363.0,27.856,21.45
13923,70,S2,366.0,27.715,21.45
13924,70,S2,369.0,27.611,21.45
13925,70,S2,372.0,27.405,21.45
13926,70,S2,375.0,27.426,21.45
13927,70,S2,378.0,27.299,21.45
13928,70,S2,381.0,27.286,21.45
13929,70,S2,384.0,27.045,21.45
13930,70,S2,387.0,27.055,21.45
13931,70,S2,390.0,26.879,21.45
13932,70,S2,393.0,26.791,21.45
13933,70,S2,396.0,26.689,21.45
13934,70,S2,399.0,26.587,21.45
13935,70,S2,402.0,26.425,21.45
13936,70,S2,405.0,26.412,21.45
13937,70,S2,408.0,26.315,21.45
13938,70,S2,411.0,26.228,21.45
13939,70,S2,414.0,26.140,21.45
13940,70,S2,417.0,26.141,21.45
13941,70,S2,420.0,25.984,21.45
13942,70,S2,423.0,25.820,21.45
13943,70,S2,426.0,25.813,21.45
13944,70,S2,429.0,25.671,21.45
13945,70,S2,432.0,25.607,21.45
13946,70,S2,435.0,25.528,21.45
13947,70,S2,438.0,25.501,21.45
13948,70,S2,441.0,25.407,21.45
13949,70,S2,444.0,25.386,21.45
13950,70,S2,447.0,25.245,21.45
13951,70,S2,450.0,25.170,21.45
13952,70,S2,453.0,25.086,21.45
13953,70,S2,456.0,25.012,21.45
13954,70,S2,459.0,24.929,21.45
13955,70,S2,462.0,24.901,21.45
13956,70,S2,465.0,24.890,21.45
13957,70,S2,468.0,24.767,21.45
13958,70,S2,471.0,24.700,21.45
13959,70,S2,474.0,24.593,21.45
13960,70,S2,477.0,24.606,21.45
13961,70,S2,480.0,24.597,21.45
13962,70,S2,483.0,24.531,21.45
13963,70,S2,486.0,24.389,21.45
13964,70,S2,489.0,24.320,21.45
13965,70,S2,492.0,24.232,21.45
13966,70,S2,495.0,24.254,21.45
13967,70,S2,498.0,24.180,21.45
13968,70,S2,501.0,24.169,21.45
13969,70,S2,504.0,24.090,21.45
13970,70,S2,507.0,23.990,21.45
13971,70,S2,510.0,24.001,21.45
13972,70,S2,513.0,24.032,21.45
13973,70,S2,516.0,23.935,21.45
13974,70,S2,519.0,23.833,21.45
13975,70,S2,522.0,23.706,21.45
13976,70,S2,525.0,23.748,21.45
13977,70,S2,528.0,23.820,21.45
13978,70,S2,531.0,23.830,21.45
13979,70,S2,534.0,23.651,21.45
13980,70,S2,537.0,23.580,21.45
13981,70,S2,540.0,23.610,21.45
13982,70,S2,543.0,23.523,21.45
13983,70,S2,546.0,23.540,21.45
13984,70,S2,549.0,23.374,21.45
13985,70,S2,552.0,23.447,21.45
13986,70,S2,555.0,23.364,21.45
13987,70,S2,558.0,23.273,21.45
13988,70,S2,561.0,23.289,21.45
13989,70,S2,564.0,23.287,21.45
13990,70,S2,567.0,23.259,21.45
13991,70,S2,570.0,23.241,21.45
13992,70,S2,573.0,23.066,21.45
13993,70,S2,576.0,23.150,21.45
13994,70,S2,579.0,23.162,21.45
13995,70,S2,582.0,23.124,21.45
13996,70,S2,585.0,23.022,21.45
13997,70,S2,588.0,23.007,21.45
13998,70,S2,591.0,23.049,21.45
13999,70,S2,594.0,22.970,21.45
14000,70,S2,597.0,22.992,21.45
14001,71,S3,0.0,89.289,20.73
14002,71,S3,3.0,87.727,20.73
14003,71,S3,6.0,86.278,20.73
14004,71,S3,9.0,84.732,20.73
14005,71,S3,12.0,83.264,20.73
14006,71,S3,15.0,81.960,20.73
14007,71,S3,18.0,80.662,20.73
14008,71,S3,21.0,79.346,20.73
14009,71,S3,24.0,78.100,20.73
14010,71,S3,27.0,76.726,20.73
14011,71,S3,30.0,75.487,20.73
14012,71,S3,33.0,74.299,20.73
14013,71,S3,36.0,73.040,20.73
14014,71,S3,39.0,71.846,20.73
14015,71,S3,42.0,70.707,20.73
14016,71,S3,45.0,69.687,20.73
14017,71,S3,48.0,68.655,20.73
14018,71,S3,51.0,67.525,20.73
14019,71,S3,54.0,66.425,20.73
14020,71,S3,57.0,65.488,20.73
14021,71,S3,60.0,64.457,20.73
14022,71,S3,63.0,63.504,20.73
14023,71,S3,66.0,62.469,20.73
14024,71,S3,69.0,61.699,20.73
14025,71,S3,72.0,60.678,20.73
14026,71,S3,75.0,59.818,20.73
14027,71,S3,78.0,59.030,20.73
14028,71,S3,81.0,58.124,20.73
14029,71,S3,84.0,57.353,20.73
14030,71,S3,87.0,56.500,20.73
14031,71,S3,90.0,55.750,20.73
14032,71,S3,93.0,54.922,20.73
14033,71,S3,96.0,54.112,20.73
14034,71,S3,99.0,53.408,20.73
14035,71,S3,102.0,52.669,20.73
14036,71,S3,105.0,51.951,20.73
14037,71,S3,108.0,51.303,20.73
14038,71,S3,111.0,50.642,20.73
14039,71,S3,114.0,49.933,20.73
14040,71,S3,117.0,49.279,20.73
14041,71,S3,120.0,48.665,20.73
14042,71,S3,123.0,48.102,20.73
14043,71,S3,126.0,47.389,20.73
14044,71,S3,129.0,46.864,20.73
14045,71,S3,132.0,46.343,20.73
14046,71,S3,135.0,45.740,20.73
14047,71,S3,138.0,45.119,20.73
14048,71,S3,141.0,44.576,20.73
14049,71,S3,144.0,44.104,20.73
14050,71,S3,147.0,43.656,20.73
14051,71,S3,150.0,43.016,20.73
14052,71,S3,153.0,42.465,20.73
14053,71,S3,156.0,42.002,20.73
14054,71,S3,159.0,41.644,20.73
14055,71,S3,162.0,41.078,20.73
14056,71,S3,165.0,40.654,20.73
14057,71,S3,168.0,40.275,20.73
14058,71,S3,171.0,39.826,20.73
14059,71,S3,174.0,39.340,20.73
14060,71,S3,177.0,38.981,20.73
14061,71,S3,180.0,38.624,20.73
14062,71,S3,183.0,38.185,20.73
14063,71,S3,186.0,37.773,20.73
14064,71,S3,189.0,37.397,20.73
14065,71,S3,192.0,37.113,20.73
14066,71,S3,195.0,36.682,20.73
14067,71,S3,198.0,36.330,20.73
14068,71,S3,201.0,35.963,20.73
14069,71,S3,204.0,35.664,20.73
14070,71,S3,207.0,35.388,20.73
14071,71,S3,210.0,34.999,20.73
14072,71,S3,213.0,34.647,20.73
14073,71,S3,216.0,34.415,20.73
14074,71,S3,219.0,34.027,20.73
14075,71,S3,222.0,33.743,20.73
14076,71,S3,225.0,33.424,20.73
14077,71,S3,228.0,33.274,20.73
14078,71,S3,231.0,32.937,20.73
14079,71,S3,234.0,32.605,20.73
14080,71,S3,237.0,32.324,20.73
14081,71,S3,240.0,32.131,20.73
14082,71,S3,243.0,31.845,20.73
14083,71,S3,246.0,31.624,20.73
14084,71,S3,249.0,31.383,20.73
14085,71,S3,252.0,31.106,20.73
14086,71,S3,255.0,30.838,20.73
14087,71,S3,258.0,30.738,20.73
14088,71,S3,261.0,30.450,20.73
14089,71,S3,264.0,30.241,20.73
14090,71,S3,267.0,30.040,20.73
14091,71,S3,270.0,29.883,20.73
14092,71,S3,273.0,29.589,20.73
14093,71,S3,276.0,29.392,20.73
14094,71,S3,279.0,29.304,20.73
14095,71,S3,282.0,29.124,20.73
14096,71,S3,285.0,28.937,20.73
14097,71,S3,288.0,28.645,20.73
14098,71,S3,291.0,28.524,20.73
14099,71,S3,294.0,28.283,20.73
14100,71,S3,297.0,28.152,20.73
14101,71,S3,300.0,28.040,20.73
14102,71,S3,303.0,27.908,20.73
14103,71,S3,306.0,27.709,20.73
14104,71,S3,309.0,27.558,20.73
14105,71,S3,312.0,27.347,20.73
14106,71,S3,315.0,27.246,20.73
14107,71,S3,318.0,27.176,20.73
14108,71,S3,321.0,26.912,20.73
14109,71,S3,324.0,26.839,20.73
14110,71,S3,327.0,26.679,20.73
14111,71,S3,330.0,26.485,20.73
14112,71,S3,333.0,26.455,20.73
14113,71,S3,336.0,26.261,20.73
14114,71,S3,339.0,26.093,20.73
14115,71,S3,342.0,25.977,20.73
14116,71,S3,345.0,25.977,20.73
14117,71,S3,348.0,25.871,20.73
14118,71,S3,351.0,25.662,20.73
14119,71,S3,354.0,25.587,20.73
14120,71,S3,357.0,25.501,20.73
14121,71,S3,360.0,25.279,20.73
14122,71,S3,363.0,25.330,20.73
14123,71,S3,366.0,25.176,20.73
14124,71,S3,369.0,25.049,20.73
14125,71,S3,372.0,25.014,20.73
14126,71,S3,375.0,24.835,20.73
14127,71,S3,378.0,24.836,20.73
14128,71,S3,381.0,24.682,20.73
14129,71,S3,384.0,24.698,20.73
14130,71,S3,387.0,24.420,20.73
14131,71,S3,390.0,24.411,20.73
14132,71,S3,393.0,24.352,20.73
14133,71,S3,396.0,24.252,20.73
14134,71,S3,399.0,24.210,20.73
14135,71,S3,402.0,24.132,20.73
14136,71,S3,405.0,24.131,20.73
14137,71,S3,408.0,23.931,20.73
14138,71,S3,411.0,23.887,20.73
14139,71,S3,414.0,23.810,20.73
14140,71,S3,417.0,23.781,20.73
14141,71,S3,420.0,23.656,20.73
14142,71,S3,423.0,23.620,20.73
14143,71,S3,426.0,23.551,20.73
14144,71,S3,429.0,23.524,20.73
14145,71,S3,432.0,23.425,20.73
14146,71,S3,435.0,23.287,20.73
14147,71,S3,438.0,23.278,20.73
14148,71,S3,441.0,23.281,20.73
14149,71,S3,444.0,23.146,20.73
14150,71,S3,447.0,23.219,20.73
14151,71,S3,450.0,23.041,20.73
14152,71,S3,453.0,23.055,20.73
14153,71,S3,456.0,23.021,20.73
14154,71,S3,459.0,22.974,20.73
14155,71,S3,462.0,22.884,20.73
14156,71,S3,465.0,22.764,20.73
14157,71,S3,468.0,22.837,20.73
14158,71,S3,471.0,22.714,20.73
14159,71,S3,474.0,22.699,20.73
14160,71,S3,477.0,22.769,20.73
14161,71,S3,480.0,22.651,20.73
14162,71,S3,483.0,22.628,20.73
14163,71,S3,486.0,22.555,20.73
14164,71,S3,489.0,22.537,20.73
14165,71,S3,492.0,22.438,20.73
14166,71,S3,495.0,22.439,20.73
14167,71,S3,498.0,22.336,20.73
14168,71,S3,501.0,22.318,20.73
14169,71,S3,504.0,22.363,20.73
14170,71,S3,507.0,22.238,20.73
14171,71,S3,510.0,22.269,20.73
14172,71,S3,513.0,22.192,20.73
14173,71,S3,516.0,22.116,20.73
14174,71,S3,519.0,22.253,20.73
14175,71,S3,522.0,22.102,20.73
14176,71,S3,525.0,22.041,20.73
14177,71,S3,528.0,22.007,20.73
14178,71,S3,531.0,22.001,20.73
14179,71,S3,534.0,21.996,20.73
14180,71,S3,537.0,22.000,20.73
14181,71,S3,540.0,21.982,20.73
14182,71,S3,543.0,21.916,20.73
14183,71,S3,546.0,21.946,20.73
14184,71,S3,549.0,21.938,20.73
14185,71,S3,552.0,21.881,20.73
14186,71,S3,555.0,21.812,20.73
14187,71,S3,558.0,21.709,20.73
14188,71,S3,561.0,21.798,20.73
14189,71,S3,564.0,21.850,20.73
14190,71,S3,567.0,21.690,20.73
14191,71,S3,570.0,21.735,20.73
14192,71,S3,573.0,21.689,20.73
14193,71,S3,576.0,21.589,20.73
14194,71,S3,579.0,21.613,20.73
14195,71,S3,582.0,21.581,20.73
14196,71,S3,585.0,21.700,20.73
14197,71,S3,588.0,21.580,20.73
14198,71,S3,591.0,21.626,20.73
14199,71,S3,594.0,21.578,20.73
14200,71,S3,597.0,21.520,20.73
14201,72,S4,0.0,78.072,22.39
14202,72,S4,3.0,76.564,22.39
14203,72,S4,6.0,75.196,22.39
14204,72,S4,9.0,73.728,22.39
14205,72,S4,12.0,72.439,22.39
14206,72,S4,15.0,71.066,22.39
14207,72,S4,18.0,69.801,22.39
14208,72,S4,21.0,68.462,22.39
14209,72,S4,24.0,67.231,22.39
14210,72,S4,27.0,66.145,22.39
14211,72,S4,30.0,64.890,22.39
14212,72,S4,33.0,63.888,22.39
14213,72,S4,36.0,62.657,22.39
14214,72,S4,39.0,61.535,22.39
14215,72,S4,42.0,60.599,22.39
14216,72,S4,45.0,59.513,22.39
14217,72,S4,48.0,58.582,22.39
14218,72,S4,51.0,57.606,22.39
14219,72,S4,54.0,56.594,22.39
14220,72,S4,57.0,55.699,22.39
14221,72,S4,60.0,54.883,22.39
14222,72,S4,63.0,53.955,22.39
14223,72,S4,66.0,53.139,22.39
14224,72,S4,69.0,52.299,22.39
14225,72,S4,72.0,51.520,22.39
14226,72,S4,75.0,50.811,22.39
14227,72,S4,78.0,49.968,22.39
14228,72,S4,81.0,49.326,22.39
14229,72,S4,84.0,48.521,22.39
14230,72,S4,87.0,47.834,22.39
14231,72,S4,90.0,47.107,22.39
14232,72,S4,93.0,46.456,22.39
14233,72,S4,96.0,45.846,22.39
14234,72,S4,99.0,45.206,22.39
14235,72,S4,102.0,44.590,22.39
14236,72,S4,105.0,44.084,22.39
14237,72,S4,108.0,43.546,22.39
14238,72,S4,111.0,42.893,22.39
14239,72,S4,114.0,42.303,22.39
14240,72,S4,117.0,41.791,22.39
14241,72,S4,120.0,41.317,22.39
14242,72,S4,123.0,40.858,22.39
14243,72,S4,126.0,40.304,22.39
14244,72,S4,129.0,39.947,22.39
14245,72,S4,132.0,39.290,22.39
14246,72,S4,135.0,38.869,22.39
14247,72,S4,138.0,38.450,22.39
14248,72,S4,141.0,38.089,22.39
14249,72,S4,144.0,37.530,22.39
14250,72,S4,147.0,37.134,22.39
14251,72,S4,150.0,36.816,22.39
14252,72,S4,153.0,36.446,22.39
14253,72,S4,156.0,36.073,22.39
14254,72,S4,159.0,35.713,22.39
14255,72,S4,162.0,35.363,22.39
14256,72,S4,165.0,34.913,22.39
14257,72,S4,168.0,34.735,22.39
14258,72,S4,171.0,34.383,22.39
14259,72,S4,174.0,34.014,22.39
14260,72,S4,177.0,33.782,22.39
14261,72,S4,180.0,33.442,22.39
14262,72,S4,183.0,33.118,22.39
14263,72,S4,186.0,32.912,22.39
14264,72,S4,189.0,32.579,22.39
14265,72,S4,192.0,32.373,22.39
14266,72,S4,195.0,32.022,22.39
14267,72,S4,198.0,31.777,22.39
14268,72,S4,201.0,31.528,22.39
14269,72,S4,204.0,31.263,22.39
14270,72,S4,207.0,31.076,22.39
14271,72,S4,210.0,30.837,22.39
14272,72,S4,213.0,30.635,22.39
14273,72,S4,216.0,30.307,22.39
14274,72,S4,219.0,30.187,22.39
14275,72,S4,222.0,29.893,22.39
14276,72,S4,225.0,29.859,22.39
14277,72,S4,228.0,29.609,22.39
14278,72,S4,231.0,29.450,22.39
14279,72,S4,234.0,29.174,22.39
14280,72,S4,237.0,29.081,22.39
14281,72,S4,240.0,28.848,22.39
14282,72,S4,243.0,28.615,22.39
14283,72,S4,246.0,28.489,22.39
14284,72,S4,249.0,28.279,22.39
14285,72,S4,252.0,28.140,22.39
14286,72,S4,255.0,28.051,22.39
14287,72,S4,258.0,27.870,22.39
14288,72,S4,261.0,27.740,22.39
14289,72,S4,264.0,27.553,22.39
14290,72,S4,267.0,27.400,22.39
14291,72,S4,270.0,27.342,22.39
14292,72,S4,273.0,27.249,22.39
14293,72,S4,276.0,27.088,22.39
14294,72,S4,279.0,26.925,22.39
14295,72,S4,282.0,26.816,22.39
14296,72,S4,285.0,26.700,22.39
14297,72,S4,288.0,26.489,22.39
14298,72,S4,291.0,26.395,22.39
14299,72,S4,294.0,26.280,22.39
14300,72,S4,297.0,26.188,22.39
14301,72,S4,300.0,26.141,22.39
14302,72,S4,303.0,26.011,22.39
14303,72,S4,306.0,25.887,22.39
14304,72,S4,309.0,25.763,22.39
14305,72,S4,312.0,25.739,22.39
14306,72,S4,315.0,25.711,22.39
14307,72,S4,318.0,25.633,22.39
14308,72,S4,321.0,25.477,22.39
14309,72,S4,324.0,25.332,22.39
14310,72,S4,327.0,25.355,22.39
14311,72,S4,330.0,25.298,22.39
14312,72,S4,333.0,25.098,22.39
14313,72,S4,336.0,25.128,22.39
14314,72,S4,339.0,25.059,22.39
14315,72,S4,342.0,24.965,22.39
14316,72,S4,345.0,24.824,22.39
14317,72,S4,348.0,24.880,22.39
14318,72,S4,351.0,24.712,22.39
14319,72,S4,354.0,24.740,22.39
14320,72,S4,357.0,24.663,22.39
14321,72,S4,360.0,24.699,22.39
14322,72,S4,363.0,24.537,22.39
14323,72,S4,366.0,24.515,22.39
14324,72,S4,369.0,24.361,22.39
14325,72,S4,372.0,24.364,22.39
14326,72,S4,375.0,24.314,22.39
14327,72,S4,378.0,24.282,22.39
14328,72,S4,381.0,24.252,22.39
14329,72,S4,384.0,24.207,22.39
14330,72,S4,387.0,24.087,22.39
14331,72,S4,390.0,24.086,22.39
14332,72,S4,393.0,23.987,22.39
14333,72,S4,396.0,23.980,22.39
14334,72,S4,399.0,23.867,22.39
14335,72,S4,402.0,23.960,22.39
14336,72,S4,405.0,23.928,22.39
14337,72,S4,408.0,23.830,22.39
14338,72,S4,411.0,23.743,22.39
14339,72,S4,414.0,23.752,22.39
14340,72,S4,417.0,23.741,22.39
14341,72,S4,420.0,23.710,22.39
14342,72,S4,423.0,23.617,22.39
14343,72,S4,426.0,23.686,22.39
14344,72,S4,429.0,23.518,22.39
14345,72,S4,432.0,23.536,22.39
14346,72,S4,435.0,23.451,22.39
14347,72,S4,438.0,23.466,22.39
14348,72,S4,441.0,23.540,22.39
14349,72,S4,444.0,23.489,22.39
14350,72,S4,447.0,23.472,22.39
14351,72,S4,450.0,23.406,22.39
14352,72,S4,453.0,23.312,22.39
14353,72,S4,456.0,23.337,22.39
14354,72,S4,459.0,23.228,22.39
14355,72,S4,462.0,23.169,22.39
14356,72,S4,465.0,23.201,22.39
14357,72,S4,468.0,23.200,22.39
14358,72,S4,471.0,23.200,22.39
14359,72,S4,474.0,23.228,22.39
14360,72,S4,477.0,23.143,22.39
14361,72,S4,480.0,23.190,22.39
14362,72,S4,483.0,23.105,22.39
14363,72,S4,486.0,23.194,22.39
14364,72,S4,489.0,23.013,22.39
14365,72,S4,492.0,23.059,22.39
14366,72,S4,495.0,23.024,22.39
14367,72,S4,498.0,22.947,22.39
14368,72,S4,501.0,23.001,22.39
14369,72,S4,504.0,23.017,22.39
14370,72,S4,507.0,23.018,22.39
14371,72,S4,510.0,23.005,22.39
14372,72,S4,513.0,22.980,22.39
14373,72,S4,516.0,22.848,22.39
14374,72,S4,519.0,22.972,22.39
14375,72,S4,522.0,22.929,22.39
14376,72,S4,525.0,22.883,22.39
14377,72,S4,528.0,22.799,22.39
14378,72,S4,531.0,23.011,22.39
14379,72,S4,534.0,22.816,22.39
14380,72,S4,537.0,22.854,22.39
14381,72,S4,540.0,22.719,22.39
14382,72,S4,543.0,22.832,22.39
14383,72,S4,546.0,22.823,22.39
14384,72,S4,549.0,22.785,22.39
14385,72,S4,552.0,22.850,22.39
14386,72,S4,555.0,22.912,22.39
14387,72,S4,558.0,22.833,22.39
14388,72,S4,561.0,22.778,22.39
14389,72,S4,564.0,22.789,22.39
14390,72,S4,567.0,22.765,22.39
14391,72,S4,570.0,22.632,22.39
14392,72,S4,573.0,22.686,22.39
14393,72,S4,576.0,22.739,22.39
14394,72,S4,579.0,22.687,22.39
14395,72,S4,582.0,22.706,22.39
14396,72,S4,585.0,22.772,22.39
14397,72,S4,588.0,22.623,22.39
14398,72,S4,591.0,22.718,22.39
14399,72,S4,594.0,22.677,22.39
14400,72,S4,597.0,22.608,22.39
14401,73,S1,0.0,74.889,22.80
14402,73,S1,3.0,73.851,22.80
14403,73,S1,6.0,72.819,22.80
14404,73,S1,9.0,71.754,22.80
14405,73,S1,12.0,70.830,22.80
14406,73,S1,15.0,69.850,22.80
14407,73,S1,18.0,68.943,22.80
14408,73,S1,21.0,68.046,22.80
14409,73,S1,24.0,67.019,22.80
14410,73,S1,27.0,66.204,22.80
14411,73,S1,30.0,65.309,22.80
14412,73,S1,33.0,64.459,22.80
14413,73,S1,36.0,63.657,22.80
14414,73,S1,39.0,62.809,22.80
14415,73,S1,42.0,61.989,22.80
14416,73,S1,45.0,61.184,22.80
14417,73,S1,48.0,60.399,22.80
14418,73,S1,51.0,59.696,22.80
14419,73,S1,54.0,58.873,22.80
14420,73,S1,57.0,58.178,22.80
14421,73,S1,60.0,57.514,22.80
14422,73,S1,63.0,56.819,22.80
14423,73,S1,66.0,56.194,22.80
14424,73,S1,69.0,55.456,22.80
14425,73,S1,72.0,54.901,22.80
14426,73,S1,75.0,54.189,22.80
14427,73,S1,78.0,53.503,22.80
14428,73,S1,81.0,52.974,22.80
14429,73,S1,84.0,52.241,22.80
14430,73,S1,87.0,51.769,22.80
14431,73,S1,90.0,51.015,22.80
14432,73,S1,93.0,50.551,22.80
14433,73,S1,96.0,49.997,22.80
14434,73,S1,99.0,49.476,22.80
14435,73,S1,102.0,48.881,22.80
14436,73,S1,105.0,48.355,22.80
14437,73,S1,108.0,47.852,22.80
14438,73,S1,111.0,47.338,22.80
14439,73,S1,114.0,46.859,22.80
14440,73,S1,117.0,46.402,22.80
14441,73,S1,120.0,45.846,22.80
14442,73,S1,123.0,45.392,22.80
14443,73,S1,126.0,45.014,22.80
14444,73,S1,129.0,44.577,22.80
14445,73,S1,132.0,44.115,22.80
14446,73,S1,135.0,43.700,22.80
14447,73,S1,138.0,43.307,22.80
14448,73,S1,141.0,42.863,22.80
14449,73,S1,144.0,42.598,22.80
14450,73,S1,147.0,42.073,22.80
14451,73,S1,150.0,41.736,22.80
14452,73,S1,153.0,41.325,22.80
14453,73,S1,156.0,41.033,22.80
14454,73,S1,159.0,40.565,22.80
14455,73,S1,162.0,40.294,22.80
14456,73,S1,165.0,39.968,22.80
14457,73,S1,168.0,39.530,22.80
14458,73,S1,171.0,39.275,22.80
14459,73,S1,174.0,38.882,22.80
14460,73,S1,177.0,38.547,22.80
14461,73,S1,180.0,38.246,22.80
14462,73,S1,183.0,37.935,22.80
14463,73,S1,186.0,37.719,22.80
14464,73,S1,189.0,37.343,22.80
14465,73,S1,192.0,37.040,22.80
14466,73,S1,195.0,36.720,22.80
14467,73,S1,198.0,36.501,22.80
14468,73,S1,201.0,36.224,22.80
14469,73,S1,204.0,35.900,22.80
14470,73,S1,207.0,35.666,22.80
14471,73,S1,210.0,35.427,22.80
14472,73,S1,213.0,35.156,22.80
14473,73,S1,216.0,34.952,22.80
14474,73,S1,219.0,34.654,22.80
14475,73,S1,222.0,34.504,22.80
14476,73,S1,225.0,34.167,22.80
14477,73,S1,228.0,33.950,22.80
14478,73,S1,231.0,33.729,22.80
14479,73,S1,234.0,33.533,22.80
14480,73,S1,237.0,33.171,22.80
14481,73,S1,240.0,33.058,22.80
14482,73,S1,243.0,32.865,22.80
14483,73,S1,246.0,32.658,22.80
14484,73,S1,249.0,32.492,22.80
14485,73,S1,252.0,32.260,22.80
14486,73,S1,255.0,32.080,22.80
14487,73,S1,258.0,31.925,22.80
14488,73,S1,261.0,31.668,22.80
14489,73,S1,264.0,31.536,22.80
14490,73,S1,267.0,31.383,22.80
14491,73,S1,270.0,31.170,22.80
14492,73,S1,273.0,30.993,22.80
14493,73,S1,276.0,30.844,22.80
14494,73,S1,279.0,30.629,22.80
14495,73,S1,282.0,30.562,22.80
14496,73,S1,285.0,30.354,22.80
14497,73,S1,288.0,30.258,22.80
14498,73,S1,291.0,30.073,22.80
14499,73,S1,294.0,29.959,22.80
14500,73,S1,297.0,29.752,22.80
14501,73,S1,300.0,29.758,22.80
14502,73,S1,303.0,29.478,22.80
14503,73,S1,306.0,29.393,22.80
14504,73,S1,309.0,29.270,22.80
14505,73,S1,312.0,29.016,22.80
14506,73,S1,315.0,29.034,22.80
14507,73,S1,318.0,28.867,22.80
14508,73,S1,321.0,28.661,22.80
14509,73,S1,324.0,28.637,22.80
14510,73,S1,327.0,28.499,22.80
14511,73,S1,330.0,28.356,22.80
14512,73,S1,333.0,28.379,22.80
14513,73,S1,336.0,28.178,22.80
14514,73,S1,339.0,28.045,22.80
14515,73,S1,342.0,27.918,22.80
14516,73,S1,345.0,27.886,22.80
14517,73,S1,348.0,27.829,22.80
14518,73,S1,351.0,27.586,22.80
14519,73,S1,354.0,27.642,22.80
14520,73,S1,357.0,27.501,22.80
14521,73,S1,360.0,27.320,22.80
14522,73,S1,363.0,27.294,22.80
14523,73,S1,366.0,27.212,22.80
14524,73,S1,369.0,27.176,22.80
14525,73,S1,372.0,26.952,22.80
14526,73,S1,375.0,26.999,22.80
14527,73,S1,378.0,26.906,22.80
14528,73,S1,381.0,26.818,22.80
14529,73,S1,384.0,26.569,22.80
14530,73,S1,387.0,26.599,22.80
14531,73,S1,390.0,26.478,22.80
14532,73,S1,393.0,26.454,22.80
14533,73,S1,396.0,26.345,22.80
14534,73,S1,399.0,26.361,22.80
14535,73,S1,402.0,26.109,22.80
14536,73,S1,405.0,26.212,22.80
14537,73,S1,408.0,26.094,22.80
14538,73,S1,411.0,26.055,22.80
14539,73,S1,414.0,26.069,22.80
14540,73,S1,417.0,25.943,22.80
14541,73,S1,420.0,25.868,22.80
14542,73,S1,423.0,25.848,22.80
14543,73,S1,426.0,25.686,22.80
14544,73,S1,429.0,25.621,22.80
14545,73,S1,432.0,25.647,22.80
14546,73,S1,435.0,25.553,22.80
14547,73,S1,438.0,25.470,22.80
14548,73,S1,441.0,25.408,22.80
14549,73,S1,444.0,25.395,22.80
14550,73,S1,447.0,25.366,22.80
14551,73,S1,450.0,25.308,22.80
14552,73,S1,453.0,25.251,22.80
14553,73,S1,456.0,25.096,22.80
14554,73,S1,459.0,25.120,22.80
14555,73,S1,462.0,25.097,22.80
14556,73,S1,465.0,25.096,22.80
14557,73,S1,468.0,24.909,22.80
14558,73,S1,471.0,24.942,22.80
14559,73,S1,474.0,24.843,22.80
14560,73,S1,477.0,24.800,22.80
14561,73,S1,480.0,24.839,22.80
14562,73,S1,483.0,24.805,22.80
14563,73,S1,486.0,24.794,22.80
14564,73,S1,489.0,24.692,22.80
14565,73,S1,492.0,24.665,22.80
14566,73,S1,495.0,24.653,22.80
14567,73,S1,498.0,24.583,22.80
14568,73,S1,501.0,24.582,22.80
14569,73,S1,504.0,24.512,22.80
14570,73,S1,507.0,24.350,22.80
14571,73,S1,510.0,24.445,22.80
14572,73,S1,513.0,24.371,22.80
14573,73,S1,516.0,24.379,22.80
14574,73,S1,519.0,24.394,22.80
14575,73,S1,522.0,24.302,22.80
14576,73,S1,525.0,24.305,22.80
14577,73,S1,528.0,24.232,22.80
14578,73,S1,531.0,24.277,22.80
14579,73,S1,534.0,24.301,22.80
14580,73,S1,537.0,24.192,22.80
14581,73,S1,540.0,24.157,22.80
14582,73,S1,543.0,24.122,22.80
14583,73,S1,546.0,24.051,22.80
14584,73,S1,549.0,24.089,22.80
14585,73,S1,552.0,24.029,22.80
14586,73,S1,555.0,23.933,22.80
14587,73,S1,558.0,23.924,22.80
14588,73,S1,561.0,23.885,22.80
14589,73,S1,564.0,23.932,22.80
14590,73,S1,567.0,23.925,22.80
14591,73,S1,570.0,23.911,22.80
14592,73,S1,573.0,23.916,22.80
14593,73,S1,576.0,23.872,22.80
14594,73,S1,579.0,23.809,22.80
14595,73,S1,582.0,23.840,22.80
14596,73,S1,585.0,23.755,22.80
14597,73,S1,588.0,23.777,22.80
14598,73,S1,591.0,23.788,22.80
14599,73,S1,594.0,23.702,22.80
14600,73,S1,597.0,23.785,22.80
14601,74,S2,0.0,71.824,22.85
14602,74,S2,3.0,71.109,22.85
14603,74,S2,6.0,70.269,22.85
14604,74,S2,9.0,69.537,22.85
14605,74,S2,12.0,68.831,22.85
14606,74,S2,15.0,68.174,22.85
14607,74,S2,18.0,67.377,22.85
14608,74,S2,21.0,66.790,22.85
14609,74,S2,24.0,65.935,22.85
14610,74,S2,27.0,65.322,22.85
14611,74,S2,30.0,64.707,22.85
14612,74,S2,33.0,63.930,22.85
14613,74,S2,36.0,63.371,22.85
14614,74,S2,39.0,62.685,22.85
14615,74,S2,42.0,62.094,22.85
14616,74,S2,45.0,61.458,22.85
14617,74,S2,48.0,60.866,22.85
14618,74,S2,51.0,60.222,22.85
14619,74,S2,54.0,59.728,22.85
14620,74,S2,57.0,59.026,22.85
14621,74,S2,60.0,58.398,22.85
14622,74,S2,63.0,57.887,22.85
14623,74,S2,66.0,57.384,22.85
14624,74,S2,69.0,56.883,22.85
14625,74,S2,72.0,56.321,22.85
14626,74,S2,75.0,55.761,22.85
14627,74,S2,78.0,55.327,22.85
14628,74,S2,81.0,54.783,22.85
14629,74,S2,84.0,54.175,22.85
14630,74,S2,87.0,53.727,22.85
14631,74,S2,90.0,53.234,22.85
14632,74,S2,93.0,52.813,22.85
14633,74,S2,96.0,52.231,22.85
14634,74,S2,99.0,51.830,22.85
14635,74,S2,102.0,51.398,22.85
14636,74,S2,105.0,50.848,22.85
14637,74,S2,108.0,50.457,22.85
14638,74,S2,111.0,49.950,22.85
14639,74,S2,114.0,49.584,22.85
14640,74,S2,117.0,49.212,22.85
14641,74,S2,120.0,48.766,22.85
14642,74,S2,123.0,48.349,22.85
14643,74,S2,126.0,47.937,22.85
14644,74,S2,129.0,47.489,22.85
14645,74,S2,132.0,47.186,22.85
14646,74,S2,135.0,46.717,22.85
14647,74,S2,138.0,46.411,22.85
14648,74,S2,141.0,46.098,22.85
14649,74,S2,144.0,45.651,22.85
14650,74,S2,147.0,45.296,22.85
14651,74,S2,150.0,44.965,22.85
14652,74,S2,153.0,44.530,22.85
14653,74,S2,156.0,44.195,22.85
14654,74,S2,159.0,43.862,22.85
14655,74,S2,162.0,43.568,22.85
14656,74,S2,165.0,43.152,22.85
14657,74,S2,168.0,42.878,22.85
14658,74,S2,171.0,42.568,22.85
14659,74,S2,174.0,42.260,22.85
14660,74,S2,177.0,42.072,22.85
14661,74,S2,180.0,41.601,22.85
14662,74,S2,183.0,41.402,22.85
14663,74,S2,186.0,41.090,22.85
14664,74,S2,189.0,40.699,22.85
14665,74,S2,192.0,40.541,22.85
14666,74,S2,195.0,40.277,22.85
14667,74,S2,198.0,39.994,22.85
14668,74,S2,201.0,39.636,22.85
14669,74,S2,204.0,39.378,22.85
14670,74,S2,207.0,39.218,22.85
14671,74,S2,210.0,39.004,22.85
14672,74,S2,213.0,38.623,22.85
14673,74,S2,216.0,38.425,22.85
14674,74,S2,219.0,38.212,22.85
14675,74,S2,222.0,37.938,22.85
14676,74,S2,225.0,37.658,22.85
14677,74,S2,228.0,37.492,22.85
14678,74,S2,231.0,37.167,22.85
14679,74,S2,234.0,36.992,22.85
14680,74,S2,237.0,36.787,22.85
14681,74,S2,240.0,36.582,22.85
14682,74,S2,243.0,36.247,22.85
14683,74,S2,246.0,36.162,22.85
14684,74,S2,249.0,35.937,22.85
14685,74,S2,252.0,35.669,22.85
14686,74,S2,255.0,35.424,22.85
14687,74,S2,258.0,35.307,22.85
14688,74,S2,261.0,35.138,22.85
14689,74,S2,264.0,34.905,22.85
14690,74,S2,267.0,34.707,22.85
14691,74,S2,270.0,34.560,22.85
14692,74,S2,273.0,34.286,22.85
14693,74,S2,276.0,34.128,22.85
14694,74,S2,279.0,33.919,22.85
14695,74,S2,282.0,33.804,22.85
14696,74,S2,285.0,33.621,22.85
14697,74,S2,288.0,33.457,22.85
14698,74,S2,291.0,33.287,22.85
14699,74,S2,294.0,33.216,22.85
14700,74,S2,297.0,32.914,22.85
14701,74,S2,300.0,32.688,22.85
14702,74,S2,303.0,32.651,22.85
14703,74,S2,306.0,32.479,22.85
14704,74,S2,309.0,32.445,22.85
14705,74,S2,312.0,32.235,22.85
14706,74,S2,315.0,31.987,22.85
14707,74,S2,318.0,31.866,22.85
14708,74,S2,321.0,31.714,22.85
14709,74,S2,324.0,31.635,22.85
14710,74,S2,327.0,31.477,22.85
14711,74,S2,330.0,31.284,22.85
14712,74,S2,333.0,31.234,22.85
14713,74,S2,336.0,31.211,22.85
14714,74,S2,339.0,30.925,22.85
14715,74,S2,342.0,30.837,22.85
14716,74,S2,345.0,30.744,22.85
14717,74,S2,348.0,30.564,22.85
14718,74,S2,351.0,30.387,22.85
14719,74,S2,354.0,30.429,22.85
14720,74,S2,357.0,30.224,22.85
14721,74,S2,360.0,30.156,22.85
14722,74,S2,363.0,30.034,22.85
14723,74,S2,366.0,29.871,22.85
14724,74,S2,369.0,29.816,22.85
14725,74,S2,372.0,29.654,22.85
14726,74,S2,375.0,29.570,22.85
14727,74,S2,378.0,29.502,22.85
14728,74,S2,381.0,29.308,22.85
14729,74,S2,384.0,29.296,22.85
14730,74,S2,387.0,29.154,22.85
14731,74,S2,390.0,28.976,22.85
14732,74,S2,393.0,28.981,22.85
14733,74,S2,396.0,28.832,22.85
14734,74,S2,399.0,28.699,22.85
14735,74,S2,402.0,28.609,22.85
14736,74,S2,405.0,28.525,22.85
14737,74,S2,408.0,28.450,22.85
14738,74,S2,411.0,28.366,22.85
14739,74,S2,414.0,28.285,22.85
14740,74,S2,417.0,28.141,22.85
14741,74,S2,420.0,28.095,22.85
14742,74,S2,423.0,28.037,22.85
14743,74,S2,426.0,28.013,22.85
14744,74,S2,429.0,27.951,22.85
14745,74,S2,432.0,27.765,22.85
14746,74,S2,435.0,27.677,22.85
14747,74,S2,438.0,27.702,22.85
14748,74,S2,441.0,27.528,22.85
14749,74,S2,444.0,27.470,22.85
14750,74,S2,447.0,27.385,22.85
14751,74,S2,450.0,27.304,22.85
14752,74,S2,453.0,27.318,22.85
14753,74,S2,456.0,27.256,22.85
14754,74,S2,459.0,27.172,22.85
14755,74,S2,462.0,27.020,22.85
14756,74,S2,465.0,27.039,22.85
14757,74,S2,468.0,26.909,22.85
14758,74,S2,471.0,26.856,22.85
14759,74,S2,474.0,26.748,22.85
14760,74,S2,477.0,26.812,22.85
14761,74,S2,480.0,26.715,22.85
14762,74,S2,483.0,26.594,22.85
14763,74,S2,486.0,26.554,22.85
14764,74,S2,489.0,26.541,22.85
14765,74,S2,492.0,26.451,22.85
14766,74,S2,495.0,26.388,22.85
14767,74,S2,498.0,26.364,22.85
14768,74,S2,501.0,26.226,22.85
14769,74,S2,504.0,26.221,22.85
14770,74,S2,507.0,26.088,22.85
14771,74,S2,510.0,26.097,22.85
14772,74,S2,513.0,26.053,22.85
14773,74,S2,516.0,25.977,22.85
14774,74,S2,519.0,25.985,22.85
14775,74,S2,522.0,25.984,22.85
14776,74,S2,525.0,25.899,22.85
14777,74,S2,528.0,25.762,22.85
14778,74,S2,531.0,25.767,22.85
14779,74,S2,534.0,25.673,22.85
14780,74,S2,537.0,25.648,22.85
14781,74,S2,540.0,25.626,22.85
14782,74,S2,543.0,25.697,22.85
14783,74,S2,546.0,25.543,22.85
14784,74,S2,549.0,25.453,22.85
14785,74,S2,552.0,25.471,22.85
14786,74,S2,555.0,25.401,22.85
14787,74,S2,558.0,25.344,22.85
14788,74,S2,561.0,25.408,22.85
14789,74,S2,564.0,25.259,22.85
14790,74,S2,567.0,25.303,22.85
14791,74,S2,570.0,25.200,22.85
14792,74,S2,573.0,25.176,22.85
14793,74,S2,576.0,25.206,22.85
14794,74,S2,579.0,25.092,22.85
14795,74,S2,582.0,25.134,22.85
14796,74,S2,585.0,25.027,22.85
14797,74,S2,588.0,24.998,22.85
14798,74,S2,591.0,24.956,22.85
14799,74,S2,594.0,24.904,22.85
14800,74,S2,597.0,24.874,22.85
14801,75,S3,0.0,92.659,21.53
14802,75,S3,3.0,91.772,21.53
14803,75,S3,6.0,90.898,21.53
14804,75,S3,9.0,90.103,21.53
14805,75,S3,12.0,89.213,21.53
14806,75,S3,15.0,88.338,21.53
14807,75,S3,18.0,87.514,21.53
14808,75,S3,21.0,86.718,21.53
14809,75,S3,24.0,85.888,21.53
14810,75,S3,27.0,85.122,21.53
14811,75,S3,30.0,84.256,21.53
14812,75,S3,33.0,83.469,21.53
14813,75,S3,36.0,82.659,21.53
14814,75,S3,39.0,81.922,21.53
14815,75,S3,42.0,81.198,21.53
14816,75,S3,45.0,80.442,21.53
14817,75,S3,48.0,79.777,21.53
14818,75,S3,51.0,79.040,21.53
14819,75,S3,54.0,78.345,21.53
14820,75,S3,57.0,77.563,21.53
14821,75,S3,60.0,76.874,21.53
14822,75,S3,63.0,76.179,21.53
14823,75,S3,66.0,75.484,21.53
14824,75,S3,69.0,74.838,21.53
14825,75,S3,72.0,74.089,21.53
14826,75,S3,75.0,73.491,21.53
14827,75,S3,78.0,72.932,21.53
14828,75,S3,81.0,72.227,21.53
14829,75,S3,84.0,71.660,21.53
14830,75,S3,87.0,70.908,21.53
14831,75,S3,90.0,70.380,21.53
14832,75,S3,93.0,69.802,21.53
14833,75,S3,96.0,69.167,21.53
14834,75,S3,99.0,68.619,21.53
14835,75,S3,102.0,67.992,21.53
14836,75,S3,105.0,67.406,21.53
14837,75,S3,108.0,66.783,21.53
14838,75,S3,111.0,66.309,21.53
14839,75,S3,114.0,65.708,21.53
14840,75,S3,117.0,65.164,21.53
14841,75,S3,120.0,64.654,21.53
14842,75,S3,123.0,64.171,21.53
14843,75,S3,126.0,63.576,21.53
14844,75,S3,129.0,63.024,21.53
14845,75,S3,132.0,62.467,21.53
14846,75,S3,135.0,62.014,21.53
14847,75,S3,138.0,61.479,21.53
14848,75,S3,141.0,60.979,21.53
14849,75,S3,144.0,60.413,21.53
14850,75,S3,147.0,59.931,21.53
14851,75,S3,150.0,59.561,21.53
14852,75,S3,153.0,59.019,21.53
14853,75,S3,156.0,58.578,21.53
14854,75,S3,159.0,58.274,21.53
14855,75,S3,162.0,57.690,21.53
14856,75,S3,165.0,57.236,21.53
14857,75,S3,168.0,56.757,21.53
14858,75,S3,171.0,56.322,21.53
14859,75,S3,174.0,55.863,21.53
14860,75,S3,177.0,55.489,21.53
14861,75,S3,180.0,55.098,21.53
14862,75,S3,183.0,54.675,21.53
14863,75,S3,186.0,54.182,21.53
14864,75,S3,189.0,53.791,21.53
14865,75,S3,192.0,53.460,21.53
14866,75,S3,195.0,53.060,21.53
14867,75,S3,198.0,52.666,21.53
14868,75,S3,201.0,52.155,21.53
14869,75,S3,204.0,51.911,21.53
14870,75,S3,207.0,51.514,21.53
14871,75,S3,210.0,51.141,21.53
14872,75,S3,213.0,50.756,21.53
14873,75,S3,216.0,50.429,21.53
14874,75,S3,219.0,49.992,21.53
14875,75,S3,222.0,49.673,21.53
14876,75,S3,225.0,49.268,21.53
14877,75,S3,228.0,49.087,21.53
14878,75,S3,231.0,48.621,21.53
14879,75,S3,234.0,48.390,21.53
14880,75,S3,237.0,47.950,21.53
14881,75,S3,240.0,47.601,21.53
14882,75,S3,243.0,47.367,21.53
14883,75,S3,246.0,46.982,21.53
14884,75,S3,249.0,46.672,21.53
14885,75,S3,252.0,46.451,21.53
14886,75,S3,255.0,46.005,21.53
14887,75,S3,258.0,45.745,21.53
14888,75,S3,261.0,45.593,21.53
14889,75,S3,264.0,45.097,21.53
14890,75,S3,267.0,44.879,21.53
14891,75,S3,270.0,44.493,21.53
14892,75,S3,273.0,44.250,21.53
14893,75,S3,276.0,44.014,21.53
14894,75,S3,279.0,43.707,21.53
14895,75,S3,282.0,43.417,21.53
14896,75,S3,285.0,43.059,21.53
14897,75,S3,288.0,42.869,21.53
14898,75,S3,291.0,42.636,21.53
14899,75,S3,294.0,42.338,21.53
14900,75,S3,297.0,42.057,21.53
14901,75,S3,300.0,41.802,21.53
14902,75,S3,303.0,41.549,21.53
14903,75,S3,306.0,41.262,21.53
14904,75,S3,309.0,41.042,21.53
14905,75,S3,312.0,40.947,21.53
14906,75,S3,315.0,40.728,21.53
14907,75,S3,318.0,40.401,21.53
14908,75,S3,321.0,40.102,21.53
14909,75,S3,324.0,39.897,21.53
14910,75,S3,327.0,39.718,21.53
14911,75,S3,330.0,39.510,21.53
14912,75,S3,333.0,39.270,21.53
14913,75,S3,336.0,39.100,21.53
14914,75,S3,339.0,38.767,21.53
14915,75,S3,342.0,38.563,21.53
14916,75,S3,345.0,38.308,21.53
14917,75,S3,348.0,38.141,21.53
14918,75,S3,351.0,38.011,21.53
14919,75,S3,354.0,37.658,21.53
14920,75,S3,357.0,37.501,21.53
14921,75,S3,360.0,37.377,21.53
14922,75,S3,363.0,37.103,21.53
14923,75,S3,366.0,36.930,21.53
14924,75,S3,369.0,36.732,21.53
14925,75,S3,372.0,36.560,21.53
14926,75,S3,375.0,36.339,21.53
14927,75,S3,378.0,36.173,21.53
14928,75,S3,381.0,36.042,21.53
14929,75,S3,384.0,35.886,21.53
14930,75,S3,387.0,35.653,21.53
14931,75,S3,390.0,35.445,21.53
14932,75,S3,393.0,35.296,21.53
14933,75,S3,396.0,35.047,21.53
14934,75,S3,399.0,35.033,21.53
14935,75,S3,402.0,34.793,21.53
14936,75,S3,405.0,34.682,21.53
14937,75,S3,408.0,34.520,21.53
14938,75,S3,411.0,34.369,21.53
14939,75,S3,414.0,34.195,21.53
14940,75,S3,417.0,33.998,21.53
14941,75,S3,420.0,33.918,21.53
14942,75,S3,423.0,33.740,21.53
14943,75,S3,426.0,33.577,21.53
14944,75,S3,429.0,33.429,21.53
14945,75,S3,432.0,33.193,21.53
14946,75,S3,435.0,33.020,21.53
14947,75,S3,438.0,32.956,21.53
14948,75,S3,441.0,32.742,21.53
14949,75,S3,444.0,32.679,21.53
14950,75,S3,447.0,32.465,21.53
14951,75,S3,450.0,32.368,21.53
14952,75,S3,453.0,32.241,21.53
14953,75,S3,456.0,32.160,21.53
14954,75,S3,459.0,31.933,21.53
14955,75,S3,462.0,31.760,21.53
14956,75,S3,465.0,31.713,21.53
14957,75,S3,468.0,31.626,21.53
14958,75,S3,471.0,31.488,21.53
14959,75,S3,474.0,31.474,21.53
14960,75,S3,477.0,31.158,21.53
14961,75,S3,480.0,31.243,21.53
14962,75,S3,483.0,30.974,21.53
14963,75,S3,486.0,30.825,21.53
14964,75,S3,489.0,30.704,21.53
14965,75,S3,492.0,30.582,21.53
14966,75,S3,495.0,30.523,21.53
14967,75,S3,498.0,30.465,21.53
14968,75,S3,501.0,30.333,21.53
14969,75,S3,504.0,30.203,21.53
14970,75,S3,507.0,30.033,21.53
14971,75,S3,510.0,30.059,21.53
14972,75,S3,513.0,29.812,21.53
14973,75,S3,516.0,29.704,21.53
14974,75,S3,519.0,29.594,21.53
14975,75,S3,522.0,29.574,21.53
14976,75,S3,525.0,29.521,21.53
14977,75,S3,528.0,29.295,21.53
14978,75,S3,531.0,29.329,21.53
14979,75,S3,534.0,29.155,21.53
14980,75,S3,537.0,29.031,21.53
14981,75,S3,540.0,28.998,21.53
14982,75,S3,543.0,28.803,21.53
14983,75,S3,546.0,28.809,21.53
14984,75,S3,549.0,28.812,21.53
14985,75,S3,552.0,28.523,21.53
14986,75,S3,555.0,28.506,21.53
14987,75,S3,558.0,28.435,21.53
14988,75,S3,561.0,28.332,21.53
14989,75,S3,564.0,28.282,21.53
14990,75,S3,567.0,28.215,21.53
14991,75,S3,570.0,28.074,21.53
14992,75,S3,573.0,27.996,21.53
14993,75,S3,576.0,28.083,21.53
14994,75,S3,579.0,27.874,21.53
14995,75,S3,582.0,27.817,21.53
14996,75,S3,585.0,27.667,21.53
14997,75,S3,588.0,27.645,21.53
