measurement_id,run_id,sensor_id,t_seconds,temperature_c,ambient_c
79985,400,S4,552.0,24.626,22.24
79986,400,S4,555.0,24.635,22.24
79987,400,S4,558.0,24.579,22.24
79988,400,S4,561.0,24.542,22.24
79989,400,S4,564.0,24.557,22.24
79990,400,S4,567.0,24.448,22.24
79991,400,S4,570.0,24.465,22.24
79992,400,S4,573.0,24.474,22.24
79993,400,S4,576.0,24.360,22.24
79994,400,S4,579.0,24.300,22.24
79995,400,S4,582.0,24.334,22.24
79996,400,S4,585.0,24.276,22.24
79997,400,S4,588.0,24.351,22.24
79998,400,S4,591.0,24.198,22.24
79999,400,S4,594.0,24.127,22.24
80000,400,S4,597.0,24.149,22.24
80001,401,S1,0.0,81.916,21.86
80002,401,S1,3.0,80.235,21.86
80003,401,S1,6.0,78.659,21.86
80004,401,S1,9.0,77.257,21.86
80005,401,S1,12.0,75.718,21.86
80006,401,S1,15.0,74.225,21.86
80007,401,S1,18.0,72.831,21.86
80008,401,S1,21.0,71.505,21.86
80009,401,S1,24.0,70.127,21.86
80010,401,S1,27.0,68.792,21.86
80011,401,S1,30.0,67.616,21.86
80012,401,S1,33.0,66.400,21.86
80013,401,S1,36.0,65.142,21.86
80014,401,S1,39.0,63.892,21.86
80015,401,S1,42.0,62.810,21.86
80016,401,S1,45.0,61.690,21.86
80017,401,S1,48.0,60.633,21.86
80018,401,S1,51.0,59.566,21.86
80019,401,S1,54.0,58.532,21.86
80020,401,S1,57.0,57.554,21.86
80021,401,S1,60.0,56.620,21.86
80022,401,S1,63.0,55.627,21.86
80023,401,S1,66.0,54.757,21.86
80024,401,S1,69.0,53.824,21.86
80025,401,S1,72.0,52.966,21.86
80026,401,S1,75.0,52.176,21.86
80027,401,S1,78.0,51.369,21.86
80028,401,S1,81.0,50.498,21.86
80029,401,S1,84.0,49.805,21.86
80030,401,S1,87.0,48.987,21.86
80031,401,S1,90.0,48.224,21.86
80032,401,S1,93.0,47.526,21.86
80033,401,S1,96.0,46.830,21.86
80034,401,S1,99.0,46.279,21.86
80035,401,S1,102.0,45.516,21.86
80036,401,S1,105.0,44.856,21.86
80037,401,S1,108.0,44.299,21.86
80038,401,S1,111.0,43.655,21.86
80039,401,S1,114.0,43.001,21.86
80040,401,S1,117.0,42.603,21.86
80041,401,S1,120.0,41.956,21.86
80042,401,S1,123.0,41.329,21.86
80043,401,S1,126.0,40.795,21.86
80044,401,S1,129.0,40.366,21.86
80045,401,S1,132.0,39.821,21.86
80046,401,S1,135.0,39.391,21.86
80047,401,S1,138.0,38.929,21.86
80048,401,S1,141.0,38.468,21.86
80049,401,S1,144.0,37.945,21.86
80050,401,S1,147.0,37.520,21.86
80051,401,S1,150.0,37.151,21.86
80052,401,S1,153.0,36.707,21.86
80053,401,S1,156.0,36.265,21.86
80054,401,S1,159.0,35.846,21.86
80055,401,S1,162.0,35.492,21.86
80056,401,S1,165.0,35.146,21.86
80057,401,S1,168.0,34.807,21.86
80058,401,S1,171.0,34.495,21.86
80059,401,S1,174.0,34.134,21.86
80060,401,S1,177.0,33.822,21.86
80061,401,S1,180.0,33.419,21.86
80062,401,S1,183.0,33.129,21.86
80063,401,S1,186.0,32.873,21.86
80064,401,S1,189.0,32.625,21.86
80065,401,S1,192.0,32.260,21.86
80066,401,S1,195.0,32.076,21.86
80067,401,S1,198.0,31.717,21.86
80068,401,S1,201.0,31.337,21.86
80069,401,S1,204.0,31.242,21.86
80070,401,S1,207.0,30.906,21.86
80071,401,S1,210.0,30.754,21.86
80072,401,S1,213.0,30.463,21.86
80073,401,S1,216.0,30.195,21.86
80074,401,S1,219.0,29.925,21.86
80075,401,S1,222.0,29.795,21.86
80076,401,S1,225.0,29.643,21.86
80077,401,S1,228.0,29.362,21.86
80078,401,S1,231.0,29.135,21.86
80079,401,S1,234.0,28.998,21.86
80080,401,S1,237.0,28.841,21.86
80081,401,S1,240.0,28.532,21.86
80082,401,S1,243.0,28.488,21.86
80083,401,S1,246.0,28.171,21.86
80084,401,S1,249.0,28.041,21.86
80085,401,S1,252.0,27.890,21.86
80086,401,S1,255.0,27.677,21.86
80087,401,S1,258.0,27.543,21.86
80088,401,S1,261.0,27.515,21.86
80089,401,S1,264.0,27.266,21.86
80090,401,S1,267.0,27.103,21.86
80091,401,S1,270.0,26.925,21.86
80092,401,S1,273.0,26.831,21.86
80093,401,S1,276.0,26.638,21.86
80094,401,S1,279.0,26.591,21.86
80095,401,S1,282.0,26.406,21.86
80096,401,S1,285.0,26.293,21.86
80097,401,S1,288.0,26.160,21.86
80098,401,S1,291.0,26.051,21.86
80099,401,S1,294.0,25.964,21.86
80100,401,S1,297.0,25.847,21.86
80101,401,S1,300.0,25.767,21.86
80102,401,S1,303.0,25.628,21.86
80103,401,S1,306.0,25.503,21.86
80104,401,S1,309.0,25.431,21.86
80105,401,S1,312.0,25.366,21.86
80106,401,S1,315.0,25.218,21.86
80107,401,S1,318.0,25.195,21.86
80108,401,S1,321.0,25.027,21.86
80109,401,S1,324.0,25.039,21.86
80110,401,S1,327.0,24.940,21.86
80111,401,S1,330.0,24.752,21.86
80112,401,S1,333.0,24.714,21.86
80113,401,S1,336.0,24.620,21.86
80114,401,S1,339.0,24.532,21.86
80115,401,S1,342.0,24.501,21.86
80116,401,S1,345.0,24.482,21.86
80117,401,S1,348.0,24.434,21.86
80118,401,S1,351.0,24.296,21.86
80119,401,S1,354.0,24.238,21.86
80120,401,S1,357.0,24.157,21.86
80121,401,S1,360.0,24.057,21.86
80122,401,S1,363.0,24.001,21.86
80123,401,S1,366.0,24.031,21.86
80124,401,S1,369.0,23.930,21.86
80125,401,S1,372.0,23.808,21.86
80126,401,S1,375.0,23.811,21.86
80127,401,S1,378.0,23.735,21.86
80128,401,S1,381.0,23.777,21.86
80129,401,S1,384.0,23.605,21.86
80130,401,S1,387.0,23.630,21.86
80131,401,S1,390.0,23.659,21.86
80132,401,S1,393.0,23.527,21.86
80133,401,S1,396.0,23.412,21.86
80134,401,S1,399.0,23.395,21.86
80135,401,S1,402.0,23.431,21.86
80136,401,S1,405.0,23.366,21.86
80137,401,S1,408.0,23.309,21.86
80138,401,S1,411.0,23.250,21.86
80139,401,S1,414.0,23.213,21.86
80140,401,S1,417.0,23.201,21.86
80141,401,S1,420.0,23.218,21.86
80142,401,S1,423.0,23.131,21.86
80143,401,S1,426.0,23.044,21.86
80144,401,S1,429.0,23.123,21.86
80145,401,S1,432.0,23.035,21.86
80146,401,S1,435.0,22.984,21.86
80147,401,S1,438.0,22.997,21.86
80148,401,S1,441.0,22.897,21.86
80149,401,S1,444.0,22.939,21.86
80150,401,S1,447.0,22.897,21.86
80151,401,S1,450.0,22.876,21.86
80152,401,S1,453.0,22.750,21.86
80153,401,S1,456.0,22.763,21.86
80154,401,S1,459.0,22.749,21.86
80155,401,S1,462.0,22.727,21.86
80156,401,S1,465.0,22.805,21.86
80157,401,S1,468.0,22.776,21.86
80158,401,S1,471.0,22.700,21.86
80159,401,S1,474.0,22.638,21.86
80160,401,S1,477.0,22.589,21.86
80161,401,S1,480.0,22.614,21.86
80162,401,S1,483.0,22.559,21.86
80163,401,S1,486.0,22.630,21.86
80164,401,S1,489.0,22.447,21.86
80165,401,S1,492.0,22.555,21.86
80166,401,S1,495.0,22.596,21.86
80167,401,S1,498.0,22.458,21.86
80168,401,S1,501.0,22.566,21.86
80169,401,S1,504.0,22.491,21.86
80170,401,S1,507.0,22.549,21.86
80171,401,S1,510.0,22.404,21.86
80172,401,S1,513.0,22.415,21.86
80173,401,S1,516.0,22.439,21.86
80174,401,S1,519.0,22.423,21.86
80175,401,S1,522.0,22.427,21.86
80176,401,S1,525.0,22.325,21.86
80177,401,S1,528.0,22.347,21.86
80178,401,S1,531.0,22.294,21.86
80179,401,S1,534.0,22.348,21.86
80180,401,S1,537.0,22.377,21.86
80181,401,S1,540.0,22.268,21.86
80182,401,S1,543.0,22.272,21.86
80183,401,S1,546.0,22.291,21.86
80184,401,S1,549.0,22.257,21.86
80185,401,S1,552.0,22.250,21.86
80186,401,S1,555.0,22.213,21.86
80187,401,S1,558.0,22.309,21.86
80188,401,S1,561.0,22.226,21.86
80189,401,S1,564.0,22.308,21.86
80190,401,S1,567.0,22.171,21.86
80191,401,S1,570.0,22.154,21.86
80192,401,S1,573.0,22.175,21.86
80193,401,S1,576.0,22.128,21.86
80194,401,S1,579.0,22.257,21.86
80195,401,S1,582.0,22.147,21.86
80196,401,S1,585.0,22.124,21.86
80197,401,S1,588.0,22.236,21.86
80198,401,S1,591.0,22.204,21.86
80199,401,S1,594.0,22.213,21.86
80200,401,S1,597.0,22.046,21.86
80201,402,S2,0.0,91.004,22.48
80202,402,S2,3.0,89.623,22.48
80203,402,S2,6.0,88.475,22.48
80204,402,S2,9.0,87.245,22.48
80205,402,S2,12.0,85.994,22.48
80206,402,S2,15.0,84.775,22.48
80207,402,S2,18.0,83.572,22.48
80208,402,S2,21.0,82.538,22.48
80209,402,S2,24.0,81.372,22.48
80210,402,S2,27.0,80.177,22.48
80211,402,S2,30.0,79.186,22.48
80212,402,S2,33.0,78.138,22.48
80213,402,S2,36.0,77.077,22.48
80214,402,S2,39.0,76.030,22.48
80215,402,S2,42.0,75.109,22.48
80216,402,S2,45.0,74.159,22.48
80217,402,S2,48.0,73.153,22.48
80218,402,S2,51.0,72.167,22.48
80219,402,S2,54.0,71.320,22.48
80220,402,S2,57.0,70.356,22.48
80221,402,S2,60.0,69.484,22.48
80222,402,S2,63.0,68.583,22.48
80223,402,S2,66.0,67.758,22.48
80224,402,S2,69.0,67.013,22.48
80225,402,S2,72.0,66.036,22.48
80226,402,S2,75.0,65.221,22.48
80227,402,S2,78.0,64.441,22.48
80228,402,S2,81.0,63.695,22.48
80229,402,S2,84.0,62.892,22.48
80230,402,S2,87.0,62.117,22.48
80231,402,S2,90.0,61.443,22.48
80232,402,S2,93.0,60.675,22.48
80233,402,S2,96.0,59.941,22.48
80234,402,S2,99.0,59.241,22.48
80235,402,S2,102.0,58.509,22.48
80236,402,S2,105.0,57.897,22.48
80237,402,S2,108.0,57.291,22.48
80238,402,S2,111.0,56.645,22.48
80239,402,S2,114.0,55.952,22.48
80240,402,S2,117.0,55.377,22.48
80241,402,S2,120.0,54.717,22.48
80242,402,S2,123.0,54.061,22.48
80243,402,S2,126.0,53.620,22.48
80244,402,S2,129.0,52.978,22.48
80245,402,S2,132.0,52.358,22.48
80246,402,S2,135.0,51.822,22.48
80247,402,S2,138.0,51.319,22.48
80248,402,S2,141.0,50.753,22.48
80249,402,S2,144.0,50.186,22.48
80250,402,S2,147.0,49.736,22.48
80251,402,S2,150.0,49.217,22.48
80252,402,S2,153.0,48.627,22.48
80253,402,S2,156.0,48.261,22.48
80254,402,S2,159.0,47.749,22.48
80255,402,S2,162.0,47.256,22.48
80256,402,S2,165.0,46.785,22.48
80257,402,S2,168.0,46.345,22.48
80258,402,S2,171.0,45.968,22.48
80259,402,S2,174.0,45.420,22.48
80260,402,S2,177.0,45.065,22.48
80261,402,S2,180.0,44.636,22.48
80262,402,S2,183.0,44.241,22.48
80263,402,S2,186.0,43.763,22.48
80264,402,S2,189.0,43.323,22.48
80265,402,S2,192.0,42.908,22.48
80266,402,S2,195.0,42.570,22.48
80267,402,S2,198.0,42.234,22.48
80268,402,S2,201.0,41.915,22.48
80269,402,S2,204.0,41.589,22.48
80270,402,S2,207.0,41.093,22.48
80271,402,S2,210.0,40.776,22.48
80272,402,S2,213.0,40.396,22.48
80273,402,S2,216.0,40.074,22.48
80274,402,S2,219.0,39.826,22.48
80275,402,S2,222.0,39.451,22.48
80276,402,S2,225.0,39.143,22.48
80277,402,S2,228.0,38.839,22.48
80278,402,S2,231.0,38.509,22.48
80279,402,S2,234.0,38.265,22.48
80280,402,S2,237.0,37.975,22.48
80281,402,S2,240.0,37.739,22.48
80282,402,S2,243.0,37.424,22.48
80283,402,S2,246.0,37.042,22.48
80284,402,S2,249.0,36.789,22.48
80285,402,S2,252.0,36.554,22.48
80286,402,S2,255.0,36.282,22.48
80287,402,S2,258.0,36.041,22.48
80288,402,S2,261.0,35.796,22.48
80289,402,S2,264.0,35.442,22.48
80290,402,S2,267.0,35.286,22.48
80291,402,S2,270.0,35.094,22.48
80292,402,S2,273.0,34.813,22.48
80293,402,S2,276.0,34.575,22.48
80294,402,S2,279.0,34.283,22.48
80295,402,S2,282.0,34.063,22.48
80296,402,S2,285.0,33.920,22.48
80297,402,S2,288.0,33.701,22.48
80298,402,S2,291.0,33.466,22.48
80299,402,S2,294.0,33.306,22.48
80300,402,S2,297.0,33.106,22.48
80301,402,S2,300.0,32.849,22.48
80302,402,S2,303.0,32.778,22.48
80303,402,S2,306.0,32.525,22.48
80304,402,S2,309.0,32.344,22.48
80305,402,S2,312.0,32.073,22.48
80306,402,S2,315.0,31.987,22.48
80307,402,S2,318.0,31.798,22.48
80308,402,S2,321.0,31.537,22.48
80309,402,S2,324.0,31.530,22.48
80310,402,S2,327.0,31.225,22.48
80311,402,S2,330.0,31.113,22.48
80312,402,S2,333.0,30.926,22.48
80313,402,S2,336.0,30.792,22.48
80314,402,S2,339.0,30.784,22.48
80315,402,S2,342.0,30.450,22.48
80316,402,S2,345.0,30.286,22.48
80317,402,S2,348.0,30.226,22.48
80318,402,S2,351.0,29.958,22.48
80319,402,S2,354.0,29.861,22.48
80320,402,S2,357.0,29.783,22.48
80321,402,S2,360.0,29.607,22.48
80322,402,S2,363.0,29.457,22.48
80323,402,S2,366.0,29.416,22.48
80324,402,S2,369.0,29.173,22.48
80325,402,S2,372.0,29.071,22.48
80326,402,S2,375.0,29.066,22.48
80327,402,S2,378.0,28.886,22.48
80328,402,S2,381.0,28.732,22.48
80329,402,S2,384.0,28.576,22.48
80330,402,S2,387.0,28.536,22.48
80331,402,S2,390.0,28.378,22.48
80332,402,S2,393.0,28.269,22.48
80333,402,S2,396.0,28.180,22.48
80334,402,S2,399.0,28.104,22.48
80335,402,S2,402.0,27.997,22.48
80336,402,S2,405.0,27.853,22.48
80337,402,S2,408.0,27.747,22.48
80338,402,S2,411.0,27.712,22.48
80339,402,S2,414.0,27.634,22.48
80340,402,S2,417.0,27.481,22.48
80341,402,S2,420.0,27.416,22.48
80342,402,S2,423.0,27.260,22.48
80343,402,S2,426.0,27.195,22.48
80344,402,S2,429.0,27.030,22.48
80345,402,S2,432.0,27.064,22.48
80346,402,S2,435.0,26.907,22.48
80347,402,S2,438.0,26.861,22.48
80348,402,S2,441.0,26.788,22.48
80349,402,S2,444.0,26.692,22.48
80350,402,S2,447.0,26.557,22.48
80351,402,S2,450.0,26.612,22.48
80352,402,S2,453.0,26.425,22.48
80353,402,S2,456.0,26.424,22.48
80354,402,S2,459.0,26.347,22.48
80355,402,S2,462.0,26.246,22.48
80356,402,S2,465.0,26.123,22.48
80357,402,S2,468.0,26.188,22.48
80358,402,S2,471.0,26.049,22.48
80359,402,S2,474.0,25.897,22.48
80360,402,S2,477.0,25.877,22.48
80361,402,S2,480.0,25.876,22.48
80362,402,S2,483.0,25.755,22.48
80363,402,S2,486.0,25.842,22.48
80364,402,S2,489.0,25.626,22.48
80365,402,S2,492.0,25.562,22.48
80366,402,S2,495.0,25.586,22.48
80367,402,S2,498.0,25.478,22.48
80368,402,S2,501.0,25.440,22.48
80369,402,S2,504.0,25.362,22.48
80370,402,S2,507.0,25.362,22.48
80371,402,S2,510.0,25.267,22.48
80372,402,S2,513.0,25.259,22.48
80373,402,S2,516.0,25.140,22.48
80374,402,S2,519.0,25.080,22.48
80375,402,S2,522.0,25.102,22.48
80376,402,S2,525.0,24.880,22.48
80377,402,S2,528.0,24.949,22.48
80378,402,S2,531.0,24.951,22.48
80379,402,S2,534.0,24.962,22.48
80380,402,S2,537.0,24.860,22.48
80381,402,S2,540.0,24.791,22.48
80382,402,S2,543.0,24.752,22.48
80383,402,S2,546.0,24.731,22.48
80384,402,S2,549.0,24.711,22.48
80385,402,S2,552.0,24.702,22.48
80386,402,S2,555.0,24.581,22.48
80387,402,S2,558.0,24.482,22.48
80388,402,S2,561.0,24.506,22.48
80389,402,S2,564.0,24.480,22.48
80390,402,S2,567.0,24.488,22.48
80391,402,S2,570.0,24.349,22.48
80392,402,S2,573.0,24.348,22.48
80393,402,S2,576.0,24.323,22.48
80394,402,S2,579.0,24.258,22.48
80395,402,S2,582.0,24.205,22.48
80396,402,S2,585.0,24.232,22.48
80397,402,S2,588.0,24.159,22.48
80398,402,S2,591.0,24.062,22.48
80399,402,S2,594.0,24.190,22.48
80400,402,S2,597.0,24.168,22.48
80401,403,S3,0.0,78.387,22.95
80402,403,S3,3.0,77.254,22.95
80403,403,S3,6.0,76.175,22.95
80404,403,S3,9.0,75.054,22.95
80405,403,S3,12.0,74.138,22.95
80406,403,S3,15.0,73.091,22.95
80407,403,S3,18.0,72.038,22.95
80408,403,S3,21.0,70.949,22.95
80409,403,S3,24.0,69.970,22.95
80410,403,S3,27.0,69.103,22.95
80411,403,S3,30.0,68.143,22.95
80412,403,S3,33.0,67.179,22.95
80413,403,S3,36.0,66.297,22.95
80414,403,S3,39.0,65.488,22.95
80415,403,S3,42.0,64.658,22.95
80416,403,S3,45.0,63.692,22.95
80417,403,S3,48.0,62.855,22.95
80418,403,S3,51.0,62.162,22.95
80419,403,S3,54.0,61.253,22.95
80420,403,S3,57.0,60.521,22.95
80421,403,S3,60.0,59.828,22.95
80422,403,S3,63.0,59.082,22.95
80423,403,S3,66.0,58.278,22.95
80424,403,S3,69.0,57.527,22.95
80425,403,S3,72.0,56.859,22.95
80426,403,S3,75.0,56.170,22.95
80427,403,S3,78.0,55.559,22.95
80428,403,S3,81.0,54.897,22.95
80429,403,S3,84.0,54.273,22.95
80430,403,S3,87.0,53.666,22.95
80431,403,S3,90.0,52.974,22.95
80432,403,S3,93.0,52.314,22.95
80433,403,S3,96.0,51.698,22.95
80434,403,S3,99.0,51.276,22.95
80435,403,S3,102.0,50.585,22.95
80436,403,S3,105.0,50.049,22.95
80437,403,S3,108.0,49.527,22.95
80438,403,S3,111.0,48.987,22.95
80439,403,S3,114.0,48.394,22.95
80440,403,S3,117.0,48.000,22.95
80441,403,S3,120.0,47.472,22.95
80442,403,S3,123.0,47.011,22.95
80443,403,S3,126.0,46.408,22.95
80444,403,S3,129.0,45.954,22.95
80445,403,S3,132.0,45.551,22.95
80446,403,S3,135.0,45.017,22.95
80447,403,S3,138.0,44.529,22.95
80448,403,S3,141.0,44.126,22.95
80449,403,S3,144.0,43.745,22.95
80450,403,S3,147.0,43.320,22.95
80451,403,S3,150.0,42.973,22.95
80452,403,S3,153.0,42.447,22.95
80453,403,S3,156.0,42.107,22.95
80454,403,S3,159.0,41.697,22.95
80455,403,S3,162.0,41.349,22.95
80456,403,S3,165.0,41.013,22.95
80457,403,S3,168.0,40.605,22.95
80458,403,S3,171.0,40.294,22.95
80459,403,S3,174.0,39.862,22.95
80460,403,S3,177.0,39.559,22.95
80461,403,S3,180.0,39.138,22.95
80462,403,S3,183.0,38.912,22.95
80463,403,S3,186.0,38.568,22.95
80464,403,S3,189.0,38.178,22.95
80465,403,S3,192.0,37.889,22.95
80466,403,S3,195.0,37.673,22.95
80467,403,S3,198.0,37.362,22.95
80468,403,S3,201.0,37.154,22.95
80469,403,S3,204.0,36.719,22.95
80470,403,S3,207.0,36.517,22.95
80471,403,S3,210.0,36.222,22.95
80472,403,S3,213.0,35.950,22.95
80473,403,S3,216.0,35.689,22.95
80474,403,S3,219.0,35.416,22.95
80475,403,S3,222.0,35.197,22.95
80476,403,S3,225.0,34.842,22.95
80477,403,S3,228.0,34.711,22.95
80478,403,S3,231.0,34.366,22.95
80479,403,S3,234.0,34.139,22.95
80480,403,S3,237.0,33.966,22.95
80481,403,S3,240.0,33.675,22.95
80482,403,S3,243.0,33.525,22.95
80483,403,S3,246.0,33.223,22.95
80484,403,S3,249.0,33.151,22.95
80485,403,S3,252.0,32.926,22.95
80486,403,S3,255.0,32.659,22.95
80487,403,S3,258.0,32.419,22.95
80488,403,S3,261.0,32.260,22.95
80489,403,S3,264.0,32.137,22.95
80490,403,S3,267.0,31.979,22.95
80491,403,S3,270.0,31.772,22.95
80492,403,S3,273.0,31.562,22.95
80493,403,S3,276.0,31.369,22.95
80494,403,S3,279.0,31.227,22.95
80495,403,S3,282.0,31.111,22.95
80496,403,S3,285.0,30.939,22.95
80497,403,S3,288.0,30.785,22.95
80498,403,S3,291.0,30.521,22.95
80499,403,S3,294.0,30.429,22.95
80500,403,S3,297.0,30.321,22.95
80501,403,S3,300.0,30.072,22.95
80502,403,S3,303.0,30.042,22.95
80503,403,S3,306.0,29.808,22.95
80504,403,S3,309.0,29.760,22.95
80505,403,S3,312.0,29.585,22.95
80506,403,S3,315.0,29.500,22.95
80507,403,S3,318.0,29.371,22.95
80508,403,S3,321.0,29.235,22.95
80509,403,S3,324.0,29.082,22.95
80510,403,S3,327.0,28.905,22.95
80511,403,S3,330.0,28.816,22.95
80512,403,S3,333.0,28.656,22.95
80513,403,S3,336.0,28.569,22.95
80514,403,S3,339.0,28.471,22.95
80515,403,S3,342.0,28.293,22.95
80516,403,S3,345.0,28.281,22.95
80517,403,S3,348.0,28.072,22.95
80518,403,S3,351.0,28.070,22.95
80519,403,S3,354.0,27.960,22.95
80520,403,S3,357.0,27.824,22.95
80521,403,S3,360.0,27.661,22.95
80522,403,S3,363.0,27.669,22.95
80523,403,S3,366.0,27.469,22.95
80524,403,S3,369.0,27.399,22.95
80525,403,S3,372.0,27.364,22.95
80526,403,S3,375.0,27.258,22.95
80527,403,S3,378.0,27.095,22.95
80528,403,S3,381.0,27.049,22.95
80529,403,S3,384.0,26.972,22.95
80530,403,S3,387.0,26.971,22.95
80531,403,S3,390.0,26.884,22.95
80532,403,S3,393.0,26.718,22.95
80533,403,S3,396.0,26.597,22.95
80534,403,S3,399.0,26.506,22.95
80535,403,S3,402.0,26.578,22.95
80536,403,S3,405.0,26.448,22.95
80537,403,S3,408.0,26.455,22.95
80538,403,S3,411.0,26.376,22.95
80539,403,S3,414.0,26.182,22.95
80540,403,S3,417.0,26.205,22.95
80541,403,S3,420.0,26.163,22.95
80542,403,S3,423.0,26.083,22.95
80543,403,S3,426.0,25.969,22.95
80544,403,S3,429.0,25.911,22.95
80545,403,S3,432.0,25.785,22.95
80546,403,S3,435.0,25.793,22.95
80547,403,S3,438.0,25.775,22.95
80548,403,S3,441.0,25.694,22.95
80549,403,S3,444.0,25.670,22.95
80550,403,S3,447.0,25.573,22.95
80551,403,S3,450.0,25.506,22.95
80552,403,S3,453.0,25.473,22.95
80553,403,S3,456.0,25.430,22.95
80554,403,S3,459.0,25.488,22.95
80555,403,S3,462.0,25.425,22.95
80556,403,S3,465.0,25.256,22.95
80557,403,S3,468.0,25.149,22.95
80558,403,S3,471.0,25.187,22.95
80559,403,S3,474.0,25.121,22.95
80560,403,S3,477.0,25.139,22.95
80561,403,S3,480.0,25.089,22.95
80562,403,S3,483.0,25.021,22.95
80563,403,S3,486.0,24.887,22.95
80564,403,S3,489.0,25.003,22.95
80565,403,S3,492.0,24.969,22.95
80566,403,S3,495.0,24.836,22.95
80567,403,S3,498.0,24.739,22.95
80568,403,S3,501.0,24.840,22.95
80569,403,S3,504.0,24.630,22.95
80570,403,S3,507.0,24.659,22.95
80571,403,S3,510.0,24.634,22.95
80572,403,S3,513.0,24.638,22.95
80573,403,S3,516.0,24.628,22.95
80574,403,S3,519.0,24.491,22.95
80575,403,S3,522.0,24.617,22.95
80576,403,S3,525.0,24.530,22.95
80577,403,S3,528.0,24.440,22.95
80578,403,S3,531.0,24.367,22.95
80579,403,S3,534.0,24.378,22.95
80580,403,S3,537.0,24.337,22.95
80581,403,S3,540.0,24.330,22.95
80582,403,S3,543.0,24.267,22.95
80583,403,S3,546.0,24.347,22.95
80584,403,S3,549.0,24.318,22.95
80585,403,S3,552.0,24.250,22.95
80586,403,S3,555.0,24.257,22.95
80587,403,S3,558.0,24.259,22.95
80588,403,S3,561.0,24.120,22.95
80589,403,S3,564.0,24.119,22.95
80590,403,S3,567.0,24.083,22.95
80591,403,S3,570.0,24.033,22.95
80592,403,S3,573.0,24.068,22.95
80593,403,S3,576.0,24.039,22.95
80594,403,S3,579.0,24.097,22.95
80595,403,S3,582.0,24.010,22.95
80596,403,S3,585.0,24.018,22.95
80597,403,S3,588.0,23.962,22.95
80598,403,S3,591.0,23.908,22.95
80599,403,S3,594.0,23.960,22.95
80600,403,S3,597.0,23.831,22.95
80601,404,S4,0.0,80.966,22.37
80602,404,S4,3.0,79.503,22.37
80603,404,S4,6.0,78.154,22.37
80604,404,S4,9.0,76.819,22.37
80605,404,S4,12.0,75.512,22.37
80606,404,S4,15.0,74.248,22.37
80607,404,S4,18.0,73.054,22.37
80608,404,S4,21.0,71.868,22.37
80609,404,S4,24.0,70.694,22.37
80610,404,S4,27.0,69.641,22.37
80611,404,S4,30.0,68.549,22.37
80612,404,S4,33.0,67.350,22.37
80613,404,S4,36.0,66.345,22.37
80614,404,S4,39.0,65.282,22.37
80615,404,S4,42.0,64.286,22.37
80616,404,S4,45.0,63.344,22.37
80617,404,S4,48.0,62.373,22.37
80618,404,S4,51.0,61.357,22.37
80619,404,S4,54.0,60.441,22.37
80620,404,S4,57.0,59.540,22.37
80621,404,S4,60.0,58.640,22.37
80622,404,S4,63.0,57.786,22.37
80623,404,S4,66.0,56.910,22.37
80624,404,S4,69.0,56.269,22.37
80625,404,S4,72.0,55.363,22.37
80626,404,S4,75.0,54.495,22.37
80627,404,S4,78.0,53.777,22.37
80628,404,S4,81.0,53.091,22.37
80629,404,S4,84.0,52.313,22.37
80630,404,S4,87.0,51.627,22.37
80631,404,S4,90.0,50.927,22.37
80632,404,S4,93.0,50.288,22.37
80633,404,S4,96.0,49.493,22.37
80634,404,S4,99.0,48.923,22.37
80635,404,S4,102.0,48.373,22.37
80636,404,S4,105.0,47.660,22.37
80637,404,S4,108.0,47.180,22.37
80638,404,S4,111.0,46.619,22.37
80639,404,S4,114.0,45.923,22.37
80640,404,S4,117.0,45.279,22.37
80641,404,S4,120.0,44.732,22.37
80642,404,S4,123.0,44.261,22.37
80643,404,S4,126.0,43.769,22.37
80644,404,S4,129.0,43.347,22.37
80645,404,S4,132.0,42.823,22.37
80646,404,S4,135.0,42.295,22.37
80647,404,S4,138.0,41.918,22.37
80648,404,S4,141.0,41.441,22.37
80649,404,S4,144.0,40.888,22.37
80650,404,S4,147.0,40.607,22.37
80651,404,S4,150.0,40.047,22.37
80652,404,S4,153.0,39.668,22.37
80653,404,S4,156.0,39.312,22.37
80654,404,S4,159.0,38.873,22.37
80655,404,S4,162.0,38.528,22.37
80656,404,S4,165.0,38.105,22.37
80657,404,S4,168.0,37.754,22.37
80658,404,S4,171.0,37.288,22.37
80659,404,S4,174.0,36.917,22.37
80660,404,S4,177.0,36.549,22.37
80661,404,S4,180.0,36.337,22.37
80662,404,S4,183.0,35.983,22.37
80663,404,S4,186.0,35.746,22.37
80664,404,S4,189.0,35.332,22.37
80665,404,S4,192.0,35.066,22.37
80666,404,S4,195.0,34.694,22.37
80667,404,S4,198.0,34.470,22.37
80668,404,S4,201.0,34.146,22.37
80669,404,S4,204.0,33.868,22.37
80670,404,S4,207.0,33.623,22.37
80671,404,S4,210.0,33.288,22.37
80672,404,S4,213.0,33.040,22.37
80673,404,S4,216.0,32.849,22.37
80674,404,S4,219.0,32.625,22.37
80675,404,S4,222.0,32.343,22.37
80676,404,S4,225.0,32.144,22.37
80677,404,S4,228.0,31.825,22.37
80678,404,S4,231.0,31.566,22.37
80679,404,S4,234.0,31.446,22.37
80680,404,S4,237.0,31.260,22.37
80681,404,S4,240.0,31.011,22.37
80682,404,S4,243.0,30.823,22.37
80683,404,S4,246.0,30.560,22.37
80684,404,S4,249.0,30.352,22.37
80685,404,S4,252.0,30.254,22.37
80686,404,S4,255.0,30.017,22.37
80687,404,S4,258.0,29.829,22.37
80688,404,S4,261.0,29.646,22.37
80689,404,S4,264.0,29.477,22.37
80690,404,S4,267.0,29.382,22.37
80691,404,S4,270.0,29.201,22.37
80692,404,S4,273.0,28.881,22.37
80693,404,S4,276.0,28.763,22.37
80694,404,S4,279.0,28.703,22.37
80695,404,S4,282.0,28.573,22.37
80696,404,S4,285.0,28.318,22.37
80697,404,S4,288.0,28.298,22.37
80698,404,S4,291.0,28.125,22.37
80699,404,S4,294.0,28.031,22.37
80700,404,S4,297.0,27.780,22.37
80701,404,S4,300.0,27.738,22.37
80702,404,S4,303.0,27.516,22.37
80703,404,S4,306.0,27.528,22.37
80704,404,S4,309.0,27.403,22.37
80705,404,S4,312.0,27.350,22.37
80706,404,S4,315.0,27.158,22.37
80707,404,S4,318.0,27.011,22.37
80708,404,S4,321.0,26.878,22.37
80709,404,S4,324.0,26.763,22.37
80710,404,S4,327.0,26.679,22.37
80711,404,S4,330.0,26.537,22.37
80712,404,S4,333.0,26.527,22.37
80713,404,S4,336.0,26.395,22.37
80714,404,S4,339.0,26.248,22.37
80715,404,S4,342.0,26.190,22.37
80716,404,S4,345.0,26.045,22.37
80717,404,S4,348.0,25.984,22.37
80718,404,S4,351.0,26.001,22.37
80719,404,S4,354.0,25.870,22.37
80720,404,S4,357.0,25.822,22.37
80721,404,S4,360.0,25.740,22.37
80722,404,S4,363.0,25.605,22.37
80723,404,S4,366.0,25.542,22.37
80724,404,S4,369.0,25.433,22.37
80725,404,S4,372.0,25.431,22.37
80726,404,S4,375.0,25.295,22.37
80727,404,S4,378.0,25.235,22.37
80728,404,S4,381.0,25.246,22.37
80729,404,S4,384.0,25.088,22.37
80730,404,S4,387.0,25.098,22.37
80731,404,S4,390.0,24.943,22.37
80732,404,S4,393.0,24.917,22.37
80733,404,S4,396.0,24.970,22.37
80734,404,S4,399.0,24.752,22.37
80735,404,S4,402.0,24.834,22.37
80736,404,S4,405.0,24.723,22.37
80737,404,S4,408.0,24.646,22.37
80738,404,S4,411.0,24.551,22.37
80739,404,S4,414.0,24.616,22.37
80740,404,S4,417.0,24.552,22.37
80741,404,S4,420.0,24.462,22.37
80742,404,S4,423.0,24.278,22.37
80743,404,S4,426.0,24.310,22.37
80744,404,S4,429.0,24.242,22.37
80745,404,S4,432.0,24.224,22.37
80746,404,S4,435.0,24.114,22.37
80747,404,S4,438.0,24.155,22.37
80748,404,S4,441.0,24.141,22.37
80749,404,S4,444.0,24.093,22.37
80750,404,S4,447.0,24.100,22.37
80751,404,S4,450.0,24.000,22.37
80752,404,S4,453.0,23.928,22.37
80753,404,S4,456.0,23.892,22.37
80754,404,S4,459.0,23.872,22.37
80755,404,S4,462.0,23.836,22.37
80756,404,S4,465.0,23.791,22.37
80757,404,S4,468.0,23.835,22.37
80758,404,S4,471.0,23.802,22.37
80759,404,S4,474.0,23.705,22.37
80760,404,S4,477.0,23.676,22.37
80761,404,S4,480.0,23.685,22.37
80762,404,S4,483.0,23.625,22.37
80763,404,S4,486.0,23.602,22.37
80764,404,S4,489.0,23.497,22.37
80765,404,S4,492.0,23.564,22.37
80766,404,S4,495.0,23.477,22.37
80767,404,S4,498.0,23.490,22.37
80768,404,S4,501.0,23.510,22.37
80769,404,S4,504.0,23.391,22.37
80770,404,S4,507.0,23.463,22.37
80771,404,S4,510.0,23.285,22.37
80772,404,S4,513.0,23.333,22.37
80773,404,S4,516.0,23.363,22.37
80774,404,S4,519.0,23.341,22.37
80775,404,S4,522.0,23.287,22.37
80776,404,S4,525.0,23.329,22.37
80777,404,S4,528.0,23.174,22.37
80778,404,S4,531.0,23.235,22.37
80779,404,S4,534.0,23.187,22.37
80780,404,S4,537.0,23.193,22.37
80781,404,S4,540.0,23.196,22.37
80782,404,S4,543.0,23.071,22.37
80783,404,S4,546.0,23.108,22.37
80784,404,S4,549.0,23.122,22.37
80785,404,S4,552.0,23.030,22.37
80786,404,S4,555.0,23.092,22.37
80787,404,S4,558.0,23.072,22.37
80788,404,S4,561.0,23.067,22.37
80789,404,S4,564.0,23.121,22.37
80790,404,S4,567.0,23.047,22.37
80791,404,S4,570.0,23.051,22.37
80792,404,S4,573.0,22.948,22.37
80793,404,S4,576.0,23.017,22.37
80794,404,S4,579.0,22.905,22.37
80795,404,S4,582.0,22.940,22.37
80796,404,S4,585.0,22.911,22.37
80797,404,S4,588.0,22.914,22.37
80798,404,S4,591.0,22.836,22.37
80799,404,S4,594.0,22.937,22.37
80800,404,S4,597.0,22.793,22.37
80801,405,S1,0.0,70.701,21.02
80802,405,S1,3.0,69.945,21.02
80803,405,S1,6.0,69.345,21.02
80804,405,S1,9.0,68.657,21.02
80805,405,S1,12.0,68.054,21.02
80806,405,S1,15.0,67.495,21.02
80807,405,S1,18.0,66.805,21.02
80808,405,S1,21.0,66.209,21.02
80809,405,S1,24.0,65.701,21.02
80810,405,S1,27.0,64.916,21.02
80811,405,S1,30.0,64.515,21.02
80812,405,S1,33.0,63.678,21.02
80813,405,S1,36.0,63.306,21.02
80814,405,S1,39.0,62.700,21.02
80815,405,S1,42.0,62.175,21.02
80816,405,S1,45.0,61.575,21.02
80817,405,S1,48.0,61.017,21.02
80818,405,S1,51.0,60.424,21.02
80819,405,S1,54.0,59.868,21.02
80820,405,S1,57.0,59.432,21.02
80821,405,S1,60.0,58.897,21.02
80822,405,S1,63.0,58.477,21.02
80823,405,S1,66.0,57.833,21.02
80824,405,S1,69.0,57.332,21.02
80825,405,S1,72.0,56.877,21.02
80826,405,S1,75.0,56.489,21.02
80827,405,S1,78.0,55.893,21.02
80828,405,S1,81.0,55.440,21.02
80829,405,S1,84.0,55.007,21.02
80830,405,S1,87.0,54.537,21.02
80831,405,S1,90.0,54.145,21.02
80832,405,S1,93.0,53.656,21.02
80833,405,S1,96.0,53.239,21.02
80834,405,S1,99.0,52.788,21.02
80835,405,S1,102.0,52.296,21.02
80836,405,S1,105.0,51.949,21.02
80837,405,S1,108.0,51.563,21.02
80838,405,S1,111.0,51.113,21.02
80839,405,S1,114.0,50.747,21.02
80840,405,S1,117.0,50.375,21.02
80841,405,S1,120.0,49.887,21.02
80842,405,S1,123.0,49.440,21.02
80843,405,S1,126.0,49.210,21.02
80844,405,S1,129.0,48.832,21.02
80845,405,S1,132.0,48.378,21.02
80846,405,S1,135.0,48.037,21.02
80847,405,S1,138.0,47.757,21.02
80848,405,S1,141.0,47.306,21.02
80849,405,S1,144.0,46.967,21.02
80850,405,S1,147.0,46.606,21.02
80851,405,S1,150.0,46.228,21.02
80852,405,S1,153.0,45.855,21.02
80853,405,S1,156.0,45.577,21.02
80854,405,S1,159.0,45.295,21.02
80855,405,S1,162.0,44.999,21.02
80856,405,S1,165.0,44.623,21.02
80857,405,S1,168.0,44.340,21.02
80858,405,S1,171.0,44.070,21.02
80859,405,S1,174.0,43.706,21.02
80860,405,S1,177.0,43.367,21.02
80861,405,S1,180.0,43.137,21.02
80862,405,S1,183.0,42.775,21.02
80863,405,S1,186.0,42.610,21.02
80864,405,S1,189.0,42.276,21.02
80865,405,S1,192.0,41.899,21.02
80866,405,S1,195.0,41.687,21.02
80867,405,S1,198.0,41.328,21.02
80868,405,S1,201.0,41.092,21.02
80869,405,S1,204.0,40.866,21.02
80870,405,S1,207.0,40.548,21.02
80871,405,S1,210.0,40.296,21.02
80872,405,S1,213.0,39.952,21.02
80873,405,S1,216.0,39.799,21.02
80874,405,S1,219.0,39.634,21.02
80875,405,S1,222.0,39.219,21.02
80876,405,S1,225.0,39.005,21.02
80877,405,S1,228.0,38.842,21.02
80878,405,S1,231.0,38.590,21.02
80879,405,S1,234.0,38.415,21.02
80880,405,S1,237.0,38.075,21.02
80881,405,S1,240.0,37.823,21.02
80882,405,S1,243.0,37.659,21.02
80883,405,S1,246.0,37.364,21.02
80884,405,S1,249.0,37.175,21.02
80885,405,S1,252.0,37.004,21.02
80886,405,S1,255.0,36.755,21.02
80887,405,S1,258.0,36.602,21.02
80888,405,S1,261.0,36.330,21.02
80889,405,S1,264.0,36.065,21.02
80890,405,S1,267.0,35.957,21.02
80891,405,S1,270.0,35.743,21.02
80892,405,S1,273.0,35.510,21.02
80893,405,S1,276.0,35.403,21.02
80894,405,S1,279.0,35.163,21.02
80895,405,S1,282.0,34.950,21.02
80896,405,S1,285.0,34.750,21.02
80897,405,S1,288.0,34.644,21.02
80898,405,S1,291.0,34.367,21.02
80899,405,S1,294.0,34.156,21.02
80900,405,S1,297.0,33.931,21.02
80901,405,S1,300.0,33.760,21.02
80902,405,S1,303.0,33.798,21.02
80903,405,S1,306.0,33.525,21.02
80904,405,S1,309.0,33.389,21.02
80905,405,S1,312.0,33.162,21.02
80906,405,S1,315.0,33.045,21.02
80907,405,S1,318.0,32.962,21.02
80908,405,S1,321.0,32.621,21.02
80909,405,S1,324.0,32.532,21.02
80910,405,S1,327.0,32.398,21.02
80911,405,S1,330.0,32.280,21.02
80912,405,S1,333.0,32.066,21.02
80913,405,S1,336.0,32.083,21.02
80914,405,S1,339.0,31.861,21.02
80915,405,S1,342.0,31.689,21.02
80916,405,S1,345.0,31.459,21.02
80917,405,S1,348.0,31.343,21.02
80918,405,S1,351.0,31.268,21.02
80919,405,S1,354.0,31.078,21.02
80920,405,S1,357.0,31.005,21.02
80921,405,S1,360.0,30.837,21.02
80922,405,S1,363.0,30.733,21.02
80923,405,S1,366.0,30.639,21.02
80924,405,S1,369.0,30.577,21.02
80925,405,S1,372.0,30.187,21.02
80926,405,S1,375.0,30.160,21.02
80927,405,S1,378.0,30.119,21.02
80928,405,S1,381.0,29.995,21.02
80929,405,S1,384.0,29.912,21.02
80930,405,S1,387.0,29.774,21.02
80931,405,S1,390.0,29.573,21.02
80932,405,S1,393.0,29.400,21.02
80933,405,S1,396.0,29.328,21.02
80934,405,S1,399.0,29.333,21.02
80935,405,S1,402.0,29.148,21.02
80936,405,S1,405.0,28.995,21.02
80937,405,S1,408.0,28.902,21.02
80938,405,S1,411.0,28.807,21.02
80939,405,S1,414.0,28.689,21.02
80940,405,S1,417.0,28.592,21.02
80941,405,S1,420.0,28.482,21.02
80942,405,S1,423.0,28.497,21.02
80943,405,S1,426.0,28.293,21.02
80944,405,S1,429.0,28.178,21.02
80945,405,S1,432.0,28.073,21.02
80946,405,S1,435.0,28.032,21.02
80947,405,S1,438.0,27.889,21.02
80948,405,S1,441.0,27.933,21.02
80949,405,S1,444.0,27.686,21.02
80950,405,S1,447.0,27.586,21.02
80951,405,S1,450.0,27.587,21.02
80952,405,S1,453.0,27.524,21.02
80953,405,S1,456.0,27.432,21.02
80954,405,S1,459.0,27.311,21.02
80955,405,S1,462.0,27.183,21.02
80956,405,S1,465.0,27.152,21.02
80957,405,S1,468.0,27.090,21.02
80958,405,S1,471.0,26.979,21.02
80959,405,S1,474.0,26.978,21.02
80960,405,S1,477.0,26.813,21.02
80961,405,S1,480.0,26.693,21.02
80962,405,S1,483.0,26.654,21.02
80963,405,S1,486.0,26.525,21.02
80964,405,S1,489.0,26.502,21.02
80965,405,S1,492.0,26.420,21.02
80966,405,S1,495.0,26.391,21.02
80967,405,S1,498.0,26.285,21.02
80968,405,S1,501.0,26.190,21.02
80969,405,S1,504.0,26.215,21.02
80970,405,S1,507.0,26.151,21.02
80971,405,S1,510.0,26.023,21.02
80972,405,S1,513.0,25.954,21.02
80973,405,S1,516.0,25.820,21.02
80974,405,S1,519.0,25.856,21.02
80975,405,S1,522.0,25.790,21.02
80976,405,S1,525.0,25.657,21.02
80977,405,S1,528.0,25.582,21.02
80978,405,S1,531.0,25.599,21.02
80979,405,S1,534.0,25.480,21.02
80980,405,S1,537.0,25.476,21.02
80981,405,S1,540.0,25.352,21.02
80982,405,S1,543.0,25.342,21.02
80983,405,S1,546.0,25.187,21.02
80984,405,S1,549.0,25.233,21.02
80985,405,S1,552.0,25.125,21.02
80986,405,S1,555.0,24.986,21.02
80987,405,S1,558.0,25.076,21.02
80988,405,S1,561.0,25.090,21.02
80989,405,S1,564.0,24.959,21.02
80990,405,S1,567.0,24.903,21.02
80991,405,S1,570.0,24.869,21.02
80992,405,S1,573.0,24.745,21.02
80993,405,S1,576.0,24.737,21.02
80994,405,S1,579.0,24.703,21.02
80995,405,S1,582.0,24.673,21.02
80996,405,S1,585.0,24.559,21.02
80997,405,S1,588.0,24.646,21.02
80998,405,S1,591.0,24.452,21.02
80999,405,S1,594.0,24.373,21.02
81000,405,S1,597.0,24.399,21.02
81001,406,S2,0.0,74.574,21.67
81002,406,S2,3.0,72.889,21.67
81003,406,S2,6.0,71.321,21.67
81004,406,S2,9.0,69.662,21.67
81005,406,S2,12.0,68.204,21.67
81006,406,S2,15.0,66.713,21.67
81007,406,S2,18.0,65.371,21.67
81008,406,S2,21.0,64.135,21.67
81009,406,S2,24.0,62.781,21.67
81010,406,S2,27.0,61.539,21.67
81011,406,S2,30.0,60.246,21.67
81012,406,S2,33.0,59.069,21.67
81013,406,S2,36.0,57.855,21.67
81014,406,S2,39.0,56.735,21.67
81015,406,S2,42.0,55.699,21.67
81016,406,S2,45.0,54.647,21.67
81017,406,S2,48.0,53.590,21.67
81018,406,S2,51.0,52.529,21.67
81019,406,S2,54.0,51.679,21.67
81020,406,S2,57.0,50.726,21.67
81021,406,S2,60.0,49.797,21.67
81022,406,S2,63.0,48.903,21.67
81023,406,S2,66.0,48.102,21.67
81024,406,S2,69.0,47.281,21.67
81025,406,S2,72.0,46.420,21.67
81026,406,S2,75.0,45.762,21.67
81027,406,S2,78.0,44.986,21.67
81028,406,S2,81.0,44.164,21.67
81029,406,S2,84.0,43.579,21.67
81030,406,S2,87.0,42.904,21.67
81031,406,S2,90.0,42.195,21.67
81032,406,S2,93.0,41.642,21.67
81033,406,S2,96.0,40.894,21.67
81034,406,S2,99.0,40.416,21.67
81035,406,S2,102.0,39.877,21.67
81036,406,S2,105.0,39.264,21.67
81037,406,S2,108.0,38.604,21.67
81038,406,S2,111.0,38.059,21.67
81039,406,S2,114.0,37.650,21.67
81040,406,S2,117.0,37.150,21.67
81041,406,S2,120.0,36.709,21.67
81042,406,S2,123.0,36.297,21.67
81043,406,S2,126.0,35.771,21.67
81044,406,S2,129.0,35.246,21.67
81045,406,S2,132.0,34.889,21.67
81046,406,S2,135.0,34.419,21.67
81047,406,S2,138.0,34.139,21.67
81048,406,S2,141.0,33.680,21.67
81049,406,S2,144.0,33.290,21.67
81050,406,S2,147.0,33.014,21.67
81051,406,S2,150.0,32.627,21.67
81052,406,S2,153.0,32.215,21.67
81053,406,S2,156.0,31.945,21.67
81054,406,S2,159.0,31.624,21.67
81055,406,S2,162.0,31.301,21.67
81056,406,S2,165.0,31.009,21.67
81057,406,S2,168.0,30.762,21.67
81058,406,S2,171.0,30.556,21.67
81059,406,S2,174.0,30.159,21.67
81060,406,S2,177.0,29.986,21.67
81061,406,S2,180.0,29.696,21.67
81062,406,S2,183.0,29.389,21.67
81063,406,S2,186.0,29.135,21.67
81064,406,S2,189.0,28.997,21.67
81065,406,S2,192.0,28.769,21.67
81066,406,S2,195.0,28.470,21.67
81067,406,S2,198.0,28.281,21.67
81068,406,S2,201.0,28.149,21.67
81069,406,S2,204.0,27.972,21.67
81070,406,S2,207.0,27.743,21.67
81071,406,S2,210.0,27.579,21.67
81072,406,S2,213.0,27.361,21.67
81073,406,S2,216.0,27.262,21.67
81074,406,S2,219.0,27.003,21.67
81075,406,S2,222.0,26.846,21.67
81076,406,S2,225.0,26.597,21.67
81077,406,S2,228.0,26.523,21.67
81078,406,S2,231.0,26.377,21.67
81079,406,S2,234.0,26.245,21.67
81080,406,S2,237.0,26.082,21.67
81081,406,S2,240.0,25.966,21.67
81082,406,S2,243.0,25.867,21.67
81083,406,S2,246.0,25.604,21.67
81084,406,S2,249.0,25.547,21.67
81085,406,S2,252.0,25.452,21.67
81086,406,S2,255.0,25.251,21.67
81087,406,S2,258.0,25.173,21.67
81088,406,S2,261.0,25.138,21.67
81089,406,S2,264.0,24.899,21.67
81090,406,S2,267.0,24.870,21.67
81091,406,S2,270.0,24.823,21.67
81092,406,S2,273.0,24.654,21.67
81093,406,S2,276.0,24.593,21.67
81094,406,S2,279.0,24.459,21.67
81095,406,S2,282.0,24.422,21.67
81096,406,S2,285.0,24.321,21.67
81097,406,S2,288.0,24.246,21.67
81098,406,S2,291.0,24.199,21.67
81099,406,S2,294.0,24.108,21.67
81100,406,S2,297.0,24.042,21.67
81101,406,S2,300.0,23.931,21.67
81102,406,S2,303.0,23.833,21.67
81103,406,S2,306.0,23.747,21.67
81104,406,S2,309.0,23.730,21.67
81105,406,S2,312.0,23.663,21.67
81106,406,S2,315.0,23.599,21.67
81107,406,S2,318.0,23.525,21.67
81108,406,S2,321.0,23.475,21.67
81109,406,S2,324.0,23.443,21.67
81110,406,S2,327.0,23.434,21.67
81111,406,S2,330.0,23.346,21.67
81112,406,S2,333.0,23.351,21.67
81113,406,S2,336.0,23.211,21.67
81114,406,S2,339.0,23.117,21.67
81115,406,S2,342.0,23.145,21.67
81116,406,S2,345.0,23.009,21.67
81117,406,S2,348.0,22.960,21.67
81118,406,S2,351.0,22.996,21.67
81119,406,S2,354.0,22.872,21.67
81120,406,S2,357.0,22.838,21.67
81121,406,S2,360.0,22.923,21.67
81122,406,S2,363.0,22.810,21.67
81123,406,S2,366.0,22.838,21.67
81124,406,S2,369.0,22.825,21.67
81125,406,S2,372.0,22.737,21.67
81126,406,S2,375.0,22.608,21.67
81127,406,S2,378.0,22.608,21.67
81128,406,S2,381.0,22.528,21.67
81129,406,S2,384.0,22.561,21.67
81130,406,S2,387.0,22.585,21.67
81131,406,S2,390.0,22.537,21.67
81132,406,S2,393.0,22.487,21.67
81133,406,S2,396.0,22.455,21.67
81134,406,S2,399.0,22.405,21.67
81135,406,S2,402.0,22.442,21.67
81136,406,S2,405.0,22.382,21.67
81137,406,S2,408.0,22.469,21.67
81138,406,S2,411.0,22.363,21.67
81139,406,S2,414.0,22.361,21.67
81140,406,S2,417.0,22.412,21.67
81141,406,S2,420.0,22.390,21.67
81142,406,S2,423.0,22.343,21.67
81143,406,S2,426.0,22.240,21.67
81144,406,S2,429.0,22.270,21.67
81145,406,S2,432.0,22.289,21.67
81146,406,S2,435.0,22.201,21.67
81147,406,S2,438.0,22.166,21.67
81148,406,S2,441.0,22.240,21.67
81149,406,S2,444.0,22.174,21.67
81150,406,S2,447.0,22.134,21.67
81151,406,S2,450.0,22.163,21.67
81152,406,S2,453.0,22.194,21.67
81153,406,S2,456.0,22.144,21.67
81154,406,S2,459.0,22.094,21.67
81155,406,S2,462.0,22.069,21.67
81156,406,S2,465.0,22.076,21.67
81157,406,S2,468.0,22.017,21.67
81158,406,S2,471.0,22.050,21.67
81159,406,S2,474.0,22.028,21.67
81160,406,S2,477.0,22.025,21.67
81161,406,S2,480.0,22.083,21.67
81162,406,S2,483.0,22.059,21.67
81163,406,S2,486.0,22.104,21.67
81164,406,S2,489.0,21.938,21.67
81165,406,S2,492.0,21.956,21.67
81166,406,S2,495.0,21.949,21.67
81167,406,S2,498.0,21.947,21.67
81168,406,S2,501.0,21.946,21.67
81169,406,S2,504.0,21.893,21.67
81170,406,S2,507.0,21.913,21.67
81171,406,S2,510.0,21.940,21.67
81172,406,S2,513.0,21.857,21.67
81173,406,S2,516.0,21.916,21.67
81174,406,S2,519.0,21.920,21.67
81175,406,S2,522.0,21.939,21.67
81176,406,S2,525.0,21.903,21.67
81177,406,S2,528.0,21.929,21.67
81178,406,S2,531.0,21.879,21.67
81179,406,S2,534.0,21.956,21.67
81180,406,S2,537.0,21.788,21.67
81181,406,S2,540.0,21.862,21.67
81182,406,S2,543.0,21.787,21.67
81183,406,S2,546.0,21.827,21.67
81184,406,S2,549.0,21.775,21.67
81185,406,S2,552.0,21.775,21.67
81186,406,S2,555.0,21.834,21.67
81187,406,S2,558.0,21.820,21.67
81188,406,S2,561.0,21.777,21.67
81189,406,S2,564.0,21.794,21.67
81190,406,S2,567.0,21.773,21.67
81191,406,S2,570.0,21.779,21.67
81192,406,S2,573.0,21.795,21.67
81193,406,S2,576.0,21.752,21.67
81194,406,S2,579.0,21.915,21.67
81195,406,S2,582.0,21.784,21.67
81196,406,S2,585.0,21.770,21.67
81197,406,S2,588.0,21.697,21.67
81198,406,S2,591.0,21.842,21.67
81199,406,S2,594.0,21.768,21.67
81200,406,S2,597.0,21.685,21.67
81201,407,S3,0.0,93.525,20.38
81202,407,S3,3.0,92.130,20.38
81203,407,S3,6.0,90.730,20.38
81204,407,S3,9.0,89.238,20.38
81205,407,S3,12.0,87.916,20.38
81206,407,S3,15.0,86.632,20.38
81207,407,S3,18.0,85.300,20.38
81208,407,S3,21.0,83.965,20.38
81209,407,S3,24.0,82.714,20.38
81210,407,S3,27.0,81.506,20.38
81211,407,S3,30.0,80.248,20.38
81212,407,S3,33.0,78.996,20.38
81213,407,S3,36.0,77.944,20.38
81214,407,S3,39.0,76.782,20.38
81215,407,S3,42.0,75.572,20.38
81216,407,S3,45.0,74.598,20.38
81217,407,S3,48.0,73.458,20.38
81218,407,S3,51.0,72.441,20.38
81219,407,S3,54.0,71.356,20.38
81220,407,S3,57.0,70.348,20.38
81221,407,S3,60.0,69.437,20.38
81222,407,S3,63.0,68.438,20.38
81223,407,S3,66.0,67.496,20.38
81224,407,S3,69.0,66.483,20.38
81225,407,S3,72.0,65.658,20.38
81226,407,S3,75.0,64.787,20.38
81227,407,S3,78.0,63.825,20.38
81228,407,S3,81.0,63.009,20.38
81229,407,S3,84.0,62.041,20.38
81230,407,S3,87.0,61.377,20.38
81231,407,S3,90.0,60.529,20.38
81232,407,S3,93.0,59.709,20.38
81233,407,S3,96.0,58.878,20.38
81234,407,S3,99.0,58.158,20.38
81235,407,S3,102.0,57.423,20.38
81236,407,S3,105.0,56.747,20.38
81237,407,S3,108.0,55.977,20.38
81238,407,S3,111.0,55.232,20.38
81239,407,S3,114.0,54.545,20.38
81240,407,S3,117.0,53.875,20.38
81241,407,S3,120.0,53.311,20.38
81242,407,S3,123.0,52.561,20.38
81243,407,S3,126.0,51.929,20.38
81244,407,S3,129.0,51.320,20.38
81245,407,S3,132.0,50.652,20.38
81246,407,S3,135.0,49.977,20.38
81247,407,S3,138.0,49.524,20.38
81248,407,S3,141.0,48.896,20.38
81249,407,S3,144.0,48.344,20.38
81250,407,S3,147.0,47.808,20.38
81251,407,S3,150.0,47.232,20.38
81252,407,S3,153.0,46.742,20.38
81253,407,S3,156.0,46.155,20.38
81254,407,S3,159.0,45.575,20.38
81255,407,S3,162.0,45.201,20.38
81256,407,S3,165.0,44.794,20.38
81257,407,S3,168.0,44.122,20.38
81258,407,S3,171.0,43.748,20.38
81259,407,S3,174.0,43.335,20.38
81260,407,S3,177.0,42.846,20.38
81261,407,S3,180.0,42.351,20.38
81262,407,S3,183.0,42.000,20.38
81263,407,S3,186.0,41.534,20.38
81264,407,S3,189.0,41.065,20.38
81265,407,S3,192.0,40.650,20.38
81266,407,S3,195.0,40.319,20.38
81267,407,S3,198.0,39.851,20.38
81268,407,S3,201.0,39.578,20.38
81269,407,S3,204.0,39.125,20.38
81270,407,S3,207.0,38.758,20.38
81271,407,S3,210.0,38.348,20.38
81272,407,S3,213.0,37.986,20.38
81273,407,S3,216.0,37.626,20.38
81274,407,S3,219.0,37.330,20.38
81275,407,S3,222.0,37.019,20.38
81276,407,S3,225.0,36.671,20.38
81277,407,S3,228.0,36.392,20.38
81278,407,S3,231.0,36.085,20.38
81279,407,S3,234.0,35.684,20.38
81280,407,S3,237.0,35.464,20.38
81281,407,S3,240.0,35.099,20.38
81282,407,S3,243.0,34.861,20.38
81283,407,S3,246.0,34.474,20.38
81284,407,S3,249.0,34.272,20.38
81285,407,S3,252.0,33.970,20.38
81286,407,S3,255.0,33.782,20.38
81287,407,S3,258.0,33.506,20.38
81288,407,S3,261.0,33.149,20.38
81289,407,S3,264.0,32.999,20.38
81290,407,S3,267.0,32.675,20.38
81291,407,S3,270.0,32.421,20.38
81292,407,S3,273.0,32.156,20.38
81293,407,S3,276.0,31.893,20.38
81294,407,S3,279.0,31.748,20.38
81295,407,S3,282.0,31.505,20.38
81296,407,S3,285.0,31.278,20.38
81297,407,S3,288.0,31.103,20.38
81298,407,S3,291.0,30.783,20.38
81299,407,S3,294.0,30.653,20.38
81300,407,S3,297.0,30.488,20.38
81301,407,S3,300.0,30.285,20.38
81302,407,S3,303.0,30.014,20.38
81303,407,S3,306.0,29.854,20.38
81304,407,S3,309.0,29.744,20.38
81305,407,S3,312.0,29.497,20.38
81306,407,S3,315.0,29.366,20.38
81307,407,S3,318.0,29.102,20.38
81308,407,S3,321.0,28.982,20.38
81309,407,S3,324.0,28.765,20.38
81310,407,S3,327.0,28.561,20.38
81311,407,S3,330.0,28.511,20.38
81312,407,S3,333.0,28.250,20.38
81313,407,S3,336.0,28.136,20.38
81314,407,S3,339.0,28.081,20.38
81315,407,S3,342.0,27.818,20.38
81316,407,S3,345.0,27.697,20.38
81317,407,S3,348.0,27.456,20.38
81318,407,S3,351.0,27.309,20.38
81319,407,S3,354.0,27.167,20.38
81320,407,S3,357.0,27.141,20.38
81321,407,S3,360.0,26.927,20.38
81322,407,S3,363.0,26.945,20.38
81323,407,S3,366.0,26.680,20.38
81324,407,S3,369.0,26.659,20.38
81325,407,S3,372.0,26.461,20.38
81326,407,S3,375.0,26.284,20.38
81327,407,S3,378.0,26.302,20.38
81328,407,S3,381.0,26.106,20.38
81329,407,S3,384.0,25.989,20.38
81330,407,S3,387.0,25.938,20.38
81331,407,S3,390.0,25.689,20.38
81332,407,S3,393.0,25.672,20.38
81333,407,S3,396.0,25.625,20.38
81334,407,S3,399.0,25.598,20.38
81335,407,S3,402.0,25.362,20.38
81336,407,S3,405.0,25.311,20.38
81337,407,S3,408.0,25.097,20.38
81338,407,S3,411.0,25.081,20.38
81339,407,S3,414.0,24.976,20.38
81340,407,S3,417.0,24.908,20.38
81341,407,S3,420.0,24.852,20.38
81342,407,S3,423.0,24.667,20.38
81343,407,S3,426.0,24.601,20.38
81344,407,S3,429.0,24.515,20.38
81345,407,S3,432.0,24.458,20.38
81346,407,S3,435.0,24.400,20.38
81347,407,S3,438.0,24.288,20.38
81348,407,S3,441.0,24.137,20.38
81349,407,S3,444.0,24.121,20.38
81350,407,S3,447.0,24.111,20.38
81351,407,S3,450.0,23.907,20.38
81352,407,S3,453.0,23.905,20.38
81353,407,S3,456.0,23.828,20.38
81354,407,S3,459.0,23.789,20.38
81355,407,S3,462.0,23.691,20.38
81356,407,S3,465.0,23.669,20.38
81357,407,S3,468.0,23.552,20.38
81358,407,S3,471.0,23.495,20.38
81359,407,S3,474.0,23.460,20.38
81360,407,S3,477.0,23.399,20.38
81361,407,S3,480.0,23.324,20.38
81362,407,S3,483.0,23.303,20.38
81363,407,S3,486.0,23.226,20.38
81364,407,S3,489.0,23.237,20.38
81365,407,S3,492.0,23.177,20.38
81366,407,S3,495.0,23.042,20.38
81367,407,S3,498.0,23.017,20.38
81368,407,S3,501.0,22.925,20.38
81369,407,S3,504.0,22.844,20.38
81370,407,S3,507.0,22.796,20.38
81371,407,S3,510.0,22.790,20.38
81372,407,S3,513.0,22.662,20.38
81373,407,S3,516.0,22.704,20.38
81374,407,S3,519.0,22.695,20.38
81375,407,S3,522.0,22.679,20.38
81376,407,S3,525.0,22.585,20.38
81377,407,S3,528.0,22.548,20.38
81378,407,S3,531.0,22.545,20.38
81379,407,S3,534.0,22.496,20.38
81380,407,S3,537.0,22.444,20.38
81381,407,S3,540.0,22.335,20.38
81382,407,S3,543.0,22.319,20.38
81383,407,S3,546.0,22.330,20.38
81384,407,S3,549.0,22.311,20.38
81385,407,S3,552.0,22.208,20.38
81386,407,S3,555.0,22.084,20.38
81387,407,S3,558.0,22.091,20.38
81388,407,S3,561.0,22.023,20.38
81389,407,S3,564.0,22.031,20.38
81390,407,S3,567.0,21.950,20.38
81391,407,S3,570.0,22.046,20.38
81392,407,S3,573.0,22.018,20.38
81393,407,S3,576.0,21.956,20.38
81394,407,S3,579.0,21.894,20.38
81395,407,S3,582.0,21.877,20.38
81396,407,S3,585.0,21.826,20.38
81397,407,S3,588.0,21.774,20.38
81398,407,S3,591.0,21.863,20.38
81399,407,S3,594.0,21.813,20.38
81400,407,S3,597.0,21.768,20.38
81401,408,S4,0.0,84.286,20.59
81402,408,S4,3.0,83.145,20.59
81403,408,S4,6.0,81.832,20.59
81404,408,S4,9.0,80.795,20.59
81405,408,S4,12.0,79.562,20.59
81406,408,S4,15.0,78.536,20.59
81407,408,S4,18.0,77.469,20.59
81408,408,S4,21.0,76.383,20.59
81409,408,S4,24.0,75.400,20.59
81410,408,S4,27.0,74.424,20.59
81411,408,S4,30.0,73.444,20.59
81412,408,S4,33.0,72.401,20.59
81413,408,S4,36.0,71.455,20.59
81414,408,S4,39.0,70.579,20.59
81415,408,S4,42.0,69.508,20.59
81416,408,S4,45.0,68.684,20.59
81417,408,S4,48.0,67.775,20.59
81418,408,S4,51.0,66.940,20.59
81419,408,S4,54.0,66.052,20.59
81420,408,S4,57.0,65.353,20.59
81421,408,S4,60.0,64.363,20.59
81422,408,S4,63.0,63.550,20.59
81423,408,S4,66.0,62.752,20.59
81424,408,S4,69.0,61.900,20.59
81425,408,S4,72.0,61.183,20.59
81426,408,S4,75.0,60.471,20.59
81427,408,S4,78.0,59.744,20.59
81428,408,S4,81.0,59.015,20.59
81429,408,S4,84.0,58.330,20.59
81430,408,S4,87.0,57.613,20.59
81431,408,S4,90.0,56.957,20.59
81432,408,S4,93.0,56.194,20.59
81433,408,S4,96.0,55.586,20.59
81434,408,S4,99.0,54.934,20.59
81435,408,S4,102.0,54.318,20.59
81436,408,S4,105.0,53.681,20.59
81437,408,S4,108.0,53.100,20.59
81438,408,S4,111.0,52.432,20.59
81439,408,S4,114.0,51.870,20.59
81440,408,S4,117.0,51.314,20.59
81441,408,S4,120.0,50.720,20.59
81442,408,S4,123.0,50.252,20.59
81443,408,S4,126.0,49.513,20.59
81444,408,S4,129.0,49.077,20.59
81445,408,S4,132.0,48.561,20.59
81446,408,S4,135.0,48.112,20.59
81447,408,S4,138.0,47.475,20.59
81448,408,S4,141.0,47.152,20.59
81449,408,S4,144.0,46.510,20.59
81450,408,S4,147.0,46.074,20.59
81451,408,S4,150.0,45.572,20.59
81452,408,S4,153.0,45.061,20.59
81453,408,S4,156.0,44.623,20.59
81454,408,S4,159.0,44.301,20.59
81455,408,S4,162.0,43.817,20.59
81456,408,S4,165.0,43.416,20.59
81457,408,S4,168.0,42.965,20.59
81458,408,S4,171.0,42.553,20.59
81459,408,S4,174.0,42.121,20.59
81460,408,S4,177.0,41.725,20.59
81461,408,S4,180.0,41.405,20.59
81462,408,S4,183.0,40.939,20.59
81463,408,S4,186.0,40.499,20.59
81464,408,S4,189.0,40.182,20.59
81465,408,S4,192.0,39.853,20.59
81466,408,S4,195.0,39.481,20.59
81467,408,S4,198.0,39.150,20.59
81468,408,S4,201.0,38.757,20.59
81469,408,S4,204.0,38.464,20.59
81470,408,S4,207.0,38.208,20.59
81471,408,S4,210.0,37.786,20.59
81472,408,S4,213.0,37.529,20.59
81473,408,S4,216.0,37.234,20.59
81474,408,S4,219.0,36.857,20.59
81475,408,S4,222.0,36.518,20.59
81476,408,S4,225.0,36.279,20.59
81477,408,S4,228.0,35.936,20.59
81478,408,S4,231.0,35.598,20.59
81479,408,S4,234.0,35.404,20.59
81480,408,S4,237.0,35.119,20.59
81481,408,S4,240.0,34.833,20.59
81482,408,S4,243.0,34.608,20.59
81483,408,S4,246.0,34.301,20.59
81484,408,S4,249.0,34.087,20.59
81485,408,S4,252.0,33.885,20.59
81486,408,S4,255.0,33.610,20.59
81487,408,S4,258.0,33.273,20.59
81488,408,S4,261.0,33.078,20.59
81489,408,S4,264.0,32.894,20.59
81490,408,S4,267.0,32.698,20.59
81491,408,S4,270.0,32.427,20.59
81492,408,S4,273.0,32.261,20.59
81493,408,S4,276.0,32.054,20.59
81494,408,S4,279.0,31.847,20.59
81495,408,S4,282.0,31.546,20.59
81496,408,S4,285.0,31.407,20.59
81497,408,S4,288.0,31.174,20.59
81498,408,S4,291.0,30.976,20.59
81499,408,S4,294.0,30.796,20.59
81500,408,S4,297.0,30.589,20.59
81501,408,S4,300.0,30.504,20.59
81502,408,S4,303.0,30.199,20.59
81503,408,S4,306.0,30.097,20.59
81504,408,S4,309.0,29.897,20.59
81505,408,S4,312.0,29.778,20.59
81506,408,S4,315.0,29.570,20.59
81507,408,S4,318.0,29.436,20.59
81508,408,S4,321.0,29.225,20.59
81509,408,S4,324.0,29.149,20.59
81510,408,S4,327.0,28.911,20.59
81511,408,S4,330.0,28.712,20.59
81512,408,S4,333.0,28.594,20.59
81513,408,S4,336.0,28.528,20.59
81514,408,S4,339.0,28.341,20.59
81515,408,S4,342.0,28.174,20.59
81516,408,S4,345.0,27.954,20.59
81517,408,S4,348.0,27.848,20.59
81518,408,S4,351.0,27.784,20.59
81519,408,S4,354.0,27.629,20.59
81520,408,S4,357.0,27.482,20.59
81521,408,S4,360.0,27.360,20.59
81522,408,S4,363.0,27.246,20.59
81523,408,S4,366.0,27.124,20.59
81524,408,S4,369.0,26.991,20.59
81525,408,S4,372.0,26.822,20.59
81526,408,S4,375.0,26.660,20.59
81527,408,S4,378.0,26.730,20.59
81528,408,S4,381.0,26.531,20.59
81529,408,S4,384.0,26.405,20.59
81530,408,S4,387.0,26.394,20.59
81531,408,S4,390.0,26.181,20.59
81532,408,S4,393.0,26.015,20.59
81533,408,S4,396.0,25.984,20.59
81534,408,S4,399.0,25.856,20.59
81535,408,S4,402.0,25.788,20.59
81536,408,S4,405.0,25.663,20.59
81537,408,S4,408.0,25.603,20.59
81538,408,S4,411.0,25.621,20.59
81539,408,S4,414.0,25.456,20.59
81540,408,S4,417.0,25.317,20.59
81541,408,S4,420.0,25.216,20.59
81542,408,S4,423.0,25.148,20.59
81543,408,S4,426.0,25.061,20.59
81544,408,S4,429.0,24.929,20.59
81545,408,S4,432.0,24.936,20.59
81546,408,S4,435.0,24.884,20.59
81547,408,S4,438.0,24.822,20.59
81548,408,S4,441.0,24.692,20.59
81549,408,S4,444.0,24.702,20.59
81550,408,S4,447.0,24.570,20.59
81551,408,S4,450.0,24.518,20.59
81552,408,S4,453.0,24.485,20.59
81553,408,S4,456.0,24.354,20.59
81554,408,S4,459.0,24.264,20.59
81555,408,S4,462.0,24.180,20.59
81556,408,S4,465.0,24.163,20.59
81557,408,S4,468.0,23.993,20.59
81558,408,S4,471.0,24.006,20.59
81559,408,S4,474.0,24.002,20.59
81560,408,S4,477.0,23.908,20.59
81561,408,S4,480.0,23.776,20.59
81562,408,S4,483.0,23.756,20.59
81563,408,S4,486.0,23.712,20.59
81564,408,S4,489.0,23.553,20.59
81565,408,S4,492.0,23.463,20.59
81566,408,S4,495.0,23.565,20.59
81567,408,S4,498.0,23.475,20.59
81568,408,S4,501.0,23.413,20.59
81569,408,S4,504.0,23.363,20.59
81570,408,S4,507.0,23.278,20.59
81571,408,S4,510.0,23.344,20.59
81572,408,S4,513.0,23.192,20.59
81573,408,S4,516.0,23.192,20.59
81574,408,S4,519.0,23.079,20.59
81575,408,S4,522.0,23.026,20.59
81576,408,S4,525.0,22.942,20.59
81577,408,S4,528.0,22.959,20.59
81578,408,S4,531.0,22.935,20.59
81579,408,S4,534.0,22.821,20.59
81580,408,S4,537.0,22.823,20.59
81581,408,S4,540.0,22.786,20.59
81582,408,S4,543.0,22.801,20.59
81583,408,S4,546.0,22.724,20.59
81584,408,S4,549.0,22.668,20.59
81585,408,S4,552.0,22.576,20.59
81586,408,S4,555.0,22.624,20.59
81587,408,S4,558.0,22.602,20.59
81588,408,S4,561.0,22.501,20.59
81589,408,S4,564.0,22.518,20.59
81590,408,S4,567.0,22.428,20.59
81591,408,S4,570.0,22.421,20.59
81592,408,S4,573.0,22.385,20.59
81593,408,S4,576.0,22.279,20.59
81594,408,S4,579.0,22.406,20.59
81595,408,S4,582.0,22.240,20.59
81596,408,S4,585.0,22.289,20.59
81597,408,S4,588.0,22.176,20.59
81598,408,S4,591.0,22.204,20.59
81599,408,S4,594.0,22.177,20.59
81600,408,S4,597.0,22.217,20.59
81601,409,S1,0.0,75.017,20.09
81602,409,S1,3.0,73.732,20.09
81603,409,S1,6.0,72.670,20.09
81604,409,S1,9.0,71.433,20.09
81605,409,S1,12.0,70.225,20.09
81606,409,S1,15.0,69.152,20.09
81607,409,S1,18.0,67.966,20.09
81608,409,S1,21.0,66.889,20.09
81609,409,S1,24.0,65.907,20.09
81610,409,S1,27.0,64.862,20.09
81611,409,S1,30.0,63.914,20.09
81612,409,S1,33.0,62.827,20.09
81613,409,S1,36.0,61.878,20.09
81614,409,S1,39.0,60.920,20.09
81615,409,S1,42.0,60.007,20.09
81616,409,S1,45.0,59.177,20.09
81617,409,S1,48.0,58.176,20.09
81618,409,S1,51.0,57.334,20.09
81619,409,S1,54.0,56.536,20.09
81620,409,S1,57.0,55.780,20.09
81621,409,S1,60.0,54.843,20.09
81622,409,S1,63.0,54.156,20.09
81623,409,S1,66.0,53.408,20.09
81624,409,S1,69.0,52.619,20.09
81625,409,S1,72.0,51.937,20.09
81626,409,S1,75.0,51.228,20.09
81627,409,S1,78.0,50.495,20.09
81628,409,S1,81.0,49.832,20.09
81629,409,S1,84.0,49.202,20.09
81630,409,S1,87.0,48.506,20.09
81631,409,S1,90.0,47.813,20.09
81632,409,S1,93.0,47.323,20.09
81633,409,S1,96.0,46.625,20.09
81634,409,S1,99.0,45.976,20.09
81635,409,S1,102.0,45.342,20.09
81636,409,S1,105.0,44.805,20.09
81637,409,S1,108.0,44.370,20.09
81638,409,S1,111.0,43.702,20.09
81639,409,S1,114.0,43.224,20.09
81640,409,S1,117.0,42.646,20.09
81641,409,S1,120.0,42.273,20.09
81642,409,S1,123.0,41.817,20.09
81643,409,S1,126.0,41.175,20.09
81644,409,S1,129.0,40.706,20.09
81645,409,S1,132.0,40.248,20.09
81646,409,S1,135.0,39.851,20.09
81647,409,S1,138.0,39.373,20.09
81648,409,S1,141.0,38.911,20.09
81649,409,S1,144.0,38.433,20.09
81650,409,S1,147.0,38.152,20.09
81651,409,S1,150.0,37.702,20.09
81652,409,S1,153.0,37.337,20.09
81653,409,S1,156.0,36.881,20.09
81654,409,S1,159.0,36.529,20.09
81655,409,S1,162.0,36.130,20.09
81656,409,S1,165.0,35.739,20.09
81657,409,S1,168.0,35.439,20.09
81658,409,S1,171.0,35.075,20.09
81659,409,S1,174.0,34.766,20.09
81660,409,S1,177.0,34.382,20.09
81661,409,S1,180.0,34.138,20.09
81662,409,S1,183.0,33.717,20.09
81663,409,S1,186.0,33.396,20.09
81664,409,S1,189.0,33.162,20.09
81665,409,S1,192.0,32.920,20.09
81666,409,S1,195.0,32.632,20.09
81667,409,S1,198.0,32.277,20.09
81668,409,S1,201.0,32.008,20.09
81669,409,S1,204.0,31.866,20.09
81670,409,S1,207.0,31.541,20.09
81671,409,S1,210.0,31.320,20.09
81672,409,S1,213.0,31.041,20.09
81673,409,S1,216.0,30.846,20.09
81674,409,S1,219.0,30.492,20.09
81675,409,S1,222.0,30.279,20.09
81676,409,S1,225.0,30.060,20.09
81677,409,S1,228.0,29.888,20.09
81678,409,S1,231.0,29.634,20.09
81679,409,S1,234.0,29.397,20.09
81680,409,S1,237.0,29.262,20.09
81681,409,S1,240.0,29.084,20.09
81682,409,S1,243.0,28.764,20.09
81683,409,S1,246.0,28.502,20.09
81684,409,S1,249.0,28.416,20.09
81685,409,S1,252.0,28.201,20.09
81686,409,S1,255.0,27.983,20.09
81687,409,S1,258.0,27.792,20.09
81688,409,S1,261.0,27.683,20.09
81689,409,S1,264.0,27.446,20.09
81690,409,S1,267.0,27.351,20.09
81691,409,S1,270.0,27.156,20.09
81692,409,S1,273.0,27.091,20.09
81693,409,S1,276.0,26.935,20.09
81694,409,S1,279.0,26.640,20.09
81695,409,S1,282.0,26.595,20.09
81696,409,S1,285.0,26.451,20.09
81697,409,S1,288.0,26.218,20.09
81698,409,S1,291.0,26.065,20.09
81699,409,S1,294.0,26.017,20.09
81700,409,S1,297.0,25.911,20.09
81701,409,S1,300.0,25.653,20.09
81702,409,S1,303.0,25.624,20.09
81703,409,S1,306.0,25.504,20.09
81704,409,S1,309.0,25.396,20.09
81705,409,S1,312.0,25.327,20.09
81706,409,S1,315.0,25.105,20.09
81707,409,S1,318.0,25.130,20.09
81708,409,S1,321.0,24.941,20.09
81709,409,S1,324.0,24.764,20.09
81710,409,S1,327.0,24.746,20.09
81711,409,S1,330.0,24.577,20.09
81712,409,S1,333.0,24.429,20.09
81713,409,S1,336.0,24.403,20.09
81714,409,S1,339.0,24.255,20.09
81715,409,S1,342.0,24.185,20.09
81716,409,S1,345.0,24.098,20.09
81717,409,S1,348.0,23.995,20.09
81718,409,S1,351.0,23.908,20.09
81719,409,S1,354.0,23.899,20.09
81720,409,S1,357.0,23.720,20.09
81721,409,S1,360.0,23.773,20.09
81722,409,S1,363.0,23.596,20.09
81723,409,S1,366.0,23.461,20.09
81724,409,S1,369.0,23.372,20.09
81725,409,S1,372.0,23.414,20.09
81726,409,S1,375.0,23.212,20.09
81727,409,S1,378.0,23.216,20.09
81728,409,S1,381.0,23.124,20.09
81729,409,S1,384.0,23.096,20.09
81730,409,S1,387.0,23.050,20.09
81731,409,S1,390.0,22.943,20.09
81732,409,S1,393.0,22.878,20.09
81733,409,S1,396.0,22.888,20.09
81734,409,S1,399.0,22.675,20.09
81735,409,S1,402.0,22.708,20.09
81736,409,S1,405.0,22.630,20.09
81737,409,S1,408.0,22.502,20.09
81738,409,S1,411.0,22.501,20.09
81739,409,S1,414.0,22.363,20.09
81740,409,S1,417.0,22.413,20.09
81741,409,S1,420.0,22.393,20.09
81742,409,S1,423.0,22.314,20.09
81743,409,S1,426.0,22.264,20.09
81744,409,S1,429.0,22.211,20.09
81745,409,S1,432.0,22.182,20.09
81746,409,S1,435.0,22.043,20.09
81747,409,S1,438.0,21.987,20.09
81748,409,S1,441.0,21.995,20.09
81749,409,S1,444.0,22.009,20.09
81750,409,S1,447.0,21.953,20.09
81751,409,S1,450.0,21.953,20.09
81752,409,S1,453.0,21.816,20.09
81753,409,S1,456.0,21.905,20.09
81754,409,S1,459.0,21.836,20.09
81755,409,S1,462.0,21.702,20.09
81756,409,S1,465.0,21.731,20.09
81757,409,S1,468.0,21.624,20.09
81758,409,S1,471.0,21.669,20.09
81759,409,S1,474.0,21.616,20.09
81760,409,S1,477.0,21.573,20.09
81761,409,S1,480.0,21.629,20.09
81762,409,S1,483.0,21.513,20.09
81763,409,S1,486.0,21.485,20.09
81764,409,S1,489.0,21.392,20.09
81765,409,S1,492.0,21.436,20.09
81766,409,S1,495.0,21.271,20.09
81767,409,S1,498.0,21.340,20.09
81768,409,S1,501.0,21.248,20.09
81769,409,S1,504.0,21.299,20.09
81770,409,S1,507.0,21.300,20.09
81771,409,S1,510.0,21.216,20.09
81772,409,S1,513.0,21.146,20.09
81773,409,S1,516.0,21.224,20.09
81774,409,S1,519.0,21.067,20.09
81775,409,S1,522.0,21.127,20.09
81776,409,S1,525.0,21.111,20.09
81777,409,S1,528.0,21.031,20.09
81778,409,S1,531.0,21.118,20.09
81779,409,S1,534.0,21.025,20.09
81780,409,S1,537.0,21.004,20.09
81781,409,S1,540.0,21.021,20.09
81782,409,S1,543.0,21.059,20.09
81783,409,S1,546.0,20.939,20.09
81784,409,S1,549.0,21.007,20.09
81785,409,S1,552.0,20.968,20.09
81786,409,S1,555.0,20.829,20.09
81787,409,S1,558.0,20.893,20.09
81788,409,S1,561.0,20.972,20.09
81789,409,S1,564.0,20.913,20.09
81790,409,S1,567.0,20.766,20.09
81791,409,S1,570.0,20.785,20.09
81792,409,S1,573.0,20.814,20.09
81793,409,S1,576.0,20.811,20.09
81794,409,S1,579.0,20.827,20.09
81795,409,S1,582.0,20.793,20.09
81796,409,S1,585.0,20.699,20.09
81797,409,S1,588.0,20.820,20.09
81798,409,S1,591.0,20.727,20.09
81799,409,S1,594.0,20.627,20.09
81800,409,S1,597.0,20.635,20.09
81801,410,S2,0.0,89.881,22.18
81802,410,S2,3.0,89.049,22.18
81803,410,S2,6.0,88.168,22.18
81804,410,S2,9.0,87.303,22.18
81805,410,S2,12.0,86.539,22.18
81806,410,S2,15.0,85.760,22.18
81807,410,S2,18.0,84.933,22.18
81808,410,S2,21.0,84.032,22.18
81809,410,S2,24.0,83.336,22.18
81810,410,S2,27.0,82.486,22.18
81811,410,S2,30.0,81.798,22.18
81812,410,S2,33.0,81.112,22.18
81813,410,S2,36.0,80.246,22.18
81814,410,S2,39.0,79.545,22.18
81815,410,S2,42.0,78.752,22.18
81816,410,S2,45.0,78.124,22.18
81817,410,S2,48.0,77.371,22.18
81818,410,S2,51.0,76.718,22.18
81819,410,S2,54.0,75.901,22.18
81820,410,S2,57.0,75.260,22.18
81821,410,S2,60.0,74.592,22.18
81822,410,S2,63.0,73.931,22.18
81823,410,S2,66.0,73.224,22.18
81824,410,S2,69.0,72.660,22.18
81825,410,S2,72.0,71.983,22.18
81826,410,S2,75.0,71.516,22.18
81827,410,S2,78.0,70.700,22.18
81828,410,S2,81.0,70.044,22.18
81829,410,S2,84.0,69.535,22.18
81830,410,S2,87.0,68.891,22.18
81831,410,S2,90.0,68.355,22.18
81832,410,S2,93.0,67.723,22.18
81833,410,S2,96.0,67.134,22.18
81834,410,S2,99.0,66.658,22.18
81835,410,S2,102.0,66.073,22.18
81836,410,S2,105.0,65.405,22.18
81837,410,S2,108.0,64.937,22.18
81838,410,S2,111.0,64.403,22.18
81839,410,S2,114.0,63.863,22.18
81840,410,S2,117.0,63.252,22.18
81841,410,S2,120.0,62.743,22.18
81842,410,S2,123.0,62.294,22.18
81843,410,S2,126.0,61.796,22.18
81844,410,S2,129.0,61.184,22.18
81845,410,S2,132.0,60.754,22.18
81846,410,S2,135.0,60.285,22.18
81847,410,S2,138.0,59.833,22.18
81848,410,S2,141.0,59.318,22.18
81849,410,S2,144.0,58.892,22.18
81850,410,S2,147.0,58.474,22.18
81851,410,S2,150.0,57.860,22.18
81852,410,S2,153.0,57.433,22.18
81853,410,S2,156.0,57.041,22.18
81854,410,S2,159.0,56.588,22.18
81855,410,S2,162.0,56.102,22.18
81856,410,S2,165.0,55.663,22.18
81857,410,S2,168.0,55.270,22.18
81858,410,S2,171.0,54.837,22.18
81859,410,S2,174.0,54.529,22.18
81860,410,S2,177.0,54.110,22.18
81861,410,S2,180.0,53.581,22.18
81862,410,S2,183.0,53.155,22.18
81863,410,S2,186.0,52.849,22.18
81864,410,S2,189.0,52.375,22.18
81865,410,S2,192.0,52.142,22.18
81866,410,S2,195.0,51.665,22.18
81867,410,S2,198.0,51.317,22.18
81868,410,S2,201.0,50.894,22.18
81869,410,S2,204.0,50.592,22.18
81870,410,S2,207.0,50.180,22.18
81871,410,S2,210.0,49.771,22.18
81872,410,S2,213.0,49.597,22.18
81873,410,S2,216.0,49.124,22.18
81874,410,S2,219.0,48.785,22.18
81875,410,S2,222.0,48.546,22.18
81876,410,S2,225.0,48.149,22.18
81877,410,S2,228.0,47.787,22.18
81878,410,S2,231.0,47.476,22.18
81879,410,S2,234.0,46.979,22.18
81880,410,S2,237.0,46.839,22.18
81881,410,S2,240.0,46.578,22.18
81882,410,S2,243.0,46.189,22.18
81883,410,S2,246.0,45.868,22.18
81884,410,S2,249.0,45.640,22.18
81885,410,S2,252.0,45.304,22.18
81886,410,S2,255.0,45.002,22.18
81887,410,S2,258.0,44.734,22.18
81888,410,S2,261.0,44.479,22.18
81889,410,S2,264.0,44.209,22.18
81890,410,S2,267.0,43.836,22.18
81891,410,S2,270.0,43.651,22.18
81892,410,S2,273.0,43.314,22.18
81893,410,S2,276.0,43.079,22.18
81894,410,S2,279.0,42.822,22.18
81895,410,S2,282.0,42.605,22.18
81896,410,S2,285.0,42.229,22.18
81897,410,S2,288.0,42.026,22.18
81898,410,S2,291.0,41.834,22.18
81899,410,S2,294.0,41.476,22.18
81900,410,S2,297.0,41.312,22.18
81901,410,S2,300.0,41.033,22.18
81902,410,S2,303.0,40.936,22.18
81903,410,S2,306.0,40.558,22.18
81904,410,S2,309.0,40.317,22.18
81905,410,S2,312.0,40.115,22.18
81906,410,S2,315.0,39.879,22.18
81907,410,S2,318.0,39.667,22.18
81908,410,S2,321.0,39.502,22.18
81909,410,S2,324.0,39.163,22.18
81910,410,S2,327.0,39.020,22.18
81911,410,S2,330.0,38.807,22.18
81912,410,S2,333.0,38.516,22.18
81913,410,S2,336.0,38.378,22.18
81914,410,S2,339.0,38.084,22.18
81915,410,S2,342.0,38.032,22.18
81916,410,S2,345.0,37.674,22.18
81917,410,S2,348.0,37.573,22.18
81918,410,S2,351.0,37.313,22.18
81919,410,S2,354.0,37.151,22.18
81920,410,S2,357.0,36.931,22.18
81921,410,S2,360.0,36.907,22.18
81922,410,S2,363.0,36.611,22.18
81923,410,S2,366.0,36.440,22.18
81924,410,S2,369.0,36.281,22.18
81925,410,S2,372.0,36.026,22.18
81926,410,S2,375.0,35.910,22.18
81927,410,S2,378.0,35.666,22.18
81928,410,S2,381.0,35.507,22.18
81929,410,S2,384.0,35.337,22.18
81930,410,S2,387.0,35.116,22.18
81931,410,S2,390.0,34.973,22.18
81932,410,S2,393.0,34.840,22.18
81933,410,S2,396.0,34.653,22.18
81934,410,S2,399.0,34.492,22.18
81935,410,S2,402.0,34.397,22.18
81936,410,S2,405.0,34.200,22.18
81937,410,S2,408.0,34.028,22.18
81938,410,S2,411.0,33.886,22.18
81939,410,S2,414.0,33.707,22.18
81940,410,S2,417.0,33.586,22.18
81941,410,S2,420.0,33.459,22.18
81942,410,S2,423.0,33.269,22.18
81943,410,S2,426.0,33.157,22.18
81944,410,S2,429.0,33.062,22.18
81945,410,S2,432.0,32.871,22.18
81946,410,S2,435.0,32.719,22.18
81947,410,S2,438.0,32.601,22.18
81948,410,S2,441.0,32.477,22.18
81949,410,S2,444.0,32.366,22.18
81950,410,S2,447.0,32.189,22.18
81951,410,S2,450.0,32.130,22.18
81952,410,S2,453.0,31.848,22.18
81953,410,S2,456.0,31.864,22.18
81954,410,S2,459.0,31.708,22.18
81955,410,S2,462.0,31.618,22.18
81956,410,S2,465.0,31.409,22.18
81957,410,S2,468.0,31.431,22.18
81958,410,S2,471.0,31.301,22.18
81959,410,S2,474.0,31.206,22.18
81960,410,S2,477.0,31.022,22.18
81961,410,S2,480.0,30.895,22.18
81962,410,S2,483.0,30.754,22.18
81963,410,S2,486.0,30.704,22.18
81964,410,S2,489.0,30.665,22.18
81965,410,S2,492.0,30.446,22.18
81966,410,S2,495.0,30.389,22.18
81967,410,S2,498.0,30.290,22.18
81968,410,S2,501.0,30.244,22.18
81969,410,S2,504.0,30.037,22.18
81970,410,S2,507.0,29.992,22.18
81971,410,S2,510.0,29.840,22.18
81972,410,S2,513.0,29.803,22.18
81973,410,S2,516.0,29.682,22.18
81974,410,S2,519.0,29.550,22.18
81975,410,S2,522.0,29.454,22.18
81976,410,S2,525.0,29.405,22.18
81977,410,S2,528.0,29.273,22.18
81978,410,S2,531.0,29.217,22.18
81979,410,S2,534.0,29.118,22.18
81980,410,S2,537.0,29.110,22.18
81981,410,S2,540.0,28.905,22.18
81982,410,S2,543.0,28.858,22.18
81983,410,S2,546.0,28.771,22.18
81984,410,S2,549.0,28.686,22.18
81985,410,S2,552.0,28.601,22.18
81986,410,S2,555.0,28.518,22.18
81987,410,S2,558.0,28.374,22.18
81988,410,S2,561.0,28.370,22.18
81989,410,S2,564.0,28.295,22.18
81990,410,S2,567.0,28.202,22.18
81991,410,S2,570.0,28.261,22.18
81992,410,S2,573.0,28.014,22.18
81993,410,S2,576.0,28.055,22.18
81994,410,S2,579.0,27.905,22.18
81995,410,S2,582.0,27.911,22.18
81996,410,S2,585.0,27.852,22.18
81997,410,S2,588.0,27.699,22.18
81998,410,S2,591.0,27.650,22.18
81999,410,S2,594.0,27.613,22.18
82000,410,S2,597.0,27.512,22.18
82001,411,S3,0.0,83.332,21.61
82002,411,S3,3.0,82.438,21.61
82003,411,S3,6.0,81.517,21.61
82004,411,S3,9.0,80.653,21.61
82005,411,S3,12.0,79.716,21.61
82006,411,S3,15.0,78.887,21.61
82007,411,S3,18.0,77.960,21.61
82008,411,S3,21.0,77.104,21.61
82009,411,S3,24.0,76.341,21.61
82010,411,S3,27.0,75.418,21.61
82011,411,S3,30.0,74.559,21.61
82012,411,S3,33.0,73.768,21.61
82013,411,S3,36.0,73.050,21.61
82014,411,S3,39.0,72.275,21.61
82015,411,S3,42.0,71.719,21.61
82016,411,S3,45.0,70.746,21.61
82017,411,S3,48.0,70.061,21.61
82018,411,S3,51.0,69.286,21.61
82019,411,S3,54.0,68.639,21.61
82020,411,S3,57.0,67.850,21.61
82021,411,S3,60.0,67.222,21.61
82022,411,S3,63.0,66.576,21.61
82023,411,S3,66.0,65.786,21.61
82024,411,S3,69.0,65.152,21.61
82025,411,S3,72.0,64.513,21.61
82026,411,S3,75.0,63.913,21.61
82027,411,S3,78.0,63.267,21.61
82028,411,S3,81.0,62.613,21.61
82029,411,S3,84.0,62.026,21.61
82030,411,S3,87.0,61.318,21.61
82031,411,S3,90.0,60.795,21.61
82032,411,S3,93.0,60.157,21.61
82033,411,S3,96.0,59.686,21.61
82034,411,S3,99.0,59.056,21.61
82035,411,S3,102.0,58.448,21.61
82036,411,S3,105.0,57.836,21.61
82037,411,S3,108.0,57.445,21.61
82038,411,S3,111.0,56.748,21.61
82039,411,S3,114.0,56.240,21.61
82040,411,S3,117.0,55.906,21.61
82041,411,S3,120.0,55.247,21.61
82042,411,S3,123.0,54.864,21.61
82043,411,S3,126.0,54.273,21.61
82044,411,S3,129.0,53.750,21.61
82045,411,S3,132.0,53.291,21.61
82046,411,S3,135.0,52.802,21.61
82047,411,S3,138.0,52.342,21.61
82048,411,S3,141.0,51.780,21.61
82049,411,S3,144.0,51.396,21.61
82050,411,S3,147.0,50.962,21.61
82051,411,S3,150.0,50.451,21.61
82052,411,S3,153.0,50.098,21.61
82053,411,S3,156.0,49.694,21.61
82054,411,S3,159.0,49.184,21.61
82055,411,S3,162.0,48.796,21.61
82056,411,S3,165.0,48.403,21.61
82057,411,S3,168.0,48.020,21.61
82058,411,S3,171.0,47.536,21.61
82059,411,S3,174.0,47.154,21.61
82060,411,S3,177.0,46.879,21.61
82061,411,S3,180.0,46.486,21.61
82062,411,S3,183.0,46.067,21.61
82063,411,S3,186.0,45.784,21.61
82064,411,S3,189.0,45.379,21.61
82065,411,S3,192.0,45.048,21.61
82066,411,S3,195.0,44.641,21.61
82067,411,S3,198.0,44.284,21.61
82068,411,S3,201.0,43.864,21.61
82069,411,S3,204.0,43.637,21.61
82070,411,S3,207.0,43.160,21.61
82071,411,S3,210.0,42.897,21.61
82072,411,S3,213.0,42.641,21.61
82073,411,S3,216.0,42.220,21.61
82074,411,S3,219.0,42.036,21.61
82075,411,S3,222.0,41.689,21.61
82076,411,S3,225.0,41.426,21.61
82077,411,S3,228.0,41.110,21.61
82078,411,S3,231.0,40.814,21.61
82079,411,S3,234.0,40.573,21.61
82080,411,S3,237.0,40.234,21.61
82081,411,S3,240.0,39.979,21.61
82082,411,S3,243.0,39.586,21.61
82083,411,S3,246.0,39.328,21.61
82084,411,S3,249.0,39.180,21.61
82085,411,S3,252.0,38.806,21.61
82086,411,S3,255.0,38.651,21.61
82087,411,S3,258.0,38.391,21.61
82088,411,S3,261.0,38.092,21.61
82089,411,S3,264.0,37.877,21.61
82090,411,S3,267.0,37.509,21.61
82091,411,S3,270.0,37.361,21.61
82092,411,S3,273.0,37.111,21.61
82093,411,S3,276.0,36.880,21.61
82094,411,S3,279.0,36.678,21.61
82095,411,S3,282.0,36.427,21.61
82096,411,S3,285.0,36.170,21.61
82097,411,S3,288.0,36.050,21.61
82098,411,S3,291.0,35.791,21.61
82099,411,S3,294.0,35.464,21.61
82100,411,S3,297.0,35.392,21.61
82101,411,S3,300.0,35.207,21.61
82102,411,S3,303.0,34.944,21.61
82103,411,S3,306.0,34.766,21.61
82104,411,S3,309.0,34.553,21.61
82105,411,S3,312.0,34.291,21.61
82106,411,S3,315.0,34.175,21.61
82107,411,S3,318.0,34.068,21.61
82108,411,S3,321.0,33.863,21.61
82109,411,S3,324.0,33.473,21.61
82110,411,S3,327.0,33.389,21.61
82111,411,S3,330.0,33.261,21.61
82112,411,S3,333.0,33.064,21.61
82113,411,S3,336.0,32.822,21.61
82114,411,S3,339.0,32.706,21.61
82115,411,S3,342.0,32.581,21.61
82116,411,S3,345.0,32.264,21.61
82117,411,S3,348.0,32.190,21.61
82118,411,S3,351.0,32.024,21.61
82119,411,S3,354.0,31.893,21.61
82120,411,S3,357.0,31.798,21.61
82121,411,S3,360.0,31.636,21.61
82122,411,S3,363.0,31.492,21.61
82123,411,S3,366.0,31.287,21.61
82124,411,S3,369.0,31.114,21.61
82125,411,S3,372.0,31.028,21.61
82126,411,S3,375.0,30.895,21.61
82127,411,S3,378.0,30.650,21.61
82128,411,S3,381.0,30.598,21.61
82129,411,S3,384.0,30.440,21.61
82130,411,S3,387.0,30.282,21.61
82131,411,S3,390.0,30.138,21.61
82132,411,S3,393.0,30.076,21.61
82133,411,S3,396.0,29.915,21.61
82134,411,S3,399.0,29.792,21.61
82135,411,S3,402.0,29.685,21.61
82136,411,S3,405.0,29.542,21.61
82137,411,S3,408.0,29.406,21.61
82138,411,S3,411.0,29.299,21.61
82139,411,S3,414.0,29.244,21.61
82140,411,S3,417.0,28.994,21.61
82141,411,S3,420.0,29.023,21.61
82142,411,S3,423.0,28.897,21.61
82143,411,S3,426.0,28.701,21.61
82144,411,S3,429.0,28.679,21.61
82145,411,S3,432.0,28.584,21.61
82146,411,S3,435.0,28.391,21.61
82147,411,S3,438.0,28.354,21.61
82148,411,S3,441.0,28.299,21.61
82149,411,S3,444.0,28.198,21.61
82150,411,S3,447.0,28.196,21.61
82151,411,S3,450.0,27.943,21.61
82152,411,S3,453.0,27.838,21.61
82153,411,S3,456.0,27.739,21.61
82154,411,S3,459.0,27.605,21.61
82155,411,S3,462.0,27.522,21.61
82156,411,S3,465.0,27.398,21.61
82157,411,S3,468.0,27.333,21.61
82158,411,S3,471.0,27.279,21.61
82159,411,S3,474.0,27.172,21.61
82160,411,S3,477.0,27.096,21.61
82161,411,S3,480.0,27.045,21.61
82162,411,S3,483.0,26.940,21.61
82163,411,S3,486.0,26.875,21.61
82164,411,S3,489.0,26.829,21.61
82165,411,S3,492.0,26.745,21.61
82166,411,S3,495.0,26.659,21.61
82167,411,S3,498.0,26.542,21.61
82168,411,S3,501.0,26.447,21.61
82169,411,S3,504.0,26.386,21.61
82170,411,S3,507.0,26.392,21.61
82171,411,S3,510.0,26.186,21.61
82172,411,S3,513.0,26.269,21.61
82173,411,S3,516.0,26.190,21.61
82174,411,S3,519.0,26.093,21.61
82175,411,S3,522.0,26.058,21.61
82176,411,S3,525.0,25.924,21.61
82177,411,S3,528.0,25.898,21.61
82178,411,S3,531.0,25.864,21.61
82179,411,S3,534.0,25.689,21.61
82180,411,S3,537.0,25.674,21.61
82181,411,S3,540.0,25.697,21.61
82182,411,S3,543.0,25.627,21.61
82183,411,S3,546.0,25.460,21.61
82184,411,S3,549.0,25.385,21.61
82185,411,S3,552.0,25.412,21.61
82186,411,S3,555.0,25.436,21.61
82187,411,S3,558.0,25.293,21.61
82188,411,S3,561.0,25.342,21.61
82189,411,S3,564.0,25.195,21.61
82190,411,S3,567.0,25.140,21.61
82191,411,S3,570.0,24.994,21.61
82192,411,S3,573.0,25.077,21.61
82193,411,S3,576.0,24.961,21.61
82194,411,S3,579.0,24.968,21.61
82195,411,S3,582.0,24.795,21.61
82196,411,S3,585.0,24.729,21.61
82197,411,S3,588.0,24.673,21.61
82198,411,S3,591.0,24.747,21.61
82199,411,S3,594.0,24.648,21.61
82200,411,S3,597.0,24.618,21.61
82201,412,S4,0.0,83.198,21.77
82202,412,S4,3.0,81.897,21.77
82203,412,S4,6.0,80.663,21.77
82204,412,S4,9.0,79.594,21.77
82205,412,S4,12.0,78.433,21.77
82206,412,S4,15.0,77.268,21.77
82207,412,S4,18.0,76.150,21.77
82208,412,S4,21.0,75.098,21.77
82209,412,S4,24.0,74.028,21.77
82210,412,S4,27.0,72.867,21.77
82211,412,S4,30.0,71.913,21.77
82212,412,S4,33.0,70.881,21.77
82213,412,S4,36.0,69.866,21.77
82214,412,S4,39.0,68.852,21.77
82215,412,S4,42.0,67.998,21.77
82216,412,S4,45.0,67.090,21.77
82217,412,S4,48.0,66.106,21.77
82218,412,S4,51.0,65.294,21.77
82219,412,S4,54.0,64.444,21.77
82220,412,S4,57.0,63.501,21.77
82221,412,S4,60.0,62.724,21.77
82222,412,S4,63.0,61.894,21.77
82223,412,S4,66.0,61.127,21.77
82224,412,S4,69.0,60.300,21.77
82225,412,S4,72.0,59.503,21.77
82226,412,S4,75.0,58.730,21.77
82227,412,S4,78.0,58.004,21.77
82228,412,S4,81.0,57.320,21.77
82229,412,S4,84.0,56.542,21.77
82230,412,S4,87.0,55.827,21.77
82231,412,S4,90.0,55.173,21.77
82232,412,S4,93.0,54.477,21.77
82233,412,S4,96.0,53.842,21.77
82234,412,S4,99.0,53.175,21.77
82235,412,S4,102.0,52.596,21.77
82236,412,S4,105.0,51.914,21.77
82237,412,S4,108.0,51.380,21.77
82238,412,S4,111.0,50.818,21.77
82239,412,S4,114.0,50.180,21.77
82240,412,S4,117.0,49.622,21.77
82241,412,S4,120.0,49.075,21.77
82242,412,S4,123.0,48.466,21.77
82243,412,S4,126.0,48.015,21.77
82244,412,S4,129.0,47.505,21.77
82245,412,S4,132.0,46.857,21.77
82246,412,S4,135.0,46.438,21.77
82247,412,S4,138.0,45.758,21.77
82248,412,S4,141.0,45.421,21.77
82249,412,S4,144.0,44.971,21.77
82250,412,S4,147.0,44.532,21.77
82251,412,S4,150.0,44.047,21.77
82252,412,S4,153.0,43.494,21.77
82253,412,S4,156.0,43.103,21.77
82254,412,S4,159.0,42.733,21.77
82255,412,S4,162.0,42.248,21.77
82256,412,S4,165.0,41.923,21.77
82257,412,S4,168.0,41.560,21.77
82258,412,S4,171.0,41.113,21.77
82259,412,S4,174.0,40.614,21.77
82260,412,S4,177.0,40.293,21.77
82261,412,S4,180.0,40.007,21.77
82262,412,S4,183.0,39.555,21.77
82263,412,S4,186.0,39.199,21.77
82264,412,S4,189.0,38.926,21.77
82265,412,S4,192.0,38.561,21.77
82266,412,S4,195.0,38.181,21.77
82267,412,S4,198.0,37.804,21.77
82268,412,S4,201.0,37.620,21.77
82269,412,S4,204.0,37.271,21.77
82270,412,S4,207.0,36.906,21.77
82271,412,S4,210.0,36.701,21.77
82272,412,S4,213.0,36.240,21.77
82273,412,S4,216.0,35.939,21.77
82274,412,S4,219.0,35.764,21.77
82275,412,S4,222.0,35.443,21.77
82276,412,S4,225.0,35.124,21.77
82277,412,S4,228.0,34.960,21.77
82278,412,S4,231.0,34.657,21.77
82279,412,S4,234.0,34.364,21.77
82280,412,S4,237.0,34.211,21.77
82281,412,S4,240.0,33.954,21.77
82282,412,S4,243.0,33.607,21.77
82283,412,S4,246.0,33.356,21.77
82284,412,S4,249.0,33.163,21.77
82285,412,S4,252.0,32.801,21.77
82286,412,S4,255.0,32.776,21.77
82287,412,S4,258.0,32.509,21.77
82288,412,S4,261.0,32.283,21.77
82289,412,S4,264.0,32.026,21.77
82290,412,S4,267.0,31.895,21.77
82291,412,S4,270.0,31.650,21.77
82292,412,S4,273.0,31.556,21.77
82293,412,S4,276.0,31.287,21.77
82294,412,S4,279.0,31.067,21.77
82295,412,S4,282.0,30.941,21.77
82296,412,S4,285.0,30.792,21.77
82297,412,S4,288.0,30.569,21.77
82298,412,S4,291.0,30.428,21.77
82299,412,S4,294.0,30.132,21.77
82300,412,S4,297.0,29.941,21.77
82301,412,S4,300.0,29.807,21.77
82302,412,S4,303.0,29.617,21.77
82303,412,S4,306.0,29.515,21.77
82304,412,S4,309.0,29.260,21.77
82305,412,S4,312.0,29.189,21.77
82306,412,S4,315.0,29.025,21.77
82307,412,S4,318.0,28.892,21.77
82308,412,S4,321.0,28.797,21.77
82309,412,S4,324.0,28.692,21.77
82310,412,S4,327.0,28.428,21.77
82311,412,S4,330.0,28.333,21.77
82312,412,S4,333.0,28.183,21.77
82313,412,S4,336.0,28.082,21.77
82314,412,S4,339.0,27.973,21.77
82315,412,S4,342.0,27.842,21.77
82316,412,S4,345.0,27.680,21.77
82317,412,S4,348.0,27.625,21.77
82318,412,S4,351.0,27.429,21.77
82319,412,S4,354.0,27.384,21.77
82320,412,S4,357.0,27.331,21.77
82321,412,S4,360.0,27.091,21.77
82322,412,S4,363.0,27.100,21.77
82323,412,S4,366.0,26.869,21.77
82324,412,S4,369.0,26.824,21.77
82325,412,S4,372.0,26.754,21.77
82326,412,S4,375.0,26.677,21.77
82327,412,S4,378.0,26.516,21.77
82328,412,S4,381.0,26.471,21.77
82329,412,S4,384.0,26.337,21.77
82330,412,S4,387.0,26.199,21.77
82331,412,S4,390.0,26.085,21.77
82332,412,S4,393.0,26.075,21.77
82333,412,S4,396.0,26.007,21.77
82334,412,S4,399.0,25.863,21.77
82335,412,S4,402.0,25.871,21.77
82336,412,S4,405.0,25.709,21.77
82337,412,S4,408.0,25.632,21.77
82338,412,S4,411.0,25.523,21.77
82339,412,S4,414.0,25.513,21.77
82340,412,S4,417.0,25.400,21.77
82341,412,S4,420.0,25.360,21.77
82342,412,S4,423.0,25.257,21.77
82343,412,S4,426.0,25.158,21.77
82344,412,S4,429.0,25.145,21.77
82345,412,S4,432.0,25.084,21.77
82346,412,S4,435.0,24.977,21.77
82347,412,S4,438.0,24.937,21.77
82348,412,S4,441.0,24.891,21.77
82349,412,S4,444.0,24.796,21.77
82350,412,S4,447.0,24.762,21.77
82351,412,S4,450.0,24.657,21.77
82352,412,S4,453.0,24.711,21.77
82353,412,S4,456.0,24.631,21.77
82354,412,S4,459.0,24.495,21.77
82355,412,S4,462.0,24.469,21.77
82356,412,S4,465.0,24.358,21.77
82357,412,S4,468.0,24.334,21.77
82358,412,S4,471.0,24.441,21.77
82359,412,S4,474.0,24.175,21.77
82360,412,S4,477.0,24.203,21.77
82361,412,S4,480.0,24.074,21.77
82362,412,S4,483.0,24.113,21.77
82363,412,S4,486.0,24.119,21.77
82364,412,S4,489.0,24.032,21.77
82365,412,S4,492.0,23.990,21.77
82366,412,S4,495.0,23.899,21.77
82367,412,S4,498.0,23.915,21.77
82368,412,S4,501.0,23.844,21.77
82369,412,S4,504.0,23.838,21.77
82370,412,S4,507.0,23.812,21.77
82371,412,S4,510.0,23.664,21.77
82372,412,S4,513.0,23.687,21.77
82373,412,S4,516.0,23.695,21.77
82374,412,S4,519.0,23.652,21.77
82375,412,S4,522.0,23.530,21.77
82376,412,S4,525.0,23.469,21.77
82377,412,S4,528.0,23.547,21.77
82378,412,S4,531.0,23.492,21.77
82379,412,S4,534.0,23.457,21.77
82380,412,S4,537.0,23.414,21.77
82381,412,S4,540.0,23.429,21.77
82382,412,S4,543.0,23.361,21.77
82383,412,S4,546.0,23.374,21.77
82384,412,S4,549.0,23.274,21.77
82385,412,S4,552.0,23.302,21.77
82386,412,S4,555.0,23.179,21.77
82387,412,S4,558.0,23.162,21.77
82388,412,S4,561.0,23.147,21.77
82389,412,S4,564.0,23.142,21.77
82390,412,S4,567.0,23.078,21.77
82391,412,S4,570.0,23.102,21.77
82392,412,S4,573.0,22.986,21.77
82393,412,S4,576.0,22.977,21.77
82394,412,S4,579.0,22.963,21.77
82395,412,S4,582.0,22.989,21.77
82396,412,S4,585.0,22.995,21.77
82397,412,S4,588.0,22.864,21.77
82398,412,S4,591.0,22.911,21.77
82399,412,S4,594.0,22.752,21.77
82400,412,S4,597.0,22.803,21.77
82401,413,S1,0.0,86.115,22.25
82402,413,S1,3.0,84.313,22.25
82403,413,S1,6.0,82.624,22.25
82404,413,S1,9.0,80.940,22.25
82405,413,S1,12.0,79.375,22.25
82406,413,S1,15.0,77.724,22.25
82407,413,S1,18.0,76.153,22.25
82408,413,S1,21.0,74.761,22.25
82409,413,S1,24.0,73.232,22.25
82410,413,S1,27.0,71.801,22.25
82411,413,S1,30.0,70.409,22.25
82412,413,S1,33.0,69.071,22.25
82413,413,S1,36.0,67.814,22.25
82414,413,S1,39.0,66.649,22.25
82415,413,S1,42.0,65.252,22.25
82416,413,S1,45.0,64.144,22.25
82417,413,S1,48.0,62.977,22.25
82418,413,S1,51.0,61.861,22.25
82419,413,S1,54.0,60.839,22.25
82420,413,S1,57.0,59.705,22.25
82421,413,S1,60.0,58.623,22.25
82422,413,S1,63.0,57.604,22.25
82423,413,S1,66.0,56.717,22.25
82424,413,S1,69.0,55.612,22.25
82425,413,S1,72.0,54.760,22.25
82426,413,S1,75.0,53.862,22.25
82427,413,S1,78.0,52.998,22.25
82428,413,S1,81.0,52.143,22.25
82429,413,S1,84.0,51.309,22.25
82430,413,S1,87.0,50.580,22.25
82431,413,S1,90.0,49.778,22.25
82432,413,S1,93.0,48.910,22.25
82433,413,S1,96.0,48.298,22.25
82434,413,S1,99.0,47.534,22.25
82435,413,S1,102.0,46.898,22.25
82436,413,S1,105.0,46.171,22.25
82437,413,S1,108.0,45.401,22.25
82438,413,S1,111.0,44.947,22.25
82439,413,S1,114.0,44.292,22.25
82440,413,S1,117.0,43.613,22.25
82441,413,S1,120.0,43.049,22.25
82442,413,S1,123.0,42.464,22.25
82443,413,S1,126.0,41.905,22.25
82444,413,S1,129.0,41.263,22.25
82445,413,S1,132.0,40.714,22.25
82446,413,S1,135.0,40.309,22.25
82447,413,S1,138.0,39.712,22.25
82448,413,S1,141.0,39.214,22.25
82449,413,S1,144.0,38.810,22.25
82450,413,S1,147.0,38.468,22.25
82451,413,S1,150.0,37.814,22.25
82452,413,S1,153.0,37.502,22.25
82453,413,S1,156.0,36.996,22.25
82454,413,S1,159.0,36.677,22.25
82455,413,S1,162.0,36.308,22.25
82456,413,S1,165.0,35.928,22.25
82457,413,S1,168.0,35.498,22.25
82458,413,S1,171.0,35.060,22.25
82459,413,S1,174.0,34.821,22.25
82460,413,S1,177.0,34.428,22.25
82461,413,S1,180.0,34.106,22.25
82462,413,S1,183.0,33.716,22.25
82463,413,S1,186.0,33.531,22.25
82464,413,S1,189.0,33.142,22.25
82465,413,S1,192.0,32.863,22.25
82466,413,S1,195.0,32.505,22.25
82467,413,S1,198.0,32.280,22.25
82468,413,S1,201.0,32.035,22.25
82469,413,S1,204.0,31.796,22.25
82470,413,S1,207.0,31.425,22.25
82471,413,S1,210.0,31.168,22.25
82472,413,S1,213.0,30.994,22.25
82473,413,S1,216.0,30.614,22.25
82474,413,S1,219.0,30.417,22.25
82475,413,S1,222.0,30.252,22.25
82476,413,S1,225.0,30.025,22.25
82477,413,S1,228.0,29.827,22.25
82478,413,S1,231.0,29.594,22.25
82479,413,S1,234.0,29.394,22.25
82480,413,S1,237.0,29.215,22.25
82481,413,S1,240.0,29.043,22.25
82482,413,S1,243.0,28.834,22.25
82483,413,S1,246.0,28.742,22.25
82484,413,S1,249.0,28.553,22.25
82485,413,S1,252.0,28.260,22.25
82486,413,S1,255.0,28.061,22.25
82487,413,S1,258.0,27.906,22.25
82488,413,S1,261.0,27.774,22.25
82489,413,S1,264.0,27.634,22.25
82490,413,S1,267.0,27.485,22.25
82491,413,S1,270.0,27.279,22.25
82492,413,S1,273.0,27.201,22.25
82493,413,S1,276.0,27.087,22.25
82494,413,S1,279.0,26.946,22.25
82495,413,S1,282.0,26.849,22.25
82496,413,S1,285.0,26.621,22.25
82497,413,S1,288.0,26.504,22.25
82498,413,S1,291.0,26.385,22.25
82499,413,S1,294.0,26.292,22.25
82500,413,S1,297.0,26.166,22.25
82501,413,S1,300.0,26.003,22.25
82502,413,S1,303.0,26.101,22.25
82503,413,S1,306.0,25.832,22.25
82504,413,S1,309.0,25.847,22.25
82505,413,S1,312.0,25.712,22.25
82506,413,S1,315.0,25.622,22.25
82507,413,S1,318.0,25.431,22.25
82508,413,S1,321.0,25.447,22.25
82509,413,S1,324.0,25.326,22.25
82510,413,S1,327.0,25.307,22.25
82511,413,S1,330.0,25.201,22.25
82512,413,S1,333.0,25.161,22.25
82513,413,S1,336.0,24.989,22.25
82514,413,S1,339.0,24.967,22.25
82515,413,S1,342.0,24.834,22.25
82516,413,S1,345.0,24.850,22.25
82517,413,S1,348.0,24.708,22.25
82518,413,S1,351.0,24.560,22.25
82519,413,S1,354.0,24.519,22.25
82520,413,S1,357.0,24.491,22.25
82521,413,S1,360.0,24.456,22.25
82522,413,S1,363.0,24.321,22.25
82523,413,S1,366.0,24.288,22.25
82524,413,S1,369.0,24.174,22.25
82525,413,S1,372.0,24.172,22.25
82526,413,S1,375.0,24.111,22.25
82527,413,S1,378.0,24.096,22.25
82528,413,S1,381.0,24.085,22.25
82529,413,S1,384.0,24.010,22.25
82530,413,S1,387.0,23.916,22.25
82531,413,S1,390.0,23.919,22.25
82532,413,S1,393.0,23.870,22.25
82533,413,S1,396.0,23.808,22.25
82534,413,S1,399.0,23.765,22.25
82535,413,S1,402.0,23.776,22.25
82536,413,S1,405.0,23.646,22.25
82537,413,S1,408.0,23.598,22.25
82538,413,S1,411.0,23.593,22.25
82539,413,S1,414.0,23.584,22.25
82540,413,S1,417.0,23.520,22.25
82541,413,S1,420.0,23.544,22.25
82542,413,S1,423.0,23.477,22.25
82543,413,S1,426.0,23.498,22.25
82544,413,S1,429.0,23.385,22.25
82545,413,S1,432.0,23.387,22.25
82546,413,S1,435.0,23.424,22.25
82547,413,S1,438.0,23.306,22.25
82548,413,S1,441.0,23.338,22.25
82549,413,S1,444.0,23.248,22.25
82550,413,S1,447.0,23.225,22.25
82551,413,S1,450.0,23.164,22.25
82552,413,S1,453.0,23.136,22.25
82553,413,S1,456.0,23.088,22.25
82554,413,S1,459.0,23.015,22.25
82555,413,S1,462.0,23.065,22.25
82556,413,S1,465.0,23.084,22.25
82557,413,S1,468.0,23.033,22.25
82558,413,S1,471.0,22.976,22.25
82559,413,S1,474.0,22.934,22.25
82560,413,S1,477.0,23.011,22.25
82561,413,S1,480.0,22.970,22.25
82562,413,S1,483.0,22.973,22.25
82563,413,S1,486.0,22.941,22.25
82564,413,S1,489.0,22.938,22.25
82565,413,S1,492.0,22.902,22.25
82566,413,S1,495.0,22.875,22.25
82567,413,S1,498.0,22.849,22.25
82568,413,S1,501.0,22.817,22.25
82569,413,S1,504.0,22.882,22.25
82570,413,S1,507.0,22.833,22.25
82571,413,S1,510.0,22.805,22.25
82572,413,S1,513.0,22.769,22.25
82573,413,S1,516.0,22.832,22.25
82574,413,S1,519.0,22.791,22.25
82575,413,S1,522.0,22.738,22.25
82576,413,S1,525.0,22.753,22.25
82577,413,S1,528.0,22.702,22.25
82578,413,S1,531.0,22.826,22.25
82579,413,S1,534.0,22.675,22.25
82580,413,S1,537.0,22.613,22.25
82581,413,S1,540.0,22.758,22.25
82582,413,S1,543.0,22.623,22.25
82583,413,S1,546.0,22.695,22.25
82584,413,S1,549.0,22.681,22.25
82585,413,S1,552.0,22.610,22.25
82586,413,S1,555.0,22.577,22.25
82587,413,S1,558.0,22.629,22.25
82588,413,S1,561.0,22.597,22.25
82589,413,S1,564.0,22.601,22.25
82590,413,S1,567.0,22.541,22.25
82591,413,S1,570.0,22.521,22.25
82592,413,S1,573.0,22.567,22.25
82593,413,S1,576.0,22.502,22.25
82594,413,S1,579.0,22.595,22.25
82595,413,S1,582.0,22.572,22.25
82596,413,S1,585.0,22.407,22.25
82597,413,S1,588.0,22.463,22.25
82598,413,S1,591.0,22.490,22.25
82599,413,S1,594.0,22.511,22.25
82600,413,S1,597.0,22.510,22.25
82601,414,S2,0.0,74.971,22.84
82602,414,S2,3.0,73.472,22.84
82603,414,S2,6.0,72.229,22.84
82604,414,S2,9.0,70.931,22.84
82605,414,S2,12.0,69.609,22.84
82606,414,S2,15.0,68.419,22.84
82607,414,S2,18.0,67.267,22.84
82608,414,S2,21.0,66.001,22.84
82609,414,S2,24.0,64.791,22.84
82610,414,S2,27.0,63.765,22.84
82611,414,S2,30.0,62.659,22.84
82612,414,S2,33.0,61.655,22.84
82613,414,S2,36.0,60.675,22.84
82614,414,S2,39.0,59.636,22.84
82615,414,S2,42.0,58.687,22.84
82616,414,S2,45.0,57.674,22.84
82617,414,S2,48.0,56.937,22.84
82618,414,S2,51.0,56.000,22.84
82619,414,S2,54.0,55.085,22.84
82620,414,S2,57.0,54.116,22.84
82621,414,S2,60.0,53.436,22.84
82622,414,S2,63.0,52.523,22.84
82623,414,S2,66.0,51.809,22.84
82624,414,S2,69.0,51.109,22.84
82625,414,S2,72.0,50.337,22.84
82626,414,S2,75.0,49.642,22.84
82627,414,S2,78.0,48.934,22.84
82628,414,S2,81.0,48.262,22.84
82629,414,S2,84.0,47.608,22.84
82630,414,S2,87.0,46.880,22.84
82631,414,S2,90.0,46.295,22.84
82632,414,S2,93.0,45.698,22.84
82633,414,S2,96.0,45.007,22.84
82634,414,S2,99.0,44.477,22.84
82635,414,S2,102.0,43.919,22.84
82636,414,S2,105.0,43.417,22.84
82637,414,S2,108.0,42.798,22.84
82638,414,S2,111.0,42.242,22.84
82639,414,S2,114.0,41.816,22.84
82640,414,S2,117.0,41.210,22.84
82641,414,S2,120.0,40.780,22.84
82642,414,S2,123.0,40.404,22.84
82643,414,S2,126.0,39.881,22.84
82644,414,S2,129.0,39.380,22.84
82645,414,S2,132.0,39.053,22.84
82646,414,S2,135.0,38.564,22.84
82647,414,S2,138.0,38.153,22.84
82648,414,S2,141.0,37.749,22.84
82649,414,S2,144.0,37.499,22.84
82650,414,S2,147.0,36.994,22.84
82651,414,S2,150.0,36.582,22.84
82652,414,S2,153.0,36.251,22.84
82653,414,S2,156.0,35.928,22.84
82654,414,S2,159.0,35.571,22.84
82655,414,S2,162.0,35.234,22.84
82656,414,S2,165.0,34.840,22.84
82657,414,S2,168.0,34.553,22.84
82658,414,S2,171.0,34.310,22.84
82659,414,S2,174.0,33.987,22.84
82660,414,S2,177.0,33.693,22.84
82661,414,S2,180.0,33.340,22.84
82662,414,S2,183.0,33.064,22.84
82663,414,S2,186.0,32.899,22.84
82664,414,S2,189.0,32.652,22.84
82665,414,S2,192.0,32.220,22.84
82666,414,S2,195.0,32.062,22.84
82667,414,S2,198.0,31.894,22.84
82668,414,S2,201.0,31.642,22.84
82669,414,S2,204.0,31.324,22.84
82670,414,S2,207.0,31.127,22.84
82671,414,S2,210.0,30.856,22.84
82672,414,S2,213.0,30.791,22.84
82673,414,S2,216.0,30.455,22.84
82674,414,S2,219.0,30.297,22.84
82675,414,S2,222.0,30.028,22.84
82676,414,S2,225.0,29.924,22.84
82677,414,S2,228.0,29.724,22.84
82678,414,S2,231.0,29.591,22.84
82679,414,S2,234.0,29.393,22.84
82680,414,S2,237.0,29.228,22.84
82681,414,S2,240.0,29.084,22.84
82682,414,S2,243.0,28.813,22.84
82683,414,S2,246.0,28.633,22.84
82684,414,S2,249.0,28.567,22.84
82685,414,S2,252.0,28.461,22.84
82686,414,S2,255.0,28.168,22.84
82687,414,S2,258.0,28.129,22.84
82688,414,S2,261.0,27.946,22.84
82689,414,S2,264.0,27.797,22.84
82690,414,S2,267.0,27.678,22.84
82691,414,S2,270.0,27.538,22.84
82692,414,S2,273.0,27.516,22.84
82693,414,S2,276.0,27.386,22.84
82694,414,S2,279.0,27.174,22.84
82695,414,S2,282.0,27.031,22.84
82696,414,S2,285.0,26.980,22.84
82697,414,S2,288.0,26.852,22.84
82698,414,S2,291.0,26.748,22.84
82699,414,S2,294.0,26.642,22.84
82700,414,S2,297.0,26.564,22.84
82701,414,S2,300.0,26.507,22.84
82702,414,S2,303.0,26.361,22.84
82703,414,S2,306.0,26.217,22.84
82704,414,S2,309.0,26.140,22.84
82705,414,S2,312.0,26.090,22.84
82706,414,S2,315.0,26.003,22.84
82707,414,S2,318.0,25.836,22.84
82708,414,S2,321.0,25.877,22.84
82709,414,S2,324.0,25.822,22.84
82710,414,S2,327.0,25.753,22.84
82711,414,S2,330.0,25.588,22.84
82712,414,S2,333.0,25.579,22.84
82713,414,S2,336.0,25.437,22.84
82714,414,S2,339.0,25.387,22.84
82715,414,S2,342.0,25.364,22.84
82716,414,S2,345.0,25.265,22.84
82717,414,S2,348.0,25.252,22.84
82718,414,S2,351.0,25.150,22.84
82719,414,S2,354.0,25.088,22.84
82720,414,S2,357.0,25.067,22.84
82721,414,S2,360.0,24.994,22.84
82722,414,S2,363.0,24.989,22.84
82723,414,S2,366.0,24.825,22.84
82724,414,S2,369.0,24.734,22.84
82725,414,S2,372.0,24.751,22.84
82726,414,S2,375.0,24.719,22.84
82727,414,S2,378.0,24.566,22.84
82728,414,S2,381.0,24.645,22.84
82729,414,S2,384.0,24.496,22.84
82730,414,S2,387.0,24.447,22.84
82731,414,S2,390.0,24.403,22.84
82732,414,S2,393.0,24.468,22.84
82733,414,S2,396.0,24.373,22.84
82734,414,S2,399.0,24.398,22.84
82735,414,S2,402.0,24.328,22.84
82736,414,S2,405.0,24.338,22.84
82737,414,S2,408.0,24.267,22.84
82738,414,S2,411.0,24.174,22.84
82739,414,S2,414.0,24.122,22.84
82740,414,S2,417.0,24.124,22.84
82741,414,S2,420.0,23.959,22.84
82742,414,S2,423.0,24.059,22.84
82743,414,S2,426.0,24.138,22.84
82744,414,S2,429.0,24.016,22.84
82745,414,S2,432.0,23.998,22.84
82746,414,S2,435.0,23.807,22.84
82747,414,S2,438.0,23.918,22.84
82748,414,S2,441.0,23.899,22.84
82749,414,S2,444.0,23.901,22.84
82750,414,S2,447.0,23.873,22.84
82751,414,S2,450.0,23.815,22.84
82752,414,S2,453.0,23.807,22.84
82753,414,S2,456.0,23.683,22.84
82754,414,S2,459.0,23.750,22.84
82755,414,S2,462.0,23.793,22.84
82756,414,S2,465.0,23.677,22.84
82757,414,S2,468.0,23.568,22.84
82758,414,S2,471.0,23.602,22.84
82759,414,S2,474.0,23.689,22.84
82760,414,S2,477.0,23.623,22.84
82761,414,S2,480.0,23.546,22.84
82762,414,S2,483.0,23.631,22.84
82763,414,S2,486.0,23.552,22.84
82764,414,S2,489.0,23.431,22.84
82765,414,S2,492.0,23.460,22.84
82766,414,S2,495.0,23.477,22.84
82767,414,S2,498.0,23.485,22.84
82768,414,S2,501.0,23.385,22.84
82769,414,S2,504.0,23.391,22.84
82770,414,S2,507.0,23.387,22.84
82771,414,S2,510.0,23.472,22.84
82772,414,S2,513.0,23.315,22.84
82773,414,S2,516.0,23.327,22.84
82774,414,S2,519.0,23.440,22.84
82775,414,S2,522.0,23.333,22.84
82776,414,S2,525.0,23.186,22.84
82777,414,S2,528.0,23.275,22.84
82778,414,S2,531.0,23.285,22.84
82779,414,S2,534.0,23.398,22.84
82780,414,S2,537.0,23.293,22.84
82781,414,S2,540.0,23.264,22.84
82782,414,S2,543.0,23.213,22.84
82783,414,S2,546.0,23.219,22.84
82784,414,S2,549.0,23.240,22.84
82785,414,S2,552.0,23.211,22.84
82786,414,S2,555.0,23.213,22.84
82787,414,S2,558.0,23.211,22.84
82788,414,S2,561.0,23.234,22.84
82789,414,S2,564.0,23.148,22.84
82790,414,S2,567.0,23.232,22.84
82791,414,S2,570.0,23.112,22.84
82792,414,S2,573.0,23.144,22.84
82793,414,S2,576.0,23.125,22.84
82794,414,S2,579.0,23.147,22.84
82795,414,S2,582.0,23.211,22.84
82796,414,S2,585.0,23.200,22.84
82797,414,S2,588.0,23.073,22.84
82798,414,S2,591.0,23.097,22.84
82799,414,S2,594.0,23.137,22.84
82800,414,S2,597.0,23.024,22.84
82801,415,S3,0.0,80.994,21.62
82802,415,S3,3.0,79.104,21.62
82803,415,S3,6.0,77.225,21.62
82804,415,S3,9.0,75.602,21.62
82805,415,S3,12.0,73.897,21.62
82806,415,S3,15.0,72.277,21.62
82807,415,S3,18.0,70.555,21.62
82808,415,S3,21.0,69.133,21.62
82809,415,S3,24.0,67.618,21.62
82810,415,S3,27.0,66.138,21.62
82811,415,S3,30.0,64.735,21.62
82812,415,S3,33.0,63.429,21.62
82813,415,S3,36.0,62.127,21.62
82814,415,S3,39.0,60.825,21.62
82815,415,S3,42.0,59.630,21.62
82816,415,S3,45.0,58.417,21.62
82817,415,S3,48.0,57.185,21.62
82818,415,S3,51.0,56.118,21.62
82819,415,S3,54.0,55.108,21.62
82820,415,S3,57.0,54.073,21.62
82821,415,S3,60.0,52.916,21.62
82822,415,S3,63.0,52.029,21.62
82823,415,S3,66.0,50.962,21.62
82824,415,S3,69.0,50.093,21.62
82825,415,S3,72.0,49.264,21.62
82826,415,S3,75.0,48.359,21.62
82827,415,S3,78.0,47.363,21.62
82828,415,S3,81.0,46.764,21.62
82829,415,S3,84.0,45.857,21.62
82830,415,S3,87.0,45.148,21.62
82831,415,S3,90.0,44.439,21.62
82832,415,S3,93.0,43.670,21.62
82833,415,S3,96.0,43.090,21.62
82834,415,S3,99.0,42.400,21.62
82835,415,S3,102.0,41.733,21.62
82836,415,S3,105.0,41.036,21.62
82837,415,S3,108.0,40.330,21.62
82838,415,S3,111.0,39.889,21.62
82839,415,S3,114.0,39.279,21.62
82840,415,S3,117.0,38.716,21.62
82841,415,S3,120.0,38.194,21.62
82842,415,S3,123.0,37.561,21.62
82843,415,S3,126.0,37.161,21.62
82844,415,S3,129.0,36.711,21.62
82845,415,S3,132.0,36.342,21.62
82846,415,S3,135.0,35.767,21.62
82847,415,S3,138.0,35.288,21.62
82848,415,S3,141.0,34.831,21.62
82849,415,S3,144.0,34.530,21.62
82850,415,S3,147.0,34.044,21.62
82851,415,S3,150.0,33.712,21.62
82852,415,S3,153.0,33.343,21.62
82853,415,S3,156.0,32.955,21.62
82854,415,S3,159.0,32.532,21.62
82855,415,S3,162.0,32.253,21.62
82856,415,S3,165.0,31.827,21.62
82857,415,S3,168.0,31.503,21.62
82858,415,S3,171.0,31.274,21.62
82859,415,S3,174.0,30.850,21.62
82860,415,S3,177.0,30.637,21.62
82861,415,S3,180.0,30.423,21.62
82862,415,S3,183.0,30.091,21.62
82863,415,S3,186.0,29.795,21.62
82864,415,S3,189.0,29.610,21.62
82865,415,S3,192.0,29.312,21.62
82866,415,S3,195.0,29.144,21.62
82867,415,S3,198.0,28.830,21.62
82868,415,S3,201.0,28.603,21.62
82869,415,S3,204.0,28.412,21.62
82870,415,S3,207.0,28.184,21.62
82871,415,S3,210.0,27.961,21.62
82872,415,S3,213.0,27.736,21.62
82873,415,S3,216.0,27.547,21.62
82874,415,S3,219.0,27.291,21.62
82875,415,S3,222.0,27.270,21.62
82876,415,S3,225.0,27.067,21.62
82877,415,S3,228.0,26.854,21.62
82878,415,S3,231.0,26.733,21.62
82879,415,S3,234.0,26.607,21.62
82880,415,S3,237.0,26.427,21.62
82881,415,S3,240.0,26.203,21.62
82882,415,S3,243.0,26.125,21.62
82883,415,S3,246.0,25.931,21.62
82884,415,S3,249.0,25.831,21.62
82885,415,S3,252.0,25.773,21.62
82886,415,S3,255.0,25.496,21.62
82887,415,S3,258.0,25.538,21.62
82888,415,S3,261.0,25.371,21.62
82889,415,S3,264.0,25.230,21.62
82890,415,S3,267.0,25.032,21.62
82891,415,S3,270.0,24.996,21.62
82892,415,S3,273.0,24.806,21.62
82893,415,S3,276.0,24.834,21.62
82894,415,S3,279.0,24.727,21.62
82895,415,S3,282.0,24.542,21.62
82896,415,S3,285.0,24.473,21.62
82897,415,S3,288.0,24.407,21.62
82898,415,S3,291.0,24.344,21.62
82899,415,S3,294.0,24.235,21.62
82900,415,S3,297.0,24.157,21.62
82901,415,S3,300.0,23.956,21.62
82902,415,S3,303.0,24.018,21.62
82903,415,S3,306.0,23.922,21.62
82904,415,S3,309.0,23.774,21.62
82905,415,S3,312.0,23.782,21.62
82906,415,S3,315.0,23.679,21.62
82907,415,S3,318.0,23.701,21.62
82908,415,S3,321.0,23.523,21.62
82909,415,S3,324.0,23.485,21.62
82910,415,S3,327.0,23.391,21.62
82911,415,S3,330.0,23.346,21.62
82912,415,S3,333.0,23.374,21.62
82913,415,S3,336.0,23.155,21.62
82914,415,S3,339.0,23.170,21.62
82915,415,S3,342.0,23.170,21.62
82916,415,S3,345.0,23.115,21.62
82917,415,S3,348.0,23.139,21.62
82918,415,S3,351.0,23.039,21.62
82919,415,S3,354.0,23.058,21.62
82920,415,S3,357.0,22.945,21.62
82921,415,S3,360.0,22.818,21.62
82922,415,S3,363.0,22.812,21.62
82923,415,S3,366.0,22.884,21.62
82924,415,S3,369.0,22.784,21.62
82925,415,S3,372.0,22.776,21.62
82926,415,S3,375.0,22.699,21.62
82927,415,S3,378.0,22.640,21.62
82928,415,S3,381.0,22.665,21.62
82929,415,S3,384.0,22.651,21.62
82930,415,S3,387.0,22.647,21.62
82931,415,S3,390.0,22.600,21.62
82932,415,S3,393.0,22.495,21.62
82933,415,S3,396.0,22.493,21.62
82934,415,S3,399.0,22.471,21.62
82935,415,S3,402.0,22.406,21.62
82936,415,S3,405.0,22.455,21.62
82937,415,S3,408.0,22.396,21.62
82938,415,S3,411.0,22.347,21.62
82939,415,S3,414.0,22.312,21.62
82940,415,S3,417.0,22.348,21.62
82941,415,S3,420.0,22.353,21.62
82942,415,S3,423.0,22.219,21.62
82943,415,S3,426.0,22.346,21.62
82944,415,S3,429.0,22.133,21.62
82945,415,S3,432.0,22.186,21.62
82946,415,S3,435.0,22.121,21.62
82947,415,S3,438.0,22.174,21.62
82948,415,S3,441.0,22.096,21.62
82949,415,S3,444.0,22.149,21.62
82950,415,S3,447.0,22.178,21.62
82951,415,S3,450.0,22.113,21.62
82952,415,S3,453.0,22.108,21.62
82953,415,S3,456.0,22.070,21.62
82954,415,S3,459.0,22.075,21.62
82955,415,S3,462.0,21.996,21.62
82956,415,S3,465.0,22.010,21.62
82957,415,S3,468.0,22.054,21.62
82958,415,S3,471.0,22.084,21.62
82959,415,S3,474.0,21.985,21.62
82960,415,S3,477.0,22.016,21.62
82961,415,S3,480.0,21.887,21.62
82962,415,S3,483.0,21.962,21.62
82963,415,S3,486.0,22.021,21.62
82964,415,S3,489.0,21.835,21.62
82965,415,S3,492.0,21.995,21.62
82966,415,S3,495.0,22.104,21.62
82967,415,S3,498.0,21.888,21.62
82968,415,S3,501.0,21.930,21.62
82969,415,S3,504.0,21.831,21.62
82970,415,S3,507.0,21.863,21.62
82971,415,S3,510.0,21.919,21.62
82972,415,S3,513.0,21.898,21.62
82973,415,S3,516.0,21.887,21.62
82974,415,S3,519.0,21.828,21.62
82975,415,S3,522.0,21.971,21.62
82976,415,S3,525.0,21.969,21.62
82977,415,S3,528.0,21.857,21.62
82978,415,S3,531.0,21.797,21.62
82979,415,S3,534.0,21.907,21.62
82980,415,S3,537.0,21.742,21.62
82981,415,S3,540.0,21.853,21.62
82982,415,S3,543.0,21.806,21.62
82983,415,S3,546.0,21.803,21.62
82984,415,S3,549.0,21.839,21.62
82985,415,S3,552.0,21.767,21.62
82986,415,S3,555.0,21.755,21.62
82987,415,S3,558.0,21.708,21.62
82988,415,S3,561.0,21.887,21.62
82989,415,S3,564.0,21.733,21.62
82990,415,S3,567.0,21.793,21.62
82991,415,S3,570.0,21.740,21.62
82992,415,S3,573.0,21.770,21.62
82993,415,S3,576.0,21.659,21.62
82994,415,S3,579.0,21.747,21.62
82995,415,S3,582.0,21.814,21.62
82996,415,S3,585.0,21.691,21.62
82997,415,S3,588.0,21.638,21.62
82998,415,S3,591.0,21.732,21.62
82999,415,S3,594.0,21.696,21.62
83000,415,S3,597.0,21.744,21.62
83001,416,S4,0.0,82.636,22.56
83002,416,S4,3.0,81.868,22.56
83003,416,S4,6.0,81.338,22.56
83004,416,S4,9.0,80.446,22.56
83005,416,S4,12.0,79.671,22.56
83006,416,S4,15.0,78.963,22.56
83007,416,S4,18.0,78.255,22.56
83008,416,S4,21.0,77.546,22.56
83009,416,S4,24.0,76.790,22.56
83010,416,S4,27.0,76.174,22.56
83011,416,S4,30.0,75.528,22.56
83012,416,S4,33.0,74.807,22.56
83013,416,S4,36.0,74.044,22.56
83014,416,S4,39.0,73.449,22.56
83015,416,S4,42.0,72.880,22.56
83016,416,S4,45.0,72.126,22.56
83017,416,S4,48.0,71.573,22.56
83018,416,S4,51.0,71.003,22.56
83019,416,S4,54.0,70.355,22.56
83020,416,S4,57.0,69.735,22.56
83021,416,S4,60.0,69.004,22.56
83022,416,S4,63.0,68.421,22.56
83023,416,S4,66.0,67.835,22.56
83024,416,S4,69.0,67.297,22.56
83025,416,S4,72.0,66.675,22.56
83026,416,S4,75.0,66.245,22.56
83027,416,S4,78.0,65.668,22.56
83028,416,S4,81.0,65.131,22.56
83029,416,S4,84.0,64.512,22.56
83030,416,S4,87.0,64.008,22.56
83031,416,S4,90.0,63.516,22.56
83032,416,S4,93.0,62.892,22.56
83033,416,S4,96.0,62.464,22.56
83034,416,S4,99.0,61.870,22.56
83035,416,S4,102.0,61.513,22.56
83036,416,S4,105.0,60.916,22.56
83037,416,S4,108.0,60.404,22.56
83038,416,S4,111.0,59.851,22.56
83039,416,S4,114.0,59.460,22.56
83040,416,S4,117.0,58.917,22.56
83041,416,S4,120.0,58.557,22.56
83042,416,S4,123.0,58.168,22.56
83043,416,S4,126.0,57.563,22.56
83044,416,S4,129.0,57.133,22.56
83045,416,S4,132.0,56.729,22.56
83046,416,S4,135.0,56.348,22.56
83047,416,S4,138.0,55.848,22.56
83048,416,S4,141.0,55.439,22.56
83049,416,S4,144.0,54.922,22.56
83050,416,S4,147.0,54.526,22.56
83051,416,S4,150.0,54.200,22.56
83052,416,S4,153.0,53.805,22.56
83053,416,S4,156.0,53.465,22.56
83054,416,S4,159.0,52.967,22.56
83055,416,S4,162.0,52.671,22.56
83056,416,S4,165.0,52.219,22.56
83057,416,S4,168.0,51.825,22.56
83058,416,S4,171.0,51.542,22.56
83059,416,S4,174.0,51.088,22.56
83060,416,S4,177.0,50.732,22.56
83061,416,S4,180.0,50.430,22.56
83062,416,S4,183.0,50.070,22.56
83063,416,S4,186.0,49.707,22.56
83064,416,S4,189.0,49.356,22.56
83065,416,S4,192.0,48.944,22.56
83066,416,S4,195.0,48.641,22.56
83067,416,S4,198.0,48.389,22.56
83068,416,S4,201.0,47.957,22.56
83069,416,S4,204.0,47.722,22.56
83070,416,S4,207.0,47.352,22.56
83071,416,S4,210.0,46.950,22.56
83072,416,S4,213.0,46.643,22.56
83073,416,S4,216.0,46.482,22.56
83074,416,S4,219.0,46.148,22.56
83075,416,S4,222.0,45.897,22.56
83076,416,S4,225.0,45.523,22.56
83077,416,S4,228.0,45.199,22.56
83078,416,S4,231.0,44.905,22.56
83079,416,S4,234.0,44.629,22.56
83080,416,S4,237.0,44.264,22.56
83081,416,S4,240.0,44.157,22.56
83082,416,S4,243.0,43.829,22.56
83083,416,S4,246.0,43.650,22.56
83084,416,S4,249.0,43.287,22.56
83085,416,S4,252.0,43.029,22.56
83086,416,S4,255.0,42.876,22.56
83087,416,S4,258.0,42.541,22.56
83088,416,S4,261.0,42.198,22.56
83089,416,S4,264.0,41.971,22.56
83090,416,S4,267.0,41.795,22.56
83091,416,S4,270.0,41.549,22.56
83092,416,S4,273.0,41.171,22.56
83093,416,S4,276.0,40.979,22.56
83094,416,S4,279.0,40.790,22.56
83095,416,S4,282.0,40.541,22.56
83096,416,S4,285.0,40.344,22.56
83097,416,S4,288.0,40.084,22.56
83098,416,S4,291.0,39.876,22.56
83099,416,S4,294.0,39.699,22.56
83100,416,S4,297.0,39.503,22.56
83101,416,S4,300.0,39.273,22.56
83102,416,S4,303.0,39.024,22.56
83103,416,S4,306.0,38.751,22.56
83104,416,S4,309.0,38.581,22.56
83105,416,S4,312.0,38.411,22.56
83106,416,S4,315.0,38.201,22.56
83107,416,S4,318.0,38.074,22.56
83108,416,S4,321.0,37.727,22.56
83109,416,S4,324.0,37.599,22.56
83110,416,S4,327.0,37.440,22.56
83111,416,S4,330.0,37.185,22.56
83112,416,S4,333.0,36.983,22.56
83113,416,S4,336.0,36.792,22.56
83114,416,S4,339.0,36.688,22.56
83115,416,S4,342.0,36.488,22.56
83116,416,S4,345.0,36.386,22.56
83117,416,S4,348.0,36.159,22.56
83118,416,S4,351.0,36.005,22.56
83119,416,S4,354.0,35.696,22.56
83120,416,S4,357.0,35.604,22.56
83121,416,S4,360.0,35.441,22.56
83122,416,S4,363.0,35.179,22.56
83123,416,S4,366.0,35.149,22.56
83124,416,S4,369.0,34.903,22.56
83125,416,S4,372.0,34.874,22.56
83126,416,S4,375.0,34.661,22.56
83127,416,S4,378.0,34.535,22.56
83128,416,S4,381.0,34.261,22.56
83129,416,S4,384.0,34.241,22.56
83130,416,S4,387.0,34.155,22.56
83131,416,S4,390.0,33.894,22.56
83132,416,S4,393.0,33.745,22.56
83133,416,S4,396.0,33.619,22.56
83134,416,S4,399.0,33.560,22.56
83135,416,S4,402.0,33.321,22.56
83136,416,S4,405.0,33.146,22.56
83137,416,S4,408.0,33.010,22.56
83138,416,S4,411.0,33.013,22.56
83139,416,S4,414.0,32.743,22.56
83140,416,S4,417.0,32.685,22.56
83141,416,S4,420.0,32.531,22.56
83142,416,S4,423.0,32.377,22.56
83143,416,S4,426.0,32.303,22.56
83144,416,S4,429.0,32.218,22.56
83145,416,S4,432.0,31.974,22.56
83146,416,S4,435.0,31.826,22.56
83147,416,S4,438.0,31.845,22.56
83148,416,S4,441.0,31.731,22.56
83149,416,S4,444.0,31.569,22.56
83150,416,S4,447.0,31.458,22.56
83151,416,S4,450.0,31.394,22.56
83152,416,S4,453.0,31.284,22.56
83153,416,S4,456.0,31.157,22.56
83154,416,S4,459.0,31.028,22.56
83155,416,S4,462.0,30.828,22.56
83156,416,S4,465.0,30.768,22.56
83157,416,S4,468.0,30.640,22.56
83158,416,S4,471.0,30.706,22.56
83159,416,S4,474.0,30.492,22.56
83160,416,S4,477.0,30.284,22.56
83161,416,S4,480.0,30.282,22.56
83162,416,S4,483.0,30.237,22.56
83163,416,S4,486.0,30.069,22.56
83164,416,S4,489.0,30.067,22.56
83165,416,S4,492.0,29.776,22.56
83166,416,S4,495.0,29.763,22.56
83167,416,S4,498.0,29.781,22.56
83168,416,S4,501.0,29.552,22.56
83169,416,S4,504.0,29.505,22.56
83170,416,S4,507.0,29.342,22.56
83171,416,S4,510.0,29.334,22.56
83172,416,S4,513.0,29.283,22.56
83173,416,S4,516.0,29.149,22.56
83174,416,S4,519.0,29.116,22.56
83175,416,S4,522.0,29.021,22.56
83176,416,S4,525.0,28.934,22.56
83177,416,S4,528.0,28.777,22.56
83178,416,S4,531.0,28.713,22.56
83179,416,S4,534.0,28.702,22.56
83180,416,S4,537.0,28.547,22.56
83181,416,S4,540.0,28.502,22.56
83182,416,S4,543.0,28.473,22.56
83183,416,S4,546.0,28.378,22.56
83184,416,S4,549.0,28.210,22.56
83185,416,S4,552.0,28.312,22.56
83186,416,S4,555.0,28.061,22.56
83187,416,S4,558.0,28.083,22.56
83188,416,S4,561.0,28.004,22.56
83189,416,S4,564.0,27.942,22.56
83190,416,S4,567.0,27.867,22.56
83191,416,S4,570.0,27.836,22.56
83192,416,S4,573.0,27.737,22.56
83193,416,S4,576.0,27.656,22.56
83194,416,S4,579.0,27.583,22.56
83195,416,S4,582.0,27.598,22.56
83196,416,S4,585.0,27.496,22.56
83197,416,S4,588.0,27.353,22.56
83198,416,S4,591.0,27.338,22.56
83199,416,S4,594.0,27.329,22.56
83200,416,S4,597.0,27.213,22.56
83201,417,S1,0.0,85.563,21.30
83202,417,S1,3.0,84.494,21.30
83203,417,S1,6.0,83.375,21.30
83204,417,S1,9.0,82.318,21.30
83205,417,S1,12.0,81.390,21.30
83206,417,S1,15.0,80.352,21.30
83207,417,S1,18.0,79.265,21.30
83208,417,S1,21.0,78.343,21.30
83209,417,S1,24.0,77.373,21.30
83210,417,S1,27.0,76.328,21.30
83211,417,S1,30.0,75.363,21.30
83212,417,S1,33.0,74.569,21.30
83213,417,S1,36.0,73.640,21.30
83214,417,S1,39.0,72.711,21.30
83215,417,S1,42.0,71.866,21.30
83216,417,S1,45.0,70.992,21.30
83217,417,S1,48.0,70.285,21.30
83218,417,S1,51.0,69.431,21.30
83219,417,S1,54.0,68.605,21.30
83220,417,S1,57.0,67.732,21.30
83221,417,S1,60.0,66.909,21.30
83222,417,S1,63.0,66.142,21.30
83223,417,S1,66.0,65.397,21.30
83224,417,S1,69.0,64.659,21.30
83225,417,S1,72.0,63.891,21.30
83226,417,S1,75.0,63.233,21.30
83227,417,S1,78.0,62.495,21.30
83228,417,S1,81.0,61.834,21.30
83229,417,S1,84.0,61.032,21.30
83230,417,S1,87.0,60.499,21.30
83231,417,S1,90.0,59.843,21.30
83232,417,S1,93.0,59.147,21.30
83233,417,S1,96.0,58.382,21.30
83234,417,S1,99.0,57.831,21.30
83235,417,S1,102.0,57.204,21.30
83236,417,S1,105.0,56.633,21.30
83237,417,S1,108.0,55.933,21.30
83238,417,S1,111.0,55.394,21.30
83239,417,S1,114.0,54.858,21.30
83240,417,S1,117.0,54.277,21.30
83241,417,S1,120.0,53.749,21.30
83242,417,S1,123.0,53.153,21.30
83243,417,S1,126.0,52.633,21.30
83244,417,S1,129.0,52.200,21.30
83245,417,S1,132.0,51.585,21.30
83246,417,S1,135.0,51.066,21.30
83247,417,S1,138.0,50.575,21.30
83248,417,S1,141.0,50.081,21.30
83249,417,S1,144.0,49.566,21.30
83250,417,S1,147.0,49.146,21.30
83251,417,S1,150.0,48.526,21.30
83252,417,S1,153.0,48.131,21.30
83253,417,S1,156.0,47.773,21.30
83254,417,S1,159.0,47.176,21.30
83255,417,S1,162.0,46.745,21.30
83256,417,S1,165.0,46.355,21.30
83257,417,S1,168.0,45.881,21.30
83258,417,S1,171.0,45.544,21.30
83259,417,S1,174.0,45.188,21.30
83260,417,S1,177.0,44.727,21.30
83261,417,S1,180.0,44.363,21.30
83262,417,S1,183.0,43.974,21.30
83263,417,S1,186.0,43.583,21.30
83264,417,S1,189.0,43.240,21.30
83265,417,S1,192.0,42.852,21.30
83266,417,S1,195.0,42.413,21.30
83267,417,S1,198.0,42.085,21.30
83268,417,S1,201.0,41.699,21.30
83269,417,S1,204.0,41.371,21.30
83270,417,S1,207.0,41.039,21.30
83271,417,S1,210.0,40.767,21.30
83272,417,S1,213.0,40.393,21.30
83273,417,S1,216.0,40.035,21.30
83274,417,S1,219.0,39.812,21.30
83275,417,S1,222.0,39.425,21.30
83276,417,S1,225.0,39.043,21.30
83277,417,S1,228.0,38.740,21.30
83278,417,S1,231.0,38.511,21.30
83279,417,S1,234.0,38.264,21.30
83280,417,S1,237.0,38.001,21.30
83281,417,S1,240.0,37.687,21.30
83282,417,S1,243.0,37.353,21.30
83283,417,S1,246.0,37.143,21.30
83284,417,S1,249.0,36.760,21.30
83285,417,S1,252.0,36.506,21.30
83286,417,S1,255.0,36.341,21.30
83287,417,S1,258.0,36.018,21.30
83288,417,S1,261.0,35.894,21.30
83289,417,S1,264.0,35.570,21.30
83290,417,S1,267.0,35.300,21.30
83291,417,S1,270.0,35.138,21.30
83292,417,S1,273.0,34.756,21.30
83293,417,S1,276.0,34.602,21.30
83294,417,S1,279.0,34.404,21.30
83295,417,S1,282.0,34.132,21.30
83296,417,S1,285.0,33.990,21.30
83297,417,S1,288.0,33.760,21.30
83298,417,S1,291.0,33.526,21.30
83299,417,S1,294.0,33.381,21.30
83300,417,S1,297.0,33.083,21.30
83301,417,S1,300.0,32.971,21.30
83302,417,S1,303.0,32.769,21.30
83303,417,S1,306.0,32.512,21.30
83304,417,S1,309.0,32.361,21.30
83305,417,S1,312.0,32.180,21.30
83306,417,S1,315.0,31.962,21.30
83307,417,S1,318.0,31.647,21.30
83308,417,S1,321.0,31.569,21.30
83309,417,S1,324.0,31.395,21.30
83310,417,S1,327.0,31.213,21.30
83311,417,S1,330.0,31.116,21.30
83312,417,S1,333.0,30.907,21.30
83313,417,S1,336.0,30.784,21.30
83314,417,S1,339.0,30.530,21.30
83315,417,S1,342.0,30.451,21.30
83316,417,S1,345.0,30.326,21.30
83317,417,S1,348.0,30.132,21.30
83318,417,S1,351.0,29.988,21.30
83319,417,S1,354.0,29.870,21.30
83320,417,S1,357.0,29.700,21.30
83321,417,S1,360.0,29.515,21.30
83322,417,S1,363.0,29.371,21.30
83323,417,S1,366.0,29.235,21.30
83324,417,S1,369.0,29.112,21.30
83325,417,S1,372.0,29.010,21.30
83326,417,S1,375.0,28.949,21.30
83327,417,S1,378.0,28.785,21.30
83328,417,S1,381.0,28.592,21.30
83329,417,S1,384.0,28.518,21.30
83330,417,S1,387.0,28.437,21.30
83331,417,S1,390.0,28.340,21.30
83332,417,S1,393.0,28.184,21.30
83333,417,S1,396.0,28.120,21.30
83334,417,S1,399.0,27.763,21.30
83335,417,S1,402.0,27.737,21.30
83336,417,S1,405.0,27.733,21.30
83337,417,S1,408.0,27.433,21.30
83338,417,S1,411.0,27.462,21.30
83339,417,S1,414.0,27.357,21.30
83340,417,S1,417.0,27.222,21.30
83341,417,S1,420.0,27.141,21.30
83342,417,S1,423.0,26.982,21.30
83343,417,S1,426.0,26.919,21.30
83344,417,S1,429.0,26.979,21.30
83345,417,S1,432.0,26.730,21.30
83346,417,S1,435.0,26.653,21.30
83347,417,S1,438.0,26.518,21.30
83348,417,S1,441.0,26.458,21.30
83349,417,S1,444.0,26.368,21.30
83350,417,S1,447.0,26.353,21.30
83351,417,S1,450.0,26.213,21.30
83352,417,S1,453.0,26.090,21.30
83353,417,S1,456.0,25.987,21.30
83354,417,S1,459.0,26.103,21.30
83355,417,S1,462.0,25.900,21.30
83356,417,S1,465.0,25.911,21.30
83357,417,S1,468.0,25.828,21.30
83358,417,S1,471.0,25.746,21.30
83359,417,S1,474.0,25.588,21.30
83360,417,S1,477.0,25.557,21.30
83361,417,S1,480.0,25.511,21.30
83362,417,S1,483.0,25.426,21.30
83363,417,S1,486.0,25.380,21.30
83364,417,S1,489.0,25.284,21.30
83365,417,S1,492.0,25.135,21.30
83366,417,S1,495.0,25.120,21.30
83367,417,S1,498.0,25.112,21.30
83368,417,S1,501.0,24.970,21.30
83369,417,S1,504.0,24.783,21.30
83370,417,S1,507.0,24.784,21.30
83371,417,S1,510.0,24.802,21.30
83372,417,S1,513.0,24.815,21.30
83373,417,S1,516.0,24.713,21.30
83374,417,S1,519.0,24.658,21.30
83375,417,S1,522.0,24.636,21.30
83376,417,S1,525.0,24.465,21.30
83377,417,S1,528.0,24.477,21.30
83378,417,S1,531.0,24.353,21.30
83379,417,S1,534.0,24.350,21.30
83380,417,S1,537.0,24.341,21.30
83381,417,S1,540.0,24.235,21.30
83382,417,S1,543.0,24.203,21.30
83383,417,S1,546.0,24.138,21.30
83384,417,S1,549.0,24.034,21.30
83385,417,S1,552.0,24.052,21.30
83386,417,S1,555.0,24.108,21.30
83387,417,S1,558.0,23.895,21.30
83388,417,S1,561.0,23.903,21.30
83389,417,S1,564.0,23.853,21.30
83390,417,S1,567.0,23.833,21.30
83391,417,S1,570.0,23.890,21.30
83392,417,S1,573.0,23.824,21.30
83393,417,S1,576.0,23.754,21.30
83394,417,S1,579.0,23.746,21.30
83395,417,S1,582.0,23.625,21.30
83396,417,S1,585.0,23.569,21.30
83397,417,S1,588.0,23.553,21.30
83398,417,S1,591.0,23.500,21.30
83399,417,S1,594.0,23.483,21.30
83400,417,S1,597.0,23.454,21.30
83401,418,S2,0.0,88.563,21.02
83402,418,S2,3.0,87.165,21.02
83403,418,S2,6.0,85.737,21.02
83404,418,S2,9.0,84.466,21.02
83405,418,S2,12.0,83.198,21.02
83406,418,S2,15.0,81.913,21.02
83407,418,S2,18.0,80.622,21.02
83408,418,S2,21.0,79.412,21.02
83409,418,S2,24.0,78.374,21.02
83410,418,S2,27.0,76.998,21.02
83411,418,S2,30.0,75.920,21.02
83412,418,S2,33.0,74.763,21.02
83413,418,S2,36.0,73.724,21.02
83414,418,S2,39.0,72.610,21.02
83415,418,S2,42.0,71.584,21.02
83416,418,S2,45.0,70.509,21.02
83417,418,S2,48.0,69.466,21.02
83418,418,S2,51.0,68.527,21.02
83419,418,S2,54.0,67.464,21.02
83420,418,S2,57.0,66.568,21.02
83421,418,S2,60.0,65.679,21.02
83422,418,S2,63.0,64.755,21.02
83423,418,S2,66.0,63.721,21.02
83424,418,S2,69.0,63.000,21.02
83425,418,S2,72.0,62.011,21.02
83426,418,S2,75.0,61.208,21.02
83427,418,S2,78.0,60.415,21.02
83428,418,S2,81.0,59.526,21.02
83429,418,S2,84.0,58.781,21.02
83430,418,S2,87.0,58.038,21.02
83431,418,S2,90.0,57.270,21.02
83432,418,S2,93.0,56.452,21.02
83433,418,S2,96.0,55.791,21.02
83434,418,S2,99.0,55.086,21.02
83435,418,S2,102.0,54.405,21.02
83436,418,S2,105.0,53.631,21.02
83437,418,S2,108.0,53.052,21.02
83438,418,S2,111.0,52.378,21.02
83439,418,S2,114.0,51.714,21.02
83440,418,S2,117.0,51.049,21.02
83441,418,S2,120.0,50.399,21.02
83442,418,S2,123.0,49.795,21.02
83443,418,S2,126.0,49.261,21.02
83444,418,S2,129.0,48.584,21.02
83445,418,S2,132.0,48.152,21.02
83446,418,S2,135.0,47.530,21.02
83447,418,S2,138.0,47.056,21.02
83448,418,S2,141.0,46.506,21.02
83449,418,S2,144.0,45.917,21.02
83450,418,S2,147.0,45.529,21.02
83451,418,S2,150.0,44.870,21.02
83452,418,S2,153.0,44.541,21.02
83453,418,S2,156.0,43.965,21.02
83454,418,S2,159.0,43.588,21.02
83455,418,S2,162.0,42.976,21.02
83456,418,S2,165.0,42.563,21.02
83457,418,S2,168.0,42.139,21.02
83458,418,S2,171.0,41.641,21.02
83459,418,S2,174.0,41.363,21.02
83460,418,S2,177.0,40.853,21.02
83461,418,S2,180.0,40.446,21.02
83462,418,S2,183.0,40.056,21.02
83463,418,S2,186.0,39.634,21.02
83464,418,S2,189.0,39.380,21.02
83465,418,S2,192.0,38.867,21.02
83466,418,S2,195.0,38.633,21.02
83467,418,S2,198.0,38.165,21.02
83468,418,S2,201.0,37.836,21.02
83469,418,S2,204.0,37.428,21.02
83470,418,S2,207.0,37.129,21.02
83471,418,S2,210.0,36.885,21.02
83472,418,S2,213.0,36.510,21.02
83473,418,S2,216.0,36.197,21.02
83474,418,S2,219.0,35.806,21.02
83475,418,S2,222.0,35.578,21.02
83476,418,S2,225.0,35.297,21.02
83477,418,S2,228.0,34.943,21.02
83478,418,S2,231.0,34.640,21.02
83479,418,S2,234.0,34.416,21.02
83480,418,S2,237.0,34.114,21.02
83481,418,S2,240.0,33.836,21.02
83482,418,S2,243.0,33.621,21.02
83483,418,S2,246.0,33.395,21.02
83484,418,S2,249.0,33.124,21.02
83485,418,S2,252.0,32.838,21.02
83486,418,S2,255.0,32.563,21.02
83487,418,S2,258.0,32.388,21.02
83488,418,S2,261.0,32.075,21.02
83489,418,S2,264.0,31.958,21.02
83490,418,S2,267.0,31.554,21.02
83491,418,S2,270.0,31.427,21.02
83492,418,S2,273.0,31.247,21.02
83493,418,S2,276.0,31.018,21.02
83494,418,S2,279.0,30.773,21.02
83495,418,S2,282.0,30.590,21.02
83496,418,S2,285.0,30.502,21.02
83497,418,S2,288.0,30.150,21.02
83498,418,S2,291.0,30.083,21.02
83499,418,S2,294.0,29.877,21.02
83500,418,S2,297.0,29.686,21.02
83501,418,S2,300.0,29.542,21.02
83502,418,S2,303.0,29.373,21.02
83503,418,S2,306.0,29.104,21.02
83504,418,S2,309.0,29.020,21.02
83505,418,S2,312.0,28.787,21.02
83506,418,S2,315.0,28.688,21.02
83507,418,S2,318.0,28.523,21.02
83508,418,S2,321.0,28.374,21.02
83509,418,S2,324.0,28.157,21.02
83510,418,S2,327.0,28.095,21.02
83511,418,S2,330.0,27.868,21.02
83512,418,S2,333.0,27.803,21.02
83513,418,S2,336.0,27.640,21.02
83514,418,S2,339.0,27.531,21.02
83515,418,S2,342.0,27.343,21.02
83516,418,S2,345.0,27.232,21.02
83517,418,S2,348.0,27.149,21.02
83518,418,S2,351.0,26.882,21.02
83519,418,S2,354.0,26.867,21.02
83520,418,S2,357.0,26.653,21.02
83521,418,S2,360.0,26.689,21.02
83522,418,S2,363.0,26.487,21.02
83523,418,S2,366.0,26.362,21.02
83524,418,S2,369.0,26.293,21.02
83525,418,S2,372.0,26.173,21.02
83526,418,S2,375.0,26.139,21.02
83527,418,S2,378.0,25.951,21.02
83528,418,S2,381.0,25.781,21.02
83529,418,S2,384.0,25.811,21.02
83530,418,S2,387.0,25.634,21.02
83531,418,S2,390.0,25.589,21.02
83532,418,S2,393.0,25.456,21.02
83533,418,S2,396.0,25.373,21.02
83534,418,S2,399.0,25.362,21.02
83535,418,S2,402.0,25.200,21.02
83536,418,S2,405.0,25.203,21.02
83537,418,S2,408.0,25.000,21.02
83538,418,S2,411.0,24.870,21.02
83539,418,S2,414.0,24.892,21.02
83540,418,S2,417.0,24.806,21.02
83541,418,S2,420.0,24.699,21.02
83542,418,S2,423.0,24.557,21.02
83543,418,S2,426.0,24.541,21.02
83544,418,S2,429.0,24.553,21.02
83545,418,S2,432.0,24.483,21.02
83546,418,S2,435.0,24.319,21.02
83547,418,S2,438.0,24.298,21.02
83548,418,S2,441.0,24.053,21.02
83549,418,S2,444.0,24.141,21.02
83550,418,S2,447.0,24.091,21.02
83551,418,S2,450.0,24.081,21.02
83552,418,S2,453.0,23.877,21.02
83553,418,S2,456.0,23.929,21.02
83554,418,S2,459.0,23.847,21.02
83555,418,S2,462.0,23.853,21.02
83556,418,S2,465.0,23.736,21.02
83557,418,S2,468.0,23.672,21.02
83558,418,S2,471.0,23.516,21.02
83559,418,S2,474.0,23.561,21.02
83560,418,S2,477.0,23.512,21.02
83561,418,S2,480.0,23.452,21.02
83562,418,S2,483.0,23.410,21.02
83563,418,S2,486.0,23.413,21.02
83564,418,S2,489.0,23.330,21.02
83565,418,S2,492.0,23.342,21.02
83566,418,S2,495.0,23.176,21.02
83567,418,S2,498.0,23.261,21.02
83568,418,S2,501.0,23.079,21.02
83569,418,S2,504.0,23.089,21.02
83570,418,S2,507.0,23.086,21.02
83571,418,S2,510.0,22.886,21.02
83572,418,S2,513.0,22.922,21.02
83573,418,S2,516.0,22.866,21.02
83574,418,S2,519.0,22.816,21.02
83575,418,S2,522.0,22.813,21.02
83576,418,S2,525.0,22.688,21.02
83577,418,S2,528.0,22.731,21.02
83578,418,S2,531.0,22.737,21.02
83579,418,S2,534.0,22.730,21.02
83580,418,S2,537.0,22.634,21.02
83581,418,S2,540.0,22.595,21.02
83582,418,S2,543.0,22.602,21.02
83583,418,S2,546.0,22.507,21.02
83584,418,S2,549.0,22.502,21.02
83585,418,S2,552.0,22.540,21.02
83586,418,S2,555.0,22.486,21.02
83587,418,S2,558.0,22.383,21.02
83588,418,S2,561.0,22.478,21.02
83589,418,S2,564.0,22.344,21.02
83590,418,S2,567.0,22.323,21.02
83591,418,S2,570.0,22.286,21.02
83592,418,S2,573.0,22.210,21.02
83593,418,S2,576.0,22.326,21.02
83594,418,S2,579.0,22.295,21.02
83595,418,S2,582.0,22.289,21.02
83596,418,S2,585.0,22.233,21.02
83597,418,S2,588.0,22.164,21.02
83598,418,S2,591.0,22.101,21.02
83599,418,S2,594.0,22.093,21.02
83600,418,S2,597.0,22.112,21.02
83601,419,S3,0.0,76.909,22.11
83602,419,S3,3.0,75.704,22.11
83603,419,S3,6.0,74.448,22.11
83604,419,S3,9.0,73.272,22.11
83605,419,S3,12.0,72.154,22.11
83606,419,S3,15.0,70.994,22.11
83607,419,S3,18.0,70.028,22.11
83608,419,S3,21.0,68.910,22.11
83609,419,S3,24.0,67.912,22.11
83610,419,S3,27.0,66.770,22.11
83611,419,S3,30.0,65.911,22.11
83612,419,S3,33.0,64.876,22.11
83613,419,S3,36.0,63.924,22.11
83614,419,S3,39.0,63.037,22.11
83615,419,S3,42.0,62.179,22.11
83616,419,S3,45.0,61.200,22.11
83617,419,S3,48.0,60.261,22.11
83618,419,S3,51.0,59.557,22.11
83619,419,S3,54.0,58.622,22.11
83620,419,S3,57.0,57.830,22.11
83621,419,S3,60.0,56.957,22.11
83622,419,S3,63.0,56.204,22.11
83623,419,S3,66.0,55.601,22.11
83624,419,S3,69.0,54.743,22.11
83625,419,S3,72.0,54.041,22.11
83626,419,S3,75.0,53.331,22.11
83627,419,S3,78.0,52.642,22.11
83628,419,S3,81.0,51.886,22.11
83629,419,S3,84.0,51.325,22.11
83630,419,S3,87.0,50.590,22.11
83631,419,S3,90.0,49.887,22.11
83632,419,S3,93.0,49.268,22.11
83633,419,S3,96.0,48.835,22.11
83634,419,S3,99.0,48.150,22.11
83635,419,S3,102.0,47.534,22.11
83636,419,S3,105.0,47.000,22.11
83637,419,S3,108.0,46.488,22.11
83638,419,S3,111.0,45.911,22.11
83639,419,S3,114.0,45.443,22.11
83640,419,S3,117.0,44.794,22.11
83641,419,S3,120.0,44.363,22.11
83642,419,S3,123.0,43.813,22.11
83643,419,S3,126.0,43.304,22.11
83644,419,S3,129.0,42.861,22.11
83645,419,S3,132.0,42.438,22.11
83646,419,S3,135.0,42.038,22.11
83647,419,S3,138.0,41.535,22.11
83648,419,S3,141.0,41.091,22.11
83649,419,S3,144.0,40.632,22.11
83650,419,S3,147.0,40.201,22.11
83651,419,S3,150.0,39.901,22.11
83652,419,S3,153.0,39.532,22.11
83653,419,S3,156.0,39.152,22.11
83654,419,S3,159.0,38.733,22.11
83655,419,S3,162.0,38.343,22.11
83656,419,S3,165.0,37.990,22.11
83657,419,S3,168.0,37.582,22.11
83658,419,S3,171.0,37.251,22.11
83659,419,S3,174.0,36.888,22.11
83660,419,S3,177.0,36.645,22.11
83661,419,S3,180.0,36.281,22.11
83662,419,S3,183.0,35.919,22.11
83663,419,S3,186.0,35.697,22.11
83664,419,S3,189.0,35.436,22.11
83665,419,S3,192.0,35.026,22.11
83666,419,S3,195.0,34.808,22.11
83667,419,S3,198.0,34.465,22.11
83668,419,S3,201.0,34.245,22.11
83669,419,S3,204.0,33.919,22.11
83670,419,S3,207.0,33.716,22.11
83671,419,S3,210.0,33.391,22.11
83672,419,S3,213.0,33.119,22.11
83673,419,S3,216.0,32.902,22.11
83674,419,S3,219.0,32.708,22.11
83675,419,S3,222.0,32.551,22.11
83676,419,S3,225.0,32.324,22.11
83677,419,S3,228.0,32.049,22.11
83678,419,S3,231.0,31.779,22.11
83679,419,S3,234.0,31.607,22.11
83680,419,S3,237.0,31.436,22.11
83681,419,S3,240.0,31.155,22.11
83682,419,S3,243.0,30.901,22.11
83683,419,S3,246.0,30.805,22.11
83684,419,S3,249.0,30.412,22.11
83685,419,S3,252.0,30.428,22.11
83686,419,S3,255.0,30.182,22.11
83687,419,S3,258.0,29.998,22.11
83688,419,S3,261.0,29.888,22.11
83689,419,S3,264.0,29.709,22.11
83690,419,S3,267.0,29.432,22.11
83691,419,S3,270.0,29.378,22.11
83692,419,S3,273.0,29.156,22.11
83693,419,S3,276.0,29.051,22.11
83694,419,S3,279.0,28.784,22.11
83695,419,S3,282.0,28.634,22.11
83696,419,S3,285.0,28.579,22.11
83697,419,S3,288.0,28.424,22.11
83698,419,S3,291.0,28.226,22.11
83699,419,S3,294.0,28.129,22.11
83700,419,S3,297.0,28.110,22.11
83701,419,S3,300.0,27.958,22.11
83702,419,S3,303.0,27.687,22.11
83703,419,S3,306.0,27.566,22.11
83704,419,S3,309.0,27.496,22.11
83705,419,S3,312.0,27.297,22.11
83706,419,S3,315.0,27.317,22.11
83707,419,S3,318.0,27.140,22.11
83708,419,S3,321.0,27.027,22.11
83709,419,S3,324.0,26.930,22.11
83710,419,S3,327.0,26.769,22.11
83711,419,S3,330.0,26.648,22.11
83712,419,S3,333.0,26.661,22.11
83713,419,S3,336.0,26.513,22.11
83714,419,S3,339.0,26.447,22.11
83715,419,S3,342.0,26.228,22.11
83716,419,S3,345.0,26.297,22.11
83717,419,S3,348.0,26.142,22.11
83718,419,S3,351.0,25.995,22.11
83719,419,S3,354.0,25.944,22.11
83720,419,S3,357.0,25.855,22.11
83721,419,S3,360.0,25.809,22.11
83722,419,S3,363.0,25.667,22.11
83723,419,S3,366.0,25.572,22.11
83724,419,S3,369.0,25.490,22.11
83725,419,S3,372.0,25.483,22.11
83726,419,S3,375.0,25.359,22.11
83727,419,S3,378.0,25.344,22.11
83728,419,S3,381.0,25.253,22.11
83729,419,S3,384.0,25.273,22.11
83730,419,S3,387.0,25.089,22.11
83731,419,S3,390.0,25.057,22.11
83732,419,S3,393.0,25.048,22.11
83733,419,S3,396.0,24.870,22.11
83734,419,S3,399.0,24.796,22.11
83735,419,S3,402.0,24.776,22.11
83736,419,S3,405.0,24.684,22.11
83737,419,S3,408.0,24.728,22.11
83738,419,S3,411.0,24.637,22.11
83739,419,S3,414.0,24.580,22.11
83740,419,S3,417.0,24.538,22.11
83741,419,S3,420.0,24.479,22.11
83742,419,S3,423.0,24.337,22.11
83743,419,S3,426.0,24.354,22.11
83744,419,S3,429.0,24.350,22.11
83745,419,S3,432.0,24.239,22.11
83746,419,S3,435.0,24.204,22.11
83747,419,S3,438.0,24.137,22.11
83748,419,S3,441.0,24.112,22.11
83749,419,S3,444.0,23.985,22.11
83750,419,S3,447.0,23.918,22.11
83751,419,S3,450.0,24.068,22.11
83752,419,S3,453.0,24.031,22.11
83753,419,S3,456.0,23.894,22.11
83754,419,S3,459.0,23.803,22.11
83755,419,S3,462.0,23.810,22.11
83756,419,S3,465.0,23.780,22.11
83757,419,S3,468.0,23.717,22.11
83758,419,S3,471.0,23.730,22.11
83759,419,S3,474.0,23.619,22.11
83760,419,S3,477.0,23.594,22.11
83761,419,S3,480.0,23.574,22.11
83762,419,S3,483.0,23.595,22.11
83763,419,S3,486.0,23.510,22.11
83764,419,S3,489.0,23.486,22.11
83765,419,S3,492.0,23.467,22.11
83766,419,S3,495.0,23.433,22.11
83767,419,S3,498.0,23.360,22.11
83768,419,S3,501.0,23.369,22.11
83769,419,S3,504.0,23.357,22.11
83770,419,S3,507.0,23.305,22.11
83771,419,S3,510.0,23.347,22.11
83772,419,S3,513.0,23.233,22.11
83773,419,S3,516.0,23.327,22.11
83774,419,S3,519.0,23.252,22.11
83775,419,S3,522.0,23.218,22.11
83776,419,S3,525.0,23.194,22.11
83777,419,S3,528.0,23.139,22.11
83778,419,S3,531.0,23.201,22.11
83779,419,S3,534.0,23.014,22.11
83780,419,S3,537.0,23.033,22.11
83781,419,S3,540.0,23.047,22.11
83782,419,S3,543.0,22.942,22.11
83783,419,S3,546.0,22.986,22.11
83784,419,S3,549.0,23.039,22.11
83785,419,S3,552.0,23.072,22.11
83786,419,S3,555.0,22.935,22.11
83787,419,S3,558.0,23.018,22.11
83788,419,S3,561.0,22.845,22.11
83789,419,S3,564.0,22.905,22.11
83790,419,S3,567.0,22.964,22.11
83791,419,S3,570.0,22.864,22.11
83792,419,S3,573.0,22.846,22.11
83793,419,S3,576.0,22.881,22.11
83794,419,S3,579.0,22.828,22.11
83795,419,S3,582.0,22.860,22.11
83796,419,S3,585.0,22.803,22.11
83797,419,S3,588.0,22.693,22.11
83798,419,S3,591.0,22.737,22.11
83799,419,S3,594.0,22.758,22.11
83800,419,S3,597.0,22.738,22.11
83801,420,S4,0.0,86.781,22.10
83802,420,S4,3.0,84.879,22.10
83803,420,S4,6.0,83.172,22.10
83804,420,S4,9.0,81.516,22.10
83805,420,S4,12.0,79.851,22.10
83806,420,S4,15.0,78.289,22.10
83807,420,S4,18.0,76.678,22.10
83808,420,S4,21.0,75.287,22.10
83809,420,S4,24.0,73.805,22.10
83810,420,S4,27.0,72.219,22.10
83811,420,S4,30.0,70.905,22.10
83812,420,S4,33.0,69.540,22.10
83813,420,S4,36.0,68.218,22.10
83814,420,S4,39.0,67.019,22.10
83815,420,S4,42.0,65.693,22.10
83816,420,S4,45.0,64.397,22.10
83817,420,S4,48.0,63.361,22.10
83818,420,S4,51.0,62.170,22.10
83819,420,S4,54.0,61.053,22.10
83820,420,S4,57.0,60.040,22.10
83821,420,S4,60.0,58.943,22.10
83822,420,S4,63.0,57.875,22.10
83823,420,S4,66.0,57.038,22.10
83824,420,S4,69.0,56.020,22.10
83825,420,S4,72.0,55.067,22.10
83826,420,S4,75.0,54.144,22.10
83827,420,S4,78.0,53.318,22.10
83828,420,S4,81.0,52.398,22.10
83829,420,S4,84.0,51.459,22.10
83830,420,S4,87.0,50.810,22.10
83831,420,S4,90.0,49.921,22.10
83832,420,S4,93.0,49.212,22.10
83833,420,S4,96.0,48.456,22.10
83834,420,S4,99.0,47.627,22.10
83835,420,S4,102.0,47.080,22.10
83836,420,S4,105.0,46.313,22.10
83837,420,S4,108.0,45.612,22.10
83838,420,S4,111.0,45.084,22.10
83839,420,S4,114.0,44.377,22.10
83840,420,S4,117.0,43.822,22.10
83841,420,S4,120.0,43.176,22.10
83842,420,S4,123.0,42.633,22.10
83843,420,S4,126.0,42.077,22.10
83844,420,S4,129.0,41.496,22.10
83845,420,S4,132.0,40.864,22.10
83846,420,S4,135.0,40.465,22.10
83847,420,S4,138.0,39.884,22.10
83848,420,S4,141.0,39.406,22.10
83849,420,S4,144.0,38.916,22.10
83850,420,S4,147.0,38.515,22.10
83851,420,S4,150.0,37.943,22.10
83852,420,S4,153.0,37.519,22.10
83853,420,S4,156.0,37.163,22.10
83854,420,S4,159.0,36.717,22.10
83855,420,S4,162.0,36.354,22.10
83856,420,S4,165.0,35.786,22.10
83857,420,S4,168.0,35.670,22.10
83858,420,S4,171.0,35.192,22.10
83859,420,S4,174.0,34.895,22.10
83860,420,S4,177.0,34.415,22.10
83861,420,S4,180.0,34.168,22.10
83862,420,S4,183.0,33.768,22.10
83863,420,S4,186.0,33.482,22.10
83864,420,S4,189.0,33.113,22.10
83865,420,S4,192.0,32.829,22.10
83866,420,S4,195.0,32.617,22.10
83867,420,S4,198.0,32.208,22.10
83868,420,S4,201.0,31.918,22.10
83869,420,S4,204.0,31.765,22.10
83870,420,S4,207.0,31.452,22.10
83871,420,S4,210.0,31.067,22.10
83872,420,S4,213.0,30.871,22.10
83873,420,S4,216.0,30.635,22.10
83874,420,S4,219.0,30.443,22.10
83875,420,S4,222.0,30.201,22.10
83876,420,S4,225.0,29.989,22.10
83877,420,S4,228.0,29.688,22.10
83878,420,S4,231.0,29.462,22.10
83879,420,S4,234.0,29.318,22.10
83880,420,S4,237.0,29.142,22.10
83881,420,S4,240.0,28.947,22.10
83882,420,S4,243.0,28.915,22.10
83883,420,S4,246.0,28.579,22.10
83884,420,S4,249.0,28.402,22.10
83885,420,S4,252.0,28.218,22.10
83886,420,S4,255.0,28.139,22.10
83887,420,S4,258.0,27.849,22.10
83888,420,S4,261.0,27.711,22.10
83889,420,S4,264.0,27.632,22.10
83890,420,S4,267.0,27.356,22.10
83891,420,S4,270.0,27.299,22.10
83892,420,S4,273.0,27.186,22.10
83893,420,S4,276.0,27.031,22.10
83894,420,S4,279.0,26.879,22.10
83895,420,S4,282.0,26.745,22.10
83896,420,S4,285.0,26.536,22.10
83897,420,S4,288.0,26.478,22.10
83898,420,S4,291.0,26.347,22.10
83899,420,S4,294.0,26.228,22.10
83900,420,S4,297.0,26.234,22.10
83901,420,S4,300.0,25.969,22.10
83902,420,S4,303.0,25.886,22.10
83903,420,S4,306.0,25.787,22.10
83904,420,S4,309.0,25.709,22.10
83905,420,S4,312.0,25.572,22.10
83906,420,S4,315.0,25.444,22.10
83907,420,S4,318.0,25.390,22.10
83908,420,S4,321.0,25.251,22.10
83909,420,S4,324.0,25.248,22.10
83910,420,S4,327.0,25.026,22.10
83911,420,S4,330.0,25.035,22.10
83912,420,S4,333.0,25.017,22.10
83913,420,S4,336.0,24.846,22.10
83914,420,S4,339.0,24.914,22.10
83915,420,S4,342.0,24.697,22.10
83916,420,S4,345.0,24.779,22.10
83917,420,S4,348.0,24.553,22.10
83918,420,S4,351.0,24.555,22.10
83919,420,S4,354.0,24.521,22.10
83920,420,S4,357.0,24.368,22.10
83921,420,S4,360.0,24.271,22.10
83922,420,S4,363.0,24.288,22.10
83923,420,S4,366.0,24.337,22.10
83924,420,S4,369.0,24.122,22.10
83925,420,S4,372.0,24.056,22.10
83926,420,S4,375.0,24.034,22.10
83927,420,S4,378.0,23.987,22.10
83928,420,S4,381.0,23.934,22.10
83929,420,S4,384.0,23.926,22.10
83930,420,S4,387.0,23.885,22.10
83931,420,S4,390.0,23.826,22.10
83932,420,S4,393.0,23.621,22.10
83933,420,S4,396.0,23.647,22.10
83934,420,S4,399.0,23.603,22.10
83935,420,S4,402.0,23.567,22.10
83936,420,S4,405.0,23.492,22.10
83937,420,S4,408.0,23.548,22.10
83938,420,S4,411.0,23.510,22.10
83939,420,S4,414.0,23.520,22.10
83940,420,S4,417.0,23.382,22.10
83941,420,S4,420.0,23.342,22.10
83942,420,S4,423.0,23.413,22.10
83943,420,S4,426.0,23.330,22.10
83944,420,S4,429.0,23.193,22.10
83945,420,S4,432.0,23.199,22.10
83946,420,S4,435.0,23.196,22.10
83947,420,S4,438.0,23.248,22.10
83948,420,S4,441.0,23.231,22.10
83949,420,S4,444.0,23.166,22.10
83950,420,S4,447.0,23.121,22.10
83951,420,S4,450.0,22.984,22.10
83952,420,S4,453.0,22.998,22.10
83953,420,S4,456.0,22.993,22.10
83954,420,S4,459.0,22.931,22.10
83955,420,S4,462.0,22.962,22.10
83956,420,S4,465.0,22.910,22.10
83957,420,S4,468.0,22.993,22.10
83958,420,S4,471.0,22.951,22.10
83959,420,S4,474.0,22.893,22.10
83960,420,S4,477.0,22.839,22.10
83961,420,S4,480.0,22.785,22.10
83962,420,S4,483.0,22.788,22.10
83963,420,S4,486.0,22.878,22.10
83964,420,S4,489.0,22.760,22.10
83965,420,S4,492.0,22.737,22.10
83966,420,S4,495.0,22.725,22.10
83967,420,S4,498.0,22.639,22.10
83968,420,S4,501.0,22.661,22.10
83969,420,S4,504.0,22.666,22.10
83970,420,S4,507.0,22.692,22.10
83971,420,S4,510.0,22.668,22.10
83972,420,S4,513.0,22.622,22.10
83973,420,S4,516.0,22.623,22.10
83974,420,S4,519.0,22.671,22.10
83975,420,S4,522.0,22.594,22.10
83976,420,S4,525.0,22.569,22.10
83977,420,S4,528.0,22.557,22.10
83978,420,S4,531.0,22.472,22.10
83979,420,S4,534.0,22.542,22.10
83980,420,S4,537.0,22.484,22.10
83981,420,S4,540.0,22.537,22.10
83982,420,S4,543.0,22.493,22.10
83983,420,S4,546.0,22.545,22.10
83984,420,S4,549.0,22.390,22.10
83985,420,S4,552.0,22.461,22.10
83986,420,S4,555.0,22.479,22.10
83987,420,S4,558.0,22.379,22.10
83988,420,S4,561.0,22.434,22.10
83989,420,S4,564.0,22.417,22.10
83990,420,S4,567.0,22.474,22.10
83991,420,S4,570.0,22.430,22.10
83992,420,S4,573.0,22.447,22.10
83993,420,S4,576.0,22.342,22.10
83994,420,S4,579.0,22.320,22.10
83995,420,S4,582.0,22.332,22.10
83996,420,S4,585.0,22.402,22.10
83997,420,S4,588.0,22.402,22.10
83998,420,S4,591.0,22.318,22.10
83999,420,S4,594.0,22.365,22.10
84000,420,S4,597.0,22.351,22.10
84001,421,S1,0.0,91.344,21.61
84002,421,S1,3.0,90.420,21.61
84003,421,S1,6.0,89.434,21.61
84004,421,S1,9.0,88.555,21.61
84005,421,S1,12.0,87.600,21.61
84006,421,S1,15.0,86.768,21.61
84007,421,S1,18.0,85.794,21.61
84008,421,S1,21.0,84.991,21.61
84009,421,S1,24.0,84.204,21.61
84010,421,S1,27.0,83.272,21.61
84011,421,S1,30.0,82.451,21.61
84012,421,S1,33.0,81.698,21.61
84013,421,S1,36.0,80.795,21.61
84014,421,S1,39.0,80.012,21.61
84015,421,S1,42.0,79.193,21.61
84016,421,S1,45.0,78.296,21.61
84017,421,S1,48.0,77.655,21.61
84018,421,S1,51.0,76.883,21.61
84019,421,S1,54.0,76.127,21.61
84020,421,S1,57.0,75.458,21.61
84021,421,S1,60.0,74.717,21.61
84022,421,S1,63.0,73.979,21.61
84023,421,S1,66.0,73.289,21.61
84024,421,S1,69.0,72.518,21.61
84025,421,S1,72.0,71.813,21.61
84026,421,S1,75.0,71.174,21.61
84027,421,S1,78.0,70.560,21.61
84028,421,S1,81.0,69.862,21.61
84029,421,S1,84.0,69.194,21.61
84030,421,S1,87.0,68.556,21.61
84031,421,S1,90.0,67.856,21.61
84032,421,S1,93.0,67.312,21.61
84033,421,S1,96.0,66.544,21.61
84034,421,S1,99.0,66.058,21.61
84035,421,S1,102.0,65.462,21.61
84036,421,S1,105.0,64.791,21.61
84037,421,S1,108.0,64.187,21.61
84038,421,S1,111.0,63.686,21.61
84039,421,S1,114.0,63.124,21.61
84040,421,S1,117.0,62.619,21.61
84041,421,S1,120.0,61.930,21.61
84042,421,S1,123.0,61.403,21.61
84043,421,S1,126.0,60.931,21.61
84044,421,S1,129.0,60.365,21.61
84045,421,S1,132.0,59.809,21.61
84046,421,S1,135.0,59.331,21.61
84047,421,S1,138.0,58.738,21.61
84048,421,S1,141.0,58.398,21.61
84049,421,S1,144.0,57.702,21.61
84050,421,S1,147.0,57.265,21.61
84051,421,S1,150.0,56.845,21.61
84052,421,S1,153.0,56.408,21.61
84053,421,S1,156.0,55.896,21.61
84054,421,S1,159.0,55.486,21.61
84055,421,S1,162.0,55.078,21.61
84056,421,S1,165.0,54.536,21.61
84057,421,S1,168.0,54.054,21.61
84058,421,S1,171.0,53.634,21.61
84059,421,S1,174.0,53.152,21.61
84060,421,S1,177.0,52.829,21.61
84061,421,S1,180.0,52.341,21.61
84062,421,S1,183.0,51.875,21.61
84063,421,S1,186.0,51.500,21.61
84064,421,S1,189.0,51.115,21.61
84065,421,S1,192.0,50.630,21.61
84066,421,S1,195.0,50.226,21.61
84067,421,S1,198.0,49.915,21.61
84068,421,S1,201.0,49.527,21.61
84069,421,S1,204.0,49.151,21.61
84070,421,S1,207.0,48.817,21.61
84071,421,S1,210.0,48.451,21.61
84072,421,S1,213.0,48.087,21.61
84073,421,S1,216.0,47.673,21.61
84074,421,S1,219.0,47.341,21.61
84075,421,S1,222.0,47.007,21.61
84076,421,S1,225.0,46.591,21.61
84077,421,S1,228.0,46.286,21.61
84078,421,S1,231.0,45.945,21.61
84079,421,S1,234.0,45.582,21.61
84080,421,S1,237.0,45.338,21.61
84081,421,S1,240.0,45.044,21.61
84082,421,S1,243.0,44.730,21.61
84083,421,S1,246.0,44.377,21.61
84084,421,S1,249.0,44.060,21.61
84085,421,S1,252.0,43.774,21.61
84086,421,S1,255.0,43.331,21.61
84087,421,S1,258.0,43.211,21.61
84088,421,S1,261.0,42.910,21.61
84089,421,S1,264.0,42.565,21.61
84090,421,S1,267.0,42.250,21.61
84091,421,S1,270.0,41.970,21.61
84092,421,S1,273.0,41.812,21.61
84093,421,S1,276.0,41.370,21.61
84094,421,S1,279.0,41.112,21.61
84095,421,S1,282.0,40.979,21.61
84096,421,S1,285.0,40.671,21.61
84097,421,S1,288.0,40.396,21.61
84098,421,S1,291.0,40.108,21.61
84099,421,S1,294.0,39.884,21.61
84100,421,S1,297.0,39.661,21.61
84101,421,S1,300.0,39.354,21.61
84102,421,S1,303.0,39.211,21.61
84103,421,S1,306.0,38.907,21.61
84104,421,S1,309.0,38.702,21.61
84105,421,S1,312.0,38.450,21.61
84106,421,S1,315.0,38.223,21.61
84107,421,S1,318.0,38.001,21.61
84108,421,S1,321.0,37.823,21.61
84109,421,S1,324.0,37.584,21.61
84110,421,S1,327.0,37.444,21.61
84111,421,S1,330.0,37.152,21.61
84112,421,S1,333.0,36.897,21.61
84113,421,S1,336.0,36.707,21.61
84114,421,S1,339.0,36.430,21.61
84115,421,S1,342.0,36.372,21.61
84116,421,S1,345.0,36.067,21.61
84117,421,S1,348.0,35.831,21.61
84118,421,S1,351.0,35.728,21.61
84119,421,S1,354.0,35.518,21.61
84120,421,S1,357.0,35.416,21.61
84121,421,S1,360.0,35.134,21.61
84122,421,S1,363.0,35.039,21.61
84123,421,S1,366.0,34.806,21.61
84124,421,S1,369.0,34.698,21.61
84125,421,S1,372.0,34.430,21.61
84126,421,S1,375.0,34.250,21.61
84127,421,S1,378.0,34.114,21.61
84128,421,S1,381.0,33.956,21.61
84129,421,S1,384.0,33.758,21.61
84130,421,S1,387.0,33.595,21.61
84131,421,S1,390.0,33.375,21.61
84132,421,S1,393.0,33.225,21.61
84133,421,S1,396.0,33.149,21.61
84134,421,S1,399.0,32.909,21.61
84135,421,S1,402.0,32.833,21.61
84136,421,S1,405.0,32.686,21.61
84137,421,S1,408.0,32.466,21.61
84138,421,S1,411.0,32.305,21.61
84139,421,S1,414.0,32.191,21.61
84140,421,S1,417.0,31.927,21.61
84141,421,S1,420.0,31.985,21.61
84142,421,S1,423.0,31.760,21.61
84143,421,S1,426.0,31.610,21.61
84144,421,S1,429.0,31.545,21.61
84145,421,S1,432.0,31.396,21.61
84146,421,S1,435.0,31.155,21.61
84147,421,S1,438.0,31.130,21.61
84148,421,S1,441.0,30.903,21.61
84149,421,S1,444.0,30.855,21.61
84150,421,S1,447.0,30.745,21.61
84151,421,S1,450.0,30.644,21.61
84152,421,S1,453.0,30.555,21.61
84153,421,S1,456.0,30.376,21.61
84154,421,S1,459.0,30.268,21.61
84155,421,S1,462.0,30.087,21.61
84156,421,S1,465.0,30.022,21.61
84157,421,S1,468.0,29.842,21.61
84158,421,S1,471.0,29.765,21.61
84159,421,S1,474.0,29.670,21.61
84160,421,S1,477.0,29.714,21.61
84161,421,S1,480.0,29.493,21.61
84162,421,S1,483.0,29.429,21.61
84163,421,S1,486.0,29.280,21.61
84164,421,S1,489.0,29.165,21.61
84165,421,S1,492.0,29.102,21.61
84166,421,S1,495.0,29.005,21.61
84167,421,S1,498.0,28.842,21.61
84168,421,S1,501.0,28.729,21.61
84169,421,S1,504.0,28.581,21.61
84170,421,S1,507.0,28.529,21.61
84171,421,S1,510.0,28.470,21.61
84172,421,S1,513.0,28.314,21.61
84173,421,S1,516.0,28.307,21.61
84174,421,S1,519.0,28.257,21.61
84175,421,S1,522.0,28.063,21.61
84176,421,S1,525.0,27.947,21.61
84177,421,S1,528.0,27.911,21.61
84178,421,S1,531.0,27.806,21.61
84179,421,S1,534.0,27.728,21.61
84180,421,S1,537.0,27.663,21.61
84181,421,S1,540.0,27.593,21.61
84182,421,S1,543.0,27.480,21.61
84183,421,S1,546.0,27.386,21.61
84184,421,S1,549.0,27.336,21.61
84185,421,S1,552.0,27.299,21.61
84186,421,S1,555.0,27.223,21.61
84187,421,S1,558.0,27.147,21.61
84188,421,S1,561.0,26.991,21.61
84189,421,S1,564.0,26.989,21.61
84190,421,S1,567.0,26.882,21.61
84191,421,S1,570.0,26.841,21.61
84192,421,S1,573.0,26.742,21.61
84193,421,S1,576.0,26.653,21.61
84194,421,S1,579.0,26.639,21.61
84195,421,S1,582.0,26.574,21.61
84196,421,S1,585.0,26.438,21.61
84197,421,S1,588.0,26.305,21.61
84198,421,S1,591.0,26.374,21.61
84199,421,S1,594.0,26.205,21.61
84200,421,S1,597.0,26.136,21.61
84201,422,S2,0.0,87.614,20.10
84202,422,S2,3.0,86.011,20.10
84203,422,S2,6.0,84.349,20.10
84204,422,S2,9.0,82.717,20.10
84205,422,S2,12.0,81.327,20.10
84206,422,S2,15.0,79.783,20.10
84207,422,S2,18.0,78.364,20.10
84208,422,S2,21.0,76.945,20.10
84209,422,S2,24.0,75.538,20.10
84210,422,S2,27.0,74.181,20.10
84211,422,S2,30.0,72.806,20.10
84212,422,S2,33.0,71.595,20.10
84213,422,S2,36.0,70.409,20.10
84214,422,S2,39.0,69.124,20.10
84215,422,S2,42.0,67.906,20.10
84216,422,S2,45.0,66.820,20.10
84217,422,S2,48.0,65.690,20.10
84218,422,S2,51.0,64.522,20.10
84219,422,S2,54.0,63.460,20.10
84220,422,S2,57.0,62.488,20.10
84221,422,S2,60.0,61.279,20.10
84222,422,S2,63.0,60.356,20.10
84223,422,S2,66.0,59.371,20.10
84224,422,S2,69.0,58.409,20.10
84225,422,S2,72.0,57.477,20.10
84226,422,S2,75.0,56.581,20.10
84227,422,S2,78.0,55.688,20.10
84228,422,S2,81.0,54.844,20.10
84229,422,S2,84.0,53.957,20.10
84230,422,S2,87.0,53.181,20.10
84231,422,S2,90.0,52.319,20.10
84232,422,S2,93.0,51.580,20.10
84233,422,S2,96.0,50.811,20.10
84234,422,S2,99.0,49.986,20.10
84235,422,S2,102.0,49.290,20.10
84236,422,S2,105.0,48.609,20.10
84237,422,S2,108.0,48.008,20.10
84238,422,S2,111.0,47.271,20.10
84239,422,S2,114.0,46.499,20.10
84240,422,S2,117.0,45.978,20.10
84241,422,S2,120.0,45.288,20.10
84242,422,S2,123.0,44.736,20.10
84243,422,S2,126.0,44.169,20.10
84244,422,S2,129.0,43.607,20.10
84245,422,S2,132.0,42.943,20.10
84246,422,S2,135.0,42.458,20.10
84247,422,S2,138.0,41.862,20.10
84248,422,S2,141.0,41.316,20.10
84249,422,S2,144.0,40.737,20.10
84250,422,S2,147.0,40.294,20.10
84251,422,S2,150.0,39.810,20.10
84252,422,S2,153.0,39.327,20.10
84253,422,S2,156.0,38.925,20.10
84254,422,S2,159.0,38.387,20.10
84255,422,S2,162.0,37.973,20.10
84256,422,S2,165.0,37.565,20.10
84257,422,S2,168.0,37.096,20.10
84258,422,S2,171.0,36.755,20.10
84259,422,S2,174.0,36.377,20.10
84260,422,S2,177.0,35.904,20.10
84261,422,S2,180.0,35.517,20.10
84262,422,S2,183.0,35.034,20.10
84263,422,S2,186.0,34.764,20.10
84264,422,S2,189.0,34.365,20.10
84265,422,S2,192.0,34.060,20.10
84266,422,S2,195.0,33.689,20.10
84267,422,S2,198.0,33.360,20.10
84268,422,S2,201.0,33.005,20.10
84269,422,S2,204.0,32.758,20.10
84270,422,S2,207.0,32.403,20.10
84271,422,S2,210.0,32.098,20.10
84272,422,S2,213.0,31.766,20.10
84273,422,S2,216.0,31.512,20.10
84274,422,S2,219.0,31.309,20.10
84275,422,S2,222.0,31.056,20.10
84276,422,S2,225.0,30.678,20.10
84277,422,S2,228.0,30.387,20.10
84278,422,S2,231.0,30.220,20.10
84279,422,S2,234.0,29.940,20.10
84280,422,S2,237.0,29.766,20.10
84281,422,S2,240.0,29.530,20.10
84282,422,S2,243.0,29.302,20.10
84283,422,S2,246.0,29.041,20.10
84284,422,S2,249.0,28.699,20.10
84285,422,S2,252.0,28.721,20.10
84286,422,S2,255.0,28.439,20.10
84287,422,S2,258.0,28.231,20.10
84288,422,S2,261.0,27.891,20.10
84289,422,S2,264.0,27.900,20.10
84290,422,S2,267.0,27.588,20.10
84291,422,S2,270.0,27.406,20.10
84292,422,S2,273.0,27.255,20.10
84293,422,S2,276.0,27.061,20.10
84294,422,S2,279.0,26.989,20.10
84295,422,S2,282.0,26.758,20.10
84296,422,S2,285.0,26.579,20.10
84297,422,S2,288.0,26.455,20.10
84298,422,S2,291.0,26.268,20.10
84299,422,S2,294.0,26.116,20.10
84300,422,S2,297.0,25.921,20.10
84301,422,S2,300.0,25.824,20.10
84302,422,S2,303.0,25.756,20.10
84303,422,S2,306.0,25.571,20.10
84304,422,S2,309.0,25.497,20.10
84305,422,S2,312.0,25.346,20.10
84306,422,S2,315.0,25.232,20.10
84307,422,S2,318.0,25.127,20.10
84308,422,S2,321.0,25.045,20.10
84309,422,S2,324.0,24.817,20.10
84310,422,S2,327.0,24.716,20.10
84311,422,S2,330.0,24.551,20.10
84312,422,S2,333.0,24.512,20.10
84313,422,S2,336.0,24.472,20.10
84314,422,S2,339.0,24.366,20.10
84315,422,S2,342.0,24.158,20.10
84316,422,S2,345.0,24.084,20.10
84317,422,S2,348.0,23.927,20.10
84318,422,S2,351.0,23.870,20.10
84319,422,S2,354.0,23.778,20.10
84320,422,S2,357.0,23.650,20.10
84321,422,S2,360.0,23.640,20.10
84322,422,S2,363.0,23.500,20.10
84323,422,S2,366.0,23.473,20.10
84324,422,S2,369.0,23.310,20.10
84325,422,S2,372.0,23.305,20.10
84326,422,S2,375.0,23.138,20.10
84327,422,S2,378.0,23.112,20.10
84328,422,S2,381.0,23.062,20.10
84329,422,S2,384.0,23.039,20.10
84330,422,S2,387.0,22.929,20.10
84331,422,S2,390.0,22.802,20.10
84332,422,S2,393.0,22.820,20.10
84333,422,S2,396.0,22.734,20.10
84334,422,S2,399.0,22.707,20.10
84335,422,S2,402.0,22.584,20.10
84336,422,S2,405.0,22.556,20.10
84337,422,S2,408.0,22.492,20.10
84338,422,S2,411.0,22.445,20.10
84339,422,S2,414.0,22.387,20.10
84340,422,S2,417.0,22.276,20.10
84341,422,S2,420.0,22.263,20.10
84342,422,S2,423.0,22.245,20.10
84343,422,S2,426.0,22.120,20.10
84344,422,S2,429.0,22.090,20.10
84345,422,S2,432.0,21.993,20.10
84346,422,S2,435.0,22.041,20.10
84347,422,S2,438.0,21.830,20.10
84348,422,S2,441.0,21.891,20.10
84349,422,S2,444.0,21.911,20.10
84350,422,S2,447.0,21.874,20.10
84351,422,S2,450.0,21.817,20.10
84352,422,S2,453.0,21.695,20.10
84353,422,S2,456.0,21.666,20.10
84354,422,S2,459.0,21.546,20.10
84355,422,S2,462.0,21.605,20.10
84356,422,S2,465.0,21.544,20.10
84357,422,S2,468.0,21.535,20.10
84358,422,S2,471.0,21.467,20.10
84359,422,S2,474.0,21.456,20.10
84360,422,S2,477.0,21.427,20.10
84361,422,S2,480.0,21.395,20.10
84362,422,S2,483.0,21.373,20.10
84363,422,S2,486.0,21.359,20.10
84364,422,S2,489.0,21.331,20.10
84365,422,S2,492.0,21.277,20.10
84366,422,S2,495.0,21.257,20.10
84367,422,S2,498.0,21.248,20.10
84368,422,S2,501.0,21.197,20.10
84369,422,S2,504.0,21.119,20.10
84370,422,S2,507.0,21.059,20.10
84371,422,S2,510.0,21.135,20.10
84372,422,S2,513.0,21.093,20.10
84373,422,S2,516.0,21.013,20.10
84374,422,S2,519.0,21.063,20.10
84375,422,S2,522.0,21.018,20.10
84376,422,S2,525.0,21.018,20.10
84377,422,S2,528.0,20.939,20.10
84378,422,S2,531.0,20.912,20.10
84379,422,S2,534.0,20.928,20.10
84380,422,S2,537.0,20.932,20.10
84381,422,S2,540.0,20.845,20.10
84382,422,S2,543.0,20.878,20.10
84383,422,S2,546.0,20.764,20.10
84384,422,S2,549.0,20.842,20.10
84385,422,S2,552.0,20.904,20.10
84386,422,S2,555.0,20.735,20.10
84387,422,S2,558.0,20.783,20.10
84388,422,S2,561.0,20.793,20.10
84389,422,S2,564.0,20.790,20.10
84390,422,S2,567.0,20.738,20.10
84391,422,S2,570.0,20.713,20.10
84392,422,S2,573.0,20.752,20.10
84393,422,S2,576.0,20.713,20.10
84394,422,S2,579.0,20.709,20.10
84395,422,S2,582.0,20.619,20.10
84396,422,S2,585.0,20.778,20.10
84397,422,S2,588.0,20.575,20.10
84398,422,S2,591.0,20.693,20.10
84399,422,S2,594.0,20.683,20.10
84400,422,S2,597.0,20.615,20.10
84401,423,S3,0.0,70.089,21.73
84402,423,S3,3.0,69.146,21.73
84403,423,S3,6.0,68.154,21.73
84404,423,S3,9.0,67.259,21.73
84405,423,S3,12.0,66.364,21.73
84406,423,S3,15.0,65.443,21.73
84407,423,S3,18.0,64.609,21.73
84408,423,S3,21.0,63.760,21.73
84409,423,S3,24.0,62.930,21.73
84410,423,S3,27.0,62.053,21.73
84411,423,S3,30.0,61.227,21.73
84412,423,S3,33.0,60.549,21.73
84413,423,S3,36.0,59.642,21.73
84414,423,S3,39.0,58.992,21.73
84415,423,S3,42.0,58.230,21.73
84416,423,S3,45.0,57.502,21.73
84417,423,S3,48.0,56.868,21.73
84418,423,S3,51.0,56.135,21.73
84419,423,S3,54.0,55.363,21.73
84420,423,S3,57.0,54.819,21.73
84421,423,S3,60.0,54.159,21.73
84422,423,S3,63.0,53.523,21.73
84423,423,S3,66.0,52.905,21.73
84424,423,S3,69.0,52.201,21.73
84425,423,S3,72.0,51.577,21.73
84426,423,S3,75.0,51.021,21.73
84427,423,S3,78.0,50.418,21.73
84428,423,S3,81.0,49.914,21.73
84429,423,S3,84.0,49.293,21.73
84430,423,S3,87.0,48.746,21.73
84431,423,S3,90.0,48.221,21.73
84432,423,S3,93.0,47.755,21.73
84433,423,S3,96.0,47.225,21.73
84434,423,S3,99.0,46.737,21.73
84435,423,S3,102.0,46.226,21.73
84436,423,S3,105.0,45.628,21.73
84437,423,S3,108.0,45.308,21.73
84438,423,S3,111.0,44.733,21.73
84439,423,S3,114.0,44.307,21.73
84440,423,S3,117.0,43.773,21.73
84441,423,S3,120.0,43.481,21.73
84442,423,S3,123.0,43.063,21.73
84443,423,S3,126.0,42.568,21.73
84444,423,S3,129.0,42.129,21.73
84445,423,S3,132.0,41.854,21.73
84446,423,S3,135.0,41.423,21.73
84447,423,S3,138.0,40.997,21.73
84448,423,S3,141.0,40.542,21.73
84449,423,S3,144.0,40.235,21.73
84450,423,S3,147.0,39.806,21.73
84451,423,S3,150.0,39.468,21.73
84452,423,S3,153.0,39.101,21.73
84453,423,S3,156.0,38.870,21.73
84454,423,S3,159.0,38.391,21.73
84455,423,S3,162.0,38.149,21.73
84456,423,S3,165.0,37.800,21.73
84457,423,S3,168.0,37.491,21.73
84458,423,S3,171.0,37.282,21.73
84459,423,S3,174.0,36.798,21.73
84460,423,S3,177.0,36.619,21.73
84461,423,S3,180.0,36.257,21.73
84462,423,S3,183.0,35.905,21.73
84463,423,S3,186.0,35.741,21.73
84464,423,S3,189.0,35.450,21.73
84465,423,S3,192.0,35.117,21.73
84466,423,S3,195.0,34.976,21.73
84467,423,S3,198.0,34.617,21.73
84468,423,S3,201.0,34.386,21.73
84469,423,S3,204.0,34.046,21.73
84470,423,S3,207.0,33.942,21.73
84471,423,S3,210.0,33.629,21.73
84472,423,S3,213.0,33.304,21.73
84473,423,S3,216.0,33.175,21.73
84474,423,S3,219.0,32.957,21.73
84475,423,S3,222.0,32.648,21.73
84476,423,S3,225.0,32.615,21.73
84477,423,S3,228.0,32.296,21.73
84478,423,S3,231.0,32.065,21.73
84479,423,S3,234.0,31.869,21.73
84480,423,S3,237.0,31.684,21.73
84481,423,S3,240.0,31.464,21.73
84482,423,S3,243.0,31.341,21.73
84483,423,S3,246.0,31.085,21.73
84484,423,S3,249.0,30.957,21.73
84485,423,S3,252.0,30.773,21.73
84486,423,S3,255.0,30.521,21.73
84487,423,S3,258.0,30.365,21.73
84488,423,S3,261.0,30.189,21.73
84489,423,S3,264.0,30.085,21.73
84490,423,S3,267.0,29.861,21.73
84491,423,S3,270.0,29.665,21.73
84492,423,S3,273.0,29.468,21.73
84493,423,S3,276.0,29.397,21.73
84494,423,S3,279.0,29.207,21.73
84495,423,S3,282.0,29.099,21.73
84496,423,S3,285.0,28.978,21.73
84497,423,S3,288.0,28.841,21.73
84498,423,S3,291.0,28.722,21.73
84499,423,S3,294.0,28.478,21.73
84500,423,S3,297.0,28.347,21.73
84501,423,S3,300.0,28.231,21.73
84502,423,S3,303.0,28.097,21.73
84503,423,S3,306.0,28.092,21.73
84504,423,S3,309.0,27.961,21.73
84505,423,S3,312.0,27.716,21.73
84506,423,S3,315.0,27.637,21.73
84507,423,S3,318.0,27.516,21.73
84508,423,S3,321.0,27.355,21.73
84509,423,S3,324.0,27.289,21.73
84510,423,S3,327.0,27.253,21.73
84511,423,S3,330.0,27.002,21.73
84512,423,S3,333.0,26.928,21.73
84513,423,S3,336.0,26.842,21.73
84514,423,S3,339.0,26.766,21.73
84515,423,S3,342.0,26.638,21.73
84516,423,S3,345.0,26.477,21.73
84517,423,S3,348.0,26.504,21.73
84518,423,S3,351.0,26.316,21.73
84519,423,S3,354.0,26.271,21.73
84520,423,S3,357.0,26.200,21.73
84521,423,S3,360.0,26.134,21.73
84522,423,S3,363.0,26.013,21.73
84523,423,S3,366.0,25.866,21.73
84524,423,S3,369.0,25.796,21.73
84525,423,S3,372.0,25.709,21.73
84526,423,S3,375.0,25.669,21.73
84527,423,S3,378.0,25.611,21.73
84528,423,S3,381.0,25.483,21.73
84529,423,S3,384.0,25.467,21.73
84530,423,S3,387.0,25.356,21.73
84531,423,S3,390.0,25.359,21.73
84532,423,S3,393.0,25.255,21.73
84533,423,S3,396.0,25.191,21.73
84534,423,S3,399.0,25.113,21.73
84535,423,S3,402.0,25.057,21.73
84536,423,S3,405.0,24.997,21.73
84537,423,S3,408.0,24.910,21.73
84538,423,S3,411.0,24.803,21.73
84539,423,S3,414.0,24.748,21.73
84540,423,S3,417.0,24.636,21.73
84541,423,S3,420.0,24.652,21.73
84542,423,S3,423.0,24.566,21.73
84543,423,S3,426.0,24.537,21.73
84544,423,S3,429.0,24.371,21.73
84545,423,S3,432.0,24.441,21.73
84546,423,S3,435.0,24.331,21.73
84547,423,S3,438.0,24.345,21.73
84548,423,S3,441.0,24.301,21.73
84549,423,S3,444.0,24.140,21.73
84550,423,S3,447.0,24.233,21.73
84551,423,S3,450.0,24.143,21.73
84552,423,S3,453.0,24.152,21.73
84553,423,S3,456.0,24.017,21.73
84554,423,S3,459.0,23.992,21.73
84555,423,S3,462.0,23.971,21.73
84556,423,S3,465.0,23.961,21.73
84557,423,S3,468.0,23.994,21.73
84558,423,S3,471.0,23.854,21.73
84559,423,S3,474.0,23.683,21.73
84560,423,S3,477.0,23.689,21.73
84561,423,S3,480.0,23.682,21.73
84562,423,S3,483.0,23.611,21.73
84563,423,S3,486.0,23.587,21.73
84564,423,S3,489.0,23.626,21.73
84565,423,S3,492.0,23.470,21.73
84566,423,S3,495.0,23.431,21.73
84567,423,S3,498.0,23.455,21.73
84568,423,S3,501.0,23.396,21.73
84569,423,S3,504.0,23.402,21.73
84570,423,S3,507.0,23.338,21.73
84571,423,S3,510.0,23.354,21.73
84572,423,S3,513.0,23.316,21.73
84573,423,S3,516.0,23.224,21.73
84574,423,S3,519.0,23.159,21.73
84575,423,S3,522.0,23.294,21.73
84576,423,S3,525.0,23.177,21.73
84577,423,S3,528.0,23.190,21.73
84578,423,S3,531.0,23.117,21.73
84579,423,S3,534.0,23.032,21.73
84580,423,S3,537.0,23.073,21.73
84581,423,S3,540.0,22.999,21.73
84582,423,S3,543.0,23.001,21.73
84583,423,S3,546.0,23.058,21.73
84584,423,S3,549.0,22.967,21.73
84585,423,S3,552.0,22.879,21.73
84586,423,S3,555.0,22.949,21.73
84587,423,S3,558.0,22.876,21.73
84588,423,S3,561.0,22.804,21.73
84589,423,S3,564.0,22.820,21.73
84590,423,S3,567.0,22.897,21.73
84591,423,S3,570.0,22.756,21.73
84592,423,S3,573.0,22.761,21.73
84593,423,S3,576.0,22.783,21.73
84594,423,S3,579.0,22.713,21.73
84595,423,S3,582.0,22.712,21.73
84596,423,S3,585.0,22.624,21.73
84597,423,S3,588.0,22.655,21.73
84598,423,S3,591.0,22.560,21.73
84599,423,S3,594.0,22.566,21.73
84600,423,S3,597.0,22.649,21.73
84601,424,S4,0.0,88.999,21.50
84602,424,S4,3.0,87.975,21.50
84603,424,S4,6.0,86.814,21.50
84604,424,S4,9.0,85.780,21.50
84605,424,S4,12.0,84.935,21.50
84606,424,S4,15.0,83.868,21.50
84607,424,S4,18.0,82.802,21.50
84608,424,S4,21.0,81.866,21.50
84609,424,S4,24.0,80.905,21.50
84610,424,S4,27.0,79.793,21.50
84611,424,S4,30.0,78.980,21.50
84612,424,S4,33.0,78.010,21.50
84613,424,S4,36.0,77.177,21.50
84614,424,S4,39.0,76.305,21.50
84615,424,S4,42.0,75.404,21.50
84616,424,S4,45.0,74.525,21.50
84617,424,S4,48.0,73.635,21.50
84618,424,S4,51.0,72.874,21.50
84619,424,S4,54.0,72.134,21.50
84620,424,S4,57.0,71.367,21.50
84621,424,S4,60.0,70.507,21.50
84622,424,S4,63.0,69.666,21.50
84623,424,S4,66.0,68.865,21.50
84624,424,S4,69.0,68.131,21.50
84625,424,S4,72.0,67.444,21.50
84626,424,S4,75.0,66.694,21.50
84627,424,S4,78.0,65.923,21.50
84628,424,S4,81.0,65.228,21.50
84629,424,S4,84.0,64.578,21.50
84630,424,S4,87.0,63.898,21.50
84631,424,S4,90.0,63.133,21.50
84632,424,S4,93.0,62.520,21.50
84633,424,S4,96.0,61.848,21.50
84634,424,S4,99.0,61.226,21.50
84635,424,S4,102.0,60.558,21.50
84636,424,S4,105.0,59.987,21.50
84637,424,S4,108.0,59.325,21.50
84638,424,S4,111.0,58.782,21.50
84639,424,S4,114.0,58.077,21.50
84640,424,S4,117.0,57.579,21.50
84641,424,S4,120.0,57.026,21.50
84642,424,S4,123.0,56.433,21.50
84643,424,S4,126.0,55.830,21.50
84644,424,S4,129.0,55.308,21.50
84645,424,S4,132.0,54.861,21.50
84646,424,S4,135.0,54.321,21.50
84647,424,S4,138.0,53.785,21.50
84648,424,S4,141.0,53.170,21.50
84649,424,S4,144.0,52.674,21.50
84650,424,S4,147.0,52.210,21.50
84651,424,S4,150.0,51.684,21.50
84652,424,S4,153.0,51.275,21.50
84653,424,S4,156.0,50.811,21.50
84654,424,S4,159.0,50.341,21.50
84655,424,S4,162.0,49.835,21.50
84656,424,S4,165.0,49.463,21.50
84657,424,S4,168.0,48.961,21.50
84658,424,S4,171.0,48.502,21.50
84659,424,S4,174.0,48.165,21.50
84660,424,S4,177.0,47.675,21.50
84661,424,S4,180.0,47.170,21.50
84662,424,S4,183.0,46.842,21.50
84663,424,S4,186.0,46.408,21.50
84664,424,S4,189.0,45.986,21.50
84665,424,S4,192.0,45.613,21.50
84666,424,S4,195.0,45.266,21.50
84667,424,S4,198.0,44.916,21.50
84668,424,S4,201.0,44.527,21.50
84669,424,S4,204.0,44.173,21.50
84670,424,S4,207.0,43.739,21.50
84671,424,S4,210.0,43.501,21.50
84672,424,S4,213.0,43.050,21.50
84673,424,S4,216.0,42.659,21.50
84674,424,S4,219.0,42.273,21.50
84675,424,S4,222.0,42.119,21.50
84676,424,S4,225.0,41.715,21.50
84677,424,S4,228.0,41.346,21.50
84678,424,S4,231.0,41.086,21.50
84679,424,S4,234.0,40.734,21.50
84680,424,S4,237.0,40.452,21.50
84681,424,S4,240.0,40.204,21.50
84682,424,S4,243.0,39.850,21.50
84683,424,S4,246.0,39.517,21.50
84684,424,S4,249.0,39.292,21.50
84685,424,S4,252.0,38.952,21.50
84686,424,S4,255.0,38.680,21.50
84687,424,S4,258.0,38.366,21.50
84688,424,S4,261.0,38.203,21.50
84689,424,S4,264.0,37.871,21.50
84690,424,S4,267.0,37.666,21.50
84691,424,S4,270.0,37.382,21.50
84692,424,S4,273.0,37.150,21.50
84693,424,S4,276.0,36.821,21.50
84694,424,S4,279.0,36.595,21.50
84695,424,S4,282.0,36.334,21.50
84696,424,S4,285.0,36.165,21.50
84697,424,S4,288.0,35.925,21.50
84698,424,S4,291.0,35.770,21.50
84699,424,S4,294.0,35.510,21.50
84700,424,S4,297.0,35.250,21.50
84701,424,S4,300.0,34.958,21.50
84702,424,S4,303.0,34.880,21.50
84703,424,S4,306.0,34.582,21.50
84704,424,S4,309.0,34.334,21.50
84705,424,S4,312.0,34.178,21.50
84706,424,S4,315.0,34.021,21.50
84707,424,S4,318.0,33.763,21.50
84708,424,S4,321.0,33.575,21.50
84709,424,S4,324.0,33.426,21.50
84710,424,S4,327.0,33.239,21.50
84711,424,S4,330.0,33.034,21.50
84712,424,S4,333.0,32.784,21.50
84713,424,S4,336.0,32.686,21.50
84714,424,S4,339.0,32.461,21.50
84715,424,S4,342.0,32.389,21.50
84716,424,S4,345.0,32.238,21.50
84717,424,S4,348.0,31.987,21.50
84718,424,S4,351.0,31.790,21.50
84719,424,S4,354.0,31.587,21.50
84720,424,S4,357.0,31.481,21.50
84721,424,S4,360.0,31.300,21.50
84722,424,S4,363.0,31.214,21.50
84723,424,S4,366.0,31.052,21.50
84724,424,S4,369.0,30.838,21.50
84725,424,S4,372.0,30.664,21.50
84726,424,S4,375.0,30.587,21.50
84727,424,S4,378.0,30.393,21.50
84728,424,S4,381.0,30.320,21.50
84729,424,S4,384.0,30.108,21.50
84730,424,S4,387.0,30.041,21.50
84731,424,S4,390.0,29.877,21.50
84732,424,S4,393.0,29.754,21.50
84733,424,S4,396.0,29.566,21.50
84734,424,S4,399.0,29.510,21.50
84735,424,S4,402.0,29.348,21.50
84736,424,S4,405.0,29.234,21.50
84737,424,S4,408.0,29.083,21.50
84738,424,S4,411.0,29.014,21.50
84739,424,S4,414.0,28.877,21.50
84740,424,S4,417.0,28.703,21.50
84741,424,S4,420.0,28.691,21.50
84742,424,S4,423.0,28.491,21.50
84743,424,S4,426.0,28.338,21.50
84744,424,S4,429.0,28.265,21.50
84745,424,S4,432.0,28.115,21.50
84746,424,S4,435.0,28.047,21.50
84747,424,S4,438.0,27.933,21.50
84748,424,S4,441.0,27.866,21.50
84749,424,S4,444.0,27.778,21.50
84750,424,S4,447.0,27.688,21.50
84751,424,S4,450.0,27.580,21.50
84752,424,S4,453.0,27.513,21.50
84753,424,S4,456.0,27.385,21.50
84754,424,S4,459.0,27.322,21.50
84755,424,S4,462.0,27.224,21.50
84756,424,S4,465.0,27.084,21.50
84757,424,S4,468.0,27.029,21.50
84758,424,S4,471.0,26.942,21.50
84759,424,S4,474.0,26.753,21.50
84760,424,S4,477.0,26.809,21.50
84761,424,S4,480.0,26.628,21.50
84762,424,S4,483.0,26.570,21.50
84763,424,S4,486.0,26.516,21.50
84764,424,S4,489.0,26.391,21.50
84765,424,S4,492.0,26.287,21.50
84766,424,S4,495.0,26.328,21.50
84767,424,S4,498.0,26.140,21.50
84768,424,S4,501.0,26.167,21.50
84769,424,S4,504.0,26.030,21.50
84770,424,S4,507.0,25.965,21.50
84771,424,S4,510.0,25.793,21.50
84772,424,S4,513.0,25.820,21.50
84773,424,S4,516.0,25.796,21.50
84774,424,S4,519.0,25.653,21.50
84775,424,S4,522.0,25.653,21.50
84776,424,S4,525.0,25.630,21.50
84777,424,S4,528.0,25.544,21.50
84778,424,S4,531.0,25.411,21.50
84779,424,S4,534.0,25.429,21.50
84780,424,S4,537.0,25.321,21.50
84781,424,S4,540.0,25.227,21.50
84782,424,S4,543.0,25.138,21.50
84783,424,S4,546.0,25.140,21.50
84784,424,S4,549.0,24.979,21.50
84785,424,S4,552.0,25.038,21.50
84786,424,S4,555.0,24.824,21.50
84787,424,S4,558.0,24.896,21.50
84788,424,S4,561.0,24.852,21.50
84789,424,S4,564.0,24.822,21.50
84790,424,S4,567.0,24.778,21.50
84791,424,S4,570.0,24.721,21.50
84792,424,S4,573.0,24.612,21.50
84793,424,S4,576.0,24.606,21.50
84794,424,S4,579.0,24.602,21.50
84795,424,S4,582.0,24.500,21.50
84796,424,S4,585.0,24.446,21.50
84797,424,S4,588.0,24.276,21.50
84798,424,S4,591.0,24.415,21.50
84799,424,S4,594.0,24.257,21.50
84800,424,S4,597.0,24.223,21.50
84801,425,S1,0.0,87.133,20.52
84802,425,S1,3.0,85.966,20.52
84803,425,S1,6.0,84.900,20.52
84804,425,S1,9.0,83.788,20.52
84805,425,S1,12.0,82.766,20.52
84806,425,S1,15.0,81.679,20.52
84807,425,S1,18.0,80.651,20.52
84808,425,S1,21.0,79.601,20.52
84809,425,S1,24.0,78.605,20.52
84810,425,S1,27.0,77.553,20.52
84811,425,S1,30.0,76.661,20.52
84812,425,S1,33.0,75.688,20.52
84813,425,S1,36.0,74.808,20.52
84814,425,S1,39.0,73.741,20.52
84815,425,S1,42.0,72.913,20.52
84816,425,S1,45.0,72.021,20.52
84817,425,S1,48.0,71.128,20.52
84818,425,S1,51.0,70.263,20.52
84819,425,S1,54.0,69.417,20.52
84820,425,S1,57.0,68.609,20.52
84821,425,S1,60.0,67.819,20.52
84822,425,S1,63.0,66.965,20.52
84823,425,S1,66.0,66.160,20.52
84824,425,S1,69.0,65.387,20.52
84825,425,S1,72.0,64.605,20.52
84826,425,S1,75.0,63.947,20.52
84827,425,S1,78.0,63.209,20.52
84828,425,S1,81.0,62.458,20.52
84829,425,S1,84.0,61.667,20.52
84830,425,S1,87.0,60.987,20.52
84831,425,S1,90.0,60.336,20.52
84832,425,S1,93.0,59.672,20.52
84833,425,S1,96.0,58.874,20.52
84834,425,S1,99.0,58.322,20.52
84835,425,S1,102.0,57.708,20.52
84836,425,S1,105.0,57.146,20.52
84837,425,S1,108.0,56.522,20.52
84838,425,S1,111.0,55.805,20.52
84839,425,S1,114.0,55.223,20.52
84840,425,S1,117.0,54.722,20.52
84841,425,S1,120.0,53.981,20.52
84842,425,S1,123.0,53.554,20.52
84843,425,S1,126.0,52.885,20.52
84844,425,S1,129.0,52.498,20.52
84845,425,S1,132.0,51.762,20.52
84846,425,S1,135.0,51.357,20.52
84847,425,S1,138.0,50.941,20.52
84848,425,S1,141.0,50.261,20.52
84849,425,S1,144.0,49.693,20.52
84850,425,S1,147.0,49.200,20.52
84851,425,S1,150.0,48.851,20.52
84852,425,S1,153.0,48.301,20.52
84853,425,S1,156.0,47.775,20.52
84854,425,S1,159.0,47.409,20.52
84855,425,S1,162.0,46.927,20.52
84856,425,S1,165.0,46.445,20.52
84857,425,S1,168.0,45.991,20.52
84858,425,S1,171.0,45.585,20.52
84859,425,S1,174.0,45.113,20.52
84860,425,S1,177.0,44.729,20.52
84861,425,S1,180.0,44.394,20.52
84862,425,S1,183.0,43.941,20.52
84863,425,S1,186.0,43.496,20.52
84864,425,S1,189.0,43.121,20.52
84865,425,S1,192.0,42.731,20.52
84866,425,S1,195.0,42.341,20.52
84867,425,S1,198.0,41.974,20.52
84868,425,S1,201.0,41.696,20.52
84869,425,S1,204.0,41.212,20.52
84870,425,S1,207.0,40.877,20.52
84871,425,S1,210.0,40.579,20.52
84872,425,S1,213.0,40.258,20.52
84873,425,S1,216.0,39.896,20.52
84874,425,S1,219.0,39.551,20.52
84875,425,S1,222.0,39.186,20.52
84876,425,S1,225.0,38.893,20.52
84877,425,S1,228.0,38.648,20.52
84878,425,S1,231.0,38.330,20.52
84879,425,S1,234.0,38.024,20.52
84880,425,S1,237.0,37.725,20.52
84881,425,S1,240.0,37.408,20.52
84882,425,S1,243.0,37.012,20.52
84883,425,S1,246.0,36.846,20.52
84884,425,S1,249.0,36.553,20.52
84885,425,S1,252.0,36.343,20.52
84886,425,S1,255.0,36.047,20.52
84887,425,S1,258.0,35.786,20.52
84888,425,S1,261.0,35.504,20.52
84889,425,S1,264.0,35.246,20.52
84890,425,S1,267.0,35.010,20.52
84891,425,S1,270.0,34.808,20.52
84892,425,S1,273.0,34.492,20.52
84893,425,S1,276.0,34.254,20.52
84894,425,S1,279.0,34.039,20.52
84895,425,S1,282.0,33.940,20.52
84896,425,S1,285.0,33.654,20.52
84897,425,S1,288.0,33.340,20.52
84898,425,S1,291.0,33.196,20.52
84899,425,S1,294.0,32.924,20.52
84900,425,S1,297.0,32.665,20.52
84901,425,S1,300.0,32.565,20.52
84902,425,S1,303.0,32.311,20.52
84903,425,S1,306.0,32.019,20.52
84904,425,S1,309.0,31.902,20.52
84905,425,S1,312.0,31.657,20.52
84906,425,S1,315.0,31.523,20.52
84907,425,S1,318.0,31.262,20.52
84908,425,S1,321.0,31.086,20.52
84909,425,S1,324.0,31.052,20.52
84910,425,S1,327.0,30.737,20.52
84911,425,S1,330.0,30.599,20.52
84912,425,S1,333.0,30.495,20.52
84913,425,S1,336.0,30.348,20.52
84914,425,S1,339.0,30.130,20.52
84915,425,S1,342.0,29.944,20.52
84916,425,S1,345.0,29.653,20.52
84917,425,S1,348.0,29.563,20.52
84918,425,S1,351.0,29.432,20.52
84919,425,S1,354.0,29.308,20.52
84920,425,S1,357.0,29.214,20.52
84921,425,S1,360.0,29.032,20.52
84922,425,S1,363.0,28.865,20.52
84923,425,S1,366.0,28.774,20.52
84924,425,S1,369.0,28.610,20.52
84925,425,S1,372.0,28.458,20.52
84926,425,S1,375.0,28.346,20.52
84927,425,S1,378.0,28.125,20.52
84928,425,S1,381.0,28.069,20.52
84929,425,S1,384.0,27.924,20.52
84930,425,S1,387.0,27.794,20.52
84931,425,S1,390.0,27.698,20.52
84932,425,S1,393.0,27.583,20.52
84933,425,S1,396.0,27.479,20.52
84934,425,S1,399.0,27.361,20.52
84935,425,S1,402.0,27.274,20.52
84936,425,S1,405.0,27.089,20.52
84937,425,S1,408.0,27.001,20.52
84938,425,S1,411.0,26.861,20.52
84939,425,S1,414.0,26.713,20.52
84940,425,S1,417.0,26.660,20.52
84941,425,S1,420.0,26.654,20.52
84942,425,S1,423.0,26.514,20.52
84943,425,S1,426.0,26.354,20.52
84944,425,S1,429.0,26.325,20.52
84945,425,S1,432.0,26.102,20.52
84946,425,S1,435.0,26.148,20.52
84947,425,S1,438.0,25.999,20.52
84948,425,S1,441.0,25.902,20.52
84949,425,S1,444.0,25.756,20.52
84950,425,S1,447.0,25.672,20.52
84951,425,S1,450.0,25.528,20.52
84952,425,S1,453.0,25.533,20.52
84953,425,S1,456.0,25.492,20.52
84954,425,S1,459.0,25.445,20.52
84955,425,S1,462.0,25.249,20.52
84956,425,S1,465.0,25.138,20.52
84957,425,S1,468.0,25.096,20.52
84958,425,S1,471.0,25.018,20.52
84959,425,S1,474.0,24.952,20.52
84960,425,S1,477.0,24.852,20.52
84961,425,S1,480.0,24.812,20.52
84962,425,S1,483.0,24.682,20.52
84963,425,S1,486.0,24.727,20.52
84964,425,S1,489.0,24.663,20.52
84965,425,S1,492.0,24.528,20.52
84966,425,S1,495.0,24.410,20.52
84967,425,S1,498.0,24.353,20.52
84968,425,S1,501.0,24.262,20.52
84969,425,S1,504.0,24.287,20.52
84970,425,S1,507.0,24.180,20.52
84971,425,S1,510.0,24.054,20.52
84972,425,S1,513.0,23.990,20.52
84973,425,S1,516.0,23.951,20.52
84974,425,S1,519.0,23.994,20.52
84975,425,S1,522.0,23.918,20.52
84976,425,S1,525.0,23.802,20.52
84977,425,S1,528.0,23.819,20.52
84978,425,S1,531.0,23.680,20.52
84979,425,S1,534.0,23.678,20.52
84980,425,S1,537.0,23.544,20.52
84981,425,S1,540.0,23.648,20.52
84982,425,S1,543.0,23.552,20.52
84983,425,S1,546.0,23.433,20.52
