measurement_id,run_id,sensor_id,t_seconds,temperature_c,ambient_c
39993,200,S4,576.0,22.908,21.42
39994,200,S4,579.0,22.883,21.42
39995,200,S4,582.0,22.823,21.42
39996,200,S4,585.0,22.814,21.42
39997,200,S4,588.0,22.720,21.42
39998,200,S4,591.0,22.766,21.42
39999,200,S4,594.0,22.707,21.42
40000,200,S4,597.0,22.724,21.42
40001,201,S1,0.0,76.086,22.10
40002,201,S1,3.0,75.214,22.10
40003,201,S1,6.0,74.403,22.10
40004,201,S1,9.0,73.451,22.10
40005,201,S1,12.0,72.609,22.10
40006,201,S1,15.0,71.819,22.10
40007,201,S1,18.0,70.932,22.10
40008,201,S1,21.0,70.186,22.10
40009,201,S1,24.0,69.467,22.10
40010,201,S1,27.0,68.551,22.10
40011,201,S1,30.0,67.811,22.10
40012,201,S1,33.0,67.116,22.10
40013,201,S1,36.0,66.301,22.10
40014,201,S1,39.0,65.555,22.10
40015,201,S1,42.0,64.961,22.10
40016,201,S1,45.0,64.254,22.10
40017,201,S1,48.0,63.548,22.10
40018,201,S1,51.0,62.780,22.10
40019,201,S1,54.0,62.217,22.10
40020,201,S1,57.0,61.521,22.10
40021,201,S1,60.0,60.975,22.10
40022,201,S1,63.0,60.195,22.10
40023,201,S1,66.0,59.564,22.10
40024,201,S1,69.0,59.043,22.10
40025,201,S1,72.0,58.418,22.10
40026,201,S1,75.0,57.836,22.10
40027,201,S1,78.0,57.193,22.10
40028,201,S1,81.0,56.691,22.10
40029,201,S1,84.0,56.014,22.10
40030,201,S1,87.0,55.532,22.10
40031,201,S1,90.0,55.006,22.10
40032,201,S1,93.0,54.512,22.10
40033,201,S1,96.0,53.857,22.10
40034,201,S1,99.0,53.334,22.10
40035,201,S1,102.0,52.884,22.10
40036,201,S1,105.0,52.352,22.10
40037,201,S1,108.0,51.801,22.10
40038,201,S1,111.0,51.350,22.10
40039,201,S1,114.0,50.916,22.10
40040,201,S1,117.0,50.366,22.10
40041,201,S1,120.0,49.931,22.10
40042,201,S1,123.0,49.480,22.10
40043,201,S1,126.0,49.051,22.10
40044,201,S1,129.0,48.494,22.10
40045,201,S1,132.0,48.178,22.10
40046,201,S1,135.0,47.695,22.10
40047,201,S1,138.0,47.366,22.10
40048,201,S1,141.0,46.938,22.10
40049,201,S1,144.0,46.531,22.10
40050,201,S1,147.0,46.016,22.10
40051,201,S1,150.0,45.707,22.10
40052,201,S1,153.0,45.335,22.10
40053,201,S1,156.0,44.956,22.10
40054,201,S1,159.0,44.657,22.10
40055,201,S1,162.0,44.133,22.10
40056,201,S1,165.0,43.804,22.10
40057,201,S1,168.0,43.538,22.10
40058,201,S1,171.0,43.280,22.10
40059,201,S1,174.0,42.721,22.10
40060,201,S1,177.0,42.478,22.10
40061,201,S1,180.0,42.124,22.10
40062,201,S1,183.0,41.803,22.10
40063,201,S1,186.0,41.414,22.10
40064,201,S1,189.0,41.142,22.10
40065,201,S1,192.0,40.909,22.10
40066,201,S1,195.0,40.528,22.10
40067,201,S1,198.0,40.315,22.10
40068,201,S1,201.0,39.885,22.10
40069,201,S1,204.0,39.685,22.10
40070,201,S1,207.0,39.319,22.10
40071,201,S1,210.0,39.043,22.10
40072,201,S1,213.0,38.737,22.10
40073,201,S1,216.0,38.519,22.10
40074,201,S1,219.0,38.228,22.10
40075,201,S1,222.0,37.985,22.10
40076,201,S1,225.0,37.699,22.10
40077,201,S1,228.0,37.465,22.10
40078,201,S1,231.0,37.159,22.10
40079,201,S1,234.0,37.047,22.10
40080,201,S1,237.0,36.769,22.10
40081,201,S1,240.0,36.494,22.10
40082,201,S1,243.0,36.269,22.10
40083,201,S1,246.0,36.025,22.10
40084,201,S1,249.0,35.749,22.10
40085,201,S1,252.0,35.526,22.10
40086,201,S1,255.0,35.365,22.10
40087,201,S1,258.0,35.093,22.10
40088,201,S1,261.0,34.932,22.10
40089,201,S1,264.0,34.736,22.10
40090,201,S1,267.0,34.432,22.10
40091,201,S1,270.0,34.256,22.10
40092,201,S1,273.0,34.139,22.10
40093,201,S1,276.0,33.909,22.10
40094,201,S1,279.0,33.696,22.10
40095,201,S1,282.0,33.472,22.10
40096,201,S1,285.0,33.403,22.10
40097,201,S1,288.0,33.117,22.10
40098,201,S1,291.0,32.937,22.10
40099,201,S1,294.0,32.905,22.10
40100,201,S1,297.0,32.594,22.10
40101,201,S1,300.0,32.373,22.10
40102,201,S1,303.0,32.258,22.10
40103,201,S1,306.0,32.129,22.10
40104,201,S1,309.0,31.829,22.10
40105,201,S1,312.0,31.787,22.10
40106,201,S1,315.0,31.614,22.10
40107,201,S1,318.0,31.399,22.10
40108,201,S1,321.0,31.318,22.10
40109,201,S1,324.0,31.038,22.10
40110,201,S1,327.0,30.954,22.10
40111,201,S1,330.0,30.909,22.10
40112,201,S1,333.0,30.790,22.10
40113,201,S1,336.0,30.603,22.10
40114,201,S1,339.0,30.468,22.10
40115,201,S1,342.0,30.325,22.10
40116,201,S1,345.0,30.152,22.10
40117,201,S1,348.0,30.002,22.10
40118,201,S1,351.0,29.979,22.10
40119,201,S1,354.0,29.753,22.10
40120,201,S1,357.0,29.639,22.10
40121,201,S1,360.0,29.581,22.10
40122,201,S1,363.0,29.408,22.10
40123,201,S1,366.0,29.336,22.10
40124,201,S1,369.0,29.191,22.10
40125,201,S1,372.0,29.038,22.10
40126,201,S1,375.0,28.845,22.10
40127,201,S1,378.0,28.806,22.10
40128,201,S1,381.0,28.655,22.10
40129,201,S1,384.0,28.661,22.10
40130,201,S1,387.0,28.567,22.10
40131,201,S1,390.0,28.380,22.10
40132,201,S1,393.0,28.309,22.10
40133,201,S1,396.0,28.165,22.10
40134,201,S1,399.0,28.023,22.10
40135,201,S1,402.0,27.958,22.10
40136,201,S1,405.0,27.892,22.10
40137,201,S1,408.0,27.875,22.10
40138,201,S1,411.0,27.697,22.10
40139,201,S1,414.0,27.582,22.10
40140,201,S1,417.0,27.538,22.10
40141,201,S1,420.0,27.481,22.10
40142,201,S1,423.0,27.357,22.10
40143,201,S1,426.0,27.221,22.10
40144,201,S1,429.0,27.095,22.10
40145,201,S1,432.0,27.126,22.10
40146,201,S1,435.0,27.049,22.10
40147,201,S1,438.0,27.004,22.10
40148,201,S1,441.0,26.832,22.10
40149,201,S1,444.0,26.924,22.10
40150,201,S1,447.0,26.705,22.10
40151,201,S1,450.0,26.682,22.10
40152,201,S1,453.0,26.539,22.10
40153,201,S1,456.0,26.454,22.10
40154,201,S1,459.0,26.487,22.10
40155,201,S1,462.0,26.338,22.10
40156,201,S1,465.0,26.295,22.10
40157,201,S1,468.0,26.181,22.10
40158,201,S1,471.0,26.214,22.10
40159,201,S1,474.0,26.077,22.10
40160,201,S1,477.0,25.898,22.10
40161,201,S1,480.0,25.977,22.10
40162,201,S1,483.0,25.920,22.10
40163,201,S1,486.0,25.842,22.10
40164,201,S1,489.0,25.807,22.10
40165,201,S1,492.0,25.686,22.10
40166,201,S1,495.0,25.666,22.10
40167,201,S1,498.0,25.683,22.10
40168,201,S1,501.0,25.537,22.10
40169,201,S1,504.0,25.482,22.10
40170,201,S1,507.0,25.317,22.10
40171,201,S1,510.0,25.384,22.10
40172,201,S1,513.0,25.316,22.10
40173,201,S1,516.0,25.325,22.10
40174,201,S1,519.0,25.206,22.10
40175,201,S1,522.0,25.166,22.10
40176,201,S1,525.0,25.036,22.10
40177,201,S1,528.0,24.946,22.10
40178,201,S1,531.0,24.937,22.10
40179,201,S1,534.0,24.987,22.10
40180,201,S1,537.0,24.927,22.10
40181,201,S1,540.0,24.886,22.10
40182,201,S1,543.0,24.818,22.10
40183,201,S1,546.0,24.755,22.10
40184,201,S1,549.0,24.782,22.10
40185,201,S1,552.0,24.667,22.10
40186,201,S1,555.0,24.737,22.10
40187,201,S1,558.0,24.584,22.10
40188,201,S1,561.0,24.519,22.10
40189,201,S1,564.0,24.526,22.10
40190,201,S1,567.0,24.501,22.10
40191,201,S1,570.0,24.399,22.10
40192,201,S1,573.0,24.354,22.10
40193,201,S1,576.0,24.390,22.10
40194,201,S1,579.0,24.379,22.10
40195,201,S1,582.0,24.275,22.10
40196,201,S1,585.0,24.214,22.10
40197,201,S1,588.0,24.220,22.10
40198,201,S1,591.0,24.233,22.10
40199,201,S1,594.0,24.164,22.10
40200,201,S1,597.0,24.114,22.10
40201,202,S2,0.0,87.479,21.38
40202,202,S2,3.0,86.368,21.38
40203,202,S2,6.0,85.236,21.38
40204,202,S2,9.0,84.009,21.38
40205,202,S2,12.0,83.021,21.38
40206,202,S2,15.0,81.915,21.38
40207,202,S2,18.0,80.736,21.38
40208,202,S2,21.0,79.709,21.38
40209,202,S2,24.0,78.689,21.38
40210,202,S2,27.0,77.690,21.38
40211,202,S2,30.0,76.778,21.38
40212,202,S2,33.0,75.763,21.38
40213,202,S2,36.0,74.825,21.38
40214,202,S2,39.0,73.813,21.38
40215,202,S2,42.0,72.900,21.38
40216,202,S2,45.0,71.888,21.38
40217,202,S2,48.0,71.131,21.38
40218,202,S2,51.0,70.303,21.38
40219,202,S2,54.0,69.341,21.38
40220,202,S2,57.0,68.472,21.38
40221,202,S2,60.0,67.641,21.38
40222,202,S2,63.0,66.940,21.38
40223,202,S2,66.0,66.083,21.38
40224,202,S2,69.0,65.292,21.38
40225,202,S2,72.0,64.598,21.38
40226,202,S2,75.0,63.840,21.38
40227,202,S2,78.0,63.042,21.38
40228,202,S2,81.0,62.298,21.38
40229,202,S2,84.0,61.573,21.38
40230,202,S2,87.0,60.898,21.38
40231,202,S2,90.0,60.119,21.38
40232,202,S2,93.0,59.551,21.38
40233,202,S2,96.0,58.848,21.38
40234,202,S2,99.0,58.144,21.38
40235,202,S2,102.0,57.573,21.38
40236,202,S2,105.0,56.897,21.38
40237,202,S2,108.0,56.281,21.38
40238,202,S2,111.0,55.641,21.38
40239,202,S2,114.0,55.104,21.38
40240,202,S2,117.0,54.507,21.38
40241,202,S2,120.0,53.919,21.38
40242,202,S2,123.0,53.232,21.38
40243,202,S2,126.0,52.755,21.38
40244,202,S2,129.0,52.099,21.38
40245,202,S2,132.0,51.557,21.38
40246,202,S2,135.0,51.113,21.38
40247,202,S2,138.0,50.599,21.38
40248,202,S2,141.0,50.084,21.38
40249,202,S2,144.0,49.580,21.38
40250,202,S2,147.0,49.074,21.38
40251,202,S2,150.0,48.535,21.38
40252,202,S2,153.0,48.112,21.38
40253,202,S2,156.0,47.695,21.38
40254,202,S2,159.0,47.144,21.38
40255,202,S2,162.0,46.796,21.38
40256,202,S2,165.0,46.323,21.38
40257,202,S2,168.0,45.841,21.38
40258,202,S2,171.0,45.408,21.38
40259,202,S2,174.0,44.979,21.38
40260,202,S2,177.0,44.482,21.38
40261,202,S2,180.0,44.081,21.38
40262,202,S2,183.0,43.762,21.38
40263,202,S2,186.0,43.352,21.38
40264,202,S2,189.0,43.061,21.38
40265,202,S2,192.0,42.580,21.38
40266,202,S2,195.0,42.209,21.38
40267,202,S2,198.0,41.804,21.38
40268,202,S2,201.0,41.457,21.38
40269,202,S2,204.0,41.149,21.38
40270,202,S2,207.0,40.764,21.38
40271,202,S2,210.0,40.434,21.38
40272,202,S2,213.0,40.003,21.38
40273,202,S2,216.0,39.845,21.38
40274,202,S2,219.0,39.493,21.38
40275,202,S2,222.0,39.131,21.38
40276,202,S2,225.0,38.902,21.38
40277,202,S2,228.0,38.461,21.38
40278,202,S2,231.0,38.255,21.38
40279,202,S2,234.0,37.881,21.38
40280,202,S2,237.0,37.641,21.38
40281,202,S2,240.0,37.310,21.38
40282,202,S2,243.0,37.067,21.38
40283,202,S2,246.0,36.801,21.38
40284,202,S2,249.0,36.499,21.38
40285,202,S2,252.0,36.214,21.38
40286,202,S2,255.0,36.041,21.38
40287,202,S2,258.0,35.805,21.38
40288,202,S2,261.0,35.477,21.38
40289,202,S2,264.0,35.271,21.38
40290,202,S2,267.0,34.985,21.38
40291,202,S2,270.0,34.711,21.38
40292,202,S2,273.0,34.489,21.38
40293,202,S2,276.0,34.358,21.38
40294,202,S2,279.0,34.037,21.38
40295,202,S2,282.0,33.832,21.38
40296,202,S2,285.0,33.522,21.38
40297,202,S2,288.0,33.375,21.38
40298,202,S2,291.0,33.252,21.38
40299,202,S2,294.0,32.964,21.38
40300,202,S2,297.0,32.720,21.38
40301,202,S2,300.0,32.610,21.38
40302,202,S2,303.0,32.368,21.38
40303,202,S2,306.0,32.067,21.38
40304,202,S2,309.0,31.948,21.38
40305,202,S2,312.0,31.842,21.38
40306,202,S2,315.0,31.608,21.38
40307,202,S2,318.0,31.487,21.38
40308,202,S2,321.0,31.354,21.38
40309,202,S2,324.0,30.989,21.38
40310,202,S2,327.0,30.963,21.38
40311,202,S2,330.0,30.782,21.38
40312,202,S2,333.0,30.590,21.38
40313,202,S2,336.0,30.405,21.38
40314,202,S2,339.0,30.299,21.38
40315,202,S2,342.0,30.147,21.38
40316,202,S2,345.0,29.892,21.38
40317,202,S2,348.0,29.814,21.38
40318,202,S2,351.0,29.614,21.38
40319,202,S2,354.0,29.522,21.38
40320,202,S2,357.0,29.339,21.38
40321,202,S2,360.0,29.094,21.38
40322,202,S2,363.0,29.099,21.38
40323,202,S2,366.0,28.990,21.38
40324,202,S2,369.0,28.892,21.38
40325,202,S2,372.0,28.673,21.38
40326,202,S2,375.0,28.571,21.38
40327,202,S2,378.0,28.414,21.38
40328,202,S2,381.0,28.380,21.38
40329,202,S2,384.0,28.202,21.38
40330,202,S2,387.0,28.016,21.38
40331,202,S2,390.0,27.958,21.38
40332,202,S2,393.0,27.835,21.38
40333,202,S2,396.0,27.664,21.38
40334,202,S2,399.0,27.605,21.38
40335,202,S2,402.0,27.508,21.38
40336,202,S2,405.0,27.459,21.38
40337,202,S2,408.0,27.278,21.38
40338,202,S2,411.0,27.030,21.38
40339,202,S2,414.0,27.055,21.38
40340,202,S2,417.0,26.952,21.38
40341,202,S2,420.0,26.948,21.38
40342,202,S2,423.0,26.767,21.38
40343,202,S2,426.0,26.730,21.38
40344,202,S2,429.0,26.623,21.38
40345,202,S2,432.0,26.482,21.38
40346,202,S2,435.0,26.442,21.38
40347,202,S2,438.0,26.274,21.38
40348,202,S2,441.0,26.250,21.38
40349,202,S2,444.0,26.123,21.38
40350,202,S2,447.0,26.072,21.38
40351,202,S2,450.0,26.048,21.38
40352,202,S2,453.0,25.792,21.38
40353,202,S2,456.0,25.794,21.38
40354,202,S2,459.0,25.773,21.38
40355,202,S2,462.0,25.703,21.38
40356,202,S2,465.0,25.621,21.38
40357,202,S2,468.0,25.475,21.38
40358,202,S2,471.0,25.432,21.38
40359,202,S2,474.0,25.382,21.38
40360,202,S2,477.0,25.426,21.38
40361,202,S2,480.0,25.130,21.38
40362,202,S2,483.0,25.144,21.38
40363,202,S2,486.0,25.052,21.38
40364,202,S2,489.0,24.995,21.38
40365,202,S2,492.0,24.946,21.38
40366,202,S2,495.0,24.910,21.38
40367,202,S2,498.0,24.787,21.38
40368,202,S2,501.0,24.849,21.38
40369,202,S2,504.0,24.724,21.38
40370,202,S2,507.0,24.681,21.38
40371,202,S2,510.0,24.595,21.38
40372,202,S2,513.0,24.521,21.38
40373,202,S2,516.0,24.470,21.38
40374,202,S2,519.0,24.375,21.38
40375,202,S2,522.0,24.392,21.38
40376,202,S2,525.0,24.336,21.38
40377,202,S2,528.0,24.232,21.38
40378,202,S2,531.0,24.209,21.38
40379,202,S2,534.0,24.247,21.38
40380,202,S2,537.0,24.135,21.38
40381,202,S2,540.0,24.098,21.38
40382,202,S2,543.0,24.010,21.38
40383,202,S2,546.0,24.061,21.38
40384,202,S2,549.0,23.898,21.38
40385,202,S2,552.0,23.861,21.38
40386,202,S2,555.0,23.834,21.38
40387,202,S2,558.0,23.728,21.38
40388,202,S2,561.0,23.866,21.38
40389,202,S2,564.0,23.730,21.38
40390,202,S2,567.0,23.666,21.38
40391,202,S2,570.0,23.676,21.38
40392,202,S2,573.0,23.641,21.38
40393,202,S2,576.0,23.490,21.38
40394,202,S2,579.0,23.465,21.38
40395,202,S2,582.0,23.645,21.38
40396,202,S2,585.0,23.409,21.38
40397,202,S2,588.0,23.351,21.38
40398,202,S2,591.0,23.325,21.38
40399,202,S2,594.0,23.333,21.38
40400,202,S2,597.0,23.301,21.38
40401,203,S3,0.0,87.422,21.89
40402,203,S3,3.0,86.224,21.89
40403,203,S3,6.0,85.187,21.89
40404,203,S3,9.0,84.095,21.89
40405,203,S3,12.0,83.024,21.89
40406,203,S3,15.0,82.070,21.89
40407,203,S3,18.0,81.031,21.89
40408,203,S3,21.0,79.953,21.89
40409,203,S3,24.0,78.954,21.89
40410,203,S3,27.0,78.039,21.89
40411,203,S3,30.0,77.178,21.89
40412,203,S3,33.0,76.304,21.89
40413,203,S3,36.0,75.262,21.89
40414,203,S3,39.0,74.360,21.89
40415,203,S3,42.0,73.511,21.89
40416,203,S3,45.0,72.548,21.89
40417,203,S3,48.0,71.768,21.89
40418,203,S3,51.0,70.884,21.89
40419,203,S3,54.0,70.055,21.89
40420,203,S3,57.0,69.209,21.89
40421,203,S3,60.0,68.391,21.89
40422,203,S3,63.0,67.630,21.89
40423,203,S3,66.0,66.837,21.89
40424,203,S3,69.0,66.081,21.89
40425,203,S3,72.0,65.344,21.89
40426,203,S3,75.0,64.584,21.89
40427,203,S3,78.0,63.804,21.89
40428,203,S3,81.0,63.198,21.89
40429,203,S3,84.0,62.537,21.89
40430,203,S3,87.0,61.900,21.89
40431,203,S3,90.0,61.196,21.89
40432,203,S3,93.0,60.481,21.89
40433,203,S3,96.0,59.776,21.89
40434,203,S3,99.0,59.175,21.89
40435,203,S3,102.0,58.565,21.89
40436,203,S3,105.0,57.863,21.89
40437,203,S3,108.0,57.282,21.89
40438,203,S3,111.0,56.727,21.89
40439,203,S3,114.0,56.058,21.89
40440,203,S3,117.0,55.546,21.89
40441,203,S3,120.0,54.906,21.89
40442,203,S3,123.0,54.348,21.89
40443,203,S3,126.0,53.890,21.89
40444,203,S3,129.0,53.351,21.89
40445,203,S3,132.0,52.789,21.89
40446,203,S3,135.0,52.293,21.89
40447,203,S3,138.0,51.802,21.89
40448,203,S3,141.0,51.283,21.89
40449,203,S3,144.0,50.805,21.89
40450,203,S3,147.0,50.260,21.89
40451,203,S3,150.0,49.794,21.89
40452,203,S3,153.0,49.288,21.89
40453,203,S3,156.0,48.893,21.89
40454,203,S3,159.0,48.266,21.89
40455,203,S3,162.0,47.976,21.89
40456,203,S3,165.0,47.558,21.89
40457,203,S3,168.0,47.031,21.89
40458,203,S3,171.0,46.689,21.89
40459,203,S3,174.0,46.207,21.89
40460,203,S3,177.0,45.831,21.89
40461,203,S3,180.0,45.440,21.89
40462,203,S3,183.0,44.981,21.89
40463,203,S3,186.0,44.602,21.89
40464,203,S3,189.0,44.199,21.89
40465,203,S3,192.0,43.866,21.89
40466,203,S3,195.0,43.434,21.89
40467,203,S3,198.0,43.147,21.89
40468,203,S3,201.0,42.773,21.89
40469,203,S3,204.0,42.464,21.89
40470,203,S3,207.0,42.087,21.89
40471,203,S3,210.0,41.744,21.89
40472,203,S3,213.0,41.429,21.89
40473,203,S3,216.0,41.090,21.89
40474,203,S3,219.0,40.688,21.89
40475,203,S3,222.0,40.372,21.89
40476,203,S3,225.0,40.036,21.89
40477,203,S3,228.0,39.734,21.89
40478,203,S3,231.0,39.572,21.89
40479,203,S3,234.0,39.164,21.89
40480,203,S3,237.0,38.847,21.89
40481,203,S3,240.0,38.635,21.89
40482,203,S3,243.0,38.237,21.89
40483,203,S3,246.0,38.080,21.89
40484,203,S3,249.0,37.829,21.89
40485,203,S3,252.0,37.465,21.89
40486,203,S3,255.0,37.249,21.89
40487,203,S3,258.0,37.034,21.89
40488,203,S3,261.0,36.730,21.89
40489,203,S3,264.0,36.484,21.89
40490,203,S3,267.0,36.178,21.89
40491,203,S3,270.0,36.048,21.89
40492,203,S3,273.0,35.709,21.89
40493,203,S3,276.0,35.448,21.89
40494,203,S3,279.0,35.284,21.89
40495,203,S3,282.0,35.047,21.89
40496,203,S3,285.0,34.785,21.89
40497,203,S3,288.0,34.482,21.89
40498,203,S3,291.0,34.399,21.89
40499,203,S3,294.0,34.184,21.89
40500,203,S3,297.0,34.010,21.89
40501,203,S3,300.0,33.793,21.89
40502,203,S3,303.0,33.664,21.89
40503,203,S3,306.0,33.349,21.89
40504,203,S3,309.0,33.135,21.89
40505,203,S3,312.0,33.020,21.89
40506,203,S3,315.0,32.741,21.89
40507,203,S3,318.0,32.551,21.89
40508,203,S3,321.0,32.482,21.89
40509,203,S3,324.0,32.261,21.89
40510,203,S3,327.0,32.143,21.89
40511,203,S3,330.0,31.887,21.89
40512,203,S3,333.0,31.714,21.89
40513,203,S3,336.0,31.624,21.89
40514,203,S3,339.0,31.489,21.89
40515,203,S3,342.0,31.262,21.89
40516,203,S3,345.0,31.007,21.89
40517,203,S3,348.0,30.944,21.89
40518,203,S3,351.0,30.841,21.89
40519,203,S3,354.0,30.637,21.89
40520,203,S3,357.0,30.500,21.89
40521,203,S3,360.0,30.361,21.89
40522,203,S3,363.0,30.182,21.89
40523,203,S3,366.0,30.067,21.89
40524,203,S3,369.0,29.894,21.89
40525,203,S3,372.0,29.786,21.89
40526,203,S3,375.0,29.638,21.89
40527,203,S3,378.0,29.581,21.89
40528,203,S3,381.0,29.390,21.89
40529,203,S3,384.0,29.296,21.89
40530,203,S3,387.0,29.191,21.89
40531,203,S3,390.0,28.970,21.89
40532,203,S3,393.0,28.863,21.89
40533,203,S3,396.0,28.742,21.89
40534,203,S3,399.0,28.567,21.89
40535,203,S3,402.0,28.546,21.89
40536,203,S3,405.0,28.306,21.89
40537,203,S3,408.0,28.318,21.89
40538,203,S3,411.0,28.142,21.89
40539,203,S3,414.0,28.115,21.89
40540,203,S3,417.0,27.931,21.89
40541,203,S3,420.0,27.988,21.89
40542,203,S3,423.0,27.847,21.89
40543,203,S3,426.0,27.702,21.89
40544,203,S3,429.0,27.684,21.89
40545,203,S3,432.0,27.484,21.89
40546,203,S3,435.0,27.344,21.89
40547,203,S3,438.0,27.319,21.89
40548,203,S3,441.0,27.214,21.89
40549,203,S3,444.0,27.093,21.89
40550,203,S3,447.0,27.064,21.89
40551,203,S3,450.0,26.874,21.89
40552,203,S3,453.0,26.819,21.89
40553,203,S3,456.0,26.770,21.89
40554,203,S3,459.0,26.720,21.89
40555,203,S3,462.0,26.561,21.89
40556,203,S3,465.0,26.589,21.89
40557,203,S3,468.0,26.482,21.89
40558,203,S3,471.0,26.420,21.89
40559,203,S3,474.0,26.295,21.89
40560,203,S3,477.0,26.236,21.89
40561,203,S3,480.0,26.094,21.89
40562,203,S3,483.0,25.951,21.89
40563,203,S3,486.0,25.852,21.89
40564,203,S3,489.0,25.876,21.89
40565,203,S3,492.0,25.863,21.89
40566,203,S3,495.0,25.799,21.89
40567,203,S3,498.0,25.753,21.89
40568,203,S3,501.0,25.611,21.89
40569,203,S3,504.0,25.591,21.89
40570,203,S3,507.0,25.406,21.89
40571,203,S3,510.0,25.489,21.89
40572,203,S3,513.0,25.403,21.89
40573,203,S3,516.0,25.344,21.89
40574,203,S3,519.0,25.380,21.89
40575,203,S3,522.0,25.307,21.89
40576,203,S3,525.0,25.174,21.89
40577,203,S3,528.0,25.124,21.89
40578,203,S3,531.0,25.126,21.89
40579,203,S3,534.0,25.038,21.89
40580,203,S3,537.0,24.928,21.89
40581,203,S3,540.0,24.946,21.89
40582,203,S3,543.0,24.873,21.89
40583,203,S3,546.0,24.876,21.89
40584,203,S3,549.0,24.649,21.89
40585,203,S3,552.0,24.704,21.89
40586,203,S3,555.0,24.651,21.89
40587,203,S3,558.0,24.701,21.89
40588,203,S3,561.0,24.548,21.89
40589,203,S3,564.0,24.508,21.89
40590,203,S3,567.0,24.534,21.89
40591,203,S3,570.0,24.517,21.89
40592,203,S3,573.0,24.369,21.89
40593,203,S3,576.0,24.417,21.89
40594,203,S3,579.0,24.308,21.89
40595,203,S3,582.0,24.246,21.89
40596,203,S3,585.0,24.163,21.89
40597,203,S3,588.0,24.280,21.89
40598,203,S3,591.0,24.224,21.89
40599,203,S3,594.0,24.168,21.89
40600,203,S3,597.0,24.096,21.89
40601,204,S4,0.0,73.089,20.58
40602,204,S4,3.0,72.049,20.58
40603,204,S4,6.0,70.981,20.58
40604,204,S4,9.0,70.025,20.58
40605,204,S4,12.0,68.946,20.58
40606,204,S4,15.0,68.063,20.58
40607,204,S4,18.0,67.047,20.58
40608,204,S4,21.0,66.219,20.58
40609,204,S4,24.0,65.254,20.58
40610,204,S4,27.0,64.335,20.58
40611,204,S4,30.0,63.468,20.58
40612,204,S4,33.0,62.599,20.58
40613,204,S4,36.0,61.799,20.58
40614,204,S4,39.0,61.059,20.58
40615,204,S4,42.0,60.218,20.58
40616,204,S4,45.0,59.504,20.58
40617,204,S4,48.0,58.686,20.58
40618,204,S4,51.0,57.838,20.58
40619,204,S4,54.0,57.116,20.58
40620,204,S4,57.0,56.511,20.58
40621,204,S4,60.0,55.844,20.58
40622,204,S4,63.0,55.071,20.58
40623,204,S4,66.0,54.387,20.58
40624,204,S4,69.0,53.597,20.58
40625,204,S4,72.0,53.067,20.58
40626,204,S4,75.0,52.339,20.58
40627,204,S4,78.0,51.823,20.58
40628,204,S4,81.0,51.093,20.58
40629,204,S4,84.0,50.571,20.58
40630,204,S4,87.0,49.951,20.58
40631,204,S4,90.0,49.321,20.58
40632,204,S4,93.0,48.880,20.58
40633,204,S4,96.0,48.267,20.58
40634,204,S4,99.0,47.729,20.58
40635,204,S4,102.0,47.160,20.58
40636,204,S4,105.0,46.601,20.58
40637,204,S4,108.0,46.124,20.58
40638,204,S4,111.0,45.556,20.58
40639,204,S4,114.0,45.167,20.58
40640,204,S4,117.0,44.535,20.58
40641,204,S4,120.0,44.142,20.58
40642,204,S4,123.0,43.692,20.58
40643,204,S4,126.0,43.194,20.58
40644,204,S4,129.0,42.727,20.58
40645,204,S4,132.0,42.383,20.58
40646,204,S4,135.0,41.939,20.58
40647,204,S4,138.0,41.442,20.58
40648,204,S4,141.0,41.062,20.58
40649,204,S4,144.0,40.621,20.58
40650,204,S4,147.0,40.147,20.58
40651,204,S4,150.0,39.887,20.58
40652,204,S4,153.0,39.496,20.58
40653,204,S4,156.0,39.182,20.58
40654,204,S4,159.0,38.787,20.58
40655,204,S4,162.0,38.363,20.58
40656,204,S4,165.0,38.086,20.58
40657,204,S4,168.0,37.776,20.58
40658,204,S4,171.0,37.403,20.58
40659,204,S4,174.0,37.056,20.58
40660,204,S4,177.0,36.805,20.58
40661,204,S4,180.0,36.312,20.58
40662,204,S4,183.0,36.091,20.58
40663,204,S4,186.0,35.820,20.58
40664,204,S4,189.0,35.499,20.58
40665,204,S4,192.0,35.272,20.58
40666,204,S4,195.0,34.935,20.58
40667,204,S4,198.0,34.651,20.58
40668,204,S4,201.0,34.335,20.58
40669,204,S4,204.0,34.076,20.58
40670,204,S4,207.0,33.771,20.58
40671,204,S4,210.0,33.476,20.58
40672,204,S4,213.0,33.228,20.58
40673,204,S4,216.0,33.094,20.58
40674,204,S4,219.0,32.726,20.58
40675,204,S4,222.0,32.434,20.58
40676,204,S4,225.0,32.188,20.58
40677,204,S4,228.0,31.984,20.58
40678,204,S4,231.0,31.811,20.58
40679,204,S4,234.0,31.549,20.58
40680,204,S4,237.0,31.353,20.58
40681,204,S4,240.0,31.236,20.58
40682,204,S4,243.0,31.000,20.58
40683,204,S4,246.0,30.785,20.58
40684,204,S4,249.0,30.575,20.58
40685,204,S4,252.0,30.401,20.58
40686,204,S4,255.0,30.187,20.58
40687,204,S4,258.0,30.031,20.58
40688,204,S4,261.0,29.876,20.58
40689,204,S4,264.0,29.660,20.58
40690,204,S4,267.0,29.446,20.58
40691,204,S4,270.0,29.303,20.58
40692,204,S4,273.0,29.055,20.58
40693,204,S4,276.0,28.937,20.58
40694,204,S4,279.0,28.751,20.58
40695,204,S4,282.0,28.609,20.58
40696,204,S4,285.0,28.355,20.58
40697,204,S4,288.0,28.292,20.58
40698,204,S4,291.0,28.028,20.58
40699,204,S4,294.0,27.839,20.58
40700,204,S4,297.0,27.850,20.58
40701,204,S4,300.0,27.659,20.58
40702,204,S4,303.0,27.502,20.58
40703,204,S4,306.0,27.362,20.58
40704,204,S4,309.0,27.295,20.58
40705,204,S4,312.0,27.092,20.58
40706,204,S4,315.0,27.000,20.58
40707,204,S4,318.0,26.921,20.58
40708,204,S4,321.0,26.723,20.58
40709,204,S4,324.0,26.675,20.58
40710,204,S4,327.0,26.425,20.58
40711,204,S4,330.0,26.444,20.58
40712,204,S4,333.0,26.184,20.58
40713,204,S4,336.0,26.163,20.58
40714,204,S4,339.0,26.084,20.58
40715,204,S4,342.0,25.968,20.58
40716,204,S4,345.0,25.814,20.58
40717,204,S4,348.0,25.843,20.58
40718,204,S4,351.0,25.645,20.58
40719,204,S4,354.0,25.667,20.58
40720,204,S4,357.0,25.355,20.58
40721,204,S4,360.0,25.307,20.58
40722,204,S4,363.0,25.272,20.58
40723,204,S4,366.0,25.141,20.58
40724,204,S4,369.0,25.095,20.58
40725,204,S4,372.0,24.861,20.58
40726,204,S4,375.0,24.859,20.58
40727,204,S4,378.0,24.845,20.58
40728,204,S4,381.0,24.760,20.58
40729,204,S4,384.0,24.554,20.58
40730,204,S4,387.0,24.568,20.58
40731,204,S4,390.0,24.518,20.58
40732,204,S4,393.0,24.506,20.58
40733,204,S4,396.0,24.225,20.58
40734,204,S4,399.0,24.203,20.58
40735,204,S4,402.0,24.248,20.58
40736,204,S4,405.0,24.101,20.58
40737,204,S4,408.0,24.027,20.58
40738,204,S4,411.0,23.923,20.58
40739,204,S4,414.0,23.956,20.58
40740,204,S4,417.0,23.845,20.58
40741,204,S4,420.0,23.700,20.58
40742,204,S4,423.0,23.799,20.58
40743,204,S4,426.0,23.611,20.58
40744,204,S4,429.0,23.637,20.58
40745,204,S4,432.0,23.553,20.58
40746,204,S4,435.0,23.460,20.58
40747,204,S4,438.0,23.487,20.58
40748,204,S4,441.0,23.394,20.58
40749,204,S4,444.0,23.296,20.58
40750,204,S4,447.0,23.215,20.58
40751,204,S4,450.0,23.226,20.58
40752,204,S4,453.0,23.062,20.58
40753,204,S4,456.0,23.053,20.58
40754,204,S4,459.0,23.040,20.58
40755,204,S4,462.0,22.985,20.58
40756,204,S4,465.0,22.936,20.58
40757,204,S4,468.0,22.960,20.58
40758,204,S4,471.0,22.904,20.58
40759,204,S4,474.0,22.705,20.58
40760,204,S4,477.0,22.753,20.58
40761,204,S4,480.0,22.734,20.58
40762,204,S4,483.0,22.672,20.58
40763,204,S4,486.0,22.594,20.58
40764,204,S4,489.0,22.567,20.58
40765,204,S4,492.0,22.628,20.58
40766,204,S4,495.0,22.543,20.58
40767,204,S4,498.0,22.420,20.58
40768,204,S4,501.0,22.542,20.58
40769,204,S4,504.0,22.382,20.58
40770,204,S4,507.0,22.331,20.58
40771,204,S4,510.0,22.361,20.58
40772,204,S4,513.0,22.261,20.58
40773,204,S4,516.0,22.253,20.58
40774,204,S4,519.0,22.208,20.58
40775,204,S4,522.0,22.231,20.58
40776,204,S4,525.0,22.099,20.58
40777,204,S4,528.0,22.083,20.58
40778,204,S4,531.0,22.083,20.58
40779,204,S4,534.0,22.107,20.58
40780,204,S4,537.0,22.013,20.58
40781,204,S4,540.0,21.991,20.58
40782,204,S4,543.0,21.957,20.58
40783,204,S4,546.0,21.944,20.58
40784,204,S4,549.0,21.934,20.58
40785,204,S4,552.0,21.857,20.58
40786,204,S4,555.0,21.938,20.58
40787,204,S4,558.0,21.754,20.58
40788,204,S4,561.0,21.848,20.58
40789,204,S4,564.0,21.808,20.58
40790,204,S4,567.0,21.792,20.58
40791,204,S4,570.0,21.745,20.58
40792,204,S4,573.0,21.771,20.58
40793,204,S4,576.0,21.621,20.58
40794,204,S4,579.0,21.777,20.58
40795,204,S4,582.0,21.657,20.58
40796,204,S4,585.0,21.645,20.58
40797,204,S4,588.0,21.556,20.58
40798,204,S4,591.0,21.687,20.58
40799,204,S4,594.0,21.616,20.58
40800,204,S4,597.0,21.498,20.58
40801,205,S1,0.0,86.619,22.89
40802,205,S1,3.0,85.562,22.89
40803,205,S1,6.0,84.310,22.89
40804,205,S1,9.0,83.178,22.89
40805,205,S1,12.0,82.091,22.89
40806,205,S1,15.0,81.000,22.89
40807,205,S1,18.0,80.003,22.89
40808,205,S1,21.0,78.965,22.89
40809,205,S1,24.0,77.941,22.89
40810,205,S1,27.0,76.882,22.89
40811,205,S1,30.0,75.937,22.89
40812,205,S1,33.0,75.049,22.89
40813,205,S1,36.0,74.058,22.89
40814,205,S1,39.0,73.126,22.89
40815,205,S1,42.0,72.214,22.89
40816,205,S1,45.0,71.275,22.89
40817,205,S1,48.0,70.462,22.89
40818,205,S1,51.0,69.584,22.89
40819,205,S1,54.0,68.699,22.89
40820,205,S1,57.0,67.840,22.89
40821,205,S1,60.0,67.042,22.89
40822,205,S1,63.0,66.308,22.89
40823,205,S1,66.0,65.496,22.89
40824,205,S1,69.0,64.759,22.89
40825,205,S1,72.0,63.894,22.89
40826,205,S1,75.0,63.234,22.89
40827,205,S1,78.0,62.482,22.89
40828,205,S1,81.0,61.741,22.89
40829,205,S1,84.0,61.051,22.89
40830,205,S1,87.0,60.326,22.89
40831,205,S1,90.0,59.586,22.89
40832,205,S1,93.0,59.009,22.89
40833,205,S1,96.0,58.398,22.89
40834,205,S1,99.0,57.640,22.89
40835,205,S1,102.0,57.085,22.89
40836,205,S1,105.0,56.463,22.89
40837,205,S1,108.0,55.766,22.89
40838,205,S1,111.0,55.259,22.89
40839,205,S1,114.0,54.633,22.89
40840,205,S1,117.0,54.057,22.89
40841,205,S1,120.0,53.460,22.89
40842,205,S1,123.0,52.914,22.89
40843,205,S1,126.0,52.443,22.89
40844,205,S1,129.0,51.820,22.89
40845,205,S1,132.0,51.335,22.89
40846,205,S1,135.0,50.775,22.89
40847,205,S1,138.0,50.319,22.89
40848,205,S1,141.0,49.845,22.89
40849,205,S1,144.0,49.255,22.89
40850,205,S1,147.0,48.848,22.89
40851,205,S1,150.0,48.391,22.89
40852,205,S1,153.0,47.926,22.89
40853,205,S1,156.0,47.446,22.89
40854,205,S1,159.0,46.869,22.89
40855,205,S1,162.0,46.476,22.89
40856,205,S1,165.0,46.052,22.89
40857,205,S1,168.0,45.647,22.89
40858,205,S1,171.0,45.248,22.89
40859,205,S1,174.0,44.931,22.89
40860,205,S1,177.0,44.431,22.89
40861,205,S1,180.0,44.031,22.89
40862,205,S1,183.0,43.726,22.89
40863,205,S1,186.0,43.271,22.89
40864,205,S1,189.0,42.973,22.89
40865,205,S1,192.0,42.530,22.89
40866,205,S1,195.0,42.259,22.89
40867,205,S1,198.0,41.911,22.89
40868,205,S1,201.0,41.557,22.89
40869,205,S1,204.0,41.188,22.89
40870,205,S1,207.0,40.844,22.89
40871,205,S1,210.0,40.461,22.89
40872,205,S1,213.0,40.227,22.89
40873,205,S1,216.0,39.943,22.89
40874,205,S1,219.0,39.583,22.89
40875,205,S1,222.0,39.323,22.89
40876,205,S1,225.0,39.004,22.89
40877,205,S1,228.0,38.708,22.89
40878,205,S1,231.0,38.366,22.89
40879,205,S1,234.0,38.154,22.89
40880,205,S1,237.0,37.924,22.89
40881,205,S1,240.0,37.559,22.89
40882,205,S1,243.0,37.319,22.89
40883,205,S1,246.0,36.974,22.89
40884,205,S1,249.0,36.797,22.89
40885,205,S1,252.0,36.577,22.89
40886,205,S1,255.0,36.278,22.89
40887,205,S1,258.0,36.073,22.89
40888,205,S1,261.0,35.832,22.89
40889,205,S1,264.0,35.628,22.89
40890,205,S1,267.0,35.353,22.89
40891,205,S1,270.0,35.072,22.89
40892,205,S1,273.0,34.880,22.89
40893,205,S1,276.0,34.646,22.89
40894,205,S1,279.0,34.467,22.89
40895,205,S1,282.0,34.256,22.89
40896,205,S1,285.0,34.018,22.89
40897,205,S1,288.0,33.888,22.89
40898,205,S1,291.0,33.570,22.89
40899,205,S1,294.0,33.446,22.89
40900,205,S1,297.0,33.281,22.89
40901,205,S1,300.0,33.095,22.89
40902,205,S1,303.0,32.885,22.89
40903,205,S1,306.0,32.715,22.89
40904,205,S1,309.0,32.577,22.89
40905,205,S1,312.0,32.402,22.89
40906,205,S1,315.0,32.130,22.89
40907,205,S1,318.0,32.084,22.89
40908,205,S1,321.0,31.902,22.89
40909,205,S1,324.0,31.673,22.89
40910,205,S1,327.0,31.532,22.89
40911,205,S1,330.0,31.337,22.89
40912,205,S1,333.0,31.174,22.89
40913,205,S1,336.0,31.023,22.89
40914,205,S1,339.0,30.842,22.89
40915,205,S1,342.0,30.811,22.89
40916,205,S1,345.0,30.686,22.89
40917,205,S1,348.0,30.472,22.89
40918,205,S1,351.0,30.364,22.89
40919,205,S1,354.0,30.238,22.89
40920,205,S1,357.0,30.030,22.89
40921,205,S1,360.0,29.968,22.89
40922,205,S1,363.0,29.778,22.89
40923,205,S1,366.0,29.704,22.89
40924,205,S1,369.0,29.458,22.89
40925,205,S1,372.0,29.339,22.89
40926,205,S1,375.0,29.309,22.89
40927,205,S1,378.0,29.240,22.89
40928,205,S1,381.0,29.021,22.89
40929,205,S1,384.0,28.954,22.89
40930,205,S1,387.0,28.830,22.89
40931,205,S1,390.0,28.740,22.89
40932,205,S1,393.0,28.638,22.89
40933,205,S1,396.0,28.554,22.89
40934,205,S1,399.0,28.359,22.89
40935,205,S1,402.0,28.395,22.89
40936,205,S1,405.0,28.202,22.89
40937,205,S1,408.0,28.159,22.89
40938,205,S1,411.0,28.081,22.89
40939,205,S1,414.0,27.914,22.89
40940,205,S1,417.0,27.774,22.89
40941,205,S1,420.0,27.774,22.89
40942,205,S1,423.0,27.799,22.89
40943,205,S1,426.0,27.558,22.89
40944,205,S1,429.0,27.530,22.89
40945,205,S1,432.0,27.430,22.89
40946,205,S1,435.0,27.360,22.89
40947,205,S1,438.0,27.186,22.89
40948,205,S1,441.0,27.181,22.89
40949,205,S1,444.0,27.095,22.89
40950,205,S1,447.0,26.939,22.89
40951,205,S1,450.0,26.979,22.89
40952,205,S1,453.0,26.884,22.89
40953,205,S1,456.0,26.831,22.89
40954,205,S1,459.0,26.782,22.89
40955,205,S1,462.0,26.724,22.89
40956,205,S1,465.0,26.562,22.89
40957,205,S1,468.0,26.568,22.89
40958,205,S1,471.0,26.486,22.89
40959,205,S1,474.0,26.401,22.89
40960,205,S1,477.0,26.333,22.89
40961,205,S1,480.0,26.226,22.89
40962,205,S1,483.0,26.200,22.89
40963,205,S1,486.0,26.124,22.89
40964,205,S1,489.0,26.205,22.89
40965,205,S1,492.0,25.964,22.89
40966,205,S1,495.0,26.022,22.89
40967,205,S1,498.0,25.847,22.89
40968,205,S1,501.0,25.852,22.89
40969,205,S1,504.0,25.813,22.89
40970,205,S1,507.0,25.765,22.89
40971,205,S1,510.0,25.670,22.89
40972,205,S1,513.0,25.704,22.89
40973,205,S1,516.0,25.622,22.89
40974,205,S1,519.0,25.536,22.89
40975,205,S1,522.0,25.490,22.89
40976,205,S1,525.0,25.516,22.89
40977,205,S1,528.0,25.493,22.89
40978,205,S1,531.0,25.380,22.89
40979,205,S1,534.0,25.418,22.89
40980,205,S1,537.0,25.289,22.89
40981,205,S1,540.0,25.197,22.89
40982,205,S1,543.0,25.164,22.89
40983,205,S1,546.0,25.166,22.89
40984,205,S1,549.0,25.086,22.89
40985,205,S1,552.0,25.000,22.89
40986,205,S1,555.0,25.008,22.89
40987,205,S1,558.0,24.973,22.89
40988,205,S1,561.0,24.979,22.89
40989,205,S1,564.0,24.917,22.89
40990,205,S1,567.0,24.901,22.89
40991,205,S1,570.0,24.857,22.89
40992,205,S1,573.0,24.741,22.89
40993,205,S1,576.0,24.805,22.89
40994,205,S1,579.0,24.775,22.89
40995,205,S1,582.0,24.728,22.89
40996,205,S1,585.0,24.675,22.89
40997,205,S1,588.0,24.640,22.89
40998,205,S1,591.0,24.581,22.89
40999,205,S1,594.0,24.514,22.89
41000,205,S1,597.0,24.560,22.89
41001,206,S2,0.0,73.129,21.95
41002,206,S2,3.0,71.711,21.95
41003,206,S2,6.0,70.370,21.95
41004,206,S2,9.0,68.949,21.95
41005,206,S2,12.0,67.643,21.95
41006,206,S2,15.0,66.377,21.95
41007,206,S2,18.0,65.139,21.95
41008,206,S2,21.0,63.803,21.95
41009,206,S2,24.0,62.663,21.95
41010,206,S2,27.0,61.555,21.95
41011,206,S2,30.0,60.349,21.95
41012,206,S2,33.0,59.299,21.95
41013,206,S2,36.0,58.214,21.95
41014,206,S2,39.0,57.255,21.95
41015,206,S2,42.0,56.207,21.95
41016,206,S2,45.0,55.238,21.95
41017,206,S2,48.0,54.291,21.95
41018,206,S2,51.0,53.326,21.95
41019,206,S2,54.0,52.416,21.95
41020,206,S2,57.0,51.566,21.95
41021,206,S2,60.0,50.658,21.95
41022,206,S2,63.0,49.911,21.95
41023,206,S2,66.0,49.088,21.95
41024,206,S2,69.0,48.407,21.95
41025,206,S2,72.0,47.501,21.95
41026,206,S2,75.0,46.832,21.95
41027,206,S2,78.0,46.168,21.95
41028,206,S2,81.0,45.510,21.95
41029,206,S2,84.0,44.834,21.95
41030,206,S2,87.0,44.161,21.95
41031,206,S2,90.0,43.506,21.95
41032,206,S2,93.0,42.979,21.95
41033,206,S2,96.0,42.415,21.95
41034,206,S2,99.0,41.729,21.95
41035,206,S2,102.0,41.206,21.95
41036,206,S2,105.0,40.669,21.95
41037,206,S2,108.0,40.167,21.95
41038,206,S2,111.0,39.551,21.95
41039,206,S2,114.0,39.180,21.95
41040,206,S2,117.0,38.698,21.95
41041,206,S2,120.0,38.210,21.95
41042,206,S2,123.0,37.772,21.95
41043,206,S2,126.0,37.248,21.95
41044,206,S2,129.0,36.825,21.95
41045,206,S2,132.0,36.413,21.95
41046,206,S2,135.0,36.098,21.95
41047,206,S2,138.0,35.583,21.95
41048,206,S2,141.0,35.204,21.95
41049,206,S2,144.0,34.865,21.95
41050,206,S2,147.0,34.445,21.95
41051,206,S2,150.0,34.239,21.95
41052,206,S2,153.0,33.756,21.95
41053,206,S2,156.0,33.288,21.95
41054,206,S2,159.0,33.045,21.95
41055,206,S2,162.0,32.790,21.95
41056,206,S2,165.0,32.472,21.95
41057,206,S2,168.0,32.168,21.95
41058,206,S2,171.0,31.860,21.95
41059,206,S2,174.0,31.624,21.95
41060,206,S2,177.0,31.300,21.95
41061,206,S2,180.0,31.012,21.95
41062,206,S2,183.0,30.796,21.95
41063,206,S2,186.0,30.471,21.95
41064,206,S2,189.0,30.262,21.95
41065,206,S2,192.0,30.070,21.95
41066,206,S2,195.0,29.760,21.95
41067,206,S2,198.0,29.559,21.95
41068,206,S2,201.0,29.446,21.95
41069,206,S2,204.0,29.063,21.95
41070,206,S2,207.0,29.002,21.95
41071,206,S2,210.0,28.846,21.95
41072,206,S2,213.0,28.568,21.95
41073,206,S2,216.0,28.431,21.95
41074,206,S2,219.0,28.216,21.95
41075,206,S2,222.0,28.091,21.95
41076,206,S2,225.0,27.927,21.95
41077,206,S2,228.0,27.628,21.95
41078,206,S2,231.0,27.533,21.95
41079,206,S2,234.0,27.421,21.95
41080,206,S2,237.0,27.192,21.95
41081,206,S2,240.0,27.087,21.95
41082,206,S2,243.0,27.026,21.95
41083,206,S2,246.0,26.718,21.95
41084,206,S2,249.0,26.620,21.95
41085,206,S2,252.0,26.511,21.95
41086,206,S2,255.0,26.407,21.95
41087,206,S2,258.0,26.227,21.95
41088,206,S2,261.0,26.069,21.95
41089,206,S2,264.0,26.041,21.95
41090,206,S2,267.0,25.835,21.95
41091,206,S2,270.0,25.789,21.95
41092,206,S2,273.0,25.598,21.95
41093,206,S2,276.0,25.586,21.95
41094,206,S2,279.0,25.529,21.95
41095,206,S2,282.0,25.303,21.95
41096,206,S2,285.0,25.282,21.95
41097,206,S2,288.0,25.183,21.95
41098,206,S2,291.0,25.038,21.95
41099,206,S2,294.0,24.946,21.95
41100,206,S2,297.0,24.918,21.95
41101,206,S2,300.0,24.745,21.95
41102,206,S2,303.0,24.782,21.95
41103,206,S2,306.0,24.669,21.95
41104,206,S2,309.0,24.552,21.95
41105,206,S2,312.0,24.486,21.95
41106,206,S2,315.0,24.416,21.95
41107,206,S2,318.0,24.350,21.95
41108,206,S2,321.0,24.308,21.95
41109,206,S2,324.0,24.254,21.95
41110,206,S2,327.0,24.224,21.95
41111,206,S2,330.0,24.078,21.95
41112,206,S2,333.0,24.066,21.95
41113,206,S2,336.0,23.969,21.95
41114,206,S2,339.0,23.858,21.95
41115,206,S2,342.0,23.808,21.95
41116,206,S2,345.0,23.828,21.95
41117,206,S2,348.0,23.724,21.95
41118,206,S2,351.0,23.857,21.95
41119,206,S2,354.0,23.613,21.95
41120,206,S2,357.0,23.544,21.95
41121,206,S2,360.0,23.525,21.95
41122,206,S2,363.0,23.496,21.95
41123,206,S2,366.0,23.545,21.95
41124,206,S2,369.0,23.454,21.95
41125,206,S2,372.0,23.485,21.95
41126,206,S2,375.0,23.298,21.95
41127,206,S2,378.0,23.258,21.95
41128,206,S2,381.0,23.248,21.95
41129,206,S2,384.0,23.200,21.95
41130,206,S2,387.0,23.165,21.95
41131,206,S2,390.0,23.189,21.95
41132,206,S2,393.0,23.151,21.95
41133,206,S2,396.0,23.116,21.95
41134,206,S2,399.0,23.081,21.95
41135,206,S2,402.0,23.051,21.95
41136,206,S2,405.0,22.960,21.95
41137,206,S2,408.0,23.004,21.95
41138,206,S2,411.0,22.977,21.95
41139,206,S2,414.0,22.933,21.95
41140,206,S2,417.0,22.902,21.95
41141,206,S2,420.0,22.839,21.95
41142,206,S2,423.0,22.940,21.95
41143,206,S2,426.0,22.715,21.95
41144,206,S2,429.0,22.871,21.95
41145,206,S2,432.0,22.822,21.95
41146,206,S2,435.0,22.908,21.95
41147,206,S2,438.0,22.752,21.95
41148,206,S2,441.0,22.605,21.95
41149,206,S2,444.0,22.780,21.95
41150,206,S2,447.0,22.653,21.95
41151,206,S2,450.0,22.610,21.95
41152,206,S2,453.0,22.697,21.95
41153,206,S2,456.0,22.651,21.95
41154,206,S2,459.0,22.612,21.95
41155,206,S2,462.0,22.526,21.95
41156,206,S2,465.0,22.535,21.95
41157,206,S2,468.0,22.507,21.95
41158,206,S2,471.0,22.546,21.95
41159,206,S2,474.0,22.560,21.95
41160,206,S2,477.0,22.507,21.95
41161,206,S2,480.0,22.455,21.95
41162,206,S2,483.0,22.395,21.95
41163,206,S2,486.0,22.440,21.95
41164,206,S2,489.0,22.309,21.95
41165,206,S2,492.0,22.464,21.95
41166,206,S2,495.0,22.394,21.95
41167,206,S2,498.0,22.446,21.95
41168,206,S2,501.0,22.369,21.95
41169,206,S2,504.0,22.361,21.95
41170,206,S2,507.0,22.270,21.95
41171,206,S2,510.0,22.287,21.95
41172,206,S2,513.0,22.312,21.95
41173,206,S2,516.0,22.332,21.95
41174,206,S2,519.0,22.240,21.95
41175,206,S2,522.0,22.334,21.95
41176,206,S2,525.0,22.377,21.95
41177,206,S2,528.0,22.297,21.95
41178,206,S2,531.0,22.310,21.95
41179,206,S2,534.0,22.316,21.95
41180,206,S2,537.0,22.189,21.95
41181,206,S2,540.0,22.171,21.95
41182,206,S2,543.0,22.229,21.95
41183,206,S2,546.0,22.281,21.95
41184,206,S2,549.0,22.201,21.95
41185,206,S2,552.0,22.257,21.95
41186,206,S2,555.0,22.201,21.95
41187,206,S2,558.0,22.201,21.95
41188,206,S2,561.0,22.211,21.95
41189,206,S2,564.0,22.187,21.95
41190,206,S2,567.0,22.189,21.95
41191,206,S2,570.0,22.125,21.95
41192,206,S2,573.0,22.112,21.95
41193,206,S2,576.0,22.141,21.95
41194,206,S2,579.0,22.216,21.95
41195,206,S2,582.0,22.186,21.95
41196,206,S2,585.0,22.196,21.95
41197,206,S2,588.0,22.026,21.95
41198,206,S2,591.0,22.191,21.95
41199,206,S2,594.0,22.123,21.95
41200,206,S2,597.0,22.125,21.95
41201,207,S3,0.0,74.920,20.35
41202,207,S3,3.0,73.834,20.35
41203,207,S3,6.0,72.568,20.35
41204,207,S3,9.0,71.479,20.35
41205,207,S3,12.0,70.347,20.35
41206,207,S3,15.0,69.407,20.35
41207,207,S3,18.0,68.476,20.35
41208,207,S3,21.0,67.432,20.35
41209,207,S3,24.0,66.365,20.35
41210,207,S3,27.0,65.431,20.35
41211,207,S3,30.0,64.379,20.35
41212,207,S3,33.0,63.539,20.35
41213,207,S3,36.0,62.588,20.35
41214,207,S3,39.0,61.710,20.35
41215,207,S3,42.0,60.810,20.35
41216,207,S3,45.0,60.017,20.35
41217,207,S3,48.0,59.188,20.35
41218,207,S3,51.0,58.308,20.35
41219,207,S3,54.0,57.477,20.35
41220,207,S3,57.0,56.710,20.35
41221,207,S3,60.0,56.059,20.35
41222,207,S3,63.0,55.219,20.35
41223,207,S3,66.0,54.445,20.35
41224,207,S3,69.0,53.811,20.35
41225,207,S3,72.0,53.065,20.35
41226,207,S3,75.0,52.404,20.35
41227,207,S3,78.0,51.725,20.35
41228,207,S3,81.0,51.130,20.35
41229,207,S3,84.0,50.425,20.35
41230,207,S3,87.0,49.775,20.35
41231,207,S3,90.0,49.166,20.35
41232,207,S3,93.0,48.492,20.35
41233,207,S3,96.0,47.941,20.35
41234,207,S3,99.0,47.350,20.35
41235,207,S3,102.0,46.790,20.35
41236,207,S3,105.0,46.176,20.35
41237,207,S3,108.0,45.622,20.35
41238,207,S3,111.0,45.268,20.35
41239,207,S3,114.0,44.647,20.35
41240,207,S3,117.0,44.139,20.35
41241,207,S3,120.0,43.579,20.35
41242,207,S3,123.0,43.145,20.35
41243,207,S3,126.0,42.646,20.35
41244,207,S3,129.0,42.146,20.35
41245,207,S3,132.0,41.869,20.35
41246,207,S3,135.0,41.275,20.35
41247,207,S3,138.0,40.856,20.35
41248,207,S3,141.0,40.365,20.35
41249,207,S3,144.0,39.944,20.35
41250,207,S3,147.0,39.620,20.35
41251,207,S3,150.0,39.209,20.35
41252,207,S3,153.0,38.790,20.35
41253,207,S3,156.0,38.339,20.35
41254,207,S3,159.0,37.960,20.35
41255,207,S3,162.0,37.616,20.35
41256,207,S3,165.0,37.341,20.35
41257,207,S3,168.0,36.917,20.35
41258,207,S3,171.0,36.512,20.35
41259,207,S3,174.0,36.233,20.35
41260,207,S3,177.0,35.852,20.35
41261,207,S3,180.0,35.563,20.35
41262,207,S3,183.0,35.090,20.35
41263,207,S3,186.0,34.855,20.35
41264,207,S3,189.0,34.587,20.35
41265,207,S3,192.0,34.365,20.35
41266,207,S3,195.0,34.054,20.35
41267,207,S3,198.0,33.741,20.35
41268,207,S3,201.0,33.367,20.35
41269,207,S3,204.0,33.168,20.35
41270,207,S3,207.0,32.913,20.35
41271,207,S3,210.0,32.678,20.35
41272,207,S3,213.0,32.392,20.35
41273,207,S3,216.0,32.095,20.35
41274,207,S3,219.0,31.804,20.35
41275,207,S3,222.0,31.609,20.35
41276,207,S3,225.0,31.431,20.35
41277,207,S3,228.0,31.158,20.35
41278,207,S3,231.0,30.931,20.35
41279,207,S3,234.0,30.744,20.35
41280,207,S3,237.0,30.551,20.35
41281,207,S3,240.0,30.365,20.35
41282,207,S3,243.0,30.015,20.35
41283,207,S3,246.0,29.794,20.35
41284,207,S3,249.0,29.672,20.35
41285,207,S3,252.0,29.421,20.35
41286,207,S3,255.0,29.196,20.35
41287,207,S3,258.0,29.074,20.35
41288,207,S3,261.0,28.933,20.35
41289,207,S3,264.0,28.680,20.35
41290,207,S3,267.0,28.548,20.35
41291,207,S3,270.0,28.298,20.35
41292,207,S3,273.0,28.154,20.35
41293,207,S3,276.0,28.088,20.35
41294,207,S3,279.0,27.852,20.35
41295,207,S3,282.0,27.705,20.35
41296,207,S3,285.0,27.578,20.35
41297,207,S3,288.0,27.415,20.35
41298,207,S3,291.0,27.272,20.35
41299,207,S3,294.0,27.181,20.35
41300,207,S3,297.0,26.918,20.35
41301,207,S3,300.0,26.840,20.35
41302,207,S3,303.0,26.615,20.35
41303,207,S3,306.0,26.593,20.35
41304,207,S3,309.0,26.476,20.35
41305,207,S3,312.0,26.282,20.35
41306,207,S3,315.0,26.146,20.35
41307,207,S3,318.0,26.026,20.35
41308,207,S3,321.0,25.966,20.35
41309,207,S3,324.0,25.740,20.35
41310,207,S3,327.0,25.763,20.35
41311,207,S3,330.0,25.605,20.35
41312,207,S3,333.0,25.485,20.35
41313,207,S3,336.0,25.319,20.35
41314,207,S3,339.0,25.241,20.35
41315,207,S3,342.0,25.135,20.35
41316,207,S3,345.0,24.993,20.35
41317,207,S3,348.0,24.973,20.35
41318,207,S3,351.0,24.870,20.35
41319,207,S3,354.0,24.744,20.35
41320,207,S3,357.0,24.712,20.35
41321,207,S3,360.0,24.619,20.35
41322,207,S3,363.0,24.619,20.35
41323,207,S3,366.0,24.459,20.35
41324,207,S3,369.0,24.326,20.35
41325,207,S3,372.0,24.210,20.35
41326,207,S3,375.0,24.177,20.35
41327,207,S3,378.0,24.037,20.35
41328,207,S3,381.0,23.984,20.35
41329,207,S3,384.0,23.955,20.35
41330,207,S3,387.0,23.796,20.35
41331,207,S3,390.0,23.842,20.35
41332,207,S3,393.0,23.612,20.35
41333,207,S3,396.0,23.686,20.35
41334,207,S3,399.0,23.546,20.35
41335,207,S3,402.0,23.437,20.35
41336,207,S3,405.0,23.468,20.35
41337,207,S3,408.0,23.475,20.35
41338,207,S3,411.0,23.298,20.35
41339,207,S3,414.0,23.240,20.35
41340,207,S3,417.0,23.084,20.35
41341,207,S3,420.0,23.106,20.35
41342,207,S3,423.0,23.126,20.35
41343,207,S3,426.0,23.052,20.35
41344,207,S3,429.0,22.946,20.35
41345,207,S3,432.0,22.948,20.35
41346,207,S3,435.0,22.831,20.35
41347,207,S3,438.0,22.797,20.35
41348,207,S3,441.0,22.696,20.35
41349,207,S3,444.0,22.607,20.35
41350,207,S3,447.0,22.592,20.35
41351,207,S3,450.0,22.657,20.35
41352,207,S3,453.0,22.500,20.35
41353,207,S3,456.0,22.492,20.35
41354,207,S3,459.0,22.340,20.35
41355,207,S3,462.0,22.487,20.35
41356,207,S3,465.0,22.232,20.35
41357,207,S3,468.0,22.373,20.35
41358,207,S3,471.0,22.246,20.35
41359,207,S3,474.0,22.342,20.35
41360,207,S3,477.0,22.206,20.35
41361,207,S3,480.0,22.202,20.35
41362,207,S3,483.0,22.080,20.35
41363,207,S3,486.0,22.033,20.35
41364,207,S3,489.0,22.031,20.35
41365,207,S3,492.0,22.001,20.35
41366,207,S3,495.0,22.085,20.35
41367,207,S3,498.0,21.887,20.35
41368,207,S3,501.0,21.909,20.35
41369,207,S3,504.0,21.865,20.35
41370,207,S3,507.0,21.866,20.35
41371,207,S3,510.0,21.780,20.35
41372,207,S3,513.0,21.742,20.35
41373,207,S3,516.0,21.821,20.35
41374,207,S3,519.0,21.687,20.35
41375,207,S3,522.0,21.766,20.35
41376,207,S3,525.0,21.755,20.35
41377,207,S3,528.0,21.621,20.35
41378,207,S3,531.0,21.656,20.35
41379,207,S3,534.0,21.591,20.35
41380,207,S3,537.0,21.564,20.35
41381,207,S3,540.0,21.460,20.35
41382,207,S3,543.0,21.517,20.35
41383,207,S3,546.0,21.460,20.35
41384,207,S3,549.0,21.492,20.35
41385,207,S3,552.0,21.448,20.35
41386,207,S3,555.0,21.405,20.35
41387,207,S3,558.0,21.365,20.35
41388,207,S3,561.0,21.511,20.35
41389,207,S3,564.0,21.305,20.35
41390,207,S3,567.0,21.298,20.35
41391,207,S3,570.0,21.307,20.35
41392,207,S3,573.0,21.235,20.35
41393,207,S3,576.0,21.316,20.35
41394,207,S3,579.0,21.310,20.35
41395,207,S3,582.0,21.238,20.35
41396,207,S3,585.0,21.201,20.35
41397,207,S3,588.0,21.282,20.35
41398,207,S3,591.0,21.148,20.35
41399,207,S3,594.0,21.212,20.35
41400,207,S3,597.0,21.263,20.35
41401,208,S4,0.0,84.512,22.26
41402,208,S4,3.0,82.992,22.26
41403,208,S4,6.0,81.541,22.26
41404,208,S4,9.0,80.171,22.26
41405,208,S4,12.0,78.808,22.26
41406,208,S4,15.0,77.382,22.26
41407,208,S4,18.0,76.183,22.26
41408,208,S4,21.0,74.831,22.26
41409,208,S4,24.0,73.534,22.26
41410,208,S4,27.0,72.362,22.26
41411,208,S4,30.0,71.153,22.26
41412,208,S4,33.0,70.010,22.26
41413,208,S4,36.0,68.872,22.26
41414,208,S4,39.0,67.731,22.26
41415,208,S4,42.0,66.663,22.26
41416,208,S4,45.0,65.636,22.26
41417,208,S4,48.0,64.543,22.26
41418,208,S4,51.0,63.526,22.26
41419,208,S4,54.0,62.561,22.26
41420,208,S4,57.0,61.595,22.26
41421,208,S4,60.0,60.737,22.26
41422,208,S4,63.0,59.735,22.26
41423,208,S4,66.0,58.840,22.26
41424,208,S4,69.0,57.933,22.26
41425,208,S4,72.0,57.142,22.26
41426,208,S4,75.0,56.239,22.26
41427,208,S4,78.0,55.372,22.26
41428,208,S4,81.0,54.670,22.26
41429,208,S4,84.0,53.935,22.26
41430,208,S4,87.0,53.105,22.26
41431,208,S4,90.0,52.462,22.26
41432,208,S4,93.0,51.668,22.26
41433,208,S4,96.0,51.022,22.26
41434,208,S4,99.0,50.311,22.26
41435,208,S4,102.0,49.671,22.26
41436,208,S4,105.0,48.920,22.26
41437,208,S4,108.0,48.365,22.26
41438,208,S4,111.0,47.692,22.26
41439,208,S4,114.0,47.107,22.26
41440,208,S4,117.0,46.549,22.26
41441,208,S4,120.0,45.982,22.26
41442,208,S4,123.0,45.379,22.26
41443,208,S4,126.0,44.795,22.26
41444,208,S4,129.0,44.197,22.26
41445,208,S4,132.0,43.781,22.26
41446,208,S4,135.0,43.262,22.26
41447,208,S4,138.0,42.785,22.26
41448,208,S4,141.0,42.337,22.26
41449,208,S4,144.0,41.762,22.26
41450,208,S4,147.0,41.332,22.26
41451,208,S4,150.0,40.814,22.26
41452,208,S4,153.0,40.480,22.26
41453,208,S4,156.0,39.958,22.26
41454,208,S4,159.0,39.566,22.26
41455,208,S4,162.0,39.116,22.26
41456,208,S4,165.0,38.719,22.26
41457,208,S4,168.0,38.387,22.26
41458,208,S4,171.0,37.960,22.26
41459,208,S4,174.0,37.564,22.26
41460,208,S4,177.0,37.137,22.26
41461,208,S4,180.0,36.886,22.26
41462,208,S4,183.0,36.388,22.26
41463,208,S4,186.0,36.252,22.26
41464,208,S4,189.0,35.854,22.26
41465,208,S4,192.0,35.524,22.26
41466,208,S4,195.0,35.212,22.26
41467,208,S4,198.0,34.876,22.26
41468,208,S4,201.0,34.623,22.26
41469,208,S4,204.0,34.305,22.26
41470,208,S4,207.0,34.049,22.26
41471,208,S4,210.0,33.708,22.26
41472,208,S4,213.0,33.333,22.26
41473,208,S4,216.0,33.223,22.26
41474,208,S4,219.0,32.956,22.26
41475,208,S4,222.0,32.645,22.26
41476,208,S4,225.0,32.382,22.26
41477,208,S4,228.0,32.147,22.26
41478,208,S4,231.0,31.997,22.26
41479,208,S4,234.0,31.724,22.26
41480,208,S4,237.0,31.521,22.26
41481,208,S4,240.0,31.304,22.26
41482,208,S4,243.0,31.082,22.26
41483,208,S4,246.0,30.809,22.26
41484,208,S4,249.0,30.736,22.26
41485,208,S4,252.0,30.472,22.26
41486,208,S4,255.0,30.247,22.26
41487,208,S4,258.0,30.053,22.26
41488,208,S4,261.0,29.899,22.26
41489,208,S4,264.0,29.694,22.26
41490,208,S4,267.0,29.459,22.26
41491,208,S4,270.0,29.311,22.26
41492,208,S4,273.0,29.111,22.26
41493,208,S4,276.0,29.052,22.26
41494,208,S4,279.0,28.704,22.26
41495,208,S4,282.0,28.780,22.26
41496,208,S4,285.0,28.545,22.26
41497,208,S4,288.0,28.266,22.26
41498,208,S4,291.0,28.208,22.26
41499,208,S4,294.0,28.074,22.26
41500,208,S4,297.0,27.949,22.26
41501,208,S4,300.0,27.736,22.26
41502,208,S4,303.0,27.710,22.26
41503,208,S4,306.0,27.588,22.26
41504,208,S4,309.0,27.470,22.26
41505,208,S4,312.0,27.247,22.26
41506,208,S4,315.0,27.201,22.26
41507,208,S4,318.0,27.049,22.26
41508,208,S4,321.0,26.946,22.26
41509,208,S4,324.0,26.834,22.26
41510,208,S4,327.0,26.817,22.26
41511,208,S4,330.0,26.695,22.26
41512,208,S4,333.0,26.605,22.26
41513,208,S4,336.0,26.371,22.26
41514,208,S4,339.0,26.309,22.26
41515,208,S4,342.0,26.222,22.26
41516,208,S4,345.0,26.102,22.26
41517,208,S4,348.0,25.966,22.26
41518,208,S4,351.0,25.980,22.26
41519,208,S4,354.0,25.899,22.26
41520,208,S4,357.0,25.873,22.26
41521,208,S4,360.0,25.600,22.26
41522,208,S4,363.0,25.540,22.26
41523,208,S4,366.0,25.589,22.26
41524,208,S4,369.0,25.447,22.26
41525,208,S4,372.0,25.367,22.26
41526,208,S4,375.0,25.320,22.26
41527,208,S4,378.0,25.343,22.26
41528,208,S4,381.0,25.170,22.26
41529,208,S4,384.0,25.064,22.26
41530,208,S4,387.0,25.044,22.26
41531,208,S4,390.0,24.932,22.26
41532,208,S4,393.0,24.917,22.26
41533,208,S4,396.0,24.838,22.26
41534,208,S4,399.0,24.790,22.26
41535,208,S4,402.0,24.726,22.26
41536,208,S4,405.0,24.662,22.26
41537,208,S4,408.0,24.640,22.26
41538,208,S4,411.0,24.546,22.26
41539,208,S4,414.0,24.459,22.26
41540,208,S4,417.0,24.381,22.26
41541,208,S4,420.0,24.312,22.26
41542,208,S4,423.0,24.337,22.26
41543,208,S4,426.0,24.321,22.26
41544,208,S4,429.0,24.159,22.26
41545,208,S4,432.0,24.155,22.26
41546,208,S4,435.0,24.171,22.26
41547,208,S4,438.0,24.126,22.26
41548,208,S4,441.0,23.965,22.26
41549,208,S4,444.0,24.014,22.26
41550,208,S4,447.0,23.972,22.26
41551,208,S4,450.0,23.921,22.26
41552,208,S4,453.0,23.874,22.26
41553,208,S4,456.0,23.870,22.26
41554,208,S4,459.0,23.826,22.26
41555,208,S4,462.0,23.796,22.26
41556,208,S4,465.0,23.675,22.26
41557,208,S4,468.0,23.704,22.26
41558,208,S4,471.0,23.613,22.26
41559,208,S4,474.0,23.558,22.26
41560,208,S4,477.0,23.599,22.26
41561,208,S4,480.0,23.605,22.26
41562,208,S4,483.0,23.423,22.26
41563,208,S4,486.0,23.450,22.26
41564,208,S4,489.0,23.379,22.26
41565,208,S4,492.0,23.366,22.26
41566,208,S4,495.0,23.386,22.26
41567,208,S4,498.0,23.320,22.26
41568,208,S4,501.0,23.304,22.26
41569,208,S4,504.0,23.348,22.26
41570,208,S4,507.0,23.309,22.26
41571,208,S4,510.0,23.225,22.26
41572,208,S4,513.0,23.316,22.26
41573,208,S4,516.0,23.262,22.26
41574,208,S4,519.0,23.154,22.26
41575,208,S4,522.0,23.188,22.26
41576,208,S4,525.0,23.234,22.26
41577,208,S4,528.0,23.158,22.26
41578,208,S4,531.0,23.093,22.26
41579,208,S4,534.0,23.049,22.26
41580,208,S4,537.0,23.018,22.26
41581,208,S4,540.0,23.064,22.26
41582,208,S4,543.0,22.995,22.26
41583,208,S4,546.0,23.032,22.26
41584,208,S4,549.0,23.003,22.26
41585,208,S4,552.0,22.960,22.26
41586,208,S4,555.0,22.917,22.26
41587,208,S4,558.0,22.926,22.26
41588,208,S4,561.0,23.049,22.26
41589,208,S4,564.0,22.902,22.26
41590,208,S4,567.0,22.899,22.26
41591,208,S4,570.0,23.017,22.26
41592,208,S4,573.0,22.800,22.26
41593,208,S4,576.0,22.816,22.26
41594,208,S4,579.0,22.863,22.26
41595,208,S4,582.0,22.927,22.26
41596,208,S4,585.0,22.790,22.26
41597,208,S4,588.0,22.771,22.26
41598,208,S4,591.0,22.813,22.26
41599,208,S4,594.0,22.820,22.26
41600,208,S4,597.0,22.734,22.26
41601,209,S1,0.0,80.907,20.63
41602,209,S1,3.0,80.004,20.63
41603,209,S1,6.0,78.860,20.63
41604,209,S1,9.0,77.909,20.63
41605,209,S1,12.0,76.814,20.63
41606,209,S1,15.0,75.806,20.63
41607,209,S1,18.0,74.762,20.63
41608,209,S1,21.0,73.803,20.63
41609,209,S1,24.0,72.881,20.63
41610,209,S1,27.0,71.944,20.63
41611,209,S1,30.0,70.989,20.63
41612,209,S1,33.0,70.136,20.63
41613,209,S1,36.0,69.173,20.63
41614,209,S1,39.0,68.484,20.63
41615,209,S1,42.0,67.638,20.63
41616,209,S1,45.0,66.711,20.63
41617,209,S1,48.0,65.991,20.63
41618,209,S1,51.0,64.997,20.63
41619,209,S1,54.0,64.267,20.63
41620,209,S1,57.0,63.414,20.63
41621,209,S1,60.0,62.771,20.63
41622,209,S1,63.0,62.027,20.63
41623,209,S1,66.0,61.234,20.63
41624,209,S1,69.0,60.509,20.63
41625,209,S1,72.0,59.830,20.63
41626,209,S1,75.0,59.023,20.63
41627,209,S1,78.0,58.474,20.63
41628,209,S1,81.0,57.602,20.63
41629,209,S1,84.0,57.066,20.63
41630,209,S1,87.0,56.439,20.63
41631,209,S1,90.0,55.831,20.63
41632,209,S1,93.0,55.112,20.63
41633,209,S1,96.0,54.660,20.63
41634,209,S1,99.0,53.850,20.63
41635,209,S1,102.0,53.246,20.63
41636,209,S1,105.0,52.750,20.63
41637,209,S1,108.0,52.173,20.63
41638,209,S1,111.0,51.659,20.63
41639,209,S1,114.0,51.064,20.63
41640,209,S1,117.0,50.549,20.63
41641,209,S1,120.0,50.051,20.63
41642,209,S1,123.0,49.417,20.63
41643,209,S1,126.0,48.907,20.63
41644,209,S1,129.0,48.415,20.63
41645,209,S1,132.0,48.005,20.63
41646,209,S1,135.0,47.431,20.63
41647,209,S1,138.0,47.015,20.63
41648,209,S1,141.0,46.515,20.63
41649,209,S1,144.0,46.091,20.63
41650,209,S1,147.0,45.542,20.63
41651,209,S1,150.0,45.068,20.63
41652,209,S1,153.0,44.636,20.63
41653,209,S1,156.0,44.339,20.63
41654,209,S1,159.0,43.906,20.63
41655,209,S1,162.0,43.372,20.63
41656,209,S1,165.0,43.048,20.63
41657,209,S1,168.0,42.619,20.63
41658,209,S1,171.0,42.285,20.63
41659,209,S1,174.0,41.821,20.63
41660,209,S1,177.0,41.514,20.63
41661,209,S1,180.0,41.098,20.63
41662,209,S1,183.0,40.663,20.63
41663,209,S1,186.0,40.295,20.63
41664,209,S1,189.0,40.037,20.63
41665,209,S1,192.0,39.734,20.63
41666,209,S1,195.0,39.308,20.63
41667,209,S1,198.0,39.002,20.63
41668,209,S1,201.0,38.546,20.63
41669,209,S1,204.0,38.352,20.63
41670,209,S1,207.0,37.937,20.63
41671,209,S1,210.0,37.642,20.63
41672,209,S1,213.0,37.422,20.63
41673,209,S1,216.0,37.103,20.63
41674,209,S1,219.0,36.843,20.63
41675,209,S1,222.0,36.610,20.63
41676,209,S1,225.0,36.217,20.63
41677,209,S1,228.0,35.991,20.63
41678,209,S1,231.0,35.743,20.63
41679,209,S1,234.0,35.512,20.63
41680,209,S1,237.0,35.039,20.63
41681,209,S1,240.0,34.950,20.63
41682,209,S1,243.0,34.629,20.63
41683,209,S1,246.0,34.381,20.63
41684,209,S1,249.0,34.117,20.63
41685,209,S1,252.0,33.939,20.63
41686,209,S1,255.0,33.682,20.63
41687,209,S1,258.0,33.452,20.63
41688,209,S1,261.0,33.199,20.63
41689,209,S1,264.0,33.038,20.63
41690,209,S1,267.0,32.727,20.63
41691,209,S1,270.0,32.538,20.63
41692,209,S1,273.0,32.346,20.63
41693,209,S1,276.0,32.168,20.63
41694,209,S1,279.0,31.901,20.63
41695,209,S1,282.0,31.703,20.63
41696,209,S1,285.0,31.441,20.63
41697,209,S1,288.0,31.314,20.63
41698,209,S1,291.0,31.082,20.63
41699,209,S1,294.0,31.050,20.63
41700,209,S1,297.0,30.822,20.63
41701,209,S1,300.0,30.619,20.63
41702,209,S1,303.0,30.445,20.63
41703,209,S1,306.0,30.154,20.63
41704,209,S1,309.0,29.991,20.63
41705,209,S1,312.0,29.882,20.63
41706,209,S1,315.0,29.715,20.63
41707,209,S1,318.0,29.579,20.63
41708,209,S1,321.0,29.429,20.63
41709,209,S1,324.0,29.344,20.63
41710,209,S1,327.0,29.129,20.63
41711,209,S1,330.0,28.916,20.63
41712,209,S1,333.0,28.834,20.63
41713,209,S1,336.0,28.635,20.63
41714,209,S1,339.0,28.507,20.63
41715,209,S1,342.0,28.331,20.63
41716,209,S1,345.0,28.191,20.63
41717,209,S1,348.0,28.067,20.63
41718,209,S1,351.0,27.964,20.63
41719,209,S1,354.0,27.807,20.63
41720,209,S1,357.0,27.738,20.63
41721,209,S1,360.0,27.557,20.63
41722,209,S1,363.0,27.461,20.63
41723,209,S1,366.0,27.377,20.63
41724,209,S1,369.0,27.280,20.63
41725,209,S1,372.0,27.121,20.63
41726,209,S1,375.0,26.906,20.63
41727,209,S1,378.0,26.902,20.63
41728,209,S1,381.0,26.743,20.63
41729,209,S1,384.0,26.658,20.63
41730,209,S1,387.0,26.541,20.63
41731,209,S1,390.0,26.427,20.63
41732,209,S1,393.0,26.367,20.63
41733,209,S1,396.0,26.189,20.63
41734,209,S1,399.0,26.146,20.63
41735,209,S1,402.0,26.033,20.63
41736,209,S1,405.0,25.889,20.63
41737,209,S1,408.0,25.846,20.63
41738,209,S1,411.0,25.709,20.63
41739,209,S1,414.0,25.668,20.63
41740,209,S1,417.0,25.575,20.63
41741,209,S1,420.0,25.457,20.63
41742,209,S1,423.0,25.233,20.63
41743,209,S1,426.0,25.265,20.63
41744,209,S1,429.0,25.127,20.63
41745,209,S1,432.0,25.037,20.63
41746,209,S1,435.0,25.075,20.63
41747,209,S1,438.0,25.071,20.63
41748,209,S1,441.0,24.858,20.63
41749,209,S1,444.0,24.818,20.63
41750,209,S1,447.0,24.664,20.63
41751,209,S1,450.0,24.690,20.63
41752,209,S1,453.0,24.609,20.63
41753,209,S1,456.0,24.490,20.63
41754,209,S1,459.0,24.343,20.63
41755,209,S1,462.0,24.355,20.63
41756,209,S1,465.0,24.381,20.63
41757,209,S1,468.0,24.315,20.63
41758,209,S1,471.0,24.233,20.63
41759,209,S1,474.0,24.049,20.63
41760,209,S1,477.0,24.120,20.63
41761,209,S1,480.0,24.091,20.63
41762,209,S1,483.0,23.903,20.63
41763,209,S1,486.0,23.857,20.63
41764,209,S1,489.0,23.861,20.63
41765,209,S1,492.0,23.746,20.63
41766,209,S1,495.0,23.808,20.63
41767,209,S1,498.0,23.637,20.63
41768,209,S1,501.0,23.632,20.63
41769,209,S1,504.0,23.498,20.63
41770,209,S1,507.0,23.524,20.63
41771,209,S1,510.0,23.421,20.63
41772,209,S1,513.0,23.422,20.63
41773,209,S1,516.0,23.334,20.63
41774,209,S1,519.0,23.283,20.63
41775,209,S1,522.0,23.286,20.63
41776,209,S1,525.0,23.244,20.63
41777,209,S1,528.0,23.172,20.63
41778,209,S1,531.0,23.168,20.63
41779,209,S1,534.0,23.123,20.63
41780,209,S1,537.0,23.011,20.63
41781,209,S1,540.0,22.954,20.63
41782,209,S1,543.0,22.893,20.63
41783,209,S1,546.0,22.980,20.63
41784,209,S1,549.0,22.862,20.63
41785,209,S1,552.0,22.899,20.63
41786,209,S1,555.0,22.832,20.63
41787,209,S1,558.0,22.732,20.63
41788,209,S1,561.0,22.689,20.63
41789,209,S1,564.0,22.601,20.63
41790,209,S1,567.0,22.513,20.63
41791,209,S1,570.0,22.645,20.63
41792,209,S1,573.0,22.515,20.63
41793,209,S1,576.0,22.612,20.63
41794,209,S1,579.0,22.450,20.63
41795,209,S1,582.0,22.594,20.63
41796,209,S1,585.0,22.547,20.63
41797,209,S1,588.0,22.261,20.63
41798,209,S1,591.0,22.368,20.63
41799,209,S1,594.0,22.275,20.63
41800,209,S1,597.0,22.337,20.63
41801,210,S2,0.0,74.719,22.41
41802,210,S2,3.0,73.859,22.41
41803,210,S2,6.0,72.880,22.41
41804,210,S2,9.0,71.856,22.41
41805,210,S2,12.0,71.032,22.41
41806,210,S2,15.0,70.029,22.41
41807,210,S2,18.0,69.255,22.41
41808,210,S2,21.0,68.273,22.41
41809,210,S2,24.0,67.421,22.41
41810,210,S2,27.0,66.508,22.41
41811,210,S2,30.0,65.756,22.41
41812,210,S2,33.0,64.888,22.41
41813,210,S2,36.0,64.034,22.41
41814,210,S2,39.0,63.278,22.41
41815,210,S2,42.0,62.589,22.41
41816,210,S2,45.0,61.796,22.41
41817,210,S2,48.0,61.052,22.41
41818,210,S2,51.0,60.349,22.41
41819,210,S2,54.0,59.687,22.41
41820,210,S2,57.0,58.981,22.41
41821,210,S2,60.0,58.176,22.41
41822,210,S2,63.0,57.508,22.41
41823,210,S2,66.0,56.869,22.41
41824,210,S2,69.0,56.185,22.41
41825,210,S2,72.0,55.614,22.41
41826,210,S2,75.0,54.959,22.41
41827,210,S2,78.0,54.284,22.41
41828,210,S2,81.0,53.769,22.41
41829,210,S2,84.0,53.154,22.41
41830,210,S2,87.0,52.582,22.41
41831,210,S2,90.0,51.987,22.41
41832,210,S2,93.0,51.407,22.41
41833,210,S2,96.0,50.835,22.41
41834,210,S2,99.0,50.369,22.41
41835,210,S2,102.0,49.842,22.41
41836,210,S2,105.0,49.311,22.41
41837,210,S2,108.0,48.834,22.41
41838,210,S2,111.0,48.246,22.41
41839,210,S2,114.0,47.911,22.41
41840,210,S2,117.0,47.354,22.41
41841,210,S2,120.0,46.843,22.41
41842,210,S2,123.0,46.382,22.41
41843,210,S2,126.0,45.948,22.41
41844,210,S2,129.0,45.426,22.41
41845,210,S2,132.0,45.107,22.41
41846,210,S2,135.0,44.713,22.41
41847,210,S2,138.0,44.273,22.41
41848,210,S2,141.0,43.836,22.41
41849,210,S2,144.0,43.331,22.41
41850,210,S2,147.0,43.101,22.41
41851,210,S2,150.0,42.625,22.41
41852,210,S2,153.0,42.165,22.41
41853,210,S2,156.0,41.854,22.41
41854,210,S2,159.0,41.517,22.41
41855,210,S2,162.0,41.197,22.41
41856,210,S2,165.0,40.782,22.41
41857,210,S2,168.0,40.433,22.41
41858,210,S2,171.0,40.134,22.41
41859,210,S2,174.0,39.749,22.41
41860,210,S2,177.0,39.450,22.41
41861,210,S2,180.0,39.120,22.41
41862,210,S2,183.0,38.907,22.41
41863,210,S2,186.0,38.450,22.41
41864,210,S2,189.0,38.230,22.41
41865,210,S2,192.0,37.909,22.41
41866,210,S2,195.0,37.636,22.41
41867,210,S2,198.0,37.318,22.41
41868,210,S2,201.0,37.129,22.41
41869,210,S2,204.0,36.709,22.41
41870,210,S2,207.0,36.485,22.41
41871,210,S2,210.0,36.213,22.41
41872,210,S2,213.0,35.993,22.41
41873,210,S2,216.0,35.663,22.41
41874,210,S2,219.0,35.453,22.41
41875,210,S2,222.0,35.214,22.41
41876,210,S2,225.0,34.975,22.41
41877,210,S2,228.0,34.759,22.41
41878,210,S2,231.0,34.441,22.41
41879,210,S2,234.0,34.301,22.41
41880,210,S2,237.0,34.141,22.41
41881,210,S2,240.0,33.930,22.41
41882,210,S2,243.0,33.597,22.41
41883,210,S2,246.0,33.410,22.41
41884,210,S2,249.0,33.170,22.41
41885,210,S2,252.0,32.956,22.41
41886,210,S2,255.0,32.797,22.41
41887,210,S2,258.0,32.647,22.41
41888,210,S2,261.0,32.340,22.41
41889,210,S2,264.0,32.198,22.41
41890,210,S2,267.0,31.985,22.41
41891,210,S2,270.0,31.871,22.41
41892,210,S2,273.0,31.699,22.41
41893,210,S2,276.0,31.621,22.41
41894,210,S2,279.0,31.334,22.41
41895,210,S2,282.0,31.139,22.41
41896,210,S2,285.0,30.978,22.41
41897,210,S2,288.0,30.763,22.41
41898,210,S2,291.0,30.722,22.41
41899,210,S2,294.0,30.544,22.41
41900,210,S2,297.0,30.303,22.41
41901,210,S2,300.0,30.260,22.41
41902,210,S2,303.0,30.048,22.41
41903,210,S2,306.0,29.975,22.41
41904,210,S2,309.0,29.801,22.41
41905,210,S2,312.0,29.645,22.41
41906,210,S2,315.0,29.524,22.41
41907,210,S2,318.0,29.401,22.41
41908,210,S2,321.0,29.244,22.41
41909,210,S2,324.0,29.112,22.41
41910,210,S2,327.0,28.941,22.41
41911,210,S2,330.0,28.834,22.41
41912,210,S2,333.0,28.666,22.41
41913,210,S2,336.0,28.613,22.41
41914,210,S2,339.0,28.474,22.41
41915,210,S2,342.0,28.307,22.41
41916,210,S2,345.0,28.225,22.41
41917,210,S2,348.0,28.096,22.41
41918,210,S2,351.0,27.993,22.41
41919,210,S2,354.0,27.916,22.41
41920,210,S2,357.0,27.917,22.41
41921,210,S2,360.0,27.671,22.41
41922,210,S2,363.0,27.770,22.41
41923,210,S2,366.0,27.578,22.41
41924,210,S2,369.0,27.429,22.41
41925,210,S2,372.0,27.306,22.41
41926,210,S2,375.0,27.298,22.41
41927,210,S2,378.0,27.181,22.41
41928,210,S2,381.0,27.026,22.41
41929,210,S2,384.0,26.870,22.41
41930,210,S2,387.0,26.856,22.41
41931,210,S2,390.0,26.868,22.41
41932,210,S2,393.0,26.780,22.41
41933,210,S2,396.0,26.653,22.41
41934,210,S2,399.0,26.577,22.41
41935,210,S2,402.0,26.530,22.41
41936,210,S2,405.0,26.428,22.41
41937,210,S2,408.0,26.283,22.41
41938,210,S2,411.0,26.269,22.41
41939,210,S2,414.0,26.126,22.41
41940,210,S2,417.0,26.136,22.41
41941,210,S2,420.0,26.062,22.41
41942,210,S2,423.0,25.927,22.41
41943,210,S2,426.0,25.911,22.41
41944,210,S2,429.0,25.847,22.41
41945,210,S2,432.0,25.718,22.41
41946,210,S2,435.0,25.780,22.41
41947,210,S2,438.0,25.726,22.41
41948,210,S2,441.0,25.610,22.41
41949,210,S2,444.0,25.504,22.41
41950,210,S2,447.0,25.481,22.41
41951,210,S2,450.0,25.386,22.41
41952,210,S2,453.0,25.360,22.41
41953,210,S2,456.0,25.263,22.41
41954,210,S2,459.0,25.271,22.41
41955,210,S2,462.0,25.156,22.41
41956,210,S2,465.0,25.118,22.41
41957,210,S2,468.0,25.095,22.41
41958,210,S2,471.0,25.046,22.41
41959,210,S2,474.0,24.923,22.41
41960,210,S2,477.0,25.030,22.41
41961,210,S2,480.0,24.921,22.41
41962,210,S2,483.0,24.775,22.41
41963,210,S2,486.0,24.846,22.41
41964,210,S2,489.0,24.789,22.41
41965,210,S2,492.0,24.794,22.41
41966,210,S2,495.0,24.673,22.41
41967,210,S2,498.0,24.576,22.41
41968,210,S2,501.0,24.657,22.41
41969,210,S2,504.0,24.575,22.41
41970,210,S2,507.0,24.529,22.41
41971,210,S2,510.0,24.447,22.41
41972,210,S2,513.0,24.319,22.41
41973,210,S2,516.0,24.331,22.41
41974,210,S2,519.0,24.306,22.41
41975,210,S2,522.0,24.346,22.41
41976,210,S2,525.0,24.221,22.41
41977,210,S2,528.0,24.286,22.41
41978,210,S2,531.0,24.188,22.41
41979,210,S2,534.0,24.222,22.41
41980,210,S2,537.0,24.194,22.41
41981,210,S2,540.0,24.135,22.41
41982,210,S2,543.0,24.031,22.41
41983,210,S2,546.0,24.105,22.41
41984,210,S2,549.0,23.988,22.41
41985,210,S2,552.0,23.963,22.41
41986,210,S2,555.0,23.891,22.41
41987,210,S2,558.0,23.941,22.41
41988,210,S2,561.0,23.901,22.41
41989,210,S2,564.0,23.804,22.41
41990,210,S2,567.0,23.830,22.41
41991,210,S2,570.0,23.849,22.41
41992,210,S2,573.0,23.825,22.41
41993,210,S2,576.0,23.816,22.41
41994,210,S2,579.0,23.794,22.41
41995,210,S2,582.0,23.701,22.41
41996,210,S2,585.0,23.601,22.41
41997,210,S2,588.0,23.597,22.41
41998,210,S2,591.0,23.689,22.41
41999,210,S2,594.0,23.546,22.41
42000,210,S2,597.0,23.555,22.41
42001,211,S3,0.0,88.247,22.22
42002,211,S3,3.0,87.168,22.22
42003,211,S3,6.0,86.187,22.22
42004,211,S3,9.0,85.177,22.22
42005,211,S3,12.0,84.318,22.22
42006,211,S3,15.0,83.393,22.22
42007,211,S3,18.0,82.334,22.22
42008,211,S3,21.0,81.471,22.22
42009,211,S3,24.0,80.468,22.22
42010,211,S3,27.0,79.566,22.22
42011,211,S3,30.0,78.704,22.22
42012,211,S3,33.0,77.864,22.22
42013,211,S3,36.0,77.090,22.22
42014,211,S3,39.0,76.212,22.22
42015,211,S3,42.0,75.395,22.22
42016,211,S3,45.0,74.614,22.22
42017,211,S3,48.0,73.762,22.22
42018,211,S3,51.0,73.016,22.22
42019,211,S3,54.0,72.242,22.22
42020,211,S3,57.0,71.525,22.22
42021,211,S3,60.0,70.738,22.22
42022,211,S3,63.0,69.903,22.22
42023,211,S3,66.0,69.185,22.22
42024,211,S3,69.0,68.457,22.22
42025,211,S3,72.0,67.816,22.22
42026,211,S3,75.0,67.042,22.22
42027,211,S3,78.0,66.335,22.22
42028,211,S3,81.0,65.792,22.22
42029,211,S3,84.0,65.147,22.22
42030,211,S3,87.0,64.400,22.22
42031,211,S3,90.0,63.759,22.22
42032,211,S3,93.0,63.162,22.22
42033,211,S3,96.0,62.495,22.22
42034,211,S3,99.0,61.886,22.22
42035,211,S3,102.0,61.193,22.22
42036,211,S3,105.0,60.801,22.22
42037,211,S3,108.0,60.213,22.22
42038,211,S3,111.0,59.493,22.22
42039,211,S3,114.0,58.888,22.22
42040,211,S3,117.0,58.373,22.22
42041,211,S3,120.0,57.708,22.22
42042,211,S3,123.0,57.261,22.22
42043,211,S3,126.0,56.808,22.22
42044,211,S3,129.0,56.112,22.22
42045,211,S3,132.0,55.782,22.22
42046,211,S3,135.0,55.192,22.22
42047,211,S3,138.0,54.621,22.22
42048,211,S3,141.0,54.180,22.22
42049,211,S3,144.0,53.677,22.22
42050,211,S3,147.0,53.222,22.22
42051,211,S3,150.0,52.769,22.22
42052,211,S3,153.0,52.314,22.22
42053,211,S3,156.0,51.789,22.22
42054,211,S3,159.0,51.346,22.22
42055,211,S3,162.0,50.917,22.22
42056,211,S3,165.0,50.438,22.22
42057,211,S3,168.0,50.002,22.22
42058,211,S3,171.0,49.570,22.22
42059,211,S3,174.0,49.096,22.22
42060,211,S3,177.0,48.745,22.22
42061,211,S3,180.0,48.323,22.22
42062,211,S3,183.0,47.960,22.22
42063,211,S3,186.0,47.532,22.22
42064,211,S3,189.0,47.150,22.22
42065,211,S3,192.0,46.765,22.22
42066,211,S3,195.0,46.364,22.22
42067,211,S3,198.0,46.056,22.22
42068,211,S3,201.0,45.700,22.22
42069,211,S3,204.0,45.324,22.22
42070,211,S3,207.0,44.864,22.22
42071,211,S3,210.0,44.733,22.22
42072,211,S3,213.0,44.281,22.22
42073,211,S3,216.0,43.939,22.22
42074,211,S3,219.0,43.634,22.22
42075,211,S3,222.0,43.327,22.22
42076,211,S3,225.0,42.939,22.22
42077,211,S3,228.0,42.626,22.22
42078,211,S3,231.0,42.295,22.22
42079,211,S3,234.0,41.981,22.22
42080,211,S3,237.0,41.679,22.22
42081,211,S3,240.0,41.406,22.22
42082,211,S3,243.0,41.120,22.22
42083,211,S3,246.0,40.852,22.22
42084,211,S3,249.0,40.508,22.22
42085,211,S3,252.0,40.258,22.22
42086,211,S3,255.0,39.986,22.22
42087,211,S3,258.0,39.756,22.22
42088,211,S3,261.0,39.374,22.22
42089,211,S3,264.0,39.205,22.22
42090,211,S3,267.0,38.927,22.22
42091,211,S3,270.0,38.650,22.22
42092,211,S3,273.0,38.389,22.22
42093,211,S3,276.0,38.261,22.22
42094,211,S3,279.0,37.979,22.22
42095,211,S3,282.0,37.662,22.22
42096,211,S3,285.0,37.480,22.22
42097,211,S3,288.0,37.187,22.22
42098,211,S3,291.0,36.958,22.22
42099,211,S3,294.0,36.835,22.22
42100,211,S3,297.0,36.555,22.22
42101,211,S3,300.0,36.380,22.22
42102,211,S3,303.0,36.068,22.22
42103,211,S3,306.0,35.906,22.22
42104,211,S3,309.0,35.660,22.22
42105,211,S3,312.0,35.438,22.22
42106,211,S3,315.0,35.209,22.22
42107,211,S3,318.0,35.070,22.22
42108,211,S3,321.0,34.943,22.22
42109,211,S3,324.0,34.657,22.22
42110,211,S3,327.0,34.377,22.22
42111,211,S3,330.0,34.275,22.22
42112,211,S3,333.0,34.180,22.22
42113,211,S3,336.0,34.008,22.22
42114,211,S3,339.0,33.729,22.22
42115,211,S3,342.0,33.680,22.22
42116,211,S3,345.0,33.360,22.22
42117,211,S3,348.0,33.253,22.22
42118,211,S3,351.0,33.060,22.22
42119,211,S3,354.0,32.870,22.22
42120,211,S3,357.0,32.760,22.22
42121,211,S3,360.0,32.536,22.22
42122,211,S3,363.0,32.403,22.22
42123,211,S3,366.0,32.287,22.22
42124,211,S3,369.0,32.074,22.22
42125,211,S3,372.0,31.968,22.22
42126,211,S3,375.0,31.711,22.22
42127,211,S3,378.0,31.595,22.22
42128,211,S3,381.0,31.528,22.22
42129,211,S3,384.0,31.317,22.22
42130,211,S3,387.0,31.223,22.22
42131,211,S3,390.0,31.037,22.22
42132,211,S3,393.0,31.022,22.22
42133,211,S3,396.0,30.805,22.22
42134,211,S3,399.0,30.708,22.22
42135,211,S3,402.0,30.609,22.22
42136,211,S3,405.0,30.443,22.22
42137,211,S3,408.0,30.314,22.22
42138,211,S3,411.0,30.208,22.22
42139,211,S3,414.0,30.118,22.22
42140,211,S3,417.0,29.919,22.22
42141,211,S3,420.0,29.796,22.22
42142,211,S3,423.0,29.610,22.22
42143,211,S3,426.0,29.560,22.22
42144,211,S3,429.0,29.479,22.22
42145,211,S3,432.0,29.362,22.22
42146,211,S3,435.0,29.256,22.22
42147,211,S3,438.0,29.049,22.22
42148,211,S3,441.0,29.011,22.22
42149,211,S3,444.0,28.863,22.22
42150,211,S3,447.0,28.817,22.22
42151,211,S3,450.0,28.670,22.22
42152,211,S3,453.0,28.627,22.22
42153,211,S3,456.0,28.556,22.22
42154,211,S3,459.0,28.374,22.22
42155,211,S3,462.0,28.261,22.22
42156,211,S3,465.0,28.224,22.22
42157,211,S3,468.0,28.082,22.22
42158,211,S3,471.0,28.094,22.22
42159,211,S3,474.0,27.969,22.22
42160,211,S3,477.0,27.880,22.22
42161,211,S3,480.0,27.786,22.22
42162,211,S3,483.0,27.807,22.22
42163,211,S3,486.0,27.630,22.22
42164,211,S3,489.0,27.459,22.22
42165,211,S3,492.0,27.490,22.22
42166,211,S3,495.0,27.393,22.22
42167,211,S3,498.0,27.304,22.22
42168,211,S3,501.0,27.258,22.22
42169,211,S3,504.0,27.257,22.22
42170,211,S3,507.0,27.185,22.22
42171,211,S3,510.0,27.009,22.22
42172,211,S3,513.0,26.913,22.22
42173,211,S3,516.0,26.809,22.22
42174,211,S3,519.0,26.867,22.22
42175,211,S3,522.0,26.658,22.22
42176,211,S3,525.0,26.777,22.22
42177,211,S3,528.0,26.558,22.22
42178,211,S3,531.0,26.442,22.22
42179,211,S3,534.0,26.440,22.22
42180,211,S3,537.0,26.430,22.22
42181,211,S3,540.0,26.272,22.22
42182,211,S3,543.0,26.160,22.22
42183,211,S3,546.0,26.214,22.22
42184,211,S3,549.0,26.123,22.22
42185,211,S3,552.0,26.101,22.22
42186,211,S3,555.0,26.036,22.22
42187,211,S3,558.0,25.886,22.22
42188,211,S3,561.0,25.826,22.22
42189,211,S3,564.0,25.814,22.22
42190,211,S3,567.0,25.719,22.22
42191,211,S3,570.0,25.762,22.22
42192,211,S3,573.0,25.647,22.22
42193,211,S3,576.0,25.548,22.22
42194,211,S3,579.0,25.583,22.22
42195,211,S3,582.0,25.532,22.22
42196,211,S3,585.0,25.474,22.22
42197,211,S3,588.0,25.447,22.22
42198,211,S3,591.0,25.413,22.22
42199,211,S3,594.0,25.253,22.22
42200,211,S3,597.0,25.274,22.22
42201,212,S4,0.0,94.665,21.55
42202,212,S4,3.0,93.065,21.55
42203,212,S4,6.0,91.552,21.55
42204,212,S4,9.0,90.177,21.55
42205,212,S4,12.0,88.703,21.55
42206,212,S4,15.0,87.310,21.55
42207,212,S4,18.0,85.985,21.55
42208,212,S4,21.0,84.663,21.55
42209,212,S4,24.0,83.228,21.55
42210,212,S4,27.0,81.957,21.55
42211,212,S4,30.0,80.760,21.55
42212,212,S4,33.0,79.469,21.55
42213,212,S4,36.0,78.353,21.55
42214,212,S4,39.0,77.189,21.55
42215,212,S4,42.0,75.929,21.55
42216,212,S4,45.0,74.883,21.55
42217,212,S4,48.0,73.747,21.55
42218,212,S4,51.0,72.654,21.55
42219,212,S4,54.0,71.565,21.55
42220,212,S4,57.0,70.593,21.55
42221,212,S4,60.0,69.598,21.55
42222,212,S4,63.0,68.494,21.55
42223,212,S4,66.0,67.463,21.55
42224,212,S4,69.0,66.596,21.55
42225,212,S4,72.0,65.592,21.55
42226,212,S4,75.0,64.743,21.55
42227,212,S4,78.0,63.814,21.55
42228,212,S4,81.0,62.992,21.55
42229,212,S4,84.0,62.107,21.55
42230,212,S4,87.0,61.246,21.55
42231,212,S4,90.0,60.485,21.55
42232,212,S4,93.0,59.619,21.55
42233,212,S4,96.0,58.736,21.55
42234,212,S4,99.0,58.054,21.55
42235,212,S4,102.0,57.150,21.55
42236,212,S4,105.0,56.466,21.55
42237,212,S4,108.0,55.774,21.55
42238,212,S4,111.0,55.104,21.55
42239,212,S4,114.0,54.414,21.55
42240,212,S4,117.0,53.758,21.55
42241,212,S4,120.0,52.994,21.55
42242,212,S4,123.0,52.344,21.55
42243,212,S4,126.0,51.687,21.55
42244,212,S4,129.0,51.078,21.55
42245,212,S4,132.0,50.464,21.55
42246,212,S4,135.0,49.912,21.55
42247,212,S4,138.0,49.336,21.55
42248,212,S4,141.0,48.680,21.55
42249,212,S4,144.0,48.207,21.55
42250,212,S4,147.0,47.647,21.55
42251,212,S4,150.0,47.079,21.55
42252,212,S4,153.0,46.553,21.55
42253,212,S4,156.0,46.079,21.55
42254,212,S4,159.0,45.498,21.55
42255,212,S4,162.0,44.922,21.55
42256,212,S4,165.0,44.536,21.55
42257,212,S4,168.0,44.022,21.55
42258,212,S4,171.0,43.472,21.55
42259,212,S4,174.0,43.168,21.55
42260,212,S4,177.0,42.722,21.55
42261,212,S4,180.0,42.199,21.55
42262,212,S4,183.0,41.891,21.55
42263,212,S4,186.0,41.390,21.55
42264,212,S4,189.0,40.922,21.55
42265,212,S4,192.0,40.473,21.55
42266,212,S4,195.0,40.140,21.55
42267,212,S4,198.0,39.791,21.55
42268,212,S4,201.0,39.424,21.55
42269,212,S4,204.0,39.006,21.55
42270,212,S4,207.0,38.524,21.55
42271,212,S4,210.0,38.257,21.55
42272,212,S4,213.0,37.920,21.55
42273,212,S4,216.0,37.683,21.55
42274,212,S4,219.0,37.320,21.55
42275,212,S4,222.0,36.928,21.55
42276,212,S4,225.0,36.729,21.55
42277,212,S4,228.0,36.396,21.55
42278,212,S4,231.0,36.001,21.55
42279,212,S4,234.0,35.699,21.55
42280,212,S4,237.0,35.357,21.55
42281,212,S4,240.0,35.040,21.55
42282,212,S4,243.0,34.882,21.55
42283,212,S4,246.0,34.558,21.55
42284,212,S4,249.0,34.326,21.55
42285,212,S4,252.0,34.037,21.55
42286,212,S4,255.0,33.804,21.55
42287,212,S4,258.0,33.467,21.55
42288,212,S4,261.0,33.212,21.55
42289,212,S4,264.0,32.988,21.55
42290,212,S4,267.0,32.765,21.55
42291,212,S4,270.0,32.566,21.55
42292,212,S4,273.0,32.261,21.55
42293,212,S4,276.0,32.046,21.55
42294,212,S4,279.0,31.853,21.55
42295,212,S4,282.0,31.598,21.55
42296,212,S4,285.0,31.474,21.55
42297,212,S4,288.0,31.263,21.55
42298,212,S4,291.0,30.948,21.55
42299,212,S4,294.0,30.888,21.55
42300,212,S4,297.0,30.658,21.55
42301,212,S4,300.0,30.469,21.55
42302,212,S4,303.0,30.253,21.55
42303,212,S4,306.0,30.188,21.55
42304,212,S4,309.0,30.001,21.55
42305,212,S4,312.0,29.702,21.55
42306,212,S4,315.0,29.559,21.55
42307,212,S4,318.0,29.395,21.55
42308,212,S4,321.0,29.253,21.55
42309,212,S4,324.0,28.973,21.55
42310,212,S4,327.0,28.925,21.55
42311,212,S4,330.0,28.822,21.55
42312,212,S4,333.0,28.602,21.55
42313,212,S4,336.0,28.501,21.55
42314,212,S4,339.0,28.291,21.55
42315,212,S4,342.0,28.055,21.55
42316,212,S4,345.0,28.030,21.55
42317,212,S4,348.0,27.877,21.55
42318,212,S4,351.0,27.808,21.55
42319,212,S4,354.0,27.638,21.55
42320,212,S4,357.0,27.476,21.55
42321,212,S4,360.0,27.431,21.55
42322,212,S4,363.0,27.357,21.55
42323,212,S4,366.0,27.179,21.55
42324,212,S4,369.0,26.960,21.55
42325,212,S4,372.0,26.944,21.55
42326,212,S4,375.0,26.851,21.55
42327,212,S4,378.0,26.687,21.55
42328,212,S4,381.0,26.545,21.55
42329,212,S4,384.0,26.488,21.55
42330,212,S4,387.0,26.384,21.55
42331,212,S4,390.0,26.232,21.55
42332,212,S4,393.0,26.173,21.55
42333,212,S4,396.0,26.029,21.55
42334,212,S4,399.0,25.962,21.55
42335,212,S4,402.0,25.867,21.55
42336,212,S4,405.0,25.803,21.55
42337,212,S4,408.0,25.750,21.55
42338,212,S4,411.0,25.699,21.55
42339,212,S4,414.0,25.561,21.55
42340,212,S4,417.0,25.412,21.55
42341,212,S4,420.0,25.375,21.55
42342,212,S4,423.0,25.234,21.55
42343,212,S4,426.0,25.246,21.55
42344,212,S4,429.0,25.181,21.55
42345,212,S4,432.0,25.094,21.55
42346,212,S4,435.0,24.991,21.55
42347,212,S4,438.0,25.042,21.55
42348,212,S4,441.0,24.889,21.55
42349,212,S4,444.0,24.773,21.55
42350,212,S4,447.0,24.719,21.55
42351,212,S4,450.0,24.628,21.55
42352,212,S4,453.0,24.521,21.55
42353,212,S4,456.0,24.556,21.55
42354,212,S4,459.0,24.475,21.55
42355,212,S4,462.0,24.429,21.55
42356,212,S4,465.0,24.295,21.55
42357,212,S4,468.0,24.225,21.55
42358,212,S4,471.0,24.226,21.55
42359,212,S4,474.0,24.145,21.55
42360,212,S4,477.0,24.182,21.55
42361,212,S4,480.0,24.036,21.55
42362,212,S4,483.0,23.978,21.55
42363,212,S4,486.0,23.949,21.55
42364,212,S4,489.0,23.850,21.55
42365,212,S4,492.0,23.861,21.55
42366,212,S4,495.0,23.786,21.55
42367,212,S4,498.0,23.716,21.55
42368,212,S4,501.0,23.726,21.55
42369,212,S4,504.0,23.714,21.55
42370,212,S4,507.0,23.669,21.55
42371,212,S4,510.0,23.508,21.55
42372,212,S4,513.0,23.603,21.55
42373,212,S4,516.0,23.535,21.55
42374,212,S4,519.0,23.449,21.55
42375,212,S4,522.0,23.483,21.55
42376,212,S4,525.0,23.469,21.55
42377,212,S4,528.0,23.405,21.55
42378,212,S4,531.0,23.229,21.55
42379,212,S4,534.0,23.151,21.55
42380,212,S4,537.0,23.284,21.55
42381,212,S4,540.0,23.207,21.55
42382,212,S4,543.0,23.196,21.55
42383,212,S4,546.0,23.148,21.55
42384,212,S4,549.0,23.122,21.55
42385,212,S4,552.0,23.074,21.55
42386,212,S4,555.0,23.094,21.55
42387,212,S4,558.0,22.966,21.55
42388,212,S4,561.0,23.009,21.55
42389,212,S4,564.0,22.969,21.55
42390,212,S4,567.0,22.912,21.55
42391,212,S4,570.0,22.890,21.55
42392,212,S4,573.0,22.844,21.55
42393,212,S4,576.0,22.882,21.55
42394,212,S4,579.0,22.768,21.55
42395,212,S4,582.0,22.758,21.55
42396,212,S4,585.0,22.711,21.55
42397,212,S4,588.0,22.667,21.55
42398,212,S4,591.0,22.723,21.55
42399,212,S4,594.0,22.701,21.55
42400,212,S4,597.0,22.670,21.55
42401,213,S1,0.0,92.225,22.13
42402,213,S1,3.0,90.943,22.13
42403,213,S1,6.0,89.755,22.13
42404,213,S1,9.0,88.583,22.13
42405,213,S1,12.0,87.492,22.13
42406,213,S1,15.0,86.331,22.13
42407,213,S1,18.0,85.330,22.13
42408,213,S1,21.0,84.244,22.13
42409,213,S1,24.0,83.002,22.13
42410,213,S1,27.0,82.093,22.13
42411,213,S1,30.0,81.053,22.13
42412,213,S1,33.0,80.012,22.13
42413,213,S1,36.0,79.015,22.13
42414,213,S1,39.0,77.954,22.13
42415,213,S1,42.0,77.147,22.13
42416,213,S1,45.0,76.169,22.13
42417,213,S1,48.0,75.145,22.13
42418,213,S1,51.0,74.304,22.13
42419,213,S1,54.0,73.407,22.13
42420,213,S1,57.0,72.457,22.13
42421,213,S1,60.0,71.572,22.13
42422,213,S1,63.0,70.756,22.13
42423,213,S1,66.0,69.915,22.13
42424,213,S1,69.0,69.158,22.13
42425,213,S1,72.0,68.291,22.13
42426,213,S1,75.0,67.500,22.13
42427,213,S1,78.0,66.775,22.13
42428,213,S1,81.0,65.978,22.13
42429,213,S1,84.0,65.286,22.13
42430,213,S1,87.0,64.445,22.13
42431,213,S1,90.0,63.773,22.13
42432,213,S1,93.0,63.024,22.13
42433,213,S1,96.0,62.284,22.13
42434,213,S1,99.0,61.572,22.13
42435,213,S1,102.0,61.004,22.13
42436,213,S1,105.0,60.360,22.13
42437,213,S1,108.0,59.629,22.13
42438,213,S1,111.0,58.994,22.13
42439,213,S1,114.0,58.371,22.13
42440,213,S1,117.0,57.689,22.13
42441,213,S1,120.0,57.169,22.13
42442,213,S1,123.0,56.533,22.13
42443,213,S1,126.0,55.972,22.13
42444,213,S1,129.0,55.354,22.13
42445,213,S1,132.0,54.809,22.13
42446,213,S1,135.0,54.184,22.13
42447,213,S1,138.0,53.701,22.13
42448,213,S1,141.0,53.105,22.13
42449,213,S1,144.0,52.601,22.13
42450,213,S1,147.0,52.092,22.13
42451,213,S1,150.0,51.608,22.13
42452,213,S1,153.0,51.057,22.13
42453,213,S1,156.0,50.535,22.13
42454,213,S1,159.0,50.058,22.13
42455,213,S1,162.0,49.505,22.13
42456,213,S1,165.0,49.211,22.13
42457,213,S1,168.0,48.691,22.13
42458,213,S1,171.0,48.222,22.13
42459,213,S1,174.0,47.707,22.13
42460,213,S1,177.0,47.271,22.13
42461,213,S1,180.0,46.850,22.13
42462,213,S1,183.0,46.522,22.13
42463,213,S1,186.0,46.013,22.13
42464,213,S1,189.0,45.730,22.13
42465,213,S1,192.0,45.227,22.13
42466,213,S1,195.0,44.880,22.13
42467,213,S1,198.0,44.438,22.13
42468,213,S1,201.0,44.019,22.13
42469,213,S1,204.0,43.577,22.13
42470,213,S1,207.0,43.301,22.13
42471,213,S1,210.0,42.881,22.13
42472,213,S1,213.0,42.548,22.13
42473,213,S1,216.0,42.158,22.13
42474,213,S1,219.0,41.870,22.13
42475,213,S1,222.0,41.486,22.13
42476,213,S1,225.0,41.251,22.13
42477,213,S1,228.0,40.916,22.13
42478,213,S1,231.0,40.508,22.13
42479,213,S1,234.0,40.245,22.13
42480,213,S1,237.0,39.850,22.13
42481,213,S1,240.0,39.578,22.13
42482,213,S1,243.0,39.295,22.13
42483,213,S1,246.0,39.026,22.13
42484,213,S1,249.0,38.657,22.13
42485,213,S1,252.0,38.471,22.13
42486,213,S1,255.0,38.172,22.13
42487,213,S1,258.0,37.893,22.13
42488,213,S1,261.0,37.569,22.13
42489,213,S1,264.0,37.343,22.13
42490,213,S1,267.0,37.045,22.13
42491,213,S1,270.0,36.760,22.13
42492,213,S1,273.0,36.507,22.13
42493,213,S1,276.0,36.268,22.13
42494,213,S1,279.0,36.015,22.13
42495,213,S1,282.0,35.854,22.13
42496,213,S1,285.0,35.567,22.13
42497,213,S1,288.0,35.414,22.13
42498,213,S1,291.0,35.158,22.13
42499,213,S1,294.0,34.951,22.13
42500,213,S1,297.0,34.831,22.13
42501,213,S1,300.0,34.504,22.13
42502,213,S1,303.0,34.268,22.13
42503,213,S1,306.0,34.052,22.13
42504,213,S1,309.0,33.863,22.13
42505,213,S1,312.0,33.661,22.13
42506,213,S1,315.0,33.393,22.13
42507,213,S1,318.0,33.294,22.13
42508,213,S1,321.0,33.172,22.13
42509,213,S1,324.0,32.857,22.13
42510,213,S1,327.0,32.638,22.13
42511,213,S1,330.0,32.500,22.13
42512,213,S1,333.0,32.326,22.13
42513,213,S1,336.0,32.157,22.13
42514,213,S1,339.0,31.996,22.13
42515,213,S1,342.0,31.845,22.13
42516,213,S1,345.0,31.634,22.13
42517,213,S1,348.0,31.472,22.13
42518,213,S1,351.0,31.296,22.13
42519,213,S1,354.0,31.129,22.13
42520,213,S1,357.0,31.038,22.13
42521,213,S1,360.0,30.873,22.13
42522,213,S1,363.0,30.704,22.13
42523,213,S1,366.0,30.503,22.13
42524,213,S1,369.0,30.440,22.13
42525,213,S1,372.0,30.203,22.13
42526,213,S1,375.0,30.107,22.13
42527,213,S1,378.0,30.049,22.13
42528,213,S1,381.0,29.851,22.13
42529,213,S1,384.0,29.733,22.13
42530,213,S1,387.0,29.584,22.13
42531,213,S1,390.0,29.411,22.13
42532,213,S1,393.0,29.281,22.13
42533,213,S1,396.0,29.219,22.13
42534,213,S1,399.0,29.057,22.13
42535,213,S1,402.0,28.941,22.13
42536,213,S1,405.0,28.832,22.13
42537,213,S1,408.0,28.771,22.13
42538,213,S1,411.0,28.575,22.13
42539,213,S1,414.0,28.589,22.13
42540,213,S1,417.0,28.412,22.13
42541,213,S1,420.0,28.301,22.13
42542,213,S1,423.0,28.207,22.13
42543,213,S1,426.0,28.034,22.13
42544,213,S1,429.0,28.026,22.13
42545,213,S1,432.0,27.803,22.13
42546,213,S1,435.0,27.761,22.13
42547,213,S1,438.0,27.699,22.13
42548,213,S1,441.0,27.573,22.13
42549,213,S1,444.0,27.516,22.13
42550,213,S1,447.0,27.436,22.13
42551,213,S1,450.0,27.339,22.13
42552,213,S1,453.0,27.235,22.13
42553,213,S1,456.0,27.050,22.13
42554,213,S1,459.0,26.969,22.13
42555,213,S1,462.0,26.936,22.13
42556,213,S1,465.0,26.866,22.13
42557,213,S1,468.0,26.787,22.13
42558,213,S1,471.0,26.721,22.13
42559,213,S1,474.0,26.678,22.13
42560,213,S1,477.0,26.521,22.13
42561,213,S1,480.0,26.520,22.13
42562,213,S1,483.0,26.448,22.13
42563,213,S1,486.0,26.278,22.13
42564,213,S1,489.0,26.253,22.13
42565,213,S1,492.0,26.210,22.13
42566,213,S1,495.0,26.255,22.13
42567,213,S1,498.0,26.117,22.13
42568,213,S1,501.0,25.991,22.13
42569,213,S1,504.0,25.940,22.13
42570,213,S1,507.0,25.819,22.13
42571,213,S1,510.0,25.725,22.13
42572,213,S1,513.0,25.734,22.13
42573,213,S1,516.0,25.608,22.13
42574,213,S1,519.0,25.682,22.13
42575,213,S1,522.0,25.556,22.13
42576,213,S1,525.0,25.584,22.13
42577,213,S1,528.0,25.387,22.13
42578,213,S1,531.0,25.358,22.13
42579,213,S1,534.0,25.323,22.13
42580,213,S1,537.0,25.253,22.13
42581,213,S1,540.0,25.145,22.13
42582,213,S1,543.0,25.063,22.13
42583,213,S1,546.0,25.099,22.13
42584,213,S1,549.0,25.047,22.13
42585,213,S1,552.0,25.079,22.13
42586,213,S1,555.0,24.937,22.13
42587,213,S1,558.0,24.940,22.13
42588,213,S1,561.0,24.846,22.13
42589,213,S1,564.0,24.753,22.13
42590,213,S1,567.0,24.786,22.13
42591,213,S1,570.0,24.744,22.13
42592,213,S1,573.0,24.638,22.13
42593,213,S1,576.0,24.613,22.13
42594,213,S1,579.0,24.561,22.13
42595,213,S1,582.0,24.562,22.13
42596,213,S1,585.0,24.450,22.13
42597,213,S1,588.0,24.524,22.13
42598,213,S1,591.0,24.437,22.13
42599,213,S1,594.0,24.459,22.13
42600,213,S1,597.0,24.346,22.13
42601,214,S2,0.0,81.476,20.06
42602,214,S2,3.0,80.580,20.06
42603,214,S2,6.0,79.699,20.06
42604,214,S2,9.0,78.850,20.06
42605,214,S2,12.0,77.858,20.06
42606,214,S2,15.0,76.811,20.06
42607,214,S2,18.0,76.099,20.06
42608,214,S2,21.0,75.342,20.06
42609,214,S2,24.0,74.524,20.06
42610,214,S2,27.0,73.637,20.06
42611,214,S2,30.0,72.765,20.06
42612,214,S2,33.0,72.063,20.06
42613,214,S2,36.0,71.267,20.06
42614,214,S2,39.0,70.467,20.06
42615,214,S2,42.0,69.697,20.06
42616,214,S2,45.0,69.048,20.06
42617,214,S2,48.0,68.232,20.06
42618,214,S2,51.0,67.492,20.06
42619,214,S2,54.0,66.800,20.06
42620,214,S2,57.0,66.003,20.06
42621,214,S2,60.0,65.344,20.06
42622,214,S2,63.0,64.724,20.06
42623,214,S2,66.0,63.978,20.06
42624,214,S2,69.0,63.327,20.06
42625,214,S2,72.0,62.738,20.06
42626,214,S2,75.0,62.052,20.06
42627,214,S2,78.0,61.393,20.06
42628,214,S2,81.0,60.775,20.06
42629,214,S2,84.0,60.155,20.06
42630,214,S2,87.0,59.616,20.06
42631,214,S2,90.0,58.929,20.06
42632,214,S2,93.0,58.436,20.06
42633,214,S2,96.0,57.745,20.06
42634,214,S2,99.0,57.208,20.06
42635,214,S2,102.0,56.682,20.06
42636,214,S2,105.0,56.206,20.06
42637,214,S2,108.0,55.576,20.06
42638,214,S2,111.0,55.067,20.06
42639,214,S2,114.0,54.515,20.06
42640,214,S2,117.0,54.030,20.06
42641,214,S2,120.0,53.404,20.06
42642,214,S2,123.0,52.901,20.06
42643,214,S2,126.0,52.539,20.06
42644,214,S2,129.0,52.095,20.06
42645,214,S2,132.0,51.534,20.06
42646,214,S2,135.0,51.084,20.06
42647,214,S2,138.0,50.605,20.06
42648,214,S2,141.0,50.163,20.06
42649,214,S2,144.0,49.699,20.06
42650,214,S2,147.0,49.170,20.06
42651,214,S2,150.0,48.802,20.06
42652,214,S2,153.0,48.392,20.06
42653,214,S2,156.0,47.906,20.06
42654,214,S2,159.0,47.447,20.06
42655,214,S2,162.0,47.112,20.06
42656,214,S2,165.0,46.689,20.06
42657,214,S2,168.0,46.337,20.06
42658,214,S2,171.0,45.828,20.06
42659,214,S2,174.0,45.475,20.06
42660,214,S2,177.0,45.060,20.06
42661,214,S2,180.0,44.745,20.06
42662,214,S2,183.0,44.392,20.06
42663,214,S2,186.0,43.997,20.06
42664,214,S2,189.0,43.662,20.06
42665,214,S2,192.0,43.347,20.06
42666,214,S2,195.0,42.940,20.06
42667,214,S2,198.0,42.672,20.06
42668,214,S2,201.0,42.198,20.06
42669,214,S2,204.0,41.966,20.06
42670,214,S2,207.0,41.581,20.06
42671,214,S2,210.0,41.250,20.06
42672,214,S2,213.0,40.934,20.06
42673,214,S2,216.0,40.673,20.06
42674,214,S2,219.0,40.339,20.06
42675,214,S2,222.0,40.012,20.06
42676,214,S2,225.0,39.706,20.06
42677,214,S2,228.0,39.457,20.06
42678,214,S2,231.0,39.105,20.06
42679,214,S2,234.0,38.862,20.06
42680,214,S2,237.0,38.573,20.06
42681,214,S2,240.0,38.252,20.06
42682,214,S2,243.0,38.001,20.06
42683,214,S2,246.0,37.747,20.06
42684,214,S2,249.0,37.462,20.06
42685,214,S2,252.0,37.208,20.06
42686,214,S2,255.0,36.940,20.06
42687,214,S2,258.0,36.726,20.06
42688,214,S2,261.0,36.445,20.06
42689,214,S2,264.0,36.191,20.06
42690,214,S2,267.0,35.822,20.06
42691,214,S2,270.0,35.608,20.06
42692,214,S2,273.0,35.441,20.06
42693,214,S2,276.0,35.153,20.06
42694,214,S2,279.0,35.017,20.06
42695,214,S2,282.0,34.770,20.06
42696,214,S2,285.0,34.542,20.06
42697,214,S2,288.0,34.351,20.06
42698,214,S2,291.0,34.215,20.06
42699,214,S2,294.0,33.931,20.06
42700,214,S2,297.0,33.658,20.06
42701,214,S2,300.0,33.512,20.06
42702,214,S2,303.0,33.283,20.06
42703,214,S2,306.0,33.049,20.06
42704,214,S2,309.0,32.937,20.06
42705,214,S2,312.0,32.668,20.06
42706,214,S2,315.0,32.490,20.06
42707,214,S2,318.0,32.376,20.06
42708,214,S2,321.0,32.076,20.06
42709,214,S2,324.0,32.006,20.06
42710,214,S2,327.0,31.881,20.06
42711,214,S2,330.0,31.661,20.06
42712,214,S2,333.0,31.474,20.06
42713,214,S2,336.0,31.283,20.06
42714,214,S2,339.0,31.074,20.06
42715,214,S2,342.0,30.945,20.06
42716,214,S2,345.0,30.726,20.06
42717,214,S2,348.0,30.522,20.06
42718,214,S2,351.0,30.354,20.06
42719,214,S2,354.0,30.310,20.06
42720,214,S2,357.0,30.095,20.06
42721,214,S2,360.0,29.946,20.06
42722,214,S2,363.0,29.798,20.06
42723,214,S2,366.0,29.630,20.06
42724,214,S2,369.0,29.564,20.06
42725,214,S2,372.0,29.415,20.06
42726,214,S2,375.0,29.301,20.06
42727,214,S2,378.0,29.059,20.06
42728,214,S2,381.0,28.993,20.06
42729,214,S2,384.0,28.792,20.06
42730,214,S2,387.0,28.650,20.06
42731,214,S2,390.0,28.602,20.06
42732,214,S2,393.0,28.393,20.06
42733,214,S2,396.0,28.300,20.06
42734,214,S2,399.0,28.174,20.06
42735,214,S2,402.0,28.102,20.06
42736,214,S2,405.0,27.875,20.06
42737,214,S2,408.0,27.780,20.06
42738,214,S2,411.0,27.750,20.06
42739,214,S2,414.0,27.613,20.06
42740,214,S2,417.0,27.538,20.06
42741,214,S2,420.0,27.445,20.06
42742,214,S2,423.0,27.271,20.06
42743,214,S2,426.0,27.204,20.06
42744,214,S2,429.0,27.012,20.06
42745,214,S2,432.0,27.006,20.06
42746,214,S2,435.0,26.846,20.06
42747,214,S2,438.0,26.721,20.06
42748,214,S2,441.0,26.657,20.06
42749,214,S2,444.0,26.492,20.06
42750,214,S2,447.0,26.453,20.06
42751,214,S2,450.0,26.386,20.06
42752,214,S2,453.0,26.236,20.06
42753,214,S2,456.0,26.111,20.06
42754,214,S2,459.0,26.028,20.06
42755,214,S2,462.0,26.003,20.06
42756,214,S2,465.0,25.909,20.06
42757,214,S2,468.0,25.761,20.06
42758,214,S2,471.0,25.732,20.06
42759,214,S2,474.0,25.622,20.06
42760,214,S2,477.0,25.520,20.06
42761,214,S2,480.0,25.425,20.06
42762,214,S2,483.0,25.317,20.06
42763,214,S2,486.0,25.324,20.06
42764,214,S2,489.0,25.131,20.06
42765,214,S2,492.0,25.078,20.06
42766,214,S2,495.0,25.082,20.06
42767,214,S2,498.0,24.878,20.06
42768,214,S2,501.0,24.944,20.06
42769,214,S2,504.0,24.865,20.06
42770,214,S2,507.0,24.760,20.06
42771,214,S2,510.0,24.771,20.06
42772,214,S2,513.0,24.601,20.06
42773,214,S2,516.0,24.649,20.06
42774,214,S2,519.0,24.490,20.06
42775,214,S2,522.0,24.412,20.06
42776,214,S2,525.0,24.375,20.06
42777,214,S2,528.0,24.374,20.06
42778,214,S2,531.0,24.190,20.06
42779,214,S2,534.0,24.142,20.06
42780,214,S2,537.0,24.142,20.06
42781,214,S2,540.0,24.057,20.06
42782,214,S2,543.0,23.991,20.06
42783,214,S2,546.0,23.975,20.06
42784,214,S2,549.0,23.899,20.06
42785,214,S2,552.0,23.846,20.06
42786,214,S2,555.0,23.718,20.06
42787,214,S2,558.0,23.699,20.06
42788,214,S2,561.0,23.605,20.06
42789,214,S2,564.0,23.535,20.06
42790,214,S2,567.0,23.536,20.06
42791,214,S2,570.0,23.542,20.06
42792,214,S2,573.0,23.468,20.06
42793,214,S2,576.0,23.378,20.06
42794,214,S2,579.0,23.293,20.06
42795,214,S2,582.0,23.230,20.06
42796,214,S2,585.0,23.249,20.06
42797,214,S2,588.0,23.106,20.06
42798,214,S2,591.0,23.203,20.06
42799,214,S2,594.0,22.975,20.06
42800,214,S2,597.0,23.064,20.06
42801,215,S3,0.0,77.009,22.95
42802,215,S3,3.0,75.699,22.95
42803,215,S3,6.0,74.524,22.95
42804,215,S3,9.0,73.268,22.95
42805,215,S3,12.0,72.099,22.95
42806,215,S3,15.0,71.107,22.95
42807,215,S3,18.0,69.930,22.95
42808,215,S3,21.0,68.848,22.95
42809,215,S3,24.0,67.749,22.95
42810,215,S3,27.0,66.740,22.95
42811,215,S3,30.0,65.813,22.95
42812,215,S3,33.0,64.720,22.95
42813,215,S3,36.0,63.823,22.95
42814,215,S3,39.0,62.759,22.95
42815,215,S3,42.0,61.936,22.95
42816,215,S3,45.0,61.014,22.95
42817,215,S3,48.0,60.149,22.95
42818,215,S3,51.0,59.376,22.95
42819,215,S3,54.0,58.452,22.95
42820,215,S3,57.0,57.751,22.95
42821,215,S3,60.0,56.931,22.95
42822,215,S3,63.0,56.072,22.95
42823,215,S3,66.0,55.342,22.95
42824,215,S3,69.0,54.551,22.95
42825,215,S3,72.0,53.818,22.95
42826,215,S3,75.0,53.150,22.95
42827,215,S3,78.0,52.426,22.95
42828,215,S3,81.0,51.760,22.95
42829,215,S3,84.0,51.087,22.95
42830,215,S3,87.0,50.527,22.95
42831,215,S3,90.0,49.798,22.95
42832,215,S3,93.0,49.232,22.95
42833,215,S3,96.0,48.577,22.95
42834,215,S3,99.0,48.003,22.95
42835,215,S3,102.0,47.384,22.95
42836,215,S3,105.0,46.911,22.95
42837,215,S3,108.0,46.338,22.95
42838,215,S3,111.0,45.775,22.95
42839,215,S3,114.0,45.288,22.95
42840,215,S3,117.0,44.759,22.95
42841,215,S3,120.0,44.300,22.95
42842,215,S3,123.0,43.745,22.95
42843,215,S3,126.0,43.339,22.95
42844,215,S3,129.0,42.840,22.95
42845,215,S3,132.0,42.365,22.95
42846,215,S3,135.0,41.886,22.95
42847,215,S3,138.0,41.509,22.95
42848,215,S3,141.0,40.947,22.95
42849,215,S3,144.0,40.602,22.95
42850,215,S3,147.0,40.271,22.95
42851,215,S3,150.0,39.772,22.95
42852,215,S3,153.0,39.347,22.95
42853,215,S3,156.0,39.154,22.95
42854,215,S3,159.0,38.756,22.95
42855,215,S3,162.0,38.321,22.95
42856,215,S3,165.0,37.971,22.95
42857,215,S3,168.0,37.696,22.95
42858,215,S3,171.0,37.256,22.95
42859,215,S3,174.0,36.966,22.95
42860,215,S3,177.0,36.612,22.95
42861,215,S3,180.0,36.271,22.95
42862,215,S3,183.0,36.033,22.95
42863,215,S3,186.0,35.794,22.95
42864,215,S3,189.0,35.431,22.95
42865,215,S3,192.0,35.049,22.95
42866,215,S3,195.0,34.898,22.95
42867,215,S3,198.0,34.642,22.95
42868,215,S3,201.0,34.480,22.95
42869,215,S3,204.0,34.005,22.95
42870,215,S3,207.0,33.873,22.95
42871,215,S3,210.0,33.582,22.95
42872,215,S3,213.0,33.302,22.95
42873,215,S3,216.0,33.143,22.95
42874,215,S3,219.0,32.906,22.95
42875,215,S3,222.0,32.650,22.95
42876,215,S3,225.0,32.405,22.95
42877,215,S3,228.0,32.152,22.95
42878,215,S3,231.0,32.056,22.95
42879,215,S3,234.0,31.672,22.95
42880,215,S3,237.0,31.496,22.95
42881,215,S3,240.0,31.369,22.95
42882,215,S3,243.0,31.209,22.95
42883,215,S3,246.0,31.116,22.95
42884,215,S3,249.0,30.736,22.95
42885,215,S3,252.0,30.575,22.95
42886,215,S3,255.0,30.468,22.95
42887,215,S3,258.0,30.274,22.95
42888,215,S3,261.0,30.111,22.95
42889,215,S3,264.0,30.008,22.95
42890,215,S3,267.0,29.821,22.95
42891,215,S3,270.0,29.615,22.95
42892,215,S3,273.0,29.455,22.95
42893,215,S3,276.0,29.332,22.95
42894,215,S3,279.0,29.145,22.95
42895,215,S3,282.0,29.072,22.95
42896,215,S3,285.0,28.845,22.95
42897,215,S3,288.0,28.760,22.95
42898,215,S3,291.0,28.508,22.95
42899,215,S3,294.0,28.447,22.95
42900,215,S3,297.0,28.391,22.95
42901,215,S3,300.0,28.217,22.95
42902,215,S3,303.0,28.107,22.95
42903,215,S3,306.0,28.022,22.95
42904,215,S3,309.0,27.784,22.95
42905,215,S3,312.0,27.758,22.95
42906,215,S3,315.0,27.626,22.95
42907,215,S3,318.0,27.560,22.95
42908,215,S3,321.0,27.572,22.95
42909,215,S3,324.0,27.375,22.95
42910,215,S3,327.0,27.302,22.95
42911,215,S3,330.0,27.095,22.95
42912,215,S3,333.0,27.098,22.95
42913,215,S3,336.0,26.948,22.95
42914,215,S3,339.0,26.917,22.95
42915,215,S3,342.0,26.770,22.95
42916,215,S3,345.0,26.735,22.95
42917,215,S3,348.0,26.637,22.95
42918,215,S3,351.0,26.532,22.95
42919,215,S3,354.0,26.427,22.95
42920,215,S3,357.0,26.365,22.95
42921,215,S3,360.0,26.298,22.95
42922,215,S3,363.0,26.180,22.95
42923,215,S3,366.0,26.070,22.95
42924,215,S3,369.0,26.077,22.95
42925,215,S3,372.0,26.015,22.95
42926,215,S3,375.0,25.858,22.95
42927,215,S3,378.0,25.793,22.95
42928,215,S3,381.0,25.792,22.95
42929,215,S3,384.0,25.658,22.95
42930,215,S3,387.0,25.647,22.95
42931,215,S3,390.0,25.626,22.95
42932,215,S3,393.0,25.485,22.95
42933,215,S3,396.0,25.416,22.95
42934,215,S3,399.0,25.438,22.95
42935,215,S3,402.0,25.428,22.95
42936,215,S3,405.0,25.323,22.95
42937,215,S3,408.0,25.249,22.95
42938,215,S3,411.0,25.232,22.95
42939,215,S3,414.0,25.144,22.95
42940,215,S3,417.0,25.112,22.95
42941,215,S3,420.0,25.038,22.95
42942,215,S3,423.0,24.974,22.95
42943,215,S3,426.0,24.869,22.95
42944,215,S3,429.0,24.947,22.95
42945,215,S3,432.0,24.873,22.95
42946,215,S3,435.0,24.753,22.95
42947,215,S3,438.0,24.783,22.95
42948,215,S3,441.0,24.711,22.95
42949,215,S3,444.0,24.693,22.95
42950,215,S3,447.0,24.612,22.95
42951,215,S3,450.0,24.571,22.95
42952,215,S3,453.0,24.660,22.95
42953,215,S3,456.0,24.585,22.95
42954,215,S3,459.0,24.459,22.95
42955,215,S3,462.0,24.529,22.95
42956,215,S3,465.0,24.365,22.95
42957,215,S3,468.0,24.428,22.95
42958,215,S3,471.0,24.336,22.95
42959,215,S3,474.0,24.322,22.95
42960,215,S3,477.0,24.213,22.95
42961,215,S3,480.0,24.233,22.95
42962,215,S3,483.0,24.264,22.95
42963,215,S3,486.0,24.204,22.95
42964,215,S3,489.0,24.149,22.95
42965,215,S3,492.0,24.148,22.95
42966,215,S3,495.0,24.177,22.95
42967,215,S3,498.0,24.030,22.95
42968,215,S3,501.0,24.059,22.95
42969,215,S3,504.0,24.054,22.95
42970,215,S3,507.0,23.993,22.95
42971,215,S3,510.0,24.053,22.95
42972,215,S3,513.0,24.032,22.95
42973,215,S3,516.0,23.966,22.95
42974,215,S3,519.0,23.939,22.95
42975,215,S3,522.0,23.825,22.95
42976,215,S3,525.0,23.866,22.95
42977,215,S3,528.0,23.913,22.95
42978,215,S3,531.0,23.849,22.95
42979,215,S3,534.0,23.814,22.95
42980,215,S3,537.0,23.723,22.95
42981,215,S3,540.0,23.851,22.95
42982,215,S3,543.0,23.777,22.95
42983,215,S3,546.0,23.693,22.95
42984,215,S3,549.0,23.807,22.95
42985,215,S3,552.0,23.619,22.95
42986,215,S3,555.0,23.644,22.95
42987,215,S3,558.0,23.657,22.95
42988,215,S3,561.0,23.644,22.95
42989,215,S3,564.0,23.670,22.95
42990,215,S3,567.0,23.646,22.95
42991,215,S3,570.0,23.610,22.95
42992,215,S3,573.0,23.586,22.95
42993,215,S3,576.0,23.599,22.95
42994,215,S3,579.0,23.588,22.95
42995,215,S3,582.0,23.566,22.95
42996,215,S3,585.0,23.513,22.95
42997,215,S3,588.0,23.559,22.95
42998,215,S3,591.0,23.503,22.95
42999,215,S3,594.0,23.435,22.95
43000,215,S3,597.0,23.529,22.95
43001,216,S4,0.0,72.137,20.06
43002,216,S4,3.0,70.650,20.06
43003,216,S4,6.0,69.141,20.06
43004,216,S4,9.0,67.743,20.06
43005,216,S4,12.0,66.464,20.06
43006,216,S4,15.0,65.019,20.06
43007,216,S4,18.0,63.714,20.06
43008,216,S4,21.0,62.444,20.06
43009,216,S4,24.0,61.168,20.06
43010,216,S4,27.0,60.053,20.06
43011,216,S4,30.0,58.855,20.06
43012,216,S4,33.0,57.645,20.06
43013,216,S4,36.0,56.722,20.06
43014,216,S4,39.0,55.612,20.06
43015,216,S4,42.0,54.571,20.06
43016,216,S4,45.0,53.566,20.06
43017,216,S4,48.0,52.687,20.06
43018,216,S4,51.0,51.616,20.06
43019,216,S4,54.0,50.721,20.06
43020,216,S4,57.0,49.812,20.06
43021,216,S4,60.0,48.975,20.06
43022,216,S4,63.0,48.135,20.06
43023,216,S4,66.0,47.346,20.06
43024,216,S4,69.0,46.471,20.06
43025,216,S4,72.0,45.721,20.06
43026,216,S4,75.0,45.020,20.06
43027,216,S4,78.0,44.313,20.06
43028,216,S4,81.0,43.572,20.06
43029,216,S4,84.0,42.868,20.06
43030,216,S4,87.0,42.318,20.06
43031,216,S4,90.0,41.672,20.06
43032,216,S4,93.0,40.926,20.06
43033,216,S4,96.0,40.281,20.06
43034,216,S4,99.0,39.913,20.06
43035,216,S4,102.0,39.330,20.06
43036,216,S4,105.0,38.701,20.06
43037,216,S4,108.0,38.150,20.06
43038,216,S4,111.0,37.536,20.06
43039,216,S4,114.0,37.118,20.06
43040,216,S4,117.0,36.584,20.06
43041,216,S4,120.0,36.062,20.06
43042,216,S4,123.0,35.573,20.06
43043,216,S4,126.0,35.118,20.06
43044,216,S4,129.0,34.769,20.06
43045,216,S4,132.0,34.379,20.06
43046,216,S4,135.0,33.917,20.06
43047,216,S4,138.0,33.472,20.06
43048,216,S4,141.0,33.067,20.06
43049,216,S4,144.0,32.786,20.06
43050,216,S4,147.0,32.326,20.06
43051,216,S4,150.0,32.107,20.06
43052,216,S4,153.0,31.675,20.06
43053,216,S4,156.0,31.244,20.06
43054,216,S4,159.0,31.026,20.06
43055,216,S4,162.0,30.674,20.06
43056,216,S4,165.0,30.417,20.06
43057,216,S4,168.0,30.065,20.06
43058,216,S4,171.0,29.805,20.06
43059,216,S4,174.0,29.586,20.06
43060,216,S4,177.0,29.220,20.06
43061,216,S4,180.0,29.062,20.06
43062,216,S4,183.0,28.723,20.06
43063,216,S4,186.0,28.449,20.06
43064,216,S4,189.0,28.212,20.06
43065,216,S4,192.0,28.072,20.06
43066,216,S4,195.0,27.849,20.06
43067,216,S4,198.0,27.511,20.06
43068,216,S4,201.0,27.352,20.06
43069,216,S4,204.0,27.142,20.06
43070,216,S4,207.0,26.779,20.06
43071,216,S4,210.0,26.699,20.06
43072,216,S4,213.0,26.527,20.06
43073,216,S4,216.0,26.325,20.06
43074,216,S4,219.0,26.153,20.06
43075,216,S4,222.0,25.982,20.06
43076,216,S4,225.0,25.786,20.06
43077,216,S4,228.0,25.591,20.06
43078,216,S4,231.0,25.449,20.06
43079,216,S4,234.0,25.272,20.06
43080,216,S4,237.0,25.030,20.06
43081,216,S4,240.0,24.980,20.06
43082,216,S4,243.0,24.794,20.06
43083,216,S4,246.0,24.642,20.06
43084,216,S4,249.0,24.507,20.06
43085,216,S4,252.0,24.456,20.06
43086,216,S4,255.0,24.356,20.06
43087,216,S4,258.0,24.204,20.06
43088,216,S4,261.0,24.157,20.06
43089,216,S4,264.0,23.954,20.06
43090,216,S4,267.0,23.869,20.06
43091,216,S4,270.0,23.697,20.06
43092,216,S4,273.0,23.558,20.06
43093,216,S4,276.0,23.555,20.06
43094,216,S4,279.0,23.458,20.06
43095,216,S4,282.0,23.459,20.06
43096,216,S4,285.0,23.221,20.06
43097,216,S4,288.0,23.234,20.06
43098,216,S4,291.0,23.042,20.06
43099,216,S4,294.0,22.929,20.06
43100,216,S4,297.0,22.880,20.06
43101,216,S4,300.0,22.850,20.06
43102,216,S4,303.0,22.685,20.06
43103,216,S4,306.0,22.636,20.06
43104,216,S4,309.0,22.561,20.06
43105,216,S4,312.0,22.529,20.06
43106,216,S4,315.0,22.537,20.06
43107,216,S4,318.0,22.318,20.06
43108,216,S4,321.0,22.303,20.06
43109,216,S4,324.0,22.220,20.06
43110,216,S4,327.0,22.235,20.06
43111,216,S4,330.0,22.111,20.06
43112,216,S4,333.0,21.972,20.06
43113,216,S4,336.0,22.015,20.06
43114,216,S4,339.0,21.904,20.06
43115,216,S4,342.0,21.969,20.06
43116,216,S4,345.0,21.806,20.06
43117,216,S4,348.0,21.701,20.06
43118,216,S4,351.0,21.807,20.06
43119,216,S4,354.0,21.736,20.06
43120,216,S4,357.0,21.616,20.06
43121,216,S4,360.0,21.545,20.06
43122,216,S4,363.0,21.589,20.06
43123,216,S4,366.0,21.391,20.06
43124,216,S4,369.0,21.506,20.06
43125,216,S4,372.0,21.469,20.06
43126,216,S4,375.0,21.383,20.06
43127,216,S4,378.0,21.344,20.06
43128,216,S4,381.0,21.271,20.06
43129,216,S4,384.0,21.228,20.06
43130,216,S4,387.0,21.254,20.06
43131,216,S4,390.0,21.225,20.06
43132,216,S4,393.0,21.186,20.06
43133,216,S4,396.0,21.171,20.06
43134,216,S4,399.0,21.040,20.06
43135,216,S4,402.0,21.091,20.06
43136,216,S4,405.0,21.091,20.06
43137,216,S4,408.0,20.970,20.06
43138,216,S4,411.0,20.955,20.06
43139,216,S4,414.0,20.887,20.06
43140,216,S4,417.0,20.927,20.06
43141,216,S4,420.0,20.935,20.06
43142,216,S4,423.0,20.824,20.06
43143,216,S4,426.0,20.794,20.06
43144,216,S4,429.0,20.761,20.06
43145,216,S4,432.0,20.853,20.06
43146,216,S4,435.0,20.725,20.06
43147,216,S4,438.0,20.767,20.06
43148,216,S4,441.0,20.764,20.06
43149,216,S4,444.0,20.775,20.06
43150,216,S4,447.0,20.736,20.06
43151,216,S4,450.0,20.660,20.06
43152,216,S4,453.0,20.676,20.06
43153,216,S4,456.0,20.711,20.06
43154,216,S4,459.0,20.617,20.06
43155,216,S4,462.0,20.652,20.06
43156,216,S4,465.0,20.515,20.06
43157,216,S4,468.0,20.565,20.06
43158,216,S4,471.0,20.540,20.06
43159,216,S4,474.0,20.543,20.06
43160,216,S4,477.0,20.509,20.06
43161,216,S4,480.0,20.508,20.06
43162,216,S4,483.0,20.567,20.06
43163,216,S4,486.0,20.516,20.06
43164,216,S4,489.0,20.514,20.06
43165,216,S4,492.0,20.446,20.06
43166,216,S4,495.0,20.536,20.06
43167,216,S4,498.0,20.497,20.06
43168,216,S4,501.0,20.441,20.06
43169,216,S4,504.0,20.489,20.06
43170,216,S4,507.0,20.366,20.06
43171,216,S4,510.0,20.448,20.06
43172,216,S4,513.0,20.373,20.06
43173,216,S4,516.0,20.379,20.06
43174,216,S4,519.0,20.397,20.06
43175,216,S4,522.0,20.297,20.06
43176,216,S4,525.0,20.365,20.06
43177,216,S4,528.0,20.241,20.06
43178,216,S4,531.0,20.388,20.06
43179,216,S4,534.0,20.373,20.06
43180,216,S4,537.0,20.292,20.06
43181,216,S4,540.0,20.436,20.06
43182,216,S4,543.0,20.337,20.06
43183,216,S4,546.0,20.329,20.06
43184,216,S4,549.0,20.449,20.06
43185,216,S4,552.0,20.345,20.06
43186,216,S4,555.0,20.314,20.06
43187,216,S4,558.0,20.254,20.06
43188,216,S4,561.0,20.208,20.06
43189,216,S4,564.0,20.303,20.06
43190,216,S4,567.0,20.359,20.06
43191,216,S4,570.0,20.217,20.06
43192,216,S4,573.0,20.196,20.06
43193,216,S4,576.0,20.214,20.06
43194,216,S4,579.0,20.186,20.06
43195,216,S4,582.0,20.223,20.06
43196,216,S4,585.0,20.278,20.06
43197,216,S4,588.0,20.306,20.06
43198,216,S4,591.0,20.253,20.06
43199,216,S4,594.0,20.222,20.06
43200,216,S4,597.0,20.180,20.06
43201,217,S1,0.0,79.591,21.97
43202,217,S1,3.0,78.617,21.97
43203,217,S1,6.0,77.500,21.97
43204,217,S1,9.0,76.557,21.97
43205,217,S1,12.0,75.544,21.97
43206,217,S1,15.0,74.392,21.97
43207,217,S1,18.0,73.417,21.97
43208,217,S1,21.0,72.579,21.97
43209,217,S1,24.0,71.525,21.97
43210,217,S1,27.0,70.625,21.97
43211,217,S1,30.0,69.700,21.97
43212,217,S1,33.0,68.769,21.97
43213,217,S1,36.0,67.925,21.97
43214,217,S1,39.0,67.073,21.97
43215,217,S1,42.0,66.194,21.97
43216,217,S1,45.0,65.332,21.97
43217,217,S1,48.0,64.557,21.97
43218,217,S1,51.0,63.714,21.97
43219,217,S1,54.0,62.914,21.97
43220,217,S1,57.0,62.241,21.97
43221,217,S1,60.0,61.510,21.97
43222,217,S1,63.0,60.667,21.97
43223,217,S1,66.0,59.973,21.97
43224,217,S1,69.0,59.216,21.97
43225,217,S1,72.0,58.612,21.97
43226,217,S1,75.0,57.990,21.97
43227,217,S1,78.0,57.126,21.97
43228,217,S1,81.0,56.487,21.97
43229,217,S1,84.0,55.959,21.97
43230,217,S1,87.0,55.284,21.97
43231,217,S1,90.0,54.656,21.97
43232,217,S1,93.0,54.037,21.97
43233,217,S1,96.0,53.453,21.97
43234,217,S1,99.0,52.806,21.97
43235,217,S1,102.0,52.207,21.97
43236,217,S1,105.0,51.708,21.97
43237,217,S1,108.0,51.029,21.97
43238,217,S1,111.0,50.508,21.97
43239,217,S1,114.0,49.944,21.97
43240,217,S1,117.0,49.445,21.97
43241,217,S1,120.0,48.861,21.97
43242,217,S1,123.0,48.463,21.97
43243,217,S1,126.0,48.032,21.97
43244,217,S1,129.0,47.418,21.97
43245,217,S1,132.0,46.994,21.97
43246,217,S1,135.0,46.540,21.97
43247,217,S1,138.0,46.042,21.97
43248,217,S1,141.0,45.594,21.97
43249,217,S1,144.0,45.203,21.97
43250,217,S1,147.0,44.818,21.97
43251,217,S1,150.0,44.292,21.97
43252,217,S1,153.0,43.836,21.97
43253,217,S1,156.0,43.395,21.97
43254,217,S1,159.0,43.083,21.97
43255,217,S1,162.0,42.669,21.97
43256,217,S1,165.0,42.273,21.97
43257,217,S1,168.0,41.914,21.97
43258,217,S1,171.0,41.566,21.97
43259,217,S1,174.0,41.200,21.97
43260,217,S1,177.0,40.856,21.97
43261,217,S1,180.0,40.367,21.97
43262,217,S1,183.0,40.039,21.97
43263,217,S1,186.0,39.646,21.97
43264,217,S1,189.0,39.347,21.97
43265,217,S1,192.0,39.031,21.97
43266,217,S1,195.0,38.747,21.97
43267,217,S1,198.0,38.405,21.97
43268,217,S1,201.0,38.151,21.97
43269,217,S1,204.0,37.797,21.97
43270,217,S1,207.0,37.541,21.97
43271,217,S1,210.0,37.179,21.97
43272,217,S1,213.0,36.999,21.97
43273,217,S1,216.0,36.651,21.97
43274,217,S1,219.0,36.303,21.97
43275,217,S1,222.0,36.151,21.97
43276,217,S1,225.0,35.856,21.97
43277,217,S1,228.0,35.570,21.97
43278,217,S1,231.0,35.321,21.97
43279,217,S1,234.0,35.154,21.97
43280,217,S1,237.0,34.877,21.97
43281,217,S1,240.0,34.563,21.97
43282,217,S1,243.0,34.380,21.97
43283,217,S1,246.0,34.149,21.97
43284,217,S1,249.0,33.922,21.97
43285,217,S1,252.0,33.632,21.97
43286,217,S1,255.0,33.393,21.97
43287,217,S1,258.0,33.232,21.97
43288,217,S1,261.0,32.929,21.97
43289,217,S1,264.0,32.814,21.97
43290,217,S1,267.0,32.559,21.97
43291,217,S1,270.0,32.385,21.97
43292,217,S1,273.0,32.228,21.97
43293,217,S1,276.0,31.937,21.97
43294,217,S1,279.0,31.853,21.97
43295,217,S1,282.0,31.621,21.97
43296,217,S1,285.0,31.466,21.97
43297,217,S1,288.0,31.289,21.97
43298,217,S1,291.0,31.059,21.97
43299,217,S1,294.0,30.846,21.97
43300,217,S1,297.0,30.767,21.97
43301,217,S1,300.0,30.677,21.97
43302,217,S1,303.0,30.438,21.97
43303,217,S1,306.0,30.383,21.97
43304,217,S1,309.0,30.040,21.97
43305,217,S1,312.0,29.999,21.97
43306,217,S1,315.0,29.781,21.97
43307,217,S1,318.0,29.685,21.97
43308,217,S1,321.0,29.536,21.97
43309,217,S1,324.0,29.496,21.97
43310,217,S1,327.0,29.262,21.97
43311,217,S1,330.0,29.054,21.97
43312,217,S1,333.0,28.996,21.97
43313,217,S1,336.0,28.855,21.97
43314,217,S1,339.0,28.697,21.97
43315,217,S1,342.0,28.753,21.97
43316,217,S1,345.0,28.522,21.97
43317,217,S1,348.0,28.441,21.97
43318,217,S1,351.0,28.233,21.97
43319,217,S1,354.0,28.175,21.97
43320,217,S1,357.0,28.018,21.97
43321,217,S1,360.0,27.925,21.97
43322,217,S1,363.0,27.764,21.97
43323,217,S1,366.0,27.692,21.97
43324,217,S1,369.0,27.495,21.97
43325,217,S1,372.0,27.445,21.97
43326,217,S1,375.0,27.249,21.97
43327,217,S1,378.0,27.260,21.97
43328,217,S1,381.0,27.277,21.97
43329,217,S1,384.0,27.009,21.97
43330,217,S1,387.0,26.918,21.97
43331,217,S1,390.0,26.897,21.97
43332,217,S1,393.0,26.779,21.97
43333,217,S1,396.0,26.656,21.97
43334,217,S1,399.0,26.567,21.97
43335,217,S1,402.0,26.561,21.97
43336,217,S1,405.0,26.462,21.97
43337,217,S1,408.0,26.315,21.97
43338,217,S1,411.0,26.247,21.97
43339,217,S1,414.0,26.141,21.97
43340,217,S1,417.0,26.072,21.97
43341,217,S1,420.0,25.901,21.97
43342,217,S1,423.0,25.948,21.97
43343,217,S1,426.0,25.962,21.97
43344,217,S1,429.0,25.857,21.97
43345,217,S1,432.0,25.706,21.97
43346,217,S1,435.0,25.660,21.97
43347,217,S1,438.0,25.546,21.97
43348,217,S1,441.0,25.407,21.97
43349,217,S1,444.0,25.474,21.97
43350,217,S1,447.0,25.373,21.97
43351,217,S1,450.0,25.310,21.97
43352,217,S1,453.0,25.196,21.97
43353,217,S1,456.0,25.177,21.97
43354,217,S1,459.0,25.171,21.97
43355,217,S1,462.0,24.983,21.97
43356,217,S1,465.0,24.969,21.97
43357,217,S1,468.0,24.971,21.97
43358,217,S1,471.0,24.996,21.97
43359,217,S1,474.0,24.854,21.97
43360,217,S1,477.0,24.764,21.97
43361,217,S1,480.0,24.688,21.97
43362,217,S1,483.0,24.627,21.97
43363,217,S1,486.0,24.699,21.97
43364,217,S1,489.0,24.482,21.97
43365,217,S1,492.0,24.503,21.97
43366,217,S1,495.0,24.486,21.97
43367,217,S1,498.0,24.316,21.97
43368,217,S1,501.0,24.381,21.97
43369,217,S1,504.0,24.320,21.97
43370,217,S1,507.0,24.317,21.97
43371,217,S1,510.0,24.259,21.97
43372,217,S1,513.0,24.190,21.97
43373,217,S1,516.0,24.117,21.97
43374,217,S1,519.0,24.027,21.97
43375,217,S1,522.0,24.114,21.97
43376,217,S1,525.0,24.035,21.97
43377,217,S1,528.0,24.036,21.97
43378,217,S1,531.0,24.017,21.97
43379,217,S1,534.0,23.872,21.97
43380,217,S1,537.0,23.848,21.97
43381,217,S1,540.0,23.856,21.97
43382,217,S1,543.0,23.667,21.97
43383,217,S1,546.0,23.793,21.97
43384,217,S1,549.0,23.782,21.97
43385,217,S1,552.0,23.784,21.97
43386,217,S1,555.0,23.790,21.97
43387,217,S1,558.0,23.673,21.97
43388,217,S1,561.0,23.620,21.97
43389,217,S1,564.0,23.611,21.97
43390,217,S1,567.0,23.570,21.97
43391,217,S1,570.0,23.475,21.97
43392,217,S1,573.0,23.494,21.97
43393,217,S1,576.0,23.509,21.97
43394,217,S1,579.0,23.487,21.97
43395,217,S1,582.0,23.280,21.97
43396,217,S1,585.0,23.382,21.97
43397,217,S1,588.0,23.394,21.97
43398,217,S1,591.0,23.331,21.97
43399,217,S1,594.0,23.318,21.97
43400,217,S1,597.0,23.272,21.97
43401,218,S2,0.0,86.793,21.14
43402,218,S2,3.0,85.410,21.14
43403,218,S2,6.0,84.090,21.14
43404,218,S2,9.0,82.799,21.14
43405,218,S2,12.0,81.472,21.14
43406,218,S2,15.0,80.248,21.14
43407,218,S2,18.0,78.958,21.14
43408,218,S2,21.0,77.698,21.14
43409,218,S2,24.0,76.513,21.14
43410,218,S2,27.0,75.365,21.14
43411,218,S2,30.0,74.334,21.14
43412,218,S2,33.0,73.102,21.14
43413,218,S2,36.0,72.196,21.14
43414,218,S2,39.0,71.026,21.14
43415,218,S2,42.0,69.895,21.14
43416,218,S2,45.0,68.897,21.14
43417,218,S2,48.0,67.979,21.14
43418,218,S2,51.0,66.972,21.14
43419,218,S2,54.0,65.967,21.14
43420,218,S2,57.0,64.998,21.14
43421,218,S2,60.0,64.110,21.14
43422,218,S2,63.0,63.262,21.14
43423,218,S2,66.0,62.294,21.14
43424,218,S2,69.0,61.397,21.14
43425,218,S2,72.0,60.581,21.14
43426,218,S2,75.0,59.780,21.14
43427,218,S2,78.0,59.070,21.14
43428,218,S2,81.0,58.174,21.14
43429,218,S2,84.0,57.391,21.14
43430,218,S2,87.0,56.692,21.14
43431,218,S2,90.0,55.831,21.14
43432,218,S2,93.0,55.194,21.14
43433,218,S2,96.0,54.438,21.14
43434,218,S2,99.0,53.711,21.14
43435,218,S2,102.0,53.032,21.14
43436,218,S2,105.0,52.396,21.14
43437,218,S2,108.0,51.757,21.14
43438,218,S2,111.0,51.133,21.14
43439,218,S2,114.0,50.599,21.14
43440,218,S2,117.0,49.830,21.14
43441,218,S2,120.0,49.224,21.14
43442,218,S2,123.0,48.679,21.14
43443,218,S2,126.0,48.087,21.14
43444,218,S2,129.0,47.549,21.14
43445,218,S2,132.0,46.893,21.14
43446,218,S2,135.0,46.364,21.14
43447,218,S2,138.0,45.840,21.14
43448,218,S2,141.0,45.392,21.14
43449,218,S2,144.0,44.834,21.14
43450,218,S2,147.0,44.436,21.14
43451,218,S2,150.0,43.918,21.14
43452,218,S2,153.0,43.412,21.14
43453,218,S2,156.0,42.904,21.14
43454,218,S2,159.0,42.487,21.14
43455,218,S2,162.0,41.977,21.14
43456,218,S2,165.0,41.599,21.14
43457,218,S2,168.0,41.236,21.14
43458,218,S2,171.0,40.773,21.14
43459,218,S2,174.0,40.290,21.14
43460,218,S2,177.0,39.970,21.14
43461,218,S2,180.0,39.535,21.14
43462,218,S2,183.0,39.152,21.14
43463,218,S2,186.0,38.726,21.14
43464,218,S2,189.0,38.334,21.14
43465,218,S2,192.0,38.057,21.14
43466,218,S2,195.0,37.681,21.14
43467,218,S2,198.0,37.327,21.14
43468,218,S2,201.0,36.956,21.14
43469,218,S2,204.0,36.627,21.14
43470,218,S2,207.0,36.242,21.14
43471,218,S2,210.0,36.077,21.14
43472,218,S2,213.0,35.729,21.14
43473,218,S2,216.0,35.378,21.14
43474,218,S2,219.0,35.133,21.14
43475,218,S2,222.0,34.833,21.14
43476,218,S2,225.0,34.491,21.14
43477,218,S2,228.0,34.206,21.14
43478,218,S2,231.0,33.963,21.14
43479,218,S2,234.0,33.662,21.14
43480,218,S2,237.0,33.479,21.14
43481,218,S2,240.0,33.119,21.14
43482,218,S2,243.0,32.888,21.14
43483,218,S2,246.0,32.660,21.14
43484,218,S2,249.0,32.440,21.14
43485,218,S2,252.0,32.104,21.14
43486,218,S2,255.0,31.950,21.14
43487,218,S2,258.0,31.754,21.14
43488,218,S2,261.0,31.625,21.14
43489,218,S2,264.0,31.201,21.14
43490,218,S2,267.0,31.033,21.14
43491,218,S2,270.0,30.849,21.14
43492,218,S2,273.0,30.658,21.14
43493,218,S2,276.0,30.460,21.14
43494,218,S2,279.0,30.324,21.14
43495,218,S2,282.0,30.224,21.14
43496,218,S2,285.0,29.845,21.14
43497,218,S2,288.0,29.756,21.14
43498,218,S2,291.0,29.469,21.14
43499,218,S2,294.0,29.462,21.14
43500,218,S2,297.0,29.242,21.14
43501,218,S2,300.0,28.960,21.14
43502,218,S2,303.0,28.858,21.14
43503,218,S2,306.0,28.710,21.14
43504,218,S2,309.0,28.511,21.14
43505,218,S2,312.0,28.476,21.14
43506,218,S2,315.0,28.262,21.14
43507,218,S2,318.0,28.097,21.14
43508,218,S2,321.0,27.927,21.14
43509,218,S2,324.0,27.838,21.14
43510,218,S2,327.0,27.677,21.14
43511,218,S2,330.0,27.476,21.14
43512,218,S2,333.0,27.321,21.14
43513,218,S2,336.0,27.308,21.14
43514,218,S2,339.0,27.166,21.14
43515,218,S2,342.0,26.936,21.14
43516,218,S2,345.0,26.903,21.14
43517,218,S2,348.0,26.741,21.14
43518,218,S2,351.0,26.671,21.14
43519,218,S2,354.0,26.471,21.14
43520,218,S2,357.0,26.410,21.14
43521,218,S2,360.0,26.351,21.14
43522,218,S2,363.0,26.180,21.14
43523,218,S2,366.0,26.117,21.14
43524,218,S2,369.0,26.011,21.14
43525,218,S2,372.0,25.869,21.14
43526,218,S2,375.0,25.836,21.14
43527,218,S2,378.0,25.614,21.14
43528,218,S2,381.0,25.606,21.14
43529,218,S2,384.0,25.532,21.14
43530,218,S2,387.0,25.362,21.14
43531,218,S2,390.0,25.321,21.14
43532,218,S2,393.0,25.237,21.14
43533,218,S2,396.0,25.089,21.14
43534,218,S2,399.0,25.052,21.14
43535,218,S2,402.0,24.987,21.14
43536,218,S2,405.0,24.920,21.14
43537,218,S2,408.0,24.814,21.14
43538,218,S2,411.0,24.752,21.14
43539,218,S2,414.0,24.660,21.14
43540,218,S2,417.0,24.618,21.14
43541,218,S2,420.0,24.516,21.14
43542,218,S2,423.0,24.487,21.14
43543,218,S2,426.0,24.313,21.14
43544,218,S2,429.0,24.304,21.14
43545,218,S2,432.0,24.233,21.14
43546,218,S2,435.0,24.143,21.14
43547,218,S2,438.0,24.165,21.14
43548,218,S2,441.0,24.094,21.14
43549,218,S2,444.0,23.958,21.14
43550,218,S2,447.0,23.964,21.14
43551,218,S2,450.0,23.946,21.14
43552,218,S2,453.0,23.813,21.14
43553,218,S2,456.0,23.775,21.14
43554,218,S2,459.0,23.725,21.14
43555,218,S2,462.0,23.664,21.14
43556,218,S2,465.0,23.666,21.14
43557,218,S2,468.0,23.478,21.14
43558,218,S2,471.0,23.472,21.14
43559,218,S2,474.0,23.426,21.14
43560,218,S2,477.0,23.387,21.14
43561,218,S2,480.0,23.248,21.14
43562,218,S2,483.0,23.274,21.14
43563,218,S2,486.0,23.242,21.14
43564,218,S2,489.0,23.155,21.14
43565,218,S2,492.0,23.141,21.14
43566,218,S2,495.0,23.204,21.14
43567,218,S2,498.0,23.096,21.14
43568,218,S2,501.0,23.026,21.14
43569,218,S2,504.0,22.994,21.14
43570,218,S2,507.0,22.924,21.14
43571,218,S2,510.0,22.941,21.14
43572,218,S2,513.0,22.887,21.14
43573,218,S2,516.0,22.915,21.14
43574,218,S2,519.0,22.762,21.14
43575,218,S2,522.0,22.802,21.14
43576,218,S2,525.0,22.685,21.14
43577,218,S2,528.0,22.740,21.14
43578,218,S2,531.0,22.659,21.14
43579,218,S2,534.0,22.612,21.14
43580,218,S2,537.0,22.653,21.14
43581,218,S2,540.0,22.544,21.14
43582,218,S2,543.0,22.557,21.14
43583,218,S2,546.0,22.512,21.14
43584,218,S2,549.0,22.529,21.14
43585,218,S2,552.0,22.402,21.14
43586,218,S2,555.0,22.460,21.14
43587,218,S2,558.0,22.440,21.14
43588,218,S2,561.0,22.380,21.14
43589,218,S2,564.0,22.332,21.14
43590,218,S2,567.0,22.313,21.14
43591,218,S2,570.0,22.323,21.14
43592,218,S2,573.0,22.234,21.14
43593,218,S2,576.0,22.269,21.14
43594,218,S2,579.0,22.355,21.14
43595,218,S2,582.0,22.221,21.14
43596,218,S2,585.0,22.090,21.14
43597,218,S2,588.0,22.126,21.14
43598,218,S2,591.0,22.151,21.14
43599,218,S2,594.0,22.132,21.14
43600,218,S2,597.0,22.170,21.14
43601,219,S3,0.0,76.568,22.37
43602,219,S3,3.0,74.964,22.37
43603,219,S3,6.0,73.401,22.37
43604,219,S3,9.0,71.992,22.37
43605,219,S3,12.0,70.444,22.37
43606,219,S3,15.0,69.111,22.37
43607,219,S3,18.0,67.629,22.37
43608,219,S3,21.0,66.232,22.37
43609,219,S3,24.0,64.922,22.37
43610,219,S3,27.0,63.536,22.37
43611,219,S3,30.0,62.441,22.37
43612,219,S3,33.0,61.261,22.37
43613,219,S3,36.0,60.020,22.37
43614,219,S3,39.0,58.925,22.37
43615,219,S3,42.0,57.865,22.37
43616,219,S3,45.0,56.741,22.37
43617,219,S3,48.0,55.596,22.37
43618,219,S3,51.0,54.727,22.37
43619,219,S3,54.0,53.840,22.37
43620,219,S3,57.0,52.805,22.37
43621,219,S3,60.0,51.910,22.37
43622,219,S3,63.0,51.063,22.37
43623,219,S3,66.0,50.127,22.37
43624,219,S3,69.0,49.270,22.37
43625,219,S3,72.0,48.537,22.37
43626,219,S3,75.0,47.736,22.37
43627,219,S3,78.0,47.061,22.37
43628,219,S3,81.0,46.157,22.37
43629,219,S3,84.0,45.510,22.37
43630,219,S3,87.0,44.785,22.37
43631,219,S3,90.0,44.158,22.37
43632,219,S3,93.0,43.452,22.37
43633,219,S3,96.0,42.870,22.37
43634,219,S3,99.0,42.171,22.37
43635,219,S3,102.0,41.629,22.37
43636,219,S3,105.0,41.067,22.37
43637,219,S3,108.0,40.455,22.37
43638,219,S3,111.0,39.951,22.37
43639,219,S3,114.0,39.485,22.37
43640,219,S3,117.0,38.920,22.37
43641,219,S3,120.0,38.481,22.37
43642,219,S3,123.0,37.902,22.37
43643,219,S3,126.0,37.586,22.37
43644,219,S3,129.0,37.041,22.37
43645,219,S3,132.0,36.550,22.37
43646,219,S3,135.0,36.189,22.37
43647,219,S3,138.0,35.759,22.37
43648,219,S3,141.0,35.422,22.37
43649,219,S3,144.0,34.961,22.37
43650,219,S3,147.0,34.670,22.37
43651,219,S3,150.0,34.231,22.37
43652,219,S3,153.0,33.831,22.37
43653,219,S3,156.0,33.480,22.37
43654,219,S3,159.0,33.207,22.37
43655,219,S3,162.0,32.829,22.37
43656,219,S3,165.0,32.574,22.37
43657,219,S3,168.0,32.270,22.37
43658,219,S3,171.0,31.894,22.37
43659,219,S3,174.0,31.763,22.37
43660,219,S3,177.0,31.430,22.37
43661,219,S3,180.0,31.107,22.37
43662,219,S3,183.0,30.752,22.37
43663,219,S3,186.0,30.576,22.37
43664,219,S3,189.0,30.295,22.37
43665,219,S3,192.0,30.135,22.37
43666,219,S3,195.0,29.878,22.37
43667,219,S3,198.0,29.670,22.37
43668,219,S3,201.0,29.424,22.37
43669,219,S3,204.0,29.164,22.37
43670,219,S3,207.0,28.985,22.37
43671,219,S3,210.0,28.816,22.37
43672,219,S3,213.0,28.595,22.37
43673,219,S3,216.0,28.428,22.37
43674,219,S3,219.0,28.184,22.37
43675,219,S3,222.0,28.106,22.37
43676,219,S3,225.0,28.005,22.37
43677,219,S3,228.0,27.754,22.37
43678,219,S3,231.0,27.487,22.37
43679,219,S3,234.0,27.458,22.37
43680,219,S3,237.0,27.349,22.37
43681,219,S3,240.0,27.108,22.37
43682,219,S3,243.0,26.940,22.37
43683,219,S3,246.0,26.989,22.37
43684,219,S3,249.0,26.692,22.37
43685,219,S3,252.0,26.569,22.37
43686,219,S3,255.0,26.461,22.37
43687,219,S3,258.0,26.385,22.37
43688,219,S3,261.0,26.276,22.37
43689,219,S3,264.0,26.142,22.37
43690,219,S3,267.0,26.033,22.37
43691,219,S3,270.0,25.861,22.37
43692,219,S3,273.0,25.798,22.37
43693,219,S3,276.0,25.676,22.37
43694,219,S3,279.0,25.601,22.37
43695,219,S3,282.0,25.435,22.37
43696,219,S3,285.0,25.302,22.37
43697,219,S3,288.0,25.342,22.37
43698,219,S3,291.0,25.100,22.37
43699,219,S3,294.0,25.094,22.37
43700,219,S3,297.0,25.079,22.37
43701,219,S3,300.0,24.911,22.37
43702,219,S3,303.0,24.925,22.37
43703,219,S3,306.0,24.785,22.37
43704,219,S3,309.0,24.705,22.37
43705,219,S3,312.0,24.610,22.37
43706,219,S3,315.0,24.537,22.37
43707,219,S3,318.0,24.431,22.37
43708,219,S3,321.0,24.396,22.37
43709,219,S3,324.0,24.291,22.37
43710,219,S3,327.0,24.330,22.37
43711,219,S3,330.0,24.286,22.37
43712,219,S3,333.0,24.232,22.37
43713,219,S3,336.0,24.249,22.37
43714,219,S3,339.0,24.037,22.37
43715,219,S3,342.0,24.115,22.37
43716,219,S3,345.0,23.966,22.37
43717,219,S3,348.0,23.951,22.37
43718,219,S3,351.0,23.917,22.37
43719,219,S3,354.0,23.860,22.37
43720,219,S3,357.0,23.816,22.37
43721,219,S3,360.0,23.742,22.37
43722,219,S3,363.0,23.730,22.37
43723,219,S3,366.0,23.736,22.37
43724,219,S3,369.0,23.652,22.37
43725,219,S3,372.0,23.729,22.37
43726,219,S3,375.0,23.555,22.37
43727,219,S3,378.0,23.587,22.37
43728,219,S3,381.0,23.372,22.37
43729,219,S3,384.0,23.475,22.37
43730,219,S3,387.0,23.452,22.37
43731,219,S3,390.0,23.452,22.37
43732,219,S3,393.0,23.414,22.37
43733,219,S3,396.0,23.377,22.37
43734,219,S3,399.0,23.317,22.37
43735,219,S3,402.0,23.333,22.37
43736,219,S3,405.0,23.270,22.37
43737,219,S3,408.0,23.235,22.37
43738,219,S3,411.0,23.145,22.37
43739,219,S3,414.0,23.244,22.37
43740,219,S3,417.0,23.158,22.37
43741,219,S3,420.0,23.131,22.37
43742,219,S3,423.0,23.142,22.37
43743,219,S3,426.0,23.057,22.37
43744,219,S3,429.0,23.030,22.37
43745,219,S3,432.0,23.036,22.37
43746,219,S3,435.0,23.019,22.37
43747,219,S3,438.0,22.988,22.37
43748,219,S3,441.0,23.013,22.37
43749,219,S3,444.0,23.023,22.37
43750,219,S3,447.0,22.923,22.37
43751,219,S3,450.0,22.913,22.37
43752,219,S3,453.0,22.997,22.37
43753,219,S3,456.0,23.039,22.37
43754,219,S3,459.0,22.866,22.37
43755,219,S3,462.0,22.819,22.37
43756,219,S3,465.0,22.916,22.37
43757,219,S3,468.0,22.811,22.37
43758,219,S3,471.0,22.886,22.37
43759,219,S3,474.0,22.802,22.37
43760,219,S3,477.0,22.788,22.37
43761,219,S3,480.0,22.728,22.37
43762,219,S3,483.0,22.744,22.37
43763,219,S3,486.0,22.741,22.37
43764,219,S3,489.0,22.708,22.37
43765,219,S3,492.0,22.683,22.37
43766,219,S3,495.0,22.708,22.37
43767,219,S3,498.0,22.650,22.37
43768,219,S3,501.0,22.673,22.37
43769,219,S3,504.0,22.650,22.37
43770,219,S3,507.0,22.630,22.37
43771,219,S3,510.0,22.673,22.37
43772,219,S3,513.0,22.676,22.37
43773,219,S3,516.0,22.641,22.37
43774,219,S3,519.0,22.597,22.37
43775,219,S3,522.0,22.572,22.37
43776,219,S3,525.0,22.610,22.37
43777,219,S3,528.0,22.620,22.37
43778,219,S3,531.0,22.575,22.37
43779,219,S3,534.0,22.587,22.37
43780,219,S3,537.0,22.635,22.37
43781,219,S3,540.0,22.555,22.37
43782,219,S3,543.0,22.584,22.37
43783,219,S3,546.0,22.657,22.37
43784,219,S3,549.0,22.569,22.37
43785,219,S3,552.0,22.598,22.37
43786,219,S3,555.0,22.603,22.37
43787,219,S3,558.0,22.564,22.37
43788,219,S3,561.0,22.494,22.37
43789,219,S3,564.0,22.591,22.37
43790,219,S3,567.0,22.555,22.37
43791,219,S3,570.0,22.452,22.37
43792,219,S3,573.0,22.461,22.37
43793,219,S3,576.0,22.581,22.37
43794,219,S3,579.0,22.530,22.37
43795,219,S3,582.0,22.520,22.37
43796,219,S3,585.0,22.479,22.37
43797,219,S3,588.0,22.450,22.37
43798,219,S3,591.0,22.503,22.37
43799,219,S3,594.0,22.571,22.37
43800,219,S3,597.0,22.595,22.37
43801,220,S4,0.0,87.625,21.48
43802,220,S4,3.0,86.586,21.48
43803,220,S4,6.0,85.632,21.48
43804,220,S4,9.0,84.616,21.48
43805,220,S4,12.0,83.547,21.48
43806,220,S4,15.0,82.632,21.48
43807,220,S4,18.0,81.707,21.48
43808,220,S4,21.0,80.849,21.48
43809,220,S4,24.0,79.894,21.48
43810,220,S4,27.0,78.960,21.48
43811,220,S4,30.0,78.054,21.48
43812,220,S4,33.0,77.233,21.48
43813,220,S4,36.0,76.422,21.48
43814,220,S4,39.0,75.492,21.48
43815,220,S4,42.0,74.634,21.48
43816,220,S4,45.0,73.863,21.48
43817,220,S4,48.0,73.036,21.48
43818,220,S4,51.0,72.271,21.48
43819,220,S4,54.0,71.408,21.48
43820,220,S4,57.0,70.682,21.48
43821,220,S4,60.0,69.954,21.48
43822,220,S4,63.0,69.212,21.48
43823,220,S4,66.0,68.411,21.48
43824,220,S4,69.0,67.738,21.48
43825,220,S4,72.0,66.980,21.48
43826,220,S4,75.0,66.417,21.48
43827,220,S4,78.0,65.664,21.48
43828,220,S4,81.0,64.902,21.48
43829,220,S4,84.0,64.208,21.48
43830,220,S4,87.0,63.671,21.48
43831,220,S4,90.0,62.910,21.48
43832,220,S4,93.0,62.291,21.48
43833,220,S4,96.0,61.733,21.48
43834,220,S4,99.0,61.025,21.48
43835,220,S4,102.0,60.440,21.48
43836,220,S4,105.0,59.795,21.48
43837,220,S4,108.0,59.200,21.48
43838,220,S4,111.0,58.704,21.48
43839,220,S4,114.0,58.068,21.48
43840,220,S4,117.0,57.524,21.48
43841,220,S4,120.0,56.989,21.48
43842,220,S4,123.0,56.437,21.48
43843,220,S4,126.0,55.929,21.48
43844,220,S4,129.0,55.440,21.48
43845,220,S4,132.0,54.790,21.48
43846,220,S4,135.0,54.392,21.48
43847,220,S4,138.0,53.798,21.48
43848,220,S4,141.0,53.257,21.48
43849,220,S4,144.0,52.835,21.48
43850,220,S4,147.0,52.405,21.48
43851,220,S4,150.0,51.863,21.48
43852,220,S4,153.0,51.351,21.48
43853,220,S4,156.0,50.951,21.48
43854,220,S4,159.0,50.342,21.48
43855,220,S4,162.0,50.086,21.48
43856,220,S4,165.0,49.581,21.48
43857,220,S4,168.0,49.239,21.48
43858,220,S4,171.0,48.746,21.48
43859,220,S4,174.0,48.337,21.48
43860,220,S4,177.0,47.960,21.48
43861,220,S4,180.0,47.457,21.48
43862,220,S4,183.0,47.021,21.48
43863,220,S4,186.0,46.642,21.48
43864,220,S4,189.0,46.307,21.48
43865,220,S4,192.0,45.962,21.48
43866,220,S4,195.0,45.555,21.48
43867,220,S4,198.0,45.130,21.48
43868,220,S4,201.0,44.874,21.48
43869,220,S4,204.0,44.494,21.48
43870,220,S4,207.0,44.039,21.48
43871,220,S4,210.0,43.743,21.48
43872,220,S4,213.0,43.438,21.48
43873,220,S4,216.0,43.093,21.48
43874,220,S4,219.0,42.770,21.48
43875,220,S4,222.0,42.415,21.48
43876,220,S4,225.0,42.142,21.48
43877,220,S4,228.0,41.805,21.48
43878,220,S4,231.0,41.415,21.48
43879,220,S4,234.0,41.080,21.48
43880,220,S4,237.0,40.778,21.48
43881,220,S4,240.0,40.537,21.48
43882,220,S4,243.0,40.255,21.48
43883,220,S4,246.0,39.945,21.48
43884,220,S4,249.0,39.686,21.48
43885,220,S4,252.0,39.432,21.48
43886,220,S4,255.0,39.078,21.48
43887,220,S4,258.0,38.845,21.48
43888,220,S4,261.0,38.551,21.48
43889,220,S4,264.0,38.323,21.48
43890,220,S4,267.0,38.033,21.48
43891,220,S4,270.0,37.829,21.48
43892,220,S4,273.0,37.441,21.48
43893,220,S4,276.0,37.300,21.48
43894,220,S4,279.0,37.129,21.48
43895,220,S4,282.0,36.802,21.48
43896,220,S4,285.0,36.627,21.48
43897,220,S4,288.0,36.264,21.48
43898,220,S4,291.0,36.119,21.48
43899,220,S4,294.0,35.808,21.48
43900,220,S4,297.0,35.737,21.48
43901,220,S4,300.0,35.449,21.48
43902,220,S4,303.0,35.227,21.48
43903,220,S4,306.0,34.975,21.48
43904,220,S4,309.0,34.840,21.48
43905,220,S4,312.0,34.549,21.48
43906,220,S4,315.0,34.390,21.48
43907,220,S4,318.0,34.246,21.48
43908,220,S4,321.0,33.997,21.48
43909,220,S4,324.0,33.860,21.48
43910,220,S4,327.0,33.565,21.48
43911,220,S4,330.0,33.387,21.48
43912,220,S4,333.0,33.187,21.48
43913,220,S4,336.0,33.075,21.48
43914,220,S4,339.0,32.871,21.48
43915,220,S4,342.0,32.668,21.48
43916,220,S4,345.0,32.545,21.48
43917,220,S4,348.0,32.336,21.48
43918,220,S4,351.0,32.154,21.48
43919,220,S4,354.0,32.033,21.48
43920,220,S4,357.0,31.846,21.48
43921,220,S4,360.0,31.699,21.48
43922,220,S4,363.0,31.663,21.48
43923,220,S4,366.0,31.375,21.48
43924,220,S4,369.0,31.238,21.48
43925,220,S4,372.0,31.136,21.48
43926,220,S4,375.0,30.866,21.48
43927,220,S4,378.0,30.770,21.48
43928,220,S4,381.0,30.648,21.48
43929,220,S4,384.0,30.583,21.48
43930,220,S4,387.0,30.466,21.48
43931,220,S4,390.0,30.223,21.48
43932,220,S4,393.0,30.207,21.48
43933,220,S4,396.0,30.108,21.48
43934,220,S4,399.0,29.834,21.48
43935,220,S4,402.0,29.712,21.48
43936,220,S4,405.0,29.541,21.48
43937,220,S4,408.0,29.474,21.48
43938,220,S4,411.0,29.268,21.48
43939,220,S4,414.0,29.216,21.48
43940,220,S4,417.0,29.135,21.48
43941,220,S4,420.0,29.003,21.48
43942,220,S4,423.0,28.819,21.48
43943,220,S4,426.0,28.667,21.48
43944,220,S4,429.0,28.668,21.48
43945,220,S4,432.0,28.501,21.48
43946,220,S4,435.0,28.368,21.48
43947,220,S4,438.0,28.358,21.48
43948,220,S4,441.0,28.209,21.48
43949,220,S4,444.0,28.064,21.48
43950,220,S4,447.0,28.027,21.48
43951,220,S4,450.0,27.794,21.48
43952,220,S4,453.0,27.783,21.48
43953,220,S4,456.0,27.771,21.48
43954,220,S4,459.0,27.552,21.48
43955,220,S4,462.0,27.452,21.48
43956,220,S4,465.0,27.422,21.48
43957,220,S4,468.0,27.289,21.48
43958,220,S4,471.0,27.226,21.48
43959,220,S4,474.0,27.109,21.48
43960,220,S4,477.0,27.106,21.48
43961,220,S4,480.0,26.896,21.48
43962,220,S4,483.0,26.808,21.48
43963,220,S4,486.0,26.794,21.48
43964,220,S4,489.0,26.643,21.48
43965,220,S4,492.0,26.671,21.48
43966,220,S4,495.0,26.706,21.48
43967,220,S4,498.0,26.526,21.48
43968,220,S4,501.0,26.507,21.48
43969,220,S4,504.0,26.389,21.48
43970,220,S4,507.0,26.265,21.48
43971,220,S4,510.0,26.158,21.48
43972,220,S4,513.0,26.088,21.48
43973,220,S4,516.0,26.153,21.48
43974,220,S4,519.0,25.931,21.48
43975,220,S4,522.0,25.895,21.48
43976,220,S4,525.0,25.741,21.48
43977,220,S4,528.0,25.833,21.48
43978,220,S4,531.0,25.627,21.48
43979,220,S4,534.0,25.719,21.48
43980,220,S4,537.0,25.557,21.48
43981,220,S4,540.0,25.506,21.48
43982,220,S4,543.0,25.406,21.48
43983,220,S4,546.0,25.408,21.48
43984,220,S4,549.0,25.277,21.48
43985,220,S4,552.0,25.270,21.48
43986,220,S4,555.0,25.225,21.48
43987,220,S4,558.0,25.144,21.48
43988,220,S4,561.0,25.063,21.48
43989,220,S4,564.0,25.061,21.48
43990,220,S4,567.0,24.910,21.48
43991,220,S4,570.0,24.977,21.48
43992,220,S4,573.0,24.981,21.48
43993,220,S4,576.0,24.873,21.48
43994,220,S4,579.0,24.769,21.48
43995,220,S4,582.0,24.757,21.48
43996,220,S4,585.0,24.626,21.48
43997,220,S4,588.0,24.619,21.48
43998,220,S4,591.0,24.610,21.48
43999,220,S4,594.0,24.480,21.48
44000,220,S4,597.0,24.488,21.48
44001,221,S1,0.0,75.038,20.91
44002,221,S1,3.0,73.638,20.91
44003,221,S1,6.0,72.456,20.91
44004,221,S1,9.0,71.311,20.91
44005,221,S1,12.0,70.157,20.91
44006,221,S1,15.0,69.001,20.91
44007,221,S1,18.0,68.101,20.91
44008,221,S1,21.0,66.790,20.91
44009,221,S1,24.0,65.843,20.91
44010,221,S1,27.0,64.724,20.91
44011,221,S1,30.0,63.818,20.91
44012,221,S1,33.0,62.814,20.91
44013,221,S1,36.0,61.841,20.91
44014,221,S1,39.0,60.904,20.91
44015,221,S1,42.0,60.010,20.91
44016,221,S1,45.0,59.132,20.91
44017,221,S1,48.0,58.250,20.91
44018,221,S1,51.0,57.449,20.91
44019,221,S1,54.0,56.545,20.91
44020,221,S1,57.0,55.742,20.91
44021,221,S1,60.0,54.956,20.91
44022,221,S1,63.0,54.097,20.91
44023,221,S1,66.0,53.376,20.91
44024,221,S1,69.0,52.658,20.91
44025,221,S1,72.0,51.855,20.91
44026,221,S1,75.0,51.148,20.91
44027,221,S1,78.0,50.431,20.91
44028,221,S1,81.0,49.764,20.91
44029,221,S1,84.0,49.180,20.91
44030,221,S1,87.0,48.492,20.91
44031,221,S1,90.0,47.828,20.91
44032,221,S1,93.0,47.259,20.91
44033,221,S1,96.0,46.642,20.91
44034,221,S1,99.0,46.149,20.91
44035,221,S1,102.0,45.457,20.91
44036,221,S1,105.0,44.870,20.91
44037,221,S1,108.0,44.405,20.91
44038,221,S1,111.0,43.880,20.91
44039,221,S1,114.0,43.364,20.91
44040,221,S1,117.0,42.800,20.91
44041,221,S1,120.0,42.311,20.91
44042,221,S1,123.0,41.802,20.91
44043,221,S1,126.0,41.334,20.91
44044,221,S1,129.0,40.870,20.91
44045,221,S1,132.0,40.353,20.91
44046,221,S1,135.0,40.002,20.91
44047,221,S1,138.0,39.495,20.91
44048,221,S1,141.0,39.036,20.91
44049,221,S1,144.0,38.689,20.91
44050,221,S1,147.0,38.257,20.91
44051,221,S1,150.0,37.928,20.91
44052,221,S1,153.0,37.468,20.91
44053,221,S1,156.0,37.090,20.91
44054,221,S1,159.0,36.704,20.91
44055,221,S1,162.0,36.368,20.91
44056,221,S1,165.0,36.029,20.91
44057,221,S1,168.0,35.696,20.91
44058,221,S1,171.0,35.371,20.91
44059,221,S1,174.0,34.984,20.91
44060,221,S1,177.0,34.696,20.91
44061,221,S1,180.0,34.203,20.91
44062,221,S1,183.0,34.104,20.91
44063,221,S1,186.0,33.801,20.91
44064,221,S1,189.0,33.404,20.91
44065,221,S1,192.0,33.138,20.91
44066,221,S1,195.0,32.870,20.91
44067,221,S1,198.0,32.679,20.91
44068,221,S1,201.0,32.385,20.91
44069,221,S1,204.0,32.165,20.91
44070,221,S1,207.0,31.940,20.91
44071,221,S1,210.0,31.593,20.91
44072,221,S1,213.0,31.404,20.91
44073,221,S1,216.0,31.180,20.91
44074,221,S1,219.0,30.848,20.91
44075,221,S1,222.0,30.648,20.91
44076,221,S1,225.0,30.472,20.91
44077,221,S1,228.0,30.314,20.91
44078,221,S1,231.0,29.996,20.91
44079,221,S1,234.0,29.779,20.91
44080,221,S1,237.0,29.575,20.91
44081,221,S1,240.0,29.400,20.91
44082,221,S1,243.0,29.197,20.91
44083,221,S1,246.0,28.966,20.91
44084,221,S1,249.0,28.829,20.91
44085,221,S1,252.0,28.638,20.91
44086,221,S1,255.0,28.475,20.91
44087,221,S1,258.0,28.301,20.91
44088,221,S1,261.0,28.156,20.91
44089,221,S1,264.0,27.890,20.91
44090,221,S1,267.0,27.871,20.91
44091,221,S1,270.0,27.600,20.91
44092,221,S1,273.0,27.459,20.91
44093,221,S1,276.0,27.434,20.91
44094,221,S1,279.0,27.178,20.91
44095,221,S1,282.0,27.080,20.91
44096,221,S1,285.0,26.865,20.91
44097,221,S1,288.0,26.783,20.91
44098,221,S1,291.0,26.660,20.91
44099,221,S1,294.0,26.471,20.91
44100,221,S1,297.0,26.434,20.91
44101,221,S1,300.0,26.263,20.91
44102,221,S1,303.0,26.136,20.91
44103,221,S1,306.0,25.950,20.91
44104,221,S1,309.0,25.902,20.91
44105,221,S1,312.0,25.707,20.91
44106,221,S1,315.0,25.686,20.91
44107,221,S1,318.0,25.582,20.91
44108,221,S1,321.0,25.431,20.91
44109,221,S1,324.0,25.374,20.91
44110,221,S1,327.0,25.182,20.91
44111,221,S1,330.0,25.143,20.91
44112,221,S1,333.0,25.141,20.91
44113,221,S1,336.0,24.978,20.91
44114,221,S1,339.0,24.812,20.91
44115,221,S1,342.0,24.696,20.91
44116,221,S1,345.0,24.592,20.91
44117,221,S1,348.0,24.582,20.91
44118,221,S1,351.0,24.441,20.91
44119,221,S1,354.0,24.481,20.91
44120,221,S1,357.0,24.353,20.91
44121,221,S1,360.0,24.214,20.91
44122,221,S1,363.0,24.188,20.91
44123,221,S1,366.0,24.196,20.91
44124,221,S1,369.0,24.026,20.91
44125,221,S1,372.0,23.915,20.91
44126,221,S1,375.0,23.785,20.91
44127,221,S1,378.0,23.829,20.91
44128,221,S1,381.0,23.711,20.91
44129,221,S1,384.0,23.815,20.91
44130,221,S1,387.0,23.606,20.91
44131,221,S1,390.0,23.566,20.91
44132,221,S1,393.0,23.576,20.91
44133,221,S1,396.0,23.359,20.91
44134,221,S1,399.0,23.342,20.91
44135,221,S1,402.0,23.336,20.91
44136,221,S1,405.0,23.328,20.91
44137,221,S1,408.0,23.235,20.91
44138,221,S1,411.0,23.250,20.91
44139,221,S1,414.0,23.158,20.91
44140,221,S1,417.0,23.040,20.91
44141,221,S1,420.0,22.991,20.91
44142,221,S1,423.0,23.051,20.91
44143,221,S1,426.0,22.978,20.91
44144,221,S1,429.0,22.835,20.91
44145,221,S1,432.0,22.807,20.91
44146,221,S1,435.0,22.724,20.91
44147,221,S1,438.0,22.753,20.91
44148,221,S1,441.0,22.726,20.91
44149,221,S1,444.0,22.638,20.91
44150,221,S1,447.0,22.495,20.91
44151,221,S1,450.0,22.534,20.91
44152,221,S1,453.0,22.521,20.91
44153,221,S1,456.0,22.490,20.91
44154,221,S1,459.0,22.536,20.91
44155,221,S1,462.0,22.457,20.91
44156,221,S1,465.0,22.449,20.91
44157,221,S1,468.0,22.338,20.91
44158,221,S1,471.0,22.332,20.91
44159,221,S1,474.0,22.366,20.91
44160,221,S1,477.0,22.301,20.91
44161,221,S1,480.0,22.299,20.91
44162,221,S1,483.0,22.152,20.91
44163,221,S1,486.0,22.146,20.91
44164,221,S1,489.0,22.107,20.91
44165,221,S1,492.0,22.159,20.91
44166,221,S1,495.0,22.018,20.91
44167,221,S1,498.0,22.112,20.91
44168,221,S1,501.0,22.101,20.91
44169,221,S1,504.0,21.934,20.91
44170,221,S1,507.0,21.965,20.91
44171,221,S1,510.0,21.977,20.91
44172,221,S1,513.0,21.935,20.91
44173,221,S1,516.0,21.913,20.91
44174,221,S1,519.0,21.960,20.91
44175,221,S1,522.0,21.819,20.91
44176,221,S1,525.0,21.872,20.91
44177,221,S1,528.0,21.800,20.91
44178,221,S1,531.0,21.746,20.91
44179,221,S1,534.0,21.818,20.91
44180,221,S1,537.0,21.686,20.91
44181,221,S1,540.0,21.633,20.91
44182,221,S1,543.0,21.833,20.91
44183,221,S1,546.0,21.642,20.91
44184,221,S1,549.0,21.702,20.91
44185,221,S1,552.0,21.635,20.91
44186,221,S1,555.0,21.646,20.91
44187,221,S1,558.0,21.642,20.91
44188,221,S1,561.0,21.653,20.91
44189,221,S1,564.0,21.613,20.91
44190,221,S1,567.0,21.649,20.91
44191,221,S1,570.0,21.549,20.91
44192,221,S1,573.0,21.538,20.91
44193,221,S1,576.0,21.584,20.91
44194,221,S1,579.0,21.511,20.91
44195,221,S1,582.0,21.434,20.91
44196,221,S1,585.0,21.500,20.91
44197,221,S1,588.0,21.423,20.91
44198,221,S1,591.0,21.421,20.91
44199,221,S1,594.0,21.580,20.91
44200,221,S1,597.0,21.446,20.91
44201,222,S2,0.0,90.833,20.17
44202,222,S2,3.0,89.677,20.17
44203,222,S2,6.0,88.223,20.17
44204,222,S2,9.0,87.147,20.17
44205,222,S2,12.0,85.783,20.17
44206,222,S2,15.0,84.704,20.17
44207,222,S2,18.0,83.478,20.17
44208,222,S2,21.0,82.399,20.17
44209,222,S2,24.0,81.274,20.17
44210,222,S2,27.0,80.190,20.17
44211,222,S2,30.0,79.050,20.17
44212,222,S2,33.0,78.015,20.17
44213,222,S2,36.0,76.946,20.17
44214,222,S2,39.0,75.918,20.17
44215,222,S2,42.0,74.966,20.17
44216,222,S2,45.0,73.964,20.17
44217,222,S2,48.0,73.002,20.17
44218,222,S2,51.0,72.023,20.17
44219,222,S2,54.0,71.146,20.17
44220,222,S2,57.0,70.247,20.17
44221,222,S2,60.0,69.316,20.17
44222,222,S2,63.0,68.485,20.17
44223,222,S2,66.0,67.582,20.17
44224,222,S2,69.0,66.726,20.17
44225,222,S2,72.0,65.889,20.17
44226,222,S2,75.0,65.089,20.17
44227,222,S2,78.0,64.281,20.17
44228,222,S2,81.0,63.510,20.17
44229,222,S2,84.0,62.645,20.17
44230,222,S2,87.0,61.893,20.17
44231,222,S2,90.0,61.152,20.17
44232,222,S2,93.0,60.474,20.17
44233,222,S2,96.0,59.586,20.17
44234,222,S2,99.0,58.805,20.17
44235,222,S2,102.0,58.303,20.17
44236,222,S2,105.0,57.510,20.17
44237,222,S2,108.0,56.918,20.17
44238,222,S2,111.0,56.264,20.17
44239,222,S2,114.0,55.622,20.17
44240,222,S2,117.0,54.979,20.17
44241,222,S2,120.0,54.361,20.17
44242,222,S2,123.0,53.739,20.17
44243,222,S2,126.0,53.230,20.17
44244,222,S2,129.0,52.455,20.17
44245,222,S2,132.0,51.890,20.17
44246,222,S2,135.0,51.371,20.17
44247,222,S2,138.0,50.744,20.17
44248,222,S2,141.0,50.252,20.17
44249,222,S2,144.0,49.799,20.17
44250,222,S2,147.0,49.097,20.17
44251,222,S2,150.0,48.560,20.17
44252,222,S2,153.0,48.104,20.17
44253,222,S2,156.0,47.666,20.17
44254,222,S2,159.0,47.200,20.17
44255,222,S2,162.0,46.711,20.17
44256,222,S2,165.0,46.212,20.17
44257,222,S2,168.0,45.796,20.17
44258,222,S2,171.0,45.227,20.17
44259,222,S2,174.0,44.776,20.17
44260,222,S2,177.0,44.358,20.17
44261,222,S2,180.0,43.932,20.17
44262,222,S2,183.0,43.443,20.17
44263,222,S2,186.0,43.093,20.17
44264,222,S2,189.0,42.655,20.17
44265,222,S2,192.0,42.215,20.17
44266,222,S2,195.0,41.815,20.17
44267,222,S2,198.0,41.626,20.17
44268,222,S2,201.0,41.037,20.17
44269,222,S2,204.0,40.717,20.17
44270,222,S2,207.0,40.325,20.17
44271,222,S2,210.0,39.953,20.17
44272,222,S2,213.0,39.699,20.17
44273,222,S2,216.0,39.356,20.17
44274,222,S2,219.0,38.912,20.17
44275,222,S2,222.0,38.580,20.17
44276,222,S2,225.0,38.293,20.17
44277,222,S2,228.0,37.917,20.17
44278,222,S2,231.0,37.619,20.17
44279,222,S2,234.0,37.302,20.17
44280,222,S2,237.0,37.086,20.17
44281,222,S2,240.0,36.686,20.17
44282,222,S2,243.0,36.435,20.17
44283,222,S2,246.0,36.076,20.17
44284,222,S2,249.0,35.816,20.17
44285,222,S2,252.0,35.537,20.17
44286,222,S2,255.0,35.254,20.17
44287,222,S2,258.0,34.989,20.17
44288,222,S2,261.0,34.688,20.17
44289,222,S2,264.0,34.445,20.17
44290,222,S2,267.0,34.222,20.17
44291,222,S2,270.0,33.967,20.17
44292,222,S2,273.0,33.586,20.17
44293,222,S2,276.0,33.345,20.17
44294,222,S2,279.0,33.154,20.17
44295,222,S2,282.0,32.981,20.17
44296,222,S2,285.0,32.763,20.17
44297,222,S2,288.0,32.551,20.17
44298,222,S2,291.0,32.254,20.17
44299,222,S2,294.0,31.961,20.17
44300,222,S2,297.0,31.864,20.17
44301,222,S2,300.0,31.728,20.17
44302,222,S2,303.0,31.337,20.17
44303,222,S2,306.0,31.156,20.17
44304,222,S2,309.0,31.019,20.17
44305,222,S2,312.0,30.811,20.17
44306,222,S2,315.0,30.629,20.17
44307,222,S2,318.0,30.417,20.17
44308,222,S2,321.0,30.213,20.17
44309,222,S2,324.0,30.181,20.17
44310,222,S2,327.0,30.013,20.17
44311,222,S2,330.0,29.748,20.17
44312,222,S2,333.0,29.571,20.17
44313,222,S2,336.0,29.452,20.17
44314,222,S2,339.0,29.271,20.17
44315,222,S2,342.0,29.210,20.17
44316,222,S2,345.0,29.011,20.17
44317,222,S2,348.0,28.728,20.17
44318,222,S2,351.0,28.622,20.17
44319,222,S2,354.0,28.411,20.17
44320,222,S2,357.0,28.264,20.17
44321,222,S2,360.0,28.119,20.17
44322,222,S2,363.0,28.102,20.17
44323,222,S2,366.0,27.903,20.17
44324,222,S2,369.0,27.696,20.17
44325,222,S2,372.0,27.661,20.17
44326,222,S2,375.0,27.442,20.17
44327,222,S2,378.0,27.313,20.17
44328,222,S2,381.0,27.123,20.17
44329,222,S2,384.0,27.012,20.17
44330,222,S2,387.0,26.979,20.17
44331,222,S2,390.0,26.802,20.17
44332,222,S2,393.0,26.802,20.17
44333,222,S2,396.0,26.581,20.17
44334,222,S2,399.0,26.485,20.17
44335,222,S2,402.0,26.367,20.17
44336,222,S2,405.0,26.196,20.17
44337,222,S2,408.0,26.102,20.17
44338,222,S2,411.0,25.989,20.17
44339,222,S2,414.0,25.920,20.17
44340,222,S2,417.0,25.790,20.17
44341,222,S2,420.0,25.717,20.17
44342,222,S2,423.0,25.660,20.17
44343,222,S2,426.0,25.419,20.17
44344,222,S2,429.0,25.328,20.17
44345,222,S2,432.0,25.249,20.17
44346,222,S2,435.0,25.167,20.17
44347,222,S2,438.0,25.124,20.17
44348,222,S2,441.0,25.031,20.17
44349,222,S2,444.0,25.026,20.17
44350,222,S2,447.0,24.873,20.17
44351,222,S2,450.0,24.830,20.17
44352,222,S2,453.0,24.789,20.17
44353,222,S2,456.0,24.639,20.17
44354,222,S2,459.0,24.554,20.17
44355,222,S2,462.0,24.529,20.17
44356,222,S2,465.0,24.423,20.17
44357,222,S2,468.0,24.295,20.17
44358,222,S2,471.0,24.182,20.17
44359,222,S2,474.0,24.125,20.17
44360,222,S2,477.0,24.080,20.17
44361,222,S2,480.0,23.985,20.17
44362,222,S2,483.0,23.956,20.17
44363,222,S2,486.0,23.843,20.17
44364,222,S2,489.0,23.751,20.17
44365,222,S2,492.0,23.811,20.17
44366,222,S2,495.0,23.773,20.17
44367,222,S2,498.0,23.625,20.17
44368,222,S2,501.0,23.521,20.17
44369,222,S2,504.0,23.517,20.17
44370,222,S2,507.0,23.466,20.17
44371,222,S2,510.0,23.435,20.17
44372,222,S2,513.0,23.332,20.17
44373,222,S2,516.0,23.205,20.17
44374,222,S2,519.0,23.250,20.17
44375,222,S2,522.0,23.198,20.17
44376,222,S2,525.0,23.095,20.17
44377,222,S2,528.0,23.037,20.17
44378,222,S2,531.0,23.028,20.17
44379,222,S2,534.0,22.861,20.17
44380,222,S2,537.0,22.881,20.17
44381,222,S2,540.0,22.800,20.17
44382,222,S2,543.0,22.793,20.17
44383,222,S2,546.0,22.813,20.17
44384,222,S2,549.0,22.727,20.17
44385,222,S2,552.0,22.589,20.17
44386,222,S2,555.0,22.617,20.17
44387,222,S2,558.0,22.629,20.17
44388,222,S2,561.0,22.605,20.17
44389,222,S2,564.0,22.502,20.17
44390,222,S2,567.0,22.502,20.17
44391,222,S2,570.0,22.375,20.17
44392,222,S2,573.0,22.403,20.17
44393,222,S2,576.0,22.316,20.17
44394,222,S2,579.0,22.243,20.17
44395,222,S2,582.0,22.304,20.17
44396,222,S2,585.0,22.241,20.17
44397,222,S2,588.0,22.115,20.17
44398,222,S2,591.0,22.059,20.17
44399,222,S2,594.0,22.061,20.17
44400,222,S2,597.0,22.121,20.17
44401,223,S3,0.0,80.940,21.00
44402,223,S3,3.0,79.294,21.00
44403,223,S3,6.0,77.588,21.00
44404,223,S3,9.0,75.948,21.00
44405,223,S3,12.0,74.387,21.00
44406,223,S3,15.0,72.797,21.00
44407,223,S3,18.0,71.399,21.00
44408,223,S3,21.0,69.915,21.00
44409,223,S3,24.0,68.591,21.00
44410,223,S3,27.0,67.153,21.00
44411,223,S3,30.0,65.943,21.00
44412,223,S3,33.0,64.622,21.00
44413,223,S3,36.0,63.380,21.00
44414,223,S3,39.0,62.127,21.00
44415,223,S3,42.0,60.928,21.00
44416,223,S3,45.0,59.812,21.00
44417,223,S3,48.0,58.767,21.00
44418,223,S3,51.0,57.641,21.00
44419,223,S3,54.0,56.533,21.00
44420,223,S3,57.0,55.626,21.00
44421,223,S3,60.0,54.632,21.00
44422,223,S3,63.0,53.665,21.00
44423,223,S3,66.0,52.697,21.00
44424,223,S3,69.0,51.803,21.00
44425,223,S3,72.0,50.994,21.00
44426,223,S3,75.0,50.059,21.00
44427,223,S3,78.0,49.196,21.00
44428,223,S3,81.0,48.440,21.00
44429,223,S3,84.0,47.767,21.00
44430,223,S3,87.0,46.915,21.00
44431,223,S3,90.0,46.188,21.00
44432,223,S3,93.0,45.425,21.00
44433,223,S3,96.0,44.698,21.00
44434,223,S3,99.0,44.072,21.00
44435,223,S3,102.0,43.344,21.00
44436,223,S3,105.0,42.789,21.00
44437,223,S3,108.0,42.144,21.00
44438,223,S3,111.0,41.506,21.00
44439,223,S3,114.0,40.924,21.00
44440,223,S3,117.0,40.392,21.00
44441,223,S3,120.0,39.825,21.00
44442,223,S3,123.0,39.266,21.00
44443,223,S3,126.0,38.793,21.00
44444,223,S3,129.0,38.243,21.00
44445,223,S3,132.0,37.654,21.00
44446,223,S3,135.0,37.311,21.00
44447,223,S3,138.0,36.796,21.00
44448,223,S3,141.0,36.472,21.00
44449,223,S3,144.0,35.856,21.00
44450,223,S3,147.0,35.497,21.00
44451,223,S3,150.0,35.177,21.00
44452,223,S3,153.0,34.696,21.00
44453,223,S3,156.0,34.245,21.00
44454,223,S3,159.0,33.828,21.00
44455,223,S3,162.0,33.548,21.00
44456,223,S3,165.0,33.176,21.00
44457,223,S3,168.0,32.865,21.00
44458,223,S3,171.0,32.536,21.00
44459,223,S3,174.0,32.311,21.00
44460,223,S3,177.0,31.784,21.00
44461,223,S3,180.0,31.543,21.00
44462,223,S3,183.0,31.321,21.00
44463,223,S3,186.0,30.997,21.00
44464,223,S3,189.0,30.595,21.00
44465,223,S3,192.0,30.352,21.00
44466,223,S3,195.0,30.115,21.00
44467,223,S3,198.0,29.925,21.00
44468,223,S3,201.0,29.623,21.00
44469,223,S3,204.0,29.345,21.00
44470,223,S3,207.0,28.957,21.00
44471,223,S3,210.0,28.892,21.00
44472,223,S3,213.0,28.657,21.00
44473,223,S3,216.0,28.448,21.00
44474,223,S3,219.0,28.251,21.00
44475,223,S3,222.0,28.007,21.00
44476,223,S3,225.0,27.845,21.00
44477,223,S3,228.0,27.546,21.00
44478,223,S3,231.0,27.481,21.00
44479,223,S3,234.0,27.324,21.00
44480,223,S3,237.0,27.101,21.00
44481,223,S3,240.0,26.866,21.00
44482,223,S3,243.0,26.700,21.00
44483,223,S3,246.0,26.566,21.00
44484,223,S3,249.0,26.511,21.00
44485,223,S3,252.0,26.248,21.00
44486,223,S3,255.0,26.016,21.00
44487,223,S3,258.0,26.053,21.00
44488,223,S3,261.0,25.879,21.00
44489,223,S3,264.0,25.582,21.00
44490,223,S3,267.0,25.551,21.00
44491,223,S3,270.0,25.426,21.00
44492,223,S3,273.0,25.206,21.00
44493,223,S3,276.0,25.145,21.00
44494,223,S3,279.0,25.051,21.00
44495,223,S3,282.0,24.904,21.00
44496,223,S3,285.0,24.806,21.00
44497,223,S3,288.0,24.686,21.00
44498,223,S3,291.0,24.583,21.00
44499,223,S3,294.0,24.540,21.00
44500,223,S3,297.0,24.345,21.00
44501,223,S3,300.0,24.311,21.00
44502,223,S3,303.0,24.259,21.00
44503,223,S3,306.0,24.172,21.00
44504,223,S3,309.0,24.115,21.00
44505,223,S3,312.0,23.935,21.00
44506,223,S3,315.0,23.808,21.00
44507,223,S3,318.0,23.779,21.00
44508,223,S3,321.0,23.696,21.00
44509,223,S3,324.0,23.646,21.00
44510,223,S3,327.0,23.575,21.00
44511,223,S3,330.0,23.449,21.00
44512,223,S3,333.0,23.330,21.00
44513,223,S3,336.0,23.342,21.00
44514,223,S3,339.0,23.212,21.00
44515,223,S3,342.0,23.228,21.00
44516,223,S3,345.0,23.128,21.00
44517,223,S3,348.0,23.037,21.00
44518,223,S3,351.0,23.070,21.00
44519,223,S3,354.0,22.960,21.00
44520,223,S3,357.0,22.869,21.00
44521,223,S3,360.0,22.847,21.00
44522,223,S3,363.0,22.842,21.00
44523,223,S3,366.0,22.726,21.00
44524,223,S3,369.0,22.778,21.00
44525,223,S3,372.0,22.662,21.00
44526,223,S3,375.0,22.493,21.00
44527,223,S3,378.0,22.599,21.00
44528,223,S3,381.0,22.550,21.00
44529,223,S3,384.0,22.515,21.00
44530,223,S3,387.0,22.434,21.00
44531,223,S3,390.0,22.357,21.00
44532,223,S3,393.0,22.322,21.00
44533,223,S3,396.0,22.392,21.00
44534,223,S3,399.0,22.235,21.00
44535,223,S3,402.0,22.255,21.00
44536,223,S3,405.0,22.225,21.00
44537,223,S3,408.0,22.215,21.00
44538,223,S3,411.0,22.117,21.00
44539,223,S3,414.0,22.140,21.00
44540,223,S3,417.0,22.167,21.00
44541,223,S3,420.0,22.057,21.00
44542,223,S3,423.0,21.946,21.00
44543,223,S3,426.0,21.960,21.00
44544,223,S3,429.0,21.923,21.00
44545,223,S3,432.0,21.908,21.00
44546,223,S3,435.0,21.801,21.00
44547,223,S3,438.0,21.892,21.00
44548,223,S3,441.0,21.854,21.00
44549,223,S3,444.0,21.861,21.00
44550,223,S3,447.0,21.823,21.00
44551,223,S3,450.0,21.738,21.00
44552,223,S3,453.0,21.806,21.00
44553,223,S3,456.0,21.732,21.00
44554,223,S3,459.0,21.711,21.00
44555,223,S3,462.0,21.697,21.00
44556,223,S3,465.0,21.647,21.00
44557,223,S3,468.0,21.650,21.00
44558,223,S3,471.0,21.614,21.00
44559,223,S3,474.0,21.615,21.00
44560,223,S3,477.0,21.624,21.00
44561,223,S3,480.0,21.471,21.00
44562,223,S3,483.0,21.535,21.00
44563,223,S3,486.0,21.553,21.00
44564,223,S3,489.0,21.609,21.00
44565,223,S3,492.0,21.561,21.00
44566,223,S3,495.0,21.525,21.00
44567,223,S3,498.0,21.461,21.00
44568,223,S3,501.0,21.478,21.00
44569,223,S3,504.0,21.453,21.00
44570,223,S3,507.0,21.385,21.00
44571,223,S3,510.0,21.489,21.00
44572,223,S3,513.0,21.416,21.00
44573,223,S3,516.0,21.438,21.00
44574,223,S3,519.0,21.430,21.00
44575,223,S3,522.0,21.353,21.00
44576,223,S3,525.0,21.343,21.00
44577,223,S3,528.0,21.360,21.00
44578,223,S3,531.0,21.387,21.00
44579,223,S3,534.0,21.220,21.00
44580,223,S3,537.0,21.340,21.00
44581,223,S3,540.0,21.402,21.00
44582,223,S3,543.0,21.307,21.00
44583,223,S3,546.0,21.345,21.00
44584,223,S3,549.0,21.282,21.00
44585,223,S3,552.0,21.258,21.00
44586,223,S3,555.0,21.232,21.00
44587,223,S3,558.0,21.273,21.00
44588,223,S3,561.0,21.248,21.00
44589,223,S3,564.0,21.333,21.00
44590,223,S3,567.0,21.326,21.00
44591,223,S3,570.0,21.186,21.00
44592,223,S3,573.0,21.303,21.00
44593,223,S3,576.0,21.208,21.00
44594,223,S3,579.0,21.268,21.00
44595,223,S3,582.0,21.208,21.00
44596,223,S3,585.0,21.077,21.00
44597,223,S3,588.0,21.236,21.00
44598,223,S3,591.0,21.250,21.00
44599,223,S3,594.0,21.199,21.00
44600,223,S3,597.0,21.206,21.00
44601,224,S4,0.0,93.928,22.23
44602,224,S4,3.0,92.333,22.23
44603,224,S4,6.0,90.769,22.23
44604,224,S4,9.0,89.207,22.23
44605,224,S4,12.0,87.884,22.23
44606,224,S4,15.0,86.377,22.23
44607,224,S4,18.0,85.128,22.23
44608,224,S4,21.0,83.775,22.23
44609,224,S4,24.0,82.320,22.23
44610,224,S4,27.0,81.128,22.23
44611,224,S4,30.0,79.912,22.23
44612,224,S4,33.0,78.629,22.23
44613,224,S4,36.0,77.422,22.23
44614,224,S4,39.0,76.164,22.23
44615,224,S4,42.0,75.083,22.23
44616,224,S4,45.0,73.910,22.23
44617,224,S4,48.0,72.755,22.23
44618,224,S4,51.0,71.719,22.23
44619,224,S4,54.0,70.529,22.23
44620,224,S4,57.0,69.635,22.23
44621,224,S4,60.0,68.574,22.23
44622,224,S4,63.0,67.624,22.23
44623,224,S4,66.0,66.606,22.23
44624,224,S4,69.0,65.632,22.23
44625,224,S4,72.0,64.712,22.23
44626,224,S4,75.0,63.704,22.23
44627,224,S4,78.0,62.916,22.23
44628,224,S4,81.0,62.072,22.23
44629,224,S4,84.0,61.228,22.23
44630,224,S4,87.0,60.288,22.23
44631,224,S4,90.0,59.498,22.23
44632,224,S4,93.0,58.685,22.23
44633,224,S4,96.0,57.856,22.23
44634,224,S4,99.0,57.164,22.23
44635,224,S4,102.0,56.460,22.23
44636,224,S4,105.0,55.561,22.23
44637,224,S4,108.0,54.863,22.23
44638,224,S4,111.0,54.211,22.23
44639,224,S4,114.0,53.427,22.23
44640,224,S4,117.0,52.857,22.23
44641,224,S4,120.0,52.271,22.23
44642,224,S4,123.0,51.462,22.23
44643,224,S4,126.0,50.968,22.23
44644,224,S4,129.0,50.291,22.23
44645,224,S4,132.0,49.683,22.23
44646,224,S4,135.0,49.152,22.23
44647,224,S4,138.0,48.585,22.23
44648,224,S4,141.0,48.058,22.23
44649,224,S4,144.0,47.424,22.23
44650,224,S4,147.0,46.886,22.23
44651,224,S4,150.0,46.266,22.23
44652,224,S4,153.0,45.797,22.23
44653,224,S4,156.0,45.257,22.23
44654,224,S4,159.0,44.759,22.23
44655,224,S4,162.0,44.309,22.23
44656,224,S4,165.0,43.892,22.23
44657,224,S4,168.0,43.333,22.23
44658,224,S4,171.0,42.839,22.23
44659,224,S4,174.0,42.525,22.23
44660,224,S4,177.0,42.071,22.23
44661,224,S4,180.0,41.636,22.23
44662,224,S4,183.0,41.277,22.23
44663,224,S4,186.0,40.769,22.23
44664,224,S4,189.0,40.436,22.23
44665,224,S4,192.0,40.028,22.23
44666,224,S4,195.0,39.595,22.23
44667,224,S4,198.0,39.231,22.23
44668,224,S4,201.0,38.870,22.23
44669,224,S4,204.0,38.462,22.23
44670,224,S4,207.0,38.210,22.23
44671,224,S4,210.0,37.822,22.23
44672,224,S4,213.0,37.510,22.23
44673,224,S4,216.0,37.202,22.23
44674,224,S4,219.0,36.826,22.23
44675,224,S4,222.0,36.518,22.23
44676,224,S4,225.0,36.209,22.23
44677,224,S4,228.0,35.882,22.23
44678,224,S4,231.0,35.670,22.23
44679,224,S4,234.0,35.369,22.23
44680,224,S4,237.0,35.147,22.23
44681,224,S4,240.0,34.850,22.23
44682,224,S4,243.0,34.452,22.23
44683,224,S4,246.0,34.259,22.23
44684,224,S4,249.0,33.958,22.23
44685,224,S4,252.0,33.762,22.23
44686,224,S4,255.0,33.551,22.23
44687,224,S4,258.0,33.267,22.23
44688,224,S4,261.0,32.962,22.23
44689,224,S4,264.0,32.753,22.23
44690,224,S4,267.0,32.579,22.23
44691,224,S4,270.0,32.380,22.23
44692,224,S4,273.0,32.020,22.23
44693,224,S4,276.0,31.951,22.23
44694,224,S4,279.0,31.651,22.23
44695,224,S4,282.0,31.535,22.23
44696,224,S4,285.0,31.378,22.23
44697,224,S4,288.0,31.091,22.23
44698,224,S4,291.0,30.967,22.23
44699,224,S4,294.0,30.706,22.23
44700,224,S4,297.0,30.535,22.23
44701,224,S4,300.0,30.299,22.23
44702,224,S4,303.0,30.303,22.23
44703,224,S4,306.0,29.978,22.23
44704,224,S4,309.0,29.840,22.23
44705,224,S4,312.0,29.637,22.23
44706,224,S4,315.0,29.603,22.23
44707,224,S4,318.0,29.362,22.23
44708,224,S4,321.0,29.237,22.23
44709,224,S4,324.0,29.116,22.23
44710,224,S4,327.0,28.878,22.23
44711,224,S4,330.0,28.784,22.23
44712,224,S4,333.0,28.572,22.23
44713,224,S4,336.0,28.403,22.23
44714,224,S4,339.0,28.402,22.23
44715,224,S4,342.0,28.208,22.23
44716,224,S4,345.0,28.056,22.23
44717,224,S4,348.0,27.915,22.23
44718,224,S4,351.0,27.830,22.23
44719,224,S4,354.0,27.746,22.23
44720,224,S4,357.0,27.577,22.23
44721,224,S4,360.0,27.500,22.23
44722,224,S4,363.0,27.372,22.23
44723,224,S4,366.0,27.248,22.23
44724,224,S4,369.0,27.146,22.23
44725,224,S4,372.0,27.040,22.23
44726,224,S4,375.0,26.968,22.23
44727,224,S4,378.0,26.871,22.23
44728,224,S4,381.0,26.740,22.23
44729,224,S4,384.0,26.625,22.23
44730,224,S4,387.0,26.622,22.23
44731,224,S4,390.0,26.472,22.23
44732,224,S4,393.0,26.410,22.23
44733,224,S4,396.0,26.260,22.23
44734,224,S4,399.0,26.213,22.23
44735,224,S4,402.0,26.091,22.23
44736,224,S4,405.0,25.971,22.23
44737,224,S4,408.0,25.977,22.23
44738,224,S4,411.0,25.828,22.23
44739,224,S4,414.0,25.828,22.23
44740,224,S4,417.0,25.691,22.23
44741,224,S4,420.0,25.648,22.23
44742,224,S4,423.0,25.620,22.23
44743,224,S4,426.0,25.439,22.23
44744,224,S4,429.0,25.456,22.23
44745,224,S4,432.0,25.333,22.23
44746,224,S4,435.0,25.294,22.23
44747,224,S4,438.0,25.150,22.23
44748,224,S4,441.0,25.203,22.23
44749,224,S4,444.0,25.078,22.23
44750,224,S4,447.0,25.064,22.23
44751,224,S4,450.0,24.992,22.23
44752,224,S4,453.0,24.976,22.23
44753,224,S4,456.0,24.834,22.23
44754,224,S4,459.0,24.769,22.23
44755,224,S4,462.0,24.654,22.23
44756,224,S4,465.0,24.609,22.23
44757,224,S4,468.0,24.666,22.23
44758,224,S4,471.0,24.518,22.23
44759,224,S4,474.0,24.500,22.23
44760,224,S4,477.0,24.488,22.23
44761,224,S4,480.0,24.435,22.23
44762,224,S4,483.0,24.390,22.23
44763,224,S4,486.0,24.361,22.23
44764,224,S4,489.0,24.290,22.23
44765,224,S4,492.0,24.336,22.23
44766,224,S4,495.0,24.208,22.23
44767,224,S4,498.0,24.192,22.23
44768,224,S4,501.0,24.174,22.23
44769,224,S4,504.0,24.069,22.23
44770,224,S4,507.0,24.025,22.23
44771,224,S4,510.0,23.945,22.23
44772,224,S4,513.0,23.967,22.23
44773,224,S4,516.0,23.887,22.23
44774,224,S4,519.0,23.899,22.23
44775,224,S4,522.0,23.934,22.23
44776,224,S4,525.0,23.863,22.23
44777,224,S4,528.0,23.691,22.23
44778,224,S4,531.0,23.742,22.23
44779,224,S4,534.0,23.665,22.23
44780,224,S4,537.0,23.720,22.23
44781,224,S4,540.0,23.665,22.23
44782,224,S4,543.0,23.587,22.23
44783,224,S4,546.0,23.505,22.23
44784,224,S4,549.0,23.452,22.23
44785,224,S4,552.0,23.535,22.23
44786,224,S4,555.0,23.505,22.23
44787,224,S4,558.0,23.400,22.23
44788,224,S4,561.0,23.438,22.23
44789,224,S4,564.0,23.427,22.23
44790,224,S4,567.0,23.442,22.23
44791,224,S4,570.0,23.445,22.23
44792,224,S4,573.0,23.340,22.23
44793,224,S4,576.0,23.359,22.23
44794,224,S4,579.0,23.317,22.23
44795,224,S4,582.0,23.194,22.23
44796,224,S4,585.0,23.293,22.23
44797,224,S4,588.0,23.253,22.23
44798,224,S4,591.0,23.161,22.23
44799,224,S4,594.0,23.318,22.23
44800,224,S4,597.0,23.145,22.23
44801,225,S1,0.0,78.445,20.63
44802,225,S1,3.0,77.468,20.63
44803,225,S1,6.0,76.676,20.63
44804,225,S1,9.0,75.868,20.63
44805,225,S1,12.0,74.942,20.63
44806,225,S1,15.0,74.198,20.63
44807,225,S1,18.0,73.372,20.63
44808,225,S1,21.0,72.674,20.63
44809,225,S1,24.0,71.939,20.63
44810,225,S1,27.0,71.014,20.63
44811,225,S1,30.0,70.277,20.63
44812,225,S1,33.0,69.640,20.63
44813,225,S1,36.0,68.800,20.63
44814,225,S1,39.0,68.066,20.63
44815,225,S1,42.0,67.389,20.63
44816,225,S1,45.0,66.619,20.63
44817,225,S1,48.0,65.828,20.63
44818,225,S1,51.0,65.302,20.63
44819,225,S1,54.0,64.654,20.63
44820,225,S1,57.0,63.941,20.63
44821,225,S1,60.0,63.231,20.63
44822,225,S1,63.0,62.601,20.63
44823,225,S1,66.0,62.005,20.63
44824,225,S1,69.0,61.273,20.63
44825,225,S1,72.0,60.840,20.63
44826,225,S1,75.0,60.151,20.63
44827,225,S1,78.0,59.572,20.63
44828,225,S1,81.0,59.056,20.63
44829,225,S1,84.0,58.369,20.63
44830,225,S1,87.0,57.757,20.63
44831,225,S1,90.0,57.243,20.63
44832,225,S1,93.0,56.603,20.63
44833,225,S1,96.0,56.205,20.63
44834,225,S1,99.0,55.707,20.63
44835,225,S1,102.0,55.052,20.63
44836,225,S1,105.0,54.671,20.63
44837,225,S1,108.0,54.112,20.63
44838,225,S1,111.0,53.589,20.63
44839,225,S1,114.0,53.095,20.63
44840,225,S1,117.0,52.601,20.63
44841,225,S1,120.0,52.102,20.63
44842,225,S1,123.0,51.578,20.63
44843,225,S1,126.0,51.201,20.63
44844,225,S1,129.0,50.611,20.63
44845,225,S1,132.0,50.266,20.63
44846,225,S1,135.0,49.773,20.63
44847,225,S1,138.0,49.345,20.63
44848,225,S1,141.0,48.933,20.63
44849,225,S1,144.0,48.530,20.63
44850,225,S1,147.0,48.054,20.63
44851,225,S1,150.0,47.656,20.63
44852,225,S1,153.0,47.257,20.63
44853,225,S1,156.0,46.848,20.63
44854,225,S1,159.0,46.506,20.63
44855,225,S1,162.0,46.144,20.63
44856,225,S1,165.0,45.721,20.63
44857,225,S1,168.0,45.297,20.63
44858,225,S1,171.0,44.903,20.63
44859,225,S1,174.0,44.615,20.63
44860,225,S1,177.0,44.173,20.63
44861,225,S1,180.0,43.879,20.63
44862,225,S1,183.0,43.515,20.63
44863,225,S1,186.0,43.242,20.63
44864,225,S1,189.0,42.913,20.63
44865,225,S1,192.0,42.544,20.63
44866,225,S1,195.0,42.147,20.63
44867,225,S1,198.0,41.872,20.63
44868,225,S1,201.0,41.604,20.63
44869,225,S1,204.0,41.161,20.63
44870,225,S1,207.0,40.869,20.63
44871,225,S1,210.0,40.545,20.63
44872,225,S1,213.0,40.330,20.63
44873,225,S1,216.0,40.052,20.63
44874,225,S1,219.0,39.739,20.63
44875,225,S1,222.0,39.526,20.63
44876,225,S1,225.0,39.141,20.63
44877,225,S1,228.0,38.888,20.63
44878,225,S1,231.0,38.543,20.63
44879,225,S1,234.0,38.325,20.63
44880,225,S1,237.0,38.041,20.63
44881,225,S1,240.0,37.762,20.63
44882,225,S1,243.0,37.553,20.63
44883,225,S1,246.0,37.336,20.63
44884,225,S1,249.0,37.117,20.63
44885,225,S1,252.0,36.810,20.63
44886,225,S1,255.0,36.511,20.63
44887,225,S1,258.0,36.251,20.63
44888,225,S1,261.0,35.943,20.63
44889,225,S1,264.0,35.880,20.63
44890,225,S1,267.0,35.704,20.63
44891,225,S1,270.0,35.411,20.63
44892,225,S1,273.0,35.191,20.63
44893,225,S1,276.0,34.980,20.63
44894,225,S1,279.0,34.727,20.63
44895,225,S1,282.0,34.505,20.63
44896,225,S1,285.0,34.323,20.63
44897,225,S1,288.0,34.079,20.63
44898,225,S1,291.0,33.875,20.63
44899,225,S1,294.0,33.668,20.63
44900,225,S1,297.0,33.514,20.63
44901,225,S1,300.0,33.306,20.63
44902,225,S1,303.0,33.103,20.63
44903,225,S1,306.0,32.895,20.63
44904,225,S1,309.0,32.700,20.63
44905,225,S1,312.0,32.570,20.63
44906,225,S1,315.0,32.437,20.63
44907,225,S1,318.0,32.165,20.63
44908,225,S1,321.0,31.978,20.63
44909,225,S1,324.0,31.780,20.63
44910,225,S1,327.0,31.693,20.63
44911,225,S1,330.0,31.484,20.63
44912,225,S1,333.0,31.405,20.63
44913,225,S1,336.0,31.093,20.63
44914,225,S1,339.0,31.046,20.63
44915,225,S1,342.0,30.873,20.63
44916,225,S1,345.0,30.639,20.63
44917,225,S1,348.0,30.452,20.63
44918,225,S1,351.0,30.427,20.63
44919,225,S1,354.0,30.343,20.63
44920,225,S1,357.0,30.175,20.63
44921,225,S1,360.0,30.043,20.63
44922,225,S1,363.0,29.890,20.63
44923,225,S1,366.0,29.673,20.63
44924,225,S1,369.0,29.658,20.63
44925,225,S1,372.0,29.433,20.63
44926,225,S1,375.0,29.258,20.63
44927,225,S1,378.0,29.098,20.63
44928,225,S1,381.0,28.968,20.63
44929,225,S1,384.0,28.956,20.63
44930,225,S1,387.0,28.768,20.63
44931,225,S1,390.0,28.804,20.63
44932,225,S1,393.0,28.527,20.63
44933,225,S1,396.0,28.437,20.63
44934,225,S1,399.0,28.313,20.63
44935,225,S1,402.0,28.248,20.63
44936,225,S1,405.0,28.121,20.63
44937,225,S1,408.0,27.942,20.63
44938,225,S1,411.0,27.801,20.63
44939,225,S1,414.0,27.754,20.63
44940,225,S1,417.0,27.559,20.63
44941,225,S1,420.0,27.533,20.63
44942,225,S1,423.0,27.359,20.63
44943,225,S1,426.0,27.442,20.63
44944,225,S1,429.0,27.226,20.63
44945,225,S1,432.0,27.124,20.63
44946,225,S1,435.0,27.061,20.63
44947,225,S1,438.0,26.946,20.63
44948,225,S1,441.0,26.886,20.63
44949,225,S1,444.0,26.787,20.63
44950,225,S1,447.0,26.638,20.63
44951,225,S1,450.0,26.468,20.63
44952,225,S1,453.0,26.476,20.63
44953,225,S1,456.0,26.369,20.63
44954,225,S1,459.0,26.287,20.63
44955,225,S1,462.0,26.256,20.63
44956,225,S1,465.0,26.123,20.63
44957,225,S1,468.0,26.021,20.63
44958,225,S1,471.0,26.097,20.63
44959,225,S1,474.0,25.872,20.63
44960,225,S1,477.0,25.836,20.63
44961,225,S1,480.0,25.776,20.63
44962,225,S1,483.0,25.629,20.63
44963,225,S1,486.0,25.578,20.63
44964,225,S1,489.0,25.523,20.63
44965,225,S1,492.0,25.424,20.63
44966,225,S1,495.0,25.413,20.63
44967,225,S1,498.0,25.339,20.63
44968,225,S1,501.0,25.283,20.63
44969,225,S1,504.0,25.093,20.63
44970,225,S1,507.0,25.061,20.63
44971,225,S1,510.0,24.948,20.63
44972,225,S1,513.0,24.846,20.63
44973,225,S1,516.0,24.879,20.63
44974,225,S1,519.0,24.801,20.63
44975,225,S1,522.0,24.729,20.63
44976,225,S1,525.0,24.717,20.63
44977,225,S1,528.0,24.638,20.63
44978,225,S1,531.0,24.529,20.63
44979,225,S1,534.0,24.589,20.63
44980,225,S1,537.0,24.477,20.63
44981,225,S1,540.0,24.367,20.63
44982,225,S1,543.0,24.408,20.63
44983,225,S1,546.0,24.167,20.63
44984,225,S1,549.0,24.187,20.63
44985,225,S1,552.0,24.149,20.63
44986,225,S1,555.0,24.131,20.63
44987,225,S1,558.0,24.009,20.63
44988,225,S1,561.0,23.987,20.63
44989,225,S1,564.0,23.929,20.63
44990,225,S1,567.0,23.824,20.63
44991,225,S1,570.0,23.903,20.63
