measurement_id,run_id,sensor_id,t_seconds,temperature_c,ambient_c
69987,350,S2,558.0,21.881,21.35
69988,350,S2,561.0,21.777,21.35
69989,350,S2,564.0,21.782,21.35
69990,350,S2,567.0,21.680,21.35
69991,350,S2,570.0,21.731,21.35
69992,350,S2,573.0,21.692,21.35
69993,350,S2,576.0,21.782,21.35
69994,350,S2,579.0,21.781,21.35
69995,350,S2,582.0,21.777,21.35
69996,350,S2,585.0,21.658,21.35
69997,350,S2,588.0,21.848,21.35
69998,350,S2,591.0,21.602,21.35
69999,350,S2,594.0,21.686,21.35
70000,350,S2,597.0,21.726,21.35
70001,351,S3,0.0,94.235,20.85
70002,351,S3,3.0,91.900,20.85
70003,351,S3,6.0,89.545,20.85
70004,351,S3,9.0,87.439,20.85
70005,351,S3,12.0,85.244,20.85
70006,351,S3,15.0,83.317,20.85
70007,351,S3,18.0,81.255,20.85
70008,351,S3,21.0,79.187,20.85
70009,351,S3,24.0,77.502,20.85
70010,351,S3,27.0,75.677,20.85
70011,351,S3,30.0,73.772,20.85
70012,351,S3,33.0,72.102,20.85
70013,351,S3,36.0,70.421,20.85
70014,351,S3,39.0,68.857,20.85
70015,351,S3,42.0,67.300,20.85
70016,351,S3,45.0,65.897,20.85
70017,351,S3,48.0,64.438,20.85
70018,351,S3,51.0,63.104,20.85
70019,351,S3,54.0,61.577,20.85
70020,351,S3,57.0,60.338,20.85
70021,351,S3,60.0,59.070,20.85
70022,351,S3,63.0,57.920,20.85
70023,351,S3,66.0,56.793,20.85
70024,351,S3,69.0,55.541,20.85
70025,351,S3,72.0,54.447,20.85
70026,351,S3,75.0,53.317,20.85
70027,351,S3,78.0,52.336,20.85
70028,351,S3,81.0,51.194,20.85
70029,351,S3,84.0,50.359,20.85
70030,351,S3,87.0,49.314,20.85
70031,351,S3,90.0,48.457,20.85
70032,351,S3,93.0,47.524,20.85
70033,351,S3,96.0,46.794,20.85
70034,351,S3,99.0,45.852,20.85
70035,351,S3,102.0,45.177,20.85
70036,351,S3,105.0,44.375,20.85
70037,351,S3,108.0,43.592,20.85
70038,351,S3,111.0,42.750,20.85
70039,351,S3,114.0,42.053,20.85
70040,351,S3,117.0,41.407,20.85
70041,351,S3,120.0,40.851,20.85
70042,351,S3,123.0,40.211,20.85
70043,351,S3,126.0,39.537,20.85
70044,351,S3,129.0,38.892,20.85
70045,351,S3,132.0,38.264,20.85
70046,351,S3,135.0,37.820,20.85
70047,351,S3,138.0,37.184,20.85
70048,351,S3,141.0,36.753,20.85
70049,351,S3,144.0,36.208,20.85
70050,351,S3,147.0,35.738,20.85
70051,351,S3,150.0,35.200,20.85
70052,351,S3,153.0,34.741,20.85
70053,351,S3,156.0,34.293,20.85
70054,351,S3,159.0,33.884,20.85
70055,351,S3,162.0,33.507,20.85
70056,351,S3,165.0,33.084,20.85
70057,351,S3,168.0,32.747,20.85
70058,351,S3,171.0,32.333,20.85
70059,351,S3,174.0,32.015,20.85
70060,351,S3,177.0,31.645,20.85
70061,351,S3,180.0,31.237,20.85
70062,351,S3,183.0,30.917,20.85
70063,351,S3,186.0,30.577,20.85
70064,351,S3,189.0,30.368,20.85
70065,351,S3,192.0,30.016,20.85
70066,351,S3,195.0,29.660,20.85
70067,351,S3,198.0,29.457,20.85
70068,351,S3,201.0,29.056,20.85
70069,351,S3,204.0,28.894,20.85
70070,351,S3,207.0,28.522,20.85
70071,351,S3,210.0,28.470,20.85
70072,351,S3,213.0,28.235,20.85
70073,351,S3,216.0,27.926,20.85
70074,351,S3,219.0,27.607,20.85
70075,351,S3,222.0,27.479,20.85
70076,351,S3,225.0,27.046,20.85
70077,351,S3,228.0,27.022,20.85
70078,351,S3,231.0,26.891,20.85
70079,351,S3,234.0,26.667,20.85
70080,351,S3,237.0,26.507,20.85
70081,351,S3,240.0,26.331,20.85
70082,351,S3,243.0,26.080,20.85
70083,351,S3,246.0,25.942,20.85
70084,351,S3,249.0,25.725,20.85
70085,351,S3,252.0,25.661,20.85
70086,351,S3,255.0,25.484,20.85
70087,351,S3,258.0,25.320,20.85
70088,351,S3,261.0,25.196,20.85
70089,351,S3,264.0,24.992,20.85
70090,351,S3,267.0,24.879,20.85
70091,351,S3,270.0,24.793,20.85
70092,351,S3,273.0,24.675,20.85
70093,351,S3,276.0,24.515,20.85
70094,351,S3,279.0,24.455,20.85
70095,351,S3,282.0,24.354,20.85
70096,351,S3,285.0,24.287,20.85
70097,351,S3,288.0,24.102,20.85
70098,351,S3,291.0,23.847,20.85
70099,351,S3,294.0,23.807,20.85
70100,351,S3,297.0,23.709,20.85
70101,351,S3,300.0,23.571,20.85
70102,351,S3,303.0,23.499,20.85
70103,351,S3,306.0,23.423,20.85
70104,351,S3,309.0,23.532,20.85
70105,351,S3,312.0,23.258,20.85
70106,351,S3,315.0,23.230,20.85
70107,351,S3,318.0,23.140,20.85
70108,351,S3,321.0,22.984,20.85
70109,351,S3,324.0,23.092,20.85
70110,351,S3,327.0,22.942,20.85
70111,351,S3,330.0,22.930,20.85
70112,351,S3,333.0,22.828,20.85
70113,351,S3,336.0,22.732,20.85
70114,351,S3,339.0,22.692,20.85
70115,351,S3,342.0,22.700,20.85
70116,351,S3,345.0,22.588,20.85
70117,351,S3,348.0,22.523,20.85
70118,351,S3,351.0,22.531,20.85
70119,351,S3,354.0,22.537,20.85
70120,351,S3,357.0,22.456,20.85
70121,351,S3,360.0,22.241,20.85
70122,351,S3,363.0,22.215,20.85
70123,351,S3,366.0,22.225,20.85
70124,351,S3,369.0,22.123,20.85
70125,351,S3,372.0,22.188,20.85
70126,351,S3,375.0,22.137,20.85
70127,351,S3,378.0,22.059,20.85
70128,351,S3,381.0,22.075,20.85
70129,351,S3,384.0,21.907,20.85
70130,351,S3,387.0,21.962,20.85
70131,351,S3,390.0,21.953,20.85
70132,351,S3,393.0,21.900,20.85
70133,351,S3,396.0,21.916,20.85
70134,351,S3,399.0,21.800,20.85
70135,351,S3,402.0,21.788,20.85
70136,351,S3,405.0,21.808,20.85
70137,351,S3,408.0,21.684,20.85
70138,351,S3,411.0,21.636,20.85
70139,351,S3,414.0,21.655,20.85
70140,351,S3,417.0,21.550,20.85
70141,351,S3,420.0,21.618,20.85
70142,351,S3,423.0,21.602,20.85
70143,351,S3,426.0,21.579,20.85
70144,351,S3,429.0,21.568,20.85
70145,351,S3,432.0,21.557,20.85
70146,351,S3,435.0,21.487,20.85
70147,351,S3,438.0,21.433,20.85
70148,351,S3,441.0,21.430,20.85
70149,351,S3,444.0,21.493,20.85
70150,351,S3,447.0,21.361,20.85
70151,351,S3,450.0,21.400,20.85
70152,351,S3,453.0,21.368,20.85
70153,351,S3,456.0,21.366,20.85
70154,351,S3,459.0,21.366,20.85
70155,351,S3,462.0,21.311,20.85
70156,351,S3,465.0,21.255,20.85
70157,351,S3,468.0,21.427,20.85
70158,351,S3,471.0,21.364,20.85
70159,351,S3,474.0,21.330,20.85
70160,351,S3,477.0,21.186,20.85
70161,351,S3,480.0,21.137,20.85
70162,351,S3,483.0,21.226,20.85
70163,351,S3,486.0,21.164,20.85
70164,351,S3,489.0,21.256,20.85
70165,351,S3,492.0,21.179,20.85
70166,351,S3,495.0,21.237,20.85
70167,351,S3,498.0,21.137,20.85
70168,351,S3,501.0,21.193,20.85
70169,351,S3,504.0,21.168,20.85
70170,351,S3,507.0,21.250,20.85
70171,351,S3,510.0,21.116,20.85
70172,351,S3,513.0,21.192,20.85
70173,351,S3,516.0,21.123,20.85
70174,351,S3,519.0,21.088,20.85
70175,351,S3,522.0,21.119,20.85
70176,351,S3,525.0,21.118,20.85
70177,351,S3,528.0,21.157,20.85
70178,351,S3,531.0,21.071,20.85
70179,351,S3,534.0,21.077,20.85
70180,351,S3,537.0,21.078,20.85
70181,351,S3,540.0,21.040,20.85
70182,351,S3,543.0,21.061,20.85
70183,351,S3,546.0,21.038,20.85
70184,351,S3,549.0,20.943,20.85
70185,351,S3,552.0,21.058,20.85
70186,351,S3,555.0,21.048,20.85
70187,351,S3,558.0,20.980,20.85
70188,351,S3,561.0,21.019,20.85
70189,351,S3,564.0,20.959,20.85
70190,351,S3,567.0,20.941,20.85
70191,351,S3,570.0,20.966,20.85
70192,351,S3,573.0,20.947,20.85
70193,351,S3,576.0,21.012,20.85
70194,351,S3,579.0,20.998,20.85
70195,351,S3,582.0,20.931,20.85
70196,351,S3,585.0,20.972,20.85
70197,351,S3,588.0,20.975,20.85
70198,351,S3,591.0,20.960,20.85
70199,351,S3,594.0,21.013,20.85
70200,351,S3,597.0,20.944,20.85
70201,352,S4,0.0,72.123,20.78
70202,352,S4,3.0,71.395,20.78
70203,352,S4,6.0,70.857,20.78
70204,352,S4,9.0,70.228,20.78
70205,352,S4,12.0,69.538,20.78
70206,352,S4,15.0,68.941,20.78
70207,352,S4,18.0,68.338,20.78
70208,352,S4,21.0,67.703,20.78
70209,352,S4,24.0,67.131,20.78
70210,352,S4,27.0,66.603,20.78
70211,352,S4,30.0,65.975,20.78
70212,352,S4,33.0,65.313,20.78
70213,352,S4,36.0,64.967,20.78
70214,352,S4,39.0,64.267,20.78
70215,352,S4,42.0,63.801,20.78
70216,352,S4,45.0,63.286,20.78
70217,352,S4,48.0,62.695,20.78
70218,352,S4,51.0,62.262,20.78
70219,352,S4,54.0,61.621,20.78
70220,352,S4,57.0,61.151,20.78
70221,352,S4,60.0,60.684,20.78
70222,352,S4,63.0,60.082,20.78
70223,352,S4,66.0,59.650,20.78
70224,352,S4,69.0,59.136,20.78
70225,352,S4,72.0,58.691,20.78
70226,352,S4,75.0,58.212,20.78
70227,352,S4,78.0,57.808,20.78
70228,352,S4,81.0,57.332,20.78
70229,352,S4,84.0,56.829,20.78
70230,352,S4,87.0,56.398,20.78
70231,352,S4,90.0,55.950,20.78
70232,352,S4,93.0,55.498,20.78
70233,352,S4,96.0,55.089,20.78
70234,352,S4,99.0,54.608,20.78
70235,352,S4,102.0,54.148,20.78
70236,352,S4,105.0,53.829,20.78
70237,352,S4,108.0,53.293,20.78
70238,352,S4,111.0,53.017,20.78
70239,352,S4,114.0,52.645,20.78
70240,352,S4,117.0,52.177,20.78
70241,352,S4,120.0,51.878,20.78
70242,352,S4,123.0,51.387,20.78
70243,352,S4,126.0,51.015,20.78
70244,352,S4,129.0,50.636,20.78
70245,352,S4,132.0,50.233,20.78
70246,352,S4,135.0,49.888,20.78
70247,352,S4,138.0,49.541,20.78
70248,352,S4,141.0,49.194,20.78
70249,352,S4,144.0,48.889,20.78
70250,352,S4,147.0,48.559,20.78
70251,352,S4,150.0,48.152,20.78
70252,352,S4,153.0,47.804,20.78
70253,352,S4,156.0,47.513,20.78
70254,352,S4,159.0,47.077,20.78
70255,352,S4,162.0,46.740,20.78
70256,352,S4,165.0,46.461,20.78
70257,352,S4,168.0,46.124,20.78
70258,352,S4,171.0,45.748,20.78
70259,352,S4,174.0,45.566,20.78
70260,352,S4,177.0,45.208,20.78
70261,352,S4,180.0,44.907,20.78
70262,352,S4,183.0,44.682,20.78
70263,352,S4,186.0,44.348,20.78
70264,352,S4,189.0,43.998,20.78
70265,352,S4,192.0,43.712,20.78
70266,352,S4,195.0,43.415,20.78
70267,352,S4,198.0,43.079,20.78
70268,352,S4,201.0,42.895,20.78
70269,352,S4,204.0,42.534,20.78
70270,352,S4,207.0,42.390,20.78
70271,352,S4,210.0,42.045,20.78
70272,352,S4,213.0,41.852,20.78
70273,352,S4,216.0,41.526,20.78
70274,352,S4,219.0,41.180,20.78
70275,352,S4,222.0,40.976,20.78
70276,352,S4,225.0,40.762,20.78
70277,352,S4,228.0,40.492,20.78
70278,352,S4,231.0,40.240,20.78
70279,352,S4,234.0,40.056,20.78
70280,352,S4,237.0,39.752,20.78
70281,352,S4,240.0,39.584,20.78
70282,352,S4,243.0,39.330,20.78
70283,352,S4,246.0,39.128,20.78
70284,352,S4,249.0,38.833,20.78
70285,352,S4,252.0,38.654,20.78
70286,352,S4,255.0,38.372,20.78
70287,352,S4,258.0,38.258,20.78
70288,352,S4,261.0,37.852,20.78
70289,352,S4,264.0,37.712,20.78
70290,352,S4,267.0,37.558,20.78
70291,352,S4,270.0,37.229,20.78
70292,352,S4,273.0,37.115,20.78
70293,352,S4,276.0,36.873,20.78
70294,352,S4,279.0,36.773,20.78
70295,352,S4,282.0,36.527,20.78
70296,352,S4,285.0,36.317,20.78
70297,352,S4,288.0,36.149,20.78
70298,352,S4,291.0,35.914,20.78
70299,352,S4,294.0,35.679,20.78
70300,352,S4,297.0,35.585,20.78
70301,352,S4,300.0,35.334,20.78
70302,352,S4,303.0,35.123,20.78
70303,352,S4,306.0,34.941,20.78
70304,352,S4,309.0,34.917,20.78
70305,352,S4,312.0,34.661,20.78
70306,352,S4,315.0,34.457,20.78
70307,352,S4,318.0,34.286,20.78
70308,352,S4,321.0,34.070,20.78
70309,352,S4,324.0,33.981,20.78
70310,352,S4,327.0,33.810,20.78
70311,352,S4,330.0,33.681,20.78
70312,352,S4,333.0,33.459,20.78
70313,352,S4,336.0,33.315,20.78
70314,352,S4,339.0,33.218,20.78
70315,352,S4,342.0,32.969,20.78
70316,352,S4,345.0,32.876,20.78
70317,352,S4,348.0,32.681,20.78
70318,352,S4,351.0,32.509,20.78
70319,352,S4,354.0,32.411,20.78
70320,352,S4,357.0,32.265,20.78
70321,352,S4,360.0,32.130,20.78
70322,352,S4,363.0,32.031,20.78
70323,352,S4,366.0,31.888,20.78
70324,352,S4,369.0,31.808,20.78
70325,352,S4,372.0,31.598,20.78
70326,352,S4,375.0,31.457,20.78
70327,352,S4,378.0,31.264,20.78
70328,352,S4,381.0,31.190,20.78
70329,352,S4,384.0,31.009,20.78
70330,352,S4,387.0,30.842,20.78
70331,352,S4,390.0,30.757,20.78
70332,352,S4,393.0,30.668,20.78
70333,352,S4,396.0,30.428,20.78
70334,352,S4,399.0,30.353,20.78
70335,352,S4,402.0,30.392,20.78
70336,352,S4,405.0,30.145,20.78
70337,352,S4,408.0,30.065,20.78
70338,352,S4,411.0,29.925,20.78
70339,352,S4,414.0,29.816,20.78
70340,352,S4,417.0,29.716,20.78
70341,352,S4,420.0,29.633,20.78
70342,352,S4,423.0,29.443,20.78
70343,352,S4,426.0,29.360,20.78
70344,352,S4,429.0,29.158,20.78
70345,352,S4,432.0,29.208,20.78
70346,352,S4,435.0,29.099,20.78
70347,352,S4,438.0,29.000,20.78
70348,352,S4,441.0,28.877,20.78
70349,352,S4,444.0,28.767,20.78
70350,352,S4,447.0,28.690,20.78
70351,352,S4,450.0,28.543,20.78
70352,352,S4,453.0,28.409,20.78
70353,352,S4,456.0,28.407,20.78
70354,352,S4,459.0,28.240,20.78
70355,352,S4,462.0,28.268,20.78
70356,352,S4,465.0,28.131,20.78
70357,352,S4,468.0,27.894,20.78
70358,352,S4,471.0,27.877,20.78
70359,352,S4,474.0,27.806,20.78
70360,352,S4,477.0,27.676,20.78
70361,352,S4,480.0,27.607,20.78
70362,352,S4,483.0,27.528,20.78
70363,352,S4,486.0,27.476,20.78
70364,352,S4,489.0,27.407,20.78
70365,352,S4,492.0,27.264,20.78
70366,352,S4,495.0,27.211,20.78
70367,352,S4,498.0,27.169,20.78
70368,352,S4,501.0,27.074,20.78
70369,352,S4,504.0,26.940,20.78
70370,352,S4,507.0,26.976,20.78
70371,352,S4,510.0,26.826,20.78
70372,352,S4,513.0,26.807,20.78
70373,352,S4,516.0,26.699,20.78
70374,352,S4,519.0,26.586,20.78
70375,352,S4,522.0,26.485,20.78
70376,352,S4,525.0,26.456,20.78
70377,352,S4,528.0,26.510,20.78
70378,352,S4,531.0,26.403,20.78
70379,352,S4,534.0,26.257,20.78
70380,352,S4,537.0,26.222,20.78
70381,352,S4,540.0,26.065,20.78
70382,352,S4,543.0,26.032,20.78
70383,352,S4,546.0,25.994,20.78
70384,352,S4,549.0,25.829,20.78
70385,352,S4,552.0,25.710,20.78
70386,352,S4,555.0,25.791,20.78
70387,352,S4,558.0,25.813,20.78
70388,352,S4,561.0,25.609,20.78
70389,352,S4,564.0,25.558,20.78
70390,352,S4,567.0,25.553,20.78
70391,352,S4,570.0,25.505,20.78
70392,352,S4,573.0,25.432,20.78
70393,352,S4,576.0,25.370,20.78
70394,352,S4,579.0,25.242,20.78
70395,352,S4,582.0,25.213,20.78
70396,352,S4,585.0,25.164,20.78
70397,352,S4,588.0,25.176,20.78
70398,352,S4,591.0,25.050,20.78
70399,352,S4,594.0,25.038,20.78
70400,352,S4,597.0,24.953,20.78
70401,353,S1,0.0,77.028,21.87
70402,353,S1,3.0,75.883,21.87
70403,353,S1,6.0,75.131,21.87
70404,353,S1,9.0,74.221,21.87
70405,353,S1,12.0,73.277,21.87
70406,353,S1,15.0,72.387,21.87
70407,353,S1,18.0,71.574,21.87
70408,353,S1,21.0,70.685,21.87
70409,353,S1,24.0,69.890,21.87
70410,353,S1,27.0,69.119,21.87
70411,353,S1,30.0,68.381,21.87
70412,353,S1,33.0,67.466,21.87
70413,353,S1,36.0,66.762,21.87
70414,353,S1,39.0,66.093,21.87
70415,353,S1,42.0,65.257,21.87
70416,353,S1,45.0,64.594,21.87
70417,353,S1,48.0,63.882,21.87
70418,353,S1,51.0,63.080,21.87
70419,353,S1,54.0,62.433,21.87
70420,353,S1,57.0,61.717,21.87
70421,353,S1,60.0,61.030,21.87
70422,353,S1,63.0,60.419,21.87
70423,353,S1,66.0,59.673,21.87
70424,353,S1,69.0,59.115,21.87
70425,353,S1,72.0,58.449,21.87
70426,353,S1,75.0,57.843,21.87
70427,353,S1,78.0,57.226,21.87
70428,353,S1,81.0,56.569,21.87
70429,353,S1,84.0,56.057,21.87
70430,353,S1,87.0,55.391,21.87
70431,353,S1,90.0,54.892,21.87
70432,353,S1,93.0,54.281,21.87
70433,353,S1,96.0,53.767,21.87
70434,353,S1,99.0,53.287,21.87
70435,353,S1,102.0,52.692,21.87
70436,353,S1,105.0,52.274,21.87
70437,353,S1,108.0,51.666,21.87
70438,353,S1,111.0,51.233,21.87
70439,353,S1,114.0,50.646,21.87
70440,353,S1,117.0,50.156,21.87
70441,353,S1,120.0,49.716,21.87
70442,353,S1,123.0,49.254,21.87
70443,353,S1,126.0,48.721,21.87
70444,353,S1,129.0,48.347,21.87
70445,353,S1,132.0,47.915,21.87
70446,353,S1,135.0,47.518,21.87
70447,353,S1,138.0,46.990,21.87
70448,353,S1,141.0,46.542,21.87
70449,353,S1,144.0,46.177,21.87
70450,353,S1,147.0,45.692,21.87
70451,353,S1,150.0,45.317,21.87
70452,353,S1,153.0,45.013,21.87
70453,353,S1,156.0,44.530,21.87
70454,353,S1,159.0,44.226,21.87
70455,353,S1,162.0,43.799,21.87
70456,353,S1,165.0,43.474,21.87
70457,353,S1,168.0,43.068,21.87
70458,353,S1,171.0,42.707,21.87
70459,353,S1,174.0,42.430,21.87
70460,353,S1,177.0,41.941,21.87
70461,353,S1,180.0,41.641,21.87
70462,353,S1,183.0,41.331,21.87
70463,353,S1,186.0,41.053,21.87
70464,353,S1,189.0,40.668,21.87
70465,353,S1,192.0,40.386,21.87
70466,353,S1,195.0,40.049,21.87
70467,353,S1,198.0,39.753,21.87
70468,353,S1,201.0,39.453,21.87
70469,353,S1,204.0,39.151,21.87
70470,353,S1,207.0,38.799,21.87
70471,353,S1,210.0,38.560,21.87
70472,353,S1,213.0,38.273,21.87
70473,353,S1,216.0,38.012,21.87
70474,353,S1,219.0,37.748,21.87
70475,353,S1,222.0,37.446,21.87
70476,353,S1,225.0,37.191,21.87
70477,353,S1,228.0,36.957,21.87
70478,353,S1,231.0,36.698,21.87
70479,353,S1,234.0,36.434,21.87
70480,353,S1,237.0,36.208,21.87
70481,353,S1,240.0,35.986,21.87
70482,353,S1,243.0,35.735,21.87
70483,353,S1,246.0,35.473,21.87
70484,353,S1,249.0,35.319,21.87
70485,353,S1,252.0,34.977,21.87
70486,353,S1,255.0,34.859,21.87
70487,353,S1,258.0,34.575,21.87
70488,353,S1,261.0,34.339,21.87
70489,353,S1,264.0,34.138,21.87
70490,353,S1,267.0,34.094,21.87
70491,353,S1,270.0,33.795,21.87
70492,353,S1,273.0,33.573,21.87
70493,353,S1,276.0,33.387,21.87
70494,353,S1,279.0,33.158,21.87
70495,353,S1,282.0,32.958,21.87
70496,353,S1,285.0,32.726,21.87
70497,353,S1,288.0,32.577,21.87
70498,353,S1,291.0,32.476,21.87
70499,353,S1,294.0,32.311,21.87
70500,353,S1,297.0,32.071,21.87
70501,353,S1,300.0,31.774,21.87
70502,353,S1,303.0,31.729,21.87
70503,353,S1,306.0,31.499,21.87
70504,353,S1,309.0,31.416,21.87
70505,353,S1,312.0,31.281,21.87
70506,353,S1,315.0,31.007,21.87
70507,353,S1,318.0,30.968,21.87
70508,353,S1,321.0,30.743,21.87
70509,353,S1,324.0,30.577,21.87
70510,353,S1,327.0,30.467,21.87
70511,353,S1,330.0,30.368,21.87
70512,353,S1,333.0,30.185,21.87
70513,353,S1,336.0,30.040,21.87
70514,353,S1,339.0,29.870,21.87
70515,353,S1,342.0,29.753,21.87
70516,353,S1,345.0,29.600,21.87
70517,353,S1,348.0,29.536,21.87
70518,353,S1,351.0,29.446,21.87
70519,353,S1,354.0,29.195,21.87
70520,353,S1,357.0,29.010,21.87
70521,353,S1,360.0,29.002,21.87
70522,353,S1,363.0,28.931,21.87
70523,353,S1,366.0,28.777,21.87
70524,353,S1,369.0,28.689,21.87
70525,353,S1,372.0,28.515,21.87
70526,353,S1,375.0,28.433,21.87
70527,353,S1,378.0,28.261,21.87
70528,353,S1,381.0,28.216,21.87
70529,353,S1,384.0,28.141,21.87
70530,353,S1,387.0,27.982,21.87
70531,353,S1,390.0,27.958,21.87
70532,353,S1,393.0,27.720,21.87
70533,353,S1,396.0,27.606,21.87
70534,353,S1,399.0,27.607,21.87
70535,353,S1,402.0,27.450,21.87
70536,353,S1,405.0,27.274,21.87
70537,353,S1,408.0,27.424,21.87
70538,353,S1,411.0,27.181,21.87
70539,353,S1,414.0,27.122,21.87
70540,353,S1,417.0,27.071,21.87
70541,353,S1,420.0,27.003,21.87
70542,353,S1,423.0,26.866,21.87
70543,353,S1,426.0,26.662,21.87
70544,353,S1,429.0,26.651,21.87
70545,353,S1,432.0,26.594,21.87
70546,353,S1,435.0,26.544,21.87
70547,353,S1,438.0,26.395,21.87
70548,353,S1,441.0,26.340,21.87
70549,353,S1,444.0,26.391,21.87
70550,353,S1,447.0,26.218,21.87
70551,353,S1,450.0,26.137,21.87
70552,353,S1,453.0,26.082,21.87
70553,353,S1,456.0,25.991,21.87
70554,353,S1,459.0,25.944,21.87
70555,353,S1,462.0,25.936,21.87
70556,353,S1,465.0,25.736,21.87
70557,353,S1,468.0,25.677,21.87
70558,353,S1,471.0,25.613,21.87
70559,353,S1,474.0,25.602,21.87
70560,353,S1,477.0,25.596,21.87
70561,353,S1,480.0,25.515,21.87
70562,353,S1,483.0,25.463,21.87
70563,353,S1,486.0,25.363,21.87
70564,353,S1,489.0,25.378,21.87
70565,353,S1,492.0,25.279,21.87
70566,353,S1,495.0,25.334,21.87
70567,353,S1,498.0,25.104,21.87
70568,353,S1,501.0,25.041,21.87
70569,353,S1,504.0,24.974,21.87
70570,353,S1,507.0,24.954,21.87
70571,353,S1,510.0,24.858,21.87
70572,353,S1,513.0,24.900,21.87
70573,353,S1,516.0,24.852,21.87
70574,353,S1,519.0,24.715,21.87
70575,353,S1,522.0,24.678,21.87
70576,353,S1,525.0,24.537,21.87
70577,353,S1,528.0,24.668,21.87
70578,353,S1,531.0,24.559,21.87
70579,353,S1,534.0,24.561,21.87
70580,353,S1,537.0,24.358,21.87
70581,353,S1,540.0,24.429,21.87
70582,353,S1,543.0,24.402,21.87
70583,353,S1,546.0,24.456,21.87
70584,353,S1,549.0,24.308,21.87
70585,353,S1,552.0,24.283,21.87
70586,353,S1,555.0,24.165,21.87
70587,353,S1,558.0,24.122,21.87
70588,353,S1,561.0,24.074,21.87
70589,353,S1,564.0,24.020,21.87
70590,353,S1,567.0,24.060,21.87
70591,353,S1,570.0,24.001,21.87
70592,353,S1,573.0,23.949,21.87
70593,353,S1,576.0,23.949,21.87
70594,353,S1,579.0,23.774,21.87
70595,353,S1,582.0,23.874,21.87
70596,353,S1,585.0,23.880,21.87
70597,353,S1,588.0,23.859,21.87
70598,353,S1,591.0,23.828,21.87
70599,353,S1,594.0,23.763,21.87
70600,353,S1,597.0,23.822,21.87
70601,354,S2,0.0,75.998,22.69
70602,354,S2,3.0,74.678,22.69
70603,354,S2,6.0,73.463,22.69
70604,354,S2,9.0,72.247,22.69
70605,354,S2,12.0,71.055,22.69
70606,354,S2,15.0,69.941,22.69
70607,354,S2,18.0,68.777,22.69
70608,354,S2,21.0,67.598,22.69
70609,354,S2,24.0,66.580,22.69
70610,354,S2,27.0,65.564,22.69
70611,354,S2,30.0,64.425,22.69
70612,354,S2,33.0,63.525,22.69
70613,354,S2,36.0,62.463,22.69
70614,354,S2,39.0,61.539,22.69
70615,354,S2,42.0,60.599,22.69
70616,354,S2,45.0,59.646,22.69
70617,354,S2,48.0,58.846,22.69
70618,354,S2,51.0,57.915,22.69
70619,354,S2,54.0,57.052,22.69
70620,354,S2,57.0,56.302,22.69
70621,354,S2,60.0,55.430,22.69
70622,354,S2,63.0,54.635,22.69
70623,354,S2,66.0,53.916,22.69
70624,354,S2,69.0,53.092,22.69
70625,354,S2,72.0,52.377,22.69
70626,354,S2,75.0,51.750,22.69
70627,354,S2,78.0,50.984,22.69
70628,354,S2,81.0,50.393,22.69
70629,354,S2,84.0,49.581,22.69
70630,354,S2,87.0,48.939,22.69
70631,354,S2,90.0,48.389,22.69
70632,354,S2,93.0,47.661,22.69
70633,354,S2,96.0,47.121,22.69
70634,354,S2,99.0,46.594,22.69
70635,354,S2,102.0,45.901,22.69
70636,354,S2,105.0,45.389,22.69
70637,354,S2,108.0,44.912,22.69
70638,354,S2,111.0,44.374,22.69
70639,354,S2,114.0,43.774,22.69
70640,354,S2,117.0,43.349,22.69
70641,354,S2,120.0,42.910,22.69
70642,354,S2,123.0,42.377,22.69
70643,354,S2,126.0,41.886,22.69
70644,354,S2,129.0,41.376,22.69
70645,354,S2,132.0,40.889,22.69
70646,354,S2,135.0,40.554,22.69
70647,354,S2,138.0,40.100,22.69
70648,354,S2,141.0,39.722,22.69
70649,354,S2,144.0,39.219,22.69
70650,354,S2,147.0,38.906,22.69
70651,354,S2,150.0,38.485,22.69
70652,354,S2,153.0,38.088,22.69
70653,354,S2,156.0,37.714,22.69
70654,354,S2,159.0,37.371,22.69
70655,354,S2,162.0,37.046,22.69
70656,354,S2,165.0,36.689,22.69
70657,354,S2,168.0,36.357,22.69
70658,354,S2,171.0,36.055,22.69
70659,354,S2,174.0,35.623,22.69
70660,354,S2,177.0,35.370,22.69
70661,354,S2,180.0,35.099,22.69
70662,354,S2,183.0,34.852,22.69
70663,354,S2,186.0,34.515,22.69
70664,354,S2,189.0,34.223,22.69
70665,354,S2,192.0,33.988,22.69
70666,354,S2,195.0,33.553,22.69
70667,354,S2,198.0,33.356,22.69
70668,354,S2,201.0,33.129,22.69
70669,354,S2,204.0,32.880,22.69
70670,354,S2,207.0,32.580,22.69
70671,354,S2,210.0,32.357,22.69
70672,354,S2,213.0,32.138,22.69
70673,354,S2,216.0,31.971,22.69
70674,354,S2,219.0,31.767,22.69
70675,354,S2,222.0,31.520,22.69
70676,354,S2,225.0,31.309,22.69
70677,354,S2,228.0,31.108,22.69
70678,354,S2,231.0,30.887,22.69
70679,354,S2,234.0,30.714,22.69
70680,354,S2,237.0,30.504,22.69
70681,354,S2,240.0,30.254,22.69
70682,354,S2,243.0,30.094,22.69
70683,354,S2,246.0,29.990,22.69
70684,354,S2,249.0,29.713,22.69
70685,354,S2,252.0,29.576,22.69
70686,354,S2,255.0,29.436,22.69
70687,354,S2,258.0,29.336,22.69
70688,354,S2,261.0,29.092,22.69
70689,354,S2,264.0,28.877,22.69
70690,354,S2,267.0,28.816,22.69
70691,354,S2,270.0,28.718,22.69
70692,354,S2,273.0,28.541,22.69
70693,354,S2,276.0,28.343,22.69
70694,354,S2,279.0,28.260,22.69
70695,354,S2,282.0,28.108,22.69
70696,354,S2,285.0,28.016,22.69
70697,354,S2,288.0,27.838,22.69
70698,354,S2,291.0,27.710,22.69
70699,354,S2,294.0,27.634,22.69
70700,354,S2,297.0,27.458,22.69
70701,354,S2,300.0,27.351,22.69
70702,354,S2,303.0,27.313,22.69
70703,354,S2,306.0,27.074,22.69
70704,354,S2,309.0,27.058,22.69
70705,354,S2,312.0,26.943,22.69
70706,354,S2,315.0,26.879,22.69
70707,354,S2,318.0,26.619,22.69
70708,354,S2,321.0,26.616,22.69
70709,354,S2,324.0,26.621,22.69
70710,354,S2,327.0,26.406,22.69
70711,354,S2,330.0,26.263,22.69
70712,354,S2,333.0,26.300,22.69
70713,354,S2,336.0,26.185,22.69
70714,354,S2,339.0,26.104,22.69
70715,354,S2,342.0,26.006,22.69
70716,354,S2,345.0,25.876,22.69
70717,354,S2,348.0,25.943,22.69
70718,354,S2,351.0,25.788,22.69
70719,354,S2,354.0,25.720,22.69
70720,354,S2,357.0,25.710,22.69
70721,354,S2,360.0,25.617,22.69
70722,354,S2,363.0,25.477,22.69
70723,354,S2,366.0,25.373,22.69
70724,354,S2,369.0,25.330,22.69
70725,354,S2,372.0,25.307,22.69
70726,354,S2,375.0,25.264,22.69
70727,354,S2,378.0,25.101,22.69
70728,354,S2,381.0,25.087,22.69
70729,354,S2,384.0,25.031,22.69
70730,354,S2,387.0,24.979,22.69
70731,354,S2,390.0,24.886,22.69
70732,354,S2,393.0,24.912,22.69
70733,354,S2,396.0,24.817,22.69
70734,354,S2,399.0,24.785,22.69
70735,354,S2,402.0,24.797,22.69
70736,354,S2,405.0,24.650,22.69
70737,354,S2,408.0,24.616,22.69
70738,354,S2,411.0,24.666,22.69
70739,354,S2,414.0,24.552,22.69
70740,354,S2,417.0,24.454,22.69
70741,354,S2,420.0,24.450,22.69
70742,354,S2,423.0,24.371,22.69
70743,354,S2,426.0,24.383,22.69
70744,354,S2,429.0,24.390,22.69
70745,354,S2,432.0,24.404,22.69
70746,354,S2,435.0,24.372,22.69
70747,354,S2,438.0,24.183,22.69
70748,354,S2,441.0,24.168,22.69
70749,354,S2,444.0,24.240,22.69
70750,354,S2,447.0,24.110,22.69
70751,354,S2,450.0,24.081,22.69
70752,354,S2,453.0,24.086,22.69
70753,354,S2,456.0,23.959,22.69
70754,354,S2,459.0,23.927,22.69
70755,354,S2,462.0,23.950,22.69
70756,354,S2,465.0,23.846,22.69
70757,354,S2,468.0,23.807,22.69
70758,354,S2,471.0,23.901,22.69
70759,354,S2,474.0,23.838,22.69
70760,354,S2,477.0,23.847,22.69
70761,354,S2,480.0,23.739,22.69
70762,354,S2,483.0,23.742,22.69
70763,354,S2,486.0,23.833,22.69
70764,354,S2,489.0,23.653,22.69
70765,354,S2,492.0,23.560,22.69
70766,354,S2,495.0,23.644,22.69
70767,354,S2,498.0,23.498,22.69
70768,354,S2,501.0,23.535,22.69
70769,354,S2,504.0,23.520,22.69
70770,354,S2,507.0,23.519,22.69
70771,354,S2,510.0,23.489,22.69
70772,354,S2,513.0,23.525,22.69
70773,354,S2,516.0,23.442,22.69
70774,354,S2,519.0,23.370,22.69
70775,354,S2,522.0,23.481,22.69
70776,354,S2,525.0,23.476,22.69
70777,354,S2,528.0,23.424,22.69
70778,354,S2,531.0,23.411,22.69
70779,354,S2,534.0,23.354,22.69
70780,354,S2,537.0,23.334,22.69
70781,354,S2,540.0,23.434,22.69
70782,354,S2,543.0,23.366,22.69
70783,354,S2,546.0,23.319,22.69
70784,354,S2,549.0,23.259,22.69
70785,354,S2,552.0,23.331,22.69
70786,354,S2,555.0,23.298,22.69
70787,354,S2,558.0,23.198,22.69
70788,354,S2,561.0,23.308,22.69
70789,354,S2,564.0,23.169,22.69
70790,354,S2,567.0,23.086,22.69
70791,354,S2,570.0,23.268,22.69
70792,354,S2,573.0,23.252,22.69
70793,354,S2,576.0,23.196,22.69
70794,354,S2,579.0,23.188,22.69
70795,354,S2,582.0,23.170,22.69
70796,354,S2,585.0,23.100,22.69
70797,354,S2,588.0,23.165,22.69
70798,354,S2,591.0,23.174,22.69
70799,354,S2,594.0,23.121,22.69
70800,354,S2,597.0,23.167,22.69
70801,355,S3,0.0,78.748,20.08
70802,355,S3,3.0,77.754,20.08
70803,355,S3,6.0,76.665,20.08
70804,355,S3,9.0,75.610,20.08
70805,355,S3,12.0,74.723,20.08
70806,355,S3,15.0,73.806,20.08
70807,355,S3,18.0,72.788,20.08
70808,355,S3,21.0,71.963,20.08
70809,355,S3,24.0,71.041,20.08
70810,355,S3,27.0,70.146,20.08
70811,355,S3,30.0,69.221,20.08
70812,355,S3,33.0,68.374,20.08
70813,355,S3,36.0,67.549,20.08
70814,355,S3,39.0,66.684,20.08
70815,355,S3,42.0,65.961,20.08
70816,355,S3,45.0,64.947,20.08
70817,355,S3,48.0,64.376,20.08
70818,355,S3,51.0,63.481,20.08
70819,355,S3,54.0,62.680,20.08
70820,355,S3,57.0,62.009,20.08
70821,355,S3,60.0,61.247,20.08
70822,355,S3,63.0,60.549,20.08
70823,355,S3,66.0,59.811,20.08
70824,355,S3,69.0,59.105,20.08
70825,355,S3,72.0,58.433,20.08
70826,355,S3,75.0,57.812,20.08
70827,355,S3,78.0,57.157,20.08
70828,355,S3,81.0,56.452,20.08
70829,355,S3,84.0,55.788,20.08
70830,355,S3,87.0,55.167,20.08
70831,355,S3,90.0,54.717,20.08
70832,355,S3,93.0,53.887,20.08
70833,355,S3,96.0,53.391,20.08
70834,355,S3,99.0,52.848,20.08
70835,355,S3,102.0,52.338,20.08
70836,355,S3,105.0,51.619,20.08
70837,355,S3,108.0,51.117,20.08
70838,355,S3,111.0,50.590,20.08
70839,355,S3,114.0,50.023,20.08
70840,355,S3,117.0,49.519,20.08
70841,355,S3,120.0,49.044,20.08
70842,355,S3,123.0,48.535,20.08
70843,355,S3,126.0,47.989,20.08
70844,355,S3,129.0,47.492,20.08
70845,355,S3,132.0,46.966,20.08
70846,355,S3,135.0,46.523,20.08
70847,355,S3,138.0,45.996,20.08
70848,355,S3,141.0,45.573,20.08
70849,355,S3,144.0,45.194,20.08
70850,355,S3,147.0,44.652,20.08
70851,355,S3,150.0,44.300,20.08
70852,355,S3,153.0,43.911,20.08
70853,355,S3,156.0,43.446,20.08
70854,355,S3,159.0,43.091,20.08
70855,355,S3,162.0,42.626,20.08
70856,355,S3,165.0,42.244,20.08
70857,355,S3,168.0,41.824,20.08
70858,355,S3,171.0,41.443,20.08
70859,355,S3,174.0,41.109,20.08
70860,355,S3,177.0,40.688,20.08
70861,355,S3,180.0,40.294,20.08
70862,355,S3,183.0,40.051,20.08
70863,355,S3,186.0,39.668,20.08
70864,355,S3,189.0,39.406,20.08
70865,355,S3,192.0,39.026,20.08
70866,355,S3,195.0,38.645,20.08
70867,355,S3,198.0,38.370,20.08
70868,355,S3,201.0,37.934,20.08
70869,355,S3,204.0,37.665,20.08
70870,355,S3,207.0,37.390,20.08
70871,355,S3,210.0,37.071,20.08
70872,355,S3,213.0,36.776,20.08
70873,355,S3,216.0,36.543,20.08
70874,355,S3,219.0,36.166,20.08
70875,355,S3,222.0,35.929,20.08
70876,355,S3,225.0,35.605,20.08
70877,355,S3,228.0,35.373,20.08
70878,355,S3,231.0,35.102,20.08
70879,355,S3,234.0,34.923,20.08
70880,355,S3,237.0,34.602,20.08
70881,355,S3,240.0,34.252,20.08
70882,355,S3,243.0,34.110,20.08
70883,355,S3,246.0,33.828,20.08
70884,355,S3,249.0,33.590,20.08
70885,355,S3,252.0,33.396,20.08
70886,355,S3,255.0,33.161,20.08
70887,355,S3,258.0,32.907,20.08
70888,355,S3,261.0,32.658,20.08
70889,355,S3,264.0,32.403,20.08
70890,355,S3,267.0,32.284,20.08
70891,355,S3,270.0,31.999,20.08
70892,355,S3,273.0,31.718,20.08
70893,355,S3,276.0,31.570,20.08
70894,355,S3,279.0,31.309,20.08
70895,355,S3,282.0,31.277,20.08
70896,355,S3,285.0,31.006,20.08
70897,355,S3,288.0,30.770,20.08
70898,355,S3,291.0,30.554,20.08
70899,355,S3,294.0,30.410,20.08
70900,355,S3,297.0,30.202,20.08
70901,355,S3,300.0,30.192,20.08
70902,355,S3,303.0,29.828,20.08
70903,355,S3,306.0,29.683,20.08
70904,355,S3,309.0,29.579,20.08
70905,355,S3,312.0,29.395,20.08
70906,355,S3,315.0,29.245,20.08
70907,355,S3,318.0,29.086,20.08
70908,355,S3,321.0,28.980,20.08
70909,355,S3,324.0,28.729,20.08
70910,355,S3,327.0,28.614,20.08
70911,355,S3,330.0,28.495,20.08
70912,355,S3,333.0,28.365,20.08
70913,355,S3,336.0,28.078,20.08
70914,355,S3,339.0,27.971,20.08
70915,355,S3,342.0,27.796,20.08
70916,355,S3,345.0,27.768,20.08
70917,355,S3,348.0,27.627,20.08
70918,355,S3,351.0,27.435,20.08
70919,355,S3,354.0,27.310,20.08
70920,355,S3,357.0,27.210,20.08
70921,355,S3,360.0,27.049,20.08
70922,355,S3,363.0,26.925,20.08
70923,355,S3,366.0,26.808,20.08
70924,355,S3,369.0,26.741,20.08
70925,355,S3,372.0,26.544,20.08
70926,355,S3,375.0,26.462,20.08
70927,355,S3,378.0,26.398,20.08
70928,355,S3,381.0,26.253,20.08
70929,355,S3,384.0,26.146,20.08
70930,355,S3,387.0,26.129,20.08
70931,355,S3,390.0,25.919,20.08
70932,355,S3,393.0,25.931,20.08
70933,355,S3,396.0,25.735,20.08
70934,355,S3,399.0,25.695,20.08
70935,355,S3,402.0,25.544,20.08
70936,355,S3,405.0,25.482,20.08
70937,355,S3,408.0,25.359,20.08
70938,355,S3,411.0,25.285,20.08
70939,355,S3,414.0,25.159,20.08
70940,355,S3,417.0,25.018,20.08
70941,355,S3,420.0,24.988,20.08
70942,355,S3,423.0,24.876,20.08
70943,355,S3,426.0,24.864,20.08
70944,355,S3,429.0,24.749,20.08
70945,355,S3,432.0,24.639,20.08
70946,355,S3,435.0,24.481,20.08
70947,355,S3,438.0,24.439,20.08
70948,355,S3,441.0,24.441,20.08
70949,355,S3,444.0,24.396,20.08
70950,355,S3,447.0,24.344,20.08
70951,355,S3,450.0,24.257,20.08
70952,355,S3,453.0,24.064,20.08
70953,355,S3,456.0,24.108,20.08
70954,355,S3,459.0,24.025,20.08
70955,355,S3,462.0,23.996,20.08
70956,355,S3,465.0,23.926,20.08
70957,355,S3,468.0,23.703,20.08
70958,355,S3,471.0,23.735,20.08
70959,355,S3,474.0,23.668,20.08
70960,355,S3,477.0,23.628,20.08
70961,355,S3,480.0,23.549,20.08
70962,355,S3,483.0,23.468,20.08
70963,355,S3,486.0,23.438,20.08
70964,355,S3,489.0,23.401,20.08
70965,355,S3,492.0,23.369,20.08
70966,355,S3,495.0,23.184,20.08
70967,355,S3,498.0,23.239,20.08
70968,355,S3,501.0,23.202,20.08
70969,355,S3,504.0,23.138,20.08
70970,355,S3,507.0,23.024,20.08
70971,355,S3,510.0,22.926,20.08
70972,355,S3,513.0,22.938,20.08
70973,355,S3,516.0,22.900,20.08
70974,355,S3,519.0,22.830,20.08
70975,355,S3,522.0,22.829,20.08
70976,355,S3,525.0,22.724,20.08
70977,355,S3,528.0,22.631,20.08
70978,355,S3,531.0,22.723,20.08
70979,355,S3,534.0,22.562,20.08
70980,355,S3,537.0,22.514,20.08
70981,355,S3,540.0,22.500,20.08
70982,355,S3,543.0,22.469,20.08
70983,355,S3,546.0,22.456,20.08
70984,355,S3,549.0,22.308,20.08
70985,355,S3,552.0,22.449,20.08
70986,355,S3,555.0,22.211,20.08
70987,355,S3,558.0,22.235,20.08
70988,355,S3,561.0,22.227,20.08
70989,355,S3,564.0,22.204,20.08
70990,355,S3,567.0,22.177,20.08
70991,355,S3,570.0,22.160,20.08
70992,355,S3,573.0,22.042,20.08
70993,355,S3,576.0,22.005,20.08
70994,355,S3,579.0,22.098,20.08
70995,355,S3,582.0,21.965,20.08
70996,355,S3,585.0,21.971,20.08
70997,355,S3,588.0,21.905,20.08
70998,355,S3,591.0,21.838,20.08
70999,355,S3,594.0,21.848,20.08
71000,355,S3,597.0,21.793,20.08
71001,356,S4,0.0,88.670,21.33
71002,356,S4,3.0,87.120,21.33
71003,356,S4,6.0,85.688,21.33
71004,356,S4,9.0,84.178,21.33
71005,356,S4,12.0,82.848,21.33
71006,356,S4,15.0,81.496,21.33
71007,356,S4,18.0,80.150,21.33
71008,356,S4,21.0,78.767,21.33
71009,356,S4,24.0,77.551,21.33
71010,356,S4,27.0,76.343,21.33
71011,356,S4,30.0,75.090,21.33
71012,356,S4,33.0,73.877,21.33
71013,356,S4,36.0,72.730,21.33
71014,356,S4,39.0,71.498,21.33
71015,356,S4,42.0,70.394,21.33
71016,356,S4,45.0,69.366,21.33
71017,356,S4,48.0,68.303,21.33
71018,356,S4,51.0,67.170,21.33
71019,356,S4,54.0,66.183,21.33
71020,356,S4,57.0,65.284,21.33
71021,356,S4,60.0,64.171,21.33
71022,356,S4,63.0,63.283,21.33
71023,356,S4,66.0,62.372,21.33
71024,356,S4,69.0,61.453,21.33
71025,356,S4,72.0,60.510,21.33
71026,356,S4,75.0,59.706,21.33
71027,356,S4,78.0,58.837,21.33
71028,356,S4,81.0,57.916,21.33
71029,356,S4,84.0,57.193,21.33
71030,356,S4,87.0,56.378,21.33
71031,356,S4,90.0,55.544,21.33
71032,356,S4,93.0,54.701,21.33
71033,356,S4,96.0,54.048,21.33
71034,356,S4,99.0,53.279,21.33
71035,356,S4,102.0,52.627,21.33
71036,356,S4,105.0,51.946,21.33
71037,356,S4,108.0,51.213,21.33
71038,356,S4,111.0,50.500,21.33
71039,356,S4,114.0,50.012,21.33
71040,356,S4,117.0,49.212,21.33
71041,356,S4,120.0,48.648,21.33
71042,356,S4,123.0,48.057,21.33
71043,356,S4,126.0,47.490,21.33
71044,356,S4,129.0,46.908,21.33
71045,356,S4,132.0,46.344,21.33
71046,356,S4,135.0,45.681,21.33
71047,356,S4,138.0,45.183,21.33
71048,356,S4,141.0,44.658,21.33
71049,356,S4,144.0,44.184,21.33
71050,356,S4,147.0,43.626,21.33
71051,356,S4,150.0,43.168,21.33
71052,356,S4,153.0,42.588,21.33
71053,356,S4,156.0,42.236,21.33
71054,356,S4,159.0,41.644,21.33
71055,356,S4,162.0,41.227,21.33
71056,356,S4,165.0,40.802,21.33
71057,356,S4,168.0,40.447,21.33
71058,356,S4,171.0,39.932,21.33
71059,356,S4,174.0,39.491,21.33
71060,356,S4,177.0,39.173,21.33
71061,356,S4,180.0,38.812,21.33
71062,356,S4,183.0,38.410,21.33
71063,356,S4,186.0,38.033,21.33
71064,356,S4,189.0,37.533,21.33
71065,356,S4,192.0,37.382,21.33
71066,356,S4,195.0,36.871,21.33
71067,356,S4,198.0,36.621,21.33
71068,356,S4,201.0,36.201,21.33
71069,356,S4,204.0,35.837,21.33
71070,356,S4,207.0,35.506,21.33
71071,356,S4,210.0,35.225,21.33
71072,356,S4,213.0,35.056,21.33
71073,356,S4,216.0,34.601,21.33
71074,356,S4,219.0,34.310,21.33
71075,356,S4,222.0,34.030,21.33
71076,356,S4,225.0,33.806,21.33
71077,356,S4,228.0,33.492,21.33
71078,356,S4,231.0,33.187,21.33
71079,356,S4,234.0,32.957,21.33
71080,356,S4,237.0,32.709,21.33
71081,356,S4,240.0,32.395,21.33
71082,356,S4,243.0,32.170,21.33
71083,356,S4,246.0,31.975,21.33
71084,356,S4,249.0,31.768,21.33
71085,356,S4,252.0,31.571,21.33
71086,356,S4,255.0,31.218,21.33
71087,356,S4,258.0,30.950,21.33
71088,356,S4,261.0,30.832,21.33
71089,356,S4,264.0,30.587,21.33
71090,356,S4,267.0,30.409,21.33
71091,356,S4,270.0,30.179,21.33
71092,356,S4,273.0,29.920,21.33
71093,356,S4,276.0,29.773,21.33
71094,356,S4,279.0,29.691,21.33
71095,356,S4,282.0,29.337,21.33
71096,356,S4,285.0,29.276,21.33
71097,356,S4,288.0,29.081,21.33
71098,356,S4,291.0,29.003,21.33
71099,356,S4,294.0,28.718,21.33
71100,356,S4,297.0,28.574,21.33
71101,356,S4,300.0,28.428,21.33
71102,356,S4,303.0,28.216,21.33
71103,356,S4,306.0,28.063,21.33
71104,356,S4,309.0,27.942,21.33
71105,356,S4,312.0,27.857,21.33
71106,356,S4,315.0,27.724,21.33
71107,356,S4,318.0,27.398,21.33
71108,356,S4,321.0,27.339,21.33
71109,356,S4,324.0,27.273,21.33
71110,356,S4,327.0,27.175,21.33
71111,356,S4,330.0,26.979,21.33
71112,356,S4,333.0,26.842,21.33
71113,356,S4,336.0,26.746,21.33
71114,356,S4,339.0,26.590,21.33
71115,356,S4,342.0,26.447,21.33
71116,356,S4,345.0,26.441,21.33
71117,356,S4,348.0,26.350,21.33
71118,356,S4,351.0,26.187,21.33
71119,356,S4,354.0,26.029,21.33
71120,356,S4,357.0,25.874,21.33
71121,356,S4,360.0,25.924,21.33
71122,356,S4,363.0,25.725,21.33
71123,356,S4,366.0,25.603,21.33
71124,356,S4,369.0,25.598,21.33
71125,356,S4,372.0,25.515,21.33
71126,356,S4,375.0,25.359,21.33
71127,356,S4,378.0,25.351,21.33
71128,356,S4,381.0,25.104,21.33
71129,356,S4,384.0,25.102,21.33
71130,356,S4,387.0,24.871,21.33
71131,356,S4,390.0,24.886,21.33
71132,356,S4,393.0,24.829,21.33
71133,356,S4,396.0,24.836,21.33
71134,356,S4,399.0,24.705,21.33
71135,356,S4,402.0,24.755,21.33
71136,356,S4,405.0,24.526,21.33
71137,356,S4,408.0,24.500,21.33
71138,356,S4,411.0,24.420,21.33
71139,356,S4,414.0,24.307,21.33
71140,356,S4,417.0,24.250,21.33
71141,356,S4,420.0,24.162,21.33
71142,356,S4,423.0,24.166,21.33
71143,356,S4,426.0,24.025,21.33
71144,356,S4,429.0,23.999,21.33
71145,356,S4,432.0,23.918,21.33
71146,356,S4,435.0,23.907,21.33
71147,356,S4,438.0,23.801,21.33
71148,356,S4,441.0,23.815,21.33
71149,356,S4,444.0,23.676,21.33
71150,356,S4,447.0,23.752,21.33
71151,356,S4,450.0,23.721,21.33
71152,356,S4,453.0,23.629,21.33
71153,356,S4,456.0,23.565,21.33
71154,356,S4,459.0,23.416,21.33
71155,356,S4,462.0,23.353,21.33
71156,356,S4,465.0,23.344,21.33
71157,356,S4,468.0,23.332,21.33
71158,356,S4,471.0,23.344,21.33
71159,356,S4,474.0,23.365,21.33
71160,356,S4,477.0,23.196,21.33
71161,356,S4,480.0,23.112,21.33
71162,356,S4,483.0,23.097,21.33
71163,356,S4,486.0,23.135,21.33
71164,356,S4,489.0,22.978,21.33
71165,356,S4,492.0,23.035,21.33
71166,356,S4,495.0,22.927,21.33
71167,356,S4,498.0,23.009,21.33
71168,356,S4,501.0,22.883,21.33
71169,356,S4,504.0,22.835,21.33
71170,356,S4,507.0,22.857,21.33
71171,356,S4,510.0,22.767,21.33
71172,356,S4,513.0,22.718,21.33
71173,356,S4,516.0,22.808,21.33
71174,356,S4,519.0,22.663,21.33
71175,356,S4,522.0,22.714,21.33
71176,356,S4,525.0,22.693,21.33
71177,356,S4,528.0,22.588,21.33
71178,356,S4,531.0,22.691,21.33
71179,356,S4,534.0,22.501,21.33
71180,356,S4,537.0,22.477,21.33
71181,356,S4,540.0,22.521,21.33
71182,356,S4,543.0,22.441,21.33
71183,356,S4,546.0,22.473,21.33
71184,356,S4,549.0,22.425,21.33
71185,356,S4,552.0,22.486,21.33
71186,356,S4,555.0,22.337,21.33
71187,356,S4,558.0,22.391,21.33
71188,356,S4,561.0,22.234,21.33
71189,356,S4,564.0,22.246,21.33
71190,356,S4,567.0,22.225,21.33
71191,356,S4,570.0,22.280,21.33
71192,356,S4,573.0,22.202,21.33
71193,356,S4,576.0,22.237,21.33
71194,356,S4,579.0,22.182,21.33
71195,356,S4,582.0,22.234,21.33
71196,356,S4,585.0,22.185,21.33
71197,356,S4,588.0,22.169,21.33
71198,356,S4,591.0,22.080,21.33
71199,356,S4,594.0,22.049,21.33
71200,356,S4,597.0,22.086,21.33
71201,357,S1,0.0,70.488,20.88
71202,357,S1,3.0,69.670,20.88
71203,357,S1,6.0,68.859,20.88
71204,357,S1,9.0,67.947,20.88
71205,357,S1,12.0,67.202,20.88
71206,357,S1,15.0,66.449,20.88
71207,357,S1,18.0,65.573,20.88
71208,357,S1,21.0,64.787,20.88
71209,357,S1,24.0,64.054,20.88
71210,357,S1,27.0,63.266,20.88
71211,357,S1,30.0,62.592,20.88
71212,357,S1,33.0,61.920,20.88
71213,357,S1,36.0,61.206,20.88
71214,357,S1,39.0,60.454,20.88
71215,357,S1,42.0,59.781,20.88
71216,357,S1,45.0,59.093,20.88
71217,357,S1,48.0,58.386,20.88
71218,357,S1,51.0,57.772,20.88
71219,357,S1,54.0,57.207,20.88
71220,357,S1,57.0,56.495,20.88
71221,357,S1,60.0,55.956,20.88
71222,357,S1,63.0,55.460,20.88
71223,357,S1,66.0,54.841,20.88
71224,357,S1,69.0,54.077,20.88
71225,357,S1,72.0,53.640,20.88
71226,357,S1,75.0,52.985,20.88
71227,357,S1,78.0,52.499,20.88
71228,357,S1,81.0,52.032,20.88
71229,357,S1,84.0,51.405,20.88
71230,357,S1,87.0,50.937,20.88
71231,357,S1,90.0,50.400,20.88
71232,357,S1,93.0,49.782,20.88
71233,357,S1,96.0,49.322,20.88
71234,357,S1,99.0,48.766,20.88
71235,357,S1,102.0,48.321,20.88
71236,357,S1,105.0,47.905,20.88
71237,357,S1,108.0,47.482,20.88
71238,357,S1,111.0,46.936,20.88
71239,357,S1,114.0,46.538,20.88
71240,357,S1,117.0,46.154,20.88
71241,357,S1,120.0,45.557,20.88
71242,357,S1,123.0,45.117,20.88
71243,357,S1,126.0,44.857,20.88
71244,357,S1,129.0,44.462,20.88
71245,357,S1,132.0,44.006,20.88
71246,357,S1,135.0,43.547,20.88
71247,357,S1,138.0,43.167,20.88
71248,357,S1,141.0,42.812,20.88
71249,357,S1,144.0,42.505,20.88
71250,357,S1,147.0,42.054,20.88
71251,357,S1,150.0,41.793,20.88
71252,357,S1,153.0,41.336,20.88
71253,357,S1,156.0,41.048,20.88
71254,357,S1,159.0,40.635,20.88
71255,357,S1,162.0,40.283,20.88
71256,357,S1,165.0,39.894,20.88
71257,357,S1,168.0,39.628,20.88
71258,357,S1,171.0,39.377,20.88
71259,357,S1,174.0,39.015,20.88
71260,357,S1,177.0,38.693,20.88
71261,357,S1,180.0,38.411,20.88
71262,357,S1,183.0,38.156,20.88
71263,357,S1,186.0,37.833,20.88
71264,357,S1,189.0,37.520,20.88
71265,357,S1,192.0,37.236,20.88
71266,357,S1,195.0,36.967,20.88
71267,357,S1,198.0,36.643,20.88
71268,357,S1,201.0,36.385,20.88
71269,357,S1,204.0,36.141,20.88
71270,357,S1,207.0,35.847,20.88
71271,357,S1,210.0,35.591,20.88
71272,357,S1,213.0,35.405,20.88
71273,357,S1,216.0,35.082,20.88
71274,357,S1,219.0,34.843,20.88
71275,357,S1,222.0,34.601,20.88
71276,357,S1,225.0,34.341,20.88
71277,357,S1,228.0,33.996,20.88
71278,357,S1,231.0,33.906,20.88
71279,357,S1,234.0,33.703,20.88
71280,357,S1,237.0,33.486,20.88
71281,357,S1,240.0,33.188,20.88
71282,357,S1,243.0,33.074,20.88
71283,357,S1,246.0,32.779,20.88
71284,357,S1,249.0,32.672,20.88
71285,357,S1,252.0,32.334,20.88
71286,357,S1,255.0,32.194,20.88
71287,357,S1,258.0,32.042,20.88
71288,357,S1,261.0,31.886,20.88
71289,357,S1,264.0,31.619,20.88
71290,357,S1,267.0,31.413,20.88
71291,357,S1,270.0,31.280,20.88
71292,357,S1,273.0,31.098,20.88
71293,357,S1,276.0,31.012,20.88
71294,357,S1,279.0,30.747,20.88
71295,357,S1,282.0,30.563,20.88
71296,357,S1,285.0,30.355,20.88
71297,357,S1,288.0,30.331,20.88
71298,357,S1,291.0,30.123,20.88
71299,357,S1,294.0,29.923,20.88
71300,357,S1,297.0,29.800,20.88
71301,357,S1,300.0,29.665,20.88
71302,357,S1,303.0,29.449,20.88
71303,357,S1,306.0,29.329,20.88
71304,357,S1,309.0,29.163,20.88
71305,357,S1,312.0,28.992,20.88
71306,357,S1,315.0,28.998,20.88
71307,357,S1,318.0,28.740,20.88
71308,357,S1,321.0,28.584,20.88
71309,357,S1,324.0,28.371,20.88
71310,357,S1,327.0,28.347,20.88
71311,357,S1,330.0,28.273,20.88
71312,357,S1,333.0,28.101,20.88
71313,357,S1,336.0,27.961,20.88
71314,357,S1,339.0,27.786,20.88
71315,357,S1,342.0,27.720,20.88
71316,357,S1,345.0,27.651,20.88
71317,357,S1,348.0,27.566,20.88
71318,357,S1,351.0,27.419,20.88
71319,357,S1,354.0,27.256,20.88
71320,357,S1,357.0,27.191,20.88
71321,357,S1,360.0,27.065,20.88
71322,357,S1,363.0,26.910,20.88
71323,357,S1,366.0,26.777,20.88
71324,357,S1,369.0,26.730,20.88
71325,357,S1,372.0,26.723,20.88
71326,357,S1,375.0,26.630,20.88
71327,357,S1,378.0,26.462,20.88
71328,357,S1,381.0,26.282,20.88
71329,357,S1,384.0,26.244,20.88
71330,357,S1,387.0,26.130,20.88
71331,357,S1,390.0,26.035,20.88
71332,357,S1,393.0,25.948,20.88
71333,357,S1,396.0,25.902,20.88
71334,357,S1,399.0,25.795,20.88
71335,357,S1,402.0,25.766,20.88
71336,357,S1,405.0,25.566,20.88
71337,357,S1,408.0,25.559,20.88
71338,357,S1,411.0,25.477,20.88
71339,357,S1,414.0,25.380,20.88
71340,357,S1,417.0,25.323,20.88
71341,357,S1,420.0,25.230,20.88
71342,357,S1,423.0,25.091,20.88
71343,357,S1,426.0,25.107,20.88
71344,357,S1,429.0,24.973,20.88
71345,357,S1,432.0,24.858,20.88
71346,357,S1,435.0,24.895,20.88
71347,357,S1,438.0,24.790,20.88
71348,357,S1,441.0,24.778,20.88
71349,357,S1,444.0,24.658,20.88
71350,357,S1,447.0,24.546,20.88
71351,357,S1,450.0,24.507,20.88
71352,357,S1,453.0,24.388,20.88
71353,357,S1,456.0,24.435,20.88
71354,357,S1,459.0,24.361,20.88
71355,357,S1,462.0,24.307,20.88
71356,357,S1,465.0,24.287,20.88
71357,357,S1,468.0,24.211,20.88
71358,357,S1,471.0,24.068,20.88
71359,357,S1,474.0,24.037,20.88
71360,357,S1,477.0,24.022,20.88
71361,357,S1,480.0,23.965,20.88
71362,357,S1,483.0,23.933,20.88
71363,357,S1,486.0,23.850,20.88
71364,357,S1,489.0,23.738,20.88
71365,357,S1,492.0,23.857,20.88
71366,357,S1,495.0,23.710,20.88
71367,357,S1,498.0,23.646,20.88
71368,357,S1,501.0,23.611,20.88
71369,357,S1,504.0,23.593,20.88
71370,357,S1,507.0,23.585,20.88
71371,357,S1,510.0,23.384,20.88
71372,357,S1,513.0,23.475,20.88
71373,357,S1,516.0,23.446,20.88
71374,357,S1,519.0,23.395,20.88
71375,357,S1,522.0,23.255,20.88
71376,357,S1,525.0,23.282,20.88
71377,357,S1,528.0,23.182,20.88
71378,357,S1,531.0,23.167,20.88
71379,357,S1,534.0,23.154,20.88
71380,357,S1,537.0,23.166,20.88
71381,357,S1,540.0,22.980,20.88
71382,357,S1,543.0,22.968,20.88
71383,357,S1,546.0,23.002,20.88
71384,357,S1,549.0,22.857,20.88
71385,357,S1,552.0,22.792,20.88
71386,357,S1,555.0,22.819,20.88
71387,357,S1,558.0,22.802,20.88
71388,357,S1,561.0,22.744,20.88
71389,357,S1,564.0,22.837,20.88
71390,357,S1,567.0,22.646,20.88
71391,357,S1,570.0,22.748,20.88
71392,357,S1,573.0,22.722,20.88
71393,357,S1,576.0,22.658,20.88
71394,357,S1,579.0,22.596,20.88
71395,357,S1,582.0,22.562,20.88
71396,357,S1,585.0,22.480,20.88
71397,357,S1,588.0,22.512,20.88
71398,357,S1,591.0,22.577,20.88
71399,357,S1,594.0,22.406,20.88
71400,357,S1,597.0,22.488,20.88
71401,358,S2,0.0,82.168,20.15
71402,358,S2,3.0,80.578,20.15
71403,358,S2,6.0,78.808,20.15
71404,358,S2,9.0,77.275,20.15
71405,358,S2,12.0,75.734,20.15
71406,358,S2,15.0,74.204,20.15
71407,358,S2,18.0,72.729,20.15
71408,358,S2,21.0,71.237,20.15
71409,358,S2,24.0,69.843,20.15
71410,358,S2,27.0,68.497,20.15
71411,358,S2,30.0,67.146,20.15
71412,358,S2,33.0,65.845,20.15
71413,358,S2,36.0,64.700,20.15
71414,358,S2,39.0,63.410,20.15
71415,358,S2,42.0,62.234,20.15
71416,358,S2,45.0,61.164,20.15
71417,358,S2,48.0,59.931,20.15
71418,358,S2,51.0,58.898,20.15
71419,358,S2,54.0,57.850,20.15
71420,358,S2,57.0,56.891,20.15
71421,358,S2,60.0,55.834,20.15
71422,358,S2,63.0,54.832,20.15
71423,358,S2,66.0,53.892,20.15
71424,358,S2,69.0,53.047,20.15
71425,358,S2,72.0,52.114,20.15
71426,358,S2,75.0,51.224,20.15
71427,358,S2,78.0,50.293,20.15
71428,358,S2,81.0,49.513,20.15
71429,358,S2,84.0,48.701,20.15
71430,358,S2,87.0,47.823,20.15
71431,358,S2,90.0,47.189,20.15
71432,358,S2,93.0,46.445,20.15
71433,358,S2,96.0,45.831,20.15
71434,358,S2,99.0,44.976,20.15
71435,358,S2,102.0,44.292,20.15
71436,358,S2,105.0,43.638,20.15
71437,358,S2,108.0,43.145,20.15
71438,358,S2,111.0,42.493,20.15
71439,358,S2,114.0,41.864,20.15
71440,358,S2,117.0,41.284,20.15
71441,358,S2,120.0,40.700,20.15
71442,358,S2,123.0,40.103,20.15
71443,358,S2,126.0,39.672,20.15
71444,358,S2,129.0,39.046,20.15
71445,358,S2,132.0,38.445,20.15
71446,358,S2,135.0,38.093,20.15
71447,358,S2,138.0,37.496,20.15
71448,358,S2,141.0,37.048,20.15
71449,358,S2,144.0,36.577,20.15
71450,358,S2,147.0,36.110,20.15
71451,358,S2,150.0,35.687,20.15
71452,358,S2,153.0,35.271,20.15
71453,358,S2,156.0,34.899,20.15
71454,358,S2,159.0,34.480,20.15
71455,358,S2,162.0,33.964,20.15
71456,358,S2,165.0,33.663,20.15
71457,358,S2,168.0,33.347,20.15
71458,358,S2,171.0,33.012,20.15
71459,358,S2,174.0,32.645,20.15
71460,358,S2,177.0,32.317,20.15
71461,358,S2,180.0,31.939,20.15
71462,358,S2,183.0,31.584,20.15
71463,358,S2,186.0,31.372,20.15
71464,358,S2,189.0,31.077,20.15
71465,358,S2,192.0,30.717,20.15
71466,358,S2,195.0,30.324,20.15
71467,358,S2,198.0,30.120,20.15
71468,358,S2,201.0,29.827,20.15
71469,358,S2,204.0,29.563,20.15
71470,358,S2,207.0,29.280,20.15
71471,358,S2,210.0,29.078,20.15
71472,358,S2,213.0,28.862,20.15
71473,358,S2,216.0,28.508,20.15
71474,358,S2,219.0,28.379,20.15
71475,358,S2,222.0,28.166,20.15
71476,358,S2,225.0,27.825,20.15
71477,358,S2,228.0,27.682,20.15
71478,358,S2,231.0,27.452,20.15
71479,358,S2,234.0,27.401,20.15
71480,358,S2,237.0,27.152,20.15
71481,358,S2,240.0,26.914,20.15
71482,358,S2,243.0,26.875,20.15
71483,358,S2,246.0,26.588,20.15
71484,358,S2,249.0,26.457,20.15
71485,358,S2,252.0,26.269,20.15
71486,358,S2,255.0,26.050,20.15
71487,358,S2,258.0,25.955,20.15
71488,358,S2,261.0,25.753,20.15
71489,358,S2,264.0,25.519,20.15
71490,358,S2,267.0,25.404,20.15
71491,358,S2,270.0,25.362,20.15
71492,358,S2,273.0,25.155,20.15
71493,358,S2,276.0,24.968,20.15
71494,358,S2,279.0,24.913,20.15
71495,358,S2,282.0,24.691,20.15
71496,358,S2,285.0,24.592,20.15
71497,358,S2,288.0,24.463,20.15
71498,358,S2,291.0,24.441,20.15
71499,358,S2,294.0,24.195,20.15
71500,358,S2,297.0,24.114,20.15
71501,358,S2,300.0,24.057,20.15
71502,358,S2,303.0,23.974,20.15
71503,358,S2,306.0,23.871,20.15
71504,358,S2,309.0,23.774,20.15
71505,358,S2,312.0,23.670,20.15
71506,358,S2,315.0,23.551,20.15
71507,358,S2,318.0,23.364,20.15
71508,358,S2,321.0,23.430,20.15
71509,358,S2,324.0,23.296,20.15
71510,358,S2,327.0,23.104,20.15
71511,358,S2,330.0,23.095,20.15
71512,358,S2,333.0,22.994,20.15
71513,358,S2,336.0,22.990,20.15
71514,358,S2,339.0,22.820,20.15
71515,358,S2,342.0,22.827,20.15
71516,358,S2,345.0,22.774,20.15
71517,358,S2,348.0,22.659,20.15
71518,358,S2,351.0,22.624,20.15
71519,358,S2,354.0,22.530,20.15
71520,358,S2,357.0,22.508,20.15
71521,358,S2,360.0,22.366,20.15
71522,358,S2,363.0,22.429,20.15
71523,358,S2,366.0,22.324,20.15
71524,358,S2,369.0,22.250,20.15
71525,358,S2,372.0,22.139,20.15
71526,358,S2,375.0,22.078,20.15
71527,358,S2,378.0,21.991,20.15
71528,358,S2,381.0,22.074,20.15
71529,358,S2,384.0,21.847,20.15
71530,358,S2,387.0,21.937,20.15
71531,358,S2,390.0,21.879,20.15
71532,358,S2,393.0,21.857,20.15
71533,358,S2,396.0,21.737,20.15
71534,358,S2,399.0,21.649,20.15
71535,358,S2,402.0,21.650,20.15
71536,358,S2,405.0,21.662,20.15
71537,358,S2,408.0,21.521,20.15
71538,358,S2,411.0,21.590,20.15
71539,358,S2,414.0,21.519,20.15
71540,358,S2,417.0,21.442,20.15
71541,358,S2,420.0,21.456,20.15
71542,358,S2,423.0,21.439,20.15
71543,358,S2,426.0,21.416,20.15
71544,358,S2,429.0,21.310,20.15
71545,358,S2,432.0,21.370,20.15
71546,358,S2,435.0,21.211,20.15
71547,358,S2,438.0,21.250,20.15
71548,358,S2,441.0,21.253,20.15
71549,358,S2,444.0,21.227,20.15
71550,358,S2,447.0,21.141,20.15
71551,358,S2,450.0,21.132,20.15
71552,358,S2,453.0,21.129,20.15
71553,358,S2,456.0,21.172,20.15
71554,358,S2,459.0,21.100,20.15
71555,358,S2,462.0,21.009,20.15
71556,358,S2,465.0,21.080,20.15
71557,358,S2,468.0,20.941,20.15
71558,358,S2,471.0,21.033,20.15
71559,358,S2,474.0,20.869,20.15
71560,358,S2,477.0,20.925,20.15
71561,358,S2,480.0,20.860,20.15
71562,358,S2,483.0,20.931,20.15
71563,358,S2,486.0,20.843,20.15
71564,358,S2,489.0,20.804,20.15
71565,358,S2,492.0,20.765,20.15
71566,358,S2,495.0,20.795,20.15
71567,358,S2,498.0,20.764,20.15
71568,358,S2,501.0,20.660,20.15
71569,358,S2,504.0,20.678,20.15
71570,358,S2,507.0,20.770,20.15
71571,358,S2,510.0,20.623,20.15
71572,358,S2,513.0,20.609,20.15
71573,358,S2,516.0,20.631,20.15
71574,358,S2,519.0,20.660,20.15
71575,358,S2,522.0,20.653,20.15
71576,358,S2,525.0,20.556,20.15
71577,358,S2,528.0,20.598,20.15
71578,358,S2,531.0,20.548,20.15
71579,358,S2,534.0,20.611,20.15
71580,358,S2,537.0,20.557,20.15
71581,358,S2,540.0,20.629,20.15
71582,358,S2,543.0,20.556,20.15
71583,358,S2,546.0,20.443,20.15
71584,358,S2,549.0,20.535,20.15
71585,358,S2,552.0,20.540,20.15
71586,358,S2,555.0,20.466,20.15
71587,358,S2,558.0,20.581,20.15
71588,358,S2,561.0,20.548,20.15
71589,358,S2,564.0,20.436,20.15
71590,358,S2,567.0,20.615,20.15
71591,358,S2,570.0,20.436,20.15
71592,358,S2,573.0,20.364,20.15
71593,358,S2,576.0,20.490,20.15
71594,358,S2,579.0,20.379,20.15
71595,358,S2,582.0,20.473,20.15
71596,358,S2,585.0,20.439,20.15
71597,358,S2,588.0,20.471,20.15
71598,358,S2,591.0,20.390,20.15
71599,358,S2,594.0,20.406,20.15
71600,358,S2,597.0,20.396,20.15
71601,359,S3,0.0,81.376,22.75
71602,359,S3,3.0,79.557,22.75
71603,359,S3,6.0,77.966,22.75
71604,359,S3,9.0,76.251,22.75
71605,359,S3,12.0,74.600,22.75
71606,359,S3,15.0,73.085,22.75
71607,359,S3,18.0,71.611,22.75
71608,359,S3,21.0,70.170,22.75
71609,359,S3,24.0,68.776,22.75
71610,359,S3,27.0,67.357,22.75
71611,359,S3,30.0,66.072,22.75
71612,359,S3,33.0,64.839,22.75
71613,359,S3,36.0,63.496,22.75
71614,359,S3,39.0,62.325,22.75
71615,359,S3,42.0,61.048,22.75
71616,359,S3,45.0,59.995,22.75
71617,359,S3,48.0,58.854,22.75
71618,359,S3,51.0,57.800,22.75
71619,359,S3,54.0,56.709,22.75
71620,359,S3,57.0,55.678,22.75
71621,359,S3,60.0,54.790,22.75
71622,359,S3,63.0,53.856,22.75
71623,359,S3,66.0,52.911,22.75
71624,359,S3,69.0,51.972,22.75
71625,359,S3,72.0,51.096,22.75
71626,359,S3,75.0,50.260,22.75
71627,359,S3,78.0,49.425,22.75
71628,359,S3,81.0,48.604,22.75
71629,359,S3,84.0,47.843,22.75
71630,359,S3,87.0,47.158,22.75
71631,359,S3,90.0,46.462,22.75
71632,359,S3,93.0,45.669,22.75
71633,359,S3,96.0,44.953,22.75
71634,359,S3,99.0,44.321,22.75
71635,359,S3,102.0,43.749,22.75
71636,359,S3,105.0,43.078,22.75
71637,359,S3,108.0,42.500,22.75
71638,359,S3,111.0,41.819,22.75
71639,359,S3,114.0,41.304,22.75
71640,359,S3,117.0,40.790,22.75
71641,359,S3,120.0,40.287,22.75
71642,359,S3,123.0,39.635,22.75
71643,359,S3,126.0,39.249,22.75
71644,359,S3,129.0,38.695,22.75
71645,359,S3,132.0,38.281,22.75
71646,359,S3,135.0,37.818,22.75
71647,359,S3,138.0,37.400,22.75
71648,359,S3,141.0,36.880,22.75
71649,359,S3,144.0,36.505,22.75
71650,359,S3,147.0,36.122,22.75
71651,359,S3,150.0,35.598,22.75
71652,359,S3,153.0,35.245,22.75
71653,359,S3,156.0,34.932,22.75
71654,359,S3,159.0,34.508,22.75
71655,359,S3,162.0,34.245,22.75
71656,359,S3,165.0,33.867,22.75
71657,359,S3,168.0,33.567,22.75
71658,359,S3,171.0,33.157,22.75
71659,359,S3,174.0,32.845,22.75
71660,359,S3,177.0,32.555,22.75
71661,359,S3,180.0,32.347,22.75
71662,359,S3,183.0,32.056,22.75
71663,359,S3,186.0,31.730,22.75
71664,359,S3,189.0,31.442,22.75
71665,359,S3,192.0,31.098,22.75
71666,359,S3,195.0,30.988,22.75
71667,359,S3,198.0,30.805,22.75
71668,359,S3,201.0,30.466,22.75
71669,359,S3,204.0,30.153,22.75
71670,359,S3,207.0,29.992,22.75
71671,359,S3,210.0,29.853,22.75
71672,359,S3,213.0,29.670,22.75
71673,359,S3,216.0,29.283,22.75
71674,359,S3,219.0,29.220,22.75
71675,359,S3,222.0,29.028,22.75
71676,359,S3,225.0,28.856,22.75
71677,359,S3,228.0,28.619,22.75
71678,359,S3,231.0,28.490,22.75
71679,359,S3,234.0,28.311,22.75
71680,359,S3,237.0,28.208,22.75
71681,359,S3,240.0,27.927,22.75
71682,359,S3,243.0,27.875,22.75
71683,359,S3,246.0,27.667,22.75
71684,359,S3,249.0,27.475,22.75
71685,359,S3,252.0,27.311,22.75
71686,359,S3,255.0,27.267,22.75
71687,359,S3,258.0,27.188,22.75
71688,359,S3,261.0,26.987,22.75
71689,359,S3,264.0,26.845,22.75
71690,359,S3,267.0,26.703,22.75
71691,359,S3,270.0,26.645,22.75
71692,359,S3,273.0,26.654,22.75
71693,359,S3,276.0,26.378,22.75
71694,359,S3,279.0,26.240,22.75
71695,359,S3,282.0,26.166,22.75
71696,359,S3,285.0,26.040,22.75
71697,359,S3,288.0,25.900,22.75
71698,359,S3,291.0,25.872,22.75
71699,359,S3,294.0,25.773,22.75
71700,359,S3,297.0,25.584,22.75
71701,359,S3,300.0,25.623,22.75
71702,359,S3,303.0,25.513,22.75
71703,359,S3,306.0,25.451,22.75
71704,359,S3,309.0,25.401,22.75
71705,359,S3,312.0,25.336,22.75
71706,359,S3,315.0,25.166,22.75
71707,359,S3,318.0,25.076,22.75
71708,359,S3,321.0,25.046,22.75
71709,359,S3,324.0,25.027,22.75
71710,359,S3,327.0,24.889,22.75
71711,359,S3,330.0,24.899,22.75
71712,359,S3,333.0,24.814,22.75
71713,359,S3,336.0,24.757,22.75
71714,359,S3,339.0,24.656,22.75
71715,359,S3,342.0,24.610,22.75
71716,359,S3,345.0,24.587,22.75
71717,359,S3,348.0,24.525,22.75
71718,359,S3,351.0,24.524,22.75
71719,359,S3,354.0,24.473,22.75
71720,359,S3,357.0,24.298,22.75
71721,359,S3,360.0,24.325,22.75
71722,359,S3,363.0,24.164,22.75
71723,359,S3,366.0,24.182,22.75
71724,359,S3,369.0,24.201,22.75
71725,359,S3,372.0,24.162,22.75
71726,359,S3,375.0,24.020,22.75
71727,359,S3,378.0,24.072,22.75
71728,359,S3,381.0,24.134,22.75
71729,359,S3,384.0,23.966,22.75
71730,359,S3,387.0,23.981,22.75
71731,359,S3,390.0,23.954,22.75
71732,359,S3,393.0,23.887,22.75
71733,359,S3,396.0,23.856,22.75
71734,359,S3,399.0,23.819,22.75
71735,359,S3,402.0,23.793,22.75
71736,359,S3,405.0,23.776,22.75
71737,359,S3,408.0,23.740,22.75
71738,359,S3,411.0,23.772,22.75
71739,359,S3,414.0,23.634,22.75
71740,359,S3,417.0,23.656,22.75
71741,359,S3,420.0,23.590,22.75
71742,359,S3,423.0,23.640,22.75
71743,359,S3,426.0,23.560,22.75
71744,359,S3,429.0,23.394,22.75
71745,359,S3,432.0,23.604,22.75
71746,359,S3,435.0,23.485,22.75
71747,359,S3,438.0,23.437,22.75
71748,359,S3,441.0,23.453,22.75
71749,359,S3,444.0,23.461,22.75
71750,359,S3,447.0,23.359,22.75
71751,359,S3,450.0,23.384,22.75
71752,359,S3,453.0,23.269,22.75
71753,359,S3,456.0,23.362,22.75
71754,359,S3,459.0,23.319,22.75
71755,359,S3,462.0,23.328,22.75
71756,359,S3,465.0,23.308,22.75
71757,359,S3,468.0,23.218,22.75
71758,359,S3,471.0,23.315,22.75
71759,359,S3,474.0,23.276,22.75
71760,359,S3,477.0,23.254,22.75
71761,359,S3,480.0,23.193,22.75
71762,359,S3,483.0,23.232,22.75
71763,359,S3,486.0,23.092,22.75
71764,359,S3,489.0,23.104,22.75
71765,359,S3,492.0,23.176,22.75
71766,359,S3,495.0,23.185,22.75
71767,359,S3,498.0,23.123,22.75
71768,359,S3,501.0,23.188,22.75
71769,359,S3,504.0,23.132,22.75
71770,359,S3,507.0,23.176,22.75
71771,359,S3,510.0,23.004,22.75
71772,359,S3,513.0,22.999,22.75
71773,359,S3,516.0,23.066,22.75
71774,359,S3,519.0,23.002,22.75
71775,359,S3,522.0,23.042,22.75
71776,359,S3,525.0,23.051,22.75
71777,359,S3,528.0,23.062,22.75
71778,359,S3,531.0,23.053,22.75
71779,359,S3,534.0,23.030,22.75
71780,359,S3,537.0,23.002,22.75
71781,359,S3,540.0,22.907,22.75
71782,359,S3,543.0,22.942,22.75
71783,359,S3,546.0,22.991,22.75
71784,359,S3,549.0,22.952,22.75
71785,359,S3,552.0,22.992,22.75
71786,359,S3,555.0,22.949,22.75
71787,359,S3,558.0,22.880,22.75
71788,359,S3,561.0,22.918,22.75
71789,359,S3,564.0,22.961,22.75
71790,359,S3,567.0,22.921,22.75
71791,359,S3,570.0,22.937,22.75
71792,359,S3,573.0,22.924,22.75
71793,359,S3,576.0,22.853,22.75
71794,359,S3,579.0,22.941,22.75
71795,359,S3,582.0,22.928,22.75
71796,359,S3,585.0,22.866,22.75
71797,359,S3,588.0,22.766,22.75
71798,359,S3,591.0,23.055,22.75
71799,359,S3,594.0,22.921,22.75
71800,359,S3,597.0,22.815,22.75
71801,360,S4,0.0,82.631,21.20
71802,360,S4,3.0,81.191,21.20
71803,360,S4,6.0,79.857,21.20
71804,360,S4,9.0,78.363,21.20
71805,360,S4,12.0,77.037,21.20
71806,360,S4,15.0,75.853,21.20
71807,360,S4,18.0,74.498,21.20
71808,360,S4,21.0,73.228,21.20
71809,360,S4,24.0,71.985,21.20
71810,360,S4,27.0,70.844,21.20
71811,360,S4,30.0,69.601,21.20
71812,360,S4,33.0,68.528,21.20
71813,360,S4,36.0,67.394,21.20
71814,360,S4,39.0,66.266,21.20
71815,360,S4,42.0,65.341,21.20
71816,360,S4,45.0,64.202,21.20
71817,360,S4,48.0,63.229,21.20
71818,360,S4,51.0,62.171,21.20
71819,360,S4,54.0,61.309,21.20
71820,360,S4,57.0,60.169,21.20
71821,360,S4,60.0,59.309,21.20
71822,360,S4,63.0,58.397,21.20
71823,360,S4,66.0,57.551,21.20
71824,360,S4,69.0,56.749,21.20
71825,360,S4,72.0,55.864,21.20
71826,360,S4,75.0,54.998,21.20
71827,360,S4,78.0,54.200,21.20
71828,360,S4,81.0,53.329,21.20
71829,360,S4,84.0,52.756,21.20
71830,360,S4,87.0,51.895,21.20
71831,360,S4,90.0,51.199,21.20
71832,360,S4,93.0,50.604,21.20
71833,360,S4,96.0,49.836,21.20
71834,360,S4,99.0,49.241,21.20
71835,360,S4,102.0,48.537,21.20
71836,360,S4,105.0,47.815,21.20
71837,360,S4,108.0,47.292,21.20
71838,360,S4,111.0,46.635,21.20
71839,360,S4,114.0,46.054,21.20
71840,360,S4,117.0,45.409,21.20
71841,360,S4,120.0,44.801,21.20
71842,360,S4,123.0,44.361,21.20
71843,360,S4,126.0,43.694,21.20
71844,360,S4,129.0,43.244,21.20
71845,360,S4,132.0,42.754,21.20
71846,360,S4,135.0,42.256,21.20
71847,360,S4,138.0,41.746,21.20
71848,360,S4,141.0,41.298,21.20
71849,360,S4,144.0,40.743,21.20
71850,360,S4,147.0,40.294,21.20
71851,360,S4,150.0,39.757,21.20
71852,360,S4,153.0,39.485,21.20
71853,360,S4,156.0,38.930,21.20
71854,360,S4,159.0,38.566,21.20
71855,360,S4,162.0,38.185,21.20
71856,360,S4,165.0,37.743,21.20
71857,360,S4,168.0,37.334,21.20
71858,360,S4,171.0,36.912,21.20
71859,360,S4,174.0,36.607,21.20
71860,360,S4,177.0,36.249,21.20
71861,360,S4,180.0,35.872,21.20
71862,360,S4,183.0,35.546,21.20
71863,360,S4,186.0,35.239,21.20
71864,360,S4,189.0,34.977,21.20
71865,360,S4,192.0,34.507,21.20
71866,360,S4,195.0,34.170,21.20
71867,360,S4,198.0,33.885,21.20
71868,360,S4,201.0,33.693,21.20
71869,360,S4,204.0,33.366,21.20
71870,360,S4,207.0,33.011,21.20
71871,360,S4,210.0,32.811,21.20
71872,360,S4,213.0,32.511,21.20
71873,360,S4,216.0,32.242,21.20
71874,360,S4,219.0,31.997,21.20
71875,360,S4,222.0,31.707,21.20
71876,360,S4,225.0,31.511,21.20
71877,360,S4,228.0,31.227,21.20
71878,360,S4,231.0,30.980,21.20
71879,360,S4,234.0,30.708,21.20
71880,360,S4,237.0,30.515,21.20
71881,360,S4,240.0,30.406,21.20
71882,360,S4,243.0,30.147,21.20
71883,360,S4,246.0,29.888,21.20
71884,360,S4,249.0,29.719,21.20
71885,360,S4,252.0,29.422,21.20
71886,360,S4,255.0,29.360,21.20
71887,360,S4,258.0,29.153,21.20
71888,360,S4,261.0,28.928,21.20
71889,360,S4,264.0,28.651,21.20
71890,360,S4,267.0,28.521,21.20
71891,360,S4,270.0,28.356,21.20
71892,360,S4,273.0,28.235,21.20
71893,360,S4,276.0,28.058,21.20
71894,360,S4,279.0,27.874,21.20
71895,360,S4,282.0,27.700,21.20
71896,360,S4,285.0,27.631,21.20
71897,360,S4,288.0,27.497,21.20
71898,360,S4,291.0,27.315,21.20
71899,360,S4,294.0,27.151,21.20
71900,360,S4,297.0,26.999,21.20
71901,360,S4,300.0,26.782,21.20
71902,360,S4,303.0,26.794,21.20
71903,360,S4,306.0,26.623,21.20
71904,360,S4,309.0,26.577,21.20
71905,360,S4,312.0,26.319,21.20
71906,360,S4,315.0,26.260,21.20
71907,360,S4,318.0,25.977,21.20
71908,360,S4,321.0,25.990,21.20
71909,360,S4,324.0,25.809,21.20
71910,360,S4,327.0,25.696,21.20
71911,360,S4,330.0,25.653,21.20
71912,360,S4,333.0,25.504,21.20
71913,360,S4,336.0,25.402,21.20
71914,360,S4,339.0,25.339,21.20
71915,360,S4,342.0,25.316,21.20
71916,360,S4,345.0,25.227,21.20
71917,360,S4,348.0,25.129,21.20
71918,360,S4,351.0,25.017,21.20
71919,360,S4,354.0,24.849,21.20
71920,360,S4,357.0,24.856,21.20
71921,360,S4,360.0,24.653,21.20
71922,360,S4,363.0,24.680,21.20
71923,360,S4,366.0,24.578,21.20
71924,360,S4,369.0,24.501,21.20
71925,360,S4,372.0,24.343,21.20
71926,360,S4,375.0,24.252,21.20
71927,360,S4,378.0,24.217,21.20
71928,360,S4,381.0,24.159,21.20
71929,360,S4,384.0,24.147,21.20
71930,360,S4,387.0,24.067,21.20
71931,360,S4,390.0,23.917,21.20
71932,360,S4,393.0,23.816,21.20
71933,360,S4,396.0,23.710,21.20
71934,360,S4,399.0,23.674,21.20
71935,360,S4,402.0,23.656,21.20
71936,360,S4,405.0,23.577,21.20
71937,360,S4,408.0,23.587,21.20
71938,360,S4,411.0,23.514,21.20
71939,360,S4,414.0,23.509,21.20
71940,360,S4,417.0,23.461,21.20
71941,360,S4,420.0,23.384,21.20
71942,360,S4,423.0,23.243,21.20
71943,360,S4,426.0,23.268,21.20
71944,360,S4,429.0,23.236,21.20
71945,360,S4,432.0,23.210,21.20
71946,360,S4,435.0,23.077,21.20
71947,360,S4,438.0,23.138,21.20
71948,360,S4,441.0,23.147,21.20
71949,360,S4,444.0,23.018,21.20
71950,360,S4,447.0,22.953,21.20
71951,360,S4,450.0,22.964,21.20
71952,360,S4,453.0,22.847,21.20
71953,360,S4,456.0,22.916,21.20
71954,360,S4,459.0,22.851,21.20
71955,360,S4,462.0,22.775,21.20
71956,360,S4,465.0,22.762,21.20
71957,360,S4,468.0,22.605,21.20
71958,360,S4,471.0,22.599,21.20
71959,360,S4,474.0,22.601,21.20
71960,360,S4,477.0,22.594,21.20
71961,360,S4,480.0,22.591,21.20
71962,360,S4,483.0,22.440,21.20
71963,360,S4,486.0,22.449,21.20
71964,360,S4,489.0,22.515,21.20
71965,360,S4,492.0,22.416,21.20
71966,360,S4,495.0,22.343,21.20
71967,360,S4,498.0,22.478,21.20
71968,360,S4,501.0,22.324,21.20
71969,360,S4,504.0,22.362,21.20
71970,360,S4,507.0,22.277,21.20
71971,360,S4,510.0,22.286,21.20
71972,360,S4,513.0,22.248,21.20
71973,360,S4,516.0,22.212,21.20
71974,360,S4,519.0,22.141,21.20
71975,360,S4,522.0,22.209,21.20
71976,360,S4,525.0,22.111,21.20
71977,360,S4,528.0,22.199,21.20
71978,360,S4,531.0,22.091,21.20
71979,360,S4,534.0,22.158,21.20
71980,360,S4,537.0,22.130,21.20
71981,360,S4,540.0,22.041,21.20
71982,360,S4,543.0,22.043,21.20
71983,360,S4,546.0,22.001,21.20
71984,360,S4,549.0,22.058,21.20
71985,360,S4,552.0,22.002,21.20
71986,360,S4,555.0,21.941,21.20
71987,360,S4,558.0,22.016,21.20
71988,360,S4,561.0,21.977,21.20
71989,360,S4,564.0,21.902,21.20
71990,360,S4,567.0,21.895,21.20
71991,360,S4,570.0,21.717,21.20
71992,360,S4,573.0,21.964,21.20
71993,360,S4,576.0,21.821,21.20
71994,360,S4,579.0,21.757,21.20
71995,360,S4,582.0,21.737,21.20
71996,360,S4,585.0,21.850,21.20
71997,360,S4,588.0,21.804,21.20
71998,360,S4,591.0,21.747,21.20
71999,360,S4,594.0,21.799,21.20
72000,360,S4,597.0,21.700,21.20
72001,361,S1,0.0,85.673,20.50
72002,361,S1,3.0,84.372,20.50
72003,361,S1,6.0,83.179,20.50
72004,361,S1,9.0,81.962,20.50
72005,361,S1,12.0,80.632,20.50
72006,361,S1,15.0,79.678,20.50
72007,361,S1,18.0,78.531,20.50
72008,361,S1,21.0,77.345,20.50
72009,361,S1,24.0,76.243,20.50
72010,361,S1,27.0,75.024,20.50
72011,361,S1,30.0,74.190,20.50
72012,361,S1,33.0,73.017,20.50
72013,361,S1,36.0,72.068,20.50
72014,361,S1,39.0,71.042,20.50
72015,361,S1,42.0,70.046,20.50
72016,361,S1,45.0,69.164,20.50
72017,361,S1,48.0,68.162,20.50
72018,361,S1,51.0,67.254,20.50
72019,361,S1,54.0,66.328,20.50
72020,361,S1,57.0,65.476,20.50
72021,361,S1,60.0,64.534,20.50
72022,361,S1,63.0,63.768,20.50
72023,361,S1,66.0,62.940,20.50
72024,361,S1,69.0,62.090,20.50
72025,361,S1,72.0,61.345,20.50
72026,361,S1,75.0,60.525,20.50
72027,361,S1,78.0,59.744,20.50
72028,361,S1,81.0,58.933,20.50
72029,361,S1,84.0,58.278,20.50
72030,361,S1,87.0,57.521,20.50
72031,361,S1,90.0,56.816,20.50
72032,361,S1,93.0,56.036,20.50
72033,361,S1,96.0,55.397,20.50
72034,361,S1,99.0,54.643,20.50
72035,361,S1,102.0,54.073,20.50
72036,361,S1,105.0,53.375,20.50
72037,361,S1,108.0,52.791,20.50
72038,361,S1,111.0,52.165,20.50
72039,361,S1,114.0,51.505,20.50
72040,361,S1,117.0,50.985,20.50
72041,361,S1,120.0,50.366,20.50
72042,361,S1,123.0,49.733,20.50
72043,361,S1,126.0,49.207,20.50
72044,361,S1,129.0,48.623,20.50
72045,361,S1,132.0,48.110,20.50
72046,361,S1,135.0,47.511,20.50
72047,361,S1,138.0,47.077,20.50
72048,361,S1,141.0,46.592,20.50
72049,361,S1,144.0,45.974,20.50
72050,361,S1,147.0,45.542,20.50
72051,361,S1,150.0,45.048,20.50
72052,361,S1,153.0,44.517,20.50
72053,361,S1,156.0,44.175,20.50
72054,361,S1,159.0,43.580,20.50
72055,361,S1,162.0,43.123,20.50
72056,361,S1,165.0,42.820,20.50
72057,361,S1,168.0,42.385,20.50
72058,361,S1,171.0,41.874,20.50
72059,361,S1,174.0,41.492,20.50
72060,361,S1,177.0,41.072,20.50
72061,361,S1,180.0,40.746,20.50
72062,361,S1,183.0,40.277,20.50
72063,361,S1,186.0,39.883,20.50
72064,361,S1,189.0,39.579,20.50
72065,361,S1,192.0,39.171,20.50
72066,361,S1,195.0,38.844,20.50
72067,361,S1,198.0,38.530,20.50
72068,361,S1,201.0,38.008,20.50
72069,361,S1,204.0,37.650,20.50
72070,361,S1,207.0,37.488,20.50
72071,361,S1,210.0,37.061,20.50
72072,361,S1,213.0,36.814,20.50
72073,361,S1,216.0,36.445,20.50
72074,361,S1,219.0,36.165,20.50
72075,361,S1,222.0,35.805,20.50
72076,361,S1,225.0,35.568,20.50
72077,361,S1,228.0,35.287,20.50
72078,361,S1,231.0,34.998,20.50
72079,361,S1,234.0,34.820,20.50
72080,361,S1,237.0,34.557,20.50
72081,361,S1,240.0,34.061,20.50
72082,361,S1,243.0,33.850,20.50
72083,361,S1,246.0,33.671,20.50
72084,361,S1,249.0,33.362,20.50
72085,361,S1,252.0,33.157,20.50
72086,361,S1,255.0,32.815,20.50
72087,361,S1,258.0,32.668,20.50
72088,361,S1,261.0,32.453,20.50
72089,361,S1,264.0,32.127,20.50
72090,361,S1,267.0,31.923,20.50
72091,361,S1,270.0,31.727,20.50
72092,361,S1,273.0,31.477,20.50
72093,361,S1,276.0,31.353,20.50
72094,361,S1,279.0,31.078,20.50
72095,361,S1,282.0,30.945,20.50
72096,361,S1,285.0,30.745,20.50
72097,361,S1,288.0,30.520,20.50
72098,361,S1,291.0,30.347,20.50
72099,361,S1,294.0,30.135,20.50
72100,361,S1,297.0,29.953,20.50
72101,361,S1,300.0,29.862,20.50
72102,361,S1,303.0,29.589,20.50
72103,361,S1,306.0,29.382,20.50
72104,361,S1,309.0,29.289,20.50
72105,361,S1,312.0,29.137,20.50
72106,361,S1,315.0,28.958,20.50
72107,361,S1,318.0,28.703,20.50
72108,361,S1,321.0,28.532,20.50
72109,361,S1,324.0,28.465,20.50
72110,361,S1,327.0,28.277,20.50
72111,361,S1,330.0,28.122,20.50
72112,361,S1,333.0,27.916,20.50
72113,361,S1,336.0,27.762,20.50
72114,361,S1,339.0,27.721,20.50
72115,361,S1,342.0,27.457,20.50
72116,361,S1,345.0,27.464,20.50
72117,361,S1,348.0,27.247,20.50
72118,361,S1,351.0,27.099,20.50
72119,361,S1,354.0,26.989,20.50
72120,361,S1,357.0,26.931,20.50
72121,361,S1,360.0,26.737,20.50
72122,361,S1,363.0,26.610,20.50
72123,361,S1,366.0,26.558,20.50
72124,361,S1,369.0,26.429,20.50
72125,361,S1,372.0,26.276,20.50
72126,361,S1,375.0,26.217,20.50
72127,361,S1,378.0,26.075,20.50
72128,361,S1,381.0,26.017,20.50
72129,361,S1,384.0,25.824,20.50
72130,361,S1,387.0,25.821,20.50
72131,361,S1,390.0,25.641,20.50
72132,361,S1,393.0,25.603,20.50
72133,361,S1,396.0,25.460,20.50
72134,361,S1,399.0,25.359,20.50
72135,361,S1,402.0,25.232,20.50
72136,361,S1,405.0,25.058,20.50
72137,361,S1,408.0,24.950,20.50
72138,361,S1,411.0,24.963,20.50
72139,361,S1,414.0,24.899,20.50
72140,361,S1,417.0,24.870,20.50
72141,361,S1,420.0,24.753,20.50
72142,361,S1,423.0,24.457,20.50
72143,361,S1,426.0,24.548,20.50
72144,361,S1,429.0,24.459,20.50
72145,361,S1,432.0,24.431,20.50
72146,361,S1,435.0,24.272,20.50
72147,361,S1,438.0,24.316,20.50
72148,361,S1,441.0,24.237,20.50
72149,361,S1,444.0,24.114,20.50
72150,361,S1,447.0,24.038,20.50
72151,361,S1,450.0,24.012,20.50
72152,361,S1,453.0,23.867,20.50
72153,361,S1,456.0,23.862,20.50
72154,361,S1,459.0,23.810,20.50
72155,361,S1,462.0,23.794,20.50
72156,361,S1,465.0,23.679,20.50
72157,361,S1,468.0,23.609,20.50
72158,361,S1,471.0,23.482,20.50
72159,361,S1,474.0,23.512,20.50
72160,361,S1,477.0,23.504,20.50
72161,361,S1,480.0,23.257,20.50
72162,361,S1,483.0,23.288,20.50
72163,361,S1,486.0,23.295,20.50
72164,361,S1,489.0,23.301,20.50
72165,361,S1,492.0,23.122,20.50
72166,361,S1,495.0,23.116,20.50
72167,361,S1,498.0,22.995,20.50
72168,361,S1,501.0,23.024,20.50
72169,361,S1,504.0,22.968,20.50
72170,361,S1,507.0,22.958,20.50
72171,361,S1,510.0,22.807,20.50
72172,361,S1,513.0,22.830,20.50
72173,361,S1,516.0,22.825,20.50
72174,361,S1,519.0,22.765,20.50
72175,361,S1,522.0,22.703,20.50
72176,361,S1,525.0,22.602,20.50
72177,361,S1,528.0,22.615,20.50
72178,361,S1,531.0,22.598,20.50
72179,361,S1,534.0,22.500,20.50
72180,361,S1,537.0,22.531,20.50
72181,361,S1,540.0,22.446,20.50
72182,361,S1,543.0,22.456,20.50
72183,361,S1,546.0,22.331,20.50
72184,361,S1,549.0,22.280,20.50
72185,361,S1,552.0,22.265,20.50
72186,361,S1,555.0,22.289,20.50
72187,361,S1,558.0,22.140,20.50
72188,361,S1,561.0,22.190,20.50
72189,361,S1,564.0,22.231,20.50
72190,361,S1,567.0,22.184,20.50
72191,361,S1,570.0,22.075,20.50
72192,361,S1,573.0,22.041,20.50
72193,361,S1,576.0,22.077,20.50
72194,361,S1,579.0,21.948,20.50
72195,361,S1,582.0,22.045,20.50
72196,361,S1,585.0,22.028,20.50
72197,361,S1,588.0,21.849,20.50
72198,361,S1,591.0,21.791,20.50
72199,361,S1,594.0,21.893,20.50
72200,361,S1,597.0,21.885,20.50
72201,362,S2,0.0,70.049,22.14
72202,362,S2,3.0,69.090,22.14
72203,362,S2,6.0,68.356,22.14
72204,362,S2,9.0,67.599,22.14
72205,362,S2,12.0,66.598,22.14
72206,362,S2,15.0,65.852,22.14
72207,362,S2,18.0,65.102,22.14
72208,362,S2,21.0,64.306,22.14
72209,362,S2,24.0,63.652,22.14
72210,362,S2,27.0,62.855,22.14
72211,362,S2,30.0,62.202,22.14
72212,362,S2,33.0,61.432,22.14
72213,362,S2,36.0,60.748,22.14
72214,362,S2,39.0,59.990,22.14
72215,362,S2,42.0,59.359,22.14
72216,362,S2,45.0,58.746,22.14
72217,362,S2,48.0,58.012,22.14
72218,362,S2,51.0,57.387,22.14
72219,362,S2,54.0,56.851,22.14
72220,362,S2,57.0,56.120,22.14
72221,362,S2,60.0,55.686,22.14
72222,362,S2,63.0,54.858,22.14
72223,362,S2,66.0,54.369,22.14
72224,362,S2,69.0,53.711,22.14
72225,362,S2,72.0,53.174,22.14
72226,362,S2,75.0,52.604,22.14
72227,362,S2,78.0,52.153,22.14
72228,362,S2,81.0,51.661,22.14
72229,362,S2,84.0,51.028,22.14
72230,362,S2,87.0,50.589,22.14
72231,362,S2,90.0,50.061,22.14
72232,362,S2,93.0,49.538,22.14
72233,362,S2,96.0,49.119,22.14
72234,362,S2,99.0,48.639,22.14
72235,362,S2,102.0,48.100,22.14
72236,362,S2,105.0,47.693,22.14
72237,362,S2,108.0,47.170,22.14
72238,362,S2,111.0,46.685,22.14
72239,362,S2,114.0,46.430,22.14
72240,362,S2,117.0,45.882,22.14
72241,362,S2,120.0,45.415,22.14
72242,362,S2,123.0,45.032,22.14
72243,362,S2,126.0,44.683,22.14
72244,362,S2,129.0,44.207,22.14
72245,362,S2,132.0,43.808,22.14
72246,362,S2,135.0,43.390,22.14
72247,362,S2,138.0,43.064,22.14
72248,362,S2,141.0,42.657,22.14
72249,362,S2,144.0,42.436,22.14
72250,362,S2,147.0,42.004,22.14
72251,362,S2,150.0,41.636,22.14
72252,362,S2,153.0,41.258,22.14
72253,362,S2,156.0,40.962,22.14
72254,362,S2,159.0,40.603,22.14
72255,362,S2,162.0,40.314,22.14
72256,362,S2,165.0,39.946,22.14
72257,362,S2,168.0,39.578,22.14
72258,362,S2,171.0,39.234,22.14
72259,362,S2,174.0,39.024,22.14
72260,362,S2,177.0,38.682,22.14
72261,362,S2,180.0,38.384,22.14
72262,362,S2,183.0,38.154,22.14
72263,362,S2,186.0,37.824,22.14
72264,362,S2,189.0,37.589,22.14
72265,362,S2,192.0,37.247,22.14
72266,362,S2,195.0,36.978,22.14
72267,362,S2,198.0,36.803,22.14
72268,362,S2,201.0,36.412,22.14
72269,362,S2,204.0,36.238,22.14
72270,362,S2,207.0,36.037,22.14
72271,362,S2,210.0,35.671,22.14
72272,362,S2,213.0,35.484,22.14
72273,362,S2,216.0,35.251,22.14
72274,362,S2,219.0,34.896,22.14
72275,362,S2,222.0,34.774,22.14
72276,362,S2,225.0,34.551,22.14
72277,362,S2,228.0,34.310,22.14
72278,362,S2,231.0,34.085,22.14
72279,362,S2,234.0,33.910,22.14
72280,362,S2,237.0,33.705,22.14
72281,362,S2,240.0,33.392,22.14
72282,362,S2,243.0,33.230,22.14
72283,362,S2,246.0,33.062,22.14
72284,362,S2,249.0,32.910,22.14
72285,362,S2,252.0,32.615,22.14
72286,362,S2,255.0,32.488,22.14
72287,362,S2,258.0,32.388,22.14
72288,362,S2,261.0,32.173,22.14
72289,362,S2,264.0,31.914,22.14
72290,362,S2,267.0,31.748,22.14
72291,362,S2,270.0,31.513,22.14
72292,362,S2,273.0,31.471,22.14
72293,362,S2,276.0,31.345,22.14
72294,362,S2,279.0,31.134,22.14
72295,362,S2,282.0,30.892,22.14
72296,362,S2,285.0,30.776,22.14
72297,362,S2,288.0,30.656,22.14
72298,362,S2,291.0,30.588,22.14
72299,362,S2,294.0,30.351,22.14
72300,362,S2,297.0,30.262,22.14
72301,362,S2,300.0,30.046,22.14
72302,362,S2,303.0,29.915,22.14
72303,362,S2,306.0,29.734,22.14
72304,362,S2,309.0,29.713,22.14
72305,362,S2,312.0,29.510,22.14
72306,362,S2,315.0,29.407,22.14
72307,362,S2,318.0,29.357,22.14
72308,362,S2,321.0,29.103,22.14
72309,362,S2,324.0,28.969,22.14
72310,362,S2,327.0,28.956,22.14
72311,362,S2,330.0,28.740,22.14
72312,362,S2,333.0,28.612,22.14
72313,362,S2,336.0,28.545,22.14
72314,362,S2,339.0,28.371,22.14
72315,362,S2,342.0,28.285,22.14
72316,362,S2,345.0,28.140,22.14
72317,362,S2,348.0,28.016,22.14
72318,362,S2,351.0,28.024,22.14
72319,362,S2,354.0,27.850,22.14
72320,362,S2,357.0,27.851,22.14
72321,362,S2,360.0,27.823,22.14
72322,362,S2,363.0,27.545,22.14
72323,362,S2,366.0,27.411,22.14
72324,362,S2,369.0,27.415,22.14
72325,362,S2,372.0,27.309,22.14
72326,362,S2,375.0,27.225,22.14
72327,362,S2,378.0,27.030,22.14
72328,362,S2,381.0,27.026,22.14
72329,362,S2,384.0,26.891,22.14
72330,362,S2,387.0,26.828,22.14
72331,362,S2,390.0,26.731,22.14
72332,362,S2,393.0,26.633,22.14
72333,362,S2,396.0,26.553,22.14
72334,362,S2,399.0,26.564,22.14
72335,362,S2,402.0,26.399,22.14
72336,362,S2,405.0,26.375,22.14
72337,362,S2,408.0,26.398,22.14
72338,362,S2,411.0,26.245,22.14
72339,362,S2,414.0,26.195,22.14
72340,362,S2,417.0,26.071,22.14
72341,362,S2,420.0,25.907,22.14
72342,362,S2,423.0,25.945,22.14
72343,362,S2,426.0,25.873,22.14
72344,362,S2,429.0,25.763,22.14
72345,362,S2,432.0,25.668,22.14
72346,362,S2,435.0,25.623,22.14
72347,362,S2,438.0,25.484,22.14
72348,362,S2,441.0,25.499,22.14
72349,362,S2,444.0,25.413,22.14
72350,362,S2,447.0,25.416,22.14
72351,362,S2,450.0,25.422,22.14
72352,362,S2,453.0,25.318,22.14
72353,362,S2,456.0,25.252,22.14
72354,362,S2,459.0,25.274,22.14
72355,362,S2,462.0,25.058,22.14
72356,362,S2,465.0,25.091,22.14
72357,362,S2,468.0,25.006,22.14
72358,362,S2,471.0,25.005,22.14
72359,362,S2,474.0,24.916,22.14
72360,362,S2,477.0,24.834,22.14
72361,362,S2,480.0,24.803,22.14
72362,362,S2,483.0,24.873,22.14
72363,362,S2,486.0,24.758,22.14
72364,362,S2,489.0,24.702,22.14
72365,362,S2,492.0,24.625,22.14
72366,362,S2,495.0,24.635,22.14
72367,362,S2,498.0,24.592,22.14
72368,362,S2,501.0,24.557,22.14
72369,362,S2,504.0,24.526,22.14
72370,362,S2,507.0,24.411,22.14
72371,362,S2,510.0,24.394,22.14
72372,362,S2,513.0,24.313,22.14
72373,362,S2,516.0,24.277,22.14
72374,362,S2,519.0,24.233,22.14
72375,362,S2,522.0,24.203,22.14
72376,362,S2,525.0,24.191,22.14
72377,362,S2,528.0,24.201,22.14
72378,362,S2,531.0,24.076,22.14
72379,362,S2,534.0,24.072,22.14
72380,362,S2,537.0,24.139,22.14
72381,362,S2,540.0,24.071,22.14
72382,362,S2,543.0,24.055,22.14
72383,362,S2,546.0,23.925,22.14
72384,362,S2,549.0,23.883,22.14
72385,362,S2,552.0,23.839,22.14
72386,362,S2,555.0,23.847,22.14
72387,362,S2,558.0,23.813,22.14
72388,362,S2,561.0,23.780,22.14
72389,362,S2,564.0,23.718,22.14
72390,362,S2,567.0,23.676,22.14
72391,362,S2,570.0,23.703,22.14
72392,362,S2,573.0,23.735,22.14
72393,362,S2,576.0,23.631,22.14
72394,362,S2,579.0,23.709,22.14
72395,362,S2,582.0,23.585,22.14
72396,362,S2,585.0,23.612,22.14
72397,362,S2,588.0,23.547,22.14
72398,362,S2,591.0,23.481,22.14
72399,362,S2,594.0,23.470,22.14
72400,362,S2,597.0,23.433,22.14
72401,363,S3,0.0,73.963,20.28
72402,363,S3,3.0,73.022,20.28
72403,363,S3,6.0,72.085,20.28
72404,363,S3,9.0,71.136,20.28
72405,363,S3,12.0,70.122,20.28
72406,363,S3,15.0,69.154,20.28
72407,363,S3,18.0,68.328,20.28
72408,363,S3,21.0,67.477,20.28
72409,363,S3,24.0,66.497,20.28
72410,363,S3,27.0,65.698,20.28
72411,363,S3,30.0,64.853,20.28
72412,363,S3,33.0,63.993,20.28
72413,363,S3,36.0,63.226,20.28
72414,363,S3,39.0,62.383,20.28
72415,363,S3,42.0,61.529,20.28
72416,363,S3,45.0,60.752,20.28
72417,363,S3,48.0,60.076,20.28
72418,363,S3,51.0,59.284,20.28
72419,363,S3,54.0,58.473,20.28
72420,363,S3,57.0,57.835,20.28
72421,363,S3,60.0,57.103,20.28
72422,363,S3,63.0,56.465,20.28
72423,363,S3,66.0,55.785,20.28
72424,363,S3,69.0,55.117,20.28
72425,363,S3,72.0,54.434,20.28
72426,363,S3,75.0,53.777,20.28
72427,363,S3,78.0,53.107,20.28
72428,363,S3,81.0,52.575,20.28
72429,363,S3,84.0,51.986,20.28
72430,363,S3,87.0,51.397,20.28
72431,363,S3,90.0,50.892,20.28
72432,363,S3,93.0,50.210,20.28
72433,363,S3,96.0,49.686,20.28
72434,363,S3,99.0,49.114,20.28
72435,363,S3,102.0,48.496,20.28
72436,363,S3,105.0,48.091,20.28
72437,363,S3,108.0,47.527,20.28
72438,363,S3,111.0,47.086,20.28
72439,363,S3,114.0,46.515,20.28
72440,363,S3,117.0,45.991,20.28
72441,363,S3,120.0,45.558,20.28
72442,363,S3,123.0,45.123,20.28
72443,363,S3,126.0,44.651,20.28
72444,363,S3,129.0,44.153,20.28
72445,363,S3,132.0,43.726,20.28
72446,363,S3,135.0,43.225,20.28
72447,363,S3,138.0,42.876,20.28
72448,363,S3,141.0,42.409,20.28
72449,363,S3,144.0,42.030,20.28
72450,363,S3,147.0,41.688,20.28
72451,363,S3,150.0,41.185,20.28
72452,363,S3,153.0,40.764,20.28
72453,363,S3,156.0,40.393,20.28
72454,363,S3,159.0,40.100,20.28
72455,363,S3,162.0,39.742,20.28
72456,363,S3,165.0,39.318,20.28
72457,363,S3,168.0,39.014,20.28
72458,363,S3,171.0,38.495,20.28
72459,363,S3,174.0,38.308,20.28
72460,363,S3,177.0,37.859,20.28
72461,363,S3,180.0,37.568,20.28
72462,363,S3,183.0,37.262,20.28
72463,363,S3,186.0,36.973,20.28
72464,363,S3,189.0,36.590,20.28
72465,363,S3,192.0,36.384,20.28
72466,363,S3,195.0,36.064,20.28
72467,363,S3,198.0,35.809,20.28
72468,363,S3,201.0,35.444,20.28
72469,363,S3,204.0,35.065,20.28
72470,363,S3,207.0,34.797,20.28
72471,363,S3,210.0,34.597,20.28
72472,363,S3,213.0,34.320,20.28
72473,363,S3,216.0,34.131,20.28
72474,363,S3,219.0,33.826,20.28
72475,363,S3,222.0,33.643,20.28
72476,363,S3,225.0,33.266,20.28
72477,363,S3,228.0,33.133,20.28
72478,363,S3,231.0,32.718,20.28
72479,363,S3,234.0,32.647,20.28
72480,363,S3,237.0,32.313,20.28
72481,363,S3,240.0,32.128,20.28
72482,363,S3,243.0,31.931,20.28
72483,363,S3,246.0,31.643,20.28
72484,363,S3,249.0,31.544,20.28
72485,363,S3,252.0,31.231,20.28
72486,363,S3,255.0,31.039,20.28
72487,363,S3,258.0,30.853,20.28
72488,363,S3,261.0,30.662,20.28
72489,363,S3,264.0,30.504,20.28
72490,363,S3,267.0,30.209,20.28
72491,363,S3,270.0,30.007,20.28
72492,363,S3,273.0,29.889,20.28
72493,363,S3,276.0,29.777,20.28
72494,363,S3,279.0,29.555,20.28
72495,363,S3,282.0,29.463,20.28
72496,363,S3,285.0,29.245,20.28
72497,363,S3,288.0,29.060,20.28
72498,363,S3,291.0,28.880,20.28
72499,363,S3,294.0,28.692,20.28
72500,363,S3,297.0,28.542,20.28
72501,363,S3,300.0,28.431,20.28
72502,363,S3,303.0,28.199,20.28
72503,363,S3,306.0,28.142,20.28
72504,363,S3,309.0,28.014,20.28
72505,363,S3,312.0,27.838,20.28
72506,363,S3,315.0,27.700,20.28
72507,363,S3,318.0,27.563,20.28
72508,363,S3,321.0,27.456,20.28
72509,363,S3,324.0,27.215,20.28
72510,363,S3,327.0,27.157,20.28
72511,363,S3,330.0,27.055,20.28
72512,363,S3,333.0,26.945,20.28
72513,363,S3,336.0,26.803,20.28
72514,363,S3,339.0,26.612,20.28
72515,363,S3,342.0,26.452,20.28
72516,363,S3,345.0,26.396,20.28
72517,363,S3,348.0,26.386,20.28
72518,363,S3,351.0,26.208,20.28
72519,363,S3,354.0,26.049,20.28
72520,363,S3,357.0,25.923,20.28
72521,363,S3,360.0,25.872,20.28
72522,363,S3,363.0,25.732,20.28
72523,363,S3,366.0,25.661,20.28
72524,363,S3,369.0,25.543,20.28
72525,363,S3,372.0,25.431,20.28
72526,363,S3,375.0,25.332,20.28
72527,363,S3,378.0,25.294,20.28
72528,363,S3,381.0,25.068,20.28
72529,363,S3,384.0,25.086,20.28
72530,363,S3,387.0,24.953,20.28
72531,363,S3,390.0,24.857,20.28
72532,363,S3,393.0,24.800,20.28
72533,363,S3,396.0,24.796,20.28
72534,363,S3,399.0,24.686,20.28
72535,363,S3,402.0,24.639,20.28
72536,363,S3,405.0,24.465,20.28
72537,363,S3,408.0,24.410,20.28
72538,363,S3,411.0,24.438,20.28
72539,363,S3,414.0,24.249,20.28
72540,363,S3,417.0,24.154,20.28
72541,363,S3,420.0,24.021,20.28
72542,363,S3,423.0,24.045,20.28
72543,363,S3,426.0,24.006,20.28
72544,363,S3,429.0,23.911,20.28
72545,363,S3,432.0,23.808,20.28
72546,363,S3,435.0,23.706,20.28
72547,363,S3,438.0,23.752,20.28
72548,363,S3,441.0,23.688,20.28
72549,363,S3,444.0,23.574,20.28
72550,363,S3,447.0,23.476,20.28
72551,363,S3,450.0,23.370,20.28
72552,363,S3,453.0,23.423,20.28
72553,363,S3,456.0,23.263,20.28
72554,363,S3,459.0,23.296,20.28
72555,363,S3,462.0,23.227,20.28
72556,363,S3,465.0,23.168,20.28
72557,363,S3,468.0,23.121,20.28
72558,363,S3,471.0,22.983,20.28
72559,363,S3,474.0,22.981,20.28
72560,363,S3,477.0,22.994,20.28
72561,363,S3,480.0,22.919,20.28
72562,363,S3,483.0,22.901,20.28
72563,363,S3,486.0,22.815,20.28
72564,363,S3,489.0,22.775,20.28
72565,363,S3,492.0,22.705,20.28
72566,363,S3,495.0,22.677,20.28
72567,363,S3,498.0,22.534,20.28
72568,363,S3,501.0,22.597,20.28
72569,363,S3,504.0,22.597,20.28
72570,363,S3,507.0,22.457,20.28
72571,363,S3,510.0,22.450,20.28
72572,363,S3,513.0,22.313,20.28
72573,363,S3,516.0,22.342,20.28
72574,363,S3,519.0,22.329,20.28
72575,363,S3,522.0,22.272,20.28
72576,363,S3,525.0,22.144,20.28
72577,363,S3,528.0,22.184,20.28
72578,363,S3,531.0,22.230,20.28
72579,363,S3,534.0,22.171,20.28
72580,363,S3,537.0,22.138,20.28
72581,363,S3,540.0,22.114,20.28
72582,363,S3,543.0,22.211,20.28
72583,363,S3,546.0,22.045,20.28
72584,363,S3,549.0,21.939,20.28
72585,363,S3,552.0,21.973,20.28
72586,363,S3,555.0,21.927,20.28
72587,363,S3,558.0,21.951,20.28
72588,363,S3,561.0,21.783,20.28
72589,363,S3,564.0,21.735,20.28
72590,363,S3,567.0,21.841,20.28
72591,363,S3,570.0,21.716,20.28
72592,363,S3,573.0,21.751,20.28
72593,363,S3,576.0,21.756,20.28
72594,363,S3,579.0,21.709,20.28
72595,363,S3,582.0,21.689,20.28
72596,363,S3,585.0,21.596,20.28
72597,363,S3,588.0,21.552,20.28
72598,363,S3,591.0,21.608,20.28
72599,363,S3,594.0,21.578,20.28
72600,363,S3,597.0,21.561,20.28
72601,364,S4,0.0,75.380,22.39
72602,364,S4,3.0,74.304,22.39
72603,364,S4,6.0,73.346,22.39
72604,364,S4,9.0,72.302,22.39
72605,364,S4,12.0,71.339,22.39
72606,364,S4,15.0,70.549,22.39
72607,364,S4,18.0,69.482,22.39
72608,364,S4,21.0,68.580,22.39
72609,364,S4,24.0,67.721,22.39
72610,364,S4,27.0,66.917,22.39
72611,364,S4,30.0,66.119,22.39
72612,364,S4,33.0,65.300,22.39
72613,364,S4,36.0,64.322,22.39
72614,364,S4,39.0,63.555,22.39
72615,364,S4,42.0,62.828,22.39
72616,364,S4,45.0,62.097,22.39
72617,364,S4,48.0,61.361,22.39
72618,364,S4,51.0,60.540,22.39
72619,364,S4,54.0,59.796,22.39
72620,364,S4,57.0,59.116,22.39
72621,364,S4,60.0,58.502,22.39
72622,364,S4,63.0,57.810,22.39
72623,364,S4,66.0,57.111,22.39
72624,364,S4,69.0,56.428,22.39
72625,364,S4,72.0,55.825,22.39
72626,364,S4,75.0,55.134,22.39
72627,364,S4,78.0,54.459,22.39
72628,364,S4,81.0,53.990,22.39
72629,364,S4,84.0,53.366,22.39
72630,364,S4,87.0,52.742,22.39
72631,364,S4,90.0,52.156,22.39
72632,364,S4,93.0,51.568,22.39
72633,364,S4,96.0,50.994,22.39
72634,364,S4,99.0,50.587,22.39
72635,364,S4,102.0,49.903,22.39
72636,364,S4,105.0,49.528,22.39
72637,364,S4,108.0,48.877,22.39
72638,364,S4,111.0,48.431,22.39
72639,364,S4,114.0,47.952,22.39
72640,364,S4,117.0,47.423,22.39
72641,364,S4,120.0,47.013,22.39
72642,364,S4,123.0,46.527,22.39
72643,364,S4,126.0,46.099,22.39
72644,364,S4,129.0,45.611,22.39
72645,364,S4,132.0,45.160,22.39
72646,364,S4,135.0,44.753,22.39
72647,364,S4,138.0,44.278,22.39
72648,364,S4,141.0,43.879,22.39
72649,364,S4,144.0,43.514,22.39
72650,364,S4,147.0,43.080,22.39
72651,364,S4,150.0,42.597,22.39
72652,364,S4,153.0,42.286,22.39
72653,364,S4,156.0,41.906,22.39
72654,364,S4,159.0,41.527,22.39
72655,364,S4,162.0,41.009,22.39
72656,364,S4,165.0,40.838,22.39
72657,364,S4,168.0,40.450,22.39
72658,364,S4,171.0,40.123,22.39
72659,364,S4,174.0,39.779,22.39
72660,364,S4,177.0,39.441,22.39
72661,364,S4,180.0,39.100,22.39
72662,364,S4,183.0,38.795,22.39
72663,364,S4,186.0,38.504,22.39
72664,364,S4,189.0,38.232,22.39
72665,364,S4,192.0,37.863,22.39
72666,364,S4,195.0,37.633,22.39
72667,364,S4,198.0,37.299,22.39
72668,364,S4,201.0,36.904,22.39
72669,364,S4,204.0,36.770,22.39
72670,364,S4,207.0,36.558,22.39
72671,364,S4,210.0,36.219,22.39
72672,364,S4,213.0,35.874,22.39
72673,364,S4,216.0,35.639,22.39
72674,364,S4,219.0,35.410,22.39
72675,364,S4,222.0,35.063,22.39
72676,364,S4,225.0,34.969,22.39
72677,364,S4,228.0,34.639,22.39
72678,364,S4,231.0,34.453,22.39
72679,364,S4,234.0,34.139,22.39
72680,364,S4,237.0,33.998,22.39
72681,364,S4,240.0,33.775,22.39
72682,364,S4,243.0,33.629,22.39
72683,364,S4,246.0,33.376,22.39
72684,364,S4,249.0,33.212,22.39
72685,364,S4,252.0,32.910,22.39
72686,364,S4,255.0,32.715,22.39
72687,364,S4,258.0,32.535,22.39
72688,364,S4,261.0,32.311,22.39
72689,364,S4,264.0,32.168,22.39
72690,364,S4,267.0,32.032,22.39
72691,364,S4,270.0,31.863,22.39
72692,364,S4,273.0,31.561,22.39
72693,364,S4,276.0,31.425,22.39
72694,364,S4,279.0,31.302,22.39
72695,364,S4,282.0,31.045,22.39
72696,364,S4,285.0,30.937,22.39
72697,364,S4,288.0,30.791,22.39
72698,364,S4,291.0,30.604,22.39
72699,364,S4,294.0,30.506,22.39
72700,364,S4,297.0,30.341,22.39
72701,364,S4,300.0,30.141,22.39
72702,364,S4,303.0,29.978,22.39
72703,364,S4,306.0,29.814,22.39
72704,364,S4,309.0,29.785,22.39
72705,364,S4,312.0,29.608,22.39
72706,364,S4,315.0,29.493,22.39
72707,364,S4,318.0,29.308,22.39
72708,364,S4,321.0,29.200,22.39
72709,364,S4,324.0,29.030,22.39
72710,364,S4,327.0,28.818,22.39
72711,364,S4,330.0,28.752,22.39
72712,364,S4,333.0,28.754,22.39
72713,364,S4,336.0,28.556,22.39
72714,364,S4,339.0,28.467,22.39
72715,364,S4,342.0,28.270,22.39
72716,364,S4,345.0,28.169,22.39
72717,364,S4,348.0,27.963,22.39
72718,364,S4,351.0,28.049,22.39
72719,364,S4,354.0,27.904,22.39
72720,364,S4,357.0,27.793,22.39
72721,364,S4,360.0,27.637,22.39
72722,364,S4,363.0,27.568,22.39
72723,364,S4,366.0,27.563,22.39
72724,364,S4,369.0,27.326,22.39
72725,364,S4,372.0,27.355,22.39
72726,364,S4,375.0,27.153,22.39
72727,364,S4,378.0,27.118,22.39
72728,364,S4,381.0,27.050,22.39
72729,364,S4,384.0,26.921,22.39
72730,364,S4,387.0,26.891,22.39
72731,364,S4,390.0,26.844,22.39
72732,364,S4,393.0,26.648,22.39
72733,364,S4,396.0,26.533,22.39
72734,364,S4,399.0,26.506,22.39
72735,364,S4,402.0,26.495,22.39
72736,364,S4,405.0,26.369,22.39
72737,364,S4,408.0,26.240,22.39
72738,364,S4,411.0,26.221,22.39
72739,364,S4,414.0,26.161,22.39
72740,364,S4,417.0,26.130,22.39
72741,364,S4,420.0,26.076,22.39
72742,364,S4,423.0,25.944,22.39
72743,364,S4,426.0,25.829,22.39
72744,364,S4,429.0,25.803,22.39
72745,364,S4,432.0,25.818,22.39
72746,364,S4,435.0,25.621,22.39
72747,364,S4,438.0,25.632,22.39
72748,364,S4,441.0,25.509,22.39
72749,364,S4,444.0,25.466,22.39
72750,364,S4,447.0,25.437,22.39
72751,364,S4,450.0,25.363,22.39
72752,364,S4,453.0,25.323,22.39
72753,364,S4,456.0,25.301,22.39
72754,364,S4,459.0,25.123,22.39
72755,364,S4,462.0,25.142,22.39
72756,364,S4,465.0,25.083,22.39
72757,364,S4,468.0,25.024,22.39
72758,364,S4,471.0,25.057,22.39
72759,364,S4,474.0,24.967,22.39
72760,364,S4,477.0,24.885,22.39
72761,364,S4,480.0,24.829,22.39
72762,364,S4,483.0,24.841,22.39
72763,364,S4,486.0,24.752,22.39
72764,364,S4,489.0,24.798,22.39
72765,364,S4,492.0,24.688,22.39
72766,364,S4,495.0,24.693,22.39
72767,364,S4,498.0,24.653,22.39
72768,364,S4,501.0,24.586,22.39
72769,364,S4,504.0,24.413,22.39
72770,364,S4,507.0,24.354,22.39
72771,364,S4,510.0,24.391,22.39
72772,364,S4,513.0,24.377,22.39
72773,364,S4,516.0,24.314,22.39
72774,364,S4,519.0,24.246,22.39
72775,364,S4,522.0,24.235,22.39
72776,364,S4,525.0,24.198,22.39
72777,364,S4,528.0,24.178,22.39
72778,364,S4,531.0,24.233,22.39
72779,364,S4,534.0,24.086,22.39
72780,364,S4,537.0,24.110,22.39
72781,364,S4,540.0,23.947,22.39
72782,364,S4,543.0,24.065,22.39
72783,364,S4,546.0,24.006,22.39
72784,364,S4,549.0,23.976,22.39
72785,364,S4,552.0,23.881,22.39
72786,364,S4,555.0,23.939,22.39
72787,364,S4,558.0,23.863,22.39
72788,364,S4,561.0,23.830,22.39
72789,364,S4,564.0,23.859,22.39
72790,364,S4,567.0,23.752,22.39
72791,364,S4,570.0,23.776,22.39
72792,364,S4,573.0,23.766,22.39
72793,364,S4,576.0,23.797,22.39
72794,364,S4,579.0,23.695,22.39
72795,364,S4,582.0,23.640,22.39
72796,364,S4,585.0,23.641,22.39
72797,364,S4,588.0,23.702,22.39
72798,364,S4,591.0,23.507,22.39
72799,364,S4,594.0,23.574,22.39
72800,364,S4,597.0,23.601,22.39
72801,365,S1,0.0,76.432,22.98
72802,365,S1,3.0,75.502,22.98
72803,365,S1,6.0,74.827,22.98
72804,365,S1,9.0,74.074,22.98
72805,365,S1,12.0,73.288,22.98
72806,365,S1,15.0,72.449,22.98
72807,365,S1,18.0,71.816,22.98
72808,365,S1,21.0,71.073,22.98
72809,365,S1,24.0,70.369,22.98
72810,365,S1,27.0,69.712,22.98
72811,365,S1,30.0,68.936,22.98
72812,365,S1,33.0,68.264,22.98
72813,365,S1,36.0,67.525,22.98
72814,365,S1,39.0,66.964,22.98
72815,365,S1,42.0,66.381,22.98
72816,365,S1,45.0,65.584,22.98
72817,365,S1,48.0,65.025,22.98
72818,365,S1,51.0,64.360,22.98
72819,365,S1,54.0,63.848,22.98
72820,365,S1,57.0,63.214,22.98
72821,365,S1,60.0,62.578,22.98
72822,365,S1,63.0,62.013,22.98
72823,365,S1,66.0,61.404,22.98
72824,365,S1,69.0,60.923,22.98
72825,365,S1,72.0,60.275,22.98
72826,365,S1,75.0,59.724,22.98
72827,365,S1,78.0,59.135,22.98
72828,365,S1,81.0,58.644,22.98
72829,365,S1,84.0,58.171,22.98
72830,365,S1,87.0,57.625,22.98
72831,365,S1,90.0,57.116,22.98
72832,365,S1,93.0,56.631,22.98
72833,365,S1,96.0,56.082,22.98
72834,365,S1,99.0,55.693,22.98
72835,365,S1,102.0,55.066,22.98
72836,365,S1,105.0,54.624,22.98
72837,365,S1,108.0,54.227,22.98
72838,365,S1,111.0,53.632,22.98
72839,365,S1,114.0,53.150,22.98
72840,365,S1,117.0,52.737,22.98
72841,365,S1,120.0,52.358,22.98
72842,365,S1,123.0,51.850,22.98
72843,365,S1,126.0,51.478,22.98
72844,365,S1,129.0,51.118,22.98
72845,365,S1,132.0,50.677,22.98
72846,365,S1,135.0,50.240,22.98
72847,365,S1,138.0,49.875,22.98
72848,365,S1,141.0,49.450,22.98
72849,365,S1,144.0,49.119,22.98
72850,365,S1,147.0,48.693,22.98
72851,365,S1,150.0,48.235,22.98
72852,365,S1,153.0,47.965,22.98
72853,365,S1,156.0,47.456,22.98
72854,365,S1,159.0,47.152,22.98
72855,365,S1,162.0,46.855,22.98
72856,365,S1,165.0,46.465,22.98
72857,365,S1,168.0,46.182,22.98
72858,365,S1,171.0,45.815,22.98
72859,365,S1,174.0,45.360,22.98
72860,365,S1,177.0,45.107,22.98
72861,365,S1,180.0,44.752,22.98
72862,365,S1,183.0,44.344,22.98
72863,365,S1,186.0,44.007,22.98
72864,365,S1,189.0,43.906,22.98
72865,365,S1,192.0,43.562,22.98
72866,365,S1,195.0,43.173,22.98
72867,365,S1,198.0,42.922,22.98
72868,365,S1,201.0,42.648,22.98
72869,365,S1,204.0,42.281,22.98
72870,365,S1,207.0,42.078,22.98
72871,365,S1,210.0,41.741,22.98
72872,365,S1,213.0,41.484,22.98
72873,365,S1,216.0,41.233,22.98
72874,365,S1,219.0,40.979,22.98
72875,365,S1,222.0,40.654,22.98
72876,365,S1,225.0,40.539,22.98
72877,365,S1,228.0,40.166,22.98
72878,365,S1,231.0,39.879,22.98
72879,365,S1,234.0,39.657,22.98
72880,365,S1,237.0,39.368,22.98
72881,365,S1,240.0,39.210,22.98
72882,365,S1,243.0,38.854,22.98
72883,365,S1,246.0,38.728,22.98
72884,365,S1,249.0,38.390,22.98
72885,365,S1,252.0,38.176,22.98
72886,365,S1,255.0,37.970,22.98
72887,365,S1,258.0,37.788,22.98
72888,365,S1,261.0,37.565,22.98
72889,365,S1,264.0,37.265,22.98
72890,365,S1,267.0,37.110,22.98
72891,365,S1,270.0,36.930,22.98
72892,365,S1,273.0,36.628,22.98
72893,365,S1,276.0,36.493,22.98
72894,365,S1,279.0,36.267,22.98
72895,365,S1,282.0,36.071,22.98
72896,365,S1,285.0,35.881,22.98
72897,365,S1,288.0,35.661,22.98
72898,365,S1,291.0,35.541,22.98
72899,365,S1,294.0,35.278,22.98
72900,365,S1,297.0,35.198,22.98
72901,365,S1,300.0,34.971,22.98
72902,365,S1,303.0,34.816,22.98
72903,365,S1,306.0,34.668,22.98
72904,365,S1,309.0,34.433,22.98
72905,365,S1,312.0,34.239,22.98
72906,365,S1,315.0,34.083,22.98
72907,365,S1,318.0,33.976,22.98
72908,365,S1,321.0,33.871,22.98
72909,365,S1,324.0,33.655,22.98
72910,365,S1,327.0,33.383,22.98
72911,365,S1,330.0,33.346,22.98
72912,365,S1,333.0,33.201,22.98
72913,365,S1,336.0,32.996,22.98
72914,365,S1,339.0,32.845,22.98
72915,365,S1,342.0,32.718,22.98
72916,365,S1,345.0,32.580,22.98
72917,365,S1,348.0,32.509,22.98
72918,365,S1,351.0,32.310,22.98
72919,365,S1,354.0,32.084,22.98
72920,365,S1,357.0,31.954,22.98
72921,365,S1,360.0,31.857,22.98
72922,365,S1,363.0,31.671,22.98
72923,365,S1,366.0,31.592,22.98
72924,365,S1,369.0,31.410,22.98
72925,365,S1,372.0,31.242,22.98
72926,365,S1,375.0,31.193,22.98
72927,365,S1,378.0,31.143,22.98
72928,365,S1,381.0,31.001,22.98
72929,365,S1,384.0,30.943,22.98
72930,365,S1,387.0,30.819,22.98
72931,365,S1,390.0,30.648,22.98
72932,365,S1,393.0,30.533,22.98
72933,365,S1,396.0,30.325,22.98
72934,365,S1,399.0,30.274,22.98
72935,365,S1,402.0,30.166,22.98
72936,365,S1,405.0,30.063,22.98
72937,365,S1,408.0,30.012,22.98
72938,365,S1,411.0,29.929,22.98
72939,365,S1,414.0,29.701,22.98
72940,365,S1,417.0,29.766,22.98
72941,365,S1,420.0,29.620,22.98
72942,365,S1,423.0,29.528,22.98
72943,365,S1,426.0,29.439,22.98
72944,365,S1,429.0,29.361,22.98
72945,365,S1,432.0,29.210,22.98
72946,365,S1,435.0,29.131,22.98
72947,365,S1,438.0,29.027,22.98
72948,365,S1,441.0,28.893,22.98
72949,365,S1,444.0,28.821,22.98
72950,365,S1,447.0,28.768,22.98
72951,365,S1,450.0,28.730,22.98
72952,365,S1,453.0,28.534,22.98
72953,365,S1,456.0,28.521,22.98
72954,365,S1,459.0,28.361,22.98
72955,365,S1,462.0,28.366,22.98
72956,365,S1,465.0,28.221,22.98
72957,365,S1,468.0,28.110,22.98
72958,365,S1,471.0,28.058,22.98
72959,365,S1,474.0,28.030,22.98
72960,365,S1,477.0,27.910,22.98
72961,365,S1,480.0,27.896,22.98
72962,365,S1,483.0,27.904,22.98
72963,365,S1,486.0,27.734,22.98
72964,365,S1,489.0,27.684,22.98
72965,365,S1,492.0,27.540,22.98
72966,365,S1,495.0,27.496,22.98
72967,365,S1,498.0,27.526,22.98
72968,365,S1,501.0,27.373,22.98
72969,365,S1,504.0,27.325,22.98
72970,365,S1,507.0,27.249,22.98
72971,365,S1,510.0,27.282,22.98
72972,365,S1,513.0,27.152,22.98
72973,365,S1,516.0,27.173,22.98
72974,365,S1,519.0,26.995,22.98
72975,365,S1,522.0,26.923,22.98
72976,365,S1,525.0,26.847,22.98
72977,365,S1,528.0,26.851,22.98
72978,365,S1,531.0,26.780,22.98
72979,365,S1,534.0,26.677,22.98
72980,365,S1,537.0,26.643,22.98
72981,365,S1,540.0,26.687,22.98
72982,365,S1,543.0,26.652,22.98
72983,365,S1,546.0,26.552,22.98
72984,365,S1,549.0,26.380,22.98
72985,365,S1,552.0,26.355,22.98
72986,365,S1,555.0,26.363,22.98
72987,365,S1,558.0,26.406,22.98
72988,365,S1,561.0,26.257,22.98
72989,365,S1,564.0,26.180,22.98
72990,365,S1,567.0,26.167,22.98
72991,365,S1,570.0,26.005,22.98
72992,365,S1,573.0,26.113,22.98
72993,365,S1,576.0,26.031,22.98
72994,365,S1,579.0,26.039,22.98
72995,365,S1,582.0,25.827,22.98
72996,365,S1,585.0,25.870,22.98
72997,365,S1,588.0,25.907,22.98
72998,365,S1,591.0,25.713,22.98
72999,365,S1,594.0,25.758,22.98
73000,365,S1,597.0,25.780,22.98
73001,366,S2,0.0,78.614,21.44
73002,366,S2,3.0,76.958,21.44
73003,366,S2,6.0,75.385,21.44
73004,366,S2,9.0,73.840,21.44
73005,366,S2,12.0,72.242,21.44
73006,366,S2,15.0,70.850,21.44
73007,366,S2,18.0,69.420,21.44
73008,366,S2,21.0,68.043,21.44
73009,366,S2,24.0,66.731,21.44
73010,366,S2,27.0,65.395,21.44
73011,366,S2,30.0,64.103,21.44
73012,366,S2,33.0,62.947,21.44
73013,366,S2,36.0,61.872,21.44
73014,366,S2,39.0,60.614,21.44
73015,366,S2,42.0,59.487,21.44
73016,366,S2,45.0,58.461,21.44
73017,366,S2,48.0,57.283,21.44
73018,366,S2,51.0,56.316,21.44
73019,366,S2,54.0,55.353,21.44
73020,366,S2,57.0,54.327,21.44
73021,366,S2,60.0,53.466,21.44
73022,366,S2,63.0,52.521,21.44
73023,366,S2,66.0,51.602,21.44
73024,366,S2,69.0,50.817,21.44
73025,366,S2,72.0,49.954,21.44
73026,366,S2,75.0,49.159,21.44
73027,366,S2,78.0,48.355,21.44
73028,366,S2,81.0,47.541,21.44
73029,366,S2,84.0,46.847,21.44
73030,366,S2,87.0,46.071,21.44
73031,366,S2,90.0,45.386,21.44
73032,366,S2,93.0,44.678,21.44
73033,366,S2,96.0,43.968,21.44
73034,366,S2,99.0,43.388,21.44
73035,366,S2,102.0,42.653,21.44
73036,366,S2,105.0,42.220,21.44
73037,366,S2,108.0,41.610,21.44
73038,366,S2,111.0,40.933,21.44
73039,366,S2,114.0,40.443,21.44
73040,366,S2,117.0,39.882,21.44
73041,366,S2,120.0,39.317,21.44
73042,366,S2,123.0,38.876,21.44
73043,366,S2,126.0,38.276,21.44
73044,366,S2,129.0,37.867,21.44
73045,366,S2,132.0,37.320,21.44
73046,366,S2,135.0,36.959,21.44
73047,366,S2,138.0,36.530,21.44
73048,366,S2,141.0,36.067,21.44
73049,366,S2,144.0,35.550,21.44
73050,366,S2,147.0,35.170,21.44
73051,366,S2,150.0,34.870,21.44
73052,366,S2,153.0,34.440,21.44
73053,366,S2,156.0,34.005,21.44
73054,366,S2,159.0,33.786,21.44
73055,366,S2,162.0,33.395,21.44
73056,366,S2,165.0,33.068,21.44
73057,366,S2,168.0,32.765,21.44
73058,366,S2,171.0,32.295,21.44
73059,366,S2,174.0,32.148,21.44
73060,366,S2,177.0,31.818,21.44
73061,366,S2,180.0,31.430,21.44
73062,366,S2,183.0,31.201,21.44
73063,366,S2,186.0,30.923,21.44
73064,366,S2,189.0,30.674,21.44
73065,366,S2,192.0,30.388,21.44
73066,366,S2,195.0,30.064,21.44
73067,366,S2,198.0,29.817,21.44
73068,366,S2,201.0,29.657,21.44
73069,366,S2,204.0,29.390,21.44
73070,366,S2,207.0,29.076,21.44
73071,366,S2,210.0,28.848,21.44
73072,366,S2,213.0,28.694,21.44
73073,366,S2,216.0,28.552,21.44
73074,366,S2,219.0,28.292,21.44
73075,366,S2,222.0,28.112,21.44
73076,366,S2,225.0,27.866,21.44
73077,366,S2,228.0,27.654,21.44
73078,366,S2,231.0,27.613,21.44
73079,366,S2,234.0,27.417,21.44
73080,366,S2,237.0,27.217,21.44
73081,366,S2,240.0,27.032,21.44
73082,366,S2,243.0,26.907,21.44
73083,366,S2,246.0,26.846,21.44
73084,366,S2,249.0,26.555,21.44
73085,366,S2,252.0,26.342,21.44
73086,366,S2,255.0,26.307,21.44
73087,366,S2,258.0,26.037,21.44
73088,366,S2,261.0,25.859,21.44
73089,366,S2,264.0,25.855,21.44
73090,366,S2,267.0,25.763,21.44
73091,366,S2,270.0,25.653,21.44
73092,366,S2,273.0,25.512,21.44
73093,366,S2,276.0,25.319,21.44
73094,366,S2,279.0,25.242,21.44
73095,366,S2,282.0,25.164,21.44
73096,366,S2,285.0,25.097,21.44
73097,366,S2,288.0,24.967,21.44
73098,366,S2,291.0,24.834,21.44
73099,366,S2,294.0,24.724,21.44
73100,366,S2,297.0,24.620,21.44
73101,366,S2,300.0,24.581,21.44
73102,366,S2,303.0,24.548,21.44
73103,366,S2,306.0,24.376,21.44
73104,366,S2,309.0,24.285,21.44
73105,366,S2,312.0,24.249,21.44
73106,366,S2,315.0,24.226,21.44
73107,366,S2,318.0,24.054,21.44
73108,366,S2,321.0,24.013,21.44
73109,366,S2,324.0,24.039,21.44
73110,366,S2,327.0,23.846,21.44
73111,366,S2,330.0,23.817,21.44
73112,366,S2,333.0,23.717,21.44
73113,366,S2,336.0,23.565,21.44
73114,366,S2,339.0,23.623,21.44
73115,366,S2,342.0,23.524,21.44
73116,366,S2,345.0,23.477,21.44
73117,366,S2,348.0,23.426,21.44
73118,366,S2,351.0,23.345,21.44
73119,366,S2,354.0,23.286,21.44
73120,366,S2,357.0,23.353,21.44
73121,366,S2,360.0,23.246,21.44
73122,366,S2,363.0,23.096,21.44
73123,366,S2,366.0,23.011,21.44
73124,366,S2,369.0,23.092,21.44
73125,366,S2,372.0,23.034,21.44
73126,366,S2,375.0,22.953,21.44
73127,366,S2,378.0,22.940,21.44
73128,366,S2,381.0,22.859,21.44
73129,366,S2,384.0,22.899,21.44
73130,366,S2,387.0,22.802,21.44
73131,366,S2,390.0,22.738,21.44
73132,366,S2,393.0,22.642,21.44
73133,366,S2,396.0,22.621,21.44
73134,366,S2,399.0,22.655,21.44
73135,366,S2,402.0,22.614,21.44
73136,366,S2,405.0,22.506,21.44
73137,366,S2,408.0,22.678,21.44
73138,366,S2,411.0,22.498,21.44
73139,366,S2,414.0,22.488,21.44
73140,366,S2,417.0,22.443,21.44
73141,366,S2,420.0,22.373,21.44
73142,366,S2,423.0,22.457,21.44
73143,366,S2,426.0,22.448,21.44
73144,366,S2,429.0,22.327,21.44
73145,366,S2,432.0,22.306,21.44
73146,366,S2,435.0,22.208,21.44
73147,366,S2,438.0,22.355,21.44
73148,366,S2,441.0,22.299,21.44
73149,366,S2,444.0,22.246,21.44
73150,366,S2,447.0,22.219,21.44
73151,366,S2,450.0,22.212,21.44
73152,366,S2,453.0,22.270,21.44
73153,366,S2,456.0,22.069,21.44
73154,366,S2,459.0,22.107,21.44
73155,366,S2,462.0,22.149,21.44
73156,366,S2,465.0,21.954,21.44
73157,366,S2,468.0,22.038,21.44
73158,366,S2,471.0,22.082,21.44
73159,366,S2,474.0,22.048,21.44
73160,366,S2,477.0,22.030,21.44
73161,366,S2,480.0,21.968,21.44
73162,366,S2,483.0,21.994,21.44
73163,366,S2,486.0,21.993,21.44
73164,366,S2,489.0,21.929,21.44
73165,366,S2,492.0,21.957,21.44
73166,366,S2,495.0,21.939,21.44
73167,366,S2,498.0,21.904,21.44
73168,366,S2,501.0,21.899,21.44
73169,366,S2,504.0,21.856,21.44
73170,366,S2,507.0,21.779,21.44
73171,366,S2,510.0,21.784,21.44
73172,366,S2,513.0,21.880,21.44
73173,366,S2,516.0,21.772,21.44
73174,366,S2,519.0,21.804,21.44
73175,366,S2,522.0,21.803,21.44
73176,366,S2,525.0,21.870,21.44
73177,366,S2,528.0,21.851,21.44
73178,366,S2,531.0,21.840,21.44
73179,366,S2,534.0,21.807,21.44
73180,366,S2,537.0,21.790,21.44
73181,366,S2,540.0,21.788,21.44
73182,366,S2,543.0,21.673,21.44
73183,366,S2,546.0,21.751,21.44
73184,366,S2,549.0,21.739,21.44
73185,366,S2,552.0,21.758,21.44
73186,366,S2,555.0,21.639,21.44
73187,366,S2,558.0,21.774,21.44
73188,366,S2,561.0,21.649,21.44
73189,366,S2,564.0,21.725,21.44
73190,366,S2,567.0,21.844,21.44
73191,366,S2,570.0,21.695,21.44
73192,366,S2,573.0,21.592,21.44
73193,366,S2,576.0,21.638,21.44
73194,366,S2,579.0,21.544,21.44
73195,366,S2,582.0,21.528,21.44
73196,366,S2,585.0,21.563,21.44
73197,366,S2,588.0,21.660,21.44
73198,366,S2,591.0,21.604,21.44
73199,366,S2,594.0,21.548,21.44
73200,366,S2,597.0,21.505,21.44
73201,367,S3,0.0,92.337,21.43
73202,367,S3,3.0,90.312,21.43
73203,367,S3,6.0,88.468,21.43
73204,367,S3,9.0,86.518,21.43
73205,367,S3,12.0,84.701,21.43
73206,367,S3,15.0,82.970,21.43
73207,367,S3,18.0,81.205,21.43
73208,367,S3,21.0,79.732,21.43
73209,367,S3,24.0,78.030,21.43
73210,367,S3,27.0,76.494,21.43
73211,367,S3,30.0,74.988,21.43
73212,367,S3,33.0,73.432,21.43
73213,367,S3,36.0,71.901,21.43
73214,367,S3,39.0,70.634,21.43
73215,367,S3,42.0,69.292,21.43
73216,367,S3,45.0,67.997,21.43
73217,367,S3,48.0,66.574,21.43
73218,367,S3,51.0,65.507,21.43
73219,367,S3,54.0,64.223,21.43
73220,367,S3,57.0,62.991,21.43
73221,367,S3,60.0,61.757,21.43
73222,367,S3,63.0,60.700,21.43
73223,367,S3,66.0,59.669,21.43
73224,367,S3,69.0,58.697,21.43
73225,367,S3,72.0,57.527,21.43
73226,367,S3,75.0,56.651,21.43
73227,367,S3,78.0,55.647,21.43
73228,367,S3,81.0,54.632,21.43
73229,367,S3,84.0,53.783,21.43
73230,367,S3,87.0,52.844,21.43
73231,367,S3,90.0,52.083,21.43
73232,367,S3,93.0,51.145,21.43
73233,367,S3,96.0,50.340,21.43
73234,367,S3,99.0,49.540,21.43
73235,367,S3,102.0,48.772,21.43
73236,367,S3,105.0,48.011,21.43
73237,367,S3,108.0,47.209,21.43
73238,367,S3,111.0,46.538,21.43
73239,367,S3,114.0,45.843,21.43
73240,367,S3,117.0,45.189,21.43
73241,367,S3,120.0,44.598,21.43
73242,367,S3,123.0,43.855,21.43
73243,367,S3,126.0,43.227,21.43
73244,367,S3,129.0,42.682,21.43
73245,367,S3,132.0,42.052,21.43
73246,367,S3,135.0,41.461,21.43
73247,367,S3,138.0,40.928,21.43
73248,367,S3,141.0,40.289,21.43
73249,367,S3,144.0,39.899,21.43
73250,367,S3,147.0,39.403,21.43
73251,367,S3,150.0,38.907,21.43
73252,367,S3,153.0,38.388,21.43
73253,367,S3,156.0,37.886,21.43
73254,367,S3,159.0,37.503,21.43
73255,367,S3,162.0,36.956,21.43
73256,367,S3,165.0,36.504,21.43
73257,367,S3,168.0,36.227,21.43
73258,367,S3,171.0,35.824,21.43
73259,367,S3,174.0,35.461,21.43
73260,367,S3,177.0,35.028,21.43
73261,367,S3,180.0,34.657,21.43
73262,367,S3,183.0,34.193,21.43
73263,367,S3,186.0,33.938,21.43
73264,367,S3,189.0,33.589,21.43
73265,367,S3,192.0,33.232,21.43
73266,367,S3,195.0,32.816,21.43
73267,367,S3,198.0,32.543,21.43
73268,367,S3,201.0,32.257,21.43
73269,367,S3,204.0,32.001,21.43
73270,367,S3,207.0,31.660,21.43
73271,367,S3,210.0,31.453,21.43
73272,367,S3,213.0,31.086,21.43
73273,367,S3,216.0,30.929,21.43
73274,367,S3,219.0,30.606,21.43
73275,367,S3,222.0,30.347,21.43
73276,367,S3,225.0,30.093,21.43
73277,367,S3,228.0,29.870,21.43
73278,367,S3,231.0,29.709,21.43
73279,367,S3,234.0,29.345,21.43
73280,367,S3,237.0,29.210,21.43
73281,367,S3,240.0,28.933,21.43
73282,367,S3,243.0,28.756,21.43
73283,367,S3,246.0,28.521,21.43
73284,367,S3,249.0,28.313,21.43
73285,367,S3,252.0,28.118,21.43
73286,367,S3,255.0,28.008,21.43
73287,367,S3,258.0,27.742,21.43
73288,367,S3,261.0,27.554,21.43
73289,367,S3,264.0,27.428,21.43
73290,367,S3,267.0,27.235,21.43
73291,367,S3,270.0,27.094,21.43
73292,367,S3,273.0,26.907,21.43
73293,367,S3,276.0,26.807,21.43
73294,367,S3,279.0,26.686,21.43
73295,367,S3,282.0,26.561,21.43
73296,367,S3,285.0,26.307,21.43
73297,367,S3,288.0,26.167,21.43
73298,367,S3,291.0,26.175,21.43
73299,367,S3,294.0,25.998,21.43
73300,367,S3,297.0,25.804,21.43
73301,367,S3,300.0,25.815,21.43
73302,367,S3,303.0,25.648,21.43
73303,367,S3,306.0,25.432,21.43
73304,367,S3,309.0,25.381,21.43
73305,367,S3,312.0,25.214,21.43
73306,367,S3,315.0,25.210,21.43
73307,367,S3,318.0,25.175,21.43
73308,367,S3,321.0,25.023,21.43
73309,367,S3,324.0,24.863,21.43
73310,367,S3,327.0,24.855,21.43
73311,367,S3,330.0,24.587,21.43
73312,367,S3,333.0,24.515,21.43
73313,367,S3,336.0,24.529,21.43
73314,367,S3,339.0,24.357,21.43
73315,367,S3,342.0,24.301,21.43
73316,367,S3,345.0,24.263,21.43
73317,367,S3,348.0,24.211,21.43
73318,367,S3,351.0,24.046,21.43
73319,367,S3,354.0,23.966,21.43
73320,367,S3,357.0,23.915,21.43
73321,367,S3,360.0,23.901,21.43
73322,367,S3,363.0,23.855,21.43
73323,367,S3,366.0,23.677,21.43
73324,367,S3,369.0,23.670,21.43
73325,367,S3,372.0,23.597,21.43
73326,367,S3,375.0,23.635,21.43
73327,367,S3,378.0,23.453,21.43
73328,367,S3,381.0,23.442,21.43
73329,367,S3,384.0,23.397,21.43
73330,367,S3,387.0,23.274,21.43
73331,367,S3,390.0,23.245,21.43
73332,367,S3,393.0,23.232,21.43
73333,367,S3,396.0,23.164,21.43
73334,367,S3,399.0,23.170,21.43
73335,367,S3,402.0,23.166,21.43
73336,367,S3,405.0,22.991,21.43
73337,367,S3,408.0,22.989,21.43
73338,367,S3,411.0,22.974,21.43
73339,367,S3,414.0,22.908,21.43
73340,367,S3,417.0,22.917,21.43
73341,367,S3,420.0,22.851,21.43
73342,367,S3,423.0,22.829,21.43
73343,367,S3,426.0,22.669,21.43
73344,367,S3,429.0,22.729,21.43
73345,367,S3,432.0,22.638,21.43
73346,367,S3,435.0,22.619,21.43
73347,367,S3,438.0,22.640,21.43
73348,367,S3,441.0,22.584,21.43
73349,367,S3,444.0,22.591,21.43
73350,367,S3,447.0,22.573,21.43
73351,367,S3,450.0,22.534,21.43
73352,367,S3,453.0,22.523,21.43
73353,367,S3,456.0,22.416,21.43
73354,367,S3,459.0,22.470,21.43
73355,367,S3,462.0,22.340,21.43
73356,367,S3,465.0,22.246,21.43
73357,367,S3,468.0,22.353,21.43
73358,367,S3,471.0,22.229,21.43
73359,367,S3,474.0,22.298,21.43
73360,367,S3,477.0,22.179,21.43
73361,367,S3,480.0,22.187,21.43
73362,367,S3,483.0,22.244,21.43
73363,367,S3,486.0,22.193,21.43
73364,367,S3,489.0,22.224,21.43
73365,367,S3,492.0,22.210,21.43
73366,367,S3,495.0,22.082,21.43
73367,367,S3,498.0,22.113,21.43
73368,367,S3,501.0,22.015,21.43
73369,367,S3,504.0,22.088,21.43
73370,367,S3,507.0,22.136,21.43
73371,367,S3,510.0,22.069,21.43
73372,367,S3,513.0,22.100,21.43
73373,367,S3,516.0,22.033,21.43
73374,367,S3,519.0,21.967,21.43
73375,367,S3,522.0,21.956,21.43
73376,367,S3,525.0,22.018,21.43
73377,367,S3,528.0,21.973,21.43
73378,367,S3,531.0,21.934,21.43
73379,367,S3,534.0,22.029,21.43
73380,367,S3,537.0,21.901,21.43
73381,367,S3,540.0,21.964,21.43
73382,367,S3,543.0,21.817,21.43
73383,367,S3,546.0,21.888,21.43
73384,367,S3,549.0,21.885,21.43
73385,367,S3,552.0,21.815,21.43
73386,367,S3,555.0,21.796,21.43
73387,367,S3,558.0,21.816,21.43
73388,367,S3,561.0,21.794,21.43
73389,367,S3,564.0,21.761,21.43
73390,367,S3,567.0,21.740,21.43
73391,367,S3,570.0,21.879,21.43
73392,367,S3,573.0,21.766,21.43
73393,367,S3,576.0,21.717,21.43
73394,367,S3,579.0,21.635,21.43
73395,367,S3,582.0,21.779,21.43
73396,367,S3,585.0,21.703,21.43
73397,367,S3,588.0,21.721,21.43
73398,367,S3,591.0,21.758,21.43
73399,367,S3,594.0,21.639,21.43
73400,367,S3,597.0,21.745,21.43
73401,368,S4,0.0,91.227,22.23
73402,368,S4,3.0,90.300,22.23
73403,368,S4,6.0,89.168,22.23
73404,368,S4,9.0,88.237,22.23
73405,368,S4,12.0,87.218,22.23
73406,368,S4,15.0,86.252,22.23
73407,368,S4,18.0,85.318,22.23
73408,368,S4,21.0,84.343,22.23
73409,368,S4,24.0,83.492,22.23
73410,368,S4,27.0,82.435,22.23
73411,368,S4,30.0,81.536,22.23
73412,368,S4,33.0,80.660,22.23
73413,368,S4,36.0,79.857,22.23
73414,368,S4,39.0,78.975,22.23
73415,368,S4,42.0,78.141,22.23
73416,368,S4,45.0,77.263,22.23
73417,368,S4,48.0,76.447,22.23
73418,368,S4,51.0,75.694,22.23
73419,368,S4,54.0,74.886,22.23
73420,368,S4,57.0,74.031,22.23
73421,368,S4,60.0,73.271,22.23
73422,368,S4,63.0,72.536,22.23
73423,368,S4,66.0,71.658,22.23
73424,368,S4,69.0,71.016,22.23
73425,368,S4,72.0,70.196,22.23
73426,368,S4,75.0,69.596,22.23
73427,368,S4,78.0,68.891,22.23
73428,368,S4,81.0,68.139,22.23
73429,368,S4,84.0,67.467,22.23
73430,368,S4,87.0,66.750,22.23
73431,368,S4,90.0,65.992,22.23
73432,368,S4,93.0,65.441,22.23
73433,368,S4,96.0,64.753,22.23
73434,368,S4,99.0,64.200,22.23
73435,368,S4,102.0,63.537,22.23
73436,368,S4,105.0,62.964,22.23
73437,368,S4,108.0,62.321,22.23
73438,368,S4,111.0,61.705,22.23
73439,368,S4,114.0,61.149,22.23
73440,368,S4,117.0,60.400,22.23
73441,368,S4,120.0,59.967,22.23
73442,368,S4,123.0,59.400,22.23
73443,368,S4,126.0,58.744,22.23
73444,368,S4,129.0,58.295,22.23
73445,368,S4,132.0,57.813,22.23
73446,368,S4,135.0,57.251,22.23
73447,368,S4,138.0,56.695,22.23
73448,368,S4,141.0,56.095,22.23
73449,368,S4,144.0,55.643,22.23
73450,368,S4,147.0,55.104,22.23
73451,368,S4,150.0,54.682,22.23
73452,368,S4,153.0,54.309,22.23
73453,368,S4,156.0,53.711,22.23
73454,368,S4,159.0,53.244,22.23
73455,368,S4,162.0,52.680,22.23
73456,368,S4,165.0,52.293,22.23
73457,368,S4,168.0,51.786,22.23
73458,368,S4,171.0,51.343,22.23
73459,368,S4,174.0,50.967,22.23
73460,368,S4,177.0,50.590,22.23
73461,368,S4,180.0,50.100,22.23
73462,368,S4,183.0,49.677,22.23
73463,368,S4,186.0,49.345,22.23
73464,368,S4,189.0,48.871,22.23
73465,368,S4,192.0,48.481,22.23
73466,368,S4,195.0,48.138,22.23
73467,368,S4,198.0,47.544,22.23
73468,368,S4,201.0,47.409,22.23
73469,368,S4,204.0,46.967,22.23
73470,368,S4,207.0,46.578,22.23
73471,368,S4,210.0,46.264,22.23
73472,368,S4,213.0,45.746,22.23
73473,368,S4,216.0,45.531,22.23
73474,368,S4,219.0,45.184,22.23
73475,368,S4,222.0,44.871,22.23
73476,368,S4,225.0,44.563,22.23
73477,368,S4,228.0,44.159,22.23
73478,368,S4,231.0,43.742,22.23
73479,368,S4,234.0,43.513,22.23
73480,368,S4,237.0,43.169,22.23
73481,368,S4,240.0,42.910,22.23
73482,368,S4,243.0,42.574,22.23
73483,368,S4,246.0,42.229,22.23
73484,368,S4,249.0,41.955,22.23
73485,368,S4,252.0,41.652,22.23
73486,368,S4,255.0,41.299,22.23
73487,368,S4,258.0,41.031,22.23
73488,368,S4,261.0,40.741,22.23
73489,368,S4,264.0,40.458,22.23
73490,368,S4,267.0,40.229,22.23
73491,368,S4,270.0,39.911,22.23
73492,368,S4,273.0,39.639,22.23
73493,368,S4,276.0,39.414,22.23
73494,368,S4,279.0,39.167,22.23
73495,368,S4,282.0,38.905,22.23
73496,368,S4,285.0,38.743,22.23
73497,368,S4,288.0,38.461,22.23
73498,368,S4,291.0,38.129,22.23
73499,368,S4,294.0,37.904,22.23
73500,368,S4,297.0,37.691,22.23
73501,368,S4,300.0,37.532,22.23
73502,368,S4,303.0,37.255,22.23
73503,368,S4,306.0,37.040,22.23
73504,368,S4,309.0,36.718,22.23
73505,368,S4,312.0,36.591,22.23
73506,368,S4,315.0,36.515,22.23
73507,368,S4,318.0,36.119,22.23
73508,368,S4,321.0,35.937,22.23
73509,368,S4,324.0,35.810,22.23
73510,368,S4,327.0,35.525,22.23
73511,368,S4,330.0,35.228,22.23
73512,368,S4,333.0,35.131,22.23
73513,368,S4,336.0,34.972,22.23
73514,368,S4,339.0,34.710,22.23
73515,368,S4,342.0,34.532,22.23
73516,368,S4,345.0,34.420,22.23
73517,368,S4,348.0,34.211,22.23
73518,368,S4,351.0,33.988,22.23
73519,368,S4,354.0,33.856,22.23
73520,368,S4,357.0,33.686,22.23
73521,368,S4,360.0,33.532,22.23
73522,368,S4,363.0,33.335,22.23
73523,368,S4,366.0,33.138,22.23
73524,368,S4,369.0,33.010,22.23
73525,368,S4,372.0,32.775,22.23
73526,368,S4,375.0,32.676,22.23
73527,368,S4,378.0,32.523,22.23
73528,368,S4,381.0,32.416,22.23
73529,368,S4,384.0,32.154,22.23
73530,368,S4,387.0,32.097,22.23
73531,368,S4,390.0,31.871,22.23
73532,368,S4,393.0,31.815,22.23
73533,368,S4,396.0,31.632,22.23
73534,368,S4,399.0,31.475,22.23
73535,368,S4,402.0,31.274,22.23
73536,368,S4,405.0,31.232,22.23
73537,368,S4,408.0,31.068,22.23
73538,368,S4,411.0,30.908,22.23
73539,368,S4,414.0,30.794,22.23
73540,368,S4,417.0,30.621,22.23
73541,368,S4,420.0,30.582,22.23
73542,368,S4,423.0,30.406,22.23
73543,368,S4,426.0,30.369,22.23
73544,368,S4,429.0,30.134,22.23
73545,368,S4,432.0,30.080,22.23
73546,368,S4,435.0,29.899,22.23
73547,368,S4,438.0,29.779,22.23
73548,368,S4,441.0,29.669,22.23
73549,368,S4,444.0,29.650,22.23
73550,368,S4,447.0,29.478,22.23
73551,368,S4,450.0,29.334,22.23
73552,368,S4,453.0,29.276,22.23
73553,368,S4,456.0,29.182,22.23
73554,368,S4,459.0,29.065,22.23
73555,368,S4,462.0,28.974,22.23
73556,368,S4,465.0,28.855,22.23
73557,368,S4,468.0,28.859,22.23
73558,368,S4,471.0,28.671,22.23
73559,368,S4,474.0,28.594,22.23
73560,368,S4,477.0,28.408,22.23
73561,368,S4,480.0,28.325,22.23
73562,368,S4,483.0,28.319,22.23
73563,368,S4,486.0,28.199,22.23
73564,368,S4,489.0,28.071,22.23
73565,368,S4,492.0,28.023,22.23
73566,368,S4,495.0,27.876,22.23
73567,368,S4,498.0,27.833,22.23
73568,368,S4,501.0,27.765,22.23
73569,368,S4,504.0,27.741,22.23
73570,368,S4,507.0,27.604,22.23
73571,368,S4,510.0,27.546,22.23
73572,368,S4,513.0,27.460,22.23
73573,368,S4,516.0,27.397,22.23
73574,368,S4,519.0,27.270,22.23
73575,368,S4,522.0,27.205,22.23
73576,368,S4,525.0,26.985,22.23
73577,368,S4,528.0,27.064,22.23
73578,368,S4,531.0,27.024,22.23
73579,368,S4,534.0,26.927,22.23
73580,368,S4,537.0,26.840,22.23
73581,368,S4,540.0,26.791,22.23
73582,368,S4,543.0,26.675,22.23
73583,368,S4,546.0,26.629,22.23
73584,368,S4,549.0,26.579,22.23
73585,368,S4,552.0,26.492,22.23
73586,368,S4,555.0,26.451,22.23
73587,368,S4,558.0,26.366,22.23
73588,368,S4,561.0,26.293,22.23
73589,368,S4,564.0,26.266,22.23
73590,368,S4,567.0,26.220,22.23
73591,368,S4,570.0,26.063,22.23
73592,368,S4,573.0,26.123,22.23
73593,368,S4,576.0,26.071,22.23
73594,368,S4,579.0,25.963,22.23
73595,368,S4,582.0,25.934,22.23
73596,368,S4,585.0,25.867,22.23
73597,368,S4,588.0,25.835,22.23
73598,368,S4,591.0,25.822,22.23
73599,368,S4,594.0,25.669,22.23
73600,368,S4,597.0,25.604,22.23
73601,369,S1,0.0,75.587,20.90
73602,369,S1,3.0,74.849,20.90
73603,369,S1,6.0,74.074,20.90
73604,369,S1,9.0,73.497,20.90
73605,369,S1,12.0,72.755,20.90
73606,369,S1,15.0,72.152,20.90
73607,369,S1,18.0,71.428,20.90
73608,369,S1,21.0,70.836,20.90
73609,369,S1,24.0,70.139,20.90
73610,369,S1,27.0,69.543,20.90
73611,369,S1,30.0,69.007,20.90
73612,369,S1,33.0,68.462,20.90
73613,369,S1,36.0,67.685,20.90
73614,369,S1,39.0,67.085,20.90
73615,369,S1,42.0,66.521,20.90
73616,369,S1,45.0,65.939,20.90
73617,369,S1,48.0,65.419,20.90
73618,369,S1,51.0,64.905,20.90
73619,369,S1,54.0,64.256,20.90
73620,369,S1,57.0,63.675,20.90
73621,369,S1,60.0,63.118,20.90
73622,369,S1,63.0,62.622,20.90
73623,369,S1,66.0,62.128,20.90
73624,369,S1,69.0,61.566,20.90
73625,369,S1,72.0,60.962,20.90
73626,369,S1,75.0,60.575,20.90
73627,369,S1,78.0,59.985,20.90
73628,369,S1,81.0,59.478,20.90
73629,369,S1,84.0,59.042,20.90
73630,369,S1,87.0,58.390,20.90
73631,369,S1,90.0,58.088,20.90
73632,369,S1,93.0,57.478,20.90
73633,369,S1,96.0,57.162,20.90
73634,369,S1,99.0,56.640,20.90
73635,369,S1,102.0,56.198,20.90
73636,369,S1,105.0,55.771,20.90
73637,369,S1,108.0,55.295,20.90
73638,369,S1,111.0,54.883,20.90
73639,369,S1,114.0,54.416,20.90
73640,369,S1,117.0,53.958,20.90
73641,369,S1,120.0,53.522,20.90
73642,369,S1,123.0,53.127,20.90
73643,369,S1,126.0,52.677,20.90
73644,369,S1,129.0,52.361,20.90
73645,369,S1,132.0,51.893,20.90
73646,369,S1,135.0,51.493,20.90
73647,369,S1,138.0,51.131,20.90
73648,369,S1,141.0,50.692,20.90
73649,369,S1,144.0,50.451,20.90
73650,369,S1,147.0,49.972,20.90
73651,369,S1,150.0,49.606,20.90
73652,369,S1,153.0,49.234,20.90
73653,369,S1,156.0,48.900,20.90
73654,369,S1,159.0,48.489,20.90
73655,369,S1,162.0,48.140,20.90
73656,369,S1,165.0,47.772,20.90
73657,369,S1,168.0,47.480,20.90
73658,369,S1,171.0,47.197,20.90
73659,369,S1,174.0,46.813,20.90
73660,369,S1,177.0,46.397,20.90
73661,369,S1,180.0,46.116,20.90
73662,369,S1,183.0,45.793,20.90
73663,369,S1,186.0,45.469,20.90
73664,369,S1,189.0,45.225,20.90
73665,369,S1,192.0,44.884,20.90
73666,369,S1,195.0,44.610,20.90
73667,369,S1,198.0,44.286,20.90
73668,369,S1,201.0,43.985,20.90
73669,369,S1,204.0,43.767,20.90
73670,369,S1,207.0,43.354,20.90
73671,369,S1,210.0,43.186,20.90
73672,369,S1,213.0,42.804,20.90
73673,369,S1,216.0,42.511,20.90
73674,369,S1,219.0,42.306,20.90
73675,369,S1,222.0,41.987,20.90
73676,369,S1,225.0,41.724,20.90
73677,369,S1,228.0,41.450,20.90
73678,369,S1,231.0,41.180,20.90
73679,369,S1,234.0,40.918,20.90
73680,369,S1,237.0,40.654,20.90
73681,369,S1,240.0,40.431,20.90
73682,369,S1,243.0,40.115,20.90
73683,369,S1,246.0,39.941,20.90
73684,369,S1,249.0,39.687,20.90
73685,369,S1,252.0,39.366,20.90
73686,369,S1,255.0,39.176,20.90
73687,369,S1,258.0,38.898,20.90
73688,369,S1,261.0,38.709,20.90
73689,369,S1,264.0,38.519,20.90
73690,369,S1,267.0,38.230,20.90
73691,369,S1,270.0,38.084,20.90
73692,369,S1,273.0,37.790,20.90
73693,369,S1,276.0,37.566,20.90
73694,369,S1,279.0,37.359,20.90
73695,369,S1,282.0,37.215,20.90
73696,369,S1,285.0,36.949,20.90
73697,369,S1,288.0,36.826,20.90
73698,369,S1,291.0,36.628,20.90
73699,369,S1,294.0,36.264,20.90
73700,369,S1,297.0,36.152,20.90
73701,369,S1,300.0,35.970,20.90
73702,369,S1,303.0,35.793,20.90
73703,369,S1,306.0,35.510,20.90
73704,369,S1,309.0,35.456,20.90
73705,369,S1,312.0,35.159,20.90
73706,369,S1,315.0,35.126,20.90
73707,369,S1,318.0,34.788,20.90
73708,369,S1,321.0,34.645,20.90
73709,369,S1,324.0,34.437,20.90
73710,369,S1,327.0,34.374,20.90
73711,369,S1,330.0,34.084,20.90
73712,369,S1,333.0,33.984,20.90
73713,369,S1,336.0,33.843,20.90
73714,369,S1,339.0,33.615,20.90
73715,369,S1,342.0,33.508,20.90
73716,369,S1,345.0,33.308,20.90
73717,369,S1,348.0,33.162,20.90
73718,369,S1,351.0,33.026,20.90
73719,369,S1,354.0,32.875,20.90
73720,369,S1,357.0,32.706,20.90
73721,369,S1,360.0,32.492,20.90
73722,369,S1,363.0,32.372,20.90
73723,369,S1,366.0,32.270,20.90
73724,369,S1,369.0,32.032,20.90
73725,369,S1,372.0,31.936,20.90
73726,369,S1,375.0,31.854,20.90
73727,369,S1,378.0,31.858,20.90
73728,369,S1,381.0,31.538,20.90
73729,369,S1,384.0,31.298,20.90
73730,369,S1,387.0,31.359,20.90
73731,369,S1,390.0,31.134,20.90
73732,369,S1,393.0,30.921,20.90
73733,369,S1,396.0,30.799,20.90
73734,369,S1,399.0,30.750,20.90
73735,369,S1,402.0,30.632,20.90
73736,369,S1,405.0,30.516,20.90
73737,369,S1,408.0,30.363,20.90
73738,369,S1,411.0,30.175,20.90
73739,369,S1,414.0,30.136,20.90
73740,369,S1,417.0,29.970,20.90
73741,369,S1,420.0,29.876,20.90
73742,369,S1,423.0,29.734,20.90
73743,369,S1,426.0,29.698,20.90
73744,369,S1,429.0,29.487,20.90
73745,369,S1,432.0,29.422,20.90
73746,369,S1,435.0,29.334,20.90
73747,369,S1,438.0,29.296,20.90
73748,369,S1,441.0,29.175,20.90
73749,369,S1,444.0,29.027,20.90
73750,369,S1,447.0,28.855,20.90
73751,369,S1,450.0,28.850,20.90
73752,369,S1,453.0,28.789,20.90
73753,369,S1,456.0,28.710,20.90
73754,369,S1,459.0,28.537,20.90
73755,369,S1,462.0,28.370,20.90
73756,369,S1,465.0,28.290,20.90
73757,369,S1,468.0,28.226,20.90
73758,369,S1,471.0,28.139,20.90
73759,369,S1,474.0,27.990,20.90
73760,369,S1,477.0,27.913,20.90
73761,369,S1,480.0,27.902,20.90
73762,369,S1,483.0,27.704,20.90
73763,369,S1,486.0,27.690,20.90
73764,369,S1,489.0,27.553,20.90
73765,369,S1,492.0,27.446,20.90
73766,369,S1,495.0,27.462,20.90
73767,369,S1,498.0,27.366,20.90
73768,369,S1,501.0,27.214,20.90
73769,369,S1,504.0,27.245,20.90
73770,369,S1,507.0,27.175,20.90
73771,369,S1,510.0,27.052,20.90
73772,369,S1,513.0,26.944,20.90
73773,369,S1,516.0,26.786,20.90
73774,369,S1,519.0,26.768,20.90
73775,369,S1,522.0,26.703,20.90
73776,369,S1,525.0,26.682,20.90
73777,369,S1,528.0,26.447,20.90
73778,369,S1,531.0,26.573,20.90
73779,369,S1,534.0,26.408,20.90
73780,369,S1,537.0,26.233,20.90
73781,369,S1,540.0,26.239,20.90
73782,369,S1,543.0,26.277,20.90
73783,369,S1,546.0,26.123,20.90
73784,369,S1,549.0,26.059,20.90
73785,369,S1,552.0,25.931,20.90
73786,369,S1,555.0,25.932,20.90
73787,369,S1,558.0,25.941,20.90
73788,369,S1,561.0,25.696,20.90
73789,369,S1,564.0,25.772,20.90
73790,369,S1,567.0,25.676,20.90
73791,369,S1,570.0,25.643,20.90
73792,369,S1,573.0,25.638,20.90
73793,369,S1,576.0,25.449,20.90
73794,369,S1,579.0,25.450,20.90
73795,369,S1,582.0,25.513,20.90
73796,369,S1,585.0,25.328,20.90
73797,369,S1,588.0,25.230,20.90
73798,369,S1,591.0,25.217,20.90
73799,369,S1,594.0,25.172,20.90
73800,369,S1,597.0,25.124,20.90
73801,370,S2,0.0,71.978,20.07
73802,370,S2,3.0,71.052,20.07
73803,370,S2,6.0,70.258,20.07
73804,370,S2,9.0,69.391,20.07
73805,370,S2,12.0,68.546,20.07
73806,370,S2,15.0,67.818,20.07
73807,370,S2,18.0,67.027,20.07
73808,370,S2,21.0,66.165,20.07
73809,370,S2,24.0,65.525,20.07
73810,370,S2,27.0,64.536,20.07
73811,370,S2,30.0,63.963,20.07
73812,370,S2,33.0,63.264,20.07
73813,370,S2,36.0,62.417,20.07
73814,370,S2,39.0,61.776,20.07
73815,370,S2,42.0,61.051,20.07
73816,370,S2,45.0,60.435,20.07
73817,370,S2,48.0,59.711,20.07
73818,370,S2,51.0,59.075,20.07
73819,370,S2,54.0,58.410,20.07
73820,370,S2,57.0,57.839,20.07
73821,370,S2,60.0,57.146,20.07
73822,370,S2,63.0,56.515,20.07
73823,370,S2,66.0,55.989,20.07
73824,370,S2,69.0,55.382,20.07
73825,370,S2,72.0,54.751,20.07
73826,370,S2,75.0,54.148,20.07
73827,370,S2,78.0,53.603,20.07
73828,370,S2,81.0,53.062,20.07
73829,370,S2,84.0,52.417,20.07
73830,370,S2,87.0,51.967,20.07
73831,370,S2,90.0,51.368,20.07
73832,370,S2,93.0,50.937,20.07
73833,370,S2,96.0,50.313,20.07
73834,370,S2,99.0,49.867,20.07
73835,370,S2,102.0,49.350,20.07
73836,370,S2,105.0,48.971,20.07
73837,370,S2,108.0,48.361,20.07
73838,370,S2,111.0,47.965,20.07
73839,370,S2,114.0,47.516,20.07
73840,370,S2,117.0,47.047,20.07
73841,370,S2,120.0,46.551,20.07
73842,370,S2,123.0,46.068,20.07
73843,370,S2,126.0,45.584,20.07
73844,370,S2,129.0,45.252,20.07
73845,370,S2,132.0,44.913,20.07
73846,370,S2,135.0,44.482,20.07
73847,370,S2,138.0,44.075,20.07
73848,370,S2,141.0,43.597,20.07
73849,370,S2,144.0,43.190,20.07
73850,370,S2,147.0,42.874,20.07
73851,370,S2,150.0,42.446,20.07
73852,370,S2,153.0,42.106,20.07
73853,370,S2,156.0,41.757,20.07
73854,370,S2,159.0,41.419,20.07
73855,370,S2,162.0,41.041,20.07
73856,370,S2,165.0,40.664,20.07
73857,370,S2,168.0,40.278,20.07
73858,370,S2,171.0,40.015,20.07
73859,370,S2,174.0,39.745,20.07
73860,370,S2,177.0,39.312,20.07
73861,370,S2,180.0,38.929,20.07
73862,370,S2,183.0,38.690,20.07
73863,370,S2,186.0,38.362,20.07
73864,370,S2,189.0,38.003,20.07
73865,370,S2,192.0,37.753,20.07
73866,370,S2,195.0,37.401,20.07
73867,370,S2,198.0,37.149,20.07
73868,370,S2,201.0,36.916,20.07
73869,370,S2,204.0,36.647,20.07
73870,370,S2,207.0,36.403,20.07
73871,370,S2,210.0,36.162,20.07
73872,370,S2,213.0,35.821,20.07
73873,370,S2,216.0,35.525,20.07
73874,370,S2,219.0,35.292,20.07
73875,370,S2,222.0,34.957,20.07
73876,370,S2,225.0,34.839,20.07
73877,370,S2,228.0,34.563,20.07
73878,370,S2,231.0,34.276,20.07
73879,370,S2,234.0,34.037,20.07
73880,370,S2,237.0,33.833,20.07
73881,370,S2,240.0,33.573,20.07
73882,370,S2,243.0,33.401,20.07
73883,370,S2,246.0,33.177,20.07
73884,370,S2,249.0,32.940,20.07
73885,370,S2,252.0,32.845,20.07
73886,370,S2,255.0,32.480,20.07
73887,370,S2,258.0,32.327,20.07
73888,370,S2,261.0,32.122,20.07
73889,370,S2,264.0,31.859,20.07
73890,370,S2,267.0,31.690,20.07
73891,370,S2,270.0,31.499,20.07
73892,370,S2,273.0,31.246,20.07
73893,370,S2,276.0,31.090,20.07
73894,370,S2,279.0,30.929,20.07
73895,370,S2,282.0,30.869,20.07
73896,370,S2,285.0,30.495,20.07
73897,370,S2,288.0,30.457,20.07
73898,370,S2,291.0,30.361,20.07
73899,370,S2,294.0,30.094,20.07
73900,370,S2,297.0,29.861,20.07
73901,370,S2,300.0,29.701,20.07
73902,370,S2,303.0,29.553,20.07
73903,370,S2,306.0,29.435,20.07
73904,370,S2,309.0,29.246,20.07
73905,370,S2,312.0,29.151,20.07
73906,370,S2,315.0,28.991,20.07
73907,370,S2,318.0,28.834,20.07
73908,370,S2,321.0,28.671,20.07
73909,370,S2,324.0,28.555,20.07
73910,370,S2,327.0,28.402,20.07
73911,370,S2,330.0,28.238,20.07
73912,370,S2,333.0,28.127,20.07
73913,370,S2,336.0,28.078,20.07
73914,370,S2,339.0,27.995,20.07
73915,370,S2,342.0,27.682,20.07
73916,370,S2,345.0,27.530,20.07
73917,370,S2,348.0,27.474,20.07
73918,370,S2,351.0,27.289,20.07
73919,370,S2,354.0,27.180,20.07
73920,370,S2,357.0,27.149,20.07
73921,370,S2,360.0,26.944,20.07
73922,370,S2,363.0,26.938,20.07
73923,370,S2,366.0,26.718,20.07
73924,370,S2,369.0,26.631,20.07
73925,370,S2,372.0,26.628,20.07
73926,370,S2,375.0,26.430,20.07
73927,370,S2,378.0,26.316,20.07
73928,370,S2,381.0,26.176,20.07
73929,370,S2,384.0,26.073,20.07
73930,370,S2,387.0,26.030,20.07
73931,370,S2,390.0,25.997,20.07
73932,370,S2,393.0,25.812,20.07
73933,370,S2,396.0,25.735,20.07
73934,370,S2,399.0,25.649,20.07
73935,370,S2,402.0,25.524,20.07
73936,370,S2,405.0,25.422,20.07
73937,370,S2,408.0,25.319,20.07
73938,370,S2,411.0,25.287,20.07
73939,370,S2,414.0,25.136,20.07
73940,370,S2,417.0,25.078,20.07
73941,370,S2,420.0,25.086,20.07
73942,370,S2,423.0,24.901,20.07
73943,370,S2,426.0,24.806,20.07
73944,370,S2,429.0,24.776,20.07
73945,370,S2,432.0,24.653,20.07
73946,370,S2,435.0,24.598,20.07
73947,370,S2,438.0,24.537,20.07
73948,370,S2,441.0,24.509,20.07
73949,370,S2,444.0,24.398,20.07
73950,370,S2,447.0,24.393,20.07
73951,370,S2,450.0,24.213,20.07
73952,370,S2,453.0,24.250,20.07
73953,370,S2,456.0,24.016,20.07
73954,370,S2,459.0,24.061,20.07
73955,370,S2,462.0,23.909,20.07
73956,370,S2,465.0,23.853,20.07
73957,370,S2,468.0,23.809,20.07
73958,370,S2,471.0,23.733,20.07
73959,370,S2,474.0,23.720,20.07
73960,370,S2,477.0,23.697,20.07
73961,370,S2,480.0,23.647,20.07
73962,370,S2,483.0,23.549,20.07
73963,370,S2,486.0,23.427,20.07
73964,370,S2,489.0,23.475,20.07
73965,370,S2,492.0,23.319,20.07
73966,370,S2,495.0,23.284,20.07
73967,370,S2,498.0,23.284,20.07
73968,370,S2,501.0,23.277,20.07
73969,370,S2,504.0,23.130,20.07
73970,370,S2,507.0,23.139,20.07
73971,370,S2,510.0,23.051,20.07
73972,370,S2,513.0,23.003,20.07
73973,370,S2,516.0,22.853,20.07
73974,370,S2,519.0,22.953,20.07
73975,370,S2,522.0,22.815,20.07
73976,370,S2,525.0,22.757,20.07
73977,370,S2,528.0,22.698,20.07
73978,370,S2,531.0,22.734,20.07
73979,370,S2,534.0,22.732,20.07
73980,370,S2,537.0,22.586,20.07
73981,370,S2,540.0,22.599,20.07
73982,370,S2,543.0,22.540,20.07
73983,370,S2,546.0,22.417,20.07
73984,370,S2,549.0,22.397,20.07
73985,370,S2,552.0,22.424,20.07
73986,370,S2,555.0,22.369,20.07
73987,370,S2,558.0,22.379,20.07
73988,370,S2,561.0,22.282,20.07
73989,370,S2,564.0,22.208,20.07
73990,370,S2,567.0,22.261,20.07
73991,370,S2,570.0,22.301,20.07
73992,370,S2,573.0,22.186,20.07
73993,370,S2,576.0,22.182,20.07
73994,370,S2,579.0,22.093,20.07
73995,370,S2,582.0,22.034,20.07
73996,370,S2,585.0,21.892,20.07
73997,370,S2,588.0,21.880,20.07
73998,370,S2,591.0,21.997,20.07
73999,370,S2,594.0,21.976,20.07
74000,370,S2,597.0,21.847,20.07
74001,371,S3,0.0,88.992,20.59
74002,371,S3,3.0,87.361,20.59
74003,371,S3,6.0,85.817,20.59
74004,371,S3,9.0,84.259,20.59
74005,371,S3,12.0,82.710,20.59
74006,371,S3,15.0,81.137,20.59
74007,371,S3,18.0,79.821,20.59
74008,371,S3,21.0,78.377,20.59
74009,371,S3,24.0,77.139,20.59
74010,371,S3,27.0,75.663,20.59
74011,371,S3,30.0,74.347,20.59
74012,371,S3,33.0,73.054,20.59
74013,371,S3,36.0,71.769,20.59
74014,371,S3,39.0,70.572,20.59
74015,371,S3,42.0,69.506,20.59
74016,371,S3,45.0,68.338,20.59
74017,371,S3,48.0,67.140,20.59
74018,371,S3,51.0,65.984,20.59
74019,371,S3,54.0,64.775,20.59
74020,371,S3,57.0,63.842,20.59
74021,371,S3,60.0,62.846,20.59
74022,371,S3,63.0,61.789,20.59
74023,371,S3,66.0,60.806,20.59
74024,371,S3,69.0,59.891,20.59
74025,371,S3,72.0,58.965,20.59
74026,371,S3,75.0,58.079,20.59
74027,371,S3,78.0,57.188,20.59
74028,371,S3,81.0,56.237,20.59
74029,371,S3,84.0,55.320,20.59
74030,371,S3,87.0,54.668,20.59
74031,371,S3,90.0,53.758,20.59
74032,371,S3,93.0,53.063,20.59
74033,371,S3,96.0,52.185,20.59
74034,371,S3,99.0,51.391,20.59
74035,371,S3,102.0,50.699,20.59
74036,371,S3,105.0,50.018,20.59
74037,371,S3,108.0,49.229,20.59
74038,371,S3,111.0,48.590,20.59
74039,371,S3,114.0,47.988,20.59
74040,371,S3,117.0,47.378,20.59
74041,371,S3,120.0,46.794,20.59
74042,371,S3,123.0,46.200,20.59
74043,371,S3,126.0,45.441,20.59
74044,371,S3,129.0,44.715,20.59
74045,371,S3,132.0,44.256,20.59
74046,371,S3,135.0,43.795,20.59
74047,371,S3,138.0,43.083,20.59
74048,371,S3,141.0,42.645,20.59
74049,371,S3,144.0,42.072,20.59
74050,371,S3,147.0,41.609,20.59
74051,371,S3,150.0,41.083,20.59
74052,371,S3,153.0,40.572,20.59
74053,371,S3,156.0,40.211,20.59
74054,371,S3,159.0,39.665,20.59
74055,371,S3,162.0,39.287,20.59
74056,371,S3,165.0,38.857,20.59
74057,371,S3,168.0,38.331,20.59
74058,371,S3,171.0,37.855,20.59
74059,371,S3,174.0,37.485,20.59
74060,371,S3,177.0,37.103,20.59
74061,371,S3,180.0,36.707,20.59
74062,371,S3,183.0,36.406,20.59
74063,371,S3,186.0,35.921,20.59
74064,371,S3,189.0,35.598,20.59
74065,371,S3,192.0,35.300,20.59
74066,371,S3,195.0,34.881,20.59
74067,371,S3,198.0,34.599,20.59
74068,371,S3,201.0,34.069,20.59
74069,371,S3,204.0,33.828,20.59
74070,371,S3,207.0,33.606,20.59
74071,371,S3,210.0,33.213,20.59
74072,371,S3,213.0,32.923,20.59
74073,371,S3,216.0,32.660,20.59
74074,371,S3,219.0,32.332,20.59
74075,371,S3,222.0,32.126,20.59
74076,371,S3,225.0,31.702,20.59
74077,371,S3,228.0,31.689,20.59
74078,371,S3,231.0,31.276,20.59
74079,371,S3,234.0,31.047,20.59
74080,371,S3,237.0,30.810,20.59
74081,371,S3,240.0,30.466,20.59
74082,371,S3,243.0,30.227,20.59
74083,371,S3,246.0,30.085,20.59
74084,371,S3,249.0,29.816,20.59
74085,371,S3,252.0,29.670,20.59
74086,371,S3,255.0,29.438,20.59
74087,371,S3,258.0,29.147,20.59
74088,371,S3,261.0,29.067,20.59
74089,371,S3,264.0,28.785,20.59
74090,371,S3,267.0,28.524,20.59
74091,371,S3,270.0,28.438,20.59
74092,371,S3,273.0,28.159,20.59
74093,371,S3,276.0,28.036,20.59
74094,371,S3,279.0,27.855,20.59
74095,371,S3,282.0,27.612,20.59
74096,371,S3,285.0,27.470,20.59
74097,371,S3,288.0,27.367,20.59
74098,371,S3,291.0,27.253,20.59
74099,371,S3,294.0,27.074,20.59
74100,371,S3,297.0,26.963,20.59
74101,371,S3,300.0,26.718,20.59
74102,371,S3,303.0,26.631,20.59
74103,371,S3,306.0,26.352,20.59
74104,371,S3,309.0,26.242,20.59
74105,371,S3,312.0,26.070,20.59
74106,371,S3,315.0,26.096,20.59
74107,371,S3,318.0,25.908,20.59
74108,371,S3,321.0,25.718,20.59
74109,371,S3,324.0,25.704,20.59
74110,371,S3,327.0,25.498,20.59
74111,371,S3,330.0,25.314,20.59
74112,371,S3,333.0,25.290,20.59
74113,371,S3,336.0,25.144,20.59
74114,371,S3,339.0,25.108,20.59
74115,371,S3,342.0,24.926,20.59
74116,371,S3,345.0,24.866,20.59
74117,371,S3,348.0,24.733,20.59
74118,371,S3,351.0,24.713,20.59
74119,371,S3,354.0,24.607,20.59
74120,371,S3,357.0,24.533,20.59
74121,371,S3,360.0,24.404,20.59
74122,371,S3,363.0,24.301,20.59
74123,371,S3,366.0,24.184,20.59
74124,371,S3,369.0,24.006,20.59
74125,371,S3,372.0,24.039,20.59
74126,371,S3,375.0,23.952,20.59
74127,371,S3,378.0,23.861,20.59
74128,371,S3,381.0,23.733,20.59
74129,371,S3,384.0,23.716,20.59
74130,371,S3,387.0,23.612,20.59
74131,371,S3,390.0,23.546,20.59
74132,371,S3,393.0,23.452,20.59
74133,371,S3,396.0,23.482,20.59
74134,371,S3,399.0,23.386,20.59
74135,371,S3,402.0,23.262,20.59
74136,371,S3,405.0,23.272,20.59
74137,371,S3,408.0,23.158,20.59
74138,371,S3,411.0,23.072,20.59
74139,371,S3,414.0,23.199,20.59
74140,371,S3,417.0,22.961,20.59
74141,371,S3,420.0,22.977,20.59
74142,371,S3,423.0,22.848,20.59
74143,371,S3,426.0,22.814,20.59
74144,371,S3,429.0,22.716,20.59
74145,371,S3,432.0,22.750,20.59
74146,371,S3,435.0,22.737,20.59
74147,371,S3,438.0,22.611,20.59
74148,371,S3,441.0,22.673,20.59
74149,371,S3,444.0,22.479,20.59
74150,371,S3,447.0,22.478,20.59
74151,371,S3,450.0,22.481,20.59
74152,371,S3,453.0,22.393,20.59
74153,371,S3,456.0,22.336,20.59
74154,371,S3,459.0,22.344,20.59
74155,371,S3,462.0,22.149,20.59
74156,371,S3,465.0,22.244,20.59
74157,371,S3,468.0,22.156,20.59
74158,371,S3,471.0,22.102,20.59
74159,371,S3,474.0,22.123,20.59
74160,371,S3,477.0,22.023,20.59
74161,371,S3,480.0,22.028,20.59
74162,371,S3,483.0,21.897,20.59
74163,371,S3,486.0,22.062,20.59
74164,371,S3,489.0,21.943,20.59
74165,371,S3,492.0,21.984,20.59
74166,371,S3,495.0,21.879,20.59
74167,371,S3,498.0,21.812,20.59
74168,371,S3,501.0,21.710,20.59
74169,371,S3,504.0,21.825,20.59
74170,371,S3,507.0,21.752,20.59
74171,371,S3,510.0,21.600,20.59
74172,371,S3,513.0,21.667,20.59
74173,371,S3,516.0,21.642,20.59
74174,371,S3,519.0,21.628,20.59
74175,371,S3,522.0,21.631,20.59
74176,371,S3,525.0,21.621,20.59
74177,371,S3,528.0,21.583,20.59
74178,371,S3,531.0,21.531,20.59
74179,371,S3,534.0,21.545,20.59
74180,371,S3,537.0,21.491,20.59
74181,371,S3,540.0,21.466,20.59
74182,371,S3,543.0,21.489,20.59
74183,371,S3,546.0,21.459,20.59
74184,371,S3,549.0,21.470,20.59
74185,371,S3,552.0,21.330,20.59
74186,371,S3,555.0,21.383,20.59
74187,371,S3,558.0,21.419,20.59
74188,371,S3,561.0,21.427,20.59
74189,371,S3,564.0,21.327,20.59
74190,371,S3,567.0,21.289,20.59
74191,371,S3,570.0,21.326,20.59
74192,371,S3,573.0,21.283,20.59
74193,371,S3,576.0,21.335,20.59
74194,371,S3,579.0,21.225,20.59
74195,371,S3,582.0,21.286,20.59
74196,371,S3,585.0,21.253,20.59
74197,371,S3,588.0,21.141,20.59
74198,371,S3,591.0,21.128,20.59
74199,371,S3,594.0,21.172,20.59
74200,371,S3,597.0,21.205,20.59
74201,372,S4,0.0,71.517,21.35
74202,372,S4,3.0,69.901,21.35
74203,372,S4,6.0,68.573,21.35
74204,372,S4,9.0,67.112,21.35
74205,372,S4,12.0,65.832,21.35
74206,372,S4,15.0,64.669,21.35
74207,372,S4,18.0,63.280,21.35
74208,372,S4,21.0,62.063,21.35
74209,372,S4,24.0,60.954,21.35
74210,372,S4,27.0,59.668,21.35
74211,372,S4,30.0,58.704,21.35
74212,372,S4,33.0,57.508,21.35
74213,372,S4,36.0,56.444,21.35
74214,372,S4,39.0,55.441,21.35
74215,372,S4,42.0,54.420,21.35
74216,372,S4,45.0,53.456,21.35
74217,372,S4,48.0,52.452,21.35
74218,372,S4,51.0,51.509,21.35
74219,372,S4,54.0,50.692,21.35
74220,372,S4,57.0,49.803,21.35
74221,372,S4,60.0,49.118,21.35
74222,372,S4,63.0,48.350,21.35
74223,372,S4,66.0,47.488,21.35
74224,372,S4,69.0,46.676,21.35
74225,372,S4,72.0,45.935,21.35
74226,372,S4,75.0,45.135,21.35
74227,372,S4,78.0,44.520,21.35
74228,372,S4,81.0,43.748,21.35
74229,372,S4,84.0,43.144,21.35
74230,372,S4,87.0,42.558,21.35
74231,372,S4,90.0,41.949,21.35
74232,372,S4,93.0,41.343,21.35
74233,372,S4,96.0,40.727,21.35
74234,372,S4,99.0,40.190,21.35
74235,372,S4,102.0,39.637,21.35
74236,372,S4,105.0,39.190,21.35
74237,372,S4,108.0,38.619,21.35
74238,372,S4,111.0,38.084,21.35
74239,372,S4,114.0,37.520,21.35
74240,372,S4,117.0,37.149,21.35
74241,372,S4,120.0,36.608,21.35
74242,372,S4,123.0,36.207,21.35
74243,372,S4,126.0,35.700,21.35
74244,372,S4,129.0,35.361,21.35
74245,372,S4,132.0,35.015,21.35
74246,372,S4,135.0,34.535,21.35
74247,372,S4,138.0,34.178,21.35
74248,372,S4,141.0,33.914,21.35
74249,372,S4,144.0,33.469,21.35
74250,372,S4,147.0,33.070,21.35
74251,372,S4,150.0,32.701,21.35
74252,372,S4,153.0,32.408,21.35
74253,372,S4,156.0,31.931,21.35
74254,372,S4,159.0,31.749,21.35
74255,372,S4,162.0,31.513,21.35
74256,372,S4,165.0,31.187,21.35
74257,372,S4,168.0,30.920,21.35
74258,372,S4,171.0,30.534,21.35
74259,372,S4,174.0,30.264,21.35
74260,372,S4,177.0,30.036,21.35
74261,372,S4,180.0,29.810,21.35
74262,372,S4,183.0,29.623,21.35
74263,372,S4,186.0,29.217,21.35
74264,372,S4,189.0,29.102,21.35
74265,372,S4,192.0,28.843,21.35
74266,372,S4,195.0,28.616,21.35
74267,372,S4,198.0,28.438,21.35
74268,372,S4,201.0,28.163,21.35
74269,372,S4,204.0,27.996,21.35
74270,372,S4,207.0,27.839,21.35
74271,372,S4,210.0,27.540,21.35
74272,372,S4,213.0,27.570,21.35
74273,372,S4,216.0,27.236,21.35
74274,372,S4,219.0,27.084,21.35
74275,372,S4,222.0,26.963,21.35
74276,372,S4,225.0,26.867,21.35
74277,372,S4,228.0,26.567,21.35
74278,372,S4,231.0,26.470,21.35
74279,372,S4,234.0,26.297,21.35
74280,372,S4,237.0,26.136,21.35
74281,372,S4,240.0,25.991,21.35
74282,372,S4,243.0,25.887,21.35
74283,372,S4,246.0,25.722,21.35
74284,372,S4,249.0,25.686,21.35
74285,372,S4,252.0,25.512,21.35
74286,372,S4,255.0,25.325,21.35
74287,372,S4,258.0,25.349,21.35
74288,372,S4,261.0,25.119,21.35
74289,372,S4,264.0,25.069,21.35
74290,372,S4,267.0,24.881,21.35
74291,372,S4,270.0,24.679,21.35
74292,372,S4,273.0,24.600,21.35
74293,372,S4,276.0,24.630,21.35
74294,372,S4,279.0,24.503,21.35
74295,372,S4,282.0,24.412,21.35
74296,372,S4,285.0,24.302,21.35
74297,372,S4,288.0,24.185,21.35
74298,372,S4,291.0,24.180,21.35
74299,372,S4,294.0,24.048,21.35
74300,372,S4,297.0,23.980,21.35
74301,372,S4,300.0,23.832,21.35
74302,372,S4,303.0,23.854,21.35
74303,372,S4,306.0,23.856,21.35
74304,372,S4,309.0,23.741,21.35
74305,372,S4,312.0,23.643,21.35
74306,372,S4,315.0,23.542,21.35
74307,372,S4,318.0,23.502,21.35
74308,372,S4,321.0,23.439,21.35
74309,372,S4,324.0,23.535,21.35
74310,372,S4,327.0,23.314,21.35
74311,372,S4,330.0,23.245,21.35
74312,372,S4,333.0,23.289,21.35
74313,372,S4,336.0,23.197,21.35
74314,372,S4,339.0,23.114,21.35
74315,372,S4,342.0,22.984,21.35
74316,372,S4,345.0,22.937,21.35
74317,372,S4,348.0,23.006,21.35
74318,372,S4,351.0,22.884,21.35
74319,372,S4,354.0,22.875,21.35
74320,372,S4,357.0,22.837,21.35
74321,372,S4,360.0,22.754,21.35
74322,372,S4,363.0,22.730,21.35
74323,372,S4,366.0,22.668,21.35
74324,372,S4,369.0,22.699,21.35
74325,372,S4,372.0,22.560,21.35
74326,372,S4,375.0,22.547,21.35
74327,372,S4,378.0,22.569,21.35
74328,372,S4,381.0,22.381,21.35
74329,372,S4,384.0,22.449,21.35
74330,372,S4,387.0,22.425,21.35
74331,372,S4,390.0,22.437,21.35
74332,372,S4,393.0,22.319,21.35
74333,372,S4,396.0,22.381,21.35
74334,372,S4,399.0,22.172,21.35
74335,372,S4,402.0,22.342,21.35
74336,372,S4,405.0,22.281,21.35
74337,372,S4,408.0,22.261,21.35
74338,372,S4,411.0,22.233,21.35
74339,372,S4,414.0,22.253,21.35
74340,372,S4,417.0,22.177,21.35
74341,372,S4,420.0,22.108,21.35
74342,372,S4,423.0,22.161,21.35
74343,372,S4,426.0,22.109,21.35
74344,372,S4,429.0,22.019,21.35
74345,372,S4,432.0,22.065,21.35
74346,372,S4,435.0,21.939,21.35
74347,372,S4,438.0,22.038,21.35
74348,372,S4,441.0,21.926,21.35
74349,372,S4,444.0,22.016,21.35
74350,372,S4,447.0,21.898,21.35
74351,372,S4,450.0,22.030,21.35
74352,372,S4,453.0,21.898,21.35
74353,372,S4,456.0,21.826,21.35
74354,372,S4,459.0,21.918,21.35
74355,372,S4,462.0,21.818,21.35
74356,372,S4,465.0,21.897,21.35
74357,372,S4,468.0,21.811,21.35
74358,372,S4,471.0,21.835,21.35
74359,372,S4,474.0,21.869,21.35
74360,372,S4,477.0,21.808,21.35
74361,372,S4,480.0,21.809,21.35
74362,372,S4,483.0,21.711,21.35
74363,372,S4,486.0,21.789,21.35
74364,372,S4,489.0,21.806,21.35
74365,372,S4,492.0,21.627,21.35
74366,372,S4,495.0,21.662,21.35
74367,372,S4,498.0,21.782,21.35
74368,372,S4,501.0,21.672,21.35
74369,372,S4,504.0,21.659,21.35
74370,372,S4,507.0,21.748,21.35
74371,372,S4,510.0,21.650,21.35
74372,372,S4,513.0,21.612,21.35
74373,372,S4,516.0,21.715,21.35
74374,372,S4,519.0,21.652,21.35
74375,372,S4,522.0,21.625,21.35
74376,372,S4,525.0,21.633,21.35
74377,372,S4,528.0,21.638,21.35
74378,372,S4,531.0,21.641,21.35
74379,372,S4,534.0,21.629,21.35
74380,372,S4,537.0,21.557,21.35
74381,372,S4,540.0,21.630,21.35
74382,372,S4,543.0,21.562,21.35
74383,372,S4,546.0,21.556,21.35
74384,372,S4,549.0,21.669,21.35
74385,372,S4,552.0,21.556,21.35
74386,372,S4,555.0,21.689,21.35
74387,372,S4,558.0,21.586,21.35
74388,372,S4,561.0,21.633,21.35
74389,372,S4,564.0,21.590,21.35
74390,372,S4,567.0,21.513,21.35
74391,372,S4,570.0,21.523,21.35
74392,372,S4,573.0,21.516,21.35
74393,372,S4,576.0,21.568,21.35
74394,372,S4,579.0,21.535,21.35
74395,372,S4,582.0,21.528,21.35
74396,372,S4,585.0,21.532,21.35
74397,372,S4,588.0,21.461,21.35
74398,372,S4,591.0,21.573,21.35
74399,372,S4,594.0,21.530,21.35
74400,372,S4,597.0,21.453,21.35
74401,373,S1,0.0,81.501,21.12
74402,373,S1,3.0,80.516,21.12
74403,373,S1,6.0,79.447,21.12
74404,373,S1,9.0,78.569,21.12
74405,373,S1,12.0,77.607,21.12
74406,373,S1,15.0,76.606,21.12
74407,373,S1,18.0,75.593,21.12
74408,373,S1,21.0,74.826,21.12
74409,373,S1,24.0,73.921,21.12
74410,373,S1,27.0,72.983,21.12
74411,373,S1,30.0,72.165,21.12
74412,373,S1,33.0,71.170,21.12
74413,373,S1,36.0,70.386,21.12
74414,373,S1,39.0,69.479,21.12
74415,373,S1,42.0,68.843,21.12
74416,373,S1,45.0,68.045,21.12
74417,373,S1,48.0,67.197,21.12
74418,373,S1,51.0,66.359,21.12
74419,373,S1,54.0,65.707,21.12
74420,373,S1,57.0,64.861,21.12
74421,373,S1,60.0,64.152,21.12
74422,373,S1,63.0,63.401,21.12
74423,373,S1,66.0,62.788,21.12
74424,373,S1,69.0,62.036,21.12
74425,373,S1,72.0,61.338,21.12
74426,373,S1,75.0,60.718,21.12
74427,373,S1,78.0,60.023,21.12
74428,373,S1,81.0,59.319,21.12
74429,373,S1,84.0,58.709,21.12
74430,373,S1,87.0,58.109,21.12
74431,373,S1,90.0,57.472,21.12
74432,373,S1,93.0,56.860,21.12
74433,373,S1,96.0,56.274,21.12
74434,373,S1,99.0,55.673,21.12
74435,373,S1,102.0,55.094,21.12
74436,373,S1,105.0,54.483,21.12
74437,373,S1,108.0,53.979,21.12
74438,373,S1,111.0,53.495,21.12
74439,373,S1,114.0,52.869,21.12
74440,373,S1,117.0,52.360,21.12
74441,373,S1,120.0,51.817,21.12
74442,373,S1,123.0,51.327,21.12
74443,373,S1,126.0,50.782,21.12
74444,373,S1,129.0,50.297,21.12
74445,373,S1,132.0,49.817,21.12
74446,373,S1,135.0,49.271,21.12
74447,373,S1,138.0,48.761,21.12
74448,373,S1,141.0,48.319,21.12
74449,373,S1,144.0,48.026,21.12
74450,373,S1,147.0,47.514,21.12
74451,373,S1,150.0,47.070,21.12
74452,373,S1,153.0,46.611,21.12
74453,373,S1,156.0,46.100,21.12
74454,373,S1,159.0,45.688,21.12
74455,373,S1,162.0,45.331,21.12
74456,373,S1,165.0,44.979,21.12
74457,373,S1,168.0,44.525,21.12
74458,373,S1,171.0,44.189,21.12
74459,373,S1,174.0,43.812,21.12
74460,373,S1,177.0,43.366,21.12
74461,373,S1,180.0,43.011,21.12
74462,373,S1,183.0,42.722,21.12
74463,373,S1,186.0,42.361,21.12
74464,373,S1,189.0,41.888,21.12
74465,373,S1,192.0,41.635,21.12
74466,373,S1,195.0,41.338,21.12
74467,373,S1,198.0,40.921,21.12
74468,373,S1,201.0,40.636,21.12
74469,373,S1,204.0,40.208,21.12
74470,373,S1,207.0,39.947,21.12
74471,373,S1,210.0,39.624,21.12
74472,373,S1,213.0,39.296,21.12
74473,373,S1,216.0,39.010,21.12
74474,373,S1,219.0,38.737,21.12
74475,373,S1,222.0,38.439,21.12
74476,373,S1,225.0,38.150,21.12
74477,373,S1,228.0,37.873,21.12
74478,373,S1,231.0,37.564,21.12
74479,373,S1,234.0,37.285,21.12
74480,373,S1,237.0,36.987,21.12
74481,373,S1,240.0,36.693,21.12
74482,373,S1,243.0,36.491,21.12
74483,373,S1,246.0,36.228,21.12
74484,373,S1,249.0,35.889,21.12
74485,373,S1,252.0,35.700,21.12
74486,373,S1,255.0,35.585,21.12
74487,373,S1,258.0,35.292,21.12
74488,373,S1,261.0,35.059,21.12
74489,373,S1,264.0,34.817,21.12
74490,373,S1,267.0,34.534,21.12
74491,373,S1,270.0,34.298,21.12
74492,373,S1,273.0,34.101,21.12
74493,373,S1,276.0,33.893,21.12
74494,373,S1,279.0,33.635,21.12
74495,373,S1,282.0,33.410,21.12
74496,373,S1,285.0,33.325,21.12
74497,373,S1,288.0,33.044,21.12
74498,373,S1,291.0,32.785,21.12
74499,373,S1,294.0,32.659,21.12
74500,373,S1,297.0,32.405,21.12
74501,373,S1,300.0,32.256,21.12
74502,373,S1,303.0,31.952,21.12
74503,373,S1,306.0,31.871,21.12
74504,373,S1,309.0,31.723,21.12
74505,373,S1,312.0,31.431,21.12
74506,373,S1,315.0,31.353,21.12
74507,373,S1,318.0,31.226,21.12
74508,373,S1,321.0,30.988,21.12
74509,373,S1,324.0,30.891,21.12
74510,373,S1,327.0,30.679,21.12
74511,373,S1,330.0,30.563,21.12
74512,373,S1,333.0,30.501,21.12
74513,373,S1,336.0,30.225,21.12
74514,373,S1,339.0,30.109,21.12
74515,373,S1,342.0,29.932,21.12
74516,373,S1,345.0,29.784,21.12
74517,373,S1,348.0,29.579,21.12
74518,373,S1,351.0,29.391,21.12
74519,373,S1,354.0,29.380,21.12
74520,373,S1,357.0,29.136,21.12
74521,373,S1,360.0,29.100,21.12
74522,373,S1,363.0,28.915,21.12
74523,373,S1,366.0,28.731,21.12
74524,373,S1,369.0,28.570,21.12
74525,373,S1,372.0,28.488,21.12
74526,373,S1,375.0,28.497,21.12
74527,373,S1,378.0,28.258,21.12
74528,373,S1,381.0,28.147,21.12
74529,373,S1,384.0,28.026,21.12
74530,373,S1,387.0,27.921,21.12
74531,373,S1,390.0,27.736,21.12
74532,373,S1,393.0,27.659,21.12
74533,373,S1,396.0,27.602,21.12
74534,373,S1,399.0,27.536,21.12
74535,373,S1,402.0,27.405,21.12
74536,373,S1,405.0,27.230,21.12
74537,373,S1,408.0,27.185,21.12
74538,373,S1,411.0,27.019,21.12
74539,373,S1,414.0,27.006,21.12
74540,373,S1,417.0,26.855,21.12
74541,373,S1,420.0,26.769,21.12
74542,373,S1,423.0,26.662,21.12
74543,373,S1,426.0,26.439,21.12
74544,373,S1,429.0,26.440,21.12
74545,373,S1,432.0,26.450,21.12
74546,373,S1,435.0,26.423,21.12
74547,373,S1,438.0,26.259,21.12
74548,373,S1,441.0,26.123,21.12
74549,373,S1,444.0,26.037,21.12
74550,373,S1,447.0,25.983,21.12
74551,373,S1,450.0,25.954,21.12
74552,373,S1,453.0,25.733,21.12
74553,373,S1,456.0,25.851,21.12
74554,373,S1,459.0,25.594,21.12
74555,373,S1,462.0,25.489,21.12
74556,373,S1,465.0,25.461,21.12
74557,373,S1,468.0,25.393,21.12
74558,373,S1,471.0,25.417,21.12
74559,373,S1,474.0,25.283,21.12
74560,373,S1,477.0,25.139,21.12
74561,373,S1,480.0,25.184,21.12
74562,373,S1,483.0,25.101,21.12
74563,373,S1,486.0,25.087,21.12
74564,373,S1,489.0,24.868,21.12
74565,373,S1,492.0,24.925,21.12
74566,373,S1,495.0,24.787,21.12
74567,373,S1,498.0,24.703,21.12
74568,373,S1,501.0,24.721,21.12
74569,373,S1,504.0,24.680,21.12
74570,373,S1,507.0,24.626,21.12
74571,373,S1,510.0,24.590,21.12
74572,373,S1,513.0,24.505,21.12
74573,373,S1,516.0,24.372,21.12
74574,373,S1,519.0,24.365,21.12
74575,373,S1,522.0,24.235,21.12
74576,373,S1,525.0,24.181,21.12
74577,373,S1,528.0,24.198,21.12
74578,373,S1,531.0,24.220,21.12
74579,373,S1,534.0,24.119,21.12
74580,373,S1,537.0,24.144,21.12
74581,373,S1,540.0,23.989,21.12
74582,373,S1,543.0,23.937,21.12
74583,373,S1,546.0,23.912,21.12
74584,373,S1,549.0,23.876,21.12
74585,373,S1,552.0,23.868,21.12
74586,373,S1,555.0,23.808,21.12
74587,373,S1,558.0,23.672,21.12
74588,373,S1,561.0,23.731,21.12
74589,373,S1,564.0,23.569,21.12
74590,373,S1,567.0,23.599,21.12
74591,373,S1,570.0,23.556,21.12
74592,373,S1,573.0,23.452,21.12
74593,373,S1,576.0,23.471,21.12
74594,373,S1,579.0,23.444,21.12
74595,373,S1,582.0,23.446,21.12
74596,373,S1,585.0,23.396,21.12
74597,373,S1,588.0,23.332,21.12
74598,373,S1,591.0,23.292,21.12
74599,373,S1,594.0,23.229,21.12
74600,373,S1,597.0,23.194,21.12
74601,374,S2,0.0,82.450,21.38
74602,374,S2,3.0,81.066,21.38
74603,374,S2,6.0,79.674,21.38
74604,374,S2,9.0,78.313,21.38
74605,374,S2,12.0,77.023,21.38
74606,374,S2,15.0,75.722,21.38
74607,374,S2,18.0,74.532,21.38
74608,374,S2,21.0,73.272,21.38
74609,374,S2,24.0,71.939,21.38
74610,374,S2,27.0,71.028,21.38
74611,374,S2,30.0,69.773,21.38
74612,374,S2,33.0,68.697,21.38
74613,374,S2,36.0,67.516,21.38
74614,374,S2,39.0,66.489,21.38
74615,374,S2,42.0,65.364,21.38
74616,374,S2,45.0,64.451,21.38
74617,374,S2,48.0,63.431,21.38
74618,374,S2,51.0,62.436,21.38
74619,374,S2,54.0,61.483,21.38
74620,374,S2,57.0,60.554,21.38
74621,374,S2,60.0,59.632,21.38
74622,374,S2,63.0,58.770,21.38
74623,374,S2,66.0,57.895,21.38
74624,374,S2,69.0,57.130,21.38
74625,374,S2,72.0,56.316,21.38
74626,374,S2,75.0,55.578,21.38
74627,374,S2,78.0,54.662,21.38
74628,374,S2,81.0,53.904,21.38
74629,374,S2,84.0,53.045,21.38
74630,374,S2,87.0,52.393,21.38
74631,374,S2,90.0,51.684,21.38
74632,374,S2,93.0,50.933,21.38
74633,374,S2,96.0,50.296,21.38
74634,374,S2,99.0,49.673,21.38
74635,374,S2,102.0,49.039,21.38
74636,374,S2,105.0,48.402,21.38
74637,374,S2,108.0,47.706,21.38
74638,374,S2,111.0,46.993,21.38
74639,374,S2,114.0,46.570,21.38
74640,374,S2,117.0,45.886,21.38
74641,374,S2,120.0,45.376,21.38
74642,374,S2,123.0,44.863,21.38
74643,374,S2,126.0,44.296,21.38
74644,374,S2,129.0,43.797,21.38
74645,374,S2,132.0,43.178,21.38
74646,374,S2,135.0,42.842,21.38
74647,374,S2,138.0,42.259,21.38
74648,374,S2,141.0,41.712,21.38
74649,374,S2,144.0,41.300,21.38
74650,374,S2,147.0,40.735,21.38
74651,374,S2,150.0,40.332,21.38
74652,374,S2,153.0,39.948,21.38
74653,374,S2,156.0,39.537,21.38
74654,374,S2,159.0,39.042,21.38
74655,374,S2,162.0,38.623,21.38
74656,374,S2,165.0,38.288,21.38
74657,374,S2,168.0,37.897,21.38
74658,374,S2,171.0,37.508,21.38
74659,374,S2,174.0,37.166,21.38
74660,374,S2,177.0,36.786,21.38
74661,374,S2,180.0,36.406,21.38
74662,374,S2,183.0,36.037,21.38
74663,374,S2,186.0,35.745,21.38
74664,374,S2,189.0,35.439,21.38
74665,374,S2,192.0,35.004,21.38
74666,374,S2,195.0,34.773,21.38
74667,374,S2,198.0,34.439,21.38
74668,374,S2,201.0,34.174,21.38
74669,374,S2,204.0,33.833,21.38
74670,374,S2,207.0,33.569,21.38
74671,374,S2,210.0,33.276,21.38
74672,374,S2,213.0,32.959,21.38
74673,374,S2,216.0,32.674,21.38
74674,374,S2,219.0,32.501,21.38
74675,374,S2,222.0,32.161,21.38
74676,374,S2,225.0,31.919,21.38
74677,374,S2,228.0,31.759,21.38
74678,374,S2,231.0,31.546,21.38
74679,374,S2,234.0,31.235,21.38
74680,374,S2,237.0,31.042,21.38
74681,374,S2,240.0,30.773,21.38
74682,374,S2,243.0,30.572,21.38
74683,374,S2,246.0,30.482,21.38
74684,374,S2,249.0,30.216,21.38
74685,374,S2,252.0,30.027,21.38
74686,374,S2,255.0,29.754,21.38
74687,374,S2,258.0,29.563,21.38
74688,374,S2,261.0,29.339,21.38
74689,374,S2,264.0,29.177,21.38
74690,374,S2,267.0,29.016,21.38
74691,374,S2,270.0,28.842,21.38
74692,374,S2,273.0,28.640,21.38
74693,374,S2,276.0,28.495,21.38
74694,374,S2,279.0,28.387,21.38
74695,374,S2,282.0,28.148,21.38
74696,374,S2,285.0,28.050,21.38
74697,374,S2,288.0,27.840,21.38
74698,374,S2,291.0,27.719,21.38
74699,374,S2,294.0,27.511,21.38
74700,374,S2,297.0,27.395,21.38
74701,374,S2,300.0,27.237,21.38
74702,374,S2,303.0,27.163,21.38
74703,374,S2,306.0,26.922,21.38
74704,374,S2,309.0,26.813,21.38
74705,374,S2,312.0,26.788,21.38
74706,374,S2,315.0,26.642,21.38
74707,374,S2,318.0,26.489,21.38
74708,374,S2,321.0,26.398,21.38
74709,374,S2,324.0,26.317,21.38
74710,374,S2,327.0,26.133,21.38
74711,374,S2,330.0,26.091,21.38
74712,374,S2,333.0,25.993,21.38
74713,374,S2,336.0,25.839,21.38
74714,374,S2,339.0,25.780,21.38
74715,374,S2,342.0,25.590,21.38
74716,374,S2,345.0,25.537,21.38
74717,374,S2,348.0,25.390,21.38
74718,374,S2,351.0,25.229,21.38
74719,374,S2,354.0,25.244,21.38
74720,374,S2,357.0,25.148,21.38
74721,374,S2,360.0,25.043,21.38
74722,374,S2,363.0,24.971,21.38
74723,374,S2,366.0,24.997,21.38
74724,374,S2,369.0,24.816,21.38
74725,374,S2,372.0,24.684,21.38
74726,374,S2,375.0,24.643,21.38
74727,374,S2,378.0,24.615,21.38
74728,374,S2,381.0,24.511,21.38
74729,374,S2,384.0,24.394,21.38
74730,374,S2,387.0,24.420,21.38
74731,374,S2,390.0,24.325,21.38
74732,374,S2,393.0,24.215,21.38
74733,374,S2,396.0,24.170,21.38
74734,374,S2,399.0,24.140,21.38
74735,374,S2,402.0,24.019,21.38
74736,374,S2,405.0,23.957,21.38
74737,374,S2,408.0,23.893,21.38
74738,374,S2,411.0,23.864,21.38
74739,374,S2,414.0,23.800,21.38
74740,374,S2,417.0,23.785,21.38
74741,374,S2,420.0,23.720,21.38
74742,374,S2,423.0,23.686,21.38
74743,374,S2,426.0,23.555,21.38
74744,374,S2,429.0,23.405,21.38
74745,374,S2,432.0,23.480,21.38
74746,374,S2,435.0,23.455,21.38
74747,374,S2,438.0,23.400,21.38
74748,374,S2,441.0,23.309,21.38
74749,374,S2,444.0,23.295,21.38
74750,374,S2,447.0,23.270,21.38
74751,374,S2,450.0,23.287,21.38
74752,374,S2,453.0,23.234,21.38
74753,374,S2,456.0,23.139,21.38
74754,374,S2,459.0,23.100,21.38
74755,374,S2,462.0,23.135,21.38
74756,374,S2,465.0,23.033,21.38
74757,374,S2,468.0,22.942,21.38
74758,374,S2,471.0,22.965,21.38
74759,374,S2,474.0,22.870,21.38
74760,374,S2,477.0,22.943,21.38
74761,374,S2,480.0,22.810,21.38
74762,374,S2,483.0,22.790,21.38
74763,374,S2,486.0,22.775,21.38
74764,374,S2,489.0,22.636,21.38
74765,374,S2,492.0,22.647,21.38
74766,374,S2,495.0,22.648,21.38
74767,374,S2,498.0,22.582,21.38
74768,374,S2,501.0,22.625,21.38
74769,374,S2,504.0,22.657,21.38
74770,374,S2,507.0,22.531,21.38
74771,374,S2,510.0,22.444,21.38
74772,374,S2,513.0,22.512,21.38
74773,374,S2,516.0,22.452,21.38
74774,374,S2,519.0,22.472,21.38
74775,374,S2,522.0,22.404,21.38
74776,374,S2,525.0,22.375,21.38
74777,374,S2,528.0,22.343,21.38
74778,374,S2,531.0,22.395,21.38
74779,374,S2,534.0,22.356,21.38
74780,374,S2,537.0,22.346,21.38
74781,374,S2,540.0,22.304,21.38
74782,374,S2,543.0,22.261,21.38
74783,374,S2,546.0,22.172,21.38
74784,374,S2,549.0,22.191,21.38
74785,374,S2,552.0,22.324,21.38
74786,374,S2,555.0,22.236,21.38
74787,374,S2,558.0,22.257,21.38
74788,374,S2,561.0,22.173,21.38
74789,374,S2,564.0,22.098,21.38
74790,374,S2,567.0,22.160,21.38
74791,374,S2,570.0,22.047,21.38
74792,374,S2,573.0,22.034,21.38
74793,374,S2,576.0,21.968,21.38
74794,374,S2,579.0,22.044,21.38
74795,374,S2,582.0,22.032,21.38
74796,374,S2,585.0,21.913,21.38
74797,374,S2,588.0,22.052,21.38
74798,374,S2,591.0,22.034,21.38
74799,374,S2,594.0,21.911,21.38
74800,374,S2,597.0,21.957,21.38
74801,375,S3,0.0,75.387,20.91
74802,375,S3,3.0,74.289,20.91
74803,375,S3,6.0,73.288,20.91
74804,375,S3,9.0,72.236,20.91
74805,375,S3,12.0,71.291,20.91
74806,375,S3,15.0,70.341,20.91
74807,375,S3,18.0,69.239,20.91
74808,375,S3,21.0,68.387,20.91
74809,375,S3,24.0,67.532,20.91
74810,375,S3,27.0,66.576,20.91
74811,375,S3,30.0,65.779,20.91
74812,375,S3,33.0,64.898,20.91
74813,375,S3,36.0,63.999,20.91
74814,375,S3,39.0,63.154,20.91
74815,375,S3,42.0,62.414,20.91
74816,375,S3,45.0,61.545,20.91
74817,375,S3,48.0,60.773,20.91
74818,375,S3,51.0,59.964,20.91
74819,375,S3,54.0,59.359,20.91
74820,375,S3,57.0,58.501,20.91
74821,375,S3,60.0,57.885,20.91
74822,375,S3,63.0,57.153,20.91
74823,375,S3,66.0,56.456,20.91
74824,375,S3,69.0,55.619,20.91
74825,375,S3,72.0,54.981,20.91
74826,375,S3,75.0,54.407,20.91
74827,375,S3,78.0,53.766,20.91
74828,375,S3,81.0,53.186,20.91
74829,375,S3,84.0,52.488,20.91
74830,375,S3,87.0,51.841,20.91
74831,375,S3,90.0,51.314,20.91
74832,375,S3,93.0,50.748,20.91
74833,375,S3,96.0,50.033,20.91
74834,375,S3,99.0,49.604,20.91
74835,375,S3,102.0,49.173,20.91
74836,375,S3,105.0,48.490,20.91
74837,375,S3,108.0,47.930,20.91
74838,375,S3,111.0,47.507,20.91
74839,375,S3,114.0,46.983,20.91
74840,375,S3,117.0,46.425,20.91
74841,375,S3,120.0,45.982,20.91
74842,375,S3,123.0,45.489,20.91
74843,375,S3,126.0,44.991,20.91
74844,375,S3,129.0,44.485,20.91
74845,375,S3,132.0,44.047,20.91
74846,375,S3,135.0,43.680,20.91
74847,375,S3,138.0,43.198,20.91
74848,375,S3,141.0,42.784,20.91
74849,375,S3,144.0,42.277,20.91
74850,375,S3,147.0,41.927,20.91
74851,375,S3,150.0,41.483,20.91
74852,375,S3,153.0,41.140,20.91
74853,375,S3,156.0,40.675,20.91
74854,375,S3,159.0,40.351,20.91
74855,375,S3,162.0,39.972,20.91
74856,375,S3,165.0,39.612,20.91
74857,375,S3,168.0,39.360,20.91
74858,375,S3,171.0,38.869,20.91
74859,375,S3,174.0,38.593,20.91
74860,375,S3,177.0,38.183,20.91
74861,375,S3,180.0,37.979,20.91
74862,375,S3,183.0,37.574,20.91
74863,375,S3,186.0,37.255,20.91
74864,375,S3,189.0,36.971,20.91
74865,375,S3,192.0,36.698,20.91
74866,375,S3,195.0,36.340,20.91
74867,375,S3,198.0,36.055,20.91
74868,375,S3,201.0,35.695,20.91
74869,375,S3,204.0,35.340,20.91
74870,375,S3,207.0,35.145,20.91
74871,375,S3,210.0,34.969,20.91
74872,375,S3,213.0,34.602,20.91
74873,375,S3,216.0,34.379,20.91
74874,375,S3,219.0,34.101,20.91
74875,375,S3,222.0,33.799,20.91
74876,375,S3,225.0,33.650,20.91
74877,375,S3,228.0,33.400,20.91
74878,375,S3,231.0,33.105,20.91
74879,375,S3,234.0,32.824,20.91
74880,375,S3,237.0,32.555,20.91
74881,375,S3,240.0,32.463,20.91
74882,375,S3,243.0,32.238,20.91
74883,375,S3,246.0,32.071,20.91
74884,375,S3,249.0,31.742,20.91
74885,375,S3,252.0,31.535,20.91
74886,375,S3,255.0,31.389,20.91
74887,375,S3,258.0,31.238,20.91
74888,375,S3,261.0,30.876,20.91
74889,375,S3,264.0,30.731,20.91
74890,375,S3,267.0,30.594,20.91
74891,375,S3,270.0,30.366,20.91
74892,375,S3,273.0,30.215,20.91
74893,375,S3,276.0,30.036,20.91
74894,375,S3,279.0,29.847,20.91
74895,375,S3,282.0,29.604,20.91
74896,375,S3,285.0,29.434,20.91
74897,375,S3,288.0,29.348,20.91
74898,375,S3,291.0,29.265,20.91
74899,375,S3,294.0,28.974,20.91
74900,375,S3,297.0,28.894,20.91
74901,375,S3,300.0,28.817,20.91
74902,375,S3,303.0,28.620,20.91
74903,375,S3,306.0,28.399,20.91
74904,375,S3,309.0,28.271,20.91
74905,375,S3,312.0,28.082,20.91
74906,375,S3,315.0,28.110,20.91
74907,375,S3,318.0,27.918,20.91
74908,375,S3,321.0,27.852,20.91
74909,375,S3,324.0,27.638,20.91
74910,375,S3,327.0,27.482,20.91
74911,375,S3,330.0,27.317,20.91
74912,375,S3,333.0,27.207,20.91
74913,375,S3,336.0,27.170,20.91
74914,375,S3,339.0,26.974,20.91
74915,375,S3,342.0,26.970,20.91
74916,375,S3,345.0,26.772,20.91
74917,375,S3,348.0,26.615,20.91
74918,375,S3,351.0,26.516,20.91
74919,375,S3,354.0,26.482,20.91
74920,375,S3,357.0,26.320,20.91
74921,375,S3,360.0,26.231,20.91
74922,375,S3,363.0,26.123,20.91
74923,375,S3,366.0,26.053,20.91
74924,375,S3,369.0,25.930,20.91
74925,375,S3,372.0,25.769,20.91
74926,375,S3,375.0,25.833,20.91
74927,375,S3,378.0,25.643,20.91
74928,375,S3,381.0,25.627,20.91
74929,375,S3,384.0,25.452,20.91
74930,375,S3,387.0,25.297,20.91
74931,375,S3,390.0,25.250,20.91
74932,375,S3,393.0,25.225,20.91
74933,375,S3,396.0,25.173,20.91
74934,375,S3,399.0,24.965,20.91
74935,375,S3,402.0,24.991,20.91
74936,375,S3,405.0,24.907,20.91
74937,375,S3,408.0,24.798,20.91
74938,375,S3,411.0,24.706,20.91
74939,375,S3,414.0,24.662,20.91
74940,375,S3,417.0,24.524,20.91
74941,375,S3,420.0,24.540,20.91
74942,375,S3,423.0,24.517,20.91
74943,375,S3,426.0,24.361,20.91
74944,375,S3,429.0,24.306,20.91
74945,375,S3,432.0,24.192,20.91
74946,375,S3,435.0,24.140,20.91
74947,375,S3,438.0,24.149,20.91
74948,375,S3,441.0,24.084,20.91
74949,375,S3,444.0,23.982,20.91
74950,375,S3,447.0,23.899,20.91
74951,375,S3,450.0,23.856,20.91
74952,375,S3,453.0,23.769,20.91
74953,375,S3,456.0,23.707,20.91
74954,375,S3,459.0,23.649,20.91
74955,375,S3,462.0,23.676,20.91
74956,375,S3,465.0,23.731,20.91
74957,375,S3,468.0,23.586,20.91
74958,375,S3,471.0,23.525,20.91
74959,375,S3,474.0,23.492,20.91
74960,375,S3,477.0,23.443,20.91
74961,375,S3,480.0,23.408,20.91
74962,375,S3,483.0,23.358,20.91
74963,375,S3,486.0,23.309,20.91
74964,375,S3,489.0,23.205,20.91
74965,375,S3,492.0,23.150,20.91
74966,375,S3,495.0,23.030,20.91
74967,375,S3,498.0,23.139,20.91
74968,375,S3,501.0,23.009,20.91
74969,375,S3,504.0,23.062,20.91
74970,375,S3,507.0,22.953,20.91
74971,375,S3,510.0,22.875,20.91
74972,375,S3,513.0,22.836,20.91
74973,375,S3,516.0,22.902,20.91
74974,375,S3,519.0,22.837,20.91
74975,375,S3,522.0,22.817,20.91
74976,375,S3,525.0,22.793,20.91
74977,375,S3,528.0,22.703,20.91
74978,375,S3,531.0,22.653,20.91
74979,375,S3,534.0,22.632,20.91
74980,375,S3,537.0,22.558,20.91
74981,375,S3,540.0,22.658,20.91
74982,375,S3,543.0,22.565,20.91
74983,375,S3,546.0,22.462,20.91
74984,375,S3,549.0,22.444,20.91
74985,375,S3,552.0,22.424,20.91
