measurement_id,run_id,sensor_id,t_seconds,temperature_c,ambient_c
74986,375,S3,555.0,22.423,20.91
74987,375,S3,558.0,22.494,20.91
74988,375,S3,561.0,22.411,20.91
74989,375,S3,564.0,22.414,20.91
74990,375,S3,567.0,22.298,20.91
74991,375,S3,570.0,22.220,20.91
74992,375,S3,573.0,22.293,20.91
74993,375,S3,576.0,22.114,20.91
74994,375,S3,579.0,22.189,20.91
74995,375,S3,582.0,22.269,20.91
74996,375,S3,585.0,22.122,20.91
74997,375,S3,588.0,22.108,20.91
74998,375,S3,591.0,22.016,20.91
74999,375,S3,594.0,22.071,20.91
75000,375,S3,597.0,22.016,20.91
75001,376,S4,0.0,87.272,22.44
75002,376,S4,3.0,85.821,22.44
75003,376,S4,6.0,84.375,22.44
75004,376,S4,9.0,82.967,22.44
75005,376,S4,12.0,81.711,22.44
75006,376,S4,15.0,80.353,22.44
75007,376,S4,18.0,79.101,22.44
75008,376,S4,21.0,77.820,22.44
75009,376,S4,24.0,76.636,22.44
75010,376,S4,27.0,75.356,22.44
75011,376,S4,30.0,74.126,22.44
75012,376,S4,33.0,73.119,22.44
75013,376,S4,36.0,71.851,22.44
75014,376,S4,39.0,70.861,22.44
75015,376,S4,42.0,69.798,22.44
75016,376,S4,45.0,68.753,22.44
75017,376,S4,48.0,67.655,22.44
75018,376,S4,51.0,66.728,22.44
75019,376,S4,54.0,65.665,22.44
75020,376,S4,57.0,64.636,22.44
75021,376,S4,60.0,63.903,22.44
75022,376,S4,63.0,62.937,22.44
75023,376,S4,66.0,62.010,22.44
75024,376,S4,69.0,61.001,22.44
75025,376,S4,72.0,60.226,22.44
75026,376,S4,75.0,59.407,22.44
75027,376,S4,78.0,58.576,22.44
75028,376,S4,81.0,57.753,22.44
75029,376,S4,84.0,56.894,22.44
75030,376,S4,87.0,56.187,22.44
75031,376,S4,90.0,55.461,22.44
75032,376,S4,93.0,54.675,22.44
75033,376,S4,96.0,53.991,22.44
75034,376,S4,99.0,53.361,22.44
75035,376,S4,102.0,52.585,22.44
75036,376,S4,105.0,51.965,22.44
75037,376,S4,108.0,51.287,22.44
75038,376,S4,111.0,50.584,22.44
75039,376,S4,114.0,50.092,22.44
75040,376,S4,117.0,49.420,22.44
75041,376,S4,120.0,48.851,22.44
75042,376,S4,123.0,48.178,22.44
75043,376,S4,126.0,47.740,22.44
75044,376,S4,129.0,47.078,22.44
75045,376,S4,132.0,46.631,22.44
75046,376,S4,135.0,46.052,22.44
75047,376,S4,138.0,45.485,22.44
75048,376,S4,141.0,45.011,22.44
75049,376,S4,144.0,44.613,22.44
75050,376,S4,147.0,44.020,22.44
75051,376,S4,150.0,43.512,22.44
75052,376,S4,153.0,43.044,22.44
75053,376,S4,156.0,42.659,22.44
75054,376,S4,159.0,42.124,22.44
75055,376,S4,162.0,41.699,22.44
75056,376,S4,165.0,41.312,22.44
75057,376,S4,168.0,40.868,22.44
75058,376,S4,171.0,40.486,22.44
75059,376,S4,174.0,40.032,22.44
75060,376,S4,177.0,39.698,22.44
75061,376,S4,180.0,39.292,22.44
75062,376,S4,183.0,38.832,22.44
75063,376,S4,186.0,38.615,22.44
75064,376,S4,189.0,38.134,22.44
75065,376,S4,192.0,37.834,22.44
75066,376,S4,195.0,37.507,22.44
75067,376,S4,198.0,37.169,22.44
75068,376,S4,201.0,36.852,22.44
75069,376,S4,204.0,36.430,22.44
75070,376,S4,207.0,36.135,22.44
75071,376,S4,210.0,35.968,22.44
75072,376,S4,213.0,35.492,22.44
75073,376,S4,216.0,35.347,22.44
75074,376,S4,219.0,35.053,22.44
75075,376,S4,222.0,34.710,22.44
75076,376,S4,225.0,34.540,22.44
75077,376,S4,228.0,34.147,22.44
75078,376,S4,231.0,33.985,22.44
75079,376,S4,234.0,33.746,22.44
75080,376,S4,237.0,33.453,22.44
75081,376,S4,240.0,33.206,22.44
75082,376,S4,243.0,32.957,22.44
75083,376,S4,246.0,32.686,22.44
75084,376,S4,249.0,32.462,22.44
75085,376,S4,252.0,32.167,22.44
75086,376,S4,255.0,32.031,22.44
75087,376,S4,258.0,31.858,22.44
75088,376,S4,261.0,31.636,22.44
75089,376,S4,264.0,31.546,22.44
75090,376,S4,267.0,31.198,22.44
75091,376,S4,270.0,31.015,22.44
75092,376,S4,273.0,30.815,22.44
75093,376,S4,276.0,30.655,22.44
75094,376,S4,279.0,30.450,22.44
75095,376,S4,282.0,30.350,22.44
75096,376,S4,285.0,30.209,22.44
75097,376,S4,288.0,29.972,22.44
75098,376,S4,291.0,29.645,22.44
75099,376,S4,294.0,29.660,22.44
75100,376,S4,297.0,29.453,22.44
75101,376,S4,300.0,29.295,22.44
75102,376,S4,303.0,29.117,22.44
75103,376,S4,306.0,28.994,22.44
75104,376,S4,309.0,28.797,22.44
75105,376,S4,312.0,28.617,22.44
75106,376,S4,315.0,28.584,22.44
75107,376,S4,318.0,28.374,22.44
75108,376,S4,321.0,28.320,22.44
75109,376,S4,324.0,28.202,22.44
75110,376,S4,327.0,28.059,22.44
75111,376,S4,330.0,27.888,22.44
75112,376,S4,333.0,27.744,22.44
75113,376,S4,336.0,27.731,22.44
75114,376,S4,339.0,27.490,22.44
75115,376,S4,342.0,27.460,22.44
75116,376,S4,345.0,27.242,22.44
75117,376,S4,348.0,27.128,22.44
75118,376,S4,351.0,27.140,22.44
75119,376,S4,354.0,27.023,22.44
75120,376,S4,357.0,26.932,22.44
75121,376,S4,360.0,26.779,22.44
75122,376,S4,363.0,26.713,22.44
75123,376,S4,366.0,26.672,22.44
75124,376,S4,369.0,26.526,22.44
75125,376,S4,372.0,26.406,22.44
75126,376,S4,375.0,26.408,22.44
75127,376,S4,378.0,26.295,22.44
75128,376,S4,381.0,26.284,22.44
75129,376,S4,384.0,26.148,22.44
75130,376,S4,387.0,26.034,22.44
75131,376,S4,390.0,25.970,22.44
75132,376,S4,393.0,25.875,22.44
75133,376,S4,396.0,25.754,22.44
75134,376,S4,399.0,25.792,22.44
75135,376,S4,402.0,25.674,22.44
75136,376,S4,405.0,25.519,22.44
75137,376,S4,408.0,25.496,22.44
75138,376,S4,411.0,25.471,22.44
75139,376,S4,414.0,25.275,22.44
75140,376,S4,417.0,25.295,22.44
75141,376,S4,420.0,25.208,22.44
75142,376,S4,423.0,25.146,22.44
75143,376,S4,426.0,25.069,22.44
75144,376,S4,429.0,25.052,22.44
75145,376,S4,432.0,24.907,22.44
75146,376,S4,435.0,24.939,22.44
75147,376,S4,438.0,24.821,22.44
75148,376,S4,441.0,24.776,22.44
75149,376,S4,444.0,24.751,22.44
75150,376,S4,447.0,24.722,22.44
75151,376,S4,450.0,24.626,22.44
75152,376,S4,453.0,24.684,22.44
75153,376,S4,456.0,24.572,22.44
75154,376,S4,459.0,24.492,22.44
75155,376,S4,462.0,24.374,22.44
75156,376,S4,465.0,24.530,22.44
75157,376,S4,468.0,24.399,22.44
75158,376,S4,471.0,24.338,22.44
75159,376,S4,474.0,24.271,22.44
75160,376,S4,477.0,24.238,22.44
75161,376,S4,480.0,24.139,22.44
75162,376,S4,483.0,24.269,22.44
75163,376,S4,486.0,24.118,22.44
75164,376,S4,489.0,24.176,22.44
75165,376,S4,492.0,24.152,22.44
75166,376,S4,495.0,24.072,22.44
75167,376,S4,498.0,23.955,22.44
75168,376,S4,501.0,24.003,22.44
75169,376,S4,504.0,23.919,22.44
75170,376,S4,507.0,23.933,22.44
75171,376,S4,510.0,23.825,22.44
75172,376,S4,513.0,23.905,22.44
75173,376,S4,516.0,23.771,22.44
75174,376,S4,519.0,23.727,22.44
75175,376,S4,522.0,23.722,22.44
75176,376,S4,525.0,23.673,22.44
75177,376,S4,528.0,23.699,22.44
75178,376,S4,531.0,23.661,22.44
75179,376,S4,534.0,23.609,22.44
75180,376,S4,537.0,23.677,22.44
75181,376,S4,540.0,23.607,22.44
75182,376,S4,543.0,23.592,22.44
75183,376,S4,546.0,23.524,22.44
75184,376,S4,549.0,23.499,22.44
75185,376,S4,552.0,23.517,22.44
75186,376,S4,555.0,23.389,22.44
75187,376,S4,558.0,23.508,22.44
75188,376,S4,561.0,23.464,22.44
75189,376,S4,564.0,23.391,22.44
75190,376,S4,567.0,23.361,22.44
75191,376,S4,570.0,23.231,22.44
75192,376,S4,573.0,23.325,22.44
75193,376,S4,576.0,23.351,22.44
75194,376,S4,579.0,23.293,22.44
75195,376,S4,582.0,23.288,22.44
75196,376,S4,585.0,23.211,22.44
75197,376,S4,588.0,23.171,22.44
75198,376,S4,591.0,23.208,22.44
75199,376,S4,594.0,23.217,22.44
75200,376,S4,597.0,23.275,22.44
75201,377,S1,0.0,74.384,22.68
75202,377,S1,3.0,73.504,22.68
75203,377,S1,6.0,72.547,22.68
75204,377,S1,9.0,71.699,22.68
75205,377,S1,12.0,70.687,22.68
75206,377,S1,15.0,69.976,22.68
75207,377,S1,18.0,69.012,22.68
75208,377,S1,21.0,68.285,22.68
75209,377,S1,24.0,67.541,22.68
75210,377,S1,27.0,66.662,22.68
75211,377,S1,30.0,65.926,22.68
75212,377,S1,33.0,65.194,22.68
75213,377,S1,36.0,64.461,22.68
75214,377,S1,39.0,63.823,22.68
75215,377,S1,42.0,62.982,22.68
75216,377,S1,45.0,62.221,22.68
75217,377,S1,48.0,61.638,22.68
75218,377,S1,51.0,60.858,22.68
75219,377,S1,54.0,60.101,22.68
75220,377,S1,57.0,59.545,22.68
75221,377,S1,60.0,58.882,22.68
75222,377,S1,63.0,58.228,22.68
75223,377,S1,66.0,57.671,22.68
75224,377,S1,69.0,56.980,22.68
75225,377,S1,72.0,56.410,22.68
75226,377,S1,75.0,55.770,22.68
75227,377,S1,78.0,55.220,22.68
75228,377,S1,81.0,54.694,22.68
75229,377,S1,84.0,54.054,22.68
75230,377,S1,87.0,53.483,22.68
75231,377,S1,90.0,53.064,22.68
75232,377,S1,93.0,52.525,22.68
75233,377,S1,96.0,51.964,22.68
75234,377,S1,99.0,51.374,22.68
75235,377,S1,102.0,50.912,22.68
75236,377,S1,105.0,50.506,22.68
75237,377,S1,108.0,50.067,22.68
75238,377,S1,111.0,49.445,22.68
75239,377,S1,114.0,48.926,22.68
75240,377,S1,117.0,48.514,22.68
75241,377,S1,120.0,48.088,22.68
75242,377,S1,123.0,47.570,22.68
75243,377,S1,126.0,47.219,22.68
75244,377,S1,129.0,46.732,22.68
75245,377,S1,132.0,46.300,22.68
75246,377,S1,135.0,45.871,22.68
75247,377,S1,138.0,45.571,22.68
75248,377,S1,141.0,45.088,22.68
75249,377,S1,144.0,44.691,22.68
75250,377,S1,147.0,44.304,22.68
75251,377,S1,150.0,43.957,22.68
75252,377,S1,153.0,43.545,22.68
75253,377,S1,156.0,43.113,22.68
75254,377,S1,159.0,42.895,22.68
75255,377,S1,162.0,42.573,22.68
75256,377,S1,165.0,42.062,22.68
75257,377,S1,168.0,41.695,22.68
75258,377,S1,171.0,41.370,22.68
75259,377,S1,174.0,41.036,22.68
75260,377,S1,177.0,40.903,22.68
75261,377,S1,180.0,40.519,22.68
75262,377,S1,183.0,40.178,22.68
75263,377,S1,186.0,39.764,22.68
75264,377,S1,189.0,39.640,22.68
75265,377,S1,192.0,39.167,22.68
75266,377,S1,195.0,38.997,22.68
75267,377,S1,198.0,38.632,22.68
75268,377,S1,201.0,38.442,22.68
75269,377,S1,204.0,38.139,22.68
75270,377,S1,207.0,37.908,22.68
75271,377,S1,210.0,37.640,22.68
75272,377,S1,213.0,37.293,22.68
75273,377,S1,216.0,37.088,22.68
75274,377,S1,219.0,36.832,22.68
75275,377,S1,222.0,36.555,22.68
75276,377,S1,225.0,36.322,22.68
75277,377,S1,228.0,35.987,22.68
75278,377,S1,231.0,35.880,22.68
75279,377,S1,234.0,35.606,22.68
75280,377,S1,237.0,35.469,22.68
75281,377,S1,240.0,35.075,22.68
75282,377,S1,243.0,34.984,22.68
75283,377,S1,246.0,34.690,22.68
75284,377,S1,249.0,34.462,22.68
75285,377,S1,252.0,34.248,22.68
75286,377,S1,255.0,34.104,22.68
75287,377,S1,258.0,33.874,22.68
75288,377,S1,261.0,33.716,22.68
75289,377,S1,264.0,33.496,22.68
75290,377,S1,267.0,33.286,22.68
75291,377,S1,270.0,33.032,22.68
75292,377,S1,273.0,32.974,22.68
75293,377,S1,276.0,32.809,22.68
75294,377,S1,279.0,32.550,22.68
75295,377,S1,282.0,32.379,22.68
75296,377,S1,285.0,32.223,22.68
75297,377,S1,288.0,32.111,22.68
75298,377,S1,291.0,31.953,22.68
75299,377,S1,294.0,31.807,22.68
75300,377,S1,297.0,31.521,22.68
75301,377,S1,300.0,31.388,22.68
75302,377,S1,303.0,31.227,22.68
75303,377,S1,306.0,31.124,22.68
75304,377,S1,309.0,31.015,22.68
75305,377,S1,312.0,30.852,22.68
75306,377,S1,315.0,30.629,22.68
75307,377,S1,318.0,30.550,22.68
75308,377,S1,321.0,30.413,22.68
75309,377,S1,324.0,30.196,22.68
75310,377,S1,327.0,30.137,22.68
75311,377,S1,330.0,29.927,22.68
75312,377,S1,333.0,29.831,22.68
75313,377,S1,336.0,29.641,22.68
75314,377,S1,339.0,29.566,22.68
75315,377,S1,342.0,29.530,22.68
75316,377,S1,345.0,29.377,22.68
75317,377,S1,348.0,29.238,22.68
75318,377,S1,351.0,29.165,22.68
75319,377,S1,354.0,29.034,22.68
75320,377,S1,357.0,28.916,22.68
75321,377,S1,360.0,28.824,22.68
75322,377,S1,363.0,28.673,22.68
75323,377,S1,366.0,28.600,22.68
75324,377,S1,369.0,28.549,22.68
75325,377,S1,372.0,28.355,22.68
75326,377,S1,375.0,28.254,22.68
75327,377,S1,378.0,28.172,22.68
75328,377,S1,381.0,28.079,22.68
75329,377,S1,384.0,28.028,22.68
75330,377,S1,387.0,27.868,22.68
75331,377,S1,390.0,27.819,22.68
75332,377,S1,393.0,27.757,22.68
75333,377,S1,396.0,27.626,22.68
75334,377,S1,399.0,27.517,22.68
75335,377,S1,402.0,27.409,22.68
75336,377,S1,405.0,27.364,22.68
75337,377,S1,408.0,27.399,22.68
75338,377,S1,411.0,27.201,22.68
75339,377,S1,414.0,27.169,22.68
75340,377,S1,417.0,27.074,22.68
75341,377,S1,420.0,26.950,22.68
75342,377,S1,423.0,26.889,22.68
75343,377,S1,426.0,26.798,22.68
75344,377,S1,429.0,26.666,22.68
75345,377,S1,432.0,26.620,22.68
75346,377,S1,435.0,26.593,22.68
75347,377,S1,438.0,26.535,22.68
75348,377,S1,441.0,26.418,22.68
75349,377,S1,444.0,26.351,22.68
75350,377,S1,447.0,26.336,22.68
75351,377,S1,450.0,26.295,22.68
75352,377,S1,453.0,26.168,22.68
75353,377,S1,456.0,26.180,22.68
75354,377,S1,459.0,26.019,22.68
75355,377,S1,462.0,26.078,22.68
75356,377,S1,465.0,26.047,22.68
75357,377,S1,468.0,25.901,22.68
75358,377,S1,471.0,25.856,22.68
75359,377,S1,474.0,25.795,22.68
75360,377,S1,477.0,25.744,22.68
75361,377,S1,480.0,25.694,22.68
75362,377,S1,483.0,25.681,22.68
75363,377,S1,486.0,25.544,22.68
75364,377,S1,489.0,25.610,22.68
75365,377,S1,492.0,25.540,22.68
75366,377,S1,495.0,25.455,22.68
75367,377,S1,498.0,25.385,22.68
75368,377,S1,501.0,25.402,22.68
75369,377,S1,504.0,25.222,22.68
75370,377,S1,507.0,25.278,22.68
75371,377,S1,510.0,25.228,22.68
75372,377,S1,513.0,25.103,22.68
75373,377,S1,516.0,25.081,22.68
75374,377,S1,519.0,25.123,22.68
75375,377,S1,522.0,24.991,22.68
75376,377,S1,525.0,25.039,22.68
75377,377,S1,528.0,24.904,22.68
75378,377,S1,531.0,25.001,22.68
75379,377,S1,534.0,24.900,22.68
75380,377,S1,537.0,24.843,22.68
75381,377,S1,540.0,24.782,22.68
75382,377,S1,543.0,24.714,22.68
75383,377,S1,546.0,24.722,22.68
75384,377,S1,549.0,24.613,22.68
75385,377,S1,552.0,24.586,22.68
75386,377,S1,555.0,24.647,22.68
75387,377,S1,558.0,24.573,22.68
75388,377,S1,561.0,24.506,22.68
75389,377,S1,564.0,24.498,22.68
75390,377,S1,567.0,24.529,22.68
75391,377,S1,570.0,24.446,22.68
75392,377,S1,573.0,24.470,22.68
75393,377,S1,576.0,24.386,22.68
75394,377,S1,579.0,24.367,22.68
75395,377,S1,582.0,24.356,22.68
75396,377,S1,585.0,24.353,22.68
75397,377,S1,588.0,24.334,22.68
75398,377,S1,591.0,24.126,22.68
75399,377,S1,594.0,24.313,22.68
75400,377,S1,597.0,24.167,22.68
75401,378,S2,0.0,77.780,20.98
75402,378,S2,3.0,77.048,20.98
75403,378,S2,6.0,76.191,20.98
75404,378,S2,9.0,75.404,20.98
75405,378,S2,12.0,74.776,20.98
75406,378,S2,15.0,73.976,20.98
75407,378,S2,18.0,73.208,20.98
75408,378,S2,21.0,72.505,20.98
75409,378,S2,24.0,71.801,20.98
75410,378,S2,27.0,71.184,20.98
75411,378,S2,30.0,70.417,20.98
75412,378,S2,33.0,69.752,20.98
75413,378,S2,36.0,69.130,20.98
75414,378,S2,39.0,68.454,20.98
75415,378,S2,42.0,67.828,20.98
75416,378,S2,45.0,67.269,20.98
75417,378,S2,48.0,66.499,20.98
75418,378,S2,51.0,65.932,20.98
75419,378,S2,54.0,65.271,20.98
75420,378,S2,57.0,64.686,20.98
75421,378,S2,60.0,64.052,20.98
75422,378,S2,63.0,63.580,20.98
75423,378,S2,66.0,63.025,20.98
75424,378,S2,69.0,62.284,20.98
75425,378,S2,72.0,61.834,20.98
75426,378,S2,75.0,61.184,20.98
75427,378,S2,78.0,60.761,20.98
75428,378,S2,81.0,60.183,20.98
75429,378,S2,84.0,59.613,20.98
75430,378,S2,87.0,59.181,20.98
75431,378,S2,90.0,58.667,20.98
75432,378,S2,93.0,58.092,20.98
75433,378,S2,96.0,57.708,20.98
75434,378,S2,99.0,57.100,20.98
75435,378,S2,102.0,56.585,20.98
75436,378,S2,105.0,56.255,20.98
75437,378,S2,108.0,55.553,20.98
75438,378,S2,111.0,55.232,20.98
75439,378,S2,114.0,54.690,20.98
75440,378,S2,117.0,54.227,20.98
75441,378,S2,120.0,53.793,20.98
75442,378,S2,123.0,53.344,20.98
75443,378,S2,126.0,52.826,20.98
75444,378,S2,129.0,52.379,20.98
75445,378,S2,132.0,52.013,20.98
75446,378,S2,135.0,51.652,20.98
75447,378,S2,138.0,51.223,20.98
75448,378,S2,141.0,50.751,20.98
75449,378,S2,144.0,50.374,20.98
75450,378,S2,147.0,49.928,20.98
75451,378,S2,150.0,49.649,20.98
75452,378,S2,153.0,49.169,20.98
75453,378,S2,156.0,48.828,20.98
75454,378,S2,159.0,48.492,20.98
75455,378,S2,162.0,48.103,20.98
75456,378,S2,165.0,47.619,20.98
75457,378,S2,168.0,47.367,20.98
75458,378,S2,171.0,46.955,20.98
75459,378,S2,174.0,46.673,20.98
75460,378,S2,177.0,46.280,20.98
75461,378,S2,180.0,45.943,20.98
75462,378,S2,183.0,45.519,20.98
75463,378,S2,186.0,45.262,20.98
75464,378,S2,189.0,44.986,20.98
75465,378,S2,192.0,44.609,20.98
75466,378,S2,195.0,44.253,20.98
75467,378,S2,198.0,43.967,20.98
75468,378,S2,201.0,43.679,20.98
75469,378,S2,204.0,43.286,20.98
75470,378,S2,207.0,43.015,20.98
75471,378,S2,210.0,42.772,20.98
75472,378,S2,213.0,42.436,20.98
75473,378,S2,216.0,42.111,20.98
75474,378,S2,219.0,41.932,20.98
75475,378,S2,222.0,41.622,20.98
75476,378,S2,225.0,41.272,20.98
75477,378,S2,228.0,40.979,20.98
75478,378,S2,231.0,40.778,20.98
75479,378,S2,234.0,40.558,20.98
75480,378,S2,237.0,40.226,20.98
75481,378,S2,240.0,39.984,20.98
75482,378,S2,243.0,39.692,20.98
75483,378,S2,246.0,39.460,20.98
75484,378,S2,249.0,39.249,20.98
75485,378,S2,252.0,38.911,20.98
75486,378,S2,255.0,38.749,20.98
75487,378,S2,258.0,38.498,20.98
75488,378,S2,261.0,38.189,20.98
75489,378,S2,264.0,37.955,20.98
75490,378,S2,267.0,37.782,20.98
75491,378,S2,270.0,37.540,20.98
75492,378,S2,273.0,37.201,20.98
75493,378,S2,276.0,37.133,20.98
75494,378,S2,279.0,36.835,20.98
75495,378,S2,282.0,36.609,20.98
75496,378,S2,285.0,36.430,20.98
75497,378,S2,288.0,36.295,20.98
75498,378,S2,291.0,35.951,20.98
75499,378,S2,294.0,35.836,20.98
75500,378,S2,297.0,35.533,20.98
75501,378,S2,300.0,35.435,20.98
75502,378,S2,303.0,35.244,20.98
75503,378,S2,306.0,35.031,20.98
75504,378,S2,309.0,34.800,20.98
75505,378,S2,312.0,34.635,20.98
75506,378,S2,315.0,34.424,20.98
75507,378,S2,318.0,34.323,20.98
75508,378,S2,321.0,34.041,20.98
75509,378,S2,324.0,33.914,20.98
75510,378,S2,327.0,33.663,20.98
75511,378,S2,330.0,33.435,20.98
75512,378,S2,333.0,33.430,20.98
75513,378,S2,336.0,33.186,20.98
75514,378,S2,339.0,33.019,20.98
75515,378,S2,342.0,32.806,20.98
75516,378,S2,345.0,32.627,20.98
75517,378,S2,348.0,32.612,20.98
75518,378,S2,351.0,32.475,20.98
75519,378,S2,354.0,32.233,20.98
75520,378,S2,357.0,32.085,20.98
75521,378,S2,360.0,31.985,20.98
75522,378,S2,363.0,31.797,20.98
75523,378,S2,366.0,31.622,20.98
75524,378,S2,369.0,31.569,20.98
75525,378,S2,372.0,31.271,20.98
75526,378,S2,375.0,31.236,20.98
75527,378,S2,378.0,31.102,20.98
75528,378,S2,381.0,30.989,20.98
75529,378,S2,384.0,30.791,20.98
75530,378,S2,387.0,30.654,20.98
75531,378,S2,390.0,30.543,20.98
75532,378,S2,393.0,30.380,20.98
75533,378,S2,396.0,30.339,20.98
75534,378,S2,399.0,30.185,20.98
75535,378,S2,402.0,30.018,20.98
75536,378,S2,405.0,29.898,20.98
75537,378,S2,408.0,29.771,20.98
75538,378,S2,411.0,29.661,20.98
75539,378,S2,414.0,29.525,20.98
75540,378,S2,417.0,29.371,20.98
75541,378,S2,420.0,29.310,20.98
75542,378,S2,423.0,29.199,20.98
75543,378,S2,426.0,29.076,20.98
75544,378,S2,429.0,29.105,20.98
75545,378,S2,432.0,28.833,20.98
75546,378,S2,435.0,28.740,20.98
75547,378,S2,438.0,28.704,20.98
75548,378,S2,441.0,28.509,20.98
75549,378,S2,444.0,28.545,20.98
75550,378,S2,447.0,28.367,20.98
75551,378,S2,450.0,28.135,20.98
75552,378,S2,453.0,28.189,20.98
75553,378,S2,456.0,28.070,20.98
75554,378,S2,459.0,27.854,20.98
75555,378,S2,462.0,27.783,20.98
75556,378,S2,465.0,27.704,20.98
75557,378,S2,468.0,27.745,20.98
75558,378,S2,471.0,27.593,20.98
75559,378,S2,474.0,27.416,20.98
75560,378,S2,477.0,27.424,20.98
75561,378,S2,480.0,27.273,20.98
75562,378,S2,483.0,27.200,20.98
75563,378,S2,486.0,27.090,20.98
75564,378,S2,489.0,27.084,20.98
75565,378,S2,492.0,26.961,20.98
75566,378,S2,495.0,26.853,20.98
75567,378,S2,498.0,26.769,20.98
75568,378,S2,501.0,26.721,20.98
75569,378,S2,504.0,26.608,20.98
75570,378,S2,507.0,26.487,20.98
75571,378,S2,510.0,26.461,20.98
75572,378,S2,513.0,26.447,20.98
75573,378,S2,516.0,26.373,20.98
75574,378,S2,519.0,26.219,20.98
75575,378,S2,522.0,26.163,20.98
75576,378,S2,525.0,26.093,20.98
75577,378,S2,528.0,26.056,20.98
75578,378,S2,531.0,26.053,20.98
75579,378,S2,534.0,25.998,20.98
75580,378,S2,537.0,25.826,20.98
75581,378,S2,540.0,25.809,20.98
75582,378,S2,543.0,25.743,20.98
75583,378,S2,546.0,25.599,20.98
75584,378,S2,549.0,25.619,20.98
75585,378,S2,552.0,25.549,20.98
75586,378,S2,555.0,25.473,20.98
75587,378,S2,558.0,25.406,20.98
75588,378,S2,561.0,25.273,20.98
75589,378,S2,564.0,25.314,20.98
75590,378,S2,567.0,25.276,20.98
75591,378,S2,570.0,25.209,20.98
75592,378,S2,573.0,25.120,20.98
75593,378,S2,576.0,25.122,20.98
75594,378,S2,579.0,25.015,20.98
75595,378,S2,582.0,24.962,20.98
75596,378,S2,585.0,24.947,20.98
75597,378,S2,588.0,24.855,20.98
75598,378,S2,591.0,24.923,20.98
75599,378,S2,594.0,24.735,20.98
75600,378,S2,597.0,24.735,20.98
75601,379,S3,0.0,87.340,22.55
75602,379,S3,3.0,86.046,22.55
75603,379,S3,6.0,84.925,22.55
75604,379,S3,9.0,83.886,22.55
75605,379,S3,12.0,82.770,22.55
75606,379,S3,15.0,81.629,22.55
75607,379,S3,18.0,80.595,22.55
75608,379,S3,21.0,79.636,22.55
75609,379,S3,24.0,78.572,22.55
75610,379,S3,27.0,77.546,22.55
75611,379,S3,30.0,76.532,22.55
75612,379,S3,33.0,75.655,22.55
75613,379,S3,36.0,74.601,22.55
75614,379,S3,39.0,73.627,22.55
75615,379,S3,42.0,72.846,22.55
75616,379,S3,45.0,71.912,22.55
75617,379,S3,48.0,71.038,22.55
75618,379,S3,51.0,70.202,22.55
75619,379,S3,54.0,69.335,22.55
75620,379,S3,57.0,68.517,22.55
75621,379,S3,60.0,67.649,22.55
75622,379,S3,63.0,66.876,22.55
75623,379,S3,66.0,66.014,22.55
75624,379,S3,69.0,65.285,22.55
75625,379,S3,72.0,64.515,22.55
75626,379,S3,75.0,63.729,22.55
75627,379,S3,78.0,63.081,22.55
75628,379,S3,81.0,62.362,22.55
75629,379,S3,84.0,61.512,22.55
75630,379,S3,87.0,60.948,22.55
75631,379,S3,90.0,60.258,22.55
75632,379,S3,93.0,59.533,22.55
75633,379,S3,96.0,58.847,22.55
75634,379,S3,99.0,58.278,22.55
75635,379,S3,102.0,57.542,22.55
75636,379,S3,105.0,56.957,22.55
75637,379,S3,108.0,56.311,22.55
75638,379,S3,111.0,55.713,22.55
75639,379,S3,114.0,55.196,22.55
75640,379,S3,117.0,54.512,22.55
75641,379,S3,120.0,54.019,22.55
75642,379,S3,123.0,53.412,22.55
75643,379,S3,126.0,52.855,22.55
75644,379,S3,129.0,52.362,22.55
75645,379,S3,132.0,51.751,22.55
75646,379,S3,135.0,51.215,22.55
75647,379,S3,138.0,50.806,22.55
75648,379,S3,141.0,50.296,22.55
75649,379,S3,144.0,49.852,22.55
75650,379,S3,147.0,49.285,22.55
75651,379,S3,150.0,48.768,22.55
75652,379,S3,153.0,48.341,22.55
75653,379,S3,156.0,47.845,22.55
75654,379,S3,159.0,47.390,22.55
75655,379,S3,162.0,46.960,22.55
75656,379,S3,165.0,46.503,22.55
75657,379,S3,168.0,46.182,22.55
75658,379,S3,171.0,45.695,22.55
75659,379,S3,174.0,45.263,22.55
75660,379,S3,177.0,44.824,22.55
75661,379,S3,180.0,44.457,22.55
75662,379,S3,183.0,44.068,22.55
75663,379,S3,186.0,43.685,22.55
75664,379,S3,189.0,43.205,22.55
75665,379,S3,192.0,42.901,22.55
75666,379,S3,195.0,42.640,22.55
75667,379,S3,198.0,42.267,22.55
75668,379,S3,201.0,41.832,22.55
75669,379,S3,204.0,41.563,22.55
75670,379,S3,207.0,41.056,22.55
75671,379,S3,210.0,40.871,22.55
75672,379,S3,213.0,40.429,22.55
75673,379,S3,216.0,40.268,22.55
75674,379,S3,219.0,39.918,22.55
75675,379,S3,222.0,39.538,22.55
75676,379,S3,225.0,39.223,22.55
75677,379,S3,228.0,38.916,22.55
75678,379,S3,231.0,38.706,22.55
75679,379,S3,234.0,38.451,22.55
75680,379,S3,237.0,38.077,22.55
75681,379,S3,240.0,37.841,22.55
75682,379,S3,243.0,37.510,22.55
75683,379,S3,246.0,37.268,22.55
75684,379,S3,249.0,37.038,22.55
75685,379,S3,252.0,36.730,22.55
75686,379,S3,255.0,36.456,22.55
75687,379,S3,258.0,36.238,22.55
75688,379,S3,261.0,36.088,22.55
75689,379,S3,264.0,35.767,22.55
75690,379,S3,267.0,35.618,22.55
75691,379,S3,270.0,35.337,22.55
75692,379,S3,273.0,35.123,22.55
75693,379,S3,276.0,34.883,22.55
75694,379,S3,279.0,34.631,22.55
75695,379,S3,282.0,34.374,22.55
75696,379,S3,285.0,34.191,22.55
75697,379,S3,288.0,34.008,22.55
75698,379,S3,291.0,33.743,22.55
75699,379,S3,294.0,33.551,22.55
75700,379,S3,297.0,33.381,22.55
75701,379,S3,300.0,33.143,22.55
75702,379,S3,303.0,33.078,22.55
75703,379,S3,306.0,32.826,22.55
75704,379,S3,309.0,32.609,22.55
75705,379,S3,312.0,32.441,22.55
75706,379,S3,315.0,32.273,22.55
75707,379,S3,318.0,32.062,22.55
75708,379,S3,321.0,31.957,22.55
75709,379,S3,324.0,31.760,22.55
75710,379,S3,327.0,31.615,22.55
75711,379,S3,330.0,31.462,22.55
75712,379,S3,333.0,31.342,22.55
75713,379,S3,336.0,31.234,22.55
75714,379,S3,339.0,30.927,22.55
75715,379,S3,342.0,30.764,22.55
75716,379,S3,345.0,30.534,22.55
75717,379,S3,348.0,30.457,22.55
75718,379,S3,351.0,30.450,22.55
75719,379,S3,354.0,30.172,22.55
75720,379,S3,357.0,30.123,22.55
75721,379,S3,360.0,30.102,22.55
75722,379,S3,363.0,29.826,22.55
75723,379,S3,366.0,29.704,22.55
75724,379,S3,369.0,29.569,22.55
75725,379,S3,372.0,29.443,22.55
75726,379,S3,375.0,29.334,22.55
75727,379,S3,378.0,29.161,22.55
75728,379,S3,381.0,29.088,22.55
75729,379,S3,384.0,28.920,22.55
75730,379,S3,387.0,28.826,22.55
75731,379,S3,390.0,28.670,22.55
75732,379,S3,393.0,28.603,22.55
75733,379,S3,396.0,28.581,22.55
75734,379,S3,399.0,28.448,22.55
75735,379,S3,402.0,28.221,22.55
75736,379,S3,405.0,28.242,22.55
75737,379,S3,408.0,28.144,22.55
75738,379,S3,411.0,28.088,22.55
75739,379,S3,414.0,27.977,22.55
75740,379,S3,417.0,27.777,22.55
75741,379,S3,420.0,27.695,22.55
75742,379,S3,423.0,27.655,22.55
75743,379,S3,426.0,27.552,22.55
75744,379,S3,429.0,27.500,22.55
75745,379,S3,432.0,27.262,22.55
75746,379,S3,435.0,27.267,22.55
75747,379,S3,438.0,27.151,22.55
75748,379,S3,441.0,27.159,22.55
75749,379,S3,444.0,26.965,22.55
75750,379,S3,447.0,26.958,22.55
75751,379,S3,450.0,26.932,22.55
75752,379,S3,453.0,26.799,22.55
75753,379,S3,456.0,26.669,22.55
75754,379,S3,459.0,26.709,22.55
75755,379,S3,462.0,26.709,22.55
75756,379,S3,465.0,26.504,22.55
75757,379,S3,468.0,26.359,22.55
75758,379,S3,471.0,26.383,22.55
75759,379,S3,474.0,26.247,22.55
75760,379,S3,477.0,26.144,22.55
75761,379,S3,480.0,26.211,22.55
75762,379,S3,483.0,26.074,22.55
75763,379,S3,486.0,26.013,22.55
75764,379,S3,489.0,25.997,22.55
75765,379,S3,492.0,25.968,22.55
75766,379,S3,495.0,25.867,22.55
75767,379,S3,498.0,25.743,22.55
75768,379,S3,501.0,25.745,22.55
75769,379,S3,504.0,25.640,22.55
75770,379,S3,507.0,25.600,22.55
75771,379,S3,510.0,25.430,22.55
75772,379,S3,513.0,25.443,22.55
75773,379,S3,516.0,25.488,22.55
75774,379,S3,519.0,25.341,22.55
75775,379,S3,522.0,25.313,22.55
75776,379,S3,525.0,25.374,22.55
75777,379,S3,528.0,25.254,22.55
75778,379,S3,531.0,25.136,22.55
75779,379,S3,534.0,25.185,22.55
75780,379,S3,537.0,25.078,22.55
75781,379,S3,540.0,25.098,22.55
75782,379,S3,543.0,24.953,22.55
75783,379,S3,546.0,24.994,22.55
75784,379,S3,549.0,24.989,22.55
75785,379,S3,552.0,24.903,22.55
75786,379,S3,555.0,24.723,22.55
75787,379,S3,558.0,24.813,22.55
75788,379,S3,561.0,24.737,22.55
75789,379,S3,564.0,24.649,22.55
75790,379,S3,567.0,24.803,22.55
75791,379,S3,570.0,24.643,22.55
75792,379,S3,573.0,24.587,22.55
75793,379,S3,576.0,24.539,22.55
75794,379,S3,579.0,24.568,22.55
75795,379,S3,582.0,24.545,22.55
75796,379,S3,585.0,24.445,22.55
75797,379,S3,588.0,24.442,22.55
75798,379,S3,591.0,24.387,22.55
75799,379,S3,594.0,24.334,22.55
75800,379,S3,597.0,24.289,22.55
75801,380,S4,0.0,91.266,20.74
75802,380,S4,3.0,89.906,20.74
75803,380,S4,6.0,88.682,20.74
75804,380,S4,9.0,87.179,20.74
75805,380,S4,12.0,85.970,20.74
75806,380,S4,15.0,84.863,20.74
75807,380,S4,18.0,83.527,20.74
75808,380,S4,21.0,82.401,20.74
75809,380,S4,24.0,81.247,20.74
75810,380,S4,27.0,80.029,20.74
75811,380,S4,30.0,78.911,20.74
75812,380,S4,33.0,77.819,20.74
75813,380,S4,36.0,76.760,20.74
75814,380,S4,39.0,75.731,20.74
75815,380,S4,42.0,74.689,20.74
75816,380,S4,45.0,73.654,20.74
75817,380,S4,48.0,72.651,20.74
75818,380,S4,51.0,71.570,20.74
75819,380,S4,54.0,70.684,20.74
75820,380,S4,57.0,69.723,20.74
75821,380,S4,60.0,68.767,20.74
75822,380,S4,63.0,67.929,20.74
75823,380,S4,66.0,66.985,20.74
75824,380,S4,69.0,66.102,20.74
75825,380,S4,72.0,65.192,20.74
75826,380,S4,75.0,64.392,20.74
75827,380,S4,78.0,63.464,20.74
75828,380,S4,81.0,62.745,20.74
75829,380,S4,84.0,61.913,20.74
75830,380,S4,87.0,61.254,20.74
75831,380,S4,90.0,60.355,20.74
75832,380,S4,93.0,59.633,20.74
75833,380,S4,96.0,58.835,20.74
75834,380,S4,99.0,58.147,20.74
75835,380,S4,102.0,57.537,20.74
75836,380,S4,105.0,56.737,20.74
75837,380,S4,108.0,56.163,20.74
75838,380,S4,111.0,55.372,20.74
75839,380,S4,114.0,54.702,20.74
75840,380,S4,117.0,54.104,20.74
75841,380,S4,120.0,53.490,20.74
75842,380,S4,123.0,52.905,20.74
75843,380,S4,126.0,52.208,20.74
75844,380,S4,129.0,51.681,20.74
75845,380,S4,132.0,51.087,20.74
75846,380,S4,135.0,50.513,20.74
75847,380,S4,138.0,49.903,20.74
75848,380,S4,141.0,49.382,20.74
75849,380,S4,144.0,48.777,20.74
75850,380,S4,147.0,48.309,20.74
75851,380,S4,150.0,47.697,20.74
75852,380,S4,153.0,47.262,20.74
75853,380,S4,156.0,46.735,20.74
75854,380,S4,159.0,46.226,20.74
75855,380,S4,162.0,45.739,20.74
75856,380,S4,165.0,45.254,20.74
75857,380,S4,168.0,44.880,20.74
75858,380,S4,171.0,44.419,20.74
75859,380,S4,174.0,43.874,20.74
75860,380,S4,177.0,43.396,20.74
75861,380,S4,180.0,43.007,20.74
75862,380,S4,183.0,42.572,20.74
75863,380,S4,186.0,42.289,20.74
75864,380,S4,189.0,41.759,20.74
75865,380,S4,192.0,41.452,20.74
75866,380,S4,195.0,40.980,20.74
75867,380,S4,198.0,40.572,20.74
75868,380,S4,201.0,40.242,20.74
75869,380,S4,204.0,39.774,20.74
75870,380,S4,207.0,39.518,20.74
75871,380,S4,210.0,39.199,20.74
75872,380,S4,213.0,38.712,20.74
75873,380,S4,216.0,38.378,20.74
75874,380,S4,219.0,38.095,20.74
75875,380,S4,222.0,37.833,20.74
75876,380,S4,225.0,37.535,20.74
75877,380,S4,228.0,37.123,20.74
75878,380,S4,231.0,36.890,20.74
75879,380,S4,234.0,36.514,20.74
75880,380,S4,237.0,36.293,20.74
75881,380,S4,240.0,35.910,20.74
75882,380,S4,243.0,35.670,20.74
75883,380,S4,246.0,35.266,20.74
75884,380,S4,249.0,35.081,20.74
75885,380,S4,252.0,34.772,20.74
75886,380,S4,255.0,34.577,20.74
75887,380,S4,258.0,34.248,20.74
75888,380,S4,261.0,34.017,20.74
75889,380,S4,264.0,33.775,20.74
75890,380,S4,267.0,33.509,20.74
75891,380,S4,270.0,33.298,20.74
75892,380,S4,273.0,33.094,20.74
75893,380,S4,276.0,32.866,20.74
75894,380,S4,279.0,32.529,20.74
75895,380,S4,282.0,32.385,20.74
75896,380,S4,285.0,32.182,20.74
75897,380,S4,288.0,31.852,20.74
75898,380,S4,291.0,31.574,20.74
75899,380,S4,294.0,31.553,20.74
75900,380,S4,297.0,31.375,20.74
75901,380,S4,300.0,31.109,20.74
75902,380,S4,303.0,30.909,20.74
75903,380,S4,306.0,30.618,20.74
75904,380,S4,309.0,30.560,20.74
75905,380,S4,312.0,30.290,20.74
75906,380,S4,315.0,30.229,20.74
75907,380,S4,318.0,30.008,20.74
75908,380,S4,321.0,29.799,20.74
75909,380,S4,324.0,29.651,20.74
75910,380,S4,327.0,29.503,20.74
75911,380,S4,330.0,29.303,20.74
75912,380,S4,333.0,29.089,20.74
75913,380,S4,336.0,28.885,20.74
75914,380,S4,339.0,28.727,20.74
75915,380,S4,342.0,28.633,20.74
75916,380,S4,345.0,28.506,20.74
75917,380,S4,348.0,28.366,20.74
75918,380,S4,351.0,28.219,20.74
75919,380,S4,354.0,28.056,20.74
75920,380,S4,357.0,27.928,20.74
75921,380,S4,360.0,27.861,20.74
75922,380,S4,363.0,27.696,20.74
75923,380,S4,366.0,27.526,20.74
75924,380,S4,369.0,27.337,20.74
75925,380,S4,372.0,27.353,20.74
75926,380,S4,375.0,27.103,20.74
75927,380,S4,378.0,27.001,20.74
75928,380,S4,381.0,26.877,20.74
75929,380,S4,384.0,26.769,20.74
75930,380,S4,387.0,26.698,20.74
75931,380,S4,390.0,26.574,20.74
75932,380,S4,393.0,26.513,20.74
75933,380,S4,396.0,26.312,20.74
75934,380,S4,399.0,26.210,20.74
75935,380,S4,402.0,26.133,20.74
75936,380,S4,405.0,25.898,20.74
75937,380,S4,408.0,25.997,20.74
75938,380,S4,411.0,25.785,20.74
75939,380,S4,414.0,25.688,20.74
75940,380,S4,417.0,25.619,20.74
75941,380,S4,420.0,25.547,20.74
75942,380,S4,423.0,25.401,20.74
75943,380,S4,426.0,25.372,20.74
75944,380,S4,429.0,25.256,20.74
75945,380,S4,432.0,25.228,20.74
75946,380,S4,435.0,25.072,20.74
75947,380,S4,438.0,25.021,20.74
75948,380,S4,441.0,24.929,20.74
75949,380,S4,444.0,24.903,20.74
75950,380,S4,447.0,24.726,20.74
75951,380,S4,450.0,24.672,20.74
75952,380,S4,453.0,24.734,20.74
75953,380,S4,456.0,24.584,20.74
75954,380,S4,459.0,24.463,20.74
75955,380,S4,462.0,24.450,20.74
75956,380,S4,465.0,24.347,20.74
75957,380,S4,468.0,24.308,20.74
75958,380,S4,471.0,24.280,20.74
75959,380,S4,474.0,24.214,20.74
75960,380,S4,477.0,24.028,20.74
75961,380,S4,480.0,24.023,20.74
75962,380,S4,483.0,23.928,20.74
75963,380,S4,486.0,23.846,20.74
75964,380,S4,489.0,23.872,20.74
75965,380,S4,492.0,23.798,20.74
75966,380,S4,495.0,23.746,20.74
75967,380,S4,498.0,23.662,20.74
75968,380,S4,501.0,23.575,20.74
75969,380,S4,504.0,23.514,20.74
75970,380,S4,507.0,23.516,20.74
75971,380,S4,510.0,23.425,20.74
75972,380,S4,513.0,23.392,20.74
75973,380,S4,516.0,23.348,20.74
75974,380,S4,519.0,23.276,20.74
75975,380,S4,522.0,23.249,20.74
75976,380,S4,525.0,23.251,20.74
75977,380,S4,528.0,23.095,20.74
75978,380,S4,531.0,23.060,20.74
75979,380,S4,534.0,23.072,20.74
75980,380,S4,537.0,23.024,20.74
75981,380,S4,540.0,22.943,20.74
75982,380,S4,543.0,22.865,20.74
75983,380,S4,546.0,22.939,20.74
75984,380,S4,549.0,22.858,20.74
75985,380,S4,552.0,22.756,20.74
75986,380,S4,555.0,22.920,20.74
75987,380,S4,558.0,22.773,20.74
75988,380,S4,561.0,22.659,20.74
75989,380,S4,564.0,22.670,20.74
75990,380,S4,567.0,22.661,20.74
75991,380,S4,570.0,22.634,20.74
75992,380,S4,573.0,22.534,20.74
75993,380,S4,576.0,22.577,20.74
75994,380,S4,579.0,22.500,20.74
75995,380,S4,582.0,22.460,20.74
75996,380,S4,585.0,22.459,20.74
75997,380,S4,588.0,22.356,20.74
75998,380,S4,591.0,22.373,20.74
75999,380,S4,594.0,22.302,20.74
76000,380,S4,597.0,22.376,20.74
76001,381,S1,0.0,76.462,22.02
76002,381,S1,3.0,75.018,22.02
76003,381,S1,6.0,73.761,22.02
76004,381,S1,9.0,72.414,22.02
76005,381,S1,12.0,71.081,22.02
76006,381,S1,15.0,69.832,22.02
76007,381,S1,18.0,68.581,22.02
76008,381,S1,21.0,67.428,22.02
76009,381,S1,24.0,66.270,22.02
76010,381,S1,27.0,65.079,22.02
76011,381,S1,30.0,63.959,22.02
76012,381,S1,33.0,62.865,22.02
76013,381,S1,36.0,61.865,22.02
76014,381,S1,39.0,60.884,22.02
76015,381,S1,42.0,59.794,22.02
76016,381,S1,45.0,58.939,22.02
76017,381,S1,48.0,57.942,22.02
76018,381,S1,51.0,57.060,22.02
76019,381,S1,54.0,56.112,22.02
76020,381,S1,57.0,55.186,22.02
76021,381,S1,60.0,54.388,22.02
76022,381,S1,63.0,53.563,22.02
76023,381,S1,66.0,52.752,22.02
76024,381,S1,69.0,52.074,22.02
76025,381,S1,72.0,51.203,22.02
76026,381,S1,75.0,50.498,22.02
76027,381,S1,78.0,49.822,22.02
76028,381,S1,81.0,49.008,22.02
76029,381,S1,84.0,48.431,22.02
76030,381,S1,87.0,47.695,22.02
76031,381,S1,90.0,46.979,22.02
76032,381,S1,93.0,46.439,22.02
76033,381,S1,96.0,45.779,22.02
76034,381,S1,99.0,45.064,22.02
76035,381,S1,102.0,44.637,22.02
76036,381,S1,105.0,44.057,22.02
76037,381,S1,108.0,43.420,22.02
76038,381,S1,111.0,42.910,22.02
76039,381,S1,114.0,42.353,22.02
76040,381,S1,117.0,41.806,22.02
76041,381,S1,120.0,41.413,22.02
76042,381,S1,123.0,40.799,22.02
76043,381,S1,126.0,40.321,22.02
76044,381,S1,129.0,39.842,22.02
76045,381,S1,132.0,39.394,22.02
76046,381,S1,135.0,38.930,22.02
76047,381,S1,138.0,38.498,22.02
76048,381,S1,141.0,38.101,22.02
76049,381,S1,144.0,37.660,22.02
76050,381,S1,147.0,37.264,22.02
76051,381,S1,150.0,36.865,22.02
76052,381,S1,153.0,36.467,22.02
76053,381,S1,156.0,36.141,22.02
76054,381,S1,159.0,35.761,22.02
76055,381,S1,162.0,35.432,22.02
76056,381,S1,165.0,35.111,22.02
76057,381,S1,168.0,34.814,22.02
76058,381,S1,171.0,34.508,22.02
76059,381,S1,174.0,34.096,22.02
76060,381,S1,177.0,33.784,22.02
76061,381,S1,180.0,33.443,22.02
76062,381,S1,183.0,33.181,22.02
76063,381,S1,186.0,32.926,22.02
76064,381,S1,189.0,32.615,22.02
76065,381,S1,192.0,32.376,22.02
76066,381,S1,195.0,32.100,22.02
76067,381,S1,198.0,31.850,22.02
76068,381,S1,201.0,31.640,22.02
76069,381,S1,204.0,31.407,22.02
76070,381,S1,207.0,31.148,22.02
76071,381,S1,210.0,30.958,22.02
76072,381,S1,213.0,30.685,22.02
76073,381,S1,216.0,30.472,22.02
76074,381,S1,219.0,30.172,22.02
76075,381,S1,222.0,29.898,22.02
76076,381,S1,225.0,29.789,22.02
76077,381,S1,228.0,29.645,22.02
76078,381,S1,231.0,29.527,22.02
76079,381,S1,234.0,29.273,22.02
76080,381,S1,237.0,29.058,22.02
76081,381,S1,240.0,28.857,22.02
76082,381,S1,243.0,28.770,22.02
76083,381,S1,246.0,28.545,22.02
76084,381,S1,249.0,28.288,22.02
76085,381,S1,252.0,28.202,22.02
76086,381,S1,255.0,28.020,22.02
76087,381,S1,258.0,27.882,22.02
76088,381,S1,261.0,27.609,22.02
76089,381,S1,264.0,27.565,22.02
76090,381,S1,267.0,27.446,22.02
76091,381,S1,270.0,27.273,22.02
76092,381,S1,273.0,27.146,22.02
76093,381,S1,276.0,27.067,22.02
76094,381,S1,279.0,26.822,22.02
76095,381,S1,282.0,26.712,22.02
76096,381,S1,285.0,26.632,22.02
76097,381,S1,288.0,26.544,22.02
76098,381,S1,291.0,26.403,22.02
76099,381,S1,294.0,26.306,22.02
76100,381,S1,297.0,26.272,22.02
76101,381,S1,300.0,26.131,22.02
76102,381,S1,303.0,25.951,22.02
76103,381,S1,306.0,25.876,22.02
76104,381,S1,309.0,25.853,22.02
76105,381,S1,312.0,25.640,22.02
76106,381,S1,315.0,25.622,22.02
76107,381,S1,318.0,25.666,22.02
76108,381,S1,321.0,25.410,22.02
76109,381,S1,324.0,25.266,22.02
76110,381,S1,327.0,25.248,22.02
76111,381,S1,330.0,25.093,22.02
76112,381,S1,333.0,25.127,22.02
76113,381,S1,336.0,24.966,22.02
76114,381,S1,339.0,24.941,22.02
76115,381,S1,342.0,24.916,22.02
76116,381,S1,345.0,24.875,22.02
76117,381,S1,348.0,24.730,22.02
76118,381,S1,351.0,24.612,22.02
76119,381,S1,354.0,24.522,22.02
76120,381,S1,357.0,24.542,22.02
76121,381,S1,360.0,24.446,22.02
76122,381,S1,363.0,24.321,22.02
76123,381,S1,366.0,24.318,22.02
76124,381,S1,369.0,24.275,22.02
76125,381,S1,372.0,24.245,22.02
76126,381,S1,375.0,24.077,22.02
76127,381,S1,378.0,24.156,22.02
76128,381,S1,381.0,24.070,22.02
76129,381,S1,384.0,24.012,22.02
76130,381,S1,387.0,23.935,22.02
76131,381,S1,390.0,23.929,22.02
76132,381,S1,393.0,23.883,22.02
76133,381,S1,396.0,23.823,22.02
76134,381,S1,399.0,23.839,22.02
76135,381,S1,402.0,23.670,22.02
76136,381,S1,405.0,23.623,22.02
76137,381,S1,408.0,23.635,22.02
76138,381,S1,411.0,23.572,22.02
76139,381,S1,414.0,23.525,22.02
76140,381,S1,417.0,23.562,22.02
76141,381,S1,420.0,23.386,22.02
76142,381,S1,423.0,23.400,22.02
76143,381,S1,426.0,23.369,22.02
76144,381,S1,429.0,23.325,22.02
76145,381,S1,432.0,23.272,22.02
76146,381,S1,435.0,23.376,22.02
76147,381,S1,438.0,23.242,22.02
76148,381,S1,441.0,23.246,22.02
76149,381,S1,444.0,23.146,22.02
76150,381,S1,447.0,23.195,22.02
76151,381,S1,450.0,23.069,22.02
76152,381,S1,453.0,23.192,22.02
76153,381,S1,456.0,23.070,22.02
76154,381,S1,459.0,23.084,22.02
76155,381,S1,462.0,23.074,22.02
76156,381,S1,465.0,23.025,22.02
76157,381,S1,468.0,22.949,22.02
76158,381,S1,471.0,23.025,22.02
76159,381,S1,474.0,23.038,22.02
76160,381,S1,477.0,22.879,22.02
76161,381,S1,480.0,22.938,22.02
76162,381,S1,483.0,22.833,22.02
76163,381,S1,486.0,22.913,22.02
76164,381,S1,489.0,22.862,22.02
76165,381,S1,492.0,22.743,22.02
76166,381,S1,495.0,22.809,22.02
76167,381,S1,498.0,22.720,22.02
76168,381,S1,501.0,22.740,22.02
76169,381,S1,504.0,22.728,22.02
76170,381,S1,507.0,22.654,22.02
76171,381,S1,510.0,22.636,22.02
76172,381,S1,513.0,22.678,22.02
76173,381,S1,516.0,22.700,22.02
76174,381,S1,519.0,22.659,22.02
76175,381,S1,522.0,22.623,22.02
76176,381,S1,525.0,22.566,22.02
76177,381,S1,528.0,22.643,22.02
76178,381,S1,531.0,22.650,22.02
76179,381,S1,534.0,22.589,22.02
76180,381,S1,537.0,22.527,22.02
76181,381,S1,540.0,22.537,22.02
76182,381,S1,543.0,22.488,22.02
76183,381,S1,546.0,22.505,22.02
76184,381,S1,549.0,22.442,22.02
76185,381,S1,552.0,22.460,22.02
76186,381,S1,555.0,22.583,22.02
76187,381,S1,558.0,22.463,22.02
76188,381,S1,561.0,22.427,22.02
76189,381,S1,564.0,22.486,22.02
76190,381,S1,567.0,22.421,22.02
76191,381,S1,570.0,22.361,22.02
76192,381,S1,573.0,22.509,22.02
76193,381,S1,576.0,22.405,22.02
76194,381,S1,579.0,22.395,22.02
76195,381,S1,582.0,22.439,22.02
76196,381,S1,585.0,22.346,22.02
76197,381,S1,588.0,22.334,22.02
76198,381,S1,591.0,22.299,22.02
76199,381,S1,594.0,22.310,22.02
76200,381,S1,597.0,22.308,22.02
76201,382,S2,0.0,95.023,21.34
76202,382,S2,3.0,92.853,21.34
76203,382,S2,6.0,90.872,21.34
76204,382,S2,9.0,88.975,21.34
76205,382,S2,12.0,87.163,21.34
76206,382,S2,15.0,85.241,21.34
76207,382,S2,18.0,83.485,21.34
76208,382,S2,21.0,81.725,21.34
76209,382,S2,24.0,80.189,21.34
76210,382,S2,27.0,78.474,21.34
76211,382,S2,30.0,76.960,21.34
76212,382,S2,33.0,75.377,21.34
76213,382,S2,36.0,73.891,21.34
76214,382,S2,39.0,72.453,21.34
76215,382,S2,42.0,71.149,21.34
76216,382,S2,45.0,69.696,21.34
76217,382,S2,48.0,68.361,21.34
76218,382,S2,51.0,67.014,21.34
76219,382,S2,54.0,65.773,21.34
76220,382,S2,57.0,64.457,21.34
76221,382,S2,60.0,63.464,21.34
76222,382,S2,63.0,62.126,21.34
76223,382,S2,66.0,60.985,21.34
76224,382,S2,69.0,59.939,21.34
76225,382,S2,72.0,58.833,21.34
76226,382,S2,75.0,57.842,21.34
76227,382,S2,78.0,56.852,21.34
76228,382,S2,81.0,55.824,21.34
76229,382,S2,84.0,54.836,21.34
76230,382,S2,87.0,53.981,21.34
76231,382,S2,90.0,53.069,21.34
76232,382,S2,93.0,52.172,21.34
76233,382,S2,96.0,51.394,21.34
76234,382,S2,99.0,50.519,21.34
76235,382,S2,102.0,49.666,21.34
76236,382,S2,105.0,48.971,21.34
76237,382,S2,108.0,48.141,21.34
76238,382,S2,111.0,47.369,21.34
76239,382,S2,114.0,46.699,21.34
76240,382,S2,117.0,45.899,21.34
76241,382,S2,120.0,45.352,21.34
76242,382,S2,123.0,44.675,21.34
76243,382,S2,126.0,44.037,21.34
76244,382,S2,129.0,43.361,21.34
76245,382,S2,132.0,42.739,21.34
76246,382,S2,135.0,42.140,21.34
76247,382,S2,138.0,41.549,21.34
76248,382,S2,141.0,41.132,21.34
76249,382,S2,144.0,40.566,21.34
76250,382,S2,147.0,39.989,21.34
76251,382,S2,150.0,39.430,21.34
76252,382,S2,153.0,38.948,21.34
76253,382,S2,156.0,38.548,21.34
76254,382,S2,159.0,37.938,21.34
76255,382,S2,162.0,37.520,21.34
76256,382,S2,165.0,37.061,21.34
76257,382,S2,168.0,36.562,21.34
76258,382,S2,171.0,36.188,21.34
76259,382,S2,174.0,35.689,21.34
76260,382,S2,177.0,35.333,21.34
76261,382,S2,180.0,34.967,21.34
76262,382,S2,183.0,34.687,21.34
76263,382,S2,186.0,34.221,21.34
76264,382,S2,189.0,33.914,21.34
76265,382,S2,192.0,33.524,21.34
76266,382,S2,195.0,33.300,21.34
76267,382,S2,198.0,32.849,21.34
76268,382,S2,201.0,32.594,21.34
76269,382,S2,204.0,32.181,21.34
76270,382,S2,207.0,32.015,21.34
76271,382,S2,210.0,31.574,21.34
76272,382,S2,213.0,31.333,21.34
76273,382,S2,216.0,31.175,21.34
76274,382,S2,219.0,30.813,21.34
76275,382,S2,222.0,30.490,21.34
76276,382,S2,225.0,30.264,21.34
76277,382,S2,228.0,30.056,21.34
76278,382,S2,231.0,29.859,21.34
76279,382,S2,234.0,29.630,21.34
76280,382,S2,237.0,29.392,21.34
76281,382,S2,240.0,29.217,21.34
76282,382,S2,243.0,28.930,21.34
76283,382,S2,246.0,28.765,21.34
76284,382,S2,249.0,28.472,21.34
76285,382,S2,252.0,28.258,21.34
76286,382,S2,255.0,28.034,21.34
76287,382,S2,258.0,27.908,21.34
76288,382,S2,261.0,27.731,21.34
76289,382,S2,264.0,27.635,21.34
76290,382,S2,267.0,27.434,21.34
76291,382,S2,270.0,27.272,21.34
76292,382,S2,273.0,27.120,21.34
76293,382,S2,276.0,26.952,21.34
76294,382,S2,279.0,26.717,21.34
76295,382,S2,282.0,26.601,21.34
76296,382,S2,285.0,26.516,21.34
76297,382,S2,288.0,26.311,21.34
76298,382,S2,291.0,26.170,21.34
76299,382,S2,294.0,26.028,21.34
76300,382,S2,297.0,25.936,21.34
76301,382,S2,300.0,25.773,21.34
76302,382,S2,303.0,25.662,21.34
76303,382,S2,306.0,25.553,21.34
76304,382,S2,309.0,25.505,21.34
76305,382,S2,312.0,25.338,21.34
76306,382,S2,315.0,25.286,21.34
76307,382,S2,318.0,25.127,21.34
76308,382,S2,321.0,25.035,21.34
76309,382,S2,324.0,24.894,21.34
76310,382,S2,327.0,24.808,21.34
76311,382,S2,330.0,24.666,21.34
76312,382,S2,333.0,24.550,21.34
76313,382,S2,336.0,24.549,21.34
76314,382,S2,339.0,24.378,21.34
76315,382,S2,342.0,24.327,21.34
76316,382,S2,345.0,24.251,21.34
76317,382,S2,348.0,24.199,21.34
76318,382,S2,351.0,24.149,21.34
76319,382,S2,354.0,24.071,21.34
76320,382,S2,357.0,23.983,21.34
76321,382,S2,360.0,23.908,21.34
76322,382,S2,363.0,23.683,21.34
76323,382,S2,366.0,23.782,21.34
76324,382,S2,369.0,23.652,21.34
76325,382,S2,372.0,23.599,21.34
76326,382,S2,375.0,23.520,21.34
76327,382,S2,378.0,23.567,21.34
76328,382,S2,381.0,23.439,21.34
76329,382,S2,384.0,23.376,21.34
76330,382,S2,387.0,23.313,21.34
76331,382,S2,390.0,23.282,21.34
76332,382,S2,393.0,23.244,21.34
76333,382,S2,396.0,23.165,21.34
76334,382,S2,399.0,23.072,21.34
76335,382,S2,402.0,23.033,21.34
76336,382,S2,405.0,22.983,21.34
76337,382,S2,408.0,22.985,21.34
76338,382,S2,411.0,22.878,21.34
76339,382,S2,414.0,22.993,21.34
76340,382,S2,417.0,22.804,21.34
76341,382,S2,420.0,22.884,21.34
76342,382,S2,423.0,22.760,21.34
76343,382,S2,426.0,22.809,21.34
76344,382,S2,429.0,22.736,21.34
76345,382,S2,432.0,22.602,21.34
76346,382,S2,435.0,22.533,21.34
76347,382,S2,438.0,22.547,21.34
76348,382,S2,441.0,22.571,21.34
76349,382,S2,444.0,22.563,21.34
76350,382,S2,447.0,22.479,21.34
76351,382,S2,450.0,22.410,21.34
76352,382,S2,453.0,22.401,21.34
76353,382,S2,456.0,22.284,21.34
76354,382,S2,459.0,22.375,21.34
76355,382,S2,462.0,22.291,21.34
76356,382,S2,465.0,22.308,21.34
76357,382,S2,468.0,22.188,21.34
76358,382,S2,471.0,22.247,21.34
76359,382,S2,474.0,22.221,21.34
76360,382,S2,477.0,22.141,21.34
76361,382,S2,480.0,22.169,21.34
76362,382,S2,483.0,22.112,21.34
76363,382,S2,486.0,22.154,21.34
76364,382,S2,489.0,22.071,21.34
76365,382,S2,492.0,22.121,21.34
76366,382,S2,495.0,22.065,21.34
76367,382,S2,498.0,22.022,21.34
76368,382,S2,501.0,22.011,21.34
76369,382,S2,504.0,21.917,21.34
76370,382,S2,507.0,21.955,21.34
76371,382,S2,510.0,21.885,21.34
76372,382,S2,513.0,21.937,21.34
76373,382,S2,516.0,21.919,21.34
76374,382,S2,519.0,21.950,21.34
76375,382,S2,522.0,21.915,21.34
76376,382,S2,525.0,21.814,21.34
76377,382,S2,528.0,21.905,21.34
76378,382,S2,531.0,21.926,21.34
76379,382,S2,534.0,21.845,21.34
76380,382,S2,537.0,21.920,21.34
76381,382,S2,540.0,21.713,21.34
76382,382,S2,543.0,21.838,21.34
76383,382,S2,546.0,21.677,21.34
76384,382,S2,549.0,21.756,21.34
76385,382,S2,552.0,21.715,21.34
76386,382,S2,555.0,21.756,21.34
76387,382,S2,558.0,21.708,21.34
76388,382,S2,561.0,21.770,21.34
76389,382,S2,564.0,21.733,21.34
76390,382,S2,567.0,21.826,21.34
76391,382,S2,570.0,21.767,21.34
76392,382,S2,573.0,21.699,21.34
76393,382,S2,576.0,21.645,21.34
76394,382,S2,579.0,21.654,21.34
76395,382,S2,582.0,21.612,21.34
76396,382,S2,585.0,21.624,21.34
76397,382,S2,588.0,21.635,21.34
76398,382,S2,591.0,21.662,21.34
76399,382,S2,594.0,21.587,21.34
76400,382,S2,597.0,21.604,21.34
76401,383,S3,0.0,77.710,21.55
76402,383,S3,3.0,76.828,21.55
76403,383,S3,6.0,75.834,21.55
76404,383,S3,9.0,74.912,21.55
76405,383,S3,12.0,74.019,21.55
76406,383,S3,15.0,73.076,21.55
76407,383,S3,18.0,72.207,21.55
76408,383,S3,21.0,71.286,21.55
76409,383,S3,24.0,70.448,21.55
76410,383,S3,27.0,69.552,21.55
76411,383,S3,30.0,68.736,21.55
76412,383,S3,33.0,68.011,21.55
76413,383,S3,36.0,67.190,21.55
76414,383,S3,39.0,66.394,21.55
76415,383,S3,42.0,65.664,21.55
76416,383,S3,45.0,64.921,21.55
76417,383,S3,48.0,64.130,21.55
76418,383,S3,51.0,63.358,21.55
76419,383,S3,54.0,62.637,21.55
76420,383,S3,57.0,62.003,21.55
76421,383,S3,60.0,61.292,21.55
76422,383,S3,63.0,60.616,21.55
76423,383,S3,66.0,59.912,21.55
76424,383,S3,69.0,59.152,21.55
76425,383,S3,72.0,58.621,21.55
76426,383,S3,75.0,57.929,21.55
76427,383,S3,78.0,57.338,21.55
76428,383,S3,81.0,56.720,21.55
76429,383,S3,84.0,56.243,21.55
76430,383,S3,87.0,55.562,21.55
76431,383,S3,90.0,54.943,21.55
76432,383,S3,93.0,54.455,21.55
76433,383,S3,96.0,53.825,21.55
76434,383,S3,99.0,53.246,21.55
76435,383,S3,102.0,52.684,21.55
76436,383,S3,105.0,52.160,21.55
76437,383,S3,108.0,51.673,21.55
76438,383,S3,111.0,51.073,21.55
76439,383,S3,114.0,50.609,21.55
76440,383,S3,117.0,50.176,21.55
76441,383,S3,120.0,49.744,21.55
76442,383,S3,123.0,49.103,21.55
76443,383,S3,126.0,48.678,21.55
76444,383,S3,129.0,48.187,21.55
76445,383,S3,132.0,47.738,21.55
76446,383,S3,135.0,47.361,21.55
76447,383,S3,138.0,46.955,21.55
76448,383,S3,141.0,46.423,21.55
76449,383,S3,144.0,45.978,21.55
76450,383,S3,147.0,45.549,21.55
76451,383,S3,150.0,45.277,21.55
76452,383,S3,153.0,44.795,21.55
76453,383,S3,156.0,44.389,21.55
76454,383,S3,159.0,43.974,21.55
76455,383,S3,162.0,43.544,21.55
76456,383,S3,165.0,43.137,21.55
76457,383,S3,168.0,42.866,21.55
76458,383,S3,171.0,42.473,21.55
76459,383,S3,174.0,42.129,21.55
76460,383,S3,177.0,41.732,21.55
76461,383,S3,180.0,41.449,21.55
76462,383,S3,183.0,40.986,21.55
76463,383,S3,186.0,40.648,21.55
76464,383,S3,189.0,40.426,21.55
76465,383,S3,192.0,40.035,21.55
76466,383,S3,195.0,39.661,21.55
76467,383,S3,198.0,39.391,21.55
76468,383,S3,201.0,39.165,21.55
76469,383,S3,204.0,38.768,21.55
76470,383,S3,207.0,38.504,21.55
76471,383,S3,210.0,38.189,21.55
76472,383,S3,213.0,37.905,21.55
76473,383,S3,216.0,37.645,21.55
76474,383,S3,219.0,37.306,21.55
76475,383,S3,222.0,37.095,21.55
76476,383,S3,225.0,36.851,21.55
76477,383,S3,228.0,36.541,21.55
76478,383,S3,231.0,36.421,21.55
76479,383,S3,234.0,36.141,21.55
76480,383,S3,237.0,35.872,21.55
76481,383,S3,240.0,35.588,21.55
76482,383,S3,243.0,35.308,21.55
76483,383,S3,246.0,35.053,21.55
76484,383,S3,249.0,34.885,21.55
76485,383,S3,252.0,34.687,21.55
76486,383,S3,255.0,34.406,21.55
76487,383,S3,258.0,34.266,21.55
76488,383,S3,261.0,34.027,21.55
76489,383,S3,264.0,33.750,21.55
76490,383,S3,267.0,33.595,21.55
76491,383,S3,270.0,33.480,21.55
76492,383,S3,273.0,33.188,21.55
76493,383,S3,276.0,33.048,21.55
76494,383,S3,279.0,32.837,21.55
76495,383,S3,282.0,32.534,21.55
76496,383,S3,285.0,32.404,21.55
76497,383,S3,288.0,32.173,21.55
76498,383,S3,291.0,32.041,21.55
76499,383,S3,294.0,31.763,21.55
76500,383,S3,297.0,31.698,21.55
76501,383,S3,300.0,31.467,21.55
76502,383,S3,303.0,31.244,21.55
76503,383,S3,306.0,31.116,21.55
76504,383,S3,309.0,31.021,21.55
76505,383,S3,312.0,30.902,21.55
76506,383,S3,315.0,30.726,21.55
76507,383,S3,318.0,30.537,21.55
76508,383,S3,321.0,30.320,21.55
76509,383,S3,324.0,30.216,21.55
76510,383,S3,327.0,30.036,21.55
76511,383,S3,330.0,29.893,21.55
76512,383,S3,333.0,29.739,21.55
76513,383,S3,336.0,29.604,21.55
76514,383,S3,339.0,29.469,21.55
76515,383,S3,342.0,29.326,21.55
76516,383,S3,345.0,29.142,21.55
76517,383,S3,348.0,29.017,21.55
76518,383,S3,351.0,28.912,21.55
76519,383,S3,354.0,28.785,21.55
76520,383,S3,357.0,28.609,21.55
76521,383,S3,360.0,28.517,21.55
76522,383,S3,363.0,28.394,21.55
76523,383,S3,366.0,28.292,21.55
76524,383,S3,369.0,28.110,21.55
76525,383,S3,372.0,28.165,21.55
76526,383,S3,375.0,28.058,21.55
76527,383,S3,378.0,27.885,21.55
76528,383,S3,381.0,27.774,21.55
76529,383,S3,384.0,27.561,21.55
76530,383,S3,387.0,27.605,21.55
76531,383,S3,390.0,27.503,21.55
76532,383,S3,393.0,27.301,21.55
76533,383,S3,396.0,27.251,21.55
76534,383,S3,399.0,27.075,21.55
76535,383,S3,402.0,26.953,21.55
76536,383,S3,405.0,26.981,21.55
76537,383,S3,408.0,26.856,21.55
76538,383,S3,411.0,26.740,21.55
76539,383,S3,414.0,26.658,21.55
76540,383,S3,417.0,26.524,21.55
76541,383,S3,420.0,26.421,21.55
76542,383,S3,423.0,26.407,21.55
76543,383,S3,426.0,26.321,21.55
76544,383,S3,429.0,26.184,21.55
76545,383,S3,432.0,26.162,21.55
76546,383,S3,435.0,26.137,21.55
76547,383,S3,438.0,25.983,21.55
76548,383,S3,441.0,25.922,21.55
76549,383,S3,444.0,25.822,21.55
76550,383,S3,447.0,25.639,21.55
76551,383,S3,450.0,25.712,21.55
76552,383,S3,453.0,25.668,21.55
76553,383,S3,456.0,25.636,21.55
76554,383,S3,459.0,25.482,21.55
76555,383,S3,462.0,25.523,21.55
76556,383,S3,465.0,25.436,21.55
76557,383,S3,468.0,25.199,21.55
76558,383,S3,471.0,25.220,21.55
76559,383,S3,474.0,25.248,21.55
76560,383,S3,477.0,25.092,21.55
76561,383,S3,480.0,25.131,21.55
76562,383,S3,483.0,24.914,21.55
76563,383,S3,486.0,24.947,21.55
76564,383,S3,489.0,24.915,21.55
76565,383,S3,492.0,24.839,21.55
76566,383,S3,495.0,24.750,21.55
76567,383,S3,498.0,24.788,21.55
76568,383,S3,501.0,24.678,21.55
76569,383,S3,504.0,24.554,21.55
76570,383,S3,507.0,24.578,21.55
76571,383,S3,510.0,24.476,21.55
76572,383,S3,513.0,24.418,21.55
76573,383,S3,516.0,24.506,21.55
76574,383,S3,519.0,24.231,21.55
76575,383,S3,522.0,24.329,21.55
76576,383,S3,525.0,24.250,21.55
76577,383,S3,528.0,24.204,21.55
76578,383,S3,531.0,24.170,21.55
76579,383,S3,534.0,24.092,21.55
76580,383,S3,537.0,24.113,21.55
76581,383,S3,540.0,24.035,21.55
76582,383,S3,543.0,24.006,21.55
76583,383,S3,546.0,23.900,21.55
76584,383,S3,549.0,23.847,21.55
76585,383,S3,552.0,23.929,21.55
76586,383,S3,555.0,23.783,21.55
76587,383,S3,558.0,23.659,21.55
76588,383,S3,561.0,23.778,21.55
76589,383,S3,564.0,23.808,21.55
76590,383,S3,567.0,23.707,21.55
76591,383,S3,570.0,23.670,21.55
76592,383,S3,573.0,23.608,21.55
76593,383,S3,576.0,23.595,21.55
76594,383,S3,579.0,23.516,21.55
76595,383,S3,582.0,23.469,21.55
76596,383,S3,585.0,23.498,21.55
76597,383,S3,588.0,23.491,21.55
76598,383,S3,591.0,23.379,21.55
76599,383,S3,594.0,23.362,21.55
76600,383,S3,597.0,23.328,21.55
76601,384,S4,0.0,83.871,22.00
76602,384,S4,3.0,82.500,22.00
76603,384,S4,6.0,80.937,22.00
76604,384,S4,9.0,79.512,22.00
76605,384,S4,12.0,78.100,22.00
76606,384,S4,15.0,76.660,22.00
76607,384,S4,18.0,75.315,22.00
76608,384,S4,21.0,74.014,22.00
76609,384,S4,24.0,72.690,22.00
76610,384,S4,27.0,71.387,22.00
76611,384,S4,30.0,70.148,22.00
76612,384,S4,33.0,69.030,22.00
76613,384,S4,36.0,67.795,22.00
76614,384,S4,39.0,66.609,22.00
76615,384,S4,42.0,65.469,22.00
76616,384,S4,45.0,64.430,22.00
76617,384,S4,48.0,63.450,22.00
76618,384,S4,51.0,62.346,22.00
76619,384,S4,54.0,61.388,22.00
76620,384,S4,57.0,60.416,22.00
76621,384,S4,60.0,59.390,22.00
76622,384,S4,63.0,58.515,22.00
76623,384,S4,66.0,57.573,22.00
76624,384,S4,69.0,56.714,22.00
76625,384,S4,72.0,55.850,22.00
76626,384,S4,75.0,54.865,22.00
76627,384,S4,78.0,54.206,22.00
76628,384,S4,81.0,53.357,22.00
76629,384,S4,84.0,52.624,22.00
76630,384,S4,87.0,51.801,22.00
76631,384,S4,90.0,50.998,22.00
76632,384,S4,93.0,50.345,22.00
76633,384,S4,96.0,49.606,22.00
76634,384,S4,99.0,48.980,22.00
76635,384,S4,102.0,48.297,22.00
76636,384,S4,105.0,47.621,22.00
76637,384,S4,108.0,46.892,22.00
76638,384,S4,111.0,46.268,22.00
76639,384,S4,114.0,45.601,22.00
76640,384,S4,117.0,45.137,22.00
76641,384,S4,120.0,44.530,22.00
76642,384,S4,123.0,43.975,22.00
76643,384,S4,126.0,43.438,22.00
76644,384,S4,129.0,42.912,22.00
76645,384,S4,132.0,42.463,22.00
76646,384,S4,135.0,41.921,22.00
76647,384,S4,138.0,41.404,22.00
76648,384,S4,141.0,40.975,22.00
76649,384,S4,144.0,40.404,22.00
76650,384,S4,147.0,39.987,22.00
76651,384,S4,150.0,39.527,22.00
76652,384,S4,153.0,39.091,22.00
76653,384,S4,156.0,38.654,22.00
76654,384,S4,159.0,38.240,22.00
76655,384,S4,162.0,37.748,22.00
76656,384,S4,165.0,37.492,22.00
76657,384,S4,168.0,37.035,22.00
76658,384,S4,171.0,36.760,22.00
76659,384,S4,174.0,36.308,22.00
76660,384,S4,177.0,36.017,22.00
76661,384,S4,180.0,35.579,22.00
76662,384,S4,183.0,35.264,22.00
76663,384,S4,186.0,34.975,22.00
76664,384,S4,189.0,34.621,22.00
76665,384,S4,192.0,34.353,22.00
76666,384,S4,195.0,34.066,22.00
76667,384,S4,198.0,33.602,22.00
76668,384,S4,201.0,33.358,22.00
76669,384,S4,204.0,33.124,22.00
76670,384,S4,207.0,32.921,22.00
76671,384,S4,210.0,32.544,22.00
76672,384,S4,213.0,32.299,22.00
76673,384,S4,216.0,32.117,22.00
76674,384,S4,219.0,31.703,22.00
76675,384,S4,222.0,31.591,22.00
76676,384,S4,225.0,31.250,22.00
76677,384,S4,228.0,31.036,22.00
76678,384,S4,231.0,30.917,22.00
76679,384,S4,234.0,30.712,22.00
76680,384,S4,237.0,30.361,22.00
76681,384,S4,240.0,30.267,22.00
76682,384,S4,243.0,30.019,22.00
76683,384,S4,246.0,29.733,22.00
76684,384,S4,249.0,29.520,22.00
76685,384,S4,252.0,29.369,22.00
76686,384,S4,255.0,29.217,22.00
76687,384,S4,258.0,29.124,22.00
76688,384,S4,261.0,28.885,22.00
76689,384,S4,264.0,28.611,22.00
76690,384,S4,267.0,28.513,22.00
76691,384,S4,270.0,28.401,22.00
76692,384,S4,273.0,28.159,22.00
76693,384,S4,276.0,27.957,22.00
76694,384,S4,279.0,27.826,22.00
76695,384,S4,282.0,27.785,22.00
76696,384,S4,285.0,27.573,22.00
76697,384,S4,288.0,27.478,22.00
76698,384,S4,291.0,27.395,22.00
76699,384,S4,294.0,27.164,22.00
76700,384,S4,297.0,27.057,22.00
76701,384,S4,300.0,26.950,22.00
76702,384,S4,303.0,26.802,22.00
76703,384,S4,306.0,26.622,22.00
76704,384,S4,309.0,26.579,22.00
76705,384,S4,312.0,26.578,22.00
76706,384,S4,315.0,26.287,22.00
76707,384,S4,318.0,26.309,22.00
76708,384,S4,321.0,26.115,22.00
76709,384,S4,324.0,26.021,22.00
76710,384,S4,327.0,25.995,22.00
76711,384,S4,330.0,25.893,22.00
76712,384,S4,333.0,25.744,22.00
76713,384,S4,336.0,25.609,22.00
76714,384,S4,339.0,25.659,22.00
76715,384,S4,342.0,25.449,22.00
76716,384,S4,345.0,25.466,22.00
76717,384,S4,348.0,25.331,22.00
76718,384,S4,351.0,25.191,22.00
76719,384,S4,354.0,25.164,22.00
76720,384,S4,357.0,24.996,22.00
76721,384,S4,360.0,24.936,22.00
76722,384,S4,363.0,24.865,22.00
76723,384,S4,366.0,24.798,22.00
76724,384,S4,369.0,24.742,22.00
76725,384,S4,372.0,24.690,22.00
76726,384,S4,375.0,24.660,22.00
76727,384,S4,378.0,24.523,22.00
76728,384,S4,381.0,24.593,22.00
76729,384,S4,384.0,24.327,22.00
76730,384,S4,387.0,24.408,22.00
76731,384,S4,390.0,24.300,22.00
76732,384,S4,393.0,24.175,22.00
76733,384,S4,396.0,24.253,22.00
76734,384,S4,399.0,24.214,22.00
76735,384,S4,402.0,24.129,22.00
76736,384,S4,405.0,24.042,22.00
76737,384,S4,408.0,23.996,22.00
76738,384,S4,411.0,23.975,22.00
76739,384,S4,414.0,23.918,22.00
76740,384,S4,417.0,23.852,22.00
76741,384,S4,420.0,23.737,22.00
76742,384,S4,423.0,23.703,22.00
76743,384,S4,426.0,23.691,22.00
76744,384,S4,429.0,23.681,22.00
76745,384,S4,432.0,23.690,22.00
76746,384,S4,435.0,23.511,22.00
76747,384,S4,438.0,23.586,22.00
76748,384,S4,441.0,23.508,22.00
76749,384,S4,444.0,23.350,22.00
76750,384,S4,447.0,23.425,22.00
76751,384,S4,450.0,23.357,22.00
76752,384,S4,453.0,23.453,22.00
76753,384,S4,456.0,23.272,22.00
76754,384,S4,459.0,23.274,22.00
76755,384,S4,462.0,23.220,22.00
76756,384,S4,465.0,23.264,22.00
76757,384,S4,468.0,23.114,22.00
76758,384,S4,471.0,23.132,22.00
76759,384,S4,474.0,23.136,22.00
76760,384,S4,477.0,23.032,22.00
76761,384,S4,480.0,23.046,22.00
76762,384,S4,483.0,23.012,22.00
76763,384,S4,486.0,23.120,22.00
76764,384,S4,489.0,23.021,22.00
76765,384,S4,492.0,22.984,22.00
76766,384,S4,495.0,23.010,22.00
76767,384,S4,498.0,22.913,22.00
76768,384,S4,501.0,23.054,22.00
76769,384,S4,504.0,23.013,22.00
76770,384,S4,507.0,22.862,22.00
76771,384,S4,510.0,22.753,22.00
76772,384,S4,513.0,22.892,22.00
76773,384,S4,516.0,22.789,22.00
76774,384,S4,519.0,22.831,22.00
76775,384,S4,522.0,22.806,22.00
76776,384,S4,525.0,22.759,22.00
76777,384,S4,528.0,22.711,22.00
76778,384,S4,531.0,22.642,22.00
76779,384,S4,534.0,22.742,22.00
76780,384,S4,537.0,22.642,22.00
76781,384,S4,540.0,22.647,22.00
76782,384,S4,543.0,22.688,22.00
76783,384,S4,546.0,22.725,22.00
76784,384,S4,549.0,22.569,22.00
76785,384,S4,552.0,22.610,22.00
76786,384,S4,555.0,22.482,22.00
76787,384,S4,558.0,22.544,22.00
76788,384,S4,561.0,22.511,22.00
76789,384,S4,564.0,22.559,22.00
76790,384,S4,567.0,22.543,22.00
76791,384,S4,570.0,22.548,22.00
76792,384,S4,573.0,22.556,22.00
76793,384,S4,576.0,22.401,22.00
76794,384,S4,579.0,22.515,22.00
76795,384,S4,582.0,22.455,22.00
76796,384,S4,585.0,22.435,22.00
76797,384,S4,588.0,22.510,22.00
76798,384,S4,591.0,22.373,22.00
76799,384,S4,594.0,22.363,22.00
76800,384,S4,597.0,22.470,22.00
76801,385,S1,0.0,72.606,20.17
76802,385,S1,3.0,71.451,20.17
76803,385,S1,6.0,70.272,20.17
76804,385,S1,9.0,69.232,20.17
76805,385,S1,12.0,68.079,20.17
76806,385,S1,15.0,66.970,20.17
76807,385,S1,18.0,65.884,20.17
76808,385,S1,21.0,64.825,20.17
76809,385,S1,24.0,63.824,20.17
76810,385,S1,27.0,62.830,20.17
76811,385,S1,30.0,61.852,20.17
76812,385,S1,33.0,60.913,20.17
76813,385,S1,36.0,59.974,20.17
76814,385,S1,39.0,59.125,20.17
76815,385,S1,42.0,58.342,20.17
76816,385,S1,45.0,57.367,20.17
76817,385,S1,48.0,56.522,20.17
76818,385,S1,51.0,55.692,20.17
76819,385,S1,54.0,54.924,20.17
76820,385,S1,57.0,54.073,20.17
76821,385,S1,60.0,53.407,20.17
76822,385,S1,63.0,52.572,20.17
76823,385,S1,66.0,51.789,20.17
76824,385,S1,69.0,51.086,20.17
76825,385,S1,72.0,50.344,20.17
76826,385,S1,75.0,49.710,20.17
76827,385,S1,78.0,49.068,20.17
76828,385,S1,81.0,48.373,20.17
76829,385,S1,84.0,47.811,20.17
76830,385,S1,87.0,47.141,20.17
76831,385,S1,90.0,46.503,20.17
76832,385,S1,93.0,45.950,20.17
76833,385,S1,96.0,45.320,20.17
76834,385,S1,99.0,44.796,20.17
76835,385,S1,102.0,44.242,20.17
76836,385,S1,105.0,43.727,20.17
76837,385,S1,108.0,43.191,20.17
76838,385,S1,111.0,42.658,20.17
76839,385,S1,114.0,42.237,20.17
76840,385,S1,117.0,41.670,20.17
76841,385,S1,120.0,41.134,20.17
76842,385,S1,123.0,40.581,20.17
76843,385,S1,126.0,40.168,20.17
76844,385,S1,129.0,39.736,20.17
76845,385,S1,132.0,39.355,20.17
76846,385,S1,135.0,38.815,20.17
76847,385,S1,138.0,38.477,20.17
76848,385,S1,141.0,37.996,20.17
76849,385,S1,144.0,37.614,20.17
76850,385,S1,147.0,37.265,20.17
76851,385,S1,150.0,36.793,20.17
76852,385,S1,153.0,36.581,20.17
76853,385,S1,156.0,36.173,20.17
76854,385,S1,159.0,35.673,20.17
76855,385,S1,162.0,35.326,20.17
76856,385,S1,165.0,35.030,20.17
76857,385,S1,168.0,34.782,20.17
76858,385,S1,171.0,34.290,20.17
76859,385,S1,174.0,34.109,20.17
76860,385,S1,177.0,33.738,20.17
76861,385,S1,180.0,33.500,20.17
76862,385,S1,183.0,33.182,20.17
76863,385,S1,186.0,32.845,20.17
76864,385,S1,189.0,32.501,20.17
76865,385,S1,192.0,32.259,20.17
76866,385,S1,195.0,31.996,20.17
76867,385,S1,198.0,31.798,20.17
76868,385,S1,201.0,31.391,20.17
76869,385,S1,204.0,31.223,20.17
76870,385,S1,207.0,31.061,20.17
76871,385,S1,210.0,30.702,20.17
76872,385,S1,213.0,30.458,20.17
76873,385,S1,216.0,30.237,20.17
76874,385,S1,219.0,30.032,20.17
76875,385,S1,222.0,29.836,20.17
76876,385,S1,225.0,29.620,20.17
76877,385,S1,228.0,29.420,20.17
76878,385,S1,231.0,29.186,20.17
76879,385,S1,234.0,28.994,20.17
76880,385,S1,237.0,28.747,20.17
76881,385,S1,240.0,28.513,20.17
76882,385,S1,243.0,28.391,20.17
76883,385,S1,246.0,28.140,20.17
76884,385,S1,249.0,28.025,20.17
76885,385,S1,252.0,27.868,20.17
76886,385,S1,255.0,27.586,20.17
76887,385,S1,258.0,27.533,20.17
76888,385,S1,261.0,27.243,20.17
76889,385,S1,264.0,27.248,20.17
76890,385,S1,267.0,26.984,20.17
76891,385,S1,270.0,26.880,20.17
76892,385,S1,273.0,26.700,20.17
76893,385,S1,276.0,26.564,20.17
76894,385,S1,279.0,26.367,20.17
76895,385,S1,282.0,26.294,20.17
76896,385,S1,285.0,26.146,20.17
76897,385,S1,288.0,26.037,20.17
76898,385,S1,291.0,25.879,20.17
76899,385,S1,294.0,25.798,20.17
76900,385,S1,297.0,25.501,20.17
76901,385,S1,300.0,25.471,20.17
76902,385,S1,303.0,25.390,20.17
76903,385,S1,306.0,25.222,20.17
76904,385,S1,309.0,25.166,20.17
76905,385,S1,312.0,25.026,20.17
76906,385,S1,315.0,24.777,20.17
76907,385,S1,318.0,24.825,20.17
76908,385,S1,321.0,24.728,20.17
76909,385,S1,324.0,24.574,20.17
76910,385,S1,327.0,24.521,20.17
76911,385,S1,330.0,24.405,20.17
76912,385,S1,333.0,24.376,20.17
76913,385,S1,336.0,24.156,20.17
76914,385,S1,339.0,24.149,20.17
76915,385,S1,342.0,24.050,20.17
76916,385,S1,345.0,23.949,20.17
76917,385,S1,348.0,23.989,20.17
76918,385,S1,351.0,23.844,20.17
76919,385,S1,354.0,23.617,20.17
76920,385,S1,357.0,23.547,20.17
76921,385,S1,360.0,23.563,20.17
76922,385,S1,363.0,23.489,20.17
76923,385,S1,366.0,23.319,20.17
76924,385,S1,369.0,23.250,20.17
76925,385,S1,372.0,23.189,20.17
76926,385,S1,375.0,23.160,20.17
76927,385,S1,378.0,23.131,20.17
76928,385,S1,381.0,23.072,20.17
76929,385,S1,384.0,23.044,20.17
76930,385,S1,387.0,22.918,20.17
76931,385,S1,390.0,22.851,20.17
76932,385,S1,393.0,22.870,20.17
76933,385,S1,396.0,22.688,20.17
76934,385,S1,399.0,22.701,20.17
76935,385,S1,402.0,22.601,20.17
76936,385,S1,405.0,22.614,20.17
76937,385,S1,408.0,22.464,20.17
76938,385,S1,411.0,22.525,20.17
76939,385,S1,414.0,22.285,20.17
76940,385,S1,417.0,22.311,20.17
76941,385,S1,420.0,22.246,20.17
76942,385,S1,423.0,22.280,20.17
76943,385,S1,426.0,22.182,20.17
76944,385,S1,429.0,22.099,20.17
76945,385,S1,432.0,22.167,20.17
76946,385,S1,435.0,22.078,20.17
76947,385,S1,438.0,22.026,20.17
76948,385,S1,441.0,22.006,20.17
76949,385,S1,444.0,21.962,20.17
76950,385,S1,447.0,21.906,20.17
76951,385,S1,450.0,21.804,20.17
76952,385,S1,453.0,21.823,20.17
76953,385,S1,456.0,21.686,20.17
76954,385,S1,459.0,21.697,20.17
76955,385,S1,462.0,21.584,20.17
76956,385,S1,465.0,21.703,20.17
76957,385,S1,468.0,21.696,20.17
76958,385,S1,471.0,21.649,20.17
76959,385,S1,474.0,21.606,20.17
76960,385,S1,477.0,21.560,20.17
76961,385,S1,480.0,21.477,20.17
76962,385,S1,483.0,21.469,20.17
76963,385,S1,486.0,21.413,20.17
76964,385,S1,489.0,21.369,20.17
76965,385,S1,492.0,21.427,20.17
76966,385,S1,495.0,21.284,20.17
76967,385,S1,498.0,21.370,20.17
76968,385,S1,501.0,21.261,20.17
76969,385,S1,504.0,21.287,20.17
76970,385,S1,507.0,21.311,20.17
76971,385,S1,510.0,21.322,20.17
76972,385,S1,513.0,21.245,20.17
76973,385,S1,516.0,21.171,20.17
76974,385,S1,519.0,21.192,20.17
76975,385,S1,522.0,21.179,20.17
76976,385,S1,525.0,21.181,20.17
76977,385,S1,528.0,21.115,20.17
76978,385,S1,531.0,21.068,20.17
76979,385,S1,534.0,20.988,20.17
76980,385,S1,537.0,21.021,20.17
76981,385,S1,540.0,21.079,20.17
76982,385,S1,543.0,20.987,20.17
76983,385,S1,546.0,20.937,20.17
76984,385,S1,549.0,20.956,20.17
76985,385,S1,552.0,20.872,20.17
76986,385,S1,555.0,20.949,20.17
76987,385,S1,558.0,20.961,20.17
76988,385,S1,561.0,20.981,20.17
76989,385,S1,564.0,20.829,20.17
76990,385,S1,567.0,20.786,20.17
76991,385,S1,570.0,20.790,20.17
76992,385,S1,573.0,20.769,20.17
76993,385,S1,576.0,20.803,20.17
76994,385,S1,579.0,20.822,20.17
76995,385,S1,582.0,20.810,20.17
76996,385,S1,585.0,20.757,20.17
76997,385,S1,588.0,20.750,20.17
76998,385,S1,591.0,20.739,20.17
76999,385,S1,594.0,20.773,20.17
77000,385,S1,597.0,20.746,20.17
77001,386,S2,0.0,71.657,22.40
77002,386,S2,3.0,71.118,22.40
77003,386,S2,6.0,70.330,22.40
77004,386,S2,9.0,69.607,22.40
77005,386,S2,12.0,68.826,22.40
77006,386,S2,15.0,68.105,22.40
77007,386,S2,18.0,67.482,22.40
77008,386,S2,21.0,66.796,22.40
77009,386,S2,24.0,66.223,22.40
77010,386,S2,27.0,65.502,22.40
77011,386,S2,30.0,64.730,22.40
77012,386,S2,33.0,64.248,22.40
77013,386,S2,36.0,63.456,22.40
77014,386,S2,39.0,62.941,22.40
77015,386,S2,42.0,62.359,22.40
77016,386,S2,45.0,61.700,22.40
77017,386,S2,48.0,61.135,22.40
77018,386,S2,51.0,60.394,22.40
77019,386,S2,54.0,59.850,22.40
77020,386,S2,57.0,59.419,22.40
77021,386,S2,60.0,58.880,22.40
77022,386,S2,63.0,58.305,22.40
77023,386,S2,66.0,57.692,22.40
77024,386,S2,69.0,57.143,22.40
77025,386,S2,72.0,56.733,22.40
77026,386,S2,75.0,56.215,22.40
77027,386,S2,78.0,55.634,22.40
77028,386,S2,81.0,55.091,22.40
77029,386,S2,84.0,54.651,22.40
77030,386,S2,87.0,54.108,22.40
77031,386,S2,90.0,53.681,22.40
77032,386,S2,93.0,53.165,22.40
77033,386,S2,96.0,52.712,22.40
77034,386,S2,99.0,52.232,22.40
77035,386,S2,102.0,51.748,22.40
77036,386,S2,105.0,51.383,22.40
77037,386,S2,108.0,50.836,22.40
77038,386,S2,111.0,50.506,22.40
77039,386,S2,114.0,50.118,22.40
77040,386,S2,117.0,49.603,22.40
77041,386,S2,120.0,49.231,22.40
77042,386,S2,123.0,48.918,22.40
77043,386,S2,126.0,48.416,22.40
77044,386,S2,129.0,48.112,22.40
77045,386,S2,132.0,47.621,22.40
77046,386,S2,135.0,47.157,22.40
77047,386,S2,138.0,46.828,22.40
77048,386,S2,141.0,46.539,22.40
77049,386,S2,144.0,46.132,22.40
77050,386,S2,147.0,45.757,22.40
77051,386,S2,150.0,45.405,22.40
77052,386,S2,153.0,44.975,22.40
77053,386,S2,156.0,44.774,22.40
77054,386,S2,159.0,44.398,22.40
77055,386,S2,162.0,44.014,22.40
77056,386,S2,165.0,43.688,22.40
77057,386,S2,168.0,43.430,22.40
77058,386,S2,171.0,43.141,22.40
77059,386,S2,174.0,42.801,22.40
77060,386,S2,177.0,42.452,22.40
77061,386,S2,180.0,42.170,22.40
77062,386,S2,183.0,41.853,22.40
77063,386,S2,186.0,41.545,22.40
77064,386,S2,189.0,41.300,22.40
77065,386,S2,192.0,41.063,22.40
77066,386,S2,195.0,40.742,22.40
77067,386,S2,198.0,40.511,22.40
77068,386,S2,201.0,40.160,22.40
77069,386,S2,204.0,39.876,22.40
77070,386,S2,207.0,39.669,22.40
77071,386,S2,210.0,39.386,22.40
77072,386,S2,213.0,39.173,22.40
77073,386,S2,216.0,38.860,22.40
77074,386,S2,219.0,38.564,22.40
77075,386,S2,222.0,38.497,22.40
77076,386,S2,225.0,38.078,22.40
77077,386,S2,228.0,37.772,22.40
77078,386,S2,231.0,37.655,22.40
77079,386,S2,234.0,37.476,22.40
77080,386,S2,237.0,37.128,22.40
77081,386,S2,240.0,36.970,22.40
77082,386,S2,243.0,36.718,22.40
77083,386,S2,246.0,36.503,22.40
77084,386,S2,249.0,36.341,22.40
77085,386,S2,252.0,36.054,22.40
77086,386,S2,255.0,35.978,22.40
77087,386,S2,258.0,35.640,22.40
77088,386,S2,261.0,35.469,22.40
77089,386,S2,264.0,35.287,22.40
77090,386,S2,267.0,35.080,22.40
77091,386,S2,270.0,34.817,22.40
77092,386,S2,273.0,34.738,22.40
77093,386,S2,276.0,34.525,22.40
77094,386,S2,279.0,34.336,22.40
77095,386,S2,282.0,34.194,22.40
77096,386,S2,285.0,33.922,22.40
77097,386,S2,288.0,33.849,22.40
77098,386,S2,291.0,33.510,22.40
77099,386,S2,294.0,33.528,22.40
77100,386,S2,297.0,33.282,22.40
77101,386,S2,300.0,33.243,22.40
77102,386,S2,303.0,32.948,22.40
77103,386,S2,306.0,32.812,22.40
77104,386,S2,309.0,32.706,22.40
77105,386,S2,312.0,32.528,22.40
77106,386,S2,315.0,32.326,22.40
77107,386,S2,318.0,32.184,22.40
77108,386,S2,321.0,32.050,22.40
77109,386,S2,324.0,31.835,22.40
77110,386,S2,327.0,31.738,22.40
77111,386,S2,330.0,31.588,22.40
77112,386,S2,333.0,31.426,22.40
77113,386,S2,336.0,31.343,22.40
77114,386,S2,339.0,31.231,22.40
77115,386,S2,342.0,31.061,22.40
77116,386,S2,345.0,30.915,22.40
77117,386,S2,348.0,30.788,22.40
77118,386,S2,351.0,30.639,22.40
77119,386,S2,354.0,30.556,22.40
77120,386,S2,357.0,30.427,22.40
77121,386,S2,360.0,30.356,22.40
77122,386,S2,363.0,30.229,22.40
77123,386,S2,366.0,30.046,22.40
77124,386,S2,369.0,29.968,22.40
77125,386,S2,372.0,29.794,22.40
77126,386,S2,375.0,29.792,22.40
77127,386,S2,378.0,29.605,22.40
77128,386,S2,381.0,29.474,22.40
77129,386,S2,384.0,29.402,22.40
77130,386,S2,387.0,29.297,22.40
77131,386,S2,390.0,29.139,22.40
77132,386,S2,393.0,29.115,22.40
77133,386,S2,396.0,28.976,22.40
77134,386,S2,399.0,28.900,22.40
77135,386,S2,402.0,28.750,22.40
77136,386,S2,405.0,28.793,22.40
77137,386,S2,408.0,28.547,22.40
77138,386,S2,411.0,28.575,22.40
77139,386,S2,414.0,28.325,22.40
77140,386,S2,417.0,28.348,22.40
77141,386,S2,420.0,28.284,22.40
77142,386,S2,423.0,28.192,22.40
77143,386,S2,426.0,28.066,22.40
77144,386,S2,429.0,28.014,22.40
77145,386,S2,432.0,27.824,22.40
77146,386,S2,435.0,27.750,22.40
77147,386,S2,438.0,27.771,22.40
77148,386,S2,441.0,27.620,22.40
77149,386,S2,444.0,27.628,22.40
77150,386,S2,447.0,27.466,22.40
77151,386,S2,450.0,27.417,22.40
77152,386,S2,453.0,27.348,22.40
77153,386,S2,456.0,27.278,22.40
77154,386,S2,459.0,27.224,22.40
77155,386,S2,462.0,27.074,22.40
77156,386,S2,465.0,26.926,22.40
77157,386,S2,468.0,26.953,22.40
77158,386,S2,471.0,26.883,22.40
77159,386,S2,474.0,26.839,22.40
77160,386,S2,477.0,26.818,22.40
77161,386,S2,480.0,26.649,22.40
77162,386,S2,483.0,26.667,22.40
77163,386,S2,486.0,26.551,22.40
77164,386,S2,489.0,26.446,22.40
77165,386,S2,492.0,26.413,22.40
77166,386,S2,495.0,26.482,22.40
77167,386,S2,498.0,26.294,22.40
77168,386,S2,501.0,26.287,22.40
77169,386,S2,504.0,26.213,22.40
77170,386,S2,507.0,26.054,22.40
77171,386,S2,510.0,26.102,22.40
77172,386,S2,513.0,25.979,22.40
77173,386,S2,516.0,25.970,22.40
77174,386,S2,519.0,25.964,22.40
77175,386,S2,522.0,25.836,22.40
77176,386,S2,525.0,25.830,22.40
77177,386,S2,528.0,25.762,22.40
77178,386,S2,531.0,25.683,22.40
77179,386,S2,534.0,25.786,22.40
77180,386,S2,537.0,25.669,22.40
77181,386,S2,540.0,25.518,22.40
77182,386,S2,543.0,25.465,22.40
77183,386,S2,546.0,25.491,22.40
77184,386,S2,549.0,25.414,22.40
77185,386,S2,552.0,25.339,22.40
77186,386,S2,555.0,25.324,22.40
77187,386,S2,558.0,25.274,22.40
77188,386,S2,561.0,25.177,22.40
77189,386,S2,564.0,25.141,22.40
77190,386,S2,567.0,25.209,22.40
77191,386,S2,570.0,25.070,22.40
77192,386,S2,573.0,25.166,22.40
77193,386,S2,576.0,25.002,22.40
77194,386,S2,579.0,25.013,22.40
77195,386,S2,582.0,24.918,22.40
77196,386,S2,585.0,24.858,22.40
77197,386,S2,588.0,24.873,22.40
77198,386,S2,591.0,24.813,22.40
77199,386,S2,594.0,24.824,22.40
77200,386,S2,597.0,24.804,22.40
77201,387,S3,0.0,83.571,21.03
77202,387,S3,3.0,81.539,21.03
77203,387,S3,6.0,79.846,21.03
77204,387,S3,9.0,78.056,21.03
77205,387,S3,12.0,76.362,21.03
77206,387,S3,15.0,74.605,21.03
77207,387,S3,18.0,73.015,21.03
77208,387,S3,21.0,71.408,21.03
77209,387,S3,24.0,69.927,21.03
77210,387,S3,27.0,68.463,21.03
77211,387,S3,30.0,66.922,21.03
77212,387,S3,33.0,65.684,21.03
77213,387,S3,36.0,64.182,21.03
77214,387,S3,39.0,63.033,21.03
77215,387,S3,42.0,61.617,21.03
77216,387,S3,45.0,60.397,21.03
77217,387,S3,48.0,59.285,21.03
77218,387,S3,51.0,58.136,21.03
77219,387,S3,54.0,56.865,21.03
77220,387,S3,57.0,55.813,21.03
77221,387,S3,60.0,54.836,21.03
77222,387,S3,63.0,53.772,21.03
77223,387,S3,66.0,52.731,21.03
77224,387,S3,69.0,51.762,21.03
77225,387,S3,72.0,50.811,21.03
77226,387,S3,75.0,49.969,21.03
77227,387,S3,78.0,49.084,21.03
77228,387,S3,81.0,48.158,21.03
77229,387,S3,84.0,47.393,21.03
77230,387,S3,87.0,46.628,21.03
77231,387,S3,90.0,45.826,21.03
77232,387,S3,93.0,45.060,21.03
77233,387,S3,96.0,44.373,21.03
77234,387,S3,99.0,43.721,21.03
77235,387,S3,102.0,42.997,21.03
77236,387,S3,105.0,42.287,21.03
77237,387,S3,108.0,41.600,21.03
77238,387,S3,111.0,41.070,21.03
77239,387,S3,114.0,40.376,21.03
77240,387,S3,117.0,39.741,21.03
77241,387,S3,120.0,39.197,21.03
77242,387,S3,123.0,38.716,21.03
77243,387,S3,126.0,38.121,21.03
77244,387,S3,129.0,37.636,21.03
77245,387,S3,132.0,37.109,21.03
77246,387,S3,135.0,36.745,21.03
77247,387,S3,138.0,36.154,21.03
77248,387,S3,141.0,35.718,21.03
77249,387,S3,144.0,35.268,21.03
77250,387,S3,147.0,34.791,21.03
77251,387,S3,150.0,34.359,21.03
77252,387,S3,153.0,33.953,21.03
77253,387,S3,156.0,33.584,21.03
77254,387,S3,159.0,33.194,21.03
77255,387,S3,162.0,32.924,21.03
77256,387,S3,165.0,32.485,21.03
77257,387,S3,168.0,32.124,21.03
77258,387,S3,171.0,31.804,21.03
77259,387,S3,174.0,31.554,21.03
77260,387,S3,177.0,31.213,21.03
77261,387,S3,180.0,30.895,21.03
77262,387,S3,183.0,30.531,21.03
77263,387,S3,186.0,30.337,21.03
77264,387,S3,189.0,30.002,21.03
77265,387,S3,192.0,29.716,21.03
77266,387,S3,195.0,29.422,21.03
77267,387,S3,198.0,29.206,21.03
77268,387,S3,201.0,28.878,21.03
77269,387,S3,204.0,28.749,21.03
77270,387,S3,207.0,28.469,21.03
77271,387,S3,210.0,28.194,21.03
77272,387,S3,213.0,28.004,21.03
77273,387,S3,216.0,27.850,21.03
77274,387,S3,219.0,27.586,21.03
77275,387,S3,222.0,27.430,21.03
77276,387,S3,225.0,27.317,21.03
77277,387,S3,228.0,26.937,21.03
77278,387,S3,231.0,26.900,21.03
77279,387,S3,234.0,26.594,21.03
77280,387,S3,237.0,26.570,21.03
77281,387,S3,240.0,26.303,21.03
77282,387,S3,243.0,26.135,21.03
77283,387,S3,246.0,26.018,21.03
77284,387,S3,249.0,25.869,21.03
77285,387,S3,252.0,25.606,21.03
77286,387,S3,255.0,25.605,21.03
77287,387,S3,258.0,25.443,21.03
77288,387,S3,261.0,25.295,21.03
77289,387,S3,264.0,25.138,21.03
77290,387,S3,267.0,25.033,21.03
77291,387,S3,270.0,24.837,21.03
77292,387,S3,273.0,24.761,21.03
77293,387,S3,276.0,24.748,21.03
77294,387,S3,279.0,24.602,21.03
77295,387,S3,282.0,24.513,21.03
77296,387,S3,285.0,24.406,21.03
77297,387,S3,288.0,24.245,21.03
77298,387,S3,291.0,24.206,21.03
77299,387,S3,294.0,24.042,21.03
77300,387,S3,297.0,23.997,21.03
77301,387,S3,300.0,23.913,21.03
77302,387,S3,303.0,23.886,21.03
77303,387,S3,306.0,23.673,21.03
77304,387,S3,309.0,23.675,21.03
77305,387,S3,312.0,23.471,21.03
77306,387,S3,315.0,23.460,21.03
77307,387,S3,318.0,23.357,21.03
77308,387,S3,321.0,23.374,21.03
77309,387,S3,324.0,23.268,21.03
77310,387,S3,327.0,23.188,21.03
77311,387,S3,330.0,23.168,21.03
77312,387,S3,333.0,23.167,21.03
77313,387,S3,336.0,22.939,21.03
77314,387,S3,339.0,22.938,21.03
77315,387,S3,342.0,23.008,21.03
77316,387,S3,345.0,22.835,21.03
77317,387,S3,348.0,22.869,21.03
77318,387,S3,351.0,22.816,21.03
77319,387,S3,354.0,22.724,21.03
77320,387,S3,357.0,22.595,21.03
77321,387,S3,360.0,22.549,21.03
77322,387,S3,363.0,22.560,21.03
77323,387,S3,366.0,22.576,21.03
77324,387,S3,369.0,22.378,21.03
77325,387,S3,372.0,22.411,21.03
77326,387,S3,375.0,22.375,21.03
77327,387,S3,378.0,22.377,21.03
77328,387,S3,381.0,22.268,21.03
77329,387,S3,384.0,22.292,21.03
77330,387,S3,387.0,22.264,21.03
77331,387,S3,390.0,22.241,21.03
77332,387,S3,393.0,22.137,21.03
77333,387,S3,396.0,22.108,21.03
77334,387,S3,399.0,22.092,21.03
77335,387,S3,402.0,22.101,21.03
77336,387,S3,405.0,21.951,21.03
77337,387,S3,408.0,21.932,21.03
77338,387,S3,411.0,21.977,21.03
77339,387,S3,414.0,21.790,21.03
77340,387,S3,417.0,21.972,21.03
77341,387,S3,420.0,21.827,21.03
77342,387,S3,423.0,21.776,21.03
77343,387,S3,426.0,21.843,21.03
77344,387,S3,429.0,21.752,21.03
77345,387,S3,432.0,21.803,21.03
77346,387,S3,435.0,21.729,21.03
77347,387,S3,438.0,21.725,21.03
77348,387,S3,441.0,21.775,21.03
77349,387,S3,444.0,21.718,21.03
77350,387,S3,447.0,21.696,21.03
77351,387,S3,450.0,21.717,21.03
77352,387,S3,453.0,21.671,21.03
77353,387,S3,456.0,21.562,21.03
77354,387,S3,459.0,21.669,21.03
77355,387,S3,462.0,21.624,21.03
77356,387,S3,465.0,21.530,21.03
77357,387,S3,468.0,21.564,21.03
77358,387,S3,471.0,21.477,21.03
77359,387,S3,474.0,21.418,21.03
77360,387,S3,477.0,21.453,21.03
77361,387,S3,480.0,21.420,21.03
77362,387,S3,483.0,21.430,21.03
77363,387,S3,486.0,21.481,21.03
77364,387,S3,489.0,21.442,21.03
77365,387,S3,492.0,21.408,21.03
77366,387,S3,495.0,21.414,21.03
77367,387,S3,498.0,21.437,21.03
77368,387,S3,501.0,21.368,21.03
77369,387,S3,504.0,21.382,21.03
77370,387,S3,507.0,21.321,21.03
77371,387,S3,510.0,21.426,21.03
77372,387,S3,513.0,21.317,21.03
77373,387,S3,516.0,21.297,21.03
77374,387,S3,519.0,21.344,21.03
77375,387,S3,522.0,21.305,21.03
77376,387,S3,525.0,21.333,21.03
77377,387,S3,528.0,21.311,21.03
77378,387,S3,531.0,21.348,21.03
77379,387,S3,534.0,21.315,21.03
77380,387,S3,537.0,21.322,21.03
77381,387,S3,540.0,21.320,21.03
77382,387,S3,543.0,21.319,21.03
77383,387,S3,546.0,21.246,21.03
77384,387,S3,549.0,21.192,21.03
77385,387,S3,552.0,21.299,21.03
77386,387,S3,555.0,21.232,21.03
77387,387,S3,558.0,21.118,21.03
77388,387,S3,561.0,21.284,21.03
77389,387,S3,564.0,21.208,21.03
77390,387,S3,567.0,21.201,21.03
77391,387,S3,570.0,21.178,21.03
77392,387,S3,573.0,21.241,21.03
77393,387,S3,576.0,21.245,21.03
77394,387,S3,579.0,21.108,21.03
77395,387,S3,582.0,21.221,21.03
77396,387,S3,585.0,21.112,21.03
77397,387,S3,588.0,21.144,21.03
77398,387,S3,591.0,21.184,21.03
77399,387,S3,594.0,21.221,21.03
77400,387,S3,597.0,21.254,21.03
77401,388,S4,0.0,87.826,20.29
77402,388,S4,3.0,86.321,20.29
77403,388,S4,6.0,85.010,20.29
77404,388,S4,9.0,83.670,20.29
77405,388,S4,12.0,82.304,20.29
77406,388,S4,15.0,80.921,20.29
77407,388,S4,18.0,79.719,20.29
77408,388,S4,21.0,78.469,20.29
77409,388,S4,24.0,77.334,20.29
77410,388,S4,27.0,76.132,20.29
77411,388,S4,30.0,74.897,20.29
77412,388,S4,33.0,73.749,20.29
77413,388,S4,36.0,72.631,20.29
77414,388,S4,39.0,71.617,20.29
77415,388,S4,42.0,70.507,20.29
77416,388,S4,45.0,69.521,20.29
77417,388,S4,48.0,68.435,20.29
77418,388,S4,51.0,67.373,20.29
77419,388,S4,54.0,66.348,20.29
77420,388,S4,57.0,65.534,20.29
77421,388,S4,60.0,64.509,20.29
77422,388,S4,63.0,63.609,20.29
77423,388,S4,66.0,62.722,20.29
77424,388,S4,69.0,61.731,20.29
77425,388,S4,72.0,60.923,20.29
77426,388,S4,75.0,60.111,20.29
77427,388,S4,78.0,59.349,20.29
77428,388,S4,81.0,58.400,20.29
77429,388,S4,84.0,57.724,20.29
77430,388,S4,87.0,56.869,20.29
77431,388,S4,90.0,56.129,20.29
77432,388,S4,93.0,55.358,20.29
77433,388,S4,96.0,54.680,20.29
77434,388,S4,99.0,53.837,20.29
77435,388,S4,102.0,53.131,20.29
77436,388,S4,105.0,52.554,20.29
77437,388,S4,108.0,51.879,20.29
77438,388,S4,111.0,51.288,20.29
77439,388,S4,114.0,50.443,20.29
77440,388,S4,117.0,49.837,20.29
77441,388,S4,120.0,49.309,20.29
77442,388,S4,123.0,48.736,20.29
77443,388,S4,126.0,48.097,20.29
77444,388,S4,129.0,47.620,20.29
77445,388,S4,132.0,46.976,20.29
77446,388,S4,135.0,46.373,20.29
77447,388,S4,138.0,45.780,20.29
77448,388,S4,141.0,45.260,20.29
77449,388,S4,144.0,44.715,20.29
77450,388,S4,147.0,44.266,20.29
77451,388,S4,150.0,43.716,20.29
77452,388,S4,153.0,43.303,20.29
77453,388,S4,156.0,42.787,20.29
77454,388,S4,159.0,42.396,20.29
77455,388,S4,162.0,41.896,20.29
77456,388,S4,165.0,41.421,20.29
77457,388,S4,168.0,41.003,20.29
77458,388,S4,171.0,40.513,20.29
77459,388,S4,174.0,40.037,20.29
77460,388,S4,177.0,39.709,20.29
77461,388,S4,180.0,39.263,20.29
77462,388,S4,183.0,38.871,20.29
77463,388,S4,186.0,38.588,20.29
77464,388,S4,189.0,38.096,20.29
77465,388,S4,192.0,37.691,20.29
77466,388,S4,195.0,37.427,20.29
77467,388,S4,198.0,36.932,20.29
77468,388,S4,201.0,36.637,20.29
77469,388,S4,204.0,36.306,20.29
77470,388,S4,207.0,35.941,20.29
77471,388,S4,210.0,35.660,20.29
77472,388,S4,213.0,35.434,20.29
77473,388,S4,216.0,35.050,20.29
77474,388,S4,219.0,34.719,20.29
77475,388,S4,222.0,34.341,20.29
77476,388,S4,225.0,34.172,20.29
77477,388,S4,228.0,33.797,20.29
77478,388,S4,231.0,33.500,20.29
77479,388,S4,234.0,33.267,20.29
77480,388,S4,237.0,32.995,20.29
77481,388,S4,240.0,32.791,20.29
77482,388,S4,243.0,32.459,20.29
77483,388,S4,246.0,32.191,20.29
77484,388,S4,249.0,31.968,20.29
77485,388,S4,252.0,31.677,20.29
77486,388,S4,255.0,31.392,20.29
77487,388,S4,258.0,31.203,20.29
77488,388,S4,261.0,31.075,20.29
77489,388,S4,264.0,30.785,20.29
77490,388,S4,267.0,30.560,20.29
77491,388,S4,270.0,30.373,20.29
77492,388,S4,273.0,30.158,20.29
77493,388,S4,276.0,29.925,20.29
77494,388,S4,279.0,29.714,20.29
77495,388,S4,282.0,29.597,20.29
77496,388,S4,285.0,29.300,20.29
77497,388,S4,288.0,29.112,20.29
77498,388,S4,291.0,28.890,20.29
77499,388,S4,294.0,28.787,20.29
77500,388,S4,297.0,28.609,20.29
77501,388,S4,300.0,28.599,20.29
77502,388,S4,303.0,28.200,20.29
77503,388,S4,306.0,28.105,20.29
77504,388,S4,309.0,27.842,20.29
77505,388,S4,312.0,27.764,20.29
77506,388,S4,315.0,27.594,20.29
77507,388,S4,318.0,27.389,20.29
77508,388,S4,321.0,27.315,20.29
77509,388,S4,324.0,27.171,20.29
77510,388,S4,327.0,26.999,20.29
77511,388,S4,330.0,26.851,20.29
77512,388,S4,333.0,26.748,20.29
77513,388,S4,336.0,26.586,20.29
77514,388,S4,339.0,26.484,20.29
77515,388,S4,342.0,26.274,20.29
77516,388,S4,345.0,26.232,20.29
77517,388,S4,348.0,26.047,20.29
77518,388,S4,351.0,25.960,20.29
77519,388,S4,354.0,25.836,20.29
77520,388,S4,357.0,25.779,20.29
77521,388,S4,360.0,25.676,20.29
77522,388,S4,363.0,25.464,20.29
77523,388,S4,366.0,25.322,20.29
77524,388,S4,369.0,25.324,20.29
77525,388,S4,372.0,25.153,20.29
77526,388,S4,375.0,25.175,20.29
77527,388,S4,378.0,24.975,20.29
77528,388,S4,381.0,24.934,20.29
77529,388,S4,384.0,24.826,20.29
77530,388,S4,387.0,24.683,20.29
77531,388,S4,390.0,24.560,20.29
77532,388,S4,393.0,24.486,20.29
77533,388,S4,396.0,24.432,20.29
77534,388,S4,399.0,24.329,20.29
77535,388,S4,402.0,24.274,20.29
77536,388,S4,405.0,24.229,20.29
77537,388,S4,408.0,24.133,20.29
77538,388,S4,411.0,24.047,20.29
77539,388,S4,414.0,23.905,20.29
77540,388,S4,417.0,23.911,20.29
77541,388,S4,420.0,23.801,20.29
77542,388,S4,423.0,23.721,20.29
77543,388,S4,426.0,23.677,20.29
77544,388,S4,429.0,23.681,20.29
77545,388,S4,432.0,23.509,20.29
77546,388,S4,435.0,23.494,20.29
77547,388,S4,438.0,23.394,20.29
77548,388,S4,441.0,23.420,20.29
77549,388,S4,444.0,23.254,20.29
77550,388,S4,447.0,23.180,20.29
77551,388,S4,450.0,23.040,20.29
77552,388,S4,453.0,23.095,20.29
77553,388,S4,456.0,23.118,20.29
77554,388,S4,459.0,23.067,20.29
77555,388,S4,462.0,22.840,20.29
77556,388,S4,465.0,22.870,20.29
77557,388,S4,468.0,22.813,20.29
77558,388,S4,471.0,22.674,20.29
77559,388,S4,474.0,22.652,20.29
77560,388,S4,477.0,22.637,20.29
77561,388,S4,480.0,22.599,20.29
77562,388,S4,483.0,22.542,20.29
77563,388,S4,486.0,22.486,20.29
77564,388,S4,489.0,22.468,20.29
77565,388,S4,492.0,22.315,20.29
77566,388,S4,495.0,22.276,20.29
77567,388,S4,498.0,22.292,20.29
77568,388,S4,501.0,22.267,20.29
77569,388,S4,504.0,22.277,20.29
77570,388,S4,507.0,22.210,20.29
77571,388,S4,510.0,22.117,20.29
77572,388,S4,513.0,22.074,20.29
77573,388,S4,516.0,22.033,20.29
77574,388,S4,519.0,22.052,20.29
77575,388,S4,522.0,21.981,20.29
77576,388,S4,525.0,21.991,20.29
77577,388,S4,528.0,21.965,20.29
77578,388,S4,531.0,21.884,20.29
77579,388,S4,534.0,21.871,20.29
77580,388,S4,537.0,21.861,20.29
77581,388,S4,540.0,21.734,20.29
77582,388,S4,543.0,21.705,20.29
77583,388,S4,546.0,21.748,20.29
77584,388,S4,549.0,21.723,20.29
77585,388,S4,552.0,21.662,20.29
77586,388,S4,555.0,21.599,20.29
77587,388,S4,558.0,21.611,20.29
77588,388,S4,561.0,21.508,20.29
77589,388,S4,564.0,21.557,20.29
77590,388,S4,567.0,21.502,20.29
77591,388,S4,570.0,21.547,20.29
77592,388,S4,573.0,21.529,20.29
77593,388,S4,576.0,21.398,20.29
77594,388,S4,579.0,21.445,20.29
77595,388,S4,582.0,21.335,20.29
77596,388,S4,585.0,21.338,20.29
77597,388,S4,588.0,21.349,20.29
77598,388,S4,591.0,21.326,20.29
77599,388,S4,594.0,21.382,20.29
77600,388,S4,597.0,21.319,20.29
77601,389,S1,0.0,94.018,21.45
77602,389,S1,3.0,91.717,21.45
77603,389,S1,6.0,89.566,21.45
77604,389,S1,9.0,87.526,21.45
77605,389,S1,12.0,85.497,21.45
77606,389,S1,15.0,83.467,21.45
77607,389,S1,18.0,81.564,21.45
77608,389,S1,21.0,79.690,21.45
77609,389,S1,24.0,78.029,21.45
77610,389,S1,27.0,76.285,21.45
77611,389,S1,30.0,74.641,21.45
77612,389,S1,33.0,72.936,21.45
77613,389,S1,36.0,71.383,21.45
77614,389,S1,39.0,69.852,21.45
77615,389,S1,42.0,68.398,21.45
77616,389,S1,45.0,66.914,21.45
77617,389,S1,48.0,65.526,21.45
77618,389,S1,51.0,64.270,21.45
77619,389,S1,54.0,62.953,21.45
77620,389,S1,57.0,61.626,21.45
77621,389,S1,60.0,60.438,21.45
77622,389,S1,63.0,59.182,21.45
77623,389,S1,66.0,57.979,21.45
77624,389,S1,69.0,56.948,21.45
77625,389,S1,72.0,55.794,21.45
77626,389,S1,75.0,54.755,21.45
77627,389,S1,78.0,53.771,21.45
77628,389,S1,81.0,52.851,21.45
77629,389,S1,84.0,51.732,21.45
77630,389,S1,87.0,50.921,21.45
77631,389,S1,90.0,50.069,21.45
77632,389,S1,93.0,49.132,21.45
77633,389,S1,96.0,48.322,21.45
77634,389,S1,99.0,47.460,21.45
77635,389,S1,102.0,46.690,21.45
77636,389,S1,105.0,45.790,21.45
77637,389,S1,108.0,45.164,21.45
77638,389,S1,111.0,44.431,21.45
77639,389,S1,114.0,43.788,21.45
77640,389,S1,117.0,42.988,21.45
77641,389,S1,120.0,42.403,21.45
77642,389,S1,123.0,41.718,21.45
77643,389,S1,126.0,41.221,21.45
77644,389,S1,129.0,40.520,21.45
77645,389,S1,132.0,39.950,21.45
77646,389,S1,135.0,39.333,21.45
77647,389,S1,138.0,38.772,21.45
77648,389,S1,141.0,38.327,21.45
77649,389,S1,144.0,37.839,21.45
77650,389,S1,147.0,37.241,21.45
77651,389,S1,150.0,36.751,21.45
77652,389,S1,153.0,36.342,21.45
77653,389,S1,156.0,35.826,21.45
77654,389,S1,159.0,35.502,21.45
77655,389,S1,162.0,34.907,21.45
77656,389,S1,165.0,34.584,21.45
77657,389,S1,168.0,34.254,21.45
77658,389,S1,171.0,33.850,21.45
77659,389,S1,174.0,33.401,21.45
77660,389,S1,177.0,33.029,21.45
77661,389,S1,180.0,32.716,21.45
77662,389,S1,183.0,32.376,21.45
77663,389,S1,186.0,31.988,21.45
77664,389,S1,189.0,31.591,21.45
77665,389,S1,192.0,31.318,21.45
77666,389,S1,195.0,31.055,21.45
77667,389,S1,198.0,30.807,21.45
77668,389,S1,201.0,30.509,21.45
77669,389,S1,204.0,30.258,21.45
77670,389,S1,207.0,29.920,21.45
77671,389,S1,210.0,29.565,21.45
77672,389,S1,213.0,29.495,21.45
77673,389,S1,216.0,29.140,21.45
77674,389,S1,219.0,29.028,21.45
77675,389,S1,222.0,28.663,21.45
77676,389,S1,225.0,28.544,21.45
77677,389,S1,228.0,28.295,21.45
77678,389,S1,231.0,28.123,21.45
77679,389,S1,234.0,27.860,21.45
77680,389,S1,237.0,27.687,21.45
77681,389,S1,240.0,27.467,21.45
77682,389,S1,243.0,27.253,21.45
77683,389,S1,246.0,27.135,21.45
77684,389,S1,249.0,26.951,21.45
77685,389,S1,252.0,26.807,21.45
77686,389,S1,255.0,26.675,21.45
77687,389,S1,258.0,26.502,21.45
77688,389,S1,261.0,26.342,21.45
77689,389,S1,264.0,26.160,21.45
77690,389,S1,267.0,26.016,21.45
77691,389,S1,270.0,25.914,21.45
77692,389,S1,273.0,25.763,21.45
77693,389,S1,276.0,25.631,21.45
77694,389,S1,279.0,25.464,21.45
77695,389,S1,282.0,25.311,21.45
77696,389,S1,285.0,25.275,21.45
77697,389,S1,288.0,25.193,21.45
77698,389,S1,291.0,25.092,21.45
77699,389,S1,294.0,24.856,21.45
77700,389,S1,297.0,24.794,21.45
77701,389,S1,300.0,24.681,21.45
77702,389,S1,303.0,24.598,21.45
77703,389,S1,306.0,24.410,21.45
77704,389,S1,309.0,24.364,21.45
77705,389,S1,312.0,24.351,21.45
77706,389,S1,315.0,24.260,21.45
77707,389,S1,318.0,24.078,21.45
77708,389,S1,321.0,23.956,21.45
77709,389,S1,324.0,23.951,21.45
77710,389,S1,327.0,23.867,21.45
77711,389,S1,330.0,23.806,21.45
77712,389,S1,333.0,23.748,21.45
77713,389,S1,336.0,23.670,21.45
77714,389,S1,339.0,23.636,21.45
77715,389,S1,342.0,23.562,21.45
77716,389,S1,345.0,23.501,21.45
77717,389,S1,348.0,23.478,21.45
77718,389,S1,351.0,23.423,21.45
77719,389,S1,354.0,23.231,21.45
77720,389,S1,357.0,23.214,21.45
77721,389,S1,360.0,23.194,21.45
77722,389,S1,363.0,23.059,21.45
77723,389,S1,366.0,23.083,21.45
77724,389,S1,369.0,23.010,21.45
77725,389,S1,372.0,22.998,21.45
77726,389,S1,375.0,22.875,21.45
77727,389,S1,378.0,22.891,21.45
77728,389,S1,381.0,22.863,21.45
77729,389,S1,384.0,22.857,21.45
77730,389,S1,387.0,22.786,21.45
77731,389,S1,390.0,22.589,21.45
77732,389,S1,393.0,22.648,21.45
77733,389,S1,396.0,22.682,21.45
77734,389,S1,399.0,22.624,21.45
77735,389,S1,402.0,22.475,21.45
77736,389,S1,405.0,22.482,21.45
77737,389,S1,408.0,22.525,21.45
77738,389,S1,411.0,22.412,21.45
77739,389,S1,414.0,22.386,21.45
77740,389,S1,417.0,22.393,21.45
77741,389,S1,420.0,22.336,21.45
77742,389,S1,423.0,22.246,21.45
77743,389,S1,426.0,22.301,21.45
77744,389,S1,429.0,22.285,21.45
77745,389,S1,432.0,22.316,21.45
77746,389,S1,435.0,22.291,21.45
77747,389,S1,438.0,22.333,21.45
77748,389,S1,441.0,22.125,21.45
77749,389,S1,444.0,22.252,21.45
77750,389,S1,447.0,22.083,21.45
77751,389,S1,450.0,22.241,21.45
77752,389,S1,453.0,22.190,21.45
77753,389,S1,456.0,22.167,21.45
77754,389,S1,459.0,22.095,21.45
77755,389,S1,462.0,22.047,21.45
77756,389,S1,465.0,21.945,21.45
77757,389,S1,468.0,22.056,21.45
77758,389,S1,471.0,21.933,21.45
77759,389,S1,474.0,21.986,21.45
77760,389,S1,477.0,22.050,21.45
77761,389,S1,480.0,21.895,21.45
77762,389,S1,483.0,21.951,21.45
77763,389,S1,486.0,21.919,21.45
77764,389,S1,489.0,21.917,21.45
77765,389,S1,492.0,21.958,21.45
77766,389,S1,495.0,21.836,21.45
77767,389,S1,498.0,21.821,21.45
77768,389,S1,501.0,21.851,21.45
77769,389,S1,504.0,21.865,21.45
77770,389,S1,507.0,21.820,21.45
77771,389,S1,510.0,21.825,21.45
77772,389,S1,513.0,21.792,21.45
77773,389,S1,516.0,21.885,21.45
77774,389,S1,519.0,21.725,21.45
77775,389,S1,522.0,21.735,21.45
77776,389,S1,525.0,21.780,21.45
77777,389,S1,528.0,21.714,21.45
77778,389,S1,531.0,21.721,21.45
77779,389,S1,534.0,21.659,21.45
77780,389,S1,537.0,21.806,21.45
77781,389,S1,540.0,21.849,21.45
77782,389,S1,543.0,21.722,21.45
77783,389,S1,546.0,21.683,21.45
77784,389,S1,549.0,21.659,21.45
77785,389,S1,552.0,21.621,21.45
77786,389,S1,555.0,21.661,21.45
77787,389,S1,558.0,21.666,21.45
77788,389,S1,561.0,21.642,21.45
77789,389,S1,564.0,21.686,21.45
77790,389,S1,567.0,21.595,21.45
77791,389,S1,570.0,21.667,21.45
77792,389,S1,573.0,21.550,21.45
77793,389,S1,576.0,21.686,21.45
77794,389,S1,579.0,21.562,21.45
77795,389,S1,582.0,21.673,21.45
77796,389,S1,585.0,21.596,21.45
77797,389,S1,588.0,21.587,21.45
77798,389,S1,591.0,21.630,21.45
77799,389,S1,594.0,21.614,21.45
77800,389,S1,597.0,21.595,21.45
77801,390,S2,0.0,71.351,21.89
77802,390,S2,3.0,70.479,21.89
77803,390,S2,6.0,69.706,21.89
77804,390,S2,9.0,68.962,21.89
77805,390,S2,12.0,68.167,21.89
77806,390,S2,15.0,67.492,21.89
77807,390,S2,18.0,66.721,21.89
77808,390,S2,21.0,66.029,21.89
77809,390,S2,24.0,65.253,21.89
77810,390,S2,27.0,64.602,21.89
77811,390,S2,30.0,63.899,21.89
77812,390,S2,33.0,63.313,21.89
77813,390,S2,36.0,62.587,21.89
77814,390,S2,39.0,62.001,21.89
77815,390,S2,42.0,61.203,21.89
77816,390,S2,45.0,60.674,21.89
77817,390,S2,48.0,60.007,21.89
77818,390,S2,51.0,59.339,21.89
77819,390,S2,54.0,58.681,21.89
77820,390,S2,57.0,58.171,21.89
77821,390,S2,60.0,57.634,21.89
77822,390,S2,63.0,56.940,21.89
77823,390,S2,66.0,56.363,21.89
77824,390,S2,69.0,55.909,21.89
77825,390,S2,72.0,55.316,21.89
77826,390,S2,75.0,54.749,21.89
77827,390,S2,78.0,54.205,21.89
77828,390,S2,81.0,53.734,21.89
77829,390,S2,84.0,53.290,21.89
77830,390,S2,87.0,52.746,21.89
77831,390,S2,90.0,52.211,21.89
77832,390,S2,93.0,51.853,21.89
77833,390,S2,96.0,51.238,21.89
77834,390,S2,99.0,50.747,21.89
77835,390,S2,102.0,50.336,21.89
77836,390,S2,105.0,49.873,21.89
77837,390,S2,108.0,49.353,21.89
77838,390,S2,111.0,48.970,21.89
77839,390,S2,114.0,48.606,21.89
77840,390,S2,117.0,48.019,21.89
77841,390,S2,120.0,47.704,21.89
77842,390,S2,123.0,47.152,21.89
77843,390,S2,126.0,46.825,21.89
77844,390,S2,129.0,46.422,21.89
77845,390,S2,132.0,45.991,21.89
77846,390,S2,135.0,45.588,21.89
77847,390,S2,138.0,45.263,21.89
77848,390,S2,141.0,44.934,21.89
77849,390,S2,144.0,44.557,21.89
77850,390,S2,147.0,44.225,21.89
77851,390,S2,150.0,43.781,21.89
77852,390,S2,153.0,43.416,21.89
77853,390,S2,156.0,43.070,21.89
77854,390,S2,159.0,42.709,21.89
77855,390,S2,162.0,42.407,21.89
77856,390,S2,165.0,42.136,21.89
77857,390,S2,168.0,41.710,21.89
77858,390,S2,171.0,41.399,21.89
77859,390,S2,174.0,41.133,21.89
77860,390,S2,177.0,40.854,21.89
77861,390,S2,180.0,40.522,21.89
77862,390,S2,183.0,40.252,21.89
77863,390,S2,186.0,39.947,21.89
77864,390,S2,189.0,39.663,21.89
77865,390,S2,192.0,39.387,21.89
77866,390,S2,195.0,39.042,21.89
77867,390,S2,198.0,38.760,21.89
77868,390,S2,201.0,38.455,21.89
77869,390,S2,204.0,38.254,21.89
77870,390,S2,207.0,38.043,21.89
77871,390,S2,210.0,37.710,21.89
77872,390,S2,213.0,37.486,21.89
77873,390,S2,216.0,37.256,21.89
77874,390,S2,219.0,36.974,21.89
77875,390,S2,222.0,36.740,21.89
77876,390,S2,225.0,36.546,21.89
77877,390,S2,228.0,36.250,21.89
77878,390,S2,231.0,35.972,21.89
77879,390,S2,234.0,35.914,21.89
77880,390,S2,237.0,35.537,21.89
77881,390,S2,240.0,35.380,21.89
77882,390,S2,243.0,35.045,21.89
77883,390,S2,246.0,34.912,21.89
77884,390,S2,249.0,34.701,21.89
77885,390,S2,252.0,34.548,21.89
77886,390,S2,255.0,34.346,21.89
77887,390,S2,258.0,34.035,21.89
77888,390,S2,261.0,33.896,21.89
77889,390,S2,264.0,33.732,21.89
77890,390,S2,267.0,33.557,21.89
77891,390,S2,270.0,33.357,21.89
77892,390,S2,273.0,33.195,21.89
77893,390,S2,276.0,32.908,21.89
77894,390,S2,279.0,32.716,21.89
77895,390,S2,282.0,32.580,21.89
77896,390,S2,285.0,32.390,21.89
77897,390,S2,288.0,32.195,21.89
77898,390,S2,291.0,31.977,21.89
77899,390,S2,294.0,31.919,21.89
77900,390,S2,297.0,31.742,21.89
77901,390,S2,300.0,31.659,21.89
77902,390,S2,303.0,31.375,21.89
77903,390,S2,306.0,31.284,21.89
77904,390,S2,309.0,31.096,21.89
77905,390,S2,312.0,31.015,21.89
77906,390,S2,315.0,30.817,21.89
77907,390,S2,318.0,30.674,21.89
77908,390,S2,321.0,30.519,21.89
77909,390,S2,324.0,30.440,21.89
77910,390,S2,327.0,30.264,21.89
77911,390,S2,330.0,30.093,21.89
77912,390,S2,333.0,30.014,21.89
77913,390,S2,336.0,29.928,21.89
77914,390,S2,339.0,29.672,21.89
77915,390,S2,342.0,29.631,21.89
77916,390,S2,345.0,29.448,21.89
77917,390,S2,348.0,29.400,21.89
77918,390,S2,351.0,29.313,21.89
77919,390,S2,354.0,29.101,21.89
77920,390,S2,357.0,29.039,21.89
77921,390,S2,360.0,28.843,21.89
77922,390,S2,363.0,28.838,21.89
77923,390,S2,366.0,28.715,21.89
77924,390,S2,369.0,28.530,21.89
77925,390,S2,372.0,28.507,21.89
77926,390,S2,375.0,28.444,21.89
77927,390,S2,378.0,28.248,21.89
77928,390,S2,381.0,28.171,21.89
77929,390,S2,384.0,28.015,21.89
77930,390,S2,387.0,27.941,21.89
77931,390,S2,390.0,27.891,21.89
77932,390,S2,393.0,27.720,21.89
77933,390,S2,396.0,27.607,21.89
77934,390,S2,399.0,27.552,21.89
77935,390,S2,402.0,27.537,21.89
77936,390,S2,405.0,27.362,21.89
77937,390,S2,408.0,27.231,21.89
77938,390,S2,411.0,27.143,21.89
77939,390,S2,414.0,27.197,21.89
77940,390,S2,417.0,27.069,21.89
77941,390,S2,420.0,26.969,21.89
77942,390,S2,423.0,26.962,21.89
77943,390,S2,426.0,26.748,21.89
77944,390,S2,429.0,26.660,21.89
77945,390,S2,432.0,26.651,21.89
77946,390,S2,435.0,26.437,21.89
77947,390,S2,438.0,26.488,21.89
77948,390,S2,441.0,26.431,21.89
77949,390,S2,444.0,26.318,21.89
77950,390,S2,447.0,26.223,21.89
77951,390,S2,450.0,26.187,21.89
77952,390,S2,453.0,26.145,21.89
77953,390,S2,456.0,25.966,21.89
77954,390,S2,459.0,26.130,21.89
77955,390,S2,462.0,25.913,21.89
77956,390,S2,465.0,25.917,21.89
77957,390,S2,468.0,25.733,21.89
77958,390,S2,471.0,25.802,21.89
77959,390,S2,474.0,25.670,21.89
77960,390,S2,477.0,25.532,21.89
77961,390,S2,480.0,25.533,21.89
77962,390,S2,483.0,25.545,21.89
77963,390,S2,486.0,25.525,21.89
77964,390,S2,489.0,25.312,21.89
77965,390,S2,492.0,25.358,21.89
77966,390,S2,495.0,25.270,21.89
77967,390,S2,498.0,25.267,21.89
77968,390,S2,501.0,25.071,21.89
77969,390,S2,504.0,25.155,21.89
77970,390,S2,507.0,25.034,21.89
77971,390,S2,510.0,24.904,21.89
77972,390,S2,513.0,24.957,21.89
77973,390,S2,516.0,24.916,21.89
77974,390,S2,519.0,24.827,21.89
77975,390,S2,522.0,24.815,21.89
77976,390,S2,525.0,24.759,21.89
77977,390,S2,528.0,24.776,21.89
77978,390,S2,531.0,24.673,21.89
77979,390,S2,534.0,24.639,21.89
77980,390,S2,537.0,24.521,21.89
77981,390,S2,540.0,24.438,21.89
77982,390,S2,543.0,24.524,21.89
77983,390,S2,546.0,24.465,21.89
77984,390,S2,549.0,24.348,21.89
77985,390,S2,552.0,24.364,21.89
77986,390,S2,555.0,24.330,21.89
77987,390,S2,558.0,24.304,21.89
77988,390,S2,561.0,24.262,21.89
77989,390,S2,564.0,24.189,21.89
77990,390,S2,567.0,24.232,21.89
77991,390,S2,570.0,24.104,21.89
77992,390,S2,573.0,24.041,21.89
77993,390,S2,576.0,24.095,21.89
77994,390,S2,579.0,24.001,21.89
77995,390,S2,582.0,24.054,21.89
77996,390,S2,585.0,23.956,21.89
77997,390,S2,588.0,23.899,21.89
77998,390,S2,591.0,23.874,21.89
77999,390,S2,594.0,23.856,21.89
78000,390,S2,597.0,23.926,21.89
78001,391,S3,0.0,75.899,22.94
78002,391,S3,3.0,75.154,22.94
78003,391,S3,6.0,74.489,22.94
78004,391,S3,9.0,73.637,22.94
78005,391,S3,12.0,73.077,22.94
78006,391,S3,15.0,72.397,22.94
78007,391,S3,18.0,71.634,22.94
78008,391,S3,21.0,70.958,22.94
78009,391,S3,24.0,70.279,22.94
78010,391,S3,27.0,69.576,22.94
78011,391,S3,30.0,68.981,22.94
78012,391,S3,33.0,68.438,22.94
78013,391,S3,36.0,67.785,22.94
78014,391,S3,39.0,67.109,22.94
78015,391,S3,42.0,66.419,22.94
78016,391,S3,45.0,65.846,22.94
78017,391,S3,48.0,65.293,22.94
78018,391,S3,51.0,64.725,22.94
78019,391,S3,54.0,64.117,22.94
78020,391,S3,57.0,63.512,22.94
78021,391,S3,60.0,63.023,22.94
78022,391,S3,63.0,62.421,22.94
78023,391,S3,66.0,61.957,22.94
78024,391,S3,69.0,61.386,22.94
78025,391,S3,72.0,60.822,22.94
78026,391,S3,75.0,60.230,22.94
78027,391,S3,78.0,59.720,22.94
78028,391,S3,81.0,59.220,22.94
78029,391,S3,84.0,58.753,22.94
78030,391,S3,87.0,58.281,22.94
78031,391,S3,90.0,57.725,22.94
78032,391,S3,93.0,57.291,22.94
78033,391,S3,96.0,56.761,22.94
78034,391,S3,99.0,56.351,22.94
78035,391,S3,102.0,55.857,22.94
78036,391,S3,105.0,55.493,22.94
78037,391,S3,108.0,54.924,22.94
78038,391,S3,111.0,54.544,22.94
78039,391,S3,114.0,54.066,22.94
78040,391,S3,117.0,53.666,22.94
78041,391,S3,120.0,53.229,22.94
78042,391,S3,123.0,52.811,22.94
78043,391,S3,126.0,52.326,22.94
78044,391,S3,129.0,51.939,22.94
78045,391,S3,132.0,51.550,22.94
78046,391,S3,135.0,51.155,22.94
78047,391,S3,138.0,50.718,22.94
78048,391,S3,141.0,50.453,22.94
78049,391,S3,144.0,50.038,22.94
78050,391,S3,147.0,49.602,22.94
78051,391,S3,150.0,49.161,22.94
78052,391,S3,153.0,48.791,22.94
78053,391,S3,156.0,48.561,22.94
78054,391,S3,159.0,48.109,22.94
78055,391,S3,162.0,47.748,22.94
78056,391,S3,165.0,47.476,22.94
78057,391,S3,168.0,47.143,22.94
78058,391,S3,171.0,46.802,22.94
78059,391,S3,174.0,46.506,22.94
78060,391,S3,177.0,46.128,22.94
78061,391,S3,180.0,45.843,22.94
78062,391,S3,183.0,45.531,22.94
78063,391,S3,186.0,45.128,22.94
78064,391,S3,189.0,44.861,22.94
78065,391,S3,192.0,44.583,22.94
78066,391,S3,195.0,44.232,22.94
78067,391,S3,198.0,43.966,22.94
78068,391,S3,201.0,43.568,22.94
78069,391,S3,204.0,43.420,22.94
78070,391,S3,207.0,43.137,22.94
78071,391,S3,210.0,42.878,22.94
78072,391,S3,213.0,42.481,22.94
78073,391,S3,216.0,42.261,22.94
78074,391,S3,219.0,41.992,22.94
78075,391,S3,222.0,41.702,22.94
78076,391,S3,225.0,41.473,22.94
78077,391,S3,228.0,41.273,22.94
78078,391,S3,231.0,40.964,22.94
78079,391,S3,234.0,40.653,22.94
78080,391,S3,237.0,40.391,22.94
78081,391,S3,240.0,40.204,22.94
78082,391,S3,243.0,39.970,22.94
78083,391,S3,246.0,39.661,22.94
78084,391,S3,249.0,39.518,22.94
78085,391,S3,252.0,39.263,22.94
78086,391,S3,255.0,39.081,22.94
78087,391,S3,258.0,38.765,22.94
78088,391,S3,261.0,38.603,22.94
78089,391,S3,264.0,38.362,22.94
78090,391,S3,267.0,38.172,22.94
78091,391,S3,270.0,37.950,22.94
78092,391,S3,273.0,37.782,22.94
78093,391,S3,276.0,37.489,22.94
78094,391,S3,279.0,37.274,22.94
78095,391,S3,282.0,37.040,22.94
78096,391,S3,285.0,36.885,22.94
78097,391,S3,288.0,36.709,22.94
78098,391,S3,291.0,36.493,22.94
78099,391,S3,294.0,36.392,22.94
78100,391,S3,297.0,36.205,22.94
78101,391,S3,300.0,35.977,22.94
78102,391,S3,303.0,35.895,22.94
78103,391,S3,306.0,35.648,22.94
78104,391,S3,309.0,35.358,22.94
78105,391,S3,312.0,35.197,22.94
78106,391,S3,315.0,35.037,22.94
78107,391,S3,318.0,34.945,22.94
78108,391,S3,321.0,34.775,22.94
78109,391,S3,324.0,34.560,22.94
78110,391,S3,327.0,34.455,22.94
78111,391,S3,330.0,34.325,22.94
78112,391,S3,333.0,34.239,22.94
78113,391,S3,336.0,34.028,22.94
78114,391,S3,339.0,33.881,22.94
78115,391,S3,342.0,33.654,22.94
78116,391,S3,345.0,33.557,22.94
78117,391,S3,348.0,33.346,22.94
78118,391,S3,351.0,33.238,22.94
78119,391,S3,354.0,33.123,22.94
78120,391,S3,357.0,32.978,22.94
78121,391,S3,360.0,32.778,22.94
78122,391,S3,363.0,32.641,22.94
78123,391,S3,366.0,32.509,22.94
78124,391,S3,369.0,32.480,22.94
78125,391,S3,372.0,32.356,22.94
78126,391,S3,375.0,32.169,22.94
78127,391,S3,378.0,31.998,22.94
78128,391,S3,381.0,31.806,22.94
78129,391,S3,384.0,31.731,22.94
78130,391,S3,387.0,31.664,22.94
78131,391,S3,390.0,31.534,22.94
78132,391,S3,393.0,31.349,22.94
78133,391,S3,396.0,31.259,22.94
78134,391,S3,399.0,31.178,22.94
78135,391,S3,402.0,31.090,22.94
78136,391,S3,405.0,30.855,22.94
78137,391,S3,408.0,30.739,22.94
78138,391,S3,411.0,30.737,22.94
78139,391,S3,414.0,30.626,22.94
78140,391,S3,417.0,30.497,22.94
78141,391,S3,420.0,30.436,22.94
78142,391,S3,423.0,30.180,22.94
78143,391,S3,426.0,30.129,22.94
78144,391,S3,429.0,30.107,22.94
78145,391,S3,432.0,29.941,22.94
78146,391,S3,435.0,29.852,22.94
78147,391,S3,438.0,29.784,22.94
78148,391,S3,441.0,29.698,22.94
78149,391,S3,444.0,29.576,22.94
78150,391,S3,447.0,29.507,22.94
78151,391,S3,450.0,29.409,22.94
78152,391,S3,453.0,29.338,22.94
78153,391,S3,456.0,29.279,22.94
78154,391,S3,459.0,29.107,22.94
78155,391,S3,462.0,29.113,22.94
78156,391,S3,465.0,29.000,22.94
78157,391,S3,468.0,28.879,22.94
78158,391,S3,471.0,28.852,22.94
78159,391,S3,474.0,28.798,22.94
78160,391,S3,477.0,28.632,22.94
78161,391,S3,480.0,28.557,22.94
78162,391,S3,483.0,28.497,22.94
78163,391,S3,486.0,28.534,22.94
78164,391,S3,489.0,28.223,22.94
78165,391,S3,492.0,28.271,22.94
78166,391,S3,495.0,28.136,22.94
78167,391,S3,498.0,28.110,22.94
78168,391,S3,501.0,28.091,22.94
78169,391,S3,504.0,28.024,22.94
78170,391,S3,507.0,27.821,22.94
78171,391,S3,510.0,27.775,22.94
78172,391,S3,513.0,27.776,22.94
78173,391,S3,516.0,27.728,22.94
78174,391,S3,519.0,27.709,22.94
78175,391,S3,522.0,27.591,22.94
78176,391,S3,525.0,27.491,22.94
78177,391,S3,528.0,27.425,22.94
78178,391,S3,531.0,27.380,22.94
78179,391,S3,534.0,27.322,22.94
78180,391,S3,537.0,27.184,22.94
78181,391,S3,540.0,27.209,22.94
78182,391,S3,543.0,27.131,22.94
78183,391,S3,546.0,27.080,22.94
78184,391,S3,549.0,27.016,22.94
78185,391,S3,552.0,27.020,22.94
78186,391,S3,555.0,26.932,22.94
78187,391,S3,558.0,26.782,22.94
78188,391,S3,561.0,26.872,22.94
78189,391,S3,564.0,26.755,22.94
78190,391,S3,567.0,26.655,22.94
78191,391,S3,570.0,26.666,22.94
78192,391,S3,573.0,26.550,22.94
78193,391,S3,576.0,26.439,22.94
78194,391,S3,579.0,26.481,22.94
78195,391,S3,582.0,26.455,22.94
78196,391,S3,585.0,26.390,22.94
78197,391,S3,588.0,26.390,22.94
78198,391,S3,591.0,26.385,22.94
78199,391,S3,594.0,26.302,22.94
78200,391,S3,597.0,26.171,22.94
78201,392,S4,0.0,73.100,22.25
78202,392,S4,3.0,71.842,22.25
78203,392,S4,6.0,70.501,22.25
78204,392,S4,9.0,69.245,22.25
78205,392,S4,12.0,68.082,22.25
78206,392,S4,15.0,66.843,22.25
78207,392,S4,18.0,65.703,22.25
78208,392,S4,21.0,64.572,22.25
78209,392,S4,24.0,63.562,22.25
78210,392,S4,27.0,62.463,22.25
78211,392,S4,30.0,61.287,22.25
78212,392,S4,33.0,60.283,22.25
78213,392,S4,36.0,59.351,22.25
78214,392,S4,39.0,58.412,22.25
78215,392,S4,42.0,57.511,22.25
78216,392,S4,45.0,56.599,22.25
78217,392,S4,48.0,55.695,22.25
78218,392,S4,51.0,54.849,22.25
78219,392,S4,54.0,53.978,22.25
78220,392,S4,57.0,53.219,22.25
78221,392,S4,60.0,52.356,22.25
78222,392,S4,63.0,51.584,22.25
78223,392,S4,66.0,50.671,22.25
78224,392,S4,69.0,49.937,22.25
78225,392,S4,72.0,49.265,22.25
78226,392,S4,75.0,48.675,22.25
78227,392,S4,78.0,47.958,22.25
78228,392,S4,81.0,47.305,22.25
78229,392,S4,84.0,46.619,22.25
78230,392,S4,87.0,45.934,22.25
78231,392,S4,90.0,45.403,22.25
78232,392,S4,93.0,44.838,22.25
78233,392,S4,96.0,44.245,22.25
78234,392,S4,99.0,43.598,22.25
78235,392,S4,102.0,43.021,22.25
78236,392,S4,105.0,42.464,22.25
78237,392,S4,108.0,42.079,22.25
78238,392,S4,111.0,41.473,22.25
78239,392,S4,114.0,40.940,22.25
78240,392,S4,117.0,40.480,22.25
78241,392,S4,120.0,40.011,22.25
78242,392,S4,123.0,39.671,22.25
78243,392,S4,126.0,39.171,22.25
78244,392,S4,129.0,38.818,22.25
78245,392,S4,132.0,38.302,22.25
78246,392,S4,135.0,37.868,22.25
78247,392,S4,138.0,37.524,22.25
78248,392,S4,141.0,37.061,22.25
78249,392,S4,144.0,36.682,22.25
78250,392,S4,147.0,36.408,22.25
78251,392,S4,150.0,35.916,22.25
78252,392,S4,153.0,35.493,22.25
78253,392,S4,156.0,35.306,22.25
78254,392,S4,159.0,34.835,22.25
78255,392,S4,162.0,34.594,22.25
78256,392,S4,165.0,34.158,22.25
78257,392,S4,168.0,33.980,22.25
78258,392,S4,171.0,33.627,22.25
78259,392,S4,174.0,33.315,22.25
78260,392,S4,177.0,33.105,22.25
78261,392,S4,180.0,32.718,22.25
78262,392,S4,183.0,32.591,22.25
78263,392,S4,186.0,32.328,22.25
78264,392,S4,189.0,31.904,22.25
78265,392,S4,192.0,31.731,22.25
78266,392,S4,195.0,31.505,22.25
78267,392,S4,198.0,31.277,22.25
78268,392,S4,201.0,30.976,22.25
78269,392,S4,204.0,30.749,22.25
78270,392,S4,207.0,30.511,22.25
78271,392,S4,210.0,30.407,22.25
78272,392,S4,213.0,30.149,22.25
78273,392,S4,216.0,29.857,22.25
78274,392,S4,219.0,29.787,22.25
78275,392,S4,222.0,29.538,22.25
78276,392,S4,225.0,29.433,22.25
78277,392,S4,228.0,29.252,22.25
78278,392,S4,231.0,28.946,22.25
78279,392,S4,234.0,28.762,22.25
78280,392,S4,237.0,28.654,22.25
78281,392,S4,240.0,28.606,22.25
78282,392,S4,243.0,28.221,22.25
78283,392,S4,246.0,28.228,22.25
78284,392,S4,249.0,27.978,22.25
78285,392,S4,252.0,27.779,22.25
78286,392,S4,255.0,27.650,22.25
78287,392,S4,258.0,27.552,22.25
78288,392,S4,261.0,27.479,22.25
78289,392,S4,264.0,27.234,22.25
78290,392,S4,267.0,27.152,22.25
78291,392,S4,270.0,27.047,22.25
78292,392,S4,273.0,26.918,22.25
78293,392,S4,276.0,26.750,22.25
78294,392,S4,279.0,26.734,22.25
78295,392,S4,282.0,26.519,22.25
78296,392,S4,285.0,26.539,22.25
78297,392,S4,288.0,26.375,22.25
78298,392,S4,291.0,26.247,22.25
78299,392,S4,294.0,26.156,22.25
78300,392,S4,297.0,26.044,22.25
78301,392,S4,300.0,26.002,22.25
78302,392,S4,303.0,25.833,22.25
78303,392,S4,306.0,25.697,22.25
78304,392,S4,309.0,25.735,22.25
78305,392,S4,312.0,25.603,22.25
78306,392,S4,315.0,25.420,22.25
78307,392,S4,318.0,25.394,22.25
78308,392,S4,321.0,25.322,22.25
78309,392,S4,324.0,25.330,22.25
78310,392,S4,327.0,25.098,22.25
78311,392,S4,330.0,25.212,22.25
78312,392,S4,333.0,24.969,22.25
78313,392,S4,336.0,24.976,22.25
78314,392,S4,339.0,24.905,22.25
78315,392,S4,342.0,24.802,22.25
78316,392,S4,345.0,24.793,22.25
78317,392,S4,348.0,24.660,22.25
78318,392,S4,351.0,24.664,22.25
78319,392,S4,354.0,24.527,22.25
78320,392,S4,357.0,24.407,22.25
78321,392,S4,360.0,24.440,22.25
78322,392,S4,363.0,24.340,22.25
78323,392,S4,366.0,24.314,22.25
78324,392,S4,369.0,24.284,22.25
78325,392,S4,372.0,24.258,22.25
78326,392,S4,375.0,24.195,22.25
78327,392,S4,378.0,24.170,22.25
78328,392,S4,381.0,24.100,22.25
78329,392,S4,384.0,23.917,22.25
78330,392,S4,387.0,23.997,22.25
78331,392,S4,390.0,23.903,22.25
78332,392,S4,393.0,23.958,22.25
78333,392,S4,396.0,23.922,22.25
78334,392,S4,399.0,23.851,22.25
78335,392,S4,402.0,23.811,22.25
78336,392,S4,405.0,23.734,22.25
78337,392,S4,408.0,23.719,22.25
78338,392,S4,411.0,23.708,22.25
78339,392,S4,414.0,23.590,22.25
78340,392,S4,417.0,23.497,22.25
78341,392,S4,420.0,23.507,22.25
78342,392,S4,423.0,23.465,22.25
78343,392,S4,426.0,23.558,22.25
78344,392,S4,429.0,23.538,22.25
78345,392,S4,432.0,23.376,22.25
78346,392,S4,435.0,23.471,22.25
78347,392,S4,438.0,23.386,22.25
78348,392,S4,441.0,23.297,22.25
78349,392,S4,444.0,23.404,22.25
78350,392,S4,447.0,23.208,22.25
78351,392,S4,450.0,23.273,22.25
78352,392,S4,453.0,23.254,22.25
78353,392,S4,456.0,23.179,22.25
78354,392,S4,459.0,23.316,22.25
78355,392,S4,462.0,23.063,22.25
78356,392,S4,465.0,23.128,22.25
78357,392,S4,468.0,23.165,22.25
78358,392,S4,471.0,23.078,22.25
78359,392,S4,474.0,22.992,22.25
78360,392,S4,477.0,23.013,22.25
78361,392,S4,480.0,22.914,22.25
78362,392,S4,483.0,22.949,22.25
78363,392,S4,486.0,22.968,22.25
78364,392,S4,489.0,22.966,22.25
78365,392,S4,492.0,22.938,22.25
78366,392,S4,495.0,22.915,22.25
78367,392,S4,498.0,22.840,22.25
78368,392,S4,501.0,22.784,22.25
78369,392,S4,504.0,22.944,22.25
78370,392,S4,507.0,22.910,22.25
78371,392,S4,510.0,22.846,22.25
78372,392,S4,513.0,22.820,22.25
78373,392,S4,516.0,22.799,22.25
78374,392,S4,519.0,22.779,22.25
78375,392,S4,522.0,22.832,22.25
78376,392,S4,525.0,22.749,22.25
78377,392,S4,528.0,22.744,22.25
78378,392,S4,531.0,22.814,22.25
78379,392,S4,534.0,22.788,22.25
78380,392,S4,537.0,22.742,22.25
78381,392,S4,540.0,22.808,22.25
78382,392,S4,543.0,22.694,22.25
78383,392,S4,546.0,22.692,22.25
78384,392,S4,549.0,22.655,22.25
78385,392,S4,552.0,22.675,22.25
78386,392,S4,555.0,22.737,22.25
78387,392,S4,558.0,22.694,22.25
78388,392,S4,561.0,22.654,22.25
78389,392,S4,564.0,22.612,22.25
78390,392,S4,567.0,22.598,22.25
78391,392,S4,570.0,22.411,22.25
78392,392,S4,573.0,22.581,22.25
78393,392,S4,576.0,22.599,22.25
78394,392,S4,579.0,22.605,22.25
78395,392,S4,582.0,22.582,22.25
78396,392,S4,585.0,22.571,22.25
78397,392,S4,588.0,22.552,22.25
78398,392,S4,591.0,22.534,22.25
78399,392,S4,594.0,22.545,22.25
78400,392,S4,597.0,22.584,22.25
78401,393,S1,0.0,72.733,21.98
78402,393,S1,3.0,71.874,21.98
78403,393,S1,6.0,71.126,21.98
78404,393,S1,9.0,70.217,21.98
78405,393,S1,12.0,69.526,21.98
78406,393,S1,15.0,68.743,21.98
78407,393,S1,18.0,67.873,21.98
78408,393,S1,21.0,67.165,21.98
78409,393,S1,24.0,66.395,21.98
78410,393,S1,27.0,65.612,21.98
78411,393,S1,30.0,64.927,21.98
78412,393,S1,33.0,64.229,21.98
78413,393,S1,36.0,63.544,21.98
78414,393,S1,39.0,62.938,21.98
78415,393,S1,42.0,62.227,21.98
78416,393,S1,45.0,61.515,21.98
78417,393,S1,48.0,60.794,21.98
78418,393,S1,51.0,60.164,21.98
78419,393,S1,54.0,59.545,21.98
78420,393,S1,57.0,59.003,21.98
78421,393,S1,60.0,58.283,21.98
78422,393,S1,63.0,57.755,21.98
78423,393,S1,66.0,57.237,21.98
78424,393,S1,69.0,56.643,21.98
78425,393,S1,72.0,56.101,21.98
78426,393,S1,75.0,55.486,21.98
78427,393,S1,78.0,54.883,21.98
78428,393,S1,81.0,54.367,21.98
78429,393,S1,84.0,53.959,21.98
78430,393,S1,87.0,53.251,21.98
78431,393,S1,90.0,52.842,21.98
78432,393,S1,93.0,52.273,21.98
78433,393,S1,96.0,51.761,21.98
78434,393,S1,99.0,51.283,21.98
78435,393,S1,102.0,50.838,21.98
78436,393,S1,105.0,50.279,21.98
78437,393,S1,108.0,49.890,21.98
78438,393,S1,111.0,49.406,21.98
78439,393,S1,114.0,48.951,21.98
78440,393,S1,117.0,48.481,21.98
78441,393,S1,120.0,48.098,21.98
78442,393,S1,123.0,47.589,21.98
78443,393,S1,126.0,47.167,21.98
78444,393,S1,129.0,46.824,21.98
78445,393,S1,132.0,46.329,21.98
78446,393,S1,135.0,46.030,21.98
78447,393,S1,138.0,45.460,21.98
78448,393,S1,141.0,45.152,21.98
78449,393,S1,144.0,44.823,21.98
78450,393,S1,147.0,44.419,21.98
78451,393,S1,150.0,44.076,21.98
78452,393,S1,153.0,43.643,21.98
78453,393,S1,156.0,43.316,21.98
78454,393,S1,159.0,42.979,21.98
78455,393,S1,162.0,42.619,21.98
78456,393,S1,165.0,42.271,21.98
78457,393,S1,168.0,41.912,21.98
78458,393,S1,171.0,41.610,21.98
78459,393,S1,174.0,41.314,21.98
78460,393,S1,177.0,40.975,21.98
78461,393,S1,180.0,40.718,21.98
78462,393,S1,183.0,40.312,21.98
78463,393,S1,186.0,40.039,21.98
78464,393,S1,189.0,39.790,21.98
78465,393,S1,192.0,39.473,21.98
78466,393,S1,195.0,39.230,21.98
78467,393,S1,198.0,38.883,21.98
78468,393,S1,201.0,38.623,21.98
78469,393,S1,204.0,38.306,21.98
78470,393,S1,207.0,38.152,21.98
78471,393,S1,210.0,37.805,21.98
78472,393,S1,213.0,37.520,21.98
78473,393,S1,216.0,37.373,21.98
78474,393,S1,219.0,37.021,21.98
78475,393,S1,222.0,36.771,21.98
78476,393,S1,225.0,36.536,21.98
78477,393,S1,228.0,36.344,21.98
78478,393,S1,231.0,35.976,21.98
78479,393,S1,234.0,35.859,21.98
78480,393,S1,237.0,35.677,21.98
78481,393,S1,240.0,35.358,21.98
78482,393,S1,243.0,35.153,21.98
78483,393,S1,246.0,34.850,21.98
78484,393,S1,249.0,34.732,21.98
78485,393,S1,252.0,34.503,21.98
78486,393,S1,255.0,34.266,21.98
78487,393,S1,258.0,33.986,21.98
78488,393,S1,261.0,33.913,21.98
78489,393,S1,264.0,33.671,21.98
78490,393,S1,267.0,33.440,21.98
78491,393,S1,270.0,33.322,21.98
78492,393,S1,273.0,33.194,21.98
78493,393,S1,276.0,32.966,21.98
78494,393,S1,279.0,32.820,21.98
78495,393,S1,282.0,32.687,21.98
78496,393,S1,285.0,32.455,21.98
78497,393,S1,288.0,32.364,21.98
78498,393,S1,291.0,32.046,21.98
78499,393,S1,294.0,31.874,21.98
78500,393,S1,297.0,31.819,21.98
78501,393,S1,300.0,31.656,21.98
78502,393,S1,303.0,31.489,21.98
78503,393,S1,306.0,31.335,21.98
78504,393,S1,309.0,31.152,21.98
78505,393,S1,312.0,30.996,21.98
78506,393,S1,315.0,30.746,21.98
78507,393,S1,318.0,30.545,21.98
78508,393,S1,321.0,30.568,21.98
78509,393,S1,324.0,30.381,21.98
78510,393,S1,327.0,30.276,21.98
78511,393,S1,330.0,30.123,21.98
78512,393,S1,333.0,29.979,21.98
78513,393,S1,336.0,29.878,21.98
78514,393,S1,339.0,29.703,21.98
78515,393,S1,342.0,29.616,21.98
78516,393,S1,345.0,29.487,21.98
78517,393,S1,348.0,29.394,21.98
78518,393,S1,351.0,29.245,21.98
78519,393,S1,354.0,29.093,21.98
78520,393,S1,357.0,29.056,21.98
78521,393,S1,360.0,28.881,21.98
78522,393,S1,363.0,28.728,21.98
78523,393,S1,366.0,28.679,21.98
78524,393,S1,369.0,28.414,21.98
78525,393,S1,372.0,28.341,21.98
78526,393,S1,375.0,28.302,21.98
78527,393,S1,378.0,28.211,21.98
78528,393,S1,381.0,28.103,21.98
78529,393,S1,384.0,28.001,21.98
78530,393,S1,387.0,27.874,21.98
78531,393,S1,390.0,27.831,21.98
78532,393,S1,393.0,27.793,21.98
78533,393,S1,396.0,27.600,21.98
78534,393,S1,399.0,27.455,21.98
78535,393,S1,402.0,27.528,21.98
78536,393,S1,405.0,27.339,21.98
78537,393,S1,408.0,27.267,21.98
78538,393,S1,411.0,27.201,21.98
78539,393,S1,414.0,27.164,21.98
78540,393,S1,417.0,27.043,21.98
78541,393,S1,420.0,26.906,21.98
78542,393,S1,423.0,26.833,21.98
78543,393,S1,426.0,26.737,21.98
78544,393,S1,429.0,26.704,21.98
78545,393,S1,432.0,26.621,21.98
78546,393,S1,435.0,26.602,21.98
78547,393,S1,438.0,26.470,21.98
78548,393,S1,441.0,26.343,21.98
78549,393,S1,444.0,26.301,21.98
78550,393,S1,447.0,26.249,21.98
78551,393,S1,450.0,26.209,21.98
78552,393,S1,453.0,26.105,21.98
78553,393,S1,456.0,25.995,21.98
78554,393,S1,459.0,25.883,21.98
78555,393,S1,462.0,25.871,21.98
78556,393,S1,465.0,25.927,21.98
78557,393,S1,468.0,25.787,21.98
78558,393,S1,471.0,25.728,21.98
78559,393,S1,474.0,25.653,21.98
78560,393,S1,477.0,25.596,21.98
78561,393,S1,480.0,25.428,21.98
78562,393,S1,483.0,25.506,21.98
78563,393,S1,486.0,25.360,21.98
78564,393,S1,489.0,25.318,21.98
78565,393,S1,492.0,25.287,21.98
78566,393,S1,495.0,25.236,21.98
78567,393,S1,498.0,25.168,21.98
78568,393,S1,501.0,25.170,21.98
78569,393,S1,504.0,25.047,21.98
78570,393,S1,507.0,24.979,21.98
78571,393,S1,510.0,25.005,21.98
78572,393,S1,513.0,24.888,21.98
78573,393,S1,516.0,24.940,21.98
78574,393,S1,519.0,24.884,21.98
78575,393,S1,522.0,24.725,21.98
78576,393,S1,525.0,24.671,21.98
78577,393,S1,528.0,24.702,21.98
78578,393,S1,531.0,24.659,21.98
78579,393,S1,534.0,24.583,21.98
78580,393,S1,537.0,24.542,21.98
78581,393,S1,540.0,24.435,21.98
78582,393,S1,543.0,24.489,21.98
78583,393,S1,546.0,24.492,21.98
78584,393,S1,549.0,24.383,21.98
78585,393,S1,552.0,24.316,21.98
78586,393,S1,555.0,24.240,21.98
78587,393,S1,558.0,24.312,21.98
78588,393,S1,561.0,24.136,21.98
78589,393,S1,564.0,24.189,21.98
78590,393,S1,567.0,24.148,21.98
78591,393,S1,570.0,24.148,21.98
78592,393,S1,573.0,24.053,21.98
78593,393,S1,576.0,24.081,21.98
78594,393,S1,579.0,24.041,21.98
78595,393,S1,582.0,24.050,21.98
78596,393,S1,585.0,23.926,21.98
78597,393,S1,588.0,23.910,21.98
78598,393,S1,591.0,24.009,21.98
78599,393,S1,594.0,23.818,21.98
78600,393,S1,597.0,23.835,21.98
78601,394,S2,0.0,94.738,20.91
78602,394,S2,3.0,93.796,20.91
78603,394,S2,6.0,92.989,20.91
78604,394,S2,9.0,92.033,20.91
78605,394,S2,12.0,91.205,20.91
78606,394,S2,15.0,90.206,20.91
78607,394,S2,18.0,89.332,20.91
78608,394,S2,21.0,88.432,20.91
78609,394,S2,24.0,87.551,20.91
78610,394,S2,27.0,86.776,20.91
78611,394,S2,30.0,85.971,20.91
78612,394,S2,33.0,85.149,20.91
78613,394,S2,36.0,84.383,20.91
78614,394,S2,39.0,83.541,20.91
78615,394,S2,42.0,82.706,20.91
78616,394,S2,45.0,81.840,20.91
78617,394,S2,48.0,81.182,20.91
78618,394,S2,51.0,80.433,20.91
78619,394,S2,54.0,79.592,20.91
78620,394,S2,57.0,78.948,20.91
78621,394,S2,60.0,78.172,20.91
78622,394,S2,63.0,77.499,20.91
78623,394,S2,66.0,76.728,20.91
78624,394,S2,69.0,76.051,20.91
78625,394,S2,72.0,75.308,20.91
78626,394,S2,75.0,74.720,20.91
78627,394,S2,78.0,73.945,20.91
78628,394,S2,81.0,73.318,20.91
78629,394,S2,84.0,72.613,20.91
78630,394,S2,87.0,72.035,20.91
78631,394,S2,90.0,71.293,20.91
78632,394,S2,93.0,70.587,20.91
78633,394,S2,96.0,70.015,20.91
78634,394,S2,99.0,69.354,20.91
78635,394,S2,102.0,68.834,20.91
78636,394,S2,105.0,68.178,20.91
78637,394,S2,108.0,67.564,20.91
78638,394,S2,111.0,66.963,20.91
78639,394,S2,114.0,66.366,20.91
78640,394,S2,117.0,65.798,20.91
78641,394,S2,120.0,65.305,20.91
78642,394,S2,123.0,64.674,20.91
78643,394,S2,126.0,64.135,20.91
78644,394,S2,129.0,63.582,20.91
78645,394,S2,132.0,63.071,20.91
78646,394,S2,135.0,62.488,20.91
78647,394,S2,138.0,61.960,20.91
78648,394,S2,141.0,61.523,20.91
78649,394,S2,144.0,60.949,20.91
78650,394,S2,147.0,60.464,20.91
78651,394,S2,150.0,59.963,20.91
78652,394,S2,153.0,59.461,20.91
78653,394,S2,156.0,58.902,20.91
78654,394,S2,159.0,58.472,20.91
78655,394,S2,162.0,58.047,20.91
78656,394,S2,165.0,57.472,20.91
78657,394,S2,168.0,57.067,20.91
78658,394,S2,171.0,56.582,20.91
78659,394,S2,174.0,56.123,20.91
78660,394,S2,177.0,55.712,20.91
78661,394,S2,180.0,55.310,20.91
78662,394,S2,183.0,54.756,20.91
78663,394,S2,186.0,54.445,20.91
78664,394,S2,189.0,54.004,20.91
78665,394,S2,192.0,53.604,20.91
78666,394,S2,195.0,53.205,20.91
78667,394,S2,198.0,52.677,20.91
78668,394,S2,201.0,52.478,20.91
78669,394,S2,204.0,52.045,20.91
78670,394,S2,207.0,51.527,20.91
78671,394,S2,210.0,51.261,20.91
78672,394,S2,213.0,50.799,20.91
78673,394,S2,216.0,50.474,20.91
78674,394,S2,219.0,50.030,20.91
78675,394,S2,222.0,49.685,20.91
78676,394,S2,225.0,49.263,20.91
78677,394,S2,228.0,49.000,20.91
78678,394,S2,231.0,48.603,20.91
78679,394,S2,234.0,48.261,20.91
78680,394,S2,237.0,47.861,20.91
78681,394,S2,240.0,47.514,20.91
78682,394,S2,243.0,47.076,20.91
78683,394,S2,246.0,46.906,20.91
78684,394,S2,249.0,46.588,20.91
78685,394,S2,252.0,46.223,20.91
78686,394,S2,255.0,45.933,20.91
78687,394,S2,258.0,45.533,20.91
78688,394,S2,261.0,45.205,20.91
78689,394,S2,264.0,44.883,20.91
78690,394,S2,267.0,44.714,20.91
78691,394,S2,270.0,44.310,20.91
78692,394,S2,273.0,44.138,20.91
78693,394,S2,276.0,43.809,20.91
78694,394,S2,279.0,43.488,20.91
78695,394,S2,282.0,43.123,20.91
78696,394,S2,285.0,42.981,20.91
78697,394,S2,288.0,42.606,20.91
78698,394,S2,291.0,42.260,20.91
78699,394,S2,294.0,42.103,20.91
78700,394,S2,297.0,41.851,20.91
78701,394,S2,300.0,41.534,20.91
78702,394,S2,303.0,41.293,20.91
78703,394,S2,306.0,40.968,20.91
78704,394,S2,309.0,40.719,20.91
78705,394,S2,312.0,40.558,20.91
78706,394,S2,315.0,40.256,20.91
78707,394,S2,318.0,40.009,20.91
78708,394,S2,321.0,39.770,20.91
78709,394,S2,324.0,39.558,20.91
78710,394,S2,327.0,39.244,20.91
78711,394,S2,330.0,38.976,20.91
78712,394,S2,333.0,38.804,20.91
78713,394,S2,336.0,38.600,20.91
78714,394,S2,339.0,38.425,20.91
78715,394,S2,342.0,38.196,20.91
78716,394,S2,345.0,37.931,20.91
78717,394,S2,348.0,37.767,20.91
78718,394,S2,351.0,37.539,20.91
78719,394,S2,354.0,37.255,20.91
78720,394,S2,357.0,37.103,20.91
78721,394,S2,360.0,36.923,20.91
78722,394,S2,363.0,36.649,20.91
78723,394,S2,366.0,36.360,20.91
78724,394,S2,369.0,36.299,20.91
78725,394,S2,372.0,36.124,20.91
78726,394,S2,375.0,35.867,20.91
78727,394,S2,378.0,35.777,20.91
78728,394,S2,381.0,35.570,20.91
78729,394,S2,384.0,35.314,20.91
78730,394,S2,387.0,35.129,20.91
78731,394,S2,390.0,34.930,20.91
78732,394,S2,393.0,34.727,20.91
78733,394,S2,396.0,34.681,20.91
78734,394,S2,399.0,34.424,20.91
78735,394,S2,402.0,34.275,20.91
78736,394,S2,405.0,34.045,20.91
78737,394,S2,408.0,33.944,20.91
78738,394,S2,411.0,33.697,20.91
78739,394,S2,414.0,33.613,20.91
78740,394,S2,417.0,33.387,20.91
78741,394,S2,420.0,33.301,20.91
78742,394,S2,423.0,33.040,20.91
78743,394,S2,426.0,32.988,20.91
78744,394,S2,429.0,32.764,20.91
78745,394,S2,432.0,32.614,20.91
78746,394,S2,435.0,32.530,20.91
78747,394,S2,438.0,32.454,20.91
78748,394,S2,441.0,32.249,20.91
78749,394,S2,444.0,32.102,20.91
78750,394,S2,447.0,31.968,20.91
78751,394,S2,450.0,31.853,20.91
78752,394,S2,453.0,31.629,20.91
78753,394,S2,456.0,31.553,20.91
78754,394,S2,459.0,31.455,20.91
78755,394,S2,462.0,31.222,20.91
78756,394,S2,465.0,31.094,20.91
78757,394,S2,468.0,31.029,20.91
78758,394,S2,471.0,30.883,20.91
78759,394,S2,474.0,30.745,20.91
78760,394,S2,477.0,30.660,20.91
78761,394,S2,480.0,30.528,20.91
78762,394,S2,483.0,30.326,20.91
78763,394,S2,486.0,30.230,20.91
78764,394,S2,489.0,30.116,20.91
78765,394,S2,492.0,29.941,20.91
78766,394,S2,495.0,29.917,20.91
78767,394,S2,498.0,29.849,20.91
78768,394,S2,501.0,29.740,20.91
78769,394,S2,504.0,29.574,20.91
78770,394,S2,507.0,29.521,20.91
78771,394,S2,510.0,29.389,20.91
78772,394,S2,513.0,29.226,20.91
78773,394,S2,516.0,29.152,20.91
78774,394,S2,519.0,28.992,20.91
78775,394,S2,522.0,29.002,20.91
78776,394,S2,525.0,28.840,20.91
78777,394,S2,528.0,28.758,20.91
78778,394,S2,531.0,28.667,20.91
78779,394,S2,534.0,28.501,20.91
78780,394,S2,537.0,28.460,20.91
78781,394,S2,540.0,28.364,20.91
78782,394,S2,543.0,28.253,20.91
78783,394,S2,546.0,28.191,20.91
78784,394,S2,549.0,28.069,20.91
78785,394,S2,552.0,27.912,20.91
78786,394,S2,555.0,27.843,20.91
78787,394,S2,558.0,27.769,20.91
78788,394,S2,561.0,27.730,20.91
78789,394,S2,564.0,27.622,20.91
78790,394,S2,567.0,27.583,20.91
78791,394,S2,570.0,27.419,20.91
78792,394,S2,573.0,27.374,20.91
78793,394,S2,576.0,27.331,20.91
78794,394,S2,579.0,27.237,20.91
78795,394,S2,582.0,27.198,20.91
78796,394,S2,585.0,27.011,20.91
78797,394,S2,588.0,27.054,20.91
78798,394,S2,591.0,26.766,20.91
78799,394,S2,594.0,26.844,20.91
78800,394,S2,597.0,26.716,20.91
78801,395,S3,0.0,71.530,21.08
78802,395,S3,3.0,70.724,21.08
78803,395,S3,6.0,69.896,21.08
78804,395,S3,9.0,69.186,21.08
78805,395,S3,12.0,68.386,21.08
78806,395,S3,15.0,67.635,21.08
78807,395,S3,18.0,66.842,21.08
78808,395,S3,21.0,66.042,21.08
78809,395,S3,24.0,65.347,21.08
78810,395,S3,27.0,64.692,21.08
78811,395,S3,30.0,63.836,21.08
78812,395,S3,33.0,63.258,21.08
78813,395,S3,36.0,62.572,21.08
78814,395,S3,39.0,61.886,21.08
78815,395,S3,42.0,61.229,21.08
78816,395,S3,45.0,60.608,21.08
78817,395,S3,48.0,59.882,21.08
78818,395,S3,51.0,59.300,21.08
78819,395,S3,54.0,58.697,21.08
78820,395,S3,57.0,57.944,21.08
78821,395,S3,60.0,57.374,21.08
78822,395,S3,63.0,56.792,21.08
78823,395,S3,66.0,56.281,21.08
78824,395,S3,69.0,55.699,21.08
78825,395,S3,72.0,55.128,21.08
78826,395,S3,75.0,54.628,21.08
78827,395,S3,78.0,54.018,21.08
78828,395,S3,81.0,53.464,21.08
78829,395,S3,84.0,52.956,21.08
78830,395,S3,87.0,52.537,21.08
78831,395,S3,90.0,51.878,21.08
78832,395,S3,93.0,51.454,21.08
78833,395,S3,96.0,50.914,21.08
78834,395,S3,99.0,50.473,21.08
78835,395,S3,102.0,49.996,21.08
78836,395,S3,105.0,49.464,21.08
78837,395,S3,108.0,49.122,21.08
78838,395,S3,111.0,48.534,21.08
78839,395,S3,114.0,48.122,21.08
78840,395,S3,117.0,47.702,21.08
78841,395,S3,120.0,47.329,21.08
78842,395,S3,123.0,46.925,21.08
78843,395,S3,126.0,46.432,21.08
78844,395,S3,129.0,46.050,21.08
78845,395,S3,132.0,45.588,21.08
78846,395,S3,135.0,45.297,21.08
78847,395,S3,138.0,44.832,21.08
78848,395,S3,141.0,44.502,21.08
78849,395,S3,144.0,43.964,21.08
78850,395,S3,147.0,43.692,21.08
78851,395,S3,150.0,43.250,21.08
78852,395,S3,153.0,42.958,21.08
78853,395,S3,156.0,42.650,21.08
78854,395,S3,159.0,42.267,21.08
78855,395,S3,162.0,41.892,21.08
78856,395,S3,165.0,41.501,21.08
78857,395,S3,168.0,41.368,21.08
78858,395,S3,171.0,40.964,21.08
78859,395,S3,174.0,40.507,21.08
78860,395,S3,177.0,40.220,21.08
78861,395,S3,180.0,39.893,21.08
78862,395,S3,183.0,39.598,21.08
78863,395,S3,186.0,39.357,21.08
78864,395,S3,189.0,39.003,21.08
78865,395,S3,192.0,38.707,21.08
78866,395,S3,195.0,38.516,21.08
78867,395,S3,198.0,38.107,21.08
78868,395,S3,201.0,37.962,21.08
78869,395,S3,204.0,37.613,21.08
78870,395,S3,207.0,37.284,21.08
78871,395,S3,210.0,37.048,21.08
78872,395,S3,213.0,36.828,21.08
78873,395,S3,216.0,36.540,21.08
78874,395,S3,219.0,36.303,21.08
78875,395,S3,222.0,36.069,21.08
78876,395,S3,225.0,35.801,21.08
78877,395,S3,228.0,35.596,21.08
78878,395,S3,231.0,35.383,21.08
78879,395,S3,234.0,35.140,21.08
78880,395,S3,237.0,34.873,21.08
78881,395,S3,240.0,34.643,21.08
78882,395,S3,243.0,34.522,21.08
78883,395,S3,246.0,34.218,21.08
78884,395,S3,249.0,34.048,21.08
78885,395,S3,252.0,33.779,21.08
78886,395,S3,255.0,33.539,21.08
78887,395,S3,258.0,33.340,21.08
78888,395,S3,261.0,33.242,21.08
78889,395,S3,264.0,33.053,21.08
78890,395,S3,267.0,32.826,21.08
78891,395,S3,270.0,32.683,21.08
78892,395,S3,273.0,32.344,21.08
78893,395,S3,276.0,32.270,21.08
78894,395,S3,279.0,31.942,21.08
78895,395,S3,282.0,31.937,21.08
78896,395,S3,285.0,31.796,21.08
78897,395,S3,288.0,31.576,21.08
78898,395,S3,291.0,31.353,21.08
78899,395,S3,294.0,31.254,21.08
78900,395,S3,297.0,31.097,21.08
78901,395,S3,300.0,30.843,21.08
78902,395,S3,303.0,30.770,21.08
78903,395,S3,306.0,30.586,21.08
78904,395,S3,309.0,30.407,21.08
78905,395,S3,312.0,30.236,21.08
78906,395,S3,315.0,30.133,21.08
78907,395,S3,318.0,29.936,21.08
78908,395,S3,321.0,29.852,21.08
78909,395,S3,324.0,29.602,21.08
78910,395,S3,327.0,29.549,21.08
78911,395,S3,330.0,29.391,21.08
78912,395,S3,333.0,29.311,21.08
78913,395,S3,336.0,29.098,21.08
78914,395,S3,339.0,29.033,21.08
78915,395,S3,342.0,28.918,21.08
78916,395,S3,345.0,28.803,21.08
78917,395,S3,348.0,28.706,21.08
78918,395,S3,351.0,28.459,21.08
78919,395,S3,354.0,28.262,21.08
78920,395,S3,357.0,28.221,21.08
78921,395,S3,360.0,28.245,21.08
78922,395,S3,363.0,28.137,21.08
78923,395,S3,366.0,27.878,21.08
78924,395,S3,369.0,27.850,21.08
78925,395,S3,372.0,27.630,21.08
78926,395,S3,375.0,27.541,21.08
78927,395,S3,378.0,27.534,21.08
78928,395,S3,381.0,27.384,21.08
78929,395,S3,384.0,27.304,21.08
78930,395,S3,387.0,27.103,21.08
78931,395,S3,390.0,27.039,21.08
78932,395,S3,393.0,26.925,21.08
78933,395,S3,396.0,26.793,21.08
78934,395,S3,399.0,26.789,21.08
78935,395,S3,402.0,26.697,21.08
78936,395,S3,405.0,26.625,21.08
78937,395,S3,408.0,26.475,21.08
78938,395,S3,411.0,26.389,21.08
78939,395,S3,414.0,26.312,21.08
78940,395,S3,417.0,26.258,21.08
78941,395,S3,420.0,26.094,21.08
78942,395,S3,423.0,26.073,21.08
78943,395,S3,426.0,25.947,21.08
78944,395,S3,429.0,25.940,21.08
78945,395,S3,432.0,25.898,21.08
78946,395,S3,435.0,25.749,21.08
78947,395,S3,438.0,25.653,21.08
78948,395,S3,441.0,25.629,21.08
78949,395,S3,444.0,25.528,21.08
78950,395,S3,447.0,25.501,21.08
78951,395,S3,450.0,25.359,21.08
78952,395,S3,453.0,25.217,21.08
78953,395,S3,456.0,25.285,21.08
78954,395,S3,459.0,25.111,21.08
78955,395,S3,462.0,25.107,21.08
78956,395,S3,465.0,25.050,21.08
78957,395,S3,468.0,24.859,21.08
78958,395,S3,471.0,24.936,21.08
78959,395,S3,474.0,24.880,21.08
78960,395,S3,477.0,24.791,21.08
78961,395,S3,480.0,24.606,21.08
78962,395,S3,483.0,24.705,21.08
78963,395,S3,486.0,24.651,21.08
78964,395,S3,489.0,24.558,21.08
78965,395,S3,492.0,24.457,21.08
78966,395,S3,495.0,24.440,21.08
78967,395,S3,498.0,24.338,21.08
78968,395,S3,501.0,24.293,21.08
78969,395,S3,504.0,24.272,21.08
78970,395,S3,507.0,24.260,21.08
78971,395,S3,510.0,24.126,21.08
78972,395,S3,513.0,24.165,21.08
78973,395,S3,516.0,24.054,21.08
78974,395,S3,519.0,24.019,21.08
78975,395,S3,522.0,23.991,21.08
78976,395,S3,525.0,23.866,21.08
78977,395,S3,528.0,23.880,21.08
78978,395,S3,531.0,23.837,21.08
78979,395,S3,534.0,23.763,21.08
78980,395,S3,537.0,23.655,21.08
78981,395,S3,540.0,23.822,21.08
78982,395,S3,543.0,23.625,21.08
78983,395,S3,546.0,23.583,21.08
78984,395,S3,549.0,23.562,21.08
78985,395,S3,552.0,23.610,21.08
78986,395,S3,555.0,23.551,21.08
78987,395,S3,558.0,23.524,21.08
78988,395,S3,561.0,23.448,21.08
78989,395,S3,564.0,23.387,21.08
78990,395,S3,567.0,23.424,21.08
78991,395,S3,570.0,23.323,21.08
78992,395,S3,573.0,23.350,21.08
78993,395,S3,576.0,23.293,21.08
78994,395,S3,579.0,23.213,21.08
78995,395,S3,582.0,23.216,21.08
78996,395,S3,585.0,23.180,21.08
78997,395,S3,588.0,23.122,21.08
78998,395,S3,591.0,23.100,21.08
78999,395,S3,594.0,22.974,21.08
79000,395,S3,597.0,22.934,21.08
79001,396,S4,0.0,80.791,20.69
79002,396,S4,3.0,79.791,20.69
79003,396,S4,6.0,78.631,20.69
79004,396,S4,9.0,77.527,20.69
79005,396,S4,12.0,76.482,20.69
79006,396,S4,15.0,75.452,20.69
79007,396,S4,18.0,74.275,20.69
79008,396,S4,21.0,73.367,20.69
79009,396,S4,24.0,72.319,20.69
79010,396,S4,27.0,71.289,20.69
79011,396,S4,30.0,70.399,20.69
79012,396,S4,33.0,69.446,20.69
79013,396,S4,36.0,68.642,20.69
79014,396,S4,39.0,67.564,20.69
79015,396,S4,42.0,66.796,20.69
79016,396,S4,45.0,65.869,20.69
79017,396,S4,48.0,65.089,20.69
79018,396,S4,51.0,64.154,20.69
79019,396,S4,54.0,63.406,20.69
79020,396,S4,57.0,62.567,20.69
79021,396,S4,60.0,61.810,20.69
79022,396,S4,63.0,61.093,20.69
79023,396,S4,66.0,60.233,20.69
79024,396,S4,69.0,59.472,20.69
79025,396,S4,72.0,58.728,20.69
79026,396,S4,75.0,58.039,20.69
79027,396,S4,78.0,57.311,20.69
79028,396,S4,81.0,56.639,20.69
79029,396,S4,84.0,55.952,20.69
79030,396,S4,87.0,55.231,20.69
79031,396,S4,90.0,54.573,20.69
79032,396,S4,93.0,54.036,20.69
79033,396,S4,96.0,53.333,20.69
79034,396,S4,99.0,52.714,20.69
79035,396,S4,102.0,52.190,20.69
79036,396,S4,105.0,51.448,20.69
79037,396,S4,108.0,50.822,20.69
79038,396,S4,111.0,50.345,20.69
79039,396,S4,114.0,49.807,20.69
79040,396,S4,117.0,49.269,20.69
79041,396,S4,120.0,48.710,20.69
79042,396,S4,123.0,48.185,20.69
79043,396,S4,126.0,47.709,20.69
79044,396,S4,129.0,47.099,20.69
79045,396,S4,132.0,46.696,20.69
79046,396,S4,135.0,46.237,20.69
79047,396,S4,138.0,45.613,20.69
79048,396,S4,141.0,45.250,20.69
79049,396,S4,144.0,44.740,20.69
79050,396,S4,147.0,44.285,20.69
79051,396,S4,150.0,43.852,20.69
79052,396,S4,153.0,43.417,20.69
79053,396,S4,156.0,43.003,20.69
79054,396,S4,159.0,42.600,20.69
79055,396,S4,162.0,42.112,20.69
79056,396,S4,165.0,41.817,20.69
79057,396,S4,168.0,41.176,20.69
79058,396,S4,171.0,40.906,20.69
79059,396,S4,174.0,40.510,20.69
79060,396,S4,177.0,40.154,20.69
79061,396,S4,180.0,39.832,20.69
79062,396,S4,183.0,39.457,20.69
79063,396,S4,186.0,39.079,20.69
79064,396,S4,189.0,38.812,20.69
79065,396,S4,192.0,38.322,20.69
79066,396,S4,195.0,37.978,20.69
79067,396,S4,198.0,37.827,20.69
79068,396,S4,201.0,37.409,20.69
79069,396,S4,204.0,37.063,20.69
79070,396,S4,207.0,36.888,20.69
79071,396,S4,210.0,36.470,20.69
79072,396,S4,213.0,36.203,20.69
79073,396,S4,216.0,35.831,20.69
79074,396,S4,219.0,35.570,20.69
79075,396,S4,222.0,35.330,20.69
79076,396,S4,225.0,34.975,20.69
79077,396,S4,228.0,34.775,20.69
79078,396,S4,231.0,34.394,20.69
79079,396,S4,234.0,34.280,20.69
79080,396,S4,237.0,33.988,20.69
79081,396,S4,240.0,33.690,20.69
79082,396,S4,243.0,33.555,20.69
79083,396,S4,246.0,33.266,20.69
79084,396,S4,249.0,32.891,20.69
79085,396,S4,252.0,32.734,20.69
79086,396,S4,255.0,32.469,20.69
79087,396,S4,258.0,32.193,20.69
79088,396,S4,261.0,32.081,20.69
79089,396,S4,264.0,31.909,20.69
79090,396,S4,267.0,31.658,20.69
79091,396,S4,270.0,31.426,20.69
79092,396,S4,273.0,31.294,20.69
79093,396,S4,276.0,31.114,20.69
79094,396,S4,279.0,30.884,20.69
79095,396,S4,282.0,30.732,20.69
79096,396,S4,285.0,30.513,20.69
79097,396,S4,288.0,30.303,20.69
79098,396,S4,291.0,30.121,20.69
79099,396,S4,294.0,29.966,20.69
79100,396,S4,297.0,29.771,20.69
79101,396,S4,300.0,29.525,20.69
79102,396,S4,303.0,29.368,20.69
79103,396,S4,306.0,29.254,20.69
79104,396,S4,309.0,29.168,20.69
79105,396,S4,312.0,29.012,20.69
79106,396,S4,315.0,28.789,20.69
79107,396,S4,318.0,28.626,20.69
79108,396,S4,321.0,28.414,20.69
79109,396,S4,324.0,28.322,20.69
79110,396,S4,327.0,28.224,20.69
79111,396,S4,330.0,27.924,20.69
79112,396,S4,333.0,27.892,20.69
79113,396,S4,336.0,27.723,20.69
79114,396,S4,339.0,27.579,20.69
79115,396,S4,342.0,27.597,20.69
79116,396,S4,345.0,27.415,20.69
79117,396,S4,348.0,27.249,20.69
79118,396,S4,351.0,27.043,20.69
79119,396,S4,354.0,27.061,20.69
79120,396,S4,357.0,26.873,20.69
79121,396,S4,360.0,26.787,20.69
79122,396,S4,363.0,26.586,20.69
79123,396,S4,366.0,26.534,20.69
79124,396,S4,369.0,26.387,20.69
79125,396,S4,372.0,26.341,20.69
79126,396,S4,375.0,26.238,20.69
79127,396,S4,378.0,26.141,20.69
79128,396,S4,381.0,26.064,20.69
79129,396,S4,384.0,25.868,20.69
79130,396,S4,387.0,25.690,20.69
79131,396,S4,390.0,25.657,20.69
79132,396,S4,393.0,25.611,20.69
79133,396,S4,396.0,25.523,20.69
79134,396,S4,399.0,25.393,20.69
79135,396,S4,402.0,25.346,20.69
79136,396,S4,405.0,25.265,20.69
79137,396,S4,408.0,25.166,20.69
79138,396,S4,411.0,25.083,20.69
79139,396,S4,414.0,25.061,20.69
79140,396,S4,417.0,24.947,20.69
79141,396,S4,420.0,24.818,20.69
79142,396,S4,423.0,24.688,20.69
79143,396,S4,426.0,24.743,20.69
79144,396,S4,429.0,24.618,20.69
79145,396,S4,432.0,24.544,20.69
79146,396,S4,435.0,24.473,20.69
79147,396,S4,438.0,24.460,20.69
79148,396,S4,441.0,24.359,20.69
79149,396,S4,444.0,24.202,20.69
79150,396,S4,447.0,24.228,20.69
79151,396,S4,450.0,24.109,20.69
79152,396,S4,453.0,24.035,20.69
79153,396,S4,456.0,24.005,20.69
79154,396,S4,459.0,24.001,20.69
79155,396,S4,462.0,23.826,20.69
79156,396,S4,465.0,23.797,20.69
79157,396,S4,468.0,23.710,20.69
79158,396,S4,471.0,23.657,20.69
79159,396,S4,474.0,23.614,20.69
79160,396,S4,477.0,23.650,20.69
79161,396,S4,480.0,23.546,20.69
79162,396,S4,483.0,23.511,20.69
79163,396,S4,486.0,23.352,20.69
79164,396,S4,489.0,23.266,20.69
79165,396,S4,492.0,23.347,20.69
79166,396,S4,495.0,23.170,20.69
79167,396,S4,498.0,23.297,20.69
79168,396,S4,501.0,23.110,20.69
79169,396,S4,504.0,23.114,20.69
79170,396,S4,507.0,23.016,20.69
79171,396,S4,510.0,23.028,20.69
79172,396,S4,513.0,22.984,20.69
79173,396,S4,516.0,22.983,20.69
79174,396,S4,519.0,22.903,20.69
79175,396,S4,522.0,22.869,20.69
79176,396,S4,525.0,22.847,20.69
79177,396,S4,528.0,22.719,20.69
79178,396,S4,531.0,22.798,20.69
79179,396,S4,534.0,22.684,20.69
79180,396,S4,537.0,22.638,20.69
79181,396,S4,540.0,22.593,20.69
79182,396,S4,543.0,22.535,20.69
79183,396,S4,546.0,22.563,20.69
79184,396,S4,549.0,22.491,20.69
79185,396,S4,552.0,22.374,20.69
79186,396,S4,555.0,22.413,20.69
79187,396,S4,558.0,22.431,20.69
79188,396,S4,561.0,22.329,20.69
79189,396,S4,564.0,22.322,20.69
79190,396,S4,567.0,22.386,20.69
79191,396,S4,570.0,22.277,20.69
79192,396,S4,573.0,22.341,20.69
79193,396,S4,576.0,22.178,20.69
79194,396,S4,579.0,22.286,20.69
79195,396,S4,582.0,22.173,20.69
79196,396,S4,585.0,22.164,20.69
79197,396,S4,588.0,22.181,20.69
79198,396,S4,591.0,22.135,20.69
79199,396,S4,594.0,22.003,20.69
79200,396,S4,597.0,22.008,20.69
79201,397,S1,0.0,87.294,22.38
79202,397,S1,3.0,85.688,22.38
79203,397,S1,6.0,84.074,22.38
79204,397,S1,9.0,82.480,22.38
79205,397,S1,12.0,81.009,22.38
79206,397,S1,15.0,79.611,22.38
79207,397,S1,18.0,78.171,22.38
79208,397,S1,21.0,76.761,22.38
79209,397,S1,24.0,75.424,22.38
79210,397,S1,27.0,74.064,22.38
79211,397,S1,30.0,72.802,22.38
79212,397,S1,33.0,71.622,22.38
79213,397,S1,36.0,70.248,22.38
79214,397,S1,39.0,69.191,22.38
79215,397,S1,42.0,67.858,22.38
79216,397,S1,45.0,66.787,22.38
79217,397,S1,48.0,65.747,22.38
79218,397,S1,51.0,64.552,22.38
79219,397,S1,54.0,63.644,22.38
79220,397,S1,57.0,62.517,22.38
79221,397,S1,60.0,61.564,22.38
79222,397,S1,63.0,60.591,22.38
79223,397,S1,66.0,59.632,22.38
79224,397,S1,69.0,58.701,22.38
79225,397,S1,72.0,57.698,22.38
79226,397,S1,75.0,56.855,22.38
79227,397,S1,78.0,56.021,22.38
79228,397,S1,81.0,55.167,22.38
79229,397,S1,84.0,54.349,22.38
79230,397,S1,87.0,53.547,22.38
79231,397,S1,90.0,52.906,22.38
79232,397,S1,93.0,52.067,22.38
79233,397,S1,96.0,51.399,22.38
79234,397,S1,99.0,50.636,22.38
79235,397,S1,102.0,49.825,22.38
79236,397,S1,105.0,49.113,22.38
79237,397,S1,108.0,48.493,22.38
79238,397,S1,111.0,47.742,22.38
79239,397,S1,114.0,47.209,22.38
79240,397,S1,117.0,46.681,22.38
79241,397,S1,120.0,45.952,22.38
79242,397,S1,123.0,45.371,22.38
79243,397,S1,126.0,44.888,22.38
79244,397,S1,129.0,44.298,22.38
79245,397,S1,132.0,43.776,22.38
79246,397,S1,135.0,43.225,22.38
79247,397,S1,138.0,42.683,22.38
79248,397,S1,141.0,42.210,22.38
79249,397,S1,144.0,41.652,22.38
79250,397,S1,147.0,41.183,22.38
79251,397,S1,150.0,40.716,22.38
79252,397,S1,153.0,40.210,22.38
79253,397,S1,156.0,39.832,22.38
79254,397,S1,159.0,39.411,22.38
79255,397,S1,162.0,39.003,22.38
79256,397,S1,165.0,38.599,22.38
79257,397,S1,168.0,38.155,22.38
79258,397,S1,171.0,37.796,22.38
79259,397,S1,174.0,37.312,22.38
79260,397,S1,177.0,37.043,22.38
79261,397,S1,180.0,36.681,22.38
79262,397,S1,183.0,36.270,22.38
79263,397,S1,186.0,35.996,22.38
79264,397,S1,189.0,35.664,22.38
79265,397,S1,192.0,35.214,22.38
79266,397,S1,195.0,35.002,22.38
79267,397,S1,198.0,34.661,22.38
79268,397,S1,201.0,34.396,22.38
79269,397,S1,204.0,34.023,22.38
79270,397,S1,207.0,33.720,22.38
79271,397,S1,210.0,33.456,22.38
79272,397,S1,213.0,33.241,22.38
79273,397,S1,216.0,32.919,22.38
79274,397,S1,219.0,32.708,22.38
79275,397,S1,222.0,32.394,22.38
79276,397,S1,225.0,32.183,22.38
79277,397,S1,228.0,31.903,22.38
79278,397,S1,231.0,31.602,22.38
79279,397,S1,234.0,31.407,22.38
79280,397,S1,237.0,31.215,22.38
79281,397,S1,240.0,31.001,22.38
79282,397,S1,243.0,30.679,22.38
79283,397,S1,246.0,30.543,22.38
79284,397,S1,249.0,30.351,22.38
79285,397,S1,252.0,30.215,22.38
79286,397,S1,255.0,29.961,22.38
79287,397,S1,258.0,29.737,22.38
79288,397,S1,261.0,29.638,22.38
79289,397,S1,264.0,29.484,22.38
79290,397,S1,267.0,29.206,22.38
79291,397,S1,270.0,29.123,22.38
79292,397,S1,273.0,28.944,22.38
79293,397,S1,276.0,28.737,22.38
79294,397,S1,279.0,28.551,22.38
79295,397,S1,282.0,28.432,22.38
79296,397,S1,285.0,28.238,22.38
79297,397,S1,288.0,28.122,22.38
79298,397,S1,291.0,27.957,22.38
79299,397,S1,294.0,27.880,22.38
79300,397,S1,297.0,27.694,22.38
79301,397,S1,300.0,27.601,22.38
79302,397,S1,303.0,27.501,22.38
79303,397,S1,306.0,27.262,22.38
79304,397,S1,309.0,27.173,22.38
79305,397,S1,312.0,27.111,22.38
79306,397,S1,315.0,26.916,22.38
79307,397,S1,318.0,26.897,22.38
79308,397,S1,321.0,26.737,22.38
79309,397,S1,324.0,26.615,22.38
79310,397,S1,327.0,26.541,22.38
79311,397,S1,330.0,26.443,22.38
79312,397,S1,333.0,26.303,22.38
79313,397,S1,336.0,26.205,22.38
79314,397,S1,339.0,26.107,22.38
79315,397,S1,342.0,25.979,22.38
79316,397,S1,345.0,25.952,22.38
79317,397,S1,348.0,25.823,22.38
79318,397,S1,351.0,25.757,22.38
79319,397,S1,354.0,25.676,22.38
79320,397,S1,357.0,25.655,22.38
79321,397,S1,360.0,25.535,22.38
79322,397,S1,363.0,25.392,22.38
79323,397,S1,366.0,25.398,22.38
79324,397,S1,369.0,25.186,22.38
79325,397,S1,372.0,25.257,22.38
79326,397,S1,375.0,25.206,22.38
79327,397,S1,378.0,25.051,22.38
79328,397,S1,381.0,24.967,22.38
79329,397,S1,384.0,24.990,22.38
79330,397,S1,387.0,24.931,22.38
79331,397,S1,390.0,24.774,22.38
79332,397,S1,393.0,24.721,22.38
79333,397,S1,396.0,24.717,22.38
79334,397,S1,399.0,24.613,22.38
79335,397,S1,402.0,24.540,22.38
79336,397,S1,405.0,24.569,22.38
79337,397,S1,408.0,24.471,22.38
79338,397,S1,411.0,24.385,22.38
79339,397,S1,414.0,24.353,22.38
79340,397,S1,417.0,24.218,22.38
79341,397,S1,420.0,24.211,22.38
79342,397,S1,423.0,24.198,22.38
79343,397,S1,426.0,24.183,22.38
79344,397,S1,429.0,24.224,22.38
79345,397,S1,432.0,24.108,22.38
79346,397,S1,435.0,24.042,22.38
79347,397,S1,438.0,23.937,22.38
79348,397,S1,441.0,23.975,22.38
79349,397,S1,444.0,23.932,22.38
79350,397,S1,447.0,23.953,22.38
79351,397,S1,450.0,23.843,22.38
79352,397,S1,453.0,23.727,22.38
79353,397,S1,456.0,23.752,22.38
79354,397,S1,459.0,23.659,22.38
79355,397,S1,462.0,23.730,22.38
79356,397,S1,465.0,23.710,22.38
79357,397,S1,468.0,23.630,22.38
79358,397,S1,471.0,23.664,22.38
79359,397,S1,474.0,23.573,22.38
79360,397,S1,477.0,23.521,22.38
79361,397,S1,480.0,23.559,22.38
79362,397,S1,483.0,23.486,22.38
79363,397,S1,486.0,23.473,22.38
79364,397,S1,489.0,23.442,22.38
79365,397,S1,492.0,23.345,22.38
79366,397,S1,495.0,23.331,22.38
79367,397,S1,498.0,23.239,22.38
79368,397,S1,501.0,23.363,22.38
79369,397,S1,504.0,23.270,22.38
79370,397,S1,507.0,23.325,22.38
79371,397,S1,510.0,23.306,22.38
79372,397,S1,513.0,23.188,22.38
79373,397,S1,516.0,23.233,22.38
79374,397,S1,519.0,23.188,22.38
79375,397,S1,522.0,23.327,22.38
79376,397,S1,525.0,23.265,22.38
79377,397,S1,528.0,23.104,22.38
79378,397,S1,531.0,23.091,22.38
79379,397,S1,534.0,23.206,22.38
79380,397,S1,537.0,23.184,22.38
79381,397,S1,540.0,23.041,22.38
79382,397,S1,543.0,23.033,22.38
79383,397,S1,546.0,23.079,22.38
79384,397,S1,549.0,22.996,22.38
79385,397,S1,552.0,22.990,22.38
79386,397,S1,555.0,22.978,22.38
79387,397,S1,558.0,22.933,22.38
79388,397,S1,561.0,22.917,22.38
79389,397,S1,564.0,22.943,22.38
79390,397,S1,567.0,22.963,22.38
79391,397,S1,570.0,22.918,22.38
79392,397,S1,573.0,22.829,22.38
79393,397,S1,576.0,22.823,22.38
79394,397,S1,579.0,22.839,22.38
79395,397,S1,582.0,22.965,22.38
79396,397,S1,585.0,22.901,22.38
79397,397,S1,588.0,22.866,22.38
79398,397,S1,591.0,22.821,22.38
79399,397,S1,594.0,22.858,22.38
79400,397,S1,597.0,22.808,22.38
79401,398,S2,0.0,77.482,20.10
79402,398,S2,3.0,76.720,20.10
79403,398,S2,6.0,76.042,20.10
79404,398,S2,9.0,75.273,20.10
79405,398,S2,12.0,74.560,20.10
79406,398,S2,15.0,73.860,20.10
79407,398,S2,18.0,73.009,20.10
79408,398,S2,21.0,72.364,20.10
79409,398,S2,24.0,71.610,20.10
79410,398,S2,27.0,70.965,20.10
79411,398,S2,30.0,70.263,20.10
79412,398,S2,33.0,69.565,20.10
79413,398,S2,36.0,68.984,20.10
79414,398,S2,39.0,68.340,20.10
79415,398,S2,42.0,67.709,20.10
79416,398,S2,45.0,67.064,20.10
79417,398,S2,48.0,66.392,20.10
79418,398,S2,51.0,65.705,20.10
79419,398,S2,54.0,65.128,20.10
79420,398,S2,57.0,64.611,20.10
79421,398,S2,60.0,63.918,20.10
79422,398,S2,63.0,63.300,20.10
79423,398,S2,66.0,62.718,20.10
79424,398,S2,69.0,62.260,20.10
79425,398,S2,72.0,61.666,20.10
79426,398,S2,75.0,61.075,20.10
79427,398,S2,78.0,60.523,20.10
79428,398,S2,81.0,59.977,20.10
79429,398,S2,84.0,59.465,20.10
79430,398,S2,87.0,58.898,20.10
79431,398,S2,90.0,58.465,20.10
79432,398,S2,93.0,58.000,20.10
79433,398,S2,96.0,57.348,20.10
79434,398,S2,99.0,56.947,20.10
79435,398,S2,102.0,56.409,20.10
79436,398,S2,105.0,55.939,20.10
79437,398,S2,108.0,55.424,20.10
79438,398,S2,111.0,54.879,20.10
79439,398,S2,114.0,54.462,20.10
79440,398,S2,117.0,53.916,20.10
79441,398,S2,120.0,53.658,20.10
79442,398,S2,123.0,53.100,20.10
79443,398,S2,126.0,52.814,20.10
79444,398,S2,129.0,52.327,20.10
79445,398,S2,132.0,51.820,20.10
79446,398,S2,135.0,51.360,20.10
79447,398,S2,138.0,51.015,20.10
79448,398,S2,141.0,50.487,20.10
79449,398,S2,144.0,50.202,20.10
79450,398,S2,147.0,49.734,20.10
79451,398,S2,150.0,49.331,20.10
79452,398,S2,153.0,48.916,20.10
79453,398,S2,156.0,48.594,20.10
79454,398,S2,159.0,48.147,20.10
79455,398,S2,162.0,47.838,20.10
79456,398,S2,165.0,47.453,20.10
79457,398,S2,168.0,47.094,20.10
79458,398,S2,171.0,46.796,20.10
79459,398,S2,174.0,46.399,20.10
79460,398,S2,177.0,46.049,20.10
79461,398,S2,180.0,45.702,20.10
79462,398,S2,183.0,45.286,20.10
79463,398,S2,186.0,45.024,20.10
79464,398,S2,189.0,44.676,20.10
79465,398,S2,192.0,44.323,20.10
79466,398,S2,195.0,43.970,20.10
79467,398,S2,198.0,43.715,20.10
79468,398,S2,201.0,43.296,20.10
79469,398,S2,204.0,43.022,20.10
79470,398,S2,207.0,42.810,20.10
79471,398,S2,210.0,42.484,20.10
79472,398,S2,213.0,42.089,20.10
79473,398,S2,216.0,41.893,20.10
79474,398,S2,219.0,41.556,20.10
79475,398,S2,222.0,41.251,20.10
79476,398,S2,225.0,41.051,20.10
79477,398,S2,228.0,40.666,20.10
79478,398,S2,231.0,40.380,20.10
79479,398,S2,234.0,40.155,20.10
79480,398,S2,237.0,39.931,20.10
79481,398,S2,240.0,39.679,20.10
79482,398,S2,243.0,39.308,20.10
79483,398,S2,246.0,39.086,20.10
79484,398,S2,249.0,38.896,20.10
79485,398,S2,252.0,38.485,20.10
79486,398,S2,255.0,38.331,20.10
79487,398,S2,258.0,38.154,20.10
79488,398,S2,261.0,37.836,20.10
79489,398,S2,264.0,37.568,20.10
79490,398,S2,267.0,37.429,20.10
79491,398,S2,270.0,37.195,20.10
79492,398,S2,273.0,36.976,20.10
79493,398,S2,276.0,36.688,20.10
79494,398,S2,279.0,36.541,20.10
79495,398,S2,282.0,36.308,20.10
79496,398,S2,285.0,36.019,20.10
79497,398,S2,288.0,35.815,20.10
79498,398,S2,291.0,35.597,20.10
79499,398,S2,294.0,35.463,20.10
79500,398,S2,297.0,35.198,20.10
79501,398,S2,300.0,34.949,20.10
79502,398,S2,303.0,34.772,20.10
79503,398,S2,306.0,34.603,20.10
79504,398,S2,309.0,34.524,20.10
79505,398,S2,312.0,34.239,20.10
79506,398,S2,315.0,34.073,20.10
79507,398,S2,318.0,33.835,20.10
79508,398,S2,321.0,33.703,20.10
79509,398,S2,324.0,33.431,20.10
79510,398,S2,327.0,33.304,20.10
79511,398,S2,330.0,33.130,20.10
79512,398,S2,333.0,32.980,20.10
79513,398,S2,336.0,32.731,20.10
79514,398,S2,339.0,32.528,20.10
79515,398,S2,342.0,32.452,20.10
79516,398,S2,345.0,32.255,20.10
79517,398,S2,348.0,32.020,20.10
79518,398,S2,351.0,31.951,20.10
79519,398,S2,354.0,31.796,20.10
79520,398,S2,357.0,31.569,20.10
79521,398,S2,360.0,31.454,20.10
79522,398,S2,363.0,31.201,20.10
79523,398,S2,366.0,31.220,20.10
79524,398,S2,369.0,31.060,20.10
79525,398,S2,372.0,30.890,20.10
79526,398,S2,375.0,30.724,20.10
79527,398,S2,378.0,30.513,20.10
79528,398,S2,381.0,30.519,20.10
79529,398,S2,384.0,30.322,20.10
79530,398,S2,387.0,30.126,20.10
79531,398,S2,390.0,30.039,20.10
79532,398,S2,393.0,29.996,20.10
79533,398,S2,396.0,29.834,20.10
79534,398,S2,399.0,29.565,20.10
79535,398,S2,402.0,29.577,20.10
79536,398,S2,405.0,29.243,20.10
79537,398,S2,408.0,29.367,20.10
79538,398,S2,411.0,29.198,20.10
79539,398,S2,414.0,29.013,20.10
79540,398,S2,417.0,28.926,20.10
79541,398,S2,420.0,28.774,20.10
79542,398,S2,423.0,28.617,20.10
79543,398,S2,426.0,28.513,20.10
79544,398,S2,429.0,28.430,20.10
79545,398,S2,432.0,28.350,20.10
79546,398,S2,435.0,28.201,20.10
79547,398,S2,438.0,28.086,20.10
79548,398,S2,441.0,28.073,20.10
79549,398,S2,444.0,27.888,20.10
79550,398,S2,447.0,27.830,20.10
79551,398,S2,450.0,27.683,20.10
79552,398,S2,453.0,27.569,20.10
79553,398,S2,456.0,27.456,20.10
79554,398,S2,459.0,27.379,20.10
79555,398,S2,462.0,27.347,20.10
79556,398,S2,465.0,27.240,20.10
79557,398,S2,468.0,27.142,20.10
79558,398,S2,471.0,26.989,20.10
79559,398,S2,474.0,26.947,20.10
79560,398,S2,477.0,26.863,20.10
79561,398,S2,480.0,26.782,20.10
79562,398,S2,483.0,26.680,20.10
79563,398,S2,486.0,26.506,20.10
79564,398,S2,489.0,26.482,20.10
79565,398,S2,492.0,26.367,20.10
79566,398,S2,495.0,26.234,20.10
79567,398,S2,498.0,26.206,20.10
79568,398,S2,501.0,26.145,20.10
79569,398,S2,504.0,26.040,20.10
79570,398,S2,507.0,26.026,20.10
79571,398,S2,510.0,25.916,20.10
79572,398,S2,513.0,25.883,20.10
79573,398,S2,516.0,25.741,20.10
79574,398,S2,519.0,25.723,20.10
79575,398,S2,522.0,25.662,20.10
79576,398,S2,525.0,25.539,20.10
79577,398,S2,528.0,25.462,20.10
79578,398,S2,531.0,25.340,20.10
79579,398,S2,534.0,25.283,20.10
79580,398,S2,537.0,25.174,20.10
79581,398,S2,540.0,25.226,20.10
79582,398,S2,543.0,25.097,20.10
79583,398,S2,546.0,24.979,20.10
79584,398,S2,549.0,25.011,20.10
79585,398,S2,552.0,24.857,20.10
79586,398,S2,555.0,24.864,20.10
79587,398,S2,558.0,24.776,20.10
79588,398,S2,561.0,24.644,20.10
79589,398,S2,564.0,24.691,20.10
79590,398,S2,567.0,24.632,20.10
79591,398,S2,570.0,24.536,20.10
79592,398,S2,573.0,24.539,20.10
79593,398,S2,576.0,24.462,20.10
79594,398,S2,579.0,24.388,20.10
79595,398,S2,582.0,24.231,20.10
79596,398,S2,585.0,24.270,20.10
79597,398,S2,588.0,24.195,20.10
79598,398,S2,591.0,24.184,20.10
79599,398,S2,594.0,24.035,20.10
79600,398,S2,597.0,24.091,20.10
79601,399,S3,0.0,79.080,22.94
79602,399,S3,3.0,78.038,22.94
79603,399,S3,6.0,77.036,22.94
79604,399,S3,9.0,76.052,22.94
79605,399,S3,12.0,75.177,22.94
79606,399,S3,15.0,74.292,22.94
79607,399,S3,18.0,73.294,22.94
79608,399,S3,21.0,72.494,22.94
79609,399,S3,24.0,71.640,22.94
79610,399,S3,27.0,70.779,22.94
79611,399,S3,30.0,69.871,22.94
79612,399,S3,33.0,69.057,22.94
79613,399,S3,36.0,68.274,22.94
79614,399,S3,39.0,67.372,22.94
79615,399,S3,42.0,66.553,22.94
79616,399,S3,45.0,65.818,22.94
79617,399,S3,48.0,65.119,22.94
79618,399,S3,51.0,64.284,22.94
79619,399,S3,54.0,63.584,22.94
79620,399,S3,57.0,62.927,22.94
79621,399,S3,60.0,62.102,22.94
79622,399,S3,63.0,61.494,22.94
79623,399,S3,66.0,60.811,22.94
79624,399,S3,69.0,60.071,22.94
79625,399,S3,72.0,59.409,22.94
79626,399,S3,75.0,58.820,22.94
79627,399,S3,78.0,58.193,22.94
79628,399,S3,81.0,57.643,22.94
79629,399,S3,84.0,57.039,22.94
79630,399,S3,87.0,56.363,22.94
79631,399,S3,90.0,55.775,22.94
79632,399,S3,93.0,55.149,22.94
79633,399,S3,96.0,54.579,22.94
79634,399,S3,99.0,54.063,22.94
79635,399,S3,102.0,53.568,22.94
79636,399,S3,105.0,53.016,22.94
79637,399,S3,108.0,52.444,22.94
79638,399,S3,111.0,51.921,22.94
79639,399,S3,114.0,51.368,22.94
79640,399,S3,117.0,50.946,22.94
79641,399,S3,120.0,50.374,22.94
79642,399,S3,123.0,49.923,22.94
79643,399,S3,126.0,49.437,22.94
79644,399,S3,129.0,48.978,22.94
79645,399,S3,132.0,48.537,22.94
79646,399,S3,135.0,48.049,22.94
79647,399,S3,138.0,47.649,22.94
79648,399,S3,141.0,47.183,22.94
79649,399,S3,144.0,46.785,22.94
79650,399,S3,147.0,46.405,22.94
79651,399,S3,150.0,45.891,22.94
79652,399,S3,153.0,45.451,22.94
79653,399,S3,156.0,45.148,22.94
79654,399,S3,159.0,44.633,22.94
79655,399,S3,162.0,44.292,22.94
79656,399,S3,165.0,44.029,22.94
79657,399,S3,168.0,43.612,22.94
79658,399,S3,171.0,43.235,22.94
79659,399,S3,174.0,42.895,22.94
79660,399,S3,177.0,42.484,22.94
79661,399,S3,180.0,42.087,22.94
79662,399,S3,183.0,41.884,22.94
79663,399,S3,186.0,41.491,22.94
79664,399,S3,189.0,41.093,22.94
79665,399,S3,192.0,40.797,22.94
79666,399,S3,195.0,40.426,22.94
79667,399,S3,198.0,40.165,22.94
79668,399,S3,201.0,39.902,22.94
79669,399,S3,204.0,39.623,22.94
79670,399,S3,207.0,39.345,22.94
79671,399,S3,210.0,39.001,22.94
79672,399,S3,213.0,38.727,22.94
79673,399,S3,216.0,38.545,22.94
79674,399,S3,219.0,38.185,22.94
79675,399,S3,222.0,37.848,22.94
79676,399,S3,225.0,37.627,22.94
79677,399,S3,228.0,37.413,22.94
79678,399,S3,231.0,37.125,22.94
79679,399,S3,234.0,36.830,22.94
79680,399,S3,237.0,36.512,22.94
79681,399,S3,240.0,36.384,22.94
79682,399,S3,243.0,36.143,22.94
79683,399,S3,246.0,35.981,22.94
79684,399,S3,249.0,35.721,22.94
79685,399,S3,252.0,35.486,22.94
79686,399,S3,255.0,35.254,22.94
79687,399,S3,258.0,35.033,22.94
79688,399,S3,261.0,34.921,22.94
79689,399,S3,264.0,34.612,22.94
79690,399,S3,267.0,34.366,22.94
79691,399,S3,270.0,34.162,22.94
79692,399,S3,273.0,34.055,22.94
79693,399,S3,276.0,33.837,22.94
79694,399,S3,279.0,33.615,22.94
79695,399,S3,282.0,33.427,22.94
79696,399,S3,285.0,33.223,22.94
79697,399,S3,288.0,32.988,22.94
79698,399,S3,291.0,32.871,22.94
79699,399,S3,294.0,32.606,22.94
79700,399,S3,297.0,32.575,22.94
79701,399,S3,300.0,32.363,22.94
79702,399,S3,303.0,32.156,22.94
79703,399,S3,306.0,31.987,22.94
79704,399,S3,309.0,31.844,22.94
79705,399,S3,312.0,31.732,22.94
79706,399,S3,315.0,31.521,22.94
79707,399,S3,318.0,31.357,22.94
79708,399,S3,321.0,31.208,22.94
79709,399,S3,324.0,31.139,22.94
79710,399,S3,327.0,31.006,22.94
79711,399,S3,330.0,30.869,22.94
79712,399,S3,333.0,30.610,22.94
79713,399,S3,336.0,30.622,22.94
79714,399,S3,339.0,30.324,22.94
79715,399,S3,342.0,30.244,22.94
79716,399,S3,345.0,30.172,22.94
79717,399,S3,348.0,30.039,22.94
79718,399,S3,351.0,29.892,22.94
79719,399,S3,354.0,29.823,22.94
79720,399,S3,357.0,29.648,22.94
79721,399,S3,360.0,29.505,22.94
79722,399,S3,363.0,29.436,22.94
79723,399,S3,366.0,29.281,22.94
79724,399,S3,369.0,29.162,22.94
79725,399,S3,372.0,29.012,22.94
79726,399,S3,375.0,28.945,22.94
79727,399,S3,378.0,28.920,22.94
79728,399,S3,381.0,28.683,22.94
79729,399,S3,384.0,28.616,22.94
79730,399,S3,387.0,28.574,22.94
79731,399,S3,390.0,28.552,22.94
79732,399,S3,393.0,28.365,22.94
79733,399,S3,396.0,28.173,22.94
79734,399,S3,399.0,28.171,22.94
79735,399,S3,402.0,28.123,22.94
79736,399,S3,405.0,28.067,22.94
79737,399,S3,408.0,27.875,22.94
79738,399,S3,411.0,27.810,22.94
79739,399,S3,414.0,27.745,22.94
79740,399,S3,417.0,27.698,22.94
79741,399,S3,420.0,27.500,22.94
79742,399,S3,423.0,27.451,22.94
79743,399,S3,426.0,27.373,22.94
79744,399,S3,429.0,27.321,22.94
79745,399,S3,432.0,27.168,22.94
79746,399,S3,435.0,27.096,22.94
79747,399,S3,438.0,27.057,22.94
79748,399,S3,441.0,27.005,22.94
79749,399,S3,444.0,26.964,22.94
79750,399,S3,447.0,26.798,22.94
79751,399,S3,450.0,26.764,22.94
79752,399,S3,453.0,26.685,22.94
79753,399,S3,456.0,26.657,22.94
79754,399,S3,459.0,26.625,22.94
79755,399,S3,462.0,26.574,22.94
79756,399,S3,465.0,26.378,22.94
79757,399,S3,468.0,26.398,22.94
79758,399,S3,471.0,26.343,22.94
79759,399,S3,474.0,26.291,22.94
79760,399,S3,477.0,26.207,22.94
79761,399,S3,480.0,26.065,22.94
79762,399,S3,483.0,26.130,22.94
79763,399,S3,486.0,26.037,22.94
79764,399,S3,489.0,26.059,22.94
79765,399,S3,492.0,25.894,22.94
79766,399,S3,495.0,25.966,22.94
79767,399,S3,498.0,25.717,22.94
79768,399,S3,501.0,25.845,22.94
79769,399,S3,504.0,25.769,22.94
79770,399,S3,507.0,25.760,22.94
79771,399,S3,510.0,25.612,22.94
79772,399,S3,513.0,25.531,22.94
79773,399,S3,516.0,25.588,22.94
79774,399,S3,519.0,25.396,22.94
79775,399,S3,522.0,25.461,22.94
79776,399,S3,525.0,25.420,22.94
79777,399,S3,528.0,25.358,22.94
79778,399,S3,531.0,25.289,22.94
79779,399,S3,534.0,25.275,22.94
79780,399,S3,537.0,25.197,22.94
79781,399,S3,540.0,25.146,22.94
79782,399,S3,543.0,25.143,22.94
79783,399,S3,546.0,25.104,22.94
79784,399,S3,549.0,25.183,22.94
79785,399,S3,552.0,25.011,22.94
79786,399,S3,555.0,25.092,22.94
79787,399,S3,558.0,24.990,22.94
79788,399,S3,561.0,24.924,22.94
79789,399,S3,564.0,24.957,22.94
79790,399,S3,567.0,24.874,22.94
79791,399,S3,570.0,24.892,22.94
79792,399,S3,573.0,24.852,22.94
79793,399,S3,576.0,24.781,22.94
79794,399,S3,579.0,24.772,22.94
79795,399,S3,582.0,24.729,22.94
79796,399,S3,585.0,24.708,22.94
79797,399,S3,588.0,24.690,22.94
79798,399,S3,591.0,24.552,22.94
79799,399,S3,594.0,24.508,22.94
79800,399,S3,597.0,24.475,22.94
79801,400,S4,0.0,78.203,22.24
79802,400,S4,3.0,77.322,22.24
79803,400,S4,6.0,76.429,22.24
79804,400,S4,9.0,75.548,22.24
79805,400,S4,12.0,74.608,22.24
79806,400,S4,15.0,73.699,22.24
79807,400,S4,18.0,72.898,22.24
79808,400,S4,21.0,71.987,22.24
79809,400,S4,24.0,71.103,22.24
79810,400,S4,27.0,70.288,22.24
79811,400,S4,30.0,69.561,22.24
79812,400,S4,33.0,68.718,22.24
79813,400,S4,36.0,67.902,22.24
79814,400,S4,39.0,67.284,22.24
79815,400,S4,42.0,66.403,22.24
79816,400,S4,45.0,65.668,22.24
79817,400,S4,48.0,64.977,22.24
79818,400,S4,51.0,64.235,22.24
79819,400,S4,54.0,63.442,22.24
79820,400,S4,57.0,62.831,22.24
79821,400,S4,60.0,62.233,22.24
79822,400,S4,63.0,61.374,22.24
79823,400,S4,66.0,60.797,22.24
79824,400,S4,69.0,60.095,22.24
79825,400,S4,72.0,59.523,22.24
79826,400,S4,75.0,58.936,22.24
79827,400,S4,78.0,58.257,22.24
79828,400,S4,81.0,57.671,22.24
79829,400,S4,84.0,57.118,22.24
79830,400,S4,87.0,56.498,22.24
79831,400,S4,90.0,55.909,22.24
79832,400,S4,93.0,55.364,22.24
79833,400,S4,96.0,54.760,22.24
79834,400,S4,99.0,54.188,22.24
79835,400,S4,102.0,53.712,22.24
79836,400,S4,105.0,53.190,22.24
79837,400,S4,108.0,52.694,22.24
79838,400,S4,111.0,52.195,22.24
79839,400,S4,114.0,51.670,22.24
79840,400,S4,117.0,51.127,22.24
79841,400,S4,120.0,50.677,22.24
79842,400,S4,123.0,50.136,22.24
79843,400,S4,126.0,49.693,22.24
79844,400,S4,129.0,49.165,22.24
79845,400,S4,132.0,48.834,22.24
79846,400,S4,135.0,48.339,22.24
79847,400,S4,138.0,47.804,22.24
79848,400,S4,141.0,47.495,22.24
79849,400,S4,144.0,46.994,22.24
79850,400,S4,147.0,46.652,22.24
79851,400,S4,150.0,46.256,22.24
79852,400,S4,153.0,45.819,22.24
79853,400,S4,156.0,45.369,22.24
79854,400,S4,159.0,45.015,22.24
79855,400,S4,162.0,44.689,22.24
79856,400,S4,165.0,44.232,22.24
79857,400,S4,168.0,43.917,22.24
79858,400,S4,171.0,43.558,22.24
79859,400,S4,174.0,43.287,22.24
79860,400,S4,177.0,42.745,22.24
79861,400,S4,180.0,42.480,22.24
79862,400,S4,183.0,42.164,22.24
79863,400,S4,186.0,41.829,22.24
79864,400,S4,189.0,41.548,22.24
79865,400,S4,192.0,41.114,22.24
79866,400,S4,195.0,40.771,22.24
79867,400,S4,198.0,40.412,22.24
79868,400,S4,201.0,40.063,22.24
79869,400,S4,204.0,39.888,22.24
79870,400,S4,207.0,39.543,22.24
79871,400,S4,210.0,39.312,22.24
79872,400,S4,213.0,39.154,22.24
79873,400,S4,216.0,38.684,22.24
79874,400,S4,219.0,38.432,22.24
79875,400,S4,222.0,38.183,22.24
79876,400,S4,225.0,37.824,22.24
79877,400,S4,228.0,37.721,22.24
79878,400,S4,231.0,37.398,22.24
79879,400,S4,234.0,37.103,22.24
79880,400,S4,237.0,36.914,22.24
79881,400,S4,240.0,36.665,22.24
79882,400,S4,243.0,36.459,22.24
79883,400,S4,246.0,36.205,22.24
79884,400,S4,249.0,35.943,22.24
79885,400,S4,252.0,35.614,22.24
79886,400,S4,255.0,35.546,22.24
79887,400,S4,258.0,35.226,22.24
79888,400,S4,261.0,35.012,22.24
79889,400,S4,264.0,34.831,22.24
79890,400,S4,267.0,34.600,22.24
79891,400,S4,270.0,34.365,22.24
79892,400,S4,273.0,34.267,22.24
79893,400,S4,276.0,33.963,22.24
79894,400,S4,279.0,33.814,22.24
79895,400,S4,282.0,33.625,22.24
79896,400,S4,285.0,33.397,22.24
79897,400,S4,288.0,33.260,22.24
79898,400,S4,291.0,33.024,22.24
79899,400,S4,294.0,32.872,22.24
79900,400,S4,297.0,32.729,22.24
79901,400,S4,300.0,32.602,22.24
79902,400,S4,303.0,32.323,22.24
79903,400,S4,306.0,32.145,22.24
79904,400,S4,309.0,31.993,22.24
79905,400,S4,312.0,31.912,22.24
79906,400,S4,315.0,31.654,22.24
79907,400,S4,318.0,31.507,22.24
79908,400,S4,321.0,31.321,22.24
79909,400,S4,324.0,31.211,22.24
79910,400,S4,327.0,31.029,22.24
79911,400,S4,330.0,30.874,22.24
79912,400,S4,333.0,30.828,22.24
79913,400,S4,336.0,30.640,22.24
79914,400,S4,339.0,30.375,22.24
79915,400,S4,342.0,30.305,22.24
79916,400,S4,345.0,30.196,22.24
79917,400,S4,348.0,30.095,22.24
79918,400,S4,351.0,29.950,22.24
79919,400,S4,354.0,29.950,22.24
79920,400,S4,357.0,29.688,22.24
79921,400,S4,360.0,29.601,22.24
79922,400,S4,363.0,29.464,22.24
79923,400,S4,366.0,29.291,22.24
79924,400,S4,369.0,29.159,22.24
79925,400,S4,372.0,29.064,22.24
79926,400,S4,375.0,29.009,22.24
79927,400,S4,378.0,28.894,22.24
79928,400,S4,381.0,28.745,22.24
79929,400,S4,384.0,28.546,22.24
79930,400,S4,387.0,28.546,22.24
79931,400,S4,390.0,28.390,22.24
79932,400,S4,393.0,28.225,22.24
79933,400,S4,396.0,28.269,22.24
79934,400,S4,399.0,28.100,22.24
79935,400,S4,402.0,27.996,22.24
79936,400,S4,405.0,27.952,22.24
79937,400,S4,408.0,27.845,22.24
79938,400,S4,411.0,27.671,22.24
79939,400,S4,414.0,27.643,22.24
79940,400,S4,417.0,27.607,22.24
79941,400,S4,420.0,27.446,22.24
79942,400,S4,423.0,27.354,22.24
79943,400,S4,426.0,27.378,22.24
79944,400,S4,429.0,27.250,22.24
79945,400,S4,432.0,27.031,22.24
79946,400,S4,435.0,27.034,22.24
79947,400,S4,438.0,27.028,22.24
79948,400,S4,441.0,26.917,22.24
79949,400,S4,444.0,26.722,22.24
79950,400,S4,447.0,26.759,22.24
79951,400,S4,450.0,26.599,22.24
79952,400,S4,453.0,26.604,22.24
79953,400,S4,456.0,26.546,22.24
79954,400,S4,459.0,26.392,22.24
79955,400,S4,462.0,26.351,22.24
79956,400,S4,465.0,26.330,22.24
79957,400,S4,468.0,26.190,22.24
79958,400,S4,471.0,26.162,22.24
79959,400,S4,474.0,26.016,22.24
79960,400,S4,477.0,26.010,22.24
79961,400,S4,480.0,25.870,22.24
79962,400,S4,483.0,25.933,22.24
79963,400,S4,486.0,25.842,22.24
79964,400,S4,489.0,25.788,22.24
79965,400,S4,492.0,25.675,22.24
79966,400,S4,495.0,25.635,22.24
79967,400,S4,498.0,25.627,22.24
79968,400,S4,501.0,25.463,22.24
79969,400,S4,504.0,25.488,22.24
79970,400,S4,507.0,25.447,22.24
79971,400,S4,510.0,25.358,22.24
79972,400,S4,513.0,25.266,22.24
79973,400,S4,516.0,25.173,22.24
79974,400,S4,519.0,25.245,22.24
79975,400,S4,522.0,25.197,22.24
79976,400,S4,525.0,25.179,22.24
79977,400,S4,528.0,24.993,22.24
79978,400,S4,531.0,25.005,22.24
79979,400,S4,534.0,24.940,22.24
79980,400,S4,537.0,24.919,22.24
79981,400,S4,540.0,24.869,22.24
79982,400,S4,543.0,24.888,22.24
79983,400,S4,546.0,24.767,22.24
79984,400,S4,549.0,24.703,22.24
