measurement_id,run_id,sensor_id,t_seconds,temperature_c,ambient_c
1,1,S1,0.0,84.402,21.18
2,1,S1,3.0,82.751,21.18
3,1,S1,6.0,80.937,21.18
4,1,S1,9.0,79.312,21.18
5,1,S1,12.0,77.619,21.18
6,1,S1,15.0,76.108,21.18
7,1,S1,18.0,74.524,21.18
8,1,S1,21.0,73.008,21.18
9,1,S1,24.0,71.521,21.18
10,1,S1,27.0,70.142,21.18
11,1,S1,30.0,68.731,21.18
12,1,S1,33.0,67.404,21.18
13,1,S1,36.0,66.098,21.18
14,1,S1,39.0,64.838,21.18
15,1,S1,42.0,63.668,21.18
16,1,S1,45.0,62.475,21.18
17,1,S1,48.0,61.315,21.18
18,1,S1,51.0,60.227,21.18
19,1,S1,54.0,59.145,21.18
20,1,S1,57.0,57.953,21.18
21,1,S1,60.0,56.962,21.18
22,1,S1,63.0,55.982,21.18
23,1,S1,66.0,55.028,21.18
24,1,S1,69.0,53.997,21.18
25,1,S1,72.0,53.119,21.18
26,1,S1,75.0,52.120,21.18
27,1,S1,78.0,51.213,21.18
28,1,S1,81.0,50.523,21.18
29,1,S1,84.0,49.683,21.18
30,1,S1,87.0,48.895,21.18
31,1,S1,90.0,48.132,21.18
32,1,S1,93.0,47.384,21.18
33,1,S1,96.0,46.563,21.18
34,1,S1,99.0,45.861,21.18
35,1,S1,102.0,45.161,21.18
36,1,S1,105.0,44.554,21.18
37,1,S1,108.0,43.889,21.18
38,1,S1,111.0,43.209,21.18
39,1,S1,114.0,42.582,21.18
40,1,S1,117.0,41.963,21.18
41,1,S1,120.0,41.487,21.18
42,1,S1,123.0,40.761,21.18
43,1,S1,126.0,40.205,21.18
44,1,S1,129.0,39.707,21.18
45,1,S1,132.0,39.204,21.18
46,1,S1,135.0,38.781,21.18
47,1,S1,138.0,38.227,21.18
48,1,S1,141.0,37.703,21.18
49,1,S1,144.0,37.355,21.18
50,1,S1,147.0,36.764,21.18
51,1,S1,150.0,36.437,21.18
52,1,S1,153.0,36.002,21.18
53,1,S1,156.0,35.568,21.18
54,1,S1,159.0,35.070,21.18
55,1,S1,162.0,34.809,21.18
56,1,S1,165.0,34.352,21.18
57,1,S1,168.0,34.097,21.18
58,1,S1,171.0,33.557,21.18
59,1,S1,174.0,33.407,21.18
60,1,S1,177.0,32.970,21.18
61,1,S1,180.0,32.698,21.18
62,1,S1,183.0,32.385,21.18
63,1,S1,186.0,31.963,21.18
64,1,S1,189.0,31.824,21.18
65,1,S1,192.0,31.366,21.18
66,1,S1,195.0,31.120,21.18
67,1,S1,198.0,30.760,21.18
68,1,S1,201.0,30.469,21.18
69,1,S1,204.0,30.340,21.18
70,1,S1,207.0,29.958,21.18
71,1,S1,210.0,29.734,21.18
72,1,S1,213.0,29.509,21.18
73,1,S1,216.0,29.311,21.18
74,1,S1,219.0,29.102,21.18
75,1,S1,222.0,28.888,21.18
76,1,S1,225.0,28.641,21.18
77,1,S1,228.0,28.442,21.18
78,1,S1,231.0,28.222,21.18
79,1,S1,234.0,28.077,21.18
80,1,S1,237.0,27.917,21.18
81,1,S1,240.0,27.607,21.18
82,1,S1,243.0,27.505,21.18
83,1,S1,246.0,27.326,21.18
84,1,S1,249.0,27.084,21.18
85,1,S1,252.0,27.072,21.18
86,1,S1,255.0,26.829,21.18
87,1,S1,258.0,26.657,21.18
88,1,S1,261.0,26.446,21.18
89,1,S1,264.0,26.294,21.18
90,1,S1,267.0,26.144,21.18
91,1,S1,270.0,26.046,21.18
92,1,S1,273.0,25.867,21.18
93,1,S1,276.0,25.825,21.18
94,1,S1,279.0,25.654,21.18
95,1,S1,282.0,25.400,21.18
96,1,S1,285.0,25.422,21.18
97,1,S1,288.0,25.285,21.18
98,1,S1,291.0,25.214,21.18
99,1,S1,294.0,25.108,21.18
100,1,S1,297.0,24.942,21.18
101,1,S1,300.0,24.888,21.18
102,1,S1,303.0,24.730,21.18
103,1,S1,306.0,24.614,21.18
104,1,S1,309.0,24.515,21.18
105,1,S1,312.0,24.391,21.18
106,1,S1,315.0,24.302,21.18
107,1,S1,318.0,24.217,21.18
108,1,S1,321.0,24.197,21.18
109,1,S1,324.0,24.056,21.18
110,1,S1,327.0,24.035,21.18
111,1,S1,330.0,23.972,21.18
112,1,S1,333.0,23.905,21.18
113,1,S1,336.0,23.725,21.18
114,1,S1,339.0,23.655,21.18
115,1,S1,342.0,23.617,21.18
116,1,S1,345.0,23.618,21.18
117,1,S1,348.0,23.591,21.18
118,1,S1,351.0,23.413,21.18
119,1,S1,354.0,23.361,21.18
120,1,S1,357.0,23.271,21.18
121,1,S1,360.0,23.208,21.18
122,1,S1,363.0,23.247,21.18
123,1,S1,366.0,23.111,21.18
124,1,S1,369.0,23.117,21.18
125,1,S1,372.0,23.026,21.18
126,1,S1,375.0,23.030,21.18
127,1,S1,378.0,22.863,21.18
128,1,S1,381.0,22.834,21.18
129,1,S1,384.0,22.823,21.18
130,1,S1,387.0,22.796,21.18
131,1,S1,390.0,22.686,21.18
132,1,S1,393.0,22.749,21.18
133,1,S1,396.0,22.771,21.18
134,1,S1,399.0,22.623,21.18
135,1,S1,402.0,22.569,21.18
136,1,S1,405.0,22.460,21.18
137,1,S1,408.0,22.551,21.18
138,1,S1,411.0,22.488,21.18
139,1,S1,414.0,22.393,21.18
140,1,S1,417.0,22.452,21.18
141,1,S1,420.0,22.458,21.18
142,1,S1,423.0,22.352,21.18
143,1,S1,426.0,22.302,21.18
144,1,S1,429.0,22.323,21.18
145,1,S1,432.0,22.216,21.18
146,1,S1,435.0,22.180,21.18
147,1,S1,438.0,22.236,21.18
148,1,S1,441.0,22.198,21.18
149,1,S1,444.0,22.105,21.18
150,1,S1,447.0,22.049,21.18
151,1,S1,450.0,22.087,21.18
152,1,S1,453.0,21.941,21.18
153,1,S1,456.0,22.060,21.18
154,1,S1,459.0,21.967,21.18
155,1,S1,462.0,21.974,21.18
156,1,S1,465.0,21.905,21.18
157,1,S1,468.0,21.876,21.18
158,1,S1,471.0,21.910,21.18
159,1,S1,474.0,22.035,21.18
160,1,S1,477.0,21.860,21.18
161,1,S1,480.0,21.828,21.18
162,1,S1,483.0,21.794,21.18
163,1,S1,486.0,21.789,21.18
164,1,S1,489.0,21.840,21.18
165,1,S1,492.0,21.773,21.18
166,1,S1,495.0,21.768,21.18
167,1,S1,498.0,21.859,21.18
168,1,S1,501.0,21.754,21.18
169,1,S1,504.0,21.715,21.18
170,1,S1,507.0,21.691,21.18
171,1,S1,510.0,21.685,21.18
172,1,S1,513.0,21.650,21.18
173,1,S1,516.0,21.645,21.18
174,1,S1,519.0,21.599,21.18
175,1,S1,522.0,21.639,21.18
176,1,S1,525.0,21.568,21.18
177,1,S1,528.0,21.661,21.18
178,1,S1,531.0,21.540,21.18
179,1,S1,534.0,21.544,21.18
180,1,S1,537.0,21.512,21.18
181,1,S1,540.0,21.497,21.18
182,1,S1,543.0,21.563,21.18
183,1,S1,546.0,21.458,21.18
184,1,S1,549.0,21.521,21.18
185,1,S1,552.0,21.509,21.18
186,1,S1,555.0,21.575,21.18
187,1,S1,558.0,21.483,21.18
188,1,S1,561.0,21.561,21.18
189,1,S1,564.0,21.455,21.18
190,1,S1,567.0,21.493,21.18
191,1,S1,570.0,21.421,21.18
192,1,S1,573.0,21.454,21.18
193,1,S1,576.0,21.459,21.18
194,1,S1,579.0,21.574,21.18
195,1,S1,582.0,21.433,21.18
196,1,S1,585.0,21.460,21.18
197,1,S1,588.0,21.449,21.18
198,1,S1,591.0,21.476,21.18
199,1,S1,594.0,21.529,21.18
200,1,S1,597.0,21.370,21.18
201,2,S2,0.0,73.892,20.38
202,2,S2,3.0,72.675,20.38
203,2,S2,6.0,71.440,20.38
204,2,S2,9.0,70.182,20.38
205,2,S2,12.0,69.058,20.38
206,2,S2,15.0,67.961,20.38
207,2,S2,18.0,66.841,20.38
208,2,S2,21.0,65.577,20.38
209,2,S2,24.0,64.647,20.38
210,2,S2,27.0,63.563,20.38
211,2,S2,30.0,62.516,20.38
212,2,S2,33.0,61.570,20.38
213,2,S2,36.0,60.540,20.38
214,2,S2,39.0,59.670,20.38
215,2,S2,42.0,58.756,20.38
216,2,S2,45.0,57.797,20.38
217,2,S2,48.0,56.849,20.38
218,2,S2,51.0,56.125,20.38
219,2,S2,54.0,55.188,20.38
220,2,S2,57.0,54.288,20.38
221,2,S2,60.0,53.623,20.38
222,2,S2,63.0,52.860,20.38
223,2,S2,66.0,52.053,20.38
224,2,S2,69.0,51.397,20.38
225,2,S2,72.0,50.541,20.38
226,2,S2,75.0,49.840,20.38
227,2,S2,78.0,49.164,20.38
228,2,S2,81.0,48.484,20.38
229,2,S2,84.0,47.809,20.38
230,2,S2,87.0,47.126,20.38
231,2,S2,90.0,46.575,20.38
232,2,S2,93.0,45.852,20.38
233,2,S2,96.0,45.238,20.38
234,2,S2,99.0,44.721,20.38
235,2,S2,102.0,44.204,20.38
236,2,S2,105.0,43.551,20.38
237,2,S2,108.0,43.022,20.38
238,2,S2,111.0,42.537,20.38
239,2,S2,114.0,41.979,20.38
240,2,S2,117.0,41.333,20.38
241,2,S2,120.0,41.083,20.38
242,2,S2,123.0,40.494,20.38
243,2,S2,126.0,40.025,20.38
244,2,S2,129.0,39.569,20.38
245,2,S2,132.0,39.090,20.38
246,2,S2,135.0,38.710,20.38
247,2,S2,138.0,38.277,20.38
248,2,S2,141.0,37.796,20.38
249,2,S2,144.0,37.396,20.38
250,2,S2,147.0,36.977,20.38
251,2,S2,150.0,36.660,20.38
252,2,S2,153.0,36.241,20.38
253,2,S2,156.0,35.789,20.38
254,2,S2,159.0,35.491,20.38
255,2,S2,162.0,35.174,20.38
256,2,S2,165.0,34.662,20.38
257,2,S2,168.0,34.457,20.38
258,2,S2,171.0,34.039,20.38
259,2,S2,174.0,33.853,20.38
260,2,S2,177.0,33.497,20.38
261,2,S2,180.0,33.230,20.38
262,2,S2,183.0,32.825,20.38
263,2,S2,186.0,32.583,20.38
264,2,S2,189.0,32.328,20.38
265,2,S2,192.0,31.998,20.38
266,2,S2,195.0,31.752,20.38
267,2,S2,198.0,31.509,20.38
268,2,S2,201.0,31.261,20.38
269,2,S2,204.0,30.913,20.38
270,2,S2,207.0,30.722,20.38
271,2,S2,210.0,30.406,20.38
272,2,S2,213.0,30.193,20.38
273,2,S2,216.0,29.953,20.38
274,2,S2,219.0,29.770,20.38
275,2,S2,222.0,29.520,20.38
276,2,S2,225.0,29.341,20.38
277,2,S2,228.0,29.069,20.38
278,2,S2,231.0,28.946,20.38
279,2,S2,234.0,28.705,20.38
280,2,S2,237.0,28.567,20.38
281,2,S2,240.0,28.309,20.38
282,2,S2,243.0,28.158,20.38
283,2,S2,246.0,27.954,20.38
284,2,S2,249.0,27.759,20.38
285,2,S2,252.0,27.653,20.38
286,2,S2,255.0,27.461,20.38
287,2,S2,258.0,27.252,20.38
288,2,S2,261.0,27.146,20.38
289,2,S2,264.0,26.951,20.38
290,2,S2,267.0,26.806,20.38
291,2,S2,270.0,26.637,20.38
292,2,S2,273.0,26.519,20.38
293,2,S2,276.0,26.335,20.38
294,2,S2,279.0,26.175,20.38
295,2,S2,282.0,26.048,20.38
296,2,S2,285.0,25.889,20.38
297,2,S2,288.0,25.746,20.38
298,2,S2,291.0,25.672,20.38
299,2,S2,294.0,25.572,20.38
300,2,S2,297.0,25.353,20.38
301,2,S2,300.0,25.290,20.38
302,2,S2,303.0,25.243,20.38
303,2,S2,306.0,25.002,20.38
304,2,S2,309.0,24.992,20.38
305,2,S2,312.0,24.889,20.38
306,2,S2,315.0,24.748,20.38
307,2,S2,318.0,24.611,20.38
308,2,S2,321.0,24.577,20.38
309,2,S2,324.0,24.496,20.38
310,2,S2,327.0,24.343,20.38
311,2,S2,330.0,24.167,20.38
312,2,S2,333.0,24.152,20.38
313,2,S2,336.0,23.986,20.38
314,2,S2,339.0,23.879,20.38
315,2,S2,342.0,23.851,20.38
316,2,S2,345.0,23.793,20.38
317,2,S2,348.0,23.657,20.38
318,2,S2,351.0,23.614,20.38
319,2,S2,354.0,23.473,20.38
320,2,S2,357.0,23.538,20.38
321,2,S2,360.0,23.418,20.38
322,2,S2,363.0,23.359,20.38
323,2,S2,366.0,23.281,20.38
324,2,S2,369.0,23.231,20.38
325,2,S2,372.0,23.155,20.38
326,2,S2,375.0,23.061,20.38
327,2,S2,378.0,23.025,20.38
328,2,S2,381.0,22.990,20.38
329,2,S2,384.0,22.859,20.38
330,2,S2,387.0,22.883,20.38
331,2,S2,390.0,22.803,20.38
332,2,S2,393.0,22.694,20.38
333,2,S2,396.0,22.615,20.38
334,2,S2,399.0,22.574,20.38
335,2,S2,402.0,22.698,20.38
336,2,S2,405.0,22.492,20.38
337,2,S2,408.0,22.391,20.38
338,2,S2,411.0,22.344,20.38
339,2,S2,414.0,22.411,20.38
340,2,S2,417.0,22.439,20.38
341,2,S2,420.0,22.225,20.38
342,2,S2,423.0,22.249,20.38
343,2,S2,426.0,22.198,20.38
344,2,S2,429.0,22.120,20.38
345,2,S2,432.0,22.142,20.38
346,2,S2,435.0,22.046,20.38
347,2,S2,438.0,22.002,20.38
348,2,S2,441.0,21.934,20.38
349,2,S2,444.0,21.851,20.38
350,2,S2,447.0,21.847,20.38
351,2,S2,450.0,21.894,20.38
352,2,S2,453.0,21.826,20.38
353,2,S2,456.0,21.844,20.38
354,2,S2,459.0,21.777,20.38
355,2,S2,462.0,21.665,20.38
356,2,S2,465.0,21.622,20.38
357,2,S2,468.0,21.617,20.38
358,2,S2,471.0,21.581,20.38
359,2,S2,474.0,21.616,20.38
360,2,S2,477.0,21.540,20.38
361,2,S2,480.0,21.540,20.38
362,2,S2,483.0,21.546,20.38
363,2,S2,486.0,21.552,20.38
364,2,S2,489.0,21.439,20.38
365,2,S2,492.0,21.400,20.38
366,2,S2,495.0,21.432,20.38
367,2,S2,498.0,21.366,20.38
368,2,S2,501.0,21.363,20.38
369,2,S2,504.0,21.339,20.38
370,2,S2,507.0,21.371,20.38
371,2,S2,510.0,21.346,20.38
372,2,S2,513.0,21.287,20.38
373,2,S2,516.0,21.234,20.38
374,2,S2,519.0,21.197,20.38
375,2,S2,522.0,21.222,20.38
376,2,S2,525.0,21.201,20.38
377,2,S2,528.0,21.117,20.38
378,2,S2,531.0,21.241,20.38
379,2,S2,534.0,21.126,20.38
380,2,S2,537.0,21.133,20.38
381,2,S2,540.0,21.093,20.38
382,2,S2,543.0,21.160,20.38
383,2,S2,546.0,21.012,20.38
384,2,S2,549.0,21.071,20.38
385,2,S2,552.0,20.978,20.38
386,2,S2,555.0,21.053,20.38
387,2,S2,558.0,20.982,20.38
388,2,S2,561.0,21.021,20.38
389,2,S2,564.0,21.114,20.38
390,2,S2,567.0,20.954,20.38
391,2,S2,570.0,20.918,20.38
392,2,S2,573.0,20.927,20.38
393,2,S2,576.0,20.857,20.38
394,2,S2,579.0,20.945,20.38
395,2,S2,582.0,20.924,20.38
396,2,S2,585.0,20.908,20.38
397,2,S2,588.0,20.914,20.38
398,2,S2,591.0,20.782,20.38
399,2,S2,594.0,20.764,20.38
400,2,S2,597.0,20.859,20.38
401,3,S3,0.0,91.926,22.43
402,3,S3,3.0,90.641,22.43
403,3,S3,6.0,89.382,22.43
404,3,S3,9.0,88.184,22.43
405,3,S3,12.0,86.856,22.43
406,3,S3,15.0,85.704,22.43
407,3,S3,18.0,84.516,22.43
408,3,S3,21.0,83.379,22.43
409,3,S3,24.0,82.224,22.43
410,3,S3,27.0,81.207,22.43
411,3,S3,30.0,80.059,22.43
412,3,S3,33.0,79.041,22.43
413,3,S3,36.0,78.009,22.43
414,3,S3,39.0,76.946,22.43
415,3,S3,42.0,75.911,22.43
416,3,S3,45.0,74.907,22.43
417,3,S3,48.0,74.007,22.43
418,3,S3,51.0,72.950,22.43
419,3,S3,54.0,72.054,22.43
420,3,S3,57.0,71.163,22.43
421,3,S3,60.0,70.232,22.43
422,3,S3,63.0,69.433,22.43
423,3,S3,66.0,68.607,22.43
424,3,S3,69.0,67.608,22.43
425,3,S3,72.0,66.845,22.43
426,3,S3,75.0,65.972,22.43
427,3,S3,78.0,65.183,22.43
428,3,S3,81.0,64.480,22.43
429,3,S3,84.0,63.613,22.43
430,3,S3,87.0,62.861,22.43
431,3,S3,90.0,62.113,22.43
432,3,S3,93.0,61.333,22.43
433,3,S3,96.0,60.656,22.43
434,3,S3,99.0,60.038,22.43
435,3,S3,102.0,59.256,22.43
436,3,S3,105.0,58.654,22.43
437,3,S3,108.0,57.861,22.43
438,3,S3,111.0,57.249,22.43
439,3,S3,114.0,56.575,22.43
440,3,S3,117.0,55.891,22.43
441,3,S3,120.0,55.386,22.43
442,3,S3,123.0,54.810,22.43
443,3,S3,126.0,54.125,22.43
444,3,S3,129.0,53.621,22.43
445,3,S3,132.0,52.973,22.43
446,3,S3,135.0,52.452,22.43
447,3,S3,138.0,51.918,22.43
448,3,S3,141.0,51.327,22.43
449,3,S3,144.0,50.783,22.43
450,3,S3,147.0,50.289,22.43
451,3,S3,150.0,49.714,22.43
452,3,S3,153.0,49.268,22.43
453,3,S3,156.0,48.671,22.43
454,3,S3,159.0,48.394,22.43
455,3,S3,162.0,47.806,22.43
456,3,S3,165.0,47.356,22.43
457,3,S3,168.0,46.929,22.43
458,3,S3,171.0,46.356,22.43
459,3,S3,174.0,45.984,22.43
460,3,S3,177.0,45.436,22.43
461,3,S3,180.0,45.117,22.43
462,3,S3,183.0,44.780,22.43
463,3,S3,186.0,44.325,22.43
464,3,S3,189.0,43.869,22.43
465,3,S3,192.0,43.591,22.43
466,3,S3,195.0,43.097,22.43
467,3,S3,198.0,42.737,22.43
468,3,S3,201.0,42.288,22.43
469,3,S3,204.0,42.007,22.43
470,3,S3,207.0,41.593,22.43
471,3,S3,210.0,41.241,22.43
472,3,S3,213.0,40.888,22.43
473,3,S3,216.0,40.580,22.43
474,3,S3,219.0,40.187,22.43
475,3,S3,222.0,39.852,22.43
476,3,S3,225.0,39.602,22.43
477,3,S3,228.0,39.262,22.43
478,3,S3,231.0,38.923,22.43
479,3,S3,234.0,38.570,22.43
480,3,S3,237.0,38.361,22.43
481,3,S3,240.0,38.077,22.43
482,3,S3,243.0,37.762,22.43
483,3,S3,246.0,37.542,22.43
484,3,S3,249.0,37.111,22.43
485,3,S3,252.0,36.890,22.43
486,3,S3,255.0,36.554,22.43
487,3,S3,258.0,36.339,22.43
488,3,S3,261.0,36.207,22.43
489,3,S3,264.0,35.835,22.43
490,3,S3,267.0,35.725,22.43
491,3,S3,270.0,35.415,22.43
492,3,S3,273.0,35.088,22.43
493,3,S3,276.0,34.836,22.43
494,3,S3,279.0,34.675,22.43
495,3,S3,282.0,34.481,22.43
496,3,S3,285.0,34.193,22.43
497,3,S3,288.0,34.011,22.43
498,3,S3,291.0,33.825,22.43
499,3,S3,294.0,33.516,22.43
500,3,S3,297.0,33.378,22.43
501,3,S3,300.0,33.131,22.43
502,3,S3,303.0,32.973,22.43
503,3,S3,306.0,32.772,22.43
504,3,S3,309.0,32.637,22.43
505,3,S3,312.0,32.475,22.43
506,3,S3,315.0,32.188,22.43
507,3,S3,318.0,32.038,22.43
508,3,S3,321.0,31.830,22.43
509,3,S3,324.0,31.647,22.43
510,3,S3,327.0,31.445,22.43
511,3,S3,330.0,31.469,22.43
512,3,S3,333.0,31.168,22.43
513,3,S3,336.0,30.922,22.43
514,3,S3,339.0,30.875,22.43
515,3,S3,342.0,30.661,22.43
516,3,S3,345.0,30.600,22.43
517,3,S3,348.0,30.349,22.43
518,3,S3,351.0,30.226,22.43
519,3,S3,354.0,30.088,22.43
520,3,S3,357.0,29.989,22.43
521,3,S3,360.0,29.847,22.43
522,3,S3,363.0,29.685,22.43
523,3,S3,366.0,29.512,22.43
524,3,S3,369.0,29.343,22.43
525,3,S3,372.0,29.352,22.43
526,3,S3,375.0,29.180,22.43
527,3,S3,378.0,29.081,22.43
528,3,S3,381.0,28.939,22.43
529,3,S3,384.0,28.757,22.43
530,3,S3,387.0,28.672,22.43
531,3,S3,390.0,28.641,22.43
532,3,S3,393.0,28.411,22.43
533,3,S3,396.0,28.418,22.43
534,3,S3,399.0,28.254,22.43
535,3,S3,402.0,28.214,22.43
536,3,S3,405.0,28.004,22.43
537,3,S3,408.0,27.885,22.43
538,3,S3,411.0,27.775,22.43
539,3,S3,414.0,27.755,22.43
540,3,S3,417.0,27.703,22.43
541,3,S3,420.0,27.512,22.43
542,3,S3,423.0,27.428,22.43
543,3,S3,426.0,27.303,22.43
544,3,S3,429.0,27.217,22.43
545,3,S3,432.0,27.194,22.43
546,3,S3,435.0,27.142,22.43
547,3,S3,438.0,26.887,22.43
548,3,S3,441.0,26.845,22.43
549,3,S3,444.0,26.842,22.43
550,3,S3,447.0,26.725,22.43
551,3,S3,450.0,26.617,22.43
552,3,S3,453.0,26.654,22.43
553,3,S3,456.0,26.583,22.43
554,3,S3,459.0,26.380,22.43
555,3,S3,462.0,26.380,22.43
556,3,S3,465.0,26.336,22.43
557,3,S3,468.0,26.260,22.43
558,3,S3,471.0,26.131,22.43
559,3,S3,474.0,26.017,22.43
560,3,S3,477.0,26.037,22.43
561,3,S3,480.0,25.950,22.43
562,3,S3,483.0,25.855,22.43
563,3,S3,486.0,25.849,22.43
564,3,S3,489.0,25.727,22.43
565,3,S3,492.0,25.765,22.43
566,3,S3,495.0,25.564,22.43
567,3,S3,498.0,25.597,22.43
568,3,S3,501.0,25.497,22.43
569,3,S3,504.0,25.411,22.43
570,3,S3,507.0,25.441,22.43
571,3,S3,510.0,25.452,22.43
572,3,S3,513.0,25.288,22.43
573,3,S3,516.0,25.247,22.43
574,3,S3,519.0,25.256,22.43
575,3,S3,522.0,25.131,22.43
576,3,S3,525.0,25.037,22.43
577,3,S3,528.0,25.112,22.43
578,3,S3,531.0,24.975,22.43
579,3,S3,534.0,24.963,22.43
580,3,S3,537.0,24.816,22.43
581,3,S3,540.0,24.844,22.43
582,3,S3,543.0,24.782,22.43
583,3,S3,546.0,24.736,22.43
584,3,S3,549.0,24.724,22.43
585,3,S3,552.0,24.655,22.43
586,3,S3,555.0,24.593,22.43
587,3,S3,558.0,24.598,22.43
588,3,S3,561.0,24.545,22.43
589,3,S3,564.0,24.429,22.43
590,3,S3,567.0,24.452,22.43
591,3,S3,570.0,24.499,22.43
592,3,S3,573.0,24.301,22.43
593,3,S3,576.0,24.395,22.43
594,3,S3,579.0,24.274,22.43
595,3,S3,582.0,24.254,22.43
596,3,S3,585.0,24.241,22.43
597,3,S3,588.0,24.239,22.43
598,3,S3,591.0,24.218,22.43
599,3,S3,594.0,24.191,22.43
600,3,S3,597.0,24.149,22.43
601,4,S4,0.0,89.918,20.06
602,4,S4,3.0,88.817,20.06
603,4,S4,6.0,87.643,20.06
604,4,S4,9.0,86.446,20.06
605,4,S4,12.0,85.375,20.06
606,4,S4,15.0,84.244,20.06
607,4,S4,18.0,83.192,20.06
608,4,S4,21.0,82.075,20.06
609,4,S4,24.0,80.972,20.06
610,4,S4,27.0,79.918,20.06
611,4,S4,30.0,78.997,20.06
612,4,S4,33.0,77.976,20.06
613,4,S4,36.0,76.985,20.06
614,4,S4,39.0,75.973,20.06
615,4,S4,42.0,75.073,20.06
616,4,S4,45.0,74.155,20.06
617,4,S4,48.0,73.192,20.06
618,4,S4,51.0,72.326,20.06
619,4,S4,54.0,71.445,20.06
620,4,S4,57.0,70.604,20.06
621,4,S4,60.0,69.728,20.06
622,4,S4,63.0,68.947,20.06
623,4,S4,66.0,67.998,20.06
624,4,S4,69.0,67.315,20.06
625,4,S4,72.0,66.365,20.06
626,4,S4,75.0,65.630,20.06
627,4,S4,78.0,64.914,20.06
628,4,S4,81.0,64.115,20.06
629,4,S4,84.0,63.361,20.06
630,4,S4,87.0,62.616,20.06
631,4,S4,90.0,61.924,20.06
632,4,S4,93.0,61.099,20.06
633,4,S4,96.0,60.543,20.06
634,4,S4,99.0,59.829,20.06
635,4,S4,102.0,59.226,20.06
636,4,S4,105.0,58.480,20.06
637,4,S4,108.0,57.893,20.06
638,4,S4,111.0,57.166,20.06
639,4,S4,114.0,56.596,20.06
640,4,S4,117.0,55.968,20.06
641,4,S4,120.0,55.362,20.06
642,4,S4,123.0,54.786,20.06
643,4,S4,126.0,54.247,20.06
644,4,S4,129.0,53.648,20.06
645,4,S4,132.0,53.051,20.06
646,4,S4,135.0,52.435,20.06
647,4,S4,138.0,51.978,20.06
648,4,S4,141.0,51.363,20.06
649,4,S4,144.0,50.818,20.06
650,4,S4,147.0,50.386,20.06
651,4,S4,150.0,49.760,20.06
652,4,S4,153.0,49.282,20.06
653,4,S4,156.0,48.812,20.06
654,4,S4,159.0,48.325,20.06
655,4,S4,162.0,47.792,20.06
656,4,S4,165.0,47.329,20.06
657,4,S4,168.0,46.913,20.06
658,4,S4,171.0,46.544,20.06
659,4,S4,174.0,46.028,20.06
660,4,S4,177.0,45.571,20.06
661,4,S4,180.0,45.240,20.06
662,4,S4,183.0,44.715,20.06
663,4,S4,186.0,44.268,20.06
664,4,S4,189.0,43.912,20.06
665,4,S4,192.0,43.527,20.06
666,4,S4,195.0,43.116,20.06
667,4,S4,198.0,42.756,20.06
668,4,S4,201.0,42.297,20.06
669,4,S4,204.0,41.834,20.06
670,4,S4,207.0,41.504,20.06
671,4,S4,210.0,41.200,20.06
672,4,S4,213.0,40.799,20.06
673,4,S4,216.0,40.606,20.06
674,4,S4,219.0,40.096,20.06
675,4,S4,222.0,39.810,20.06
676,4,S4,225.0,39.325,20.06
677,4,S4,228.0,39.132,20.06
678,4,S4,231.0,38.882,20.06
679,4,S4,234.0,38.465,20.06
680,4,S4,237.0,38.198,20.06
681,4,S4,240.0,37.941,20.06
682,4,S4,243.0,37.633,20.06
683,4,S4,246.0,37.398,20.06
684,4,S4,249.0,37.054,20.06
685,4,S4,252.0,36.696,20.06
686,4,S4,255.0,36.533,20.06
687,4,S4,258.0,36.158,20.06
688,4,S4,261.0,35.830,20.06
689,4,S4,264.0,35.576,20.06
690,4,S4,267.0,35.438,20.06
691,4,S4,270.0,34.998,20.06
692,4,S4,273.0,34.779,20.06
693,4,S4,276.0,34.568,20.06
694,4,S4,279.0,34.310,20.06
695,4,S4,282.0,34.077,20.06
696,4,S4,285.0,33.821,20.06
697,4,S4,288.0,33.657,20.06
698,4,S4,291.0,33.488,20.06
699,4,S4,294.0,33.148,20.06
700,4,S4,297.0,32.934,20.06
701,4,S4,300.0,32.783,20.06
702,4,S4,303.0,32.529,20.06
703,4,S4,306.0,32.301,20.06
704,4,S4,309.0,32.081,20.06
705,4,S4,312.0,31.957,20.06
706,4,S4,315.0,31.765,20.06
707,4,S4,318.0,31.431,20.06
708,4,S4,321.0,31.376,20.06
709,4,S4,324.0,31.030,20.06
710,4,S4,327.0,31.083,20.06
711,4,S4,330.0,30.767,20.06
712,4,S4,333.0,30.551,20.06
713,4,S4,336.0,30.371,20.06
714,4,S4,339.0,30.132,20.06
715,4,S4,342.0,30.078,20.06
716,4,S4,345.0,29.890,20.06
717,4,S4,348.0,29.711,20.06
718,4,S4,351.0,29.615,20.06
719,4,S4,354.0,29.327,20.06
720,4,S4,357.0,29.271,20.06
721,4,S4,360.0,29.031,20.06
722,4,S4,363.0,28.811,20.06
723,4,S4,366.0,28.763,20.06
724,4,S4,369.0,28.620,20.06
725,4,S4,372.0,28.464,20.06
726,4,S4,375.0,28.347,20.06
727,4,S4,378.0,28.248,20.06
728,4,S4,381.0,28.089,20.06
729,4,S4,384.0,27.951,20.06
730,4,S4,387.0,27.820,20.06
731,4,S4,390.0,27.711,20.06
732,4,S4,393.0,27.507,20.06
733,4,S4,396.0,27.405,20.06
734,4,S4,399.0,27.288,20.06
735,4,S4,402.0,27.159,20.06
736,4,S4,405.0,26.937,20.06
737,4,S4,408.0,26.926,20.06
738,4,S4,411.0,26.771,20.06
739,4,S4,414.0,26.672,20.06
740,4,S4,417.0,26.561,20.06
741,4,S4,420.0,26.478,20.06
742,4,S4,423.0,26.409,20.06
743,4,S4,426.0,26.263,20.06
744,4,S4,429.0,26.134,20.06
745,4,S4,432.0,26.109,20.06
746,4,S4,435.0,26.012,20.06
747,4,S4,438.0,25.894,20.06
748,4,S4,441.0,25.723,20.06
749,4,S4,444.0,25.682,20.06
750,4,S4,447.0,25.553,20.06
751,4,S4,450.0,25.489,20.06
752,4,S4,453.0,25.407,20.06
753,4,S4,456.0,25.252,20.06
754,4,S4,459.0,25.137,20.06
755,4,S4,462.0,25.160,20.06
756,4,S4,465.0,24.945,20.06
757,4,S4,468.0,25.017,20.06
758,4,S4,471.0,24.937,20.06
759,4,S4,474.0,24.713,20.06
760,4,S4,477.0,24.745,20.06
761,4,S4,480.0,24.573,20.06
762,4,S4,483.0,24.568,20.06
763,4,S4,486.0,24.468,20.06
764,4,S4,489.0,24.392,20.06
765,4,S4,492.0,24.356,20.06
766,4,S4,495.0,24.245,20.06
767,4,S4,498.0,24.247,20.06
768,4,S4,501.0,24.095,20.06
769,4,S4,504.0,24.102,20.06
770,4,S4,507.0,24.069,20.06
771,4,S4,510.0,23.934,20.06
772,4,S4,513.0,23.808,20.06
773,4,S4,516.0,23.747,20.06
774,4,S4,519.0,23.756,20.06
775,4,S4,522.0,23.645,20.06
776,4,S4,525.0,23.535,20.06
777,4,S4,528.0,23.486,20.06
778,4,S4,531.0,23.406,20.06
779,4,S4,534.0,23.491,20.06
780,4,S4,537.0,23.369,20.06
781,4,S4,540.0,23.231,20.06
782,4,S4,543.0,23.190,20.06
783,4,S4,546.0,23.254,20.06
784,4,S4,549.0,23.169,20.06
785,4,S4,552.0,23.041,20.06
786,4,S4,555.0,23.047,20.06
787,4,S4,558.0,22.992,20.06
788,4,S4,561.0,22.905,20.06
789,4,S4,564.0,22.793,20.06
790,4,S4,567.0,22.822,20.06
791,4,S4,570.0,22.769,20.06
792,4,S4,573.0,22.706,20.06
793,4,S4,576.0,22.803,20.06
794,4,S4,579.0,22.621,20.06
795,4,S4,582.0,22.602,20.06
796,4,S4,585.0,22.490,20.06
797,4,S4,588.0,22.465,20.06
798,4,S4,591.0,22.347,20.06
799,4,S4,594.0,22.413,20.06
800,4,S4,597.0,22.487,20.06
801,5,S1,0.0,74.520,22.01
802,5,S1,3.0,73.775,22.01
803,5,S1,6.0,72.947,22.01
804,5,S1,9.0,72.187,22.01
805,5,S1,12.0,71.407,22.01
806,5,S1,15.0,70.606,22.01
807,5,S1,18.0,69.858,22.01
808,5,S1,21.0,69.129,22.01
809,5,S1,24.0,68.341,22.01
810,5,S1,27.0,67.710,22.01
811,5,S1,30.0,66.953,22.01
812,5,S1,33.0,66.348,22.01
813,5,S1,36.0,65.612,22.01
814,5,S1,39.0,65.042,22.01
815,5,S1,42.0,64.259,22.01
816,5,S1,45.0,63.575,22.01
817,5,S1,48.0,62.969,22.01
818,5,S1,51.0,62.321,22.01
819,5,S1,54.0,61.779,22.01
820,5,S1,57.0,61.129,22.01
821,5,S1,60.0,60.500,22.01
822,5,S1,63.0,59.971,22.01
823,5,S1,66.0,59.313,22.01
824,5,S1,69.0,58.743,22.01
825,5,S1,72.0,58.173,22.01
826,5,S1,75.0,57.652,22.01
827,5,S1,78.0,57.040,22.01
828,5,S1,81.0,56.609,22.01
829,5,S1,84.0,55.990,22.01
830,5,S1,87.0,55.479,22.01
831,5,S1,90.0,54.966,22.01
832,5,S1,93.0,54.447,22.01
833,5,S1,96.0,54.010,22.01
834,5,S1,99.0,53.478,22.01
835,5,S1,102.0,52.951,22.01
836,5,S1,105.0,52.527,22.01
837,5,S1,108.0,52.011,22.01
838,5,S1,111.0,51.615,22.01
839,5,S1,114.0,51.047,22.01
840,5,S1,117.0,50.674,22.01
841,5,S1,120.0,50.212,22.01
842,5,S1,123.0,49.824,22.01
843,5,S1,126.0,49.361,22.01
844,5,S1,129.0,49.020,22.01
845,5,S1,132.0,48.486,22.01
846,5,S1,135.0,48.083,22.01
847,5,S1,138.0,47.729,22.01
848,5,S1,141.0,47.277,22.01
849,5,S1,144.0,46.975,22.01
850,5,S1,147.0,46.537,22.01
851,5,S1,150.0,46.168,22.01
852,5,S1,153.0,45.853,22.01
853,5,S1,156.0,45.400,22.01
854,5,S1,159.0,45.103,22.01
855,5,S1,162.0,44.761,22.01
856,5,S1,165.0,44.350,22.01
857,5,S1,168.0,44.005,22.01
858,5,S1,171.0,43.588,22.01
859,5,S1,174.0,43.295,22.01
860,5,S1,177.0,43.003,22.01
861,5,S1,180.0,42.747,22.01
862,5,S1,183.0,42.312,22.01
863,5,S1,186.0,42.075,22.01
864,5,S1,189.0,41.705,22.01
865,5,S1,192.0,41.441,22.01
866,5,S1,195.0,41.115,22.01
867,5,S1,198.0,40.892,22.01
868,5,S1,201.0,40.600,22.01
869,5,S1,204.0,40.192,22.01
870,5,S1,207.0,39.973,22.01
871,5,S1,210.0,39.692,22.01
872,5,S1,213.0,39.458,22.01
873,5,S1,216.0,39.186,22.01
874,5,S1,219.0,38.843,22.01
875,5,S1,222.0,38.685,22.01
876,5,S1,225.0,38.412,22.01
877,5,S1,228.0,38.188,22.01
878,5,S1,231.0,37.874,22.01
879,5,S1,234.0,37.625,22.01
880,5,S1,237.0,37.355,22.01
881,5,S1,240.0,37.190,22.01
882,5,S1,243.0,36.990,22.01
883,5,S1,246.0,36.664,22.01
884,5,S1,249.0,36.568,22.01
885,5,S1,252.0,36.262,22.01
886,5,S1,255.0,36.053,22.01
887,5,S1,258.0,35.741,22.01
888,5,S1,261.0,35.635,22.01
889,5,S1,264.0,35.432,22.01
890,5,S1,267.0,35.188,22.01
891,5,S1,270.0,34.974,22.01
892,5,S1,273.0,34.788,22.01
893,5,S1,276.0,34.652,22.01
894,5,S1,279.0,34.391,22.01
895,5,S1,282.0,34.266,22.01
896,5,S1,285.0,34.023,22.01
897,5,S1,288.0,33.903,22.01
898,5,S1,291.0,33.680,22.01
899,5,S1,294.0,33.508,22.01
900,5,S1,297.0,33.349,22.01
901,5,S1,300.0,33.112,22.01
902,5,S1,303.0,32.921,22.01
903,5,S1,306.0,32.877,22.01
904,5,S1,309.0,32.651,22.01
905,5,S1,312.0,32.423,22.01
906,5,S1,315.0,32.266,22.01
907,5,S1,318.0,32.175,22.01
908,5,S1,321.0,31.980,22.01
909,5,S1,324.0,31.876,22.01
910,5,S1,327.0,31.665,22.01
911,5,S1,330.0,31.538,22.01
912,5,S1,333.0,31.338,22.01
913,5,S1,336.0,31.275,22.01
914,5,S1,339.0,31.116,22.01
915,5,S1,342.0,30.992,22.01
916,5,S1,345.0,30.822,22.01
917,5,S1,348.0,30.586,22.01
918,5,S1,351.0,30.462,22.01
919,5,S1,354.0,30.415,22.01
920,5,S1,357.0,30.228,22.01
921,5,S1,360.0,30.154,22.01
922,5,S1,363.0,30.034,22.01
923,5,S1,366.0,29.932,22.01
924,5,S1,369.0,29.780,22.01
925,5,S1,372.0,29.688,22.01
926,5,S1,375.0,29.407,22.01
927,5,S1,378.0,29.477,22.01
928,5,S1,381.0,29.380,22.01
929,5,S1,384.0,29.217,22.01
930,5,S1,387.0,29.094,22.01
931,5,S1,390.0,29.002,22.01
932,5,S1,393.0,28.790,22.01
933,5,S1,396.0,28.682,22.01
934,5,S1,399.0,28.721,22.01
935,5,S1,402.0,28.537,22.01
936,5,S1,405.0,28.466,22.01
937,5,S1,408.0,28.352,22.01
938,5,S1,411.0,28.235,22.01
939,5,S1,414.0,28.153,22.01
940,5,S1,417.0,28.005,22.01
941,5,S1,420.0,28.010,22.01
942,5,S1,423.0,27.907,22.01
943,5,S1,426.0,27.781,22.01
944,5,S1,429.0,27.655,22.01
945,5,S1,432.0,27.611,22.01
946,5,S1,435.0,27.544,22.01
947,5,S1,438.0,27.536,22.01
948,5,S1,441.0,27.297,22.01
949,5,S1,444.0,27.303,22.01
950,5,S1,447.0,27.179,22.01
951,5,S1,450.0,27.168,22.01
952,5,S1,453.0,27.008,22.01
953,5,S1,456.0,26.994,22.01
954,5,S1,459.0,26.803,22.01
955,5,S1,462.0,26.875,22.01
956,5,S1,465.0,26.688,22.01
957,5,S1,468.0,26.722,22.01
958,5,S1,471.0,26.607,22.01
959,5,S1,474.0,26.492,22.01
960,5,S1,477.0,26.525,22.01
961,5,S1,480.0,26.458,22.01
962,5,S1,483.0,26.427,22.01
963,5,S1,486.0,26.266,22.01
964,5,S1,489.0,26.188,22.01
965,5,S1,492.0,26.070,22.01
966,5,S1,495.0,26.039,22.01
967,5,S1,498.0,25.951,22.01
968,5,S1,501.0,25.995,22.01
969,5,S1,504.0,25.837,22.01
970,5,S1,507.0,25.849,22.01
971,5,S1,510.0,25.805,22.01
972,5,S1,513.0,25.724,22.01
973,5,S1,516.0,25.691,22.01
974,5,S1,519.0,25.614,22.01
975,5,S1,522.0,25.529,22.01
976,5,S1,525.0,25.456,22.01
977,5,S1,528.0,25.419,22.01
978,5,S1,531.0,25.365,22.01
979,5,S1,534.0,25.393,22.01
980,5,S1,537.0,25.238,22.01
981,5,S1,540.0,25.255,22.01
982,5,S1,543.0,25.198,22.01
983,5,S1,546.0,25.039,22.01
984,5,S1,549.0,25.115,22.01
985,5,S1,552.0,24.982,22.01
986,5,S1,555.0,25.025,22.01
987,5,S1,558.0,24.905,22.01
988,5,S1,561.0,24.880,22.01
989,5,S1,564.0,24.821,22.01
990,5,S1,567.0,24.740,22.01
991,5,S1,570.0,24.706,22.01
992,5,S1,573.0,24.732,22.01
993,5,S1,576.0,24.600,22.01
994,5,S1,579.0,24.757,22.01
995,5,S1,582.0,24.646,22.01
996,5,S1,585.0,24.405,22.01
997,5,S1,588.0,24.488,22.01
998,5,S1,591.0,24.441,22.01
999,5,S1,594.0,24.360,22.01
1000,5,S1,597.0,24.409,22.01
1001,6,S2,0.0,74.226,22.73
1002,6,S2,3.0,73.135,22.73
1003,6,S2,6.0,71.997,22.73
1004,6,S2,9.0,70.885,22.73
1005,6,S2,12.0,69.665,22.73
1006,6,S2,15.0,68.679,22.73
1007,6,S2,18.0,67.637,22.73
1008,6,S2,21.0,66.575,22.73
1009,6,S2,24.0,65.681,22.73
1010,6,S2,27.0,64.692,22.73
1011,6,S2,30.0,63.730,22.73
1012,6,S2,33.0,62.781,22.73
1013,6,S2,36.0,61.886,22.73
1014,6,S2,39.0,60.994,22.73
1015,6,S2,42.0,60.121,22.73
1016,6,S2,45.0,59.247,22.73
1017,6,S2,48.0,58.434,22.73
1018,6,S2,51.0,57.652,22.73
1019,6,S2,54.0,56.822,22.73
1020,6,S2,57.0,56.062,22.73
1021,6,S2,60.0,55.304,22.73
1022,6,S2,63.0,54.602,22.73
1023,6,S2,66.0,53.826,22.73
1024,6,S2,69.0,53.114,22.73
1025,6,S2,72.0,52.457,22.73
1026,6,S2,75.0,51.779,22.73
1027,6,S2,78.0,51.180,22.73
1028,6,S2,81.0,50.419,22.73
1029,6,S2,84.0,49.821,22.73
1030,6,S2,87.0,49.197,22.73
1031,6,S2,90.0,48.674,22.73
1032,6,S2,93.0,48.105,22.73
1033,6,S2,96.0,47.490,22.73
1034,6,S2,99.0,46.917,22.73
1035,6,S2,102.0,46.329,22.73
1036,6,S2,105.0,45.733,22.73
1037,6,S2,108.0,45.345,22.73
1038,6,S2,111.0,44.733,22.73
1039,6,S2,114.0,44.294,22.73
1040,6,S2,117.0,43.764,22.73
1041,6,S2,120.0,43.319,22.73
1042,6,S2,123.0,42.798,22.73
1043,6,S2,126.0,42.493,22.73
1044,6,S2,129.0,41.945,22.73
1045,6,S2,132.0,41.461,22.73
1046,6,S2,135.0,41.113,22.73
1047,6,S2,138.0,40.727,22.73
1048,6,S2,141.0,40.314,22.73
1049,6,S2,144.0,39.812,22.73
1050,6,S2,147.0,39.502,22.73
1051,6,S2,150.0,39.071,22.73
1052,6,S2,153.0,38.651,22.73
1053,6,S2,156.0,38.364,22.73
1054,6,S2,159.0,37.944,22.73
1055,6,S2,162.0,37.602,22.73
1056,6,S2,165.0,37.363,22.73
1057,6,S2,168.0,37.050,22.73
1058,6,S2,171.0,36.594,22.73
1059,6,S2,174.0,36.361,22.73
1060,6,S2,177.0,35.911,22.73
1061,6,S2,180.0,35.717,22.73
1062,6,S2,183.0,35.489,22.73
1063,6,S2,186.0,35.078,22.73
1064,6,S2,189.0,34.877,22.73
1065,6,S2,192.0,34.612,22.73
1066,6,S2,195.0,34.380,22.73
1067,6,S2,198.0,34.105,22.73
1068,6,S2,201.0,33.825,22.73
1069,6,S2,204.0,33.554,22.73
1070,6,S2,207.0,33.308,22.73
1071,6,S2,210.0,33.086,22.73
1072,6,S2,213.0,32.832,22.73
1073,6,S2,216.0,32.579,22.73
1074,6,S2,219.0,32.331,22.73
1075,6,S2,222.0,32.240,22.73
1076,6,S2,225.0,31.811,22.73
1077,6,S2,228.0,31.742,22.73
1078,6,S2,231.0,31.631,22.73
1079,6,S2,234.0,31.313,22.73
1080,6,S2,237.0,31.181,22.73
1081,6,S2,240.0,30.961,22.73
1082,6,S2,243.0,30.770,22.73
1083,6,S2,246.0,30.547,22.73
1084,6,S2,249.0,30.431,22.73
1085,6,S2,252.0,30.158,22.73
1086,6,S2,255.0,30.061,22.73
1087,6,S2,258.0,29.906,22.73
1088,6,S2,261.0,29.670,22.73
1089,6,S2,264.0,29.568,22.73
1090,6,S2,267.0,29.324,22.73
1091,6,S2,270.0,29.351,22.73
1092,6,S2,273.0,29.081,22.73
1093,6,S2,276.0,28.927,22.73
1094,6,S2,279.0,28.696,22.73
1095,6,S2,282.0,28.665,22.73
1096,6,S2,285.0,28.490,22.73
1097,6,S2,288.0,28.309,22.73
1098,6,S2,291.0,28.314,22.73
1099,6,S2,294.0,28.193,22.73
1100,6,S2,297.0,28.013,22.73
1101,6,S2,300.0,27.851,22.73
1102,6,S2,303.0,27.802,22.73
1103,6,S2,306.0,27.705,22.73
1104,6,S2,309.0,27.528,22.73
1105,6,S2,312.0,27.393,22.73
1106,6,S2,315.0,27.356,22.73
1107,6,S2,318.0,27.260,22.73
1108,6,S2,321.0,27.147,22.73
1109,6,S2,324.0,27.037,22.73
1110,6,S2,327.0,26.848,22.73
1111,6,S2,330.0,26.868,22.73
1112,6,S2,333.0,26.748,22.73
1113,6,S2,336.0,26.708,22.73
1114,6,S2,339.0,26.488,22.73
1115,6,S2,342.0,26.468,22.73
1116,6,S2,345.0,26.447,22.73
1117,6,S2,348.0,26.339,22.73
1118,6,S2,351.0,26.258,22.73
1119,6,S2,354.0,26.075,22.73
1120,6,S2,357.0,26.157,22.73
1121,6,S2,360.0,25.978,22.73
1122,6,S2,363.0,25.877,22.73
1123,6,S2,366.0,25.901,22.73
1124,6,S2,369.0,25.872,22.73
1125,6,S2,372.0,25.807,22.73
1126,6,S2,375.0,25.654,22.73
1127,6,S2,378.0,25.543,22.73
1128,6,S2,381.0,25.525,22.73
1129,6,S2,384.0,25.482,22.73
1130,6,S2,387.0,25.405,22.73
1131,6,S2,390.0,25.301,22.73
1132,6,S2,393.0,25.185,22.73
1133,6,S2,396.0,25.225,22.73
1134,6,S2,399.0,25.077,22.73
1135,6,S2,402.0,25.139,22.73
1136,6,S2,405.0,24.994,22.73
1137,6,S2,408.0,25.069,22.73
1138,6,S2,411.0,24.975,22.73
1139,6,S2,414.0,25.007,22.73
1140,6,S2,417.0,24.876,22.73
1141,6,S2,420.0,24.807,22.73
1142,6,S2,423.0,24.757,22.73
1143,6,S2,426.0,24.611,22.73
1144,6,S2,429.0,24.581,22.73
1145,6,S2,432.0,24.658,22.73
1146,6,S2,435.0,24.558,22.73
1147,6,S2,438.0,24.567,22.73
1148,6,S2,441.0,24.474,22.73
1149,6,S2,444.0,24.556,22.73
1150,6,S2,447.0,24.449,22.73
1151,6,S2,450.0,24.332,22.73
1152,6,S2,453.0,24.320,22.73
1153,6,S2,456.0,24.251,22.73
1154,6,S2,459.0,24.291,22.73
1155,6,S2,462.0,24.220,22.73
1156,6,S2,465.0,24.222,22.73
1157,6,S2,468.0,24.148,22.73
1158,6,S2,471.0,24.133,22.73
1159,6,S2,474.0,24.110,22.73
1160,6,S2,477.0,24.099,22.73
1161,6,S2,480.0,23.930,22.73
1162,6,S2,483.0,24.003,22.73
1163,6,S2,486.0,23.923,22.73
1164,6,S2,489.0,23.913,22.73
1165,6,S2,492.0,23.856,22.73
1166,6,S2,495.0,23.860,22.73
1167,6,S2,498.0,23.917,22.73
1168,6,S2,501.0,23.839,22.73
1169,6,S2,504.0,23.821,22.73
1170,6,S2,507.0,23.849,22.73
1171,6,S2,510.0,23.852,22.73
1172,6,S2,513.0,23.865,22.73
1173,6,S2,516.0,23.747,22.73
1174,6,S2,519.0,23.733,22.73
1175,6,S2,522.0,23.596,22.73
1176,6,S2,525.0,23.703,22.73
1177,6,S2,528.0,23.697,22.73
1178,6,S2,531.0,23.739,22.73
1179,6,S2,534.0,23.598,22.73
1180,6,S2,537.0,23.547,22.73
1181,6,S2,540.0,23.546,22.73
1182,6,S2,543.0,23.551,22.73
1183,6,S2,546.0,23.617,22.73
1184,6,S2,549.0,23.475,22.73
1185,6,S2,552.0,23.463,22.73
1186,6,S2,555.0,23.435,22.73
1187,6,S2,558.0,23.375,22.73
1188,6,S2,561.0,23.468,22.73
1189,6,S2,564.0,23.481,22.73
1190,6,S2,567.0,23.401,22.73
1191,6,S2,570.0,23.350,22.73
1192,6,S2,573.0,23.361,22.73
1193,6,S2,576.0,23.284,22.73
1194,6,S2,579.0,23.343,22.73
1195,6,S2,582.0,23.368,22.73
1196,6,S2,585.0,23.283,22.73
1197,6,S2,588.0,23.285,22.73
1198,6,S2,591.0,23.320,22.73
1199,6,S2,594.0,23.220,22.73
1200,6,S2,597.0,23.273,22.73
1201,7,S3,0.0,94.656,21.50
1202,7,S3,3.0,93.736,21.50
1203,7,S3,6.0,92.747,21.50
1204,7,S3,9.0,91.654,21.50
1205,7,S3,12.0,90.683,21.50
1206,7,S3,15.0,89.630,21.50
1207,7,S3,18.0,88.667,21.50
1208,7,S3,21.0,87.753,21.50
1209,7,S3,24.0,86.853,21.50
1210,7,S3,27.0,85.863,21.50
1211,7,S3,30.0,84.898,21.50
1212,7,S3,33.0,84.157,21.50
1213,7,S3,36.0,83.146,21.50
1214,7,S3,39.0,82.269,21.50
1215,7,S3,42.0,81.443,21.50
1216,7,S3,45.0,80.664,21.50
1217,7,S3,48.0,79.703,21.50
1218,7,S3,51.0,78.909,21.50
1219,7,S3,54.0,78.061,21.50
1220,7,S3,57.0,77.334,21.50
1221,7,S3,60.0,76.507,21.50
1222,7,S3,63.0,75.709,21.50
1223,7,S3,66.0,74.956,21.50
1224,7,S3,69.0,74.251,21.50
1225,7,S3,72.0,73.497,21.50
1226,7,S3,75.0,72.737,21.50
1227,7,S3,78.0,71.945,21.50
1228,7,S3,81.0,71.309,21.50
1229,7,S3,84.0,70.625,21.50
1230,7,S3,87.0,69.937,21.50
1231,7,S3,90.0,69.154,21.50
1232,7,S3,93.0,68.547,21.50
1233,7,S3,96.0,67.742,21.50
1234,7,S3,99.0,67.187,21.50
1235,7,S3,102.0,66.566,21.50
1236,7,S3,105.0,65.891,21.50
1237,7,S3,108.0,65.201,21.50
1238,7,S3,111.0,64.731,21.50
1239,7,S3,114.0,64.048,21.50
1240,7,S3,117.0,63.550,21.50
1241,7,S3,120.0,62.783,21.50
1242,7,S3,123.0,62.234,21.50
1243,7,S3,126.0,61.676,21.50
1244,7,S3,129.0,61.161,21.50
1245,7,S3,132.0,60.484,21.50
1246,7,S3,135.0,59.980,21.50
1247,7,S3,138.0,59.376,21.50
1248,7,S3,141.0,58.941,21.50
1249,7,S3,144.0,58.377,21.50
1250,7,S3,147.0,57.792,21.50
1251,7,S3,150.0,57.314,21.50
1252,7,S3,153.0,56.781,21.50
1253,7,S3,156.0,56.333,21.50
1254,7,S3,159.0,55.782,21.50
1255,7,S3,162.0,55.427,21.50
1256,7,S3,165.0,54.896,21.50
1257,7,S3,168.0,54.391,21.50
1258,7,S3,171.0,53.892,21.50
1259,7,S3,174.0,53.467,21.50
1260,7,S3,177.0,52.967,21.50
1261,7,S3,180.0,52.556,21.50
1262,7,S3,183.0,52.115,21.50
1263,7,S3,186.0,51.814,21.50
1264,7,S3,189.0,51.274,21.50
1265,7,S3,192.0,50.856,21.50
1266,7,S3,195.0,50.470,21.50
1267,7,S3,198.0,50.063,21.50
1268,7,S3,201.0,49.542,21.50
1269,7,S3,204.0,49.276,21.50
1270,7,S3,207.0,48.848,21.50
1271,7,S3,210.0,48.416,21.50
1272,7,S3,213.0,48.108,21.50
1273,7,S3,216.0,47.670,21.50
1274,7,S3,219.0,47.183,21.50
1275,7,S3,222.0,46.943,21.50
1276,7,S3,225.0,46.615,21.50
1277,7,S3,228.0,46.151,21.50
1278,7,S3,231.0,45.876,21.50
1279,7,S3,234.0,45.598,21.50
1280,7,S3,237.0,45.187,21.50
1281,7,S3,240.0,44.856,21.50
1282,7,S3,243.0,44.486,21.50
1283,7,S3,246.0,44.220,21.50
1284,7,S3,249.0,43.859,21.50
1285,7,S3,252.0,43.540,21.50
1286,7,S3,255.0,43.368,21.50
1287,7,S3,258.0,42.926,21.50
1288,7,S3,261.0,42.664,21.50
1289,7,S3,264.0,42.379,21.50
1290,7,S3,267.0,42.045,21.50
1291,7,S3,270.0,41.691,21.50
1292,7,S3,273.0,41.419,21.50
1293,7,S3,276.0,41.155,21.50
1294,7,S3,279.0,40.832,21.50
1295,7,S3,282.0,40.530,21.50
1296,7,S3,285.0,40.400,21.50
1297,7,S3,288.0,40.032,21.50
1298,7,S3,291.0,39.765,21.50
1299,7,S3,294.0,39.582,21.50
1300,7,S3,297.0,39.319,21.50
1301,7,S3,300.0,39.045,21.50
1302,7,S3,303.0,38.731,21.50
1303,7,S3,306.0,38.488,21.50
1304,7,S3,309.0,38.244,21.50
1305,7,S3,312.0,38.052,21.50
1306,7,S3,315.0,37.807,21.50
1307,7,S3,318.0,37.562,21.50
1308,7,S3,321.0,37.332,21.50
1309,7,S3,324.0,37.134,21.50
1310,7,S3,327.0,36.910,21.50
1311,7,S3,330.0,36.732,21.50
1312,7,S3,333.0,36.515,21.50
1313,7,S3,336.0,36.330,21.50
1314,7,S3,339.0,35.971,21.50
1315,7,S3,342.0,35.925,21.50
1316,7,S3,345.0,35.662,21.50
1317,7,S3,348.0,35.467,21.50
1318,7,S3,351.0,35.198,21.50
1319,7,S3,354.0,35.113,21.50
1320,7,S3,357.0,34.773,21.50
1321,7,S3,360.0,34.610,21.50
1322,7,S3,363.0,34.564,21.50
1323,7,S3,366.0,34.332,21.50
1324,7,S3,369.0,34.059,21.50
1325,7,S3,372.0,33.855,21.50
1326,7,S3,375.0,33.661,21.50
1327,7,S3,378.0,33.648,21.50
1328,7,S3,381.0,33.449,21.50
1329,7,S3,384.0,33.145,21.50
1330,7,S3,387.0,33.063,21.50
1331,7,S3,390.0,32.865,21.50
1332,7,S3,393.0,32.761,21.50
1333,7,S3,396.0,32.523,21.50
1334,7,S3,399.0,32.423,21.50
1335,7,S3,402.0,32.276,21.50
1336,7,S3,405.0,32.111,21.50
1337,7,S3,408.0,32.000,21.50
1338,7,S3,411.0,31.870,21.50
1339,7,S3,414.0,31.668,21.50
1340,7,S3,417.0,31.556,21.50
1341,7,S3,420.0,31.442,21.50
1342,7,S3,423.0,31.326,21.50
1343,7,S3,426.0,31.161,21.50
1344,7,S3,429.0,30.972,21.50
1345,7,S3,432.0,30.757,21.50
1346,7,S3,435.0,30.711,21.50
1347,7,S3,438.0,30.590,21.50
1348,7,S3,441.0,30.459,21.50
1349,7,S3,444.0,30.357,21.50
1350,7,S3,447.0,30.181,21.50
1351,7,S3,450.0,30.032,21.50
1352,7,S3,453.0,29.968,21.50
1353,7,S3,456.0,29.852,21.50
1354,7,S3,459.0,29.687,21.50
1355,7,S3,462.0,29.633,21.50
1356,7,S3,465.0,29.463,21.50
1357,7,S3,468.0,29.396,21.50
1358,7,S3,471.0,29.198,21.50
1359,7,S3,474.0,29.231,21.50
1360,7,S3,477.0,29.054,21.50
1361,7,S3,480.0,28.901,21.50
1362,7,S3,483.0,28.843,21.50
1363,7,S3,486.0,28.579,21.50
1364,7,S3,489.0,28.696,21.50
1365,7,S3,492.0,28.503,21.50
1366,7,S3,495.0,28.376,21.50
1367,7,S3,498.0,28.309,21.50
1368,7,S3,501.0,28.215,21.50
1369,7,S3,504.0,28.014,21.50
1370,7,S3,507.0,27.982,21.50
1371,7,S3,510.0,27.959,21.50
1372,7,S3,513.0,27.930,21.50
1373,7,S3,516.0,27.735,21.50
1374,7,S3,519.0,27.722,21.50
1375,7,S3,522.0,27.565,21.50
1376,7,S3,525.0,27.532,21.50
1377,7,S3,528.0,27.458,21.50
1378,7,S3,531.0,27.354,21.50
1379,7,S3,534.0,27.278,21.50
1380,7,S3,537.0,27.124,21.50
1381,7,S3,540.0,27.145,21.50
1382,7,S3,543.0,26.948,21.50
1383,7,S3,546.0,26.884,21.50
1384,7,S3,549.0,26.943,21.50
1385,7,S3,552.0,26.783,21.50
1386,7,S3,555.0,26.758,21.50
1387,7,S3,558.0,26.563,21.50
1388,7,S3,561.0,26.450,21.50
1389,7,S3,564.0,26.495,21.50
1390,7,S3,567.0,26.332,21.50
1391,7,S3,570.0,26.406,21.50
1392,7,S3,573.0,26.335,21.50
1393,7,S3,576.0,26.234,21.50
1394,7,S3,579.0,26.238,21.50
1395,7,S3,582.0,25.991,21.50
1396,7,S3,585.0,26.082,21.50
1397,7,S3,588.0,25.952,21.50
1398,7,S3,591.0,25.850,21.50
1399,7,S3,594.0,25.773,21.50
1400,7,S3,597.0,25.782,21.50
1401,8,S4,0.0,84.211,22.52
1402,8,S4,3.0,83.344,22.52
1403,8,S4,6.0,82.608,22.52
1404,8,S4,9.0,81.847,22.52
1405,8,S4,12.0,81.001,22.52
1406,8,S4,15.0,80.177,22.52
1407,8,S4,18.0,79.427,22.52
1408,8,S4,21.0,78.720,22.52
1409,8,S4,24.0,77.951,22.52
1410,8,S4,27.0,77.372,22.52
1411,8,S4,30.0,76.575,22.52
1412,8,S4,33.0,75.745,22.52
1413,8,S4,36.0,75.201,22.52
1414,8,S4,39.0,74.475,22.52
1415,8,S4,42.0,73.795,22.52
1416,8,S4,45.0,73.133,22.52
1417,8,S4,48.0,72.525,22.52
1418,8,S4,51.0,71.875,22.52
1419,8,S4,54.0,71.275,22.52
1420,8,S4,57.0,70.429,22.52
1421,8,S4,60.0,69.943,22.52
1422,8,S4,63.0,69.280,22.52
1423,8,S4,66.0,68.662,22.52
1424,8,S4,69.0,68.000,22.52
1425,8,S4,72.0,67.398,22.52
1426,8,S4,75.0,66.920,22.52
1427,8,S4,78.0,66.422,22.52
1428,8,S4,81.0,65.867,22.52
1429,8,S4,84.0,65.137,22.52
1430,8,S4,87.0,64.554,22.52
1431,8,S4,90.0,64.137,22.52
1432,8,S4,93.0,63.547,22.52
1433,8,S4,96.0,63.081,22.52
1434,8,S4,99.0,62.474,22.52
1435,8,S4,102.0,61.938,22.52
1436,8,S4,105.0,61.549,22.52
1437,8,S4,108.0,60.871,22.52
1438,8,S4,111.0,60.468,22.52
1439,8,S4,114.0,59.896,22.52
1440,8,S4,117.0,59.536,22.52
1441,8,S4,120.0,59.001,22.52
1442,8,S4,123.0,58.469,22.52
1443,8,S4,126.0,58.034,22.52
1444,8,S4,129.0,57.518,22.52
1445,8,S4,132.0,57.123,22.52
1446,8,S4,135.0,56.569,22.52
1447,8,S4,138.0,56.230,22.52
1448,8,S4,141.0,55.756,22.52
1449,8,S4,144.0,55.283,22.52
1450,8,S4,147.0,54.942,22.52
1451,8,S4,150.0,54.396,22.52
1452,8,S4,153.0,54.065,22.52
1453,8,S4,156.0,53.725,22.52
1454,8,S4,159.0,53.258,22.52
1455,8,S4,162.0,52.855,22.52
1456,8,S4,165.0,52.473,22.52
1457,8,S4,168.0,51.968,22.52
1458,8,S4,171.0,51.648,22.52
1459,8,S4,174.0,51.266,22.52
1460,8,S4,177.0,50.953,22.52
1461,8,S4,180.0,50.489,22.52
1462,8,S4,183.0,50.155,22.52
1463,8,S4,186.0,49.815,22.52
1464,8,S4,189.0,49.494,22.52
1465,8,S4,192.0,49.102,22.52
1466,8,S4,195.0,48.785,22.52
1467,8,S4,198.0,48.431,22.52
1468,8,S4,201.0,48.088,22.52
1469,8,S4,204.0,47.727,22.52
1470,8,S4,207.0,47.495,22.52
1471,8,S4,210.0,47.052,22.52
1472,8,S4,213.0,46.652,22.52
1473,8,S4,216.0,46.456,22.52
1474,8,S4,219.0,46.115,22.52
1475,8,S4,222.0,45.798,22.52
1476,8,S4,225.0,45.501,22.52
1477,8,S4,228.0,45.186,22.52
1478,8,S4,231.0,44.904,22.52
1479,8,S4,234.0,44.659,22.52
1480,8,S4,237.0,44.437,22.52
1481,8,S4,240.0,44.124,22.52
1482,8,S4,243.0,43.750,22.52
1483,8,S4,246.0,43.637,22.52
1484,8,S4,249.0,43.191,22.52
1485,8,S4,252.0,42.901,22.52
1486,8,S4,255.0,42.643,22.52
1487,8,S4,258.0,42.325,22.52
1488,8,S4,261.0,42.210,22.52
1489,8,S4,264.0,41.929,22.52
1490,8,S4,267.0,41.550,22.52
1491,8,S4,270.0,41.389,22.52
1492,8,S4,273.0,41.145,22.52
1493,8,S4,276.0,40.944,22.52
1494,8,S4,279.0,40.596,22.52
1495,8,S4,282.0,40.443,22.52
1496,8,S4,285.0,40.170,22.52
1497,8,S4,288.0,40.044,22.52
1498,8,S4,291.0,39.656,22.52
1499,8,S4,294.0,39.516,22.52
1500,8,S4,297.0,39.291,22.52
1501,8,S4,300.0,39.045,22.52
1502,8,S4,303.0,38.839,22.52
1503,8,S4,306.0,38.607,22.52
1504,8,S4,309.0,38.409,22.52
1505,8,S4,312.0,38.252,22.52
1506,8,S4,315.0,38.001,22.52
1507,8,S4,318.0,37.829,22.52
1508,8,S4,321.0,37.674,22.52
1509,8,S4,324.0,37.568,22.52
1510,8,S4,327.0,37.193,22.52
1511,8,S4,330.0,37.134,22.52
1512,8,S4,333.0,36.858,22.52
1513,8,S4,336.0,36.636,22.52
1514,8,S4,339.0,36.439,22.52
1515,8,S4,342.0,36.275,22.52
1516,8,S4,345.0,36.105,22.52
1517,8,S4,348.0,35.867,22.52
1518,8,S4,351.0,35.731,22.52
1519,8,S4,354.0,35.478,22.52
1520,8,S4,357.0,35.469,22.52
1521,8,S4,360.0,35.240,22.52
1522,8,S4,363.0,35.127,22.52
1523,8,S4,366.0,34.941,22.52
1524,8,S4,369.0,34.708,22.52
1525,8,S4,372.0,34.677,22.52
1526,8,S4,375.0,34.443,22.52
1527,8,S4,378.0,34.258,22.52
1528,8,S4,381.0,34.120,22.52
1529,8,S4,384.0,33.922,22.52
1530,8,S4,387.0,33.876,22.52
1531,8,S4,390.0,33.612,22.52
1532,8,S4,393.0,33.561,22.52
1533,8,S4,396.0,33.314,22.52
1534,8,S4,399.0,33.210,22.52
1535,8,S4,402.0,33.071,22.52
1536,8,S4,405.0,33.103,22.52
1537,8,S4,408.0,32.852,22.52
1538,8,S4,411.0,32.697,22.52
1539,8,S4,414.0,32.587,22.52
1540,8,S4,417.0,32.417,22.52
1541,8,S4,420.0,32.321,22.52
1542,8,S4,423.0,32.114,22.52
1543,8,S4,426.0,32.023,22.52
1544,8,S4,429.0,31.918,22.52
1545,8,S4,432.0,31.788,22.52
1546,8,S4,435.0,31.718,22.52
1547,8,S4,438.0,31.568,22.52
1548,8,S4,441.0,31.373,22.52
1549,8,S4,444.0,31.303,22.52
1550,8,S4,447.0,31.142,22.52
1551,8,S4,450.0,31.104,22.52
1552,8,S4,453.0,30.995,22.52
1553,8,S4,456.0,30.862,22.52
1554,8,S4,459.0,30.708,22.52
1555,8,S4,462.0,30.656,22.52
1556,8,S4,465.0,30.585,22.52
1557,8,S4,468.0,30.435,22.52
1558,8,S4,471.0,30.290,22.52
1559,8,S4,474.0,30.311,22.52
1560,8,S4,477.0,30.110,22.52
1561,8,S4,480.0,30.084,22.52
1562,8,S4,483.0,29.938,22.52
1563,8,S4,486.0,29.886,22.52
1564,8,S4,489.0,29.771,22.52
1565,8,S4,492.0,29.659,22.52
1566,8,S4,495.0,29.606,22.52
1567,8,S4,498.0,29.515,22.52
1568,8,S4,501.0,29.335,22.52
1569,8,S4,504.0,29.089,22.52
1570,8,S4,507.0,29.167,22.52
1571,8,S4,510.0,29.174,22.52
1572,8,S4,513.0,29.005,22.52
1573,8,S4,516.0,28.955,22.52
1574,8,S4,519.0,28.942,22.52
1575,8,S4,522.0,28.816,22.52
1576,8,S4,525.0,28.716,22.52
1577,8,S4,528.0,28.593,22.52
1578,8,S4,531.0,28.517,22.52
1579,8,S4,534.0,28.436,22.52
1580,8,S4,537.0,28.352,22.52
1581,8,S4,540.0,28.337,22.52
1582,8,S4,543.0,28.181,22.52
1583,8,S4,546.0,28.074,22.52
1584,8,S4,549.0,28.106,22.52
1585,8,S4,552.0,27.948,22.52
1586,8,S4,555.0,27.950,22.52
1587,8,S4,558.0,27.931,22.52
1588,8,S4,561.0,27.751,22.52
1589,8,S4,564.0,27.722,22.52
1590,8,S4,567.0,27.659,22.52
1591,8,S4,570.0,27.581,22.52
1592,8,S4,573.0,27.511,22.52
1593,8,S4,576.0,27.519,22.52
1594,8,S4,579.0,27.367,22.52
1595,8,S4,582.0,27.305,22.52
1596,8,S4,585.0,27.287,22.52
1597,8,S4,588.0,27.107,22.52
1598,8,S4,591.0,27.098,22.52
1599,8,S4,594.0,27.096,22.52
1600,8,S4,597.0,27.015,22.52
1601,9,S1,0.0,88.587,21.04
1602,9,S1,3.0,86.972,21.04
1603,9,S1,6.0,85.437,21.04
1604,9,S1,9.0,83.904,21.04
1605,9,S1,12.0,82.280,21.04
1606,9,S1,15.0,80.893,21.04
1607,9,S1,18.0,79.402,21.04
1608,9,S1,21.0,77.988,21.04
1609,9,S1,24.0,76.668,21.04
1610,9,S1,27.0,75.295,21.04
1611,9,S1,30.0,74.005,21.04
1612,9,S1,33.0,72.696,21.04
1613,9,S1,36.0,71.392,21.04
1614,9,S1,39.0,70.237,21.04
1615,9,S1,42.0,69.003,21.04
1616,9,S1,45.0,67.919,21.04
1617,9,S1,48.0,66.697,21.04
1618,9,S1,51.0,65.654,21.04
1619,9,S1,54.0,64.490,21.04
1620,9,S1,57.0,63.438,21.04
1621,9,S1,60.0,62.552,21.04
1622,9,S1,63.0,61.414,21.04
1623,9,S1,66.0,60.489,21.04
1624,9,S1,69.0,59.481,21.04
1625,9,S1,72.0,58.666,21.04
1626,9,S1,75.0,57.670,21.04
1627,9,S1,78.0,56.842,21.04
1628,9,S1,81.0,55.850,21.04
1629,9,S1,84.0,55.059,21.04
1630,9,S1,87.0,54.251,21.04
1631,9,S1,90.0,53.518,21.04
1632,9,S1,93.0,52.691,21.04
1633,9,S1,96.0,51.933,21.04
1634,9,S1,99.0,51.296,21.04
1635,9,S1,102.0,50.406,21.04
1636,9,S1,105.0,49.686,21.04
1637,9,S1,108.0,48.976,21.04
1638,9,S1,111.0,48.391,21.04
1639,9,S1,114.0,47.699,21.04
1640,9,S1,117.0,47.084,21.04
1641,9,S1,120.0,46.448,21.04
1642,9,S1,123.0,45.863,21.04
1643,9,S1,126.0,45.179,21.04
1644,9,S1,129.0,44.575,21.04
1645,9,S1,132.0,43.994,21.04
1646,9,S1,135.0,43.457,21.04
1647,9,S1,138.0,42.954,21.04
1648,9,S1,141.0,42.441,21.04
1649,9,S1,144.0,41.878,21.04
1650,9,S1,147.0,41.363,21.04
1651,9,S1,150.0,40.878,21.04
1652,9,S1,153.0,40.422,21.04
1653,9,S1,156.0,39.968,21.04
1654,9,S1,159.0,39.500,21.04
1655,9,S1,162.0,39.012,21.04
1656,9,S1,165.0,38.534,21.04
1657,9,S1,168.0,38.059,21.04
1658,9,S1,171.0,37.737,21.04
1659,9,S1,174.0,37.265,21.04
1660,9,S1,177.0,36.973,21.04
1661,9,S1,180.0,36.599,21.04
1662,9,S1,183.0,36.173,21.04
1663,9,S1,186.0,35.802,21.04
1664,9,S1,189.0,35.464,21.04
1665,9,S1,192.0,35.181,21.04
1666,9,S1,195.0,34.815,21.04
1667,9,S1,198.0,34.521,21.04
1668,9,S1,201.0,34.161,21.04
1669,9,S1,204.0,33.834,21.04
1670,9,S1,207.0,33.525,21.04
1671,9,S1,210.0,33.189,21.04
1672,9,S1,213.0,32.901,21.04
1673,9,S1,216.0,32.596,21.04
1674,9,S1,219.0,32.372,21.04
1675,9,S1,222.0,32.114,21.04
1676,9,S1,225.0,31.905,21.04
1677,9,S1,228.0,31.568,21.04
1678,9,S1,231.0,31.225,21.04
1679,9,S1,234.0,31.023,21.04
1680,9,S1,237.0,30.710,21.04
1681,9,S1,240.0,30.633,21.04
1682,9,S1,243.0,30.359,21.04
1683,9,S1,246.0,30.085,21.04
1684,9,S1,249.0,29.859,21.04
1685,9,S1,252.0,29.707,21.04
1686,9,S1,255.0,29.494,21.04
1687,9,S1,258.0,29.332,21.04
1688,9,S1,261.0,29.033,21.04
1689,9,S1,264.0,28.807,21.04
1690,9,S1,267.0,28.635,21.04
1691,9,S1,270.0,28.530,21.04
1692,9,S1,273.0,28.294,21.04
1693,9,S1,276.0,28.146,21.04
1694,9,S1,279.0,27.926,21.04
1695,9,S1,282.0,27.635,21.04
1696,9,S1,285.0,27.637,21.04
1697,9,S1,288.0,27.479,21.04
1698,9,S1,291.0,27.340,21.04
1699,9,S1,294.0,27.166,21.04
1700,9,S1,297.0,27.010,21.04
1701,9,S1,300.0,26.857,21.04
1702,9,S1,303.0,26.714,21.04
1703,9,S1,306.0,26.643,21.04
1704,9,S1,309.0,26.526,21.04
1705,9,S1,312.0,26.285,21.04
1706,9,S1,315.0,26.088,21.04
1707,9,S1,318.0,26.102,21.04
1708,9,S1,321.0,25.905,21.04
1709,9,S1,324.0,25.872,21.04
1710,9,S1,327.0,25.666,21.04
1711,9,S1,330.0,25.668,21.04
1712,9,S1,333.0,25.495,21.04
1713,9,S1,336.0,25.338,21.04
1714,9,S1,339.0,25.272,21.04
1715,9,S1,342.0,25.208,21.04
1716,9,S1,345.0,25.072,21.04
1717,9,S1,348.0,24.931,21.04
1718,9,S1,351.0,24.888,21.04
1719,9,S1,354.0,24.833,21.04
1720,9,S1,357.0,24.711,21.04
1721,9,S1,360.0,24.641,21.04
1722,9,S1,363.0,24.487,21.04
1723,9,S1,366.0,24.438,21.04
1724,9,S1,369.0,24.391,21.04
1725,9,S1,372.0,24.244,21.04
1726,9,S1,375.0,24.205,21.04
1727,9,S1,378.0,24.173,21.04
1728,9,S1,381.0,24.083,21.04
1729,9,S1,384.0,24.032,21.04
1730,9,S1,387.0,23.881,21.04
1731,9,S1,390.0,23.869,21.04
1732,9,S1,393.0,23.836,21.04
1733,9,S1,396.0,23.686,21.04
1734,9,S1,399.0,23.593,21.04
1735,9,S1,402.0,23.658,21.04
1736,9,S1,405.0,23.499,21.04
1737,9,S1,408.0,23.484,21.04
1738,9,S1,411.0,23.350,21.04
1739,9,S1,414.0,23.336,21.04
1740,9,S1,417.0,23.244,21.04
1741,9,S1,420.0,23.210,21.04
1742,9,S1,423.0,23.142,21.04
1743,9,S1,426.0,23.147,21.04
1744,9,S1,429.0,23.129,21.04
1745,9,S1,432.0,22.945,21.04
1746,9,S1,435.0,23.018,21.04
1747,9,S1,438.0,22.932,21.04
1748,9,S1,441.0,22.820,21.04
1749,9,S1,444.0,22.900,21.04
1750,9,S1,447.0,22.869,21.04
1751,9,S1,450.0,22.800,21.04
1752,9,S1,453.0,22.782,21.04
1753,9,S1,456.0,22.686,21.04
1754,9,S1,459.0,22.576,21.04
1755,9,S1,462.0,22.575,21.04
1756,9,S1,465.0,22.608,21.04
1757,9,S1,468.0,22.540,21.04
1758,9,S1,471.0,22.390,21.04
1759,9,S1,474.0,22.405,21.04
1760,9,S1,477.0,22.377,21.04
1761,9,S1,480.0,22.385,21.04
1762,9,S1,483.0,22.430,21.04
1763,9,S1,486.0,22.371,21.04
1764,9,S1,489.0,22.287,21.04
1765,9,S1,492.0,22.284,21.04
1766,9,S1,495.0,22.171,21.04
1767,9,S1,498.0,22.279,21.04
1768,9,S1,501.0,22.183,21.04
1769,9,S1,504.0,22.169,21.04
1770,9,S1,507.0,22.068,21.04
1771,9,S1,510.0,22.031,21.04
1772,9,S1,513.0,21.994,21.04
1773,9,S1,516.0,22.075,21.04
1774,9,S1,519.0,21.974,21.04
1775,9,S1,522.0,21.941,21.04
1776,9,S1,525.0,21.982,21.04
1777,9,S1,528.0,21.974,21.04
1778,9,S1,531.0,21.843,21.04
1779,9,S1,534.0,21.907,21.04
1780,9,S1,537.0,21.837,21.04
1781,9,S1,540.0,21.915,21.04
1782,9,S1,543.0,21.845,21.04
1783,9,S1,546.0,21.761,21.04
1784,9,S1,549.0,21.813,21.04
1785,9,S1,552.0,21.724,21.04
1786,9,S1,555.0,21.820,21.04
1787,9,S1,558.0,21.780,21.04
1788,9,S1,561.0,21.686,21.04
1789,9,S1,564.0,21.744,21.04
1790,9,S1,567.0,21.740,21.04
1791,9,S1,570.0,21.635,21.04
1792,9,S1,573.0,21.696,21.04
1793,9,S1,576.0,21.668,21.04
1794,9,S1,579.0,21.632,21.04
1795,9,S1,582.0,21.532,21.04
1796,9,S1,585.0,21.633,21.04
1797,9,S1,588.0,21.571,21.04
1798,9,S1,591.0,21.518,21.04
1799,9,S1,594.0,21.591,21.04
1800,9,S1,597.0,21.572,21.04
1801,10,S2,0.0,84.432,22.50
1802,10,S2,3.0,83.627,22.50
1803,10,S2,6.0,82.672,22.50
1804,10,S2,9.0,81.920,22.50
1805,10,S2,12.0,81.095,22.50
1806,10,S2,15.0,80.347,22.50
1807,10,S2,18.0,79.602,22.50
1808,10,S2,21.0,78.786,22.50
1809,10,S2,24.0,78.135,22.50
1810,10,S2,27.0,77.248,22.50
1811,10,S2,30.0,76.552,22.50
1812,10,S2,33.0,75.834,22.50
1813,10,S2,36.0,75.113,22.50
1814,10,S2,39.0,74.305,22.50
1815,10,S2,42.0,73.599,22.50
1816,10,S2,45.0,72.983,22.50
1817,10,S2,48.0,72.243,22.50
1818,10,S2,51.0,71.543,22.50
1819,10,S2,54.0,70.865,22.50
1820,10,S2,57.0,70.287,22.50
1821,10,S2,60.0,69.675,22.50
1822,10,S2,63.0,69.077,22.50
1823,10,S2,66.0,68.317,22.50
1824,10,S2,69.0,67.655,22.50
1825,10,S2,72.0,67.062,22.50
1826,10,S2,75.0,66.444,22.50
1827,10,S2,78.0,65.931,22.50
1828,10,S2,81.0,65.348,22.50
1829,10,S2,84.0,64.686,22.50
1830,10,S2,87.0,64.163,22.50
1831,10,S2,90.0,63.599,22.50
1832,10,S2,93.0,62.993,22.50
1833,10,S2,96.0,62.464,22.50
1834,10,S2,99.0,61.920,22.50
1835,10,S2,102.0,61.399,22.50
1836,10,S2,105.0,60.897,22.50
1837,10,S2,108.0,60.292,22.50
1838,10,S2,111.0,59.821,22.50
1839,10,S2,114.0,59.299,22.50
1840,10,S2,117.0,58.829,22.50
1841,10,S2,120.0,58.321,22.50
1842,10,S2,123.0,57.875,22.50
1843,10,S2,126.0,57.314,22.50
1844,10,S2,129.0,56.925,22.50
1845,10,S2,132.0,56.412,22.50
1846,10,S2,135.0,56.007,22.50
1847,10,S2,138.0,55.497,22.50
1848,10,S2,141.0,54.971,22.50
1849,10,S2,144.0,54.605,22.50
1850,10,S2,147.0,54.144,22.50
1851,10,S2,150.0,53.695,22.50
1852,10,S2,153.0,53.297,22.50
1853,10,S2,156.0,52.912,22.50
1854,10,S2,159.0,52.561,22.50
1855,10,S2,162.0,52.076,22.50
1856,10,S2,165.0,51.643,22.50
1857,10,S2,168.0,51.327,22.50
1858,10,S2,171.0,50.960,22.50
1859,10,S2,174.0,50.455,22.50
1860,10,S2,177.0,50.196,22.50
1861,10,S2,180.0,49.817,22.50
1862,10,S2,183.0,49.331,22.50
1863,10,S2,186.0,48.994,22.50
1864,10,S2,189.0,48.807,22.50
1865,10,S2,192.0,48.297,22.50
1866,10,S2,195.0,47.939,22.50
1867,10,S2,198.0,47.618,22.50
1868,10,S2,201.0,47.252,22.50
1869,10,S2,204.0,46.954,22.50
1870,10,S2,207.0,46.597,22.50
1871,10,S2,210.0,46.324,22.50
1872,10,S2,213.0,45.887,22.50
1873,10,S2,216.0,45.693,22.50
1874,10,S2,219.0,45.214,22.50
1875,10,S2,222.0,45.016,22.50
1876,10,S2,225.0,44.739,22.50
1877,10,S2,228.0,44.313,22.50
1878,10,S2,231.0,44.090,22.50
1879,10,S2,234.0,43.828,22.50
1880,10,S2,237.0,43.455,22.50
1881,10,S2,240.0,43.170,22.50
1882,10,S2,243.0,42.904,22.50
1883,10,S2,246.0,42.705,22.50
1884,10,S2,249.0,42.417,22.50
1885,10,S2,252.0,42.059,22.50
1886,10,S2,255.0,41.807,22.50
1887,10,S2,258.0,41.560,22.50
1888,10,S2,261.0,41.226,22.50
1889,10,S2,264.0,41.041,22.50
1890,10,S2,267.0,40.855,22.50
1891,10,S2,270.0,40.574,22.50
1892,10,S2,273.0,40.327,22.50
1893,10,S2,276.0,40.025,22.50
1894,10,S2,279.0,39.814,22.50
1895,10,S2,282.0,39.589,22.50
1896,10,S2,285.0,39.351,22.50
1897,10,S2,288.0,39.120,22.50
1898,10,S2,291.0,38.911,22.50
1899,10,S2,294.0,38.697,22.50
1900,10,S2,297.0,38.441,22.50
1901,10,S2,300.0,38.274,22.50
1902,10,S2,303.0,38.088,22.50
1903,10,S2,306.0,37.763,22.50
1904,10,S2,309.0,37.672,22.50
1905,10,S2,312.0,37.409,22.50
1906,10,S2,315.0,37.228,22.50
1907,10,S2,318.0,36.951,22.50
1908,10,S2,321.0,36.811,22.50
1909,10,S2,324.0,36.613,22.50
1910,10,S2,327.0,36.472,22.50
1911,10,S2,330.0,36.217,22.50
1912,10,S2,333.0,36.088,22.50
1913,10,S2,336.0,35.886,22.50
1914,10,S2,339.0,35.764,22.50
1915,10,S2,342.0,35.423,22.50
1916,10,S2,345.0,35.356,22.50
1917,10,S2,348.0,35.129,22.50
1918,10,S2,351.0,34.943,22.50
1919,10,S2,354.0,34.850,22.50
1920,10,S2,357.0,34.708,22.50
1921,10,S2,360.0,34.495,22.50
1922,10,S2,363.0,34.346,22.50
1923,10,S2,366.0,34.141,22.50
1924,10,S2,369.0,34.052,22.50
1925,10,S2,372.0,33.721,22.50
1926,10,S2,375.0,33.731,22.50
1927,10,S2,378.0,33.610,22.50
1928,10,S2,381.0,33.300,22.50
1929,10,S2,384.0,33.257,22.50
1930,10,S2,387.0,33.024,22.50
1931,10,S2,390.0,32.921,22.50
1932,10,S2,393.0,32.889,22.50
1933,10,S2,396.0,32.662,22.50
1934,10,S2,399.0,32.552,22.50
1935,10,S2,402.0,32.297,22.50
1936,10,S2,405.0,32.238,22.50
1937,10,S2,408.0,32.134,22.50
1938,10,S2,411.0,32.030,22.50
1939,10,S2,414.0,31.940,22.50
1940,10,S2,417.0,31.819,22.50
1941,10,S2,420.0,31.671,22.50
1942,10,S2,423.0,31.421,22.50
1943,10,S2,426.0,31.337,22.50
1944,10,S2,429.0,31.169,22.50
1945,10,S2,432.0,31.129,22.50
1946,10,S2,435.0,30.925,22.50
1947,10,S2,438.0,30.767,22.50
1948,10,S2,441.0,30.841,22.50
1949,10,S2,444.0,30.690,22.50
1950,10,S2,447.0,30.540,22.50
1951,10,S2,450.0,30.473,22.50
1952,10,S2,453.0,30.386,22.50
1953,10,S2,456.0,30.276,22.50
1954,10,S2,459.0,30.208,22.50
1955,10,S2,462.0,30.036,22.50
1956,10,S2,465.0,29.964,22.50
1957,10,S2,468.0,29.809,22.50
1958,10,S2,471.0,29.703,22.50
1959,10,S2,474.0,29.584,22.50
1960,10,S2,477.0,29.567,22.50
1961,10,S2,480.0,29.495,22.50
1962,10,S2,483.0,29.334,22.50
1963,10,S2,486.0,29.239,22.50
1964,10,S2,489.0,29.077,22.50
1965,10,S2,492.0,29.058,22.50
1966,10,S2,495.0,28.918,22.50
1967,10,S2,498.0,28.924,22.50
1968,10,S2,501.0,28.767,22.50
1969,10,S2,504.0,28.749,22.50
1970,10,S2,507.0,28.668,22.50
1971,10,S2,510.0,28.583,22.50
1972,10,S2,513.0,28.506,22.50
1973,10,S2,516.0,28.496,22.50
1974,10,S2,519.0,28.369,22.50
1975,10,S2,522.0,28.192,22.50
1976,10,S2,525.0,28.129,22.50
1977,10,S2,528.0,28.085,22.50
1978,10,S2,531.0,27.978,22.50
1979,10,S2,534.0,27.964,22.50
1980,10,S2,537.0,27.761,22.50
1981,10,S2,540.0,27.735,22.50
1982,10,S2,543.0,27.632,22.50
1983,10,S2,546.0,27.662,22.50
1984,10,S2,549.0,27.464,22.50
1985,10,S2,552.0,27.371,22.50
1986,10,S2,555.0,27.486,22.50
1987,10,S2,558.0,27.347,22.50
1988,10,S2,561.0,27.245,22.50
1989,10,S2,564.0,27.143,22.50
1990,10,S2,567.0,27.150,22.50
1991,10,S2,570.0,27.028,22.50
1992,10,S2,573.0,27.039,22.50
1993,10,S2,576.0,26.993,22.50
1994,10,S2,579.0,26.935,22.50
1995,10,S2,582.0,26.941,22.50
1996,10,S2,585.0,26.857,22.50
1997,10,S2,588.0,26.752,22.50
1998,10,S2,591.0,26.662,22.50
1999,10,S2,594.0,26.725,22.50
2000,10,S2,597.0,26.559,22.50
2001,11,S3,0.0,72.834,22.83
2002,11,S3,3.0,72.046,22.83
2003,11,S3,6.0,71.466,22.83
2004,11,S3,9.0,70.749,22.83
2005,11,S3,12.0,70.151,22.83
2006,11,S3,15.0,69.516,22.83
2007,11,S3,18.0,68.760,22.83
2008,11,S3,21.0,68.206,22.83
2009,11,S3,24.0,67.598,22.83
2010,11,S3,27.0,67.020,22.83
2011,11,S3,30.0,66.296,22.83
2012,11,S3,33.0,65.742,22.83
2013,11,S3,36.0,65.094,22.83
2014,11,S3,39.0,64.497,22.83
2015,11,S3,42.0,63.958,22.83
2016,11,S3,45.0,63.406,22.83
2017,11,S3,48.0,62.897,22.83
2018,11,S3,51.0,62.372,22.83
2019,11,S3,54.0,61.784,22.83
2020,11,S3,57.0,61.217,22.83
2021,11,S3,60.0,60.673,22.83
2022,11,S3,63.0,60.247,22.83
2023,11,S3,66.0,59.628,22.83
2024,11,S3,69.0,59.127,22.83
2025,11,S3,72.0,58.594,22.83
2026,11,S3,75.0,58.089,22.83
2027,11,S3,78.0,57.627,22.83
2028,11,S3,81.0,57.214,22.83
2029,11,S3,84.0,56.674,22.83
2030,11,S3,87.0,56.198,22.83
2031,11,S3,90.0,55.808,22.83
2032,11,S3,93.0,55.279,22.83
2033,11,S3,96.0,54.845,22.83
2034,11,S3,99.0,54.380,22.83
2035,11,S3,102.0,53.994,22.83
2036,11,S3,105.0,53.571,22.83
2037,11,S3,108.0,53.148,22.83
2038,11,S3,111.0,52.581,22.83
2039,11,S3,114.0,52.269,22.83
2040,11,S3,117.0,51.847,22.83
2041,11,S3,120.0,51.490,22.83
2042,11,S3,123.0,51.068,22.83
2043,11,S3,126.0,50.672,22.83
2044,11,S3,129.0,50.302,22.83
2045,11,S3,132.0,49.983,22.83
2046,11,S3,135.0,49.577,22.83
2047,11,S3,138.0,49.204,22.83
2048,11,S3,141.0,48.798,22.83
2049,11,S3,144.0,48.495,22.83
2050,11,S3,147.0,48.044,22.83
2051,11,S3,150.0,47.782,22.83
2052,11,S3,153.0,47.375,22.83
2053,11,S3,156.0,47.011,22.83
2054,11,S3,159.0,46.680,22.83
2055,11,S3,162.0,46.385,22.83
2056,11,S3,165.0,46.095,22.83
2057,11,S3,168.0,45.719,22.83
2058,11,S3,171.0,45.375,22.83
2059,11,S3,174.0,45.158,22.83
2060,11,S3,177.0,44.768,22.83
2061,11,S3,180.0,44.507,22.83
2062,11,S3,183.0,44.247,22.83
2063,11,S3,186.0,43.943,22.83
2064,11,S3,189.0,43.574,22.83
2065,11,S3,192.0,43.404,22.83
2066,11,S3,195.0,43.107,22.83
2067,11,S3,198.0,42.705,22.83
2068,11,S3,201.0,42.497,22.83
2069,11,S3,204.0,42.316,22.83
2070,11,S3,207.0,41.902,22.83
2071,11,S3,210.0,41.690,22.83
2072,11,S3,213.0,41.448,22.83
2073,11,S3,216.0,41.161,22.83
2074,11,S3,219.0,40.904,22.83
2075,11,S3,222.0,40.628,22.83
2076,11,S3,225.0,40.413,22.83
2077,11,S3,228.0,40.170,22.83
2078,11,S3,231.0,39.844,22.83
2079,11,S3,234.0,39.593,22.83
2080,11,S3,237.0,39.515,22.83
2081,11,S3,240.0,39.173,22.83
2082,11,S3,243.0,39.018,22.83
2083,11,S3,246.0,38.843,22.83
2084,11,S3,249.0,38.590,22.83
2085,11,S3,252.0,38.397,22.83
2086,11,S3,255.0,38.206,22.83
2087,11,S3,258.0,37.985,22.83
2088,11,S3,261.0,37.706,22.83
2089,11,S3,264.0,37.477,22.83
2090,11,S3,267.0,37.403,22.83
2091,11,S3,270.0,37.131,22.83
2092,11,S3,273.0,36.896,22.83
2093,11,S3,276.0,36.767,22.83
2094,11,S3,279.0,36.489,22.83
2095,11,S3,282.0,36.303,22.83
2096,11,S3,285.0,36.210,22.83
2097,11,S3,288.0,35.962,22.83
2098,11,S3,291.0,35.704,22.83
2099,11,S3,294.0,35.453,22.83
2100,11,S3,297.0,35.424,22.83
2101,11,S3,300.0,35.199,22.83
2102,11,S3,303.0,35.053,22.83
2103,11,S3,306.0,34.960,22.83
2104,11,S3,309.0,34.730,22.83
2105,11,S3,312.0,34.551,22.83
2106,11,S3,315.0,34.397,22.83
2107,11,S3,318.0,34.256,22.83
2108,11,S3,321.0,34.022,22.83
2109,11,S3,324.0,33.867,22.83
2110,11,S3,327.0,33.794,22.83
2111,11,S3,330.0,33.667,22.83
2112,11,S3,333.0,33.472,22.83
2113,11,S3,336.0,33.337,22.83
2114,11,S3,339.0,33.302,22.83
2115,11,S3,342.0,33.099,22.83
2116,11,S3,345.0,32.972,22.83
2117,11,S3,348.0,32.803,22.83
2118,11,S3,351.0,32.595,22.83
2119,11,S3,354.0,32.534,22.83
2120,11,S3,357.0,32.303,22.83
2121,11,S3,360.0,32.316,22.83
2122,11,S3,363.0,32.154,22.83
2123,11,S3,366.0,31.974,22.83
2124,11,S3,369.0,31.881,22.83
2125,11,S3,372.0,31.626,22.83
2126,11,S3,375.0,31.717,22.83
2127,11,S3,378.0,31.609,22.83
2128,11,S3,381.0,31.398,22.83
2129,11,S3,384.0,31.307,22.83
2130,11,S3,387.0,31.109,22.83
2131,11,S3,390.0,30.835,22.83
2132,11,S3,393.0,30.989,22.83
2133,11,S3,396.0,30.722,22.83
2134,11,S3,399.0,30.707,22.83
2135,11,S3,402.0,30.555,22.83
2136,11,S3,405.0,30.473,22.83
2137,11,S3,408.0,30.278,22.83
2138,11,S3,411.0,30.330,22.83
2139,11,S3,414.0,30.158,22.83
2140,11,S3,417.0,30.038,22.83
2141,11,S3,420.0,29.896,22.83
2142,11,S3,423.0,29.928,22.83
2143,11,S3,426.0,29.720,22.83
2144,11,S3,429.0,29.623,22.83
2145,11,S3,432.0,29.646,22.83
2146,11,S3,435.0,29.487,22.83
2147,11,S3,438.0,29.409,22.83
2148,11,S3,441.0,29.124,22.83
2149,11,S3,444.0,29.185,22.83
2150,11,S3,447.0,29.116,22.83
2151,11,S3,450.0,29.080,22.83
2152,11,S3,453.0,28.997,22.83
2153,11,S3,456.0,28.820,22.83
2154,11,S3,459.0,28.668,22.83
2155,11,S3,462.0,28.742,22.83
2156,11,S3,465.0,28.564,22.83
2157,11,S3,468.0,28.540,22.83
2158,11,S3,471.0,28.448,22.83
2159,11,S3,474.0,28.321,22.83
2160,11,S3,477.0,28.447,22.83
2161,11,S3,480.0,28.118,22.83
2162,11,S3,483.0,28.197,22.83
2163,11,S3,486.0,28.041,22.83
2164,11,S3,489.0,28.037,22.83
2165,11,S3,492.0,27.924,22.83
2166,11,S3,495.0,27.887,22.83
2167,11,S3,498.0,27.846,22.83
2168,11,S3,501.0,27.688,22.83
2169,11,S3,504.0,27.647,22.83
2170,11,S3,507.0,27.582,22.83
2171,11,S3,510.0,27.393,22.83
2172,11,S3,513.0,27.514,22.83
2173,11,S3,516.0,27.369,22.83
2174,11,S3,519.0,27.385,22.83
2175,11,S3,522.0,27.285,22.83
2176,11,S3,525.0,27.211,22.83
2177,11,S3,528.0,27.168,22.83
2178,11,S3,531.0,27.122,22.83
2179,11,S3,534.0,26.971,22.83
2180,11,S3,537.0,26.981,22.83
2181,11,S3,540.0,26.942,22.83
2182,11,S3,543.0,26.853,22.83
2183,11,S3,546.0,26.813,22.83
2184,11,S3,549.0,26.726,22.83
2185,11,S3,552.0,26.644,22.83
2186,11,S3,555.0,26.578,22.83
2187,11,S3,558.0,26.551,22.83
2188,11,S3,561.0,26.481,22.83
2189,11,S3,564.0,26.439,22.83
2190,11,S3,567.0,26.375,22.83
2191,11,S3,570.0,26.376,22.83
2192,11,S3,573.0,26.384,22.83
2193,11,S3,576.0,26.315,22.83
2194,11,S3,579.0,26.230,22.83
2195,11,S3,582.0,26.192,22.83
2196,11,S3,585.0,26.127,22.83
2197,11,S3,588.0,26.145,22.83
2198,11,S3,591.0,25.965,22.83
2199,11,S3,594.0,26.005,22.83
2200,11,S3,597.0,25.979,22.83
2201,12,S4,0.0,93.539,21.28
2202,12,S4,3.0,92.425,21.28
2203,12,S4,6.0,91.509,21.28
2204,12,S4,9.0,90.554,21.28
2205,12,S4,12.0,89.422,21.28
2206,12,S4,15.0,88.510,21.28
2207,12,S4,18.0,87.603,21.28
2208,12,S4,21.0,86.601,21.28
2209,12,S4,24.0,85.653,21.28
2210,12,S4,27.0,84.795,21.28
2211,12,S4,30.0,83.733,21.28
2212,12,S4,33.0,82.986,21.28
2213,12,S4,36.0,82.019,21.28
2214,12,S4,39.0,81.222,21.28
2215,12,S4,42.0,80.387,21.28
2216,12,S4,45.0,79.476,21.28
2217,12,S4,48.0,78.617,21.28
2218,12,S4,51.0,77.883,21.28
2219,12,S4,54.0,77.084,21.28
2220,12,S4,57.0,76.303,21.28
2221,12,S4,60.0,75.483,21.28
2222,12,S4,63.0,74.630,21.28
2223,12,S4,66.0,73.883,21.28
2224,12,S4,69.0,73.212,21.28
2225,12,S4,72.0,72.466,21.28
2226,12,S4,75.0,71.616,21.28
2227,12,S4,78.0,70.993,21.28
2228,12,S4,81.0,70.333,21.28
2229,12,S4,84.0,69.501,21.28
2230,12,S4,87.0,68.836,21.28
2231,12,S4,90.0,68.234,21.28
2232,12,S4,93.0,67.475,21.28
2233,12,S4,96.0,66.928,21.28
2234,12,S4,99.0,66.191,21.28
2235,12,S4,102.0,65.538,21.28
2236,12,S4,105.0,64.901,21.28
2237,12,S4,108.0,64.271,21.28
2238,12,S4,111.0,63.629,21.28
2239,12,S4,114.0,63.030,21.28
2240,12,S4,117.0,62.443,21.28
2241,12,S4,120.0,61.926,21.28
2242,12,S4,123.0,61.281,21.28
2243,12,S4,126.0,60.701,21.28
2244,12,S4,129.0,60.162,21.28
2245,12,S4,132.0,59.568,21.28
2246,12,S4,135.0,59.059,21.28
2247,12,S4,138.0,58.494,21.28
2248,12,S4,141.0,57.932,21.28
2249,12,S4,144.0,57.477,21.28
2250,12,S4,147.0,56.895,21.28
2251,12,S4,150.0,56.410,21.28
2252,12,S4,153.0,55.971,21.28
2253,12,S4,156.0,55.325,21.28
2254,12,S4,159.0,54.941,21.28
2255,12,S4,162.0,54.439,21.28
2256,12,S4,165.0,53.993,21.28
2257,12,S4,168.0,53.589,21.28
2258,12,S4,171.0,53.070,21.28
2259,12,S4,174.0,52.623,21.28
2260,12,S4,177.0,52.088,21.28
2261,12,S4,180.0,51.706,21.28
2262,12,S4,183.0,51.285,21.28
2263,12,S4,186.0,50.833,21.28
2264,12,S4,189.0,50.411,21.28
2265,12,S4,192.0,49.977,21.28
2266,12,S4,195.0,49.596,21.28
2267,12,S4,198.0,49.162,21.28
2268,12,S4,201.0,48.830,21.28
2269,12,S4,204.0,48.459,21.28
2270,12,S4,207.0,48.011,21.28
2271,12,S4,210.0,47.657,21.28
2272,12,S4,213.0,47.263,21.28
2273,12,S4,216.0,46.828,21.28
2274,12,S4,219.0,46.542,21.28
2275,12,S4,222.0,46.257,21.28
2276,12,S4,225.0,45.785,21.28
2277,12,S4,228.0,45.422,21.28
2278,12,S4,231.0,45.064,21.28
2279,12,S4,234.0,44.785,21.28
2280,12,S4,237.0,44.363,21.28
2281,12,S4,240.0,44.103,21.28
2282,12,S4,243.0,43.747,21.28
2283,12,S4,246.0,43.377,21.28
2284,12,S4,249.0,43.024,21.28
2285,12,S4,252.0,42.797,21.28
2286,12,S4,255.0,42.531,21.28
2287,12,S4,258.0,42.175,21.28
2288,12,S4,261.0,41.964,21.28
2289,12,S4,264.0,41.616,21.28
2290,12,S4,267.0,41.207,21.28
2291,12,S4,270.0,40.997,21.28
2292,12,S4,273.0,40.767,21.28
2293,12,S4,276.0,40.478,21.28
2294,12,S4,279.0,40.164,21.28
2295,12,S4,282.0,39.986,21.28
2296,12,S4,285.0,39.598,21.28
2297,12,S4,288.0,39.425,21.28
2298,12,S4,291.0,39.128,21.28
2299,12,S4,294.0,38.863,21.28
2300,12,S4,297.0,38.620,21.28
2301,12,S4,300.0,38.480,21.28
2302,12,S4,303.0,38.189,21.28
2303,12,S4,306.0,37.891,21.28
2304,12,S4,309.0,37.620,21.28
2305,12,S4,312.0,37.557,21.28
2306,12,S4,315.0,37.226,21.28
2307,12,S4,318.0,37.013,21.28
2308,12,S4,321.0,36.747,21.28
2309,12,S4,324.0,36.469,21.28
2310,12,S4,327.0,36.308,21.28
2311,12,S4,330.0,36.058,21.28
2312,12,S4,333.0,35.905,21.28
2313,12,S4,336.0,35.625,21.28
2314,12,S4,339.0,35.464,21.28
2315,12,S4,342.0,35.372,21.28
2316,12,S4,345.0,35.032,21.28
2317,12,S4,348.0,34.828,21.28
2318,12,S4,351.0,34.605,21.28
2319,12,S4,354.0,34.487,21.28
2320,12,S4,357.0,34.185,21.28
2321,12,S4,360.0,34.184,21.28
2322,12,S4,363.0,33.918,21.28
2323,12,S4,366.0,33.714,21.28
2324,12,S4,369.0,33.612,21.28
2325,12,S4,372.0,33.420,21.28
2326,12,S4,375.0,33.265,21.28
2327,12,S4,378.0,32.977,21.28
2328,12,S4,381.0,32.892,21.28
2329,12,S4,384.0,32.709,21.28
2330,12,S4,387.0,32.601,21.28
2331,12,S4,390.0,32.370,21.28
2332,12,S4,393.0,32.301,21.28
2333,12,S4,396.0,32.053,21.28
2334,12,S4,399.0,31.959,21.28
2335,12,S4,402.0,31.780,21.28
2336,12,S4,405.0,31.647,21.28
2337,12,S4,408.0,31.527,21.28
2338,12,S4,411.0,31.318,21.28
2339,12,S4,414.0,31.128,21.28
2340,12,S4,417.0,31.092,21.28
2341,12,S4,420.0,30.922,21.28
2342,12,S4,423.0,30.797,21.28
2343,12,S4,426.0,30.651,21.28
2344,12,S4,429.0,30.507,21.28
2345,12,S4,432.0,30.308,21.28
2346,12,S4,435.0,30.207,21.28
2347,12,S4,438.0,30.087,21.28
2348,12,S4,441.0,29.957,21.28
2349,12,S4,444.0,29.806,21.28
2350,12,S4,447.0,29.756,21.28
2351,12,S4,450.0,29.577,21.28
2352,12,S4,453.0,29.459,21.28
2353,12,S4,456.0,29.414,21.28
2354,12,S4,459.0,29.236,21.28
2355,12,S4,462.0,29.143,21.28
2356,12,S4,465.0,29.029,21.28
2357,12,S4,468.0,28.920,21.28
2358,12,S4,471.0,28.921,21.28
2359,12,S4,474.0,28.668,21.28
2360,12,S4,477.0,28.581,21.28
2361,12,S4,480.0,28.424,21.28
2362,12,S4,483.0,28.443,21.28
2363,12,S4,486.0,28.340,21.28
2364,12,S4,489.0,28.161,21.28
2365,12,S4,492.0,28.056,21.28
2366,12,S4,495.0,27.925,21.28
2367,12,S4,498.0,27.870,21.28
2368,12,S4,501.0,27.762,21.28
2369,12,S4,504.0,27.814,21.28
2370,12,S4,507.0,27.566,21.28
2371,12,S4,510.0,27.520,21.28
2372,12,S4,513.0,27.383,21.28
2373,12,S4,516.0,27.330,21.28
2374,12,S4,519.0,27.232,21.28
2375,12,S4,522.0,27.122,21.28
2376,12,S4,525.0,27.091,21.28
2377,12,S4,528.0,26.976,21.28
2378,12,S4,531.0,26.987,21.28
2379,12,S4,534.0,26.903,21.28
2380,12,S4,537.0,26.739,21.28
2381,12,S4,540.0,26.690,21.28
2382,12,S4,543.0,26.613,21.28
2383,12,S4,546.0,26.447,21.28
2384,12,S4,549.0,26.488,21.28
2385,12,S4,552.0,26.357,21.28
2386,12,S4,555.0,26.330,21.28
2387,12,S4,558.0,26.283,21.28
2388,12,S4,561.0,26.113,21.28
2389,12,S4,564.0,26.062,21.28
2390,12,S4,567.0,26.067,21.28
2391,12,S4,570.0,25.879,21.28
2392,12,S4,573.0,25.881,21.28
2393,12,S4,576.0,25.876,21.28
2394,12,S4,579.0,25.730,21.28
2395,12,S4,582.0,25.651,21.28
2396,12,S4,585.0,25.623,21.28
2397,12,S4,588.0,25.533,21.28
2398,12,S4,591.0,25.485,21.28
2399,12,S4,594.0,25.402,21.28
2400,12,S4,597.0,25.382,21.28
2401,13,S1,0.0,75.545,21.09
2402,13,S1,3.0,74.252,21.09
2403,13,S1,6.0,73.037,21.09
2404,13,S1,9.0,71.888,21.09
2405,13,S1,12.0,70.614,21.09
2406,13,S1,15.0,69.530,21.09
2407,13,S1,18.0,68.353,21.09
2408,13,S1,21.0,67.316,21.09
2409,13,S1,24.0,66.215,21.09
2410,13,S1,27.0,65.174,21.09
2411,13,S1,30.0,64.199,21.09
2412,13,S1,33.0,63.127,21.09
2413,13,S1,36.0,62.142,21.09
2414,13,S1,39.0,61.217,21.09
2415,13,S1,42.0,60.324,21.09
2416,13,S1,45.0,59.334,21.09
2417,13,S1,48.0,58.542,21.09
2418,13,S1,51.0,57.607,21.09
2419,13,S1,54.0,56.766,21.09
2420,13,S1,57.0,56.036,21.09
2421,13,S1,60.0,55.051,21.09
2422,13,S1,63.0,54.470,21.09
2423,13,S1,66.0,53.667,21.09
2424,13,S1,69.0,52.801,21.09
2425,13,S1,72.0,52.138,21.09
2426,13,S1,75.0,51.453,21.09
2427,13,S1,78.0,50.639,21.09
2428,13,S1,81.0,50.094,21.09
2429,13,S1,84.0,49.350,21.09
2430,13,S1,87.0,48.625,21.09
2431,13,S1,90.0,48.000,21.09
2432,13,S1,93.0,47.436,21.09
2433,13,S1,96.0,46.814,21.09
2434,13,S1,99.0,46.141,21.09
2435,13,S1,102.0,45.569,21.09
2436,13,S1,105.0,45.051,21.09
2437,13,S1,108.0,44.485,21.09
2438,13,S1,111.0,43.976,21.09
2439,13,S1,114.0,43.331,21.09
2440,13,S1,117.0,42.930,21.09
2441,13,S1,120.0,42.400,21.09
2442,13,S1,123.0,41.853,21.09
2443,13,S1,126.0,41.408,21.09
2444,13,S1,129.0,41.041,21.09
2445,13,S1,132.0,40.466,21.09
2446,13,S1,135.0,40.052,21.09
2447,13,S1,138.0,39.624,21.09
2448,13,S1,141.0,39.270,21.09
2449,13,S1,144.0,38.775,21.09
2450,13,S1,147.0,38.320,21.09
2451,13,S1,150.0,37.895,21.09
2452,13,S1,153.0,37.445,21.09
2453,13,S1,156.0,37.202,21.09
2454,13,S1,159.0,36.749,21.09
2455,13,S1,162.0,36.478,21.09
2456,13,S1,165.0,36.074,21.09
2457,13,S1,168.0,35.754,21.09
2458,13,S1,171.0,35.403,21.09
2459,13,S1,174.0,35.011,21.09
2460,13,S1,177.0,34.720,21.09
2461,13,S1,180.0,34.373,21.09
2462,13,S1,183.0,34.115,21.09
2463,13,S1,186.0,33.791,21.09
2464,13,S1,189.0,33.424,21.09
2465,13,S1,192.0,33.269,21.09
2466,13,S1,195.0,32.872,21.09
2467,13,S1,198.0,32.691,21.09
2468,13,S1,201.0,32.301,21.09
2469,13,S1,204.0,32.091,21.09
2470,13,S1,207.0,31.840,21.09
2471,13,S1,210.0,31.620,21.09
2472,13,S1,213.0,31.449,21.09
2473,13,S1,216.0,31.155,21.09
2474,13,S1,219.0,30.778,21.09
2475,13,S1,222.0,30.609,21.09
2476,13,S1,225.0,30.429,21.09
2477,13,S1,228.0,30.184,21.09
2478,13,S1,231.0,30.027,21.09
2479,13,S1,234.0,29.768,21.09
2480,13,S1,237.0,29.625,21.09
2481,13,S1,240.0,29.472,21.09
2482,13,S1,243.0,29.244,21.09
2483,13,S1,246.0,29.103,21.09
2484,13,S1,249.0,28.827,21.09
2485,13,S1,252.0,28.722,21.09
2486,13,S1,255.0,28.569,21.09
2487,13,S1,258.0,28.257,21.09
2488,13,S1,261.0,28.117,21.09
2489,13,S1,264.0,27.923,21.09
2490,13,S1,267.0,27.757,21.09
2491,13,S1,270.0,27.667,21.09
2492,13,S1,273.0,27.530,21.09
2493,13,S1,276.0,27.339,21.09
2494,13,S1,279.0,27.257,21.09
2495,13,S1,282.0,27.092,21.09
2496,13,S1,285.0,26.999,21.09
2497,13,S1,288.0,26.795,21.09
2498,13,S1,291.0,26.678,21.09
2499,13,S1,294.0,26.586,21.09
2500,13,S1,297.0,26.436,21.09
2501,13,S1,300.0,26.262,21.09
2502,13,S1,303.0,26.128,21.09
2503,13,S1,306.0,25.956,21.09
2504,13,S1,309.0,25.947,21.09
2505,13,S1,312.0,25.883,21.09
2506,13,S1,315.0,25.715,21.09
2507,13,S1,318.0,25.601,21.09
2508,13,S1,321.0,25.520,21.09
2509,13,S1,324.0,25.371,21.09
2510,13,S1,327.0,25.354,21.09
2511,13,S1,330.0,25.240,21.09
2512,13,S1,333.0,25.116,21.09
2513,13,S1,336.0,24.969,21.09
2514,13,S1,339.0,24.909,21.09
2515,13,S1,342.0,24.894,21.09
2516,13,S1,345.0,24.797,21.09
2517,13,S1,348.0,24.689,21.09
2518,13,S1,351.0,24.553,21.09
2519,13,S1,354.0,24.478,21.09
2520,13,S1,357.0,24.405,21.09
2521,13,S1,360.0,24.362,21.09
2522,13,S1,363.0,24.248,21.09
2523,13,S1,366.0,24.226,21.09
2524,13,S1,369.0,24.135,21.09
2525,13,S1,372.0,24.086,21.09
2526,13,S1,375.0,24.001,21.09
2527,13,S1,378.0,23.908,21.09
2528,13,S1,381.0,23.885,21.09
2529,13,S1,384.0,23.776,21.09
2530,13,S1,387.0,23.788,21.09
2531,13,S1,390.0,23.644,21.09
2532,13,S1,393.0,23.676,21.09
2533,13,S1,396.0,23.535,21.09
2534,13,S1,399.0,23.527,21.09
2535,13,S1,402.0,23.349,21.09
2536,13,S1,405.0,23.357,21.09
2537,13,S1,408.0,23.299,21.09
2538,13,S1,411.0,23.271,21.09
2539,13,S1,414.0,23.278,21.09
2540,13,S1,417.0,23.126,21.09
2541,13,S1,420.0,23.113,21.09
2542,13,S1,423.0,23.002,21.09
2543,13,S1,426.0,23.074,21.09
2544,13,S1,429.0,22.953,21.09
2545,13,S1,432.0,22.937,21.09
2546,13,S1,435.0,22.929,21.09
2547,13,S1,438.0,22.798,21.09
2548,13,S1,441.0,22.800,21.09
2549,13,S1,444.0,22.737,21.09
2550,13,S1,447.0,22.695,21.09
2551,13,S1,450.0,22.718,21.09
2552,13,S1,453.0,22.694,21.09
2553,13,S1,456.0,22.547,21.09
2554,13,S1,459.0,22.566,21.09
2555,13,S1,462.0,22.623,21.09
2556,13,S1,465.0,22.564,21.09
2557,13,S1,468.0,22.533,21.09
2558,13,S1,471.0,22.393,21.09
2559,13,S1,474.0,22.419,21.09
2560,13,S1,477.0,22.348,21.09
2561,13,S1,480.0,22.325,21.09
2562,13,S1,483.0,22.422,21.09
2563,13,S1,486.0,22.288,21.09
2564,13,S1,489.0,22.354,21.09
2565,13,S1,492.0,22.310,21.09
2566,13,S1,495.0,22.235,21.09
2567,13,S1,498.0,22.212,21.09
2568,13,S1,501.0,22.127,21.09
2569,13,S1,504.0,22.184,21.09
2570,13,S1,507.0,22.119,21.09
2571,13,S1,510.0,22.021,21.09
2572,13,S1,513.0,22.049,21.09
2573,13,S1,516.0,22.068,21.09
2574,13,S1,519.0,22.036,21.09
2575,13,S1,522.0,22.005,21.09
2576,13,S1,525.0,21.977,21.09
2577,13,S1,528.0,21.919,21.09
2578,13,S1,531.0,21.955,21.09
2579,13,S1,534.0,21.851,21.09
2580,13,S1,537.0,21.858,21.09
2581,13,S1,540.0,21.856,21.09
2582,13,S1,543.0,21.873,21.09
2583,13,S1,546.0,21.920,21.09
2584,13,S1,549.0,21.668,21.09
2585,13,S1,552.0,21.821,21.09
2586,13,S1,555.0,21.785,21.09
2587,13,S1,558.0,21.748,21.09
2588,13,S1,561.0,21.736,21.09
2589,13,S1,564.0,21.784,21.09
2590,13,S1,567.0,21.788,21.09
2591,13,S1,570.0,21.623,21.09
2592,13,S1,573.0,21.756,21.09
2593,13,S1,576.0,21.678,21.09
2594,13,S1,579.0,21.763,21.09
2595,13,S1,582.0,21.636,21.09
2596,13,S1,585.0,21.613,21.09
2597,13,S1,588.0,21.660,21.09
2598,13,S1,591.0,21.762,21.09
2599,13,S1,594.0,21.553,21.09
2600,13,S1,597.0,21.555,21.09
2601,14,S2,0.0,83.132,21.84
2602,14,S2,3.0,81.334,21.84
2603,14,S2,6.0,79.505,21.84
2604,14,S2,9.0,77.721,21.84
2605,14,S2,12.0,76.128,21.84
2606,14,S2,15.0,74.475,21.84
2607,14,S2,18.0,72.891,21.84
2608,14,S2,21.0,71.266,21.84
2609,14,S2,24.0,69.715,21.84
2610,14,S2,27.0,68.305,21.84
2611,14,S2,30.0,66.984,21.84
2612,14,S2,33.0,65.466,21.84
2613,14,S2,36.0,64.276,21.84
2614,14,S2,39.0,62.923,21.84
2615,14,S2,42.0,61.710,21.84
2616,14,S2,45.0,60.466,21.84
2617,14,S2,48.0,59.285,21.84
2618,14,S2,51.0,58.309,21.84
2619,14,S2,54.0,57.097,21.84
2620,14,S2,57.0,56.034,21.84
2621,14,S2,60.0,55.033,21.84
2622,14,S2,63.0,54.031,21.84
2623,14,S2,66.0,53.040,21.84
2624,14,S2,69.0,52.010,21.84
2625,14,S2,72.0,51.156,21.84
2626,14,S2,75.0,50.292,21.84
2627,14,S2,78.0,49.445,21.84
2628,14,S2,81.0,48.568,21.84
2629,14,S2,84.0,47.797,21.84
2630,14,S2,87.0,46.934,21.84
2631,14,S2,90.0,46.303,21.84
2632,14,S2,93.0,45.538,21.84
2633,14,S2,96.0,44.800,21.84
2634,14,S2,99.0,44.139,21.84
2635,14,S2,102.0,43.446,21.84
2636,14,S2,105.0,42.753,21.84
2637,14,S2,108.0,42.205,21.84
2638,14,S2,111.0,41.508,21.84
2639,14,S2,114.0,40.962,21.84
2640,14,S2,117.0,40.348,21.84
2641,14,S2,120.0,39.833,21.84
2642,14,S2,123.0,39.279,21.84
2643,14,S2,126.0,38.803,21.84
2644,14,S2,129.0,38.172,21.84
2645,14,S2,132.0,37.720,21.84
2646,14,S2,135.0,37.179,21.84
2647,14,S2,138.0,36.808,21.84
2648,14,S2,141.0,36.335,21.84
2649,14,S2,144.0,35.833,21.84
2650,14,S2,147.0,35.471,21.84
2651,14,S2,150.0,35.008,21.84
2652,14,S2,153.0,34.704,21.84
2653,14,S2,156.0,34.345,21.84
2654,14,S2,159.0,33.831,21.84
2655,14,S2,162.0,33.556,21.84
2656,14,S2,165.0,33.174,21.84
2657,14,S2,168.0,32.774,21.84
2658,14,S2,171.0,32.518,21.84
2659,14,S2,174.0,32.179,21.84
2660,14,S2,177.0,31.820,21.84
2661,14,S2,180.0,31.492,21.84
2662,14,S2,183.0,31.245,21.84
2663,14,S2,186.0,30.968,21.84
2664,14,S2,189.0,30.669,21.84
2665,14,S2,192.0,30.485,21.84
2666,14,S2,195.0,30.131,21.84
2667,14,S2,198.0,29.889,21.84
2668,14,S2,201.0,29.694,21.84
2669,14,S2,204.0,29.522,21.84
2670,14,S2,207.0,29.147,21.84
2671,14,S2,210.0,29.053,21.84
2672,14,S2,213.0,28.811,21.84
2673,14,S2,216.0,28.586,21.84
2674,14,S2,219.0,28.272,21.84
2675,14,S2,222.0,28.133,21.84
2676,14,S2,225.0,27.993,21.84
2677,14,S2,228.0,27.819,21.84
2678,14,S2,231.0,27.600,21.84
2679,14,S2,234.0,27.469,21.84
2680,14,S2,237.0,27.251,21.84
2681,14,S2,240.0,27.107,21.84
2682,14,S2,243.0,26.949,21.84
2683,14,S2,246.0,26.736,21.84
2684,14,S2,249.0,26.628,21.84
2685,14,S2,252.0,26.526,21.84
2686,14,S2,255.0,26.347,21.84
2687,14,S2,258.0,26.235,21.84
2688,14,S2,261.0,26.133,21.84
2689,14,S2,264.0,25.837,21.84
2690,14,S2,267.0,25.832,21.84
2691,14,S2,270.0,25.634,21.84
2692,14,S2,273.0,25.500,21.84
2693,14,S2,276.0,25.441,21.84
2694,14,S2,279.0,25.368,21.84
2695,14,S2,282.0,25.245,21.84
2696,14,S2,285.0,25.137,21.84
2697,14,S2,288.0,25.086,21.84
2698,14,S2,291.0,25.005,21.84
2699,14,S2,294.0,24.885,21.84
2700,14,S2,297.0,24.827,21.84
2701,14,S2,300.0,24.741,21.84
2702,14,S2,303.0,24.561,21.84
2703,14,S2,306.0,24.443,21.84
2704,14,S2,309.0,24.520,21.84
2705,14,S2,312.0,24.347,21.84
2706,14,S2,315.0,24.389,21.84
2707,14,S2,318.0,24.236,21.84
2708,14,S2,321.0,24.114,21.84
2709,14,S2,324.0,24.098,21.84
2710,14,S2,327.0,23.945,21.84
2711,14,S2,330.0,24.002,21.84
2712,14,S2,333.0,23.769,21.84
2713,14,S2,336.0,23.799,21.84
2714,14,S2,339.0,23.713,21.84
2715,14,S2,342.0,23.682,21.84
2716,14,S2,345.0,23.639,21.84
2717,14,S2,348.0,23.592,21.84
2718,14,S2,351.0,23.562,21.84
2719,14,S2,354.0,23.485,21.84
2720,14,S2,357.0,23.457,21.84
2721,14,S2,360.0,23.417,21.84
2722,14,S2,363.0,23.367,21.84
2723,14,S2,366.0,23.300,21.84
2724,14,S2,369.0,23.255,21.84
2725,14,S2,372.0,23.202,21.84
2726,14,S2,375.0,23.220,21.84
2727,14,S2,378.0,23.173,21.84
2728,14,S2,381.0,23.019,21.84
2729,14,S2,384.0,23.048,21.84
2730,14,S2,387.0,23.007,21.84
2731,14,S2,390.0,23.015,21.84
2732,14,S2,393.0,22.999,21.84
2733,14,S2,396.0,22.844,21.84
2734,14,S2,399.0,22.912,21.84
2735,14,S2,402.0,22.888,21.84
2736,14,S2,405.0,22.895,21.84
2737,14,S2,408.0,22.713,21.84
2738,14,S2,411.0,22.749,21.84
2739,14,S2,414.0,22.648,21.84
2740,14,S2,417.0,22.656,21.84
2741,14,S2,420.0,22.646,21.84
2742,14,S2,423.0,22.613,21.84
2743,14,S2,426.0,22.617,21.84
2744,14,S2,429.0,22.648,21.84
2745,14,S2,432.0,22.546,21.84
2746,14,S2,435.0,22.599,21.84
2747,14,S2,438.0,22.568,21.84
2748,14,S2,441.0,22.522,21.84
2749,14,S2,444.0,22.447,21.84
2750,14,S2,447.0,22.453,21.84
2751,14,S2,450.0,22.460,21.84
2752,14,S2,453.0,22.488,21.84
2753,14,S2,456.0,22.398,21.84
2754,14,S2,459.0,22.485,21.84
2755,14,S2,462.0,22.421,21.84
2756,14,S2,465.0,22.304,21.84
2757,14,S2,468.0,22.310,21.84
2758,14,S2,471.0,22.378,21.84
2759,14,S2,474.0,22.296,21.84
2760,14,S2,477.0,22.183,21.84
2761,14,S2,480.0,22.148,21.84
2762,14,S2,483.0,22.297,21.84
2763,14,S2,486.0,22.266,21.84
2764,14,S2,489.0,22.269,21.84
2765,14,S2,492.0,22.248,21.84
2766,14,S2,495.0,22.189,21.84
2767,14,S2,498.0,22.199,21.84
2768,14,S2,501.0,22.163,21.84
2769,14,S2,504.0,22.158,21.84
2770,14,S2,507.0,22.182,21.84
2771,14,S2,510.0,22.199,21.84
2772,14,S2,513.0,22.220,21.84
2773,14,S2,516.0,22.189,21.84
2774,14,S2,519.0,22.124,21.84
2775,14,S2,522.0,22.173,21.84
2776,14,S2,525.0,22.050,21.84
2777,14,S2,528.0,22.044,21.84
2778,14,S2,531.0,22.105,21.84
2779,14,S2,534.0,22.191,21.84
2780,14,S2,537.0,22.156,21.84
2781,14,S2,540.0,22.099,21.84
2782,14,S2,543.0,22.124,21.84
2783,14,S2,546.0,22.156,21.84
2784,14,S2,549.0,21.985,21.84
2785,14,S2,552.0,22.061,21.84
2786,14,S2,555.0,22.060,21.84
2787,14,S2,558.0,21.978,21.84
2788,14,S2,561.0,22.020,21.84
2789,14,S2,564.0,22.103,21.84
2790,14,S2,567.0,21.987,21.84
2791,14,S2,570.0,22.056,21.84
2792,14,S2,573.0,21.986,21.84
2793,14,S2,576.0,21.984,21.84
2794,14,S2,579.0,22.018,21.84
2795,14,S2,582.0,21.980,21.84
2796,14,S2,585.0,22.064,21.84
2797,14,S2,588.0,21.862,21.84
2798,14,S2,591.0,21.939,21.84
2799,14,S2,594.0,22.033,21.84
2800,14,S2,597.0,21.992,21.84
2801,15,S3,0.0,81.207,22.69
2802,15,S3,3.0,79.875,22.69
2803,15,S3,6.0,78.671,22.69
2804,15,S3,9.0,77.345,22.69
2805,15,S3,12.0,76.127,22.69
2806,15,S3,15.0,74.971,22.69
2807,15,S3,18.0,73.825,22.69
2808,15,S3,21.0,72.633,22.69
2809,15,S3,24.0,71.476,22.69
2810,15,S3,27.0,70.453,22.69
2811,15,S3,30.0,69.239,22.69
2812,15,S3,33.0,68.228,22.69
2813,15,S3,36.0,67.220,22.69
2814,15,S3,39.0,66.309,22.69
2815,15,S3,42.0,65.305,22.69
2816,15,S3,45.0,64.213,22.69
2817,15,S3,48.0,63.339,22.69
2818,15,S3,51.0,62.368,22.69
2819,15,S3,54.0,61.512,22.69
2820,15,S3,57.0,60.724,22.69
2821,15,S3,60.0,59.832,22.69
2822,15,S3,63.0,59.023,22.69
2823,15,S3,66.0,58.111,22.69
2824,15,S3,69.0,57.315,22.69
2825,15,S3,72.0,56.581,22.69
2826,15,S3,75.0,55.828,22.69
2827,15,S3,78.0,55.045,22.69
2828,15,S3,81.0,54.452,22.69
2829,15,S3,84.0,53.664,22.69
2830,15,S3,87.0,52.965,22.69
2831,15,S3,90.0,52.234,22.69
2832,15,S3,93.0,51.590,22.69
2833,15,S3,96.0,50.939,22.69
2834,15,S3,99.0,50.342,22.69
2835,15,S3,102.0,49.723,22.69
2836,15,S3,105.0,49.028,22.69
2837,15,S3,108.0,48.468,22.69
2838,15,S3,111.0,47.952,22.69
2839,15,S3,114.0,47.261,22.69
2840,15,S3,117.0,46.754,22.69
2841,15,S3,120.0,46.247,22.69
2842,15,S3,123.0,45.702,22.69
2843,15,S3,126.0,45.143,22.69
2844,15,S3,129.0,44.693,22.69
2845,15,S3,132.0,44.208,22.69
2846,15,S3,135.0,43.722,22.69
2847,15,S3,138.0,43.252,22.69
2848,15,S3,141.0,42.821,22.69
2849,15,S3,144.0,42.238,22.69
2850,15,S3,147.0,41.960,22.69
2851,15,S3,150.0,41.395,22.69
2852,15,S3,153.0,41.004,22.69
2853,15,S3,156.0,40.651,22.69
2854,15,S3,159.0,40.184,22.69
2855,15,S3,162.0,39.825,22.69
2856,15,S3,165.0,39.428,22.69
2857,15,S3,168.0,39.085,22.69
2858,15,S3,171.0,38.702,22.69
2859,15,S3,174.0,38.218,22.69
2860,15,S3,177.0,37.912,22.69
2861,15,S3,180.0,37.675,22.69
2862,15,S3,183.0,37.259,22.69
2863,15,S3,186.0,36.928,22.69
2864,15,S3,189.0,36.578,22.69
2865,15,S3,192.0,36.371,22.69
2866,15,S3,195.0,35.917,22.69
2867,15,S3,198.0,35.718,22.69
2868,15,S3,201.0,35.449,22.69
2869,15,S3,204.0,35.081,22.69
2870,15,S3,207.0,34.860,22.69
2871,15,S3,210.0,34.635,22.69
2872,15,S3,213.0,34.262,22.69
2873,15,S3,216.0,34.051,22.69
2874,15,S3,219.0,33.785,22.69
2875,15,S3,222.0,33.501,22.69
2876,15,S3,225.0,33.307,22.69
2877,15,S3,228.0,33.047,22.69
2878,15,S3,231.0,32.826,22.69
2879,15,S3,234.0,32.601,22.69
2880,15,S3,237.0,32.472,22.69
2881,15,S3,240.0,32.140,22.69
2882,15,S3,243.0,31.960,22.69
2883,15,S3,246.0,31.693,22.69
2884,15,S3,249.0,31.559,22.69
2885,15,S3,252.0,31.338,22.69
2886,15,S3,255.0,31.183,22.69
2887,15,S3,258.0,30.989,22.69
2888,15,S3,261.0,30.844,22.69
2889,15,S3,264.0,30.595,22.69
2890,15,S3,267.0,30.350,22.69
2891,15,S3,270.0,30.195,22.69
2892,15,S3,273.0,30.124,22.69
2893,15,S3,276.0,29.819,22.69
2894,15,S3,279.0,29.708,22.69
2895,15,S3,282.0,29.510,22.69
2896,15,S3,285.0,29.458,22.69
2897,15,S3,288.0,29.268,22.69
2898,15,S3,291.0,29.101,22.69
2899,15,S3,294.0,28.983,22.69
2900,15,S3,297.0,28.920,22.69
2901,15,S3,300.0,28.690,22.69
2902,15,S3,303.0,28.573,22.69
2903,15,S3,306.0,28.428,22.69
2904,15,S3,309.0,28.311,22.69
2905,15,S3,312.0,28.090,22.69
2906,15,S3,315.0,28.087,22.69
2907,15,S3,318.0,27.798,22.69
2908,15,S3,321.0,27.816,22.69
2909,15,S3,324.0,27.662,22.69
2910,15,S3,327.0,27.614,22.69
2911,15,S3,330.0,27.440,22.69
2912,15,S3,333.0,27.347,22.69
2913,15,S3,336.0,27.309,22.69
2914,15,S3,339.0,27.156,22.69
2915,15,S3,342.0,27.006,22.69
2916,15,S3,345.0,27.012,22.69
2917,15,S3,348.0,26.824,22.69
2918,15,S3,351.0,26.675,22.69
2919,15,S3,354.0,26.635,22.69
2920,15,S3,357.0,26.668,22.69
2921,15,S3,360.0,26.476,22.69
2922,15,S3,363.0,26.402,22.69
2923,15,S3,366.0,26.417,22.69
2924,15,S3,369.0,26.262,22.69
2925,15,S3,372.0,26.122,22.69
2926,15,S3,375.0,26.109,22.69
2927,15,S3,378.0,26.006,22.69
2928,15,S3,381.0,26.018,22.69
2929,15,S3,384.0,25.828,22.69
2930,15,S3,387.0,25.761,22.69
2931,15,S3,390.0,25.713,22.69
2932,15,S3,393.0,25.729,22.69
2933,15,S3,396.0,25.540,22.69
2934,15,S3,399.0,25.544,22.69
2935,15,S3,402.0,25.451,22.69
2936,15,S3,405.0,25.372,22.69
2937,15,S3,408.0,25.315,22.69
2938,15,S3,411.0,25.226,22.69
2939,15,S3,414.0,25.102,22.69
2940,15,S3,417.0,25.094,22.69
2941,15,S3,420.0,25.105,22.69
2942,15,S3,423.0,25.110,22.69
2943,15,S3,426.0,24.937,22.69
2944,15,S3,429.0,24.913,22.69
2945,15,S3,432.0,24.886,22.69
2946,15,S3,435.0,24.791,22.69
2947,15,S3,438.0,24.813,22.69
2948,15,S3,441.0,24.858,22.69
2949,15,S3,444.0,24.684,22.69
2950,15,S3,447.0,24.635,22.69
2951,15,S3,450.0,24.538,22.69
2952,15,S3,453.0,24.578,22.69
2953,15,S3,456.0,24.649,22.69
2954,15,S3,459.0,24.450,22.69
2955,15,S3,462.0,24.480,22.69
2956,15,S3,465.0,24.378,22.69
2957,15,S3,468.0,24.424,22.69
2958,15,S3,471.0,24.318,22.69
2959,15,S3,474.0,24.274,22.69
2960,15,S3,477.0,24.290,22.69
2961,15,S3,480.0,24.091,22.69
2962,15,S3,483.0,24.167,22.69
2963,15,S3,486.0,24.151,22.69
2964,15,S3,489.0,24.216,22.69
2965,15,S3,492.0,24.101,22.69
2966,15,S3,495.0,23.958,22.69
2967,15,S3,498.0,24.032,22.69
2968,15,S3,501.0,24.008,22.69
2969,15,S3,504.0,23.879,22.69
2970,15,S3,507.0,23.984,22.69
2971,15,S3,510.0,24.000,22.69
2972,15,S3,513.0,23.904,22.69
2973,15,S3,516.0,23.967,22.69
2974,15,S3,519.0,23.844,22.69
2975,15,S3,522.0,23.750,22.69
2976,15,S3,525.0,23.756,22.69
2977,15,S3,528.0,23.699,22.69
2978,15,S3,531.0,23.746,22.69
2979,15,S3,534.0,23.669,22.69
2980,15,S3,537.0,23.670,22.69
2981,15,S3,540.0,23.684,22.69
2982,15,S3,543.0,23.676,22.69
2983,15,S3,546.0,23.578,22.69
2984,15,S3,549.0,23.600,22.69
2985,15,S3,552.0,23.595,22.69
2986,15,S3,555.0,23.626,22.69
2987,15,S3,558.0,23.516,22.69
2988,15,S3,561.0,23.513,22.69
2989,15,S3,564.0,23.576,22.69
2990,15,S3,567.0,23.380,22.69
2991,15,S3,570.0,23.420,22.69
2992,15,S3,573.0,23.500,22.69
2993,15,S3,576.0,23.410,22.69
2994,15,S3,579.0,23.381,22.69
2995,15,S3,582.0,23.382,22.69
2996,15,S3,585.0,23.294,22.69
2997,15,S3,588.0,23.334,22.69
2998,15,S3,591.0,23.352,22.69
2999,15,S3,594.0,23.317,22.69
3000,15,S3,597.0,23.279,22.69
3001,16,S4,0.0,73.067,22.26
3002,16,S4,3.0,72.406,22.26
3003,16,S4,6.0,71.711,22.26
3004,16,S4,9.0,70.836,22.26
3005,16,S4,12.0,70.233,22.26
3006,16,S4,15.0,69.638,22.26
3007,16,S4,18.0,68.931,22.26
3008,16,S4,21.0,68.260,22.26
3009,16,S4,24.0,67.688,22.26
3010,16,S4,27.0,67.006,22.26
3011,16,S4,30.0,66.407,22.26
3012,16,S4,33.0,65.749,22.26
3013,16,S4,36.0,65.138,22.26
3014,16,S4,39.0,64.489,22.26
3015,16,S4,42.0,64.034,22.26
3016,16,S4,45.0,63.331,22.26
3017,16,S4,48.0,62.763,22.26
3018,16,S4,51.0,62.293,22.26
3019,16,S4,54.0,61.747,22.26
3020,16,S4,57.0,61.140,22.26
3021,16,S4,60.0,60.639,22.26
3022,16,S4,63.0,60.134,22.26
3023,16,S4,66.0,59.530,22.26
3024,16,S4,69.0,59.092,22.26
3025,16,S4,72.0,58.554,22.26
3026,16,S4,75.0,58.020,22.26
3027,16,S4,78.0,57.495,22.26
3028,16,S4,81.0,56.970,22.26
3029,16,S4,84.0,56.545,22.26
3030,16,S4,87.0,56.139,22.26
3031,16,S4,90.0,55.543,22.26
3032,16,S4,93.0,55.164,22.26
3033,16,S4,96.0,54.681,22.26
3034,16,S4,99.0,54.257,22.26
3035,16,S4,102.0,53.826,22.26
3036,16,S4,105.0,53.354,22.26
3037,16,S4,108.0,52.932,22.26
3038,16,S4,111.0,52.444,22.26
3039,16,S4,114.0,52.000,22.26
3040,16,S4,117.0,51.678,22.26
3041,16,S4,120.0,51.183,22.26
3042,16,S4,123.0,50.744,22.26
3043,16,S4,126.0,50.445,22.26
3044,16,S4,129.0,50.022,22.26
3045,16,S4,132.0,49.640,22.26
3046,16,S4,135.0,49.172,22.26
3047,16,S4,138.0,48.853,22.26
3048,16,S4,141.0,48.448,22.26
3049,16,S4,144.0,48.160,22.26
3050,16,S4,147.0,47.740,22.26
3051,16,S4,150.0,47.328,22.26
3052,16,S4,153.0,47.101,22.26
3053,16,S4,156.0,46.686,22.26
3054,16,S4,159.0,46.436,22.26
3055,16,S4,162.0,46.140,22.26
3056,16,S4,165.0,45.685,22.26
3057,16,S4,168.0,45.427,22.26
3058,16,S4,171.0,45.125,22.26
3059,16,S4,174.0,44.735,22.26
3060,16,S4,177.0,44.368,22.26
3061,16,S4,180.0,44.114,22.26
3062,16,S4,183.0,43.774,22.26
3063,16,S4,186.0,43.471,22.26
3064,16,S4,189.0,43.239,22.26
3065,16,S4,192.0,42.941,22.26
3066,16,S4,195.0,42.622,22.26
3067,16,S4,198.0,42.342,22.26
3068,16,S4,201.0,42.016,22.26
3069,16,S4,204.0,41.822,22.26
3070,16,S4,207.0,41.493,22.26
3071,16,S4,210.0,41.191,22.26
3072,16,S4,213.0,41.078,22.26
3073,16,S4,216.0,40.729,22.26
3074,16,S4,219.0,40.476,22.26
3075,16,S4,222.0,40.246,22.26
3076,16,S4,225.0,39.907,22.26
3077,16,S4,228.0,39.730,22.26
3078,16,S4,231.0,39.490,22.26
3079,16,S4,234.0,39.237,22.26
3080,16,S4,237.0,39.012,22.26
3081,16,S4,240.0,38.725,22.26
3082,16,S4,243.0,38.587,22.26
3083,16,S4,246.0,38.301,22.26
3084,16,S4,249.0,38.053,22.26
3085,16,S4,252.0,37.917,22.26
3086,16,S4,255.0,37.630,22.26
3087,16,S4,258.0,37.390,22.26
3088,16,S4,261.0,37.211,22.26
3089,16,S4,264.0,36.914,22.26
3090,16,S4,267.0,36.856,22.26
3091,16,S4,270.0,36.567,22.26
3092,16,S4,273.0,36.394,22.26
3093,16,S4,276.0,36.198,22.26
3094,16,S4,279.0,35.976,22.26
3095,16,S4,282.0,35.854,22.26
3096,16,S4,285.0,35.584,22.26
3097,16,S4,288.0,35.407,22.26
3098,16,S4,291.0,35.226,22.26
3099,16,S4,294.0,35.063,22.26
3100,16,S4,297.0,34.860,22.26
3101,16,S4,300.0,34.720,22.26
3102,16,S4,303.0,34.578,22.26
3103,16,S4,306.0,34.396,22.26
3104,16,S4,309.0,34.228,22.26
3105,16,S4,312.0,34.106,22.26
3106,16,S4,315.0,33.838,22.26
3107,16,S4,318.0,33.613,22.26
3108,16,S4,321.0,33.565,22.26
3109,16,S4,324.0,33.415,22.26
3110,16,S4,327.0,33.376,22.26
3111,16,S4,330.0,33.080,22.26
3112,16,S4,333.0,32.923,22.26
3113,16,S4,336.0,32.837,22.26
3114,16,S4,339.0,32.725,22.26
3115,16,S4,342.0,32.507,22.26
3116,16,S4,345.0,32.323,22.26
3117,16,S4,348.0,32.212,22.26
3118,16,S4,351.0,32.056,22.26
3119,16,S4,354.0,31.887,22.26
3120,16,S4,357.0,31.772,22.26
3121,16,S4,360.0,31.700,22.26
3122,16,S4,363.0,31.624,22.26
3123,16,S4,366.0,31.373,22.26
3124,16,S4,369.0,31.268,22.26
3125,16,S4,372.0,31.136,22.26
3126,16,S4,375.0,30.993,22.26
3127,16,S4,378.0,30.960,22.26
3128,16,S4,381.0,30.779,22.26
3129,16,S4,384.0,30.699,22.26
3130,16,S4,387.0,30.568,22.26
3131,16,S4,390.0,30.441,22.26
3132,16,S4,393.0,30.283,22.26
3133,16,S4,396.0,30.154,22.26
3134,16,S4,399.0,30.111,22.26
3135,16,S4,402.0,29.931,22.26
3136,16,S4,405.0,29.942,22.26
3137,16,S4,408.0,29.844,22.26
3138,16,S4,411.0,29.662,22.26
3139,16,S4,414.0,29.583,22.26
3140,16,S4,417.0,29.468,22.26
3141,16,S4,420.0,29.324,22.26
3142,16,S4,423.0,29.274,22.26
3143,16,S4,426.0,29.231,22.26
3144,16,S4,429.0,29.065,22.26
3145,16,S4,432.0,28.972,22.26
3146,16,S4,435.0,28.955,22.26
3147,16,S4,438.0,28.757,22.26
3148,16,S4,441.0,28.676,22.26
3149,16,S4,444.0,28.576,22.26
3150,16,S4,447.0,28.493,22.26
3151,16,S4,450.0,28.434,22.26
3152,16,S4,453.0,28.389,22.26
3153,16,S4,456.0,28.212,22.26
3154,16,S4,459.0,28.198,22.26
3155,16,S4,462.0,28.065,22.26
3156,16,S4,465.0,28.064,22.26
3157,16,S4,468.0,27.980,22.26
3158,16,S4,471.0,27.848,22.26
3159,16,S4,474.0,27.808,22.26
3160,16,S4,477.0,27.601,22.26
3161,16,S4,480.0,27.595,22.26
3162,16,S4,483.0,27.537,22.26
3163,16,S4,486.0,27.519,22.26
3164,16,S4,489.0,27.377,22.26
3165,16,S4,492.0,27.302,22.26
3166,16,S4,495.0,27.217,22.26
3167,16,S4,498.0,27.179,22.26
3168,16,S4,501.0,27.153,22.26
3169,16,S4,504.0,27.084,22.26
3170,16,S4,507.0,26.957,22.26
3171,16,S4,510.0,27.052,22.26
3172,16,S4,513.0,26.806,22.26
3173,16,S4,516.0,26.802,22.26
3174,16,S4,519.0,26.720,22.26
3175,16,S4,522.0,26.686,22.26
3176,16,S4,525.0,26.589,22.26
3177,16,S4,528.0,26.457,22.26
3178,16,S4,531.0,26.469,22.26
3179,16,S4,534.0,26.421,22.26
3180,16,S4,537.0,26.311,22.26
3181,16,S4,540.0,26.344,22.26
3182,16,S4,543.0,26.258,22.26
3183,16,S4,546.0,26.233,22.26
3184,16,S4,549.0,26.120,22.26
3185,16,S4,552.0,26.020,22.26
3186,16,S4,555.0,26.077,22.26
3187,16,S4,558.0,26.014,22.26
3188,16,S4,561.0,25.980,22.26
3189,16,S4,564.0,25.899,22.26
3190,16,S4,567.0,25.818,22.26
3191,16,S4,570.0,25.680,22.26
3192,16,S4,573.0,25.682,22.26
3193,16,S4,576.0,25.717,22.26
3194,16,S4,579.0,25.658,22.26
3195,16,S4,582.0,25.574,22.26
3196,16,S4,585.0,25.564,22.26
3197,16,S4,588.0,25.498,22.26
3198,16,S4,591.0,25.436,22.26
3199,16,S4,594.0,25.446,22.26
3200,16,S4,597.0,25.394,22.26
3201,17,S1,0.0,91.621,21.20
3202,17,S1,3.0,89.978,21.20
3203,17,S1,6.0,88.295,21.20
3204,17,S1,9.0,86.560,21.20
3205,17,S1,12.0,84.969,21.20
3206,17,S1,15.0,83.437,21.20
3207,17,S1,18.0,81.877,21.20
3208,17,S1,21.0,80.500,21.20
3209,17,S1,24.0,79.036,21.20
3210,17,S1,27.0,77.565,21.20
3211,17,S1,30.0,76.165,21.20
3212,17,S1,33.0,74.709,21.20
3213,17,S1,36.0,73.514,21.20
3214,17,S1,39.0,72.210,21.20
3215,17,S1,42.0,70.951,21.20
3216,17,S1,45.0,69.817,21.20
3217,17,S1,48.0,68.591,21.20
3218,17,S1,51.0,67.395,21.20
3219,17,S1,54.0,66.333,21.20
3220,17,S1,57.0,65.114,21.20
3221,17,S1,60.0,64.231,21.20
3222,17,S1,63.0,63.136,21.20
3223,17,S1,66.0,62.063,21.20
3224,17,S1,69.0,60.996,21.20
3225,17,S1,72.0,60.025,21.20
3226,17,S1,75.0,59.162,21.20
3227,17,S1,78.0,58.193,21.20
3228,17,S1,81.0,57.272,21.20
3229,17,S1,84.0,56.349,21.20
3230,17,S1,87.0,55.578,21.20
3231,17,S1,90.0,54.683,21.20
3232,17,S1,93.0,53.895,21.20
3233,17,S1,96.0,53.040,21.20
3234,17,S1,99.0,52.285,21.20
3235,17,S1,102.0,51.533,21.20
3236,17,S1,105.0,50.722,21.20
3237,17,S1,108.0,50.042,21.20
3238,17,S1,111.0,49.366,21.20
3239,17,S1,114.0,48.683,21.20
3240,17,S1,117.0,47.980,21.20
3241,17,S1,120.0,47.369,21.20
3242,17,S1,123.0,46.700,21.20
3243,17,S1,126.0,46.048,21.20
3244,17,S1,129.0,45.480,21.20
3245,17,S1,132.0,44.994,21.20
3246,17,S1,135.0,44.244,21.20
3247,17,S1,138.0,43.657,21.20
3248,17,S1,141.0,43.119,21.20
3249,17,S1,144.0,42.752,21.20
3250,17,S1,147.0,42.094,21.20
3251,17,S1,150.0,41.630,21.20
3252,17,S1,153.0,41.086,21.20
3253,17,S1,156.0,40.553,21.20
3254,17,S1,159.0,40.200,21.20
3255,17,S1,162.0,39.792,21.20
3256,17,S1,165.0,39.270,21.20
3257,17,S1,168.0,38.774,21.20
3258,17,S1,171.0,38.312,21.20
3259,17,S1,174.0,37.978,21.20
3260,17,S1,177.0,37.536,21.20
3261,17,S1,180.0,37.159,21.20
3262,17,S1,183.0,36.779,21.20
3263,17,S1,186.0,36.384,21.20
3264,17,S1,189.0,35.900,21.20
3265,17,S1,192.0,35.558,21.20
3266,17,S1,195.0,35.361,21.20
3267,17,S1,198.0,34.915,21.20
3268,17,S1,201.0,34.573,21.20
3269,17,S1,204.0,34.250,21.20
3270,17,S1,207.0,33.894,21.20
3271,17,S1,210.0,33.619,21.20
3272,17,S1,213.0,33.289,21.20
3273,17,S1,216.0,32.992,21.20
3274,17,S1,219.0,32.739,21.20
3275,17,S1,222.0,32.425,21.20
3276,17,S1,225.0,32.212,21.20
3277,17,S1,228.0,31.899,21.20
3278,17,S1,231.0,31.637,21.20
3279,17,S1,234.0,31.371,21.20
3280,17,S1,237.0,31.230,21.20
3281,17,S1,240.0,30.963,21.20
3282,17,S1,243.0,30.671,21.20
3283,17,S1,246.0,30.503,21.20
3284,17,S1,249.0,30.220,21.20
3285,17,S1,252.0,29.896,21.20
3286,17,S1,255.0,29.703,21.20
3287,17,S1,258.0,29.500,21.20
3288,17,S1,261.0,29.344,21.20
3289,17,S1,264.0,29.203,21.20
3290,17,S1,267.0,28.973,21.20
3291,17,S1,270.0,28.752,21.20
3292,17,S1,273.0,28.536,21.20
3293,17,S1,276.0,28.421,21.20
3294,17,S1,279.0,28.248,21.20
3295,17,S1,282.0,28.078,21.20
3296,17,S1,285.0,27.847,21.20
3297,17,S1,288.0,27.758,21.20
3298,17,S1,291.0,27.500,21.20
3299,17,S1,294.0,27.352,21.20
3300,17,S1,297.0,27.280,21.20
3301,17,S1,300.0,27.169,21.20
3302,17,S1,303.0,27.015,21.20
3303,17,S1,306.0,26.848,21.20
3304,17,S1,309.0,26.761,21.20
3305,17,S1,312.0,26.571,21.20
3306,17,S1,315.0,26.453,21.20
3307,17,S1,318.0,26.356,21.20
3308,17,S1,321.0,26.273,21.20
3309,17,S1,324.0,26.056,21.20
3310,17,S1,327.0,25.977,21.20
3311,17,S1,330.0,25.737,21.20
3312,17,S1,333.0,25.665,21.20
3313,17,S1,336.0,25.600,21.20
3314,17,S1,339.0,25.546,21.20
3315,17,S1,342.0,25.368,21.20
3316,17,S1,345.0,25.358,21.20
3317,17,S1,348.0,25.207,21.20
3318,17,S1,351.0,25.062,21.20
3319,17,S1,354.0,25.041,21.20
3320,17,S1,357.0,24.945,21.20
3321,17,S1,360.0,24.776,21.20
3322,17,S1,363.0,24.737,21.20
3323,17,S1,366.0,24.591,21.20
3324,17,S1,369.0,24.562,21.20
3325,17,S1,372.0,24.534,21.20
3326,17,S1,375.0,24.327,21.20
3327,17,S1,378.0,24.261,21.20
3328,17,S1,381.0,24.291,21.20
3329,17,S1,384.0,24.230,21.20
3330,17,S1,387.0,24.126,21.20
3331,17,S1,390.0,23.984,21.20
3332,17,S1,393.0,23.957,21.20
3333,17,S1,396.0,23.866,21.20
3334,17,S1,399.0,23.703,21.20
3335,17,S1,402.0,23.721,21.20
3336,17,S1,405.0,23.732,21.20
3337,17,S1,408.0,23.598,21.20
3338,17,S1,411.0,23.581,21.20
3339,17,S1,414.0,23.556,21.20
3340,17,S1,417.0,23.456,21.20
3341,17,S1,420.0,23.347,21.20
3342,17,S1,423.0,23.360,21.20
3343,17,S1,426.0,23.312,21.20
3344,17,S1,429.0,23.234,21.20
3345,17,S1,432.0,23.184,21.20
3346,17,S1,435.0,23.236,21.20
3347,17,S1,438.0,23.142,21.20
3348,17,S1,441.0,23.058,21.20
3349,17,S1,444.0,22.981,21.20
3350,17,S1,447.0,23.051,21.20
3351,17,S1,450.0,22.911,21.20
3352,17,S1,453.0,22.921,21.20
3353,17,S1,456.0,22.785,21.20
3354,17,S1,459.0,22.866,21.20
3355,17,S1,462.0,22.808,21.20
3356,17,S1,465.0,22.743,21.20
3357,17,S1,468.0,22.630,21.20
3358,17,S1,471.0,22.756,21.20
3359,17,S1,474.0,22.580,21.20
3360,17,S1,477.0,22.508,21.20
3361,17,S1,480.0,22.483,21.20
3362,17,S1,483.0,22.485,21.20
3363,17,S1,486.0,22.514,21.20
3364,17,S1,489.0,22.494,21.20
3365,17,S1,492.0,22.426,21.20
3366,17,S1,495.0,22.360,21.20
3367,17,S1,498.0,22.389,21.20
3368,17,S1,501.0,22.376,21.20
3369,17,S1,504.0,22.216,21.20
3370,17,S1,507.0,22.222,21.20
3371,17,S1,510.0,22.180,21.20
3372,17,S1,513.0,22.262,21.20
3373,17,S1,516.0,22.197,21.20
3374,17,S1,519.0,22.205,21.20
3375,17,S1,522.0,22.137,21.20
3376,17,S1,525.0,22.106,21.20
3377,17,S1,528.0,22.106,21.20
3378,17,S1,531.0,22.013,21.20
3379,17,S1,534.0,22.083,21.20
3380,17,S1,537.0,22.011,21.20
3381,17,S1,540.0,22.014,21.20
3382,17,S1,543.0,21.996,21.20
3383,17,S1,546.0,21.826,21.20
3384,17,S1,549.0,21.904,21.20
3385,17,S1,552.0,21.887,21.20
3386,17,S1,555.0,21.926,21.20
3387,17,S1,558.0,21.976,21.20
3388,17,S1,561.0,21.851,21.20
3389,17,S1,564.0,21.765,21.20
3390,17,S1,567.0,21.844,21.20
3391,17,S1,570.0,21.931,21.20
3392,17,S1,573.0,21.776,21.20
3393,17,S1,576.0,21.810,21.20
3394,17,S1,579.0,21.792,21.20
3395,17,S1,582.0,21.864,21.20
3396,17,S1,585.0,21.694,21.20
3397,17,S1,588.0,21.716,21.20
3398,17,S1,591.0,21.726,21.20
3399,17,S1,594.0,21.751,21.20
3400,17,S1,597.0,21.686,21.20
3401,18,S2,0.0,74.992,21.31
3402,18,S2,3.0,74.160,21.31
3403,18,S2,6.0,73.265,21.31
3404,18,S2,9.0,72.359,21.31
3405,18,S2,12.0,71.450,21.31
3406,18,S2,15.0,70.703,21.31
3407,18,S2,18.0,69.892,21.31
3408,18,S2,21.0,69.089,21.31
3409,18,S2,24.0,68.403,21.31
3410,18,S2,27.0,67.580,21.31
3411,18,S2,30.0,66.863,21.31
3412,18,S2,33.0,66.147,21.31
3413,18,S2,36.0,65.350,21.31
3414,18,S2,39.0,64.690,21.31
3415,18,S2,42.0,63.936,21.31
3416,18,S2,45.0,63.243,21.31
3417,18,S2,48.0,62.689,21.31
3418,18,S2,51.0,61.894,21.31
3419,18,S2,54.0,61.340,21.31
3420,18,S2,57.0,60.663,21.31
3421,18,S2,60.0,59.953,21.31
3422,18,S2,63.0,59.429,21.31
3423,18,S2,66.0,58.748,21.31
3424,18,S2,69.0,58.184,21.31
3425,18,S2,72.0,57.539,21.31
3426,18,S2,75.0,56.968,21.31
3427,18,S2,78.0,56.369,21.31
3428,18,S2,81.0,55.880,21.31
3429,18,S2,84.0,55.281,21.31
3430,18,S2,87.0,54.751,21.31
3431,18,S2,90.0,54.255,21.31
3432,18,S2,93.0,53.551,21.31
3433,18,S2,96.0,53.109,21.31
3434,18,S2,99.0,52.565,21.31
3435,18,S2,102.0,52.143,21.31
3436,18,S2,105.0,51.689,21.31
3437,18,S2,108.0,51.189,21.31
3438,18,S2,111.0,50.720,21.31
3439,18,S2,114.0,50.178,21.31
3440,18,S2,117.0,49.643,21.31
3441,18,S2,120.0,49.261,21.31
3442,18,S2,123.0,48.803,21.31
3443,18,S2,126.0,48.325,21.31
3444,18,S2,129.0,48.008,21.31
3445,18,S2,132.0,47.435,21.31
3446,18,S2,135.0,47.083,21.31
3447,18,S2,138.0,46.525,21.31
3448,18,S2,141.0,46.206,21.31
3449,18,S2,144.0,45.807,21.31
3450,18,S2,147.0,45.403,21.31
3451,18,S2,150.0,45.020,21.31
3452,18,S2,153.0,44.616,21.31
3453,18,S2,156.0,44.191,21.31
3454,18,S2,159.0,43.906,21.31
3455,18,S2,162.0,43.572,21.31
3456,18,S2,165.0,43.121,21.31
3457,18,S2,168.0,42.883,21.31
3458,18,S2,171.0,42.457,21.31
3459,18,S2,174.0,42.154,21.31
3460,18,S2,177.0,41.851,21.31
3461,18,S2,180.0,41.384,21.31
3462,18,S2,183.0,41.114,21.31
3463,18,S2,186.0,40.825,21.31
3464,18,S2,189.0,40.461,21.31
3465,18,S2,192.0,40.155,21.31
3466,18,S2,195.0,39.848,21.31
3467,18,S2,198.0,39.596,21.31
3468,18,S2,201.0,39.333,21.31
3469,18,S2,204.0,39.039,21.31
3470,18,S2,207.0,38.774,21.31
3471,18,S2,210.0,38.500,21.31
3472,18,S2,213.0,38.174,21.31
3473,18,S2,216.0,37.878,21.31
3474,18,S2,219.0,37.614,21.31
3475,18,S2,222.0,37.330,21.31
3476,18,S2,225.0,37.067,21.31
3477,18,S2,228.0,36.804,21.31
3478,18,S2,231.0,36.586,21.31
3479,18,S2,234.0,36.238,21.31
3480,18,S2,237.0,36.023,21.31
3481,18,S2,240.0,35.779,21.31
3482,18,S2,243.0,35.569,21.31
3483,18,S2,246.0,35.357,21.31
3484,18,S2,249.0,35.153,21.31
3485,18,S2,252.0,34.985,21.31
3486,18,S2,255.0,34.696,21.31
3487,18,S2,258.0,34.494,21.31
3488,18,S2,261.0,34.253,21.31
3489,18,S2,264.0,34.123,21.31
3490,18,S2,267.0,33.818,21.31
3491,18,S2,270.0,33.703,21.31
3492,18,S2,273.0,33.525,21.31
3493,18,S2,276.0,33.260,21.31
3494,18,S2,279.0,33.130,21.31
3495,18,S2,282.0,32.953,21.31
3496,18,S2,285.0,32.700,21.31
3497,18,S2,288.0,32.529,21.31
3498,18,S2,291.0,32.312,21.31
3499,18,S2,294.0,32.095,21.31
3500,18,S2,297.0,32.002,21.31
3501,18,S2,300.0,31.789,21.31
3502,18,S2,303.0,31.704,21.31
3503,18,S2,306.0,31.508,21.31
3504,18,S2,309.0,31.291,21.31
3505,18,S2,312.0,31.194,21.31
3506,18,S2,315.0,31.051,21.31
3507,18,S2,318.0,30.810,21.31
3508,18,S2,321.0,30.706,21.31
3509,18,S2,324.0,30.548,21.31
3510,18,S2,327.0,30.421,21.31
3511,18,S2,330.0,30.301,21.31
3512,18,S2,333.0,30.015,21.31
3513,18,S2,336.0,29.888,21.31
3514,18,S2,339.0,29.806,21.31
3515,18,S2,342.0,29.730,21.31
3516,18,S2,345.0,29.519,21.31
3517,18,S2,348.0,29.404,21.31
3518,18,S2,351.0,29.184,21.31
3519,18,S2,354.0,29.221,21.31
3520,18,S2,357.0,28.915,21.31
3521,18,S2,360.0,28.912,21.31
3522,18,S2,363.0,28.749,21.31
3523,18,S2,366.0,28.622,21.31
3524,18,S2,369.0,28.522,21.31
3525,18,S2,372.0,28.452,21.31
3526,18,S2,375.0,28.230,21.31
3527,18,S2,378.0,28.214,21.31
3528,18,S2,381.0,27.983,21.31
3529,18,S2,384.0,27.905,21.31
3530,18,S2,387.0,27.926,21.31
3531,18,S2,390.0,27.699,21.31
3532,18,S2,393.0,27.588,21.31
3533,18,S2,396.0,27.526,21.31
3534,18,S2,399.0,27.424,21.31
3535,18,S2,402.0,27.404,21.31
3536,18,S2,405.0,27.225,21.31
3537,18,S2,408.0,27.079,21.31
3538,18,S2,411.0,27.034,21.31
3539,18,S2,414.0,26.882,21.31
3540,18,S2,417.0,26.845,21.31
3541,18,S2,420.0,26.768,21.31
3542,18,S2,423.0,26.694,21.31
3543,18,S2,426.0,26.630,21.31
3544,18,S2,429.0,26.501,21.31
3545,18,S2,432.0,26.370,21.31
3546,18,S2,435.0,26.325,21.31
3547,18,S2,438.0,26.295,21.31
3548,18,S2,441.0,26.210,21.31
3549,18,S2,444.0,26.044,21.31
3550,18,S2,447.0,26.041,21.31
3551,18,S2,450.0,25.949,21.31
3552,18,S2,453.0,25.899,21.31
3553,18,S2,456.0,25.788,21.31
3554,18,S2,459.0,25.663,21.31
3555,18,S2,462.0,25.579,21.31
3556,18,S2,465.0,25.621,21.31
3557,18,S2,468.0,25.523,21.31
3558,18,S2,471.0,25.414,21.31
3559,18,S2,474.0,25.423,21.31
3560,18,S2,477.0,25.406,21.31
3561,18,S2,480.0,25.197,21.31
3562,18,S2,483.0,25.237,21.31
3563,18,S2,486.0,25.113,21.31
3564,18,S2,489.0,25.146,21.31
3565,18,S2,492.0,24.946,21.31
3566,18,S2,495.0,24.994,21.31
3567,18,S2,498.0,25.057,21.31
3568,18,S2,501.0,24.862,21.31
3569,18,S2,504.0,24.761,21.31
3570,18,S2,507.0,24.714,21.31
3571,18,S2,510.0,24.652,21.31
3572,18,S2,513.0,24.593,21.31
3573,18,S2,516.0,24.498,21.31
3574,18,S2,519.0,24.570,21.31
3575,18,S2,522.0,24.492,21.31
3576,18,S2,525.0,24.346,21.31
3577,18,S2,528.0,24.378,21.31
3578,18,S2,531.0,24.327,21.31
3579,18,S2,534.0,24.245,21.31
3580,18,S2,537.0,24.218,21.31
3581,18,S2,540.0,24.203,21.31
3582,18,S2,543.0,24.176,21.31
3583,18,S2,546.0,24.133,21.31
3584,18,S2,549.0,24.006,21.31
3585,18,S2,552.0,23.996,21.31
3586,18,S2,555.0,23.960,21.31
3587,18,S2,558.0,23.811,21.31
3588,18,S2,561.0,23.819,21.31
3589,18,S2,564.0,23.879,21.31
3590,18,S2,567.0,23.771,21.31
3591,18,S2,570.0,23.733,21.31
3592,18,S2,573.0,23.680,21.31
3593,18,S2,576.0,23.667,21.31
3594,18,S2,579.0,23.633,21.31
3595,18,S2,582.0,23.547,21.31
3596,18,S2,585.0,23.488,21.31
3597,18,S2,588.0,23.449,21.31
3598,18,S2,591.0,23.548,21.31
3599,18,S2,594.0,23.482,21.31
3600,18,S2,597.0,23.481,21.31
3601,19,S3,0.0,74.225,22.36
3602,19,S3,3.0,72.898,22.36
3603,19,S3,6.0,71.647,22.36
3604,19,S3,9.0,70.426,22.36
3605,19,S3,12.0,69.227,22.36
3606,19,S3,15.0,68.147,22.36
3607,19,S3,18.0,66.926,22.36
3608,19,S3,21.0,65.722,22.36
3609,19,S3,24.0,64.665,22.36
3610,19,S3,27.0,63.719,22.36
3611,19,S3,30.0,62.610,22.36
3612,19,S3,33.0,61.622,22.36
3613,19,S3,36.0,60.667,22.36
3614,19,S3,39.0,59.743,22.36
3615,19,S3,42.0,58.826,22.36
3616,19,S3,45.0,57.925,22.36
3617,19,S3,48.0,57.093,22.36
3618,19,S3,51.0,56.150,22.36
3619,19,S3,54.0,55.340,22.36
3620,19,S3,57.0,54.515,22.36
3621,19,S3,60.0,53.660,22.36
3622,19,S3,63.0,52.907,22.36
3623,19,S3,66.0,52.107,22.36
3624,19,S3,69.0,51.548,22.36
3625,19,S3,72.0,50.743,22.36
3626,19,S3,75.0,49.880,22.36
3627,19,S3,78.0,49.320,22.36
3628,19,S3,81.0,48.619,22.36
3629,19,S3,84.0,47.856,22.36
3630,19,S3,87.0,47.295,22.36
3631,19,S3,90.0,46.750,22.36
3632,19,S3,93.0,46.149,22.36
3633,19,S3,96.0,45.553,22.36
3634,19,S3,99.0,44.922,22.36
3635,19,S3,102.0,44.482,22.36
3636,19,S3,105.0,43.855,22.36
3637,19,S3,108.0,43.369,22.36
3638,19,S3,111.0,42.780,22.36
3639,19,S3,114.0,42.317,22.36
3640,19,S3,117.0,41.772,22.36
3641,19,S3,120.0,41.405,22.36
3642,19,S3,123.0,40.836,22.36
3643,19,S3,126.0,40.433,22.36
3644,19,S3,129.0,39.942,22.36
3645,19,S3,132.0,39.577,22.36
3646,19,S3,135.0,39.054,22.36
3647,19,S3,138.0,38.661,22.36
3648,19,S3,141.0,38.237,22.36
3649,19,S3,144.0,37.866,22.36
3650,19,S3,147.0,37.442,22.36
3651,19,S3,150.0,37.122,22.36
3652,19,S3,153.0,36.683,22.36
3653,19,S3,156.0,36.385,22.36
3654,19,S3,159.0,36.083,22.36
3655,19,S3,162.0,35.689,22.36
3656,19,S3,165.0,35.379,22.36
3657,19,S3,168.0,35.057,22.36
3658,19,S3,171.0,34.742,22.36
3659,19,S3,174.0,34.324,22.36
3660,19,S3,177.0,34.149,22.36
3661,19,S3,180.0,33.777,22.36
3662,19,S3,183.0,33.586,22.36
3663,19,S3,186.0,33.268,22.36
3664,19,S3,189.0,33.018,22.36
3665,19,S3,192.0,32.756,22.36
3666,19,S3,195.0,32.487,22.36
3667,19,S3,198.0,32.177,22.36
3668,19,S3,201.0,31.954,22.36
3669,19,S3,204.0,31.733,22.36
3670,19,S3,207.0,31.500,22.36
3671,19,S3,210.0,31.289,22.36
3672,19,S3,213.0,31.100,22.36
3673,19,S3,216.0,30.863,22.36
3674,19,S3,219.0,30.638,22.36
3675,19,S3,222.0,30.348,22.36
3676,19,S3,225.0,30.297,22.36
3677,19,S3,228.0,30.120,22.36
3678,19,S3,231.0,29.846,22.36
3679,19,S3,234.0,29.565,22.36
3680,19,S3,237.0,29.470,22.36
3681,19,S3,240.0,29.251,22.36
3682,19,S3,243.0,29.203,22.36
3683,19,S3,246.0,28.891,22.36
3684,19,S3,249.0,28.801,22.36
3685,19,S3,252.0,28.569,22.36
3686,19,S3,255.0,28.513,22.36
3687,19,S3,258.0,28.277,22.36
3688,19,S3,261.0,28.097,22.36
3689,19,S3,264.0,27.928,22.36
3690,19,S3,267.0,27.859,22.36
3691,19,S3,270.0,27.823,22.36
3692,19,S3,273.0,27.643,22.36
3693,19,S3,276.0,27.460,22.36
3694,19,S3,279.0,27.375,22.36
3695,19,S3,282.0,27.243,22.36
3696,19,S3,285.0,27.100,22.36
3697,19,S3,288.0,26.947,22.36
3698,19,S3,291.0,26.883,22.36
3699,19,S3,294.0,26.794,22.36
3700,19,S3,297.0,26.693,22.36
3701,19,S3,300.0,26.535,22.36
3702,19,S3,303.0,26.472,22.36
3703,19,S3,306.0,26.348,22.36
3704,19,S3,309.0,26.220,22.36
3705,19,S3,312.0,26.108,22.36
3706,19,S3,315.0,25.971,22.36
3707,19,S3,318.0,25.963,22.36
3708,19,S3,321.0,25.878,22.36
3709,19,S3,324.0,25.774,22.36
3710,19,S3,327.0,25.690,22.36
3711,19,S3,330.0,25.561,22.36
3712,19,S3,333.0,25.564,22.36
3713,19,S3,336.0,25.493,22.36
3714,19,S3,339.0,25.280,22.36
3715,19,S3,342.0,25.374,22.36
3716,19,S3,345.0,25.226,22.36
3717,19,S3,348.0,25.103,22.36
3718,19,S3,351.0,25.122,22.36
3719,19,S3,354.0,25.017,22.36
3720,19,S3,357.0,24.976,22.36
3721,19,S3,360.0,24.878,22.36
3722,19,S3,363.0,24.776,22.36
3723,19,S3,366.0,24.820,22.36
3724,19,S3,369.0,24.775,22.36
3725,19,S3,372.0,24.590,22.36
3726,19,S3,375.0,24.564,22.36
3727,19,S3,378.0,24.487,22.36
3728,19,S3,381.0,24.487,22.36
3729,19,S3,384.0,24.435,22.36
3730,19,S3,387.0,24.345,22.36
3731,19,S3,390.0,24.399,22.36
3732,19,S3,393.0,24.223,22.36
3733,19,S3,396.0,24.243,22.36
3734,19,S3,399.0,24.161,22.36
3735,19,S3,402.0,24.205,22.36
3736,19,S3,405.0,24.120,22.36
3737,19,S3,408.0,24.047,22.36
3738,19,S3,411.0,24.095,22.36
3739,19,S3,414.0,24.005,22.36
3740,19,S3,417.0,23.994,22.36
3741,19,S3,420.0,23.893,22.36
3742,19,S3,423.0,23.871,22.36
3743,19,S3,426.0,23.814,22.36
3744,19,S3,429.0,23.816,22.36
3745,19,S3,432.0,23.788,22.36
3746,19,S3,435.0,23.816,22.36
3747,19,S3,438.0,23.716,22.36
3748,19,S3,441.0,23.620,22.36
3749,19,S3,444.0,23.624,22.36
3750,19,S3,447.0,23.526,22.36
3751,19,S3,450.0,23.580,22.36
3752,19,S3,453.0,23.506,22.36
3753,19,S3,456.0,23.579,22.36
3754,19,S3,459.0,23.455,22.36
3755,19,S3,462.0,23.407,22.36
3756,19,S3,465.0,23.486,22.36
3757,19,S3,468.0,23.414,22.36
3758,19,S3,471.0,23.305,22.36
3759,19,S3,474.0,23.291,22.36
3760,19,S3,477.0,23.273,22.36
3761,19,S3,480.0,23.267,22.36
3762,19,S3,483.0,23.237,22.36
3763,19,S3,486.0,23.274,22.36
3764,19,S3,489.0,23.101,22.36
3765,19,S3,492.0,23.238,22.36
3766,19,S3,495.0,23.213,22.36
3767,19,S3,498.0,23.145,22.36
3768,19,S3,501.0,23.154,22.36
3769,19,S3,504.0,23.202,22.36
3770,19,S3,507.0,23.129,22.36
3771,19,S3,510.0,22.985,22.36
3772,19,S3,513.0,23.107,22.36
3773,19,S3,516.0,23.006,22.36
3774,19,S3,519.0,22.976,22.36
3775,19,S3,522.0,22.977,22.36
3776,19,S3,525.0,22.958,22.36
3777,19,S3,528.0,22.987,22.36
3778,19,S3,531.0,23.011,22.36
3779,19,S3,534.0,22.971,22.36
3780,19,S3,537.0,22.894,22.36
3781,19,S3,540.0,22.869,22.36
3782,19,S3,543.0,23.013,22.36
3783,19,S3,546.0,22.970,22.36
3784,19,S3,549.0,22.812,22.36
3785,19,S3,552.0,22.856,22.36
3786,19,S3,555.0,22.771,22.36
3787,19,S3,558.0,22.833,22.36
3788,19,S3,561.0,22.810,22.36
3789,19,S3,564.0,22.774,22.36
3790,19,S3,567.0,22.762,22.36
3791,19,S3,570.0,22.843,22.36
3792,19,S3,573.0,22.807,22.36
3793,19,S3,576.0,22.726,22.36
3794,19,S3,579.0,22.792,22.36
3795,19,S3,582.0,22.764,22.36
3796,19,S3,585.0,22.671,22.36
3797,19,S3,588.0,22.704,22.36
3798,19,S3,591.0,22.643,22.36
3799,19,S3,594.0,22.718,22.36
3800,19,S3,597.0,22.665,22.36
3801,20,S4,0.0,79.502,20.97
3802,20,S4,3.0,78.448,20.97
3803,20,S4,6.0,77.632,20.97
3804,20,S4,9.0,76.637,20.97
3805,20,S4,12.0,75.829,20.97
3806,20,S4,15.0,75.052,20.97
3807,20,S4,18.0,74.037,20.97
3808,20,S4,21.0,73.315,20.97
3809,20,S4,24.0,72.416,20.97
3810,20,S4,27.0,71.627,20.97
3811,20,S4,30.0,70.900,20.97
3812,20,S4,33.0,70.072,20.97
3813,20,S4,36.0,69.386,20.97
3814,20,S4,39.0,68.558,20.97
3815,20,S4,42.0,67.844,20.97
3816,20,S4,45.0,67.003,20.97
3817,20,S4,48.0,66.446,20.97
3818,20,S4,51.0,65.600,20.97
3819,20,S4,54.0,64.876,20.97
3820,20,S4,57.0,64.114,20.97
3821,20,S4,60.0,63.580,20.97
3822,20,S4,63.0,62.984,20.97
3823,20,S4,66.0,62.258,20.97
3824,20,S4,69.0,61.577,20.97
3825,20,S4,72.0,60.958,20.97
3826,20,S4,75.0,60.325,20.97
3827,20,S4,78.0,59.660,20.97
3828,20,S4,81.0,59.069,20.97
3829,20,S4,84.0,58.482,20.97
3830,20,S4,87.0,57.913,20.97
3831,20,S4,90.0,57.267,20.97
3832,20,S4,93.0,56.668,20.97
3833,20,S4,96.0,56.316,20.97
3834,20,S4,99.0,55.680,20.97
3835,20,S4,102.0,55.082,20.97
3836,20,S4,105.0,54.557,20.97
3837,20,S4,108.0,54.020,20.97
3838,20,S4,111.0,53.480,20.97
3839,20,S4,114.0,53.023,20.97
3840,20,S4,117.0,52.516,20.97
3841,20,S4,120.0,51.964,20.97
3842,20,S4,123.0,51.528,20.97
3843,20,S4,126.0,50.958,20.97
3844,20,S4,129.0,50.592,20.97
3845,20,S4,132.0,50.071,20.97
3846,20,S4,135.0,49.589,20.97
3847,20,S4,138.0,49.154,20.97
3848,20,S4,141.0,48.787,20.97
3849,20,S4,144.0,48.337,20.97
3850,20,S4,147.0,47.809,20.97
3851,20,S4,150.0,47.515,20.97
3852,20,S4,153.0,47.089,20.97
3853,20,S4,156.0,46.691,20.97
3854,20,S4,159.0,46.193,20.97
3855,20,S4,162.0,45.829,20.97
3856,20,S4,165.0,45.337,20.97
3857,20,S4,168.0,45.172,20.97
3858,20,S4,171.0,44.637,20.97
3859,20,S4,174.0,44.259,20.97
3860,20,S4,177.0,43.986,20.97
3861,20,S4,180.0,43.651,20.97
3862,20,S4,183.0,43.170,20.97
3863,20,S4,186.0,42.861,20.97
3864,20,S4,189.0,42.547,20.97
3865,20,S4,192.0,42.105,20.97
3866,20,S4,195.0,41.782,20.97
3867,20,S4,198.0,41.542,20.97
3868,20,S4,201.0,41.161,20.97
3869,20,S4,204.0,40.891,20.97
3870,20,S4,207.0,40.526,20.97
3871,20,S4,210.0,40.296,20.97
3872,20,S4,213.0,39.972,20.97
3873,20,S4,216.0,39.608,20.97
3874,20,S4,219.0,39.431,20.97
3875,20,S4,222.0,39.061,20.97
3876,20,S4,225.0,38.736,20.97
3877,20,S4,228.0,38.597,20.97
3878,20,S4,231.0,38.261,20.97
3879,20,S4,234.0,38.029,20.97
3880,20,S4,237.0,37.659,20.97
3881,20,S4,240.0,37.379,20.97
3882,20,S4,243.0,37.130,20.97
3883,20,S4,246.0,36.920,20.97
3884,20,S4,249.0,36.649,20.97
3885,20,S4,252.0,36.415,20.97
3886,20,S4,255.0,36.200,20.97
3887,20,S4,258.0,36.027,20.97
3888,20,S4,261.0,35.711,20.97
3889,20,S4,264.0,35.487,20.97
3890,20,S4,267.0,35.302,20.97
3891,20,S4,270.0,35.009,20.97
3892,20,S4,273.0,34.757,20.97
3893,20,S4,276.0,34.552,20.97
3894,20,S4,279.0,34.421,20.97
3895,20,S4,282.0,34.168,20.97
3896,20,S4,285.0,33.959,20.97
3897,20,S4,288.0,33.651,20.97
3898,20,S4,291.0,33.510,20.97
3899,20,S4,294.0,33.325,20.97
3900,20,S4,297.0,33.139,20.97
3901,20,S4,300.0,32.997,20.97
3902,20,S4,303.0,32.842,20.97
3903,20,S4,306.0,32.579,20.97
3904,20,S4,309.0,32.370,20.97
3905,20,S4,312.0,32.160,20.97
3906,20,S4,315.0,32.079,20.97
3907,20,S4,318.0,31.875,20.97
3908,20,S4,321.0,31.749,20.97
3909,20,S4,324.0,31.607,20.97
3910,20,S4,327.0,31.455,20.97
3911,20,S4,330.0,31.195,20.97
3912,20,S4,333.0,30.987,20.97
3913,20,S4,336.0,30.900,20.97
3914,20,S4,339.0,30.671,20.97
3915,20,S4,342.0,30.449,20.97
3916,20,S4,345.0,30.416,20.97
3917,20,S4,348.0,30.296,20.97
3918,20,S4,351.0,30.122,20.97
3919,20,S4,354.0,29.881,20.97
3920,20,S4,357.0,29.866,20.97
3921,20,S4,360.0,29.647,20.97
3922,20,S4,363.0,29.616,20.97
3923,20,S4,366.0,29.378,20.97
3924,20,S4,369.0,29.303,20.97
3925,20,S4,372.0,29.279,20.97
3926,20,S4,375.0,29.016,20.97
3927,20,S4,378.0,28.994,20.97
3928,20,S4,381.0,28.810,20.97
3929,20,S4,384.0,28.617,20.97
3930,20,S4,387.0,28.514,20.97
3931,20,S4,390.0,28.353,20.97
3932,20,S4,393.0,28.325,20.97
3933,20,S4,396.0,28.271,20.97
3934,20,S4,399.0,28.091,20.97
3935,20,S4,402.0,27.978,20.97
3936,20,S4,405.0,27.859,20.97
3937,20,S4,408.0,27.910,20.97
3938,20,S4,411.0,27.620,20.97
3939,20,S4,414.0,27.464,20.97
3940,20,S4,417.0,27.415,20.97
3941,20,S4,420.0,27.409,20.97
3942,20,S4,423.0,27.283,20.97
3943,20,S4,426.0,27.135,20.97
3944,20,S4,429.0,27.036,20.97
3945,20,S4,432.0,26.885,20.97
3946,20,S4,435.0,26.887,20.97
3947,20,S4,438.0,26.705,20.97
3948,20,S4,441.0,26.681,20.97
3949,20,S4,444.0,26.581,20.97
3950,20,S4,447.0,26.524,20.97
3951,20,S4,450.0,26.450,20.97
3952,20,S4,453.0,26.317,20.97
3953,20,S4,456.0,26.263,20.97
3954,20,S4,459.0,26.208,20.97
3955,20,S4,462.0,26.072,20.97
3956,20,S4,465.0,26.043,20.97
3957,20,S4,468.0,25.946,20.97
3958,20,S4,471.0,25.841,20.97
3959,20,S4,474.0,25.798,20.97
3960,20,S4,477.0,25.667,20.97
3961,20,S4,480.0,25.646,20.97
3962,20,S4,483.0,25.518,20.97
3963,20,S4,486.0,25.549,20.97
3964,20,S4,489.0,25.480,20.97
3965,20,S4,492.0,25.430,20.97
3966,20,S4,495.0,25.245,20.97
3967,20,S4,498.0,25.184,20.97
3968,20,S4,501.0,25.095,20.97
3969,20,S4,504.0,24.957,20.97
3970,20,S4,507.0,25.080,20.97
3971,20,S4,510.0,24.922,20.97
3972,20,S4,513.0,24.884,20.97
3973,20,S4,516.0,24.773,20.97
3974,20,S4,519.0,24.700,20.97
3975,20,S4,522.0,24.670,20.97
3976,20,S4,525.0,24.637,20.97
3977,20,S4,528.0,24.607,20.97
3978,20,S4,531.0,24.530,20.97
3979,20,S4,534.0,24.329,20.97
3980,20,S4,537.0,24.321,20.97
3981,20,S4,540.0,24.334,20.97
3982,20,S4,543.0,24.280,20.97
3983,20,S4,546.0,24.239,20.97
3984,20,S4,549.0,24.094,20.97
3985,20,S4,552.0,24.100,20.97
3986,20,S4,555.0,24.178,20.97
3987,20,S4,558.0,24.060,20.97
3988,20,S4,561.0,23.991,20.97
3989,20,S4,564.0,23.969,20.97
3990,20,S4,567.0,23.948,20.97
3991,20,S4,570.0,23.800,20.97
3992,20,S4,573.0,23.894,20.97
3993,20,S4,576.0,23.739,20.97
3994,20,S4,579.0,23.651,20.97
3995,20,S4,582.0,23.716,20.97
3996,20,S4,585.0,23.636,20.97
3997,20,S4,588.0,23.624,20.97
3998,20,S4,591.0,23.500,20.97
3999,20,S4,594.0,23.568,20.97
4000,20,S4,597.0,23.473,20.97
4001,21,S1,0.0,84.610,21.65
4002,21,S1,3.0,83.790,21.65
4003,21,S1,6.0,82.832,21.65
4004,21,S1,9.0,82.098,21.65
4005,21,S1,12.0,81.232,21.65
4006,21,S1,15.0,80.323,21.65
4007,21,S1,18.0,79.483,21.65
4008,21,S1,21.0,78.802,21.65
4009,21,S1,24.0,77.894,21.65
4010,21,S1,27.0,77.088,21.65
4011,21,S1,30.0,76.338,21.65
4012,21,S1,33.0,75.486,21.65
4013,21,S1,36.0,74.788,21.65
4014,21,S1,39.0,74.088,21.65
4015,21,S1,42.0,73.355,21.65
4016,21,S1,45.0,72.481,21.65
4017,21,S1,48.0,71.890,21.65
4018,21,S1,51.0,71.083,21.65
4019,21,S1,54.0,70.442,21.65
4020,21,S1,57.0,69.778,21.65
4021,21,S1,60.0,69.024,21.65
4022,21,S1,63.0,68.355,21.65
4023,21,S1,66.0,67.762,21.65
4024,21,S1,69.0,67.174,21.65
4025,21,S1,72.0,66.497,21.65
4026,21,S1,75.0,65.893,21.65
4027,21,S1,78.0,65.245,21.65
4028,21,S1,81.0,64.584,21.65
4029,21,S1,84.0,63.940,21.65
4030,21,S1,87.0,63.367,21.65
4031,21,S1,90.0,62.765,21.65
4032,21,S1,93.0,62.206,21.65
4033,21,S1,96.0,61.618,21.65
4034,21,S1,99.0,61.123,21.65
4035,21,S1,102.0,60.526,21.65
4036,21,S1,105.0,60.037,21.65
4037,21,S1,108.0,59.457,21.65
4038,21,S1,111.0,58.948,21.65
4039,21,S1,114.0,58.352,21.65
4040,21,S1,117.0,57.818,21.65
4041,21,S1,120.0,57.288,21.65
4042,21,S1,123.0,56.804,21.65
4043,21,S1,126.0,56.327,21.65
4044,21,S1,129.0,55.902,21.65
4045,21,S1,132.0,55.383,21.65
4046,21,S1,135.0,54.952,21.65
4047,21,S1,138.0,54.502,21.65
4048,21,S1,141.0,53.973,21.65
4049,21,S1,144.0,53.526,21.65
4050,21,S1,147.0,52.997,21.65
4051,21,S1,150.0,52.510,21.65
4052,21,S1,153.0,52.177,21.65
4053,21,S1,156.0,51.752,21.65
4054,21,S1,159.0,51.305,21.65
4055,21,S1,162.0,50.938,21.65
4056,21,S1,165.0,50.556,21.65
4057,21,S1,168.0,50.135,21.65
4058,21,S1,171.0,49.680,21.65
4059,21,S1,174.0,49.382,21.65
4060,21,S1,177.0,48.955,21.65
4061,21,S1,180.0,48.623,21.65
4062,21,S1,183.0,48.159,21.65
4063,21,S1,186.0,47.703,21.65
4064,21,S1,189.0,47.378,21.65
4065,21,S1,192.0,47.025,21.65
4066,21,S1,195.0,46.608,21.65
4067,21,S1,198.0,46.319,21.65
4068,21,S1,201.0,46.021,21.65
4069,21,S1,204.0,45.579,21.65
4070,21,S1,207.0,45.339,21.65
4071,21,S1,210.0,44.955,21.65
4072,21,S1,213.0,44.634,21.65
4073,21,S1,216.0,44.346,21.65
4074,21,S1,219.0,43.982,21.65
4075,21,S1,222.0,43.681,21.65
4076,21,S1,225.0,43.495,21.65
4077,21,S1,228.0,43.120,21.65
4078,21,S1,231.0,42.744,21.65
4079,21,S1,234.0,42.426,21.65
4080,21,S1,237.0,42.175,21.65
4081,21,S1,240.0,41.834,21.65
4082,21,S1,243.0,41.569,21.65
4083,21,S1,246.0,41.332,21.65
4084,21,S1,249.0,41.186,21.65
4085,21,S1,252.0,40.793,21.65
4086,21,S1,255.0,40.424,21.65
4087,21,S1,258.0,40.226,21.65
4088,21,S1,261.0,39.984,21.65
4089,21,S1,264.0,39.757,21.65
4090,21,S1,267.0,39.430,21.65
4091,21,S1,270.0,39.213,21.65
4092,21,S1,273.0,38.953,21.65
4093,21,S1,276.0,38.706,21.65
4094,21,S1,279.0,38.477,21.65
4095,21,S1,282.0,38.224,21.65
4096,21,S1,285.0,37.995,21.65
4097,21,S1,288.0,37.815,21.65
4098,21,S1,291.0,37.617,21.65
4099,21,S1,294.0,37.363,21.65
4100,21,S1,297.0,37.078,21.65
4101,21,S1,300.0,36.833,21.65
4102,21,S1,303.0,36.601,21.65
4103,21,S1,306.0,36.355,21.65
4104,21,S1,309.0,36.330,21.65
4105,21,S1,312.0,36.104,21.65
4106,21,S1,315.0,35.812,21.65
4107,21,S1,318.0,35.663,21.65
4108,21,S1,321.0,35.375,21.65
4109,21,S1,324.0,35.202,21.65
4110,21,S1,327.0,34.956,21.65
4111,21,S1,330.0,34.946,21.65
4112,21,S1,333.0,34.631,21.65
4113,21,S1,336.0,34.508,21.65
4114,21,S1,339.0,34.375,21.65
4115,21,S1,342.0,34.090,21.65
4116,21,S1,345.0,33.844,21.65
4117,21,S1,348.0,33.753,21.65
4118,21,S1,351.0,33.645,21.65
4119,21,S1,354.0,33.437,21.65
4120,21,S1,357.0,33.246,21.65
4121,21,S1,360.0,33.065,21.65
4122,21,S1,363.0,33.032,21.65
4123,21,S1,366.0,32.785,21.65
4124,21,S1,369.0,32.586,21.65
4125,21,S1,372.0,32.498,21.65
4126,21,S1,375.0,32.324,21.65
4127,21,S1,378.0,32.207,21.65
4128,21,S1,381.0,32.142,21.65
4129,21,S1,384.0,31.830,21.65
4130,21,S1,387.0,31.824,21.65
4131,21,S1,390.0,31.691,21.65
4132,21,S1,393.0,31.477,21.65
4133,21,S1,396.0,31.375,21.65
4134,21,S1,399.0,31.126,21.65
4135,21,S1,402.0,31.119,21.65
4136,21,S1,405.0,31.006,21.65
4137,21,S1,408.0,30.813,21.65
4138,21,S1,411.0,30.695,21.65
4139,21,S1,414.0,30.556,21.65
4140,21,S1,417.0,30.389,21.65
4141,21,S1,420.0,30.263,21.65
4142,21,S1,423.0,30.154,21.65
4143,21,S1,426.0,30.110,21.65
4144,21,S1,429.0,29.885,21.65
4145,21,S1,432.0,29.746,21.65
4146,21,S1,435.0,29.769,21.65
4147,21,S1,438.0,29.639,21.65
4148,21,S1,441.0,29.386,21.65
4149,21,S1,444.0,29.389,21.65
4150,21,S1,447.0,29.263,21.65
4151,21,S1,450.0,29.155,21.65
4152,21,S1,453.0,29.100,21.65
4153,21,S1,456.0,28.940,21.65
4154,21,S1,459.0,28.840,21.65
4155,21,S1,462.0,28.687,21.65
4156,21,S1,465.0,28.601,21.65
4157,21,S1,468.0,28.505,21.65
4158,21,S1,471.0,28.449,21.65
4159,21,S1,474.0,28.307,21.65
4160,21,S1,477.0,28.320,21.65
4161,21,S1,480.0,28.206,21.65
4162,21,S1,483.0,28.040,21.65
4163,21,S1,486.0,28.073,21.65
4164,21,S1,489.0,27.916,21.65
4165,21,S1,492.0,27.773,21.65
4166,21,S1,495.0,27.773,21.65
4167,21,S1,498.0,27.597,21.65
4168,21,S1,501.0,27.520,21.65
4169,21,S1,504.0,27.366,21.65
4170,21,S1,507.0,27.309,21.65
4171,21,S1,510.0,27.297,21.65
4172,21,S1,513.0,27.263,21.65
4173,21,S1,516.0,27.219,21.65
4174,21,S1,519.0,27.021,21.65
4175,21,S1,522.0,26.898,21.65
4176,21,S1,525.0,26.954,21.65
4177,21,S1,528.0,26.782,21.65
4178,21,S1,531.0,26.747,21.65
4179,21,S1,534.0,26.715,21.65
4180,21,S1,537.0,26.541,21.65
4181,21,S1,540.0,26.576,21.65
4182,21,S1,543.0,26.565,21.65
4183,21,S1,546.0,26.450,21.65
4184,21,S1,549.0,26.386,21.65
4185,21,S1,552.0,26.288,21.65
4186,21,S1,555.0,26.227,21.65
4187,21,S1,558.0,26.205,21.65
4188,21,S1,561.0,26.111,21.65
4189,21,S1,564.0,26.001,21.65
4190,21,S1,567.0,25.997,21.65
4191,21,S1,570.0,25.815,21.65
4192,21,S1,573.0,25.873,21.65
4193,21,S1,576.0,25.789,21.65
4194,21,S1,579.0,25.659,21.65
4195,21,S1,582.0,25.627,21.65
4196,21,S1,585.0,25.586,21.65
4197,21,S1,588.0,25.501,21.65
4198,21,S1,591.0,25.563,21.65
4199,21,S1,594.0,25.463,21.65
4200,21,S1,597.0,25.398,21.65
4201,22,S2,0.0,84.418,20.45
4202,22,S2,3.0,82.821,20.45
4203,22,S2,6.0,81.272,20.45
4204,22,S2,9.0,79.724,20.45
4205,22,S2,12.0,78.291,20.45
4206,22,S2,15.0,76.780,20.45
4207,22,S2,18.0,75.461,20.45
4208,22,S2,21.0,74.102,20.45
4209,22,S2,24.0,72.631,20.45
4210,22,S2,27.0,71.415,20.45
4211,22,S2,30.0,70.179,20.45
4212,22,S2,33.0,68.900,20.45
4213,22,S2,36.0,67.608,20.45
4214,22,S2,39.0,66.549,20.45
4215,22,S2,42.0,65.340,20.45
4216,22,S2,45.0,64.303,20.45
4217,22,S2,48.0,63.024,20.45
4218,22,S2,51.0,62.045,20.45
4219,22,S2,54.0,60.992,20.45
4220,22,S2,57.0,59.988,20.45
4221,22,S2,60.0,58.973,20.45
4222,22,S2,63.0,58.097,20.45
4223,22,S2,66.0,57.152,20.45
4224,22,S2,69.0,56.277,20.45
4225,22,S2,72.0,55.399,20.45
4226,22,S2,75.0,54.376,20.45
4227,22,S2,78.0,53.706,20.45
4228,22,S2,81.0,52.758,20.45
4229,22,S2,84.0,51.977,20.45
4230,22,S2,87.0,51.270,20.45
4231,22,S2,90.0,50.470,20.45
4232,22,S2,93.0,49.592,20.45
4233,22,S2,96.0,48.982,20.45
4234,22,S2,99.0,48.192,20.45
4235,22,S2,102.0,47.503,20.45
4236,22,S2,105.0,46.821,20.45
4237,22,S2,108.0,46.251,20.45
4238,22,S2,111.0,45.526,20.45
4239,22,S2,114.0,44.900,20.45
4240,22,S2,117.0,44.258,20.45
4241,22,S2,120.0,43.740,20.45
4242,22,S2,123.0,43.225,20.45
4243,22,S2,126.0,42.620,20.45
4244,22,S2,129.0,41.947,20.45
4245,22,S2,132.0,41.506,20.45
4246,22,S2,135.0,40.914,20.45
4247,22,S2,138.0,40.448,20.45
4248,22,S2,141.0,39.996,20.45
4249,22,S2,144.0,39.474,20.45
4250,22,S2,147.0,39.048,20.45
4251,22,S2,150.0,38.471,20.45
4252,22,S2,153.0,38.035,20.45
4253,22,S2,156.0,37.637,20.45
4254,22,S2,159.0,37.229,20.45
4255,22,S2,162.0,36.855,20.45
4256,22,S2,165.0,36.407,20.45
4257,22,S2,168.0,36.133,20.45
4258,22,S2,171.0,35.634,20.45
4259,22,S2,174.0,35.216,20.45
4260,22,S2,177.0,34.874,20.45
4261,22,S2,180.0,34.496,20.45
4262,22,S2,183.0,34.142,20.45
4263,22,S2,186.0,33.840,20.45
4264,22,S2,189.0,33.475,20.45
4265,22,S2,192.0,33.133,20.45
4266,22,S2,195.0,32.787,20.45
4267,22,S2,198.0,32.478,20.45
4268,22,S2,201.0,32.155,20.45
4269,22,S2,204.0,31.925,20.45
4270,22,S2,207.0,31.657,20.45
4271,22,S2,210.0,31.399,20.45
4272,22,S2,213.0,31.076,20.45
4273,22,S2,216.0,30.768,20.45
4274,22,S2,219.0,30.650,20.45
4275,22,S2,222.0,30.435,20.45
4276,22,S2,225.0,30.019,20.45
4277,22,S2,228.0,29.902,20.45
4278,22,S2,231.0,29.646,20.45
4279,22,S2,234.0,29.351,20.45
4280,22,S2,237.0,29.248,20.45
4281,22,S2,240.0,28.865,20.45
4282,22,S2,243.0,28.681,20.45
4283,22,S2,246.0,28.480,20.45
4284,22,S2,249.0,28.280,20.45
4285,22,S2,252.0,28.064,20.45
4286,22,S2,255.0,27.909,20.45
4287,22,S2,258.0,27.668,20.45
4288,22,S2,261.0,27.541,20.45
4289,22,S2,264.0,27.437,20.45
4290,22,S2,267.0,27.249,20.45
4291,22,S2,270.0,27.031,20.45
4292,22,S2,273.0,26.866,20.45
4293,22,S2,276.0,26.786,20.45
4294,22,S2,279.0,26.505,20.45
4295,22,S2,282.0,26.371,20.45
4296,22,S2,285.0,26.242,20.45
4297,22,S2,288.0,26.069,20.45
4298,22,S2,291.0,25.952,20.45
4299,22,S2,294.0,25.825,20.45
4300,22,S2,297.0,25.827,20.45
4301,22,S2,300.0,25.470,20.45
4302,22,S2,303.0,25.495,20.45
4303,22,S2,306.0,25.290,20.45
4304,22,S2,309.0,25.228,20.45
4305,22,S2,312.0,25.052,20.45
4306,22,S2,315.0,24.928,20.45
4307,22,S2,318.0,24.711,20.45
4308,22,S2,321.0,24.806,20.45
4309,22,S2,324.0,24.668,20.45
4310,22,S2,327.0,24.529,20.45
4311,22,S2,330.0,24.441,20.45
4312,22,S2,333.0,24.318,20.45
4313,22,S2,336.0,24.171,20.45
4314,22,S2,339.0,24.185,20.45
4315,22,S2,342.0,24.072,20.45
4316,22,S2,345.0,23.894,20.45
4317,22,S2,348.0,23.927,20.45
4318,22,S2,351.0,23.794,20.45
4319,22,S2,354.0,23.688,20.45
4320,22,S2,357.0,23.718,20.45
4321,22,S2,360.0,23.516,20.45
4322,22,S2,363.0,23.448,20.45
4323,22,S2,366.0,23.408,20.45
4324,22,S2,369.0,23.278,20.45
4325,22,S2,372.0,23.147,20.45
4326,22,S2,375.0,23.104,20.45
4327,22,S2,378.0,23.081,20.45
4328,22,S2,381.0,22.954,20.45
4329,22,S2,384.0,22.935,20.45
4330,22,S2,387.0,22.929,20.45
4331,22,S2,390.0,22.807,20.45
4332,22,S2,393.0,22.777,20.45
4333,22,S2,396.0,22.707,20.45
4334,22,S2,399.0,22.758,20.45
4335,22,S2,402.0,22.631,20.45
4336,22,S2,405.0,22.568,20.45
4337,22,S2,408.0,22.519,20.45
4338,22,S2,411.0,22.468,20.45
4339,22,S2,414.0,22.470,20.45
4340,22,S2,417.0,22.390,20.45
4341,22,S2,420.0,22.302,20.45
4342,22,S2,423.0,22.251,20.45
4343,22,S2,426.0,22.306,20.45
4344,22,S2,429.0,22.207,20.45
4345,22,S2,432.0,21.998,20.45
4346,22,S2,435.0,22.104,20.45
4347,22,S2,438.0,22.019,20.45
4348,22,S2,441.0,22.084,20.45
4349,22,S2,444.0,21.965,20.45
4350,22,S2,447.0,21.935,20.45
4351,22,S2,450.0,21.966,20.45
4352,22,S2,453.0,21.810,20.45
4353,22,S2,456.0,21.716,20.45
4354,22,S2,459.0,21.889,20.45
4355,22,S2,462.0,21.813,20.45
4356,22,S2,465.0,21.690,20.45
4357,22,S2,468.0,21.678,20.45
4358,22,S2,471.0,21.608,20.45
4359,22,S2,474.0,21.695,20.45
4360,22,S2,477.0,21.527,20.45
4361,22,S2,480.0,21.629,20.45
4362,22,S2,483.0,21.519,20.45
4363,22,S2,486.0,21.500,20.45
4364,22,S2,489.0,21.517,20.45
4365,22,S2,492.0,21.433,20.45
4366,22,S2,495.0,21.594,20.45
4367,22,S2,498.0,21.396,20.45
4368,22,S2,501.0,21.349,20.45
4369,22,S2,504.0,21.317,20.45
4370,22,S2,507.0,21.342,20.45
4371,22,S2,510.0,21.380,20.45
4372,22,S2,513.0,21.318,20.45
4373,22,S2,516.0,21.179,20.45
4374,22,S2,519.0,21.284,20.45
4375,22,S2,522.0,21.271,20.45
4376,22,S2,525.0,21.198,20.45
4377,22,S2,528.0,21.197,20.45
4378,22,S2,531.0,21.180,20.45
4379,22,S2,534.0,21.214,20.45
4380,22,S2,537.0,21.124,20.45
4381,22,S2,540.0,21.111,20.45
4382,22,S2,543.0,21.132,20.45
4383,22,S2,546.0,21.107,20.45
4384,22,S2,549.0,21.043,20.45
4385,22,S2,552.0,21.135,20.45
4386,22,S2,555.0,20.957,20.45
4387,22,S2,558.0,21.037,20.45
4388,22,S2,561.0,21.056,20.45
4389,22,S2,564.0,20.950,20.45
4390,22,S2,567.0,21.060,20.45
4391,22,S2,570.0,20.960,20.45
4392,22,S2,573.0,20.955,20.45
4393,22,S2,576.0,20.978,20.45
4394,22,S2,579.0,20.924,20.45
4395,22,S2,582.0,21.005,20.45
4396,22,S2,585.0,20.972,20.45
4397,22,S2,588.0,20.907,20.45
4398,22,S2,591.0,20.799,20.45
4399,22,S2,594.0,20.944,20.45
4400,22,S2,597.0,20.893,20.45
4401,23,S3,0.0,81.071,20.43
4402,23,S3,3.0,80.132,20.43
4403,23,S3,6.0,79.004,20.43
4404,23,S3,9.0,78.100,20.43
4405,23,S3,12.0,77.123,20.43
4406,23,S3,15.0,76.154,20.43
4407,23,S3,18.0,75.260,20.43
4408,23,S3,21.0,74.353,20.43
4409,23,S3,24.0,73.445,20.43
4410,23,S3,27.0,72.482,20.43
4411,23,S3,30.0,71.634,20.43
4412,23,S3,33.0,70.821,20.43
4413,23,S3,36.0,69.888,20.43
4414,23,S3,39.0,69.107,20.43
4415,23,S3,42.0,68.271,20.43
4416,23,S3,45.0,67.463,20.43
4417,23,S3,48.0,66.598,20.43
4418,23,S3,51.0,65.884,20.43
4419,23,S3,54.0,65.049,20.43
4420,23,S3,57.0,64.376,20.43
4421,23,S3,60.0,63.659,20.43
4422,23,S3,63.0,62.886,20.43
4423,23,S3,66.0,62.050,20.43
4424,23,S3,69.0,61.499,20.43
4425,23,S3,72.0,60.842,20.43
4426,23,S3,75.0,60.109,20.43
4427,23,S3,78.0,59.492,20.43
4428,23,S3,81.0,58.790,20.43
4429,23,S3,84.0,58.106,20.43
4430,23,S3,87.0,57.635,20.43
4431,23,S3,90.0,56.868,20.43
4432,23,S3,93.0,56.203,20.43
4433,23,S3,96.0,55.586,20.43
4434,23,S3,99.0,55.095,20.43
4435,23,S3,102.0,54.458,20.43
4436,23,S3,105.0,53.900,20.43
4437,23,S3,108.0,53.331,20.43
4438,23,S3,111.0,52.732,20.43
4439,23,S3,114.0,52.249,20.43
4440,23,S3,117.0,51.678,20.43
4441,23,S3,120.0,51.172,20.43
4442,23,S3,123.0,50.704,20.43
4443,23,S3,126.0,50.136,20.43
4444,23,S3,129.0,49.674,20.43
4445,23,S3,132.0,49.188,20.43
4446,23,S3,135.0,48.600,20.43
4447,23,S3,138.0,48.237,20.43
4448,23,S3,141.0,47.695,20.43
4449,23,S3,144.0,47.324,20.43
4450,23,S3,147.0,46.790,20.43
4451,23,S3,150.0,46.404,20.43
4452,23,S3,153.0,45.935,20.43
4453,23,S3,156.0,45.497,20.43
4454,23,S3,159.0,45.146,20.43
4455,23,S3,162.0,44.632,20.43
4456,23,S3,165.0,44.271,20.43
4457,23,S3,168.0,43.858,20.43
4458,23,S3,171.0,43.473,20.43
4459,23,S3,174.0,43.049,20.43
4460,23,S3,177.0,42.736,20.43
4461,23,S3,180.0,42.209,20.43
4462,23,S3,183.0,41.918,20.43
4463,23,S3,186.0,41.489,20.43
4464,23,S3,189.0,41.312,20.43
4465,23,S3,192.0,40.867,20.43
4466,23,S3,195.0,40.578,20.43
4467,23,S3,198.0,40.183,20.43
4468,23,S3,201.0,39.845,20.43
4469,23,S3,204.0,39.562,20.43
4470,23,S3,207.0,39.173,20.43
4471,23,S3,210.0,38.916,20.43
4472,23,S3,213.0,38.598,20.43
4473,23,S3,216.0,38.272,20.43
4474,23,S3,219.0,37.918,20.43
4475,23,S3,222.0,37.667,20.43
4476,23,S3,225.0,37.389,20.43
4477,23,S3,228.0,37.080,20.43
4478,23,S3,231.0,36.750,20.43
4479,23,S3,234.0,36.525,20.43
4480,23,S3,237.0,36.235,20.43
4481,23,S3,240.0,35.998,20.43
4482,23,S3,243.0,35.675,20.43
4483,23,S3,246.0,35.506,20.43
4484,23,S3,249.0,35.308,20.43
4485,23,S3,252.0,35.041,20.43
4486,23,S3,255.0,34.731,20.43
4487,23,S3,258.0,34.486,20.43
4488,23,S3,261.0,34.243,20.43
4489,23,S3,264.0,33.929,20.43
4490,23,S3,267.0,33.836,20.43
4491,23,S3,270.0,33.599,20.43
4492,23,S3,273.0,33.301,20.43
4493,23,S3,276.0,33.130,20.43
4494,23,S3,279.0,32.913,20.43
4495,23,S3,282.0,32.756,20.43
4496,23,S3,285.0,32.534,20.43
4497,23,S3,288.0,32.224,20.43
4498,23,S3,291.0,32.105,20.43
4499,23,S3,294.0,31.900,20.43
4500,23,S3,297.0,31.646,20.43
4501,23,S3,300.0,31.496,20.43
4502,23,S3,303.0,31.314,20.43
4503,23,S3,306.0,31.190,20.43
4504,23,S3,309.0,30.969,20.43
4505,23,S3,312.0,30.793,20.43
4506,23,S3,315.0,30.642,20.43
4507,23,S3,318.0,30.429,20.43
4508,23,S3,321.0,30.260,20.43
4509,23,S3,324.0,30.081,20.43
4510,23,S3,327.0,29.921,20.43
4511,23,S3,330.0,29.763,20.43
4512,23,S3,333.0,29.547,20.43
4513,23,S3,336.0,29.401,20.43
4514,23,S3,339.0,29.246,20.43
4515,23,S3,342.0,29.053,20.43
4516,23,S3,345.0,29.043,20.43
4517,23,S3,348.0,28.892,20.43
4518,23,S3,351.0,28.833,20.43
4519,23,S3,354.0,28.631,20.43
4520,23,S3,357.0,28.475,20.43
4521,23,S3,360.0,28.386,20.43
4522,23,S3,363.0,28.166,20.43
4523,23,S3,366.0,28.119,20.43
4524,23,S3,369.0,27.912,20.43
4525,23,S3,372.0,27.751,20.43
4526,23,S3,375.0,27.718,20.43
4527,23,S3,378.0,27.551,20.43
4528,23,S3,381.0,27.481,20.43
4529,23,S3,384.0,27.282,20.43
4530,23,S3,387.0,27.183,20.43
4531,23,S3,390.0,27.133,20.43
4532,23,S3,393.0,26.978,20.43
4533,23,S3,396.0,26.884,20.43
4534,23,S3,399.0,26.797,20.43
4535,23,S3,402.0,26.668,20.43
4536,23,S3,405.0,26.485,20.43
4537,23,S3,408.0,26.392,20.43
4538,23,S3,411.0,26.321,20.43
4539,23,S3,414.0,26.214,20.43
4540,23,S3,417.0,26.092,20.43
4541,23,S3,420.0,26.018,20.43
4542,23,S3,423.0,25.840,20.43
4543,23,S3,426.0,25.839,20.43
4544,23,S3,429.0,25.749,20.43
4545,23,S3,432.0,25.708,20.43
4546,23,S3,435.0,25.601,20.43
4547,23,S3,438.0,25.474,20.43
4548,23,S3,441.0,25.480,20.43
4549,23,S3,444.0,25.365,20.43
4550,23,S3,447.0,25.132,20.43
4551,23,S3,450.0,25.115,20.43
4552,23,S3,453.0,25.070,20.43
4553,23,S3,456.0,24.976,20.43
4554,23,S3,459.0,24.963,20.43
4555,23,S3,462.0,24.834,20.43
4556,23,S3,465.0,24.800,20.43
4557,23,S3,468.0,24.790,20.43
4558,23,S3,471.0,24.677,20.43
4559,23,S3,474.0,24.542,20.43
4560,23,S3,477.0,24.437,20.43
4561,23,S3,480.0,24.538,20.43
4562,23,S3,483.0,24.285,20.43
4563,23,S3,486.0,24.327,20.43
4564,23,S3,489.0,24.207,20.43
4565,23,S3,492.0,24.165,20.43
4566,23,S3,495.0,24.068,20.43
4567,23,S3,498.0,23.926,20.43
4568,23,S3,501.0,23.987,20.43
4569,23,S3,504.0,24.022,20.43
4570,23,S3,507.0,23.842,20.43
4571,23,S3,510.0,23.739,20.43
4572,23,S3,513.0,23.772,20.43
4573,23,S3,516.0,23.673,20.43
4574,23,S3,519.0,23.592,20.43
4575,23,S3,522.0,23.599,20.43
4576,23,S3,525.0,23.580,20.43
4577,23,S3,528.0,23.448,20.43
4578,23,S3,531.0,23.385,20.43
4579,23,S3,534.0,23.266,20.43
4580,23,S3,537.0,23.233,20.43
4581,23,S3,540.0,23.243,20.43
4582,23,S3,543.0,23.300,20.43
4583,23,S3,546.0,23.112,20.43
4584,23,S3,549.0,23.070,20.43
4585,23,S3,552.0,23.072,20.43
4586,23,S3,555.0,23.016,20.43
4587,23,S3,558.0,23.030,20.43
4588,23,S3,561.0,22.940,20.43
4589,23,S3,564.0,22.928,20.43
4590,23,S3,567.0,22.812,20.43
4591,23,S3,570.0,22.824,20.43
4592,23,S3,573.0,22.748,20.43
4593,23,S3,576.0,22.787,20.43
4594,23,S3,579.0,22.702,20.43
4595,23,S3,582.0,22.667,20.43
4596,23,S3,585.0,22.661,20.43
4597,23,S3,588.0,22.593,20.43
4598,23,S3,591.0,22.550,20.43
4599,23,S3,594.0,22.506,20.43
4600,23,S3,597.0,22.499,20.43
4601,24,S4,0.0,74.443,21.38
4602,24,S4,3.0,72.703,21.38
4603,24,S4,6.0,71.113,21.38
4604,24,S4,9.0,69.517,21.38
4605,24,S4,12.0,68.075,21.38
4606,24,S4,15.0,66.516,21.38
4607,24,S4,18.0,65.145,21.38
4608,24,S4,21.0,63.754,21.38
4609,24,S4,24.0,62.431,21.38
4610,24,S4,27.0,61.021,21.38
4611,24,S4,30.0,59.726,21.38
4612,24,S4,33.0,58.663,21.38
4613,24,S4,36.0,57.397,21.38
4614,24,S4,39.0,56.236,21.38
4615,24,S4,42.0,55.181,21.38
4616,24,S4,45.0,54.151,21.38
4617,24,S4,48.0,53.040,21.38
4618,24,S4,51.0,52.037,21.38
4619,24,S4,54.0,51.073,21.38
4620,24,S4,57.0,50.140,21.38
4621,24,S4,60.0,49.206,21.38
4622,24,S4,63.0,48.356,21.38
4623,24,S4,66.0,47.509,21.38
4624,24,S4,69.0,46.729,21.38
4625,24,S4,72.0,45.877,21.38
4626,24,S4,75.0,45.083,21.38
4627,24,S4,78.0,44.353,21.38
4628,24,S4,81.0,43.602,21.38
4629,24,S4,84.0,42.859,21.38
4630,24,S4,87.0,42.236,21.38
4631,24,S4,90.0,41.559,21.38
4632,24,S4,93.0,40.881,21.38
4633,24,S4,96.0,40.260,21.38
4634,24,S4,99.0,39.626,21.38
4635,24,S4,102.0,39.142,21.38
4636,24,S4,105.0,38.505,21.38
4637,24,S4,108.0,38.046,21.38
4638,24,S4,111.0,37.441,21.38
4639,24,S4,114.0,36.907,21.38
4640,24,S4,117.0,36.564,21.38
4641,24,S4,120.0,36.097,21.38
4642,24,S4,123.0,35.485,21.38
4643,24,S4,126.0,35.088,21.38
4644,24,S4,129.0,34.622,21.38
4645,24,S4,132.0,34.268,21.38
4646,24,S4,135.0,33.788,21.38
4647,24,S4,138.0,33.380,21.38
4648,24,S4,141.0,32.998,21.38
4649,24,S4,144.0,32.632,21.38
4650,24,S4,147.0,32.271,21.38
4651,24,S4,150.0,32.006,21.38
4652,24,S4,153.0,31.669,21.38
4653,24,S4,156.0,31.298,21.38
4654,24,S4,159.0,30.978,21.38
4655,24,S4,162.0,30.725,21.38
4656,24,S4,165.0,30.342,21.38
4657,24,S4,168.0,30.132,21.38
4658,24,S4,171.0,29.872,21.38
4659,24,S4,174.0,29.491,21.38
4660,24,S4,177.0,29.301,21.38
4661,24,S4,180.0,29.227,21.38
4662,24,S4,183.0,28.861,21.38
4663,24,S4,186.0,28.475,21.38
4664,24,S4,189.0,28.340,21.38
4665,24,S4,192.0,28.160,21.38
4666,24,S4,195.0,27.872,21.38
4667,24,S4,198.0,27.783,21.38
4668,24,S4,201.0,27.555,21.38
4669,24,S4,204.0,27.273,21.38
4670,24,S4,207.0,27.191,21.38
4671,24,S4,210.0,26.950,21.38
4672,24,S4,213.0,26.736,21.38
4673,24,S4,216.0,26.547,21.38
4674,24,S4,219.0,26.368,21.38
4675,24,S4,222.0,26.237,21.38
4676,24,S4,225.0,26.084,21.38
4677,24,S4,228.0,25.900,21.38
4678,24,S4,231.0,25.814,21.38
4679,24,S4,234.0,25.750,21.38
4680,24,S4,237.0,25.602,21.38
4681,24,S4,240.0,25.406,21.38
4682,24,S4,243.0,25.333,21.38
4683,24,S4,246.0,25.157,21.38
4684,24,S4,249.0,25.026,21.38
4685,24,S4,252.0,24.978,21.38
4686,24,S4,255.0,24.728,21.38
4687,24,S4,258.0,24.730,21.38
4688,24,S4,261.0,24.578,21.38
4689,24,S4,264.0,24.485,21.38
4690,24,S4,267.0,24.351,21.38
4691,24,S4,270.0,24.294,21.38
4692,24,S4,273.0,24.255,21.38
4693,24,S4,276.0,24.095,21.38
4694,24,S4,279.0,23.992,21.38
4695,24,S4,282.0,24.000,21.38
4696,24,S4,285.0,23.871,21.38
4697,24,S4,288.0,23.736,21.38
4698,24,S4,291.0,23.659,21.38
4699,24,S4,294.0,23.592,21.38
4700,24,S4,297.0,23.571,21.38
4701,24,S4,300.0,23.546,21.38
4702,24,S4,303.0,23.470,21.38
4703,24,S4,306.0,23.338,21.38
4704,24,S4,309.0,23.231,21.38
4705,24,S4,312.0,23.254,21.38
4706,24,S4,315.0,23.123,21.38
4707,24,S4,318.0,23.121,21.38
4708,24,S4,321.0,23.035,21.38
4709,24,S4,324.0,23.116,21.38
4710,24,S4,327.0,22.978,21.38
4711,24,S4,330.0,22.890,21.38
4712,24,S4,333.0,22.833,21.38
4713,24,S4,336.0,22.753,21.38
4714,24,S4,339.0,22.727,21.38
4715,24,S4,342.0,22.788,21.38
4716,24,S4,345.0,22.563,21.38
4717,24,S4,348.0,22.673,21.38
4718,24,S4,351.0,22.648,21.38
4719,24,S4,354.0,22.496,21.38
4720,24,S4,357.0,22.500,21.38
4721,24,S4,360.0,22.473,21.38
4722,24,S4,363.0,22.459,21.38
4723,24,S4,366.0,22.441,21.38
4724,24,S4,369.0,22.452,21.38
4725,24,S4,372.0,22.382,21.38
4726,24,S4,375.0,22.261,21.38
4727,24,S4,378.0,22.327,21.38
4728,24,S4,381.0,22.287,21.38
4729,24,S4,384.0,22.329,21.38
4730,24,S4,387.0,22.215,21.38
4731,24,S4,390.0,22.115,21.38
4732,24,S4,393.0,22.117,21.38
4733,24,S4,396.0,22.113,21.38
4734,24,S4,399.0,22.084,21.38
4735,24,S4,402.0,22.139,21.38
4736,24,S4,405.0,22.036,21.38
4737,24,S4,408.0,22.037,21.38
4738,24,S4,411.0,22.007,21.38
4739,24,S4,414.0,21.944,21.38
4740,24,S4,417.0,22.004,21.38
4741,24,S4,420.0,21.945,21.38
4742,24,S4,423.0,21.921,21.38
4743,24,S4,426.0,21.989,21.38
4744,24,S4,429.0,21.873,21.38
4745,24,S4,432.0,21.929,21.38
4746,24,S4,435.0,21.855,21.38
4747,24,S4,438.0,21.897,21.38
4748,24,S4,441.0,21.795,21.38
4749,24,S4,444.0,21.883,21.38
4750,24,S4,447.0,21.731,21.38
4751,24,S4,450.0,21.868,21.38
4752,24,S4,453.0,21.765,21.38
4753,24,S4,456.0,21.769,21.38
4754,24,S4,459.0,21.702,21.38
4755,24,S4,462.0,21.827,21.38
4756,24,S4,465.0,21.772,21.38
4757,24,S4,468.0,21.618,21.38
4758,24,S4,471.0,21.705,21.38
4759,24,S4,474.0,21.790,21.38
4760,24,S4,477.0,21.712,21.38
4761,24,S4,480.0,21.717,21.38
4762,24,S4,483.0,21.673,21.38
4763,24,S4,486.0,21.570,21.38
4764,24,S4,489.0,21.618,21.38
4765,24,S4,492.0,21.703,21.38
4766,24,S4,495.0,21.608,21.38
4767,24,S4,498.0,21.592,21.38
4768,24,S4,501.0,21.571,21.38
4769,24,S4,504.0,21.525,21.38
4770,24,S4,507.0,21.578,21.38
4771,24,S4,510.0,21.676,21.38
4772,24,S4,513.0,21.620,21.38
4773,24,S4,516.0,21.629,21.38
4774,24,S4,519.0,21.566,21.38
4775,24,S4,522.0,21.579,21.38
4776,24,S4,525.0,21.601,21.38
4777,24,S4,528.0,21.531,21.38
4778,24,S4,531.0,21.564,21.38
4779,24,S4,534.0,21.465,21.38
4780,24,S4,537.0,21.511,21.38
4781,24,S4,540.0,21.548,21.38
4782,24,S4,543.0,21.492,21.38
4783,24,S4,546.0,21.566,21.38
4784,24,S4,549.0,21.481,21.38
4785,24,S4,552.0,21.567,21.38
4786,24,S4,555.0,21.474,21.38
4787,24,S4,558.0,21.522,21.38
4788,24,S4,561.0,21.416,21.38
4789,24,S4,564.0,21.469,21.38
4790,24,S4,567.0,21.455,21.38
4791,24,S4,570.0,21.516,21.38
4792,24,S4,573.0,21.507,21.38
4793,24,S4,576.0,21.497,21.38
4794,24,S4,579.0,21.369,21.38
4795,24,S4,582.0,21.601,21.38
4796,24,S4,585.0,21.551,21.38
4797,24,S4,588.0,21.478,21.38
4798,24,S4,591.0,21.486,21.38
4799,24,S4,594.0,21.502,21.38
4800,24,S4,597.0,21.455,21.38
4801,25,S1,0.0,82.709,21.24
4802,25,S1,3.0,81.380,21.24
4803,25,S1,6.0,80.107,21.24
4804,25,S1,9.0,78.935,21.24
4805,25,S1,12.0,77.644,21.24
4806,25,S1,15.0,76.635,21.24
4807,25,S1,18.0,75.471,21.24
4808,25,S1,21.0,74.298,21.24
4809,25,S1,24.0,73.224,21.24
4810,25,S1,27.0,72.125,21.24
4811,25,S1,30.0,71.149,21.24
4812,25,S1,33.0,70.132,21.24
4813,25,S1,36.0,69.046,21.24
4814,25,S1,39.0,68.086,21.24
4815,25,S1,42.0,67.223,21.24
4816,25,S1,45.0,66.233,21.24
4817,25,S1,48.0,65.340,21.24
4818,25,S1,51.0,64.397,21.24
4819,25,S1,54.0,63.492,21.24
4820,25,S1,57.0,62.573,21.24
4821,25,S1,60.0,61.774,21.24
4822,25,S1,63.0,60.911,21.24
4823,25,S1,66.0,60.119,21.24
4824,25,S1,69.0,59.288,21.24
4825,25,S1,72.0,58.431,21.24
4826,25,S1,75.0,57.713,21.24
4827,25,S1,78.0,57.008,21.24
4828,25,S1,81.0,56.294,21.24
4829,25,S1,84.0,55.554,21.24
4830,25,S1,87.0,54.919,21.24
4831,25,S1,90.0,54.269,21.24
4832,25,S1,93.0,53.469,21.24
4833,25,S1,96.0,52.791,21.24
4834,25,S1,99.0,52.171,21.24
4835,25,S1,102.0,51.582,21.24
4836,25,S1,105.0,50.905,21.24
4837,25,S1,108.0,50.347,21.24
4838,25,S1,111.0,49.777,21.24
4839,25,S1,114.0,49.027,21.24
4840,25,S1,117.0,48.511,21.24
4841,25,S1,120.0,47.881,21.24
4842,25,S1,123.0,47.463,21.24
4843,25,S1,126.0,46.864,21.24
4844,25,S1,129.0,46.348,21.24
4845,25,S1,132.0,45.905,21.24
4846,25,S1,135.0,45.401,21.24
4847,25,S1,138.0,44.824,21.24
4848,25,S1,141.0,44.332,21.24
4849,25,S1,144.0,43.841,21.24
4850,25,S1,147.0,43.348,21.24
4851,25,S1,150.0,42.975,21.24
4852,25,S1,153.0,42.442,21.24
4853,25,S1,156.0,42.116,21.24
4854,25,S1,159.0,41.632,21.24
4855,25,S1,162.0,41.243,21.24
4856,25,S1,165.0,40.840,21.24
4857,25,S1,168.0,40.485,21.24
4858,25,S1,171.0,39.987,21.24
4859,25,S1,174.0,39.592,21.24
4860,25,S1,177.0,39.150,21.24
4861,25,S1,180.0,38.934,21.24
4862,25,S1,183.0,38.525,21.24
4863,25,S1,186.0,38.273,21.24
4864,25,S1,189.0,37.749,21.24
4865,25,S1,192.0,37.459,21.24
4866,25,S1,195.0,37.036,21.24
4867,25,S1,198.0,36.815,21.24
4868,25,S1,201.0,36.508,21.24
4869,25,S1,204.0,36.211,21.24
4870,25,S1,207.0,35.902,21.24
4871,25,S1,210.0,35.555,21.24
4872,25,S1,213.0,35.256,21.24
4873,25,S1,216.0,35.029,21.24
4874,25,S1,219.0,34.704,21.24
4875,25,S1,222.0,34.465,21.24
4876,25,S1,225.0,34.113,21.24
4877,25,S1,228.0,33.867,21.24
4878,25,S1,231.0,33.612,21.24
4879,25,S1,234.0,33.406,21.24
4880,25,S1,237.0,33.085,21.24
4881,25,S1,240.0,32.898,21.24
4882,25,S1,243.0,32.538,21.24
4883,25,S1,246.0,32.397,21.24
4884,25,S1,249.0,32.192,21.24
4885,25,S1,252.0,31.902,21.24
4886,25,S1,255.0,31.772,21.24
4887,25,S1,258.0,31.559,21.24
4888,25,S1,261.0,31.249,21.24
4889,25,S1,264.0,31.080,21.24
4890,25,S1,267.0,30.789,21.24
4891,25,S1,270.0,30.679,21.24
4892,25,S1,273.0,30.488,21.24
4893,25,S1,276.0,30.305,21.24
4894,25,S1,279.0,30.039,21.24
4895,25,S1,282.0,29.953,21.24
4896,25,S1,285.0,29.780,21.24
4897,25,S1,288.0,29.605,21.24
4898,25,S1,291.0,29.363,21.24
4899,25,S1,294.0,29.281,21.24
4900,25,S1,297.0,29.025,21.24
4901,25,S1,300.0,28.959,21.24
4902,25,S1,303.0,28.634,21.24
4903,25,S1,306.0,28.552,21.24
4904,25,S1,309.0,28.494,21.24
4905,25,S1,312.0,28.268,21.24
4906,25,S1,315.0,28.187,21.24
4907,25,S1,318.0,27.986,21.24
4908,25,S1,321.0,27.825,21.24
4909,25,S1,324.0,27.773,21.24
4910,25,S1,327.0,27.645,21.24
4911,25,S1,330.0,27.461,21.24
4912,25,S1,333.0,27.358,21.24
4913,25,S1,336.0,27.168,21.24
4914,25,S1,339.0,27.159,21.24
4915,25,S1,342.0,26.952,21.24
4916,25,S1,345.0,26.886,21.24
4917,25,S1,348.0,26.781,21.24
4918,25,S1,351.0,26.695,21.24
4919,25,S1,354.0,26.582,21.24
4920,25,S1,357.0,26.347,21.24
4921,25,S1,360.0,26.297,21.24
4922,25,S1,363.0,26.158,21.24
4923,25,S1,366.0,26.127,21.24
4924,25,S1,369.0,26.016,21.24
4925,25,S1,372.0,25.976,21.24
4926,25,S1,375.0,25.864,21.24
4927,25,S1,378.0,25.720,21.24
4928,25,S1,381.0,25.608,21.24
4929,25,S1,384.0,25.532,21.24
4930,25,S1,387.0,25.473,21.24
4931,25,S1,390.0,25.377,21.24
4932,25,S1,393.0,25.298,21.24
4933,25,S1,396.0,25.183,21.24
4934,25,S1,399.0,25.109,21.24
4935,25,S1,402.0,24.966,21.24
4936,25,S1,405.0,24.970,21.24
4937,25,S1,408.0,24.864,21.24
4938,25,S1,411.0,24.827,21.24
4939,25,S1,414.0,24.689,21.24
4940,25,S1,417.0,24.587,21.24
4941,25,S1,420.0,24.601,21.24
4942,25,S1,423.0,24.561,21.24
4943,25,S1,426.0,24.382,21.24
4944,25,S1,429.0,24.340,21.24
4945,25,S1,432.0,24.275,21.24
4946,25,S1,435.0,24.411,21.24
4947,25,S1,438.0,24.225,21.24
4948,25,S1,441.0,24.078,21.24
4949,25,S1,444.0,24.061,21.24
4950,25,S1,447.0,23.964,21.24
4951,25,S1,450.0,23.975,21.24
4952,25,S1,453.0,23.973,21.24
4953,25,S1,456.0,23.843,21.24
4954,25,S1,459.0,23.741,21.24
4955,25,S1,462.0,23.688,21.24
4956,25,S1,465.0,23.735,21.24
4957,25,S1,468.0,23.746,21.24
4958,25,S1,471.0,23.640,21.24
4959,25,S1,474.0,23.604,21.24
4960,25,S1,477.0,23.463,21.24
4961,25,S1,480.0,23.393,21.24
4962,25,S1,483.0,23.399,21.24
4963,25,S1,486.0,23.346,21.24
4964,25,S1,489.0,23.377,21.24
4965,25,S1,492.0,23.270,21.24
4966,25,S1,495.0,23.239,21.24
4967,25,S1,498.0,23.202,21.24
4968,25,S1,501.0,23.234,21.24
4969,25,S1,504.0,23.177,21.24
4970,25,S1,507.0,23.046,21.24
4971,25,S1,510.0,23.168,21.24
4972,25,S1,513.0,22.965,21.24
4973,25,S1,516.0,23.016,21.24
4974,25,S1,519.0,22.926,21.24
4975,25,S1,522.0,22.945,21.24
4976,25,S1,525.0,22.830,21.24
4977,25,S1,528.0,22.761,21.24
4978,25,S1,531.0,22.908,21.24
4979,25,S1,534.0,22.738,21.24
4980,25,S1,537.0,22.714,21.24
4981,25,S1,540.0,22.692,21.24
4982,25,S1,543.0,22.554,21.24
4983,25,S1,546.0,22.665,21.24
4984,25,S1,549.0,22.606,21.24
4985,25,S1,552.0,22.624,21.24
4986,25,S1,555.0,22.531,21.24
4987,25,S1,558.0,22.540,21.24
4988,25,S1,561.0,22.533,21.24
4989,25,S1,564.0,22.485,21.24
4990,25,S1,567.0,22.446,21.24
4991,25,S1,570.0,22.464,21.24
4992,25,S1,573.0,22.395,21.24
4993,25,S1,576.0,22.499,21.24
4994,25,S1,579.0,22.351,21.24
4995,25,S1,582.0,22.313,21.24
4996,25,S1,585.0,22.384,21.24
4997,25,S1,588.0,22.282,21.24
4998,25,S1,591.0,22.244,21.24
4999,25,S1,594.0,22.244,21.24
