measurement_id,run_id,sensor_id,t_seconds,temperature_c,ambient_c
14998,75,S3,591.0,27.550,21.53
14999,75,S3,594.0,27.431,21.53
15000,75,S3,597.0,27.431,21.53
15001,76,S4,0.0,92.412,20.75
15002,76,S4,3.0,90.463,20.75
15003,76,S4,6.0,88.586,20.75
15004,76,S4,9.0,86.726,20.75
15005,76,S4,12.0,85.067,20.75
15006,76,S4,15.0,83.248,20.75
15007,76,S4,18.0,81.625,20.75
15008,76,S4,21.0,79.955,20.75
15009,76,S4,24.0,78.412,20.75
15010,76,S4,27.0,76.874,20.75
15011,76,S4,30.0,75.349,20.75
15012,76,S4,33.0,73.859,20.75
15013,76,S4,36.0,72.370,20.75
15014,76,S4,39.0,71.068,20.75
15015,76,S4,42.0,69.701,20.75
15016,76,S4,45.0,68.389,20.75
15017,76,S4,48.0,67.141,20.75
15018,76,S4,51.0,65.868,20.75
15019,76,S4,54.0,64.709,20.75
15020,76,S4,57.0,63.565,20.75
15021,76,S4,60.0,62.369,20.75
15022,76,S4,63.0,61.252,20.75
15023,76,S4,66.0,60.046,20.75
15024,76,S4,69.0,59.123,20.75
15025,76,S4,72.0,58.061,20.75
15026,76,S4,75.0,57.064,20.75
15027,76,S4,78.0,56.089,20.75
15028,76,S4,81.0,55.228,20.75
15029,76,S4,84.0,54.225,20.75
15030,76,S4,87.0,53.304,20.75
15031,76,S4,90.0,52.455,20.75
15032,76,S4,93.0,51.531,20.75
15033,76,S4,96.0,50.871,20.75
15034,76,S4,99.0,50.034,20.75
15035,76,S4,102.0,49.180,20.75
15036,76,S4,105.0,48.465,20.75
15037,76,S4,108.0,47.623,20.75
15038,76,S4,111.0,46.836,20.75
15039,76,S4,114.0,46.282,20.75
15040,76,S4,117.0,45.500,20.75
15041,76,S4,120.0,44.883,20.75
15042,76,S4,123.0,44.237,20.75
15043,76,S4,126.0,43.645,20.75
15044,76,S4,129.0,43.039,20.75
15045,76,S4,132.0,42.461,20.75
15046,76,S4,135.0,41.799,20.75
15047,76,S4,138.0,41.217,20.75
15048,76,S4,141.0,40.713,20.75
15049,76,S4,144.0,40.144,20.75
15050,76,S4,147.0,39.646,20.75
15051,76,S4,150.0,39.189,20.75
15052,76,S4,153.0,38.689,20.75
15053,76,S4,156.0,38.085,20.75
15054,76,S4,159.0,37.801,20.75
15055,76,S4,162.0,37.270,20.75
15056,76,S4,165.0,36.774,20.75
15057,76,S4,168.0,36.342,20.75
15058,76,S4,171.0,35.960,20.75
15059,76,S4,174.0,35.541,20.75
15060,76,S4,177.0,35.129,20.75
15061,76,S4,180.0,34.786,20.75
15062,76,S4,183.0,34.398,20.75
15063,76,S4,186.0,33.977,20.75
15064,76,S4,189.0,33.715,20.75
15065,76,S4,192.0,33.177,20.75
15066,76,S4,195.0,33.065,20.75
15067,76,S4,198.0,32.730,20.75
15068,76,S4,201.0,32.300,20.75
15069,76,S4,204.0,32.011,20.75
15070,76,S4,207.0,31.703,20.75
15071,76,S4,210.0,31.451,20.75
15072,76,S4,213.0,31.105,20.75
15073,76,S4,216.0,30.791,20.75
15074,76,S4,219.0,30.570,20.75
15075,76,S4,222.0,30.314,20.75
15076,76,S4,225.0,30.086,20.75
15077,76,S4,228.0,29.801,20.75
15078,76,S4,231.0,29.546,20.75
15079,76,S4,234.0,29.376,20.75
15080,76,S4,237.0,29.078,20.75
15081,76,S4,240.0,28.918,20.75
15082,76,S4,243.0,28.701,20.75
15083,76,S4,246.0,28.490,20.75
15084,76,S4,249.0,28.205,20.75
15085,76,S4,252.0,28.074,20.75
15086,76,S4,255.0,27.897,20.75
15087,76,S4,258.0,27.653,20.75
15088,76,S4,261.0,27.436,20.75
15089,76,S4,264.0,27.311,20.75
15090,76,S4,267.0,27.024,20.75
15091,76,S4,270.0,26.934,20.75
15092,76,S4,273.0,26.827,20.75
15093,76,S4,276.0,26.701,20.75
15094,76,S4,279.0,26.558,20.75
15095,76,S4,282.0,26.307,20.75
15096,76,S4,285.0,26.172,20.75
15097,76,S4,288.0,25.999,20.75
15098,76,S4,291.0,25.856,20.75
15099,76,S4,294.0,25.738,20.75
15100,76,S4,297.0,25.570,20.75
15101,76,S4,300.0,25.515,20.75
15102,76,S4,303.0,25.326,20.75
15103,76,S4,306.0,25.206,20.75
15104,76,S4,309.0,25.095,20.75
15105,76,S4,312.0,25.039,20.75
15106,76,S4,315.0,24.744,20.75
15107,76,S4,318.0,24.807,20.75
15108,76,S4,321.0,24.608,20.75
15109,76,S4,324.0,24.530,20.75
15110,76,S4,327.0,24.399,20.75
15111,76,S4,330.0,24.390,20.75
15112,76,S4,333.0,24.286,20.75
15113,76,S4,336.0,24.146,20.75
15114,76,S4,339.0,24.058,20.75
15115,76,S4,342.0,24.014,20.75
15116,76,S4,345.0,23.887,20.75
15117,76,S4,348.0,23.894,20.75
15118,76,S4,351.0,23.723,20.75
15119,76,S4,354.0,23.599,20.75
15120,76,S4,357.0,23.648,20.75
15121,76,S4,360.0,23.472,20.75
15122,76,S4,363.0,23.400,20.75
15123,76,S4,366.0,23.298,20.75
15124,76,S4,369.0,23.229,20.75
15125,76,S4,372.0,23.215,20.75
15126,76,S4,375.0,23.145,20.75
15127,76,S4,378.0,23.018,20.75
15128,76,S4,381.0,22.997,20.75
15129,76,S4,384.0,23.024,20.75
15130,76,S4,387.0,22.945,20.75
15131,76,S4,390.0,22.849,20.75
15132,76,S4,393.0,22.792,20.75
15133,76,S4,396.0,22.689,20.75
15134,76,S4,399.0,22.668,20.75
15135,76,S4,402.0,22.629,20.75
15136,76,S4,405.0,22.619,20.75
15137,76,S4,408.0,22.525,20.75
15138,76,S4,411.0,22.453,20.75
15139,76,S4,414.0,22.574,20.75
15140,76,S4,417.0,22.323,20.75
15141,76,S4,420.0,22.224,20.75
15142,76,S4,423.0,22.275,20.75
15143,76,S4,426.0,22.317,20.75
15144,76,S4,429.0,22.297,20.75
15145,76,S4,432.0,22.180,20.75
15146,76,S4,435.0,22.201,20.75
15147,76,S4,438.0,22.094,20.75
15148,76,S4,441.0,22.048,20.75
15149,76,S4,444.0,22.094,20.75
15150,76,S4,447.0,22.026,20.75
15151,76,S4,450.0,21.932,20.75
15152,76,S4,453.0,22.002,20.75
15153,76,S4,456.0,21.942,20.75
15154,76,S4,459.0,21.907,20.75
15155,76,S4,462.0,21.942,20.75
15156,76,S4,465.0,21.930,20.75
15157,76,S4,468.0,21.887,20.75
15158,76,S4,471.0,21.747,20.75
15159,76,S4,474.0,21.735,20.75
15160,76,S4,477.0,21.640,20.75
15161,76,S4,480.0,21.674,20.75
15162,76,S4,483.0,21.605,20.75
15163,76,S4,486.0,21.606,20.75
15164,76,S4,489.0,21.660,20.75
15165,76,S4,492.0,21.522,20.75
15166,76,S4,495.0,21.637,20.75
15167,76,S4,498.0,21.544,20.75
15168,76,S4,501.0,21.499,20.75
15169,76,S4,504.0,21.445,20.75
15170,76,S4,507.0,21.492,20.75
15171,76,S4,510.0,21.477,20.75
15172,76,S4,513.0,21.324,20.75
15173,76,S4,516.0,21.318,20.75
15174,76,S4,519.0,21.391,20.75
15175,76,S4,522.0,21.283,20.75
15176,76,S4,525.0,21.339,20.75
15177,76,S4,528.0,21.276,20.75
15178,76,S4,531.0,21.373,20.75
15179,76,S4,534.0,21.247,20.75
15180,76,S4,537.0,21.285,20.75
15181,76,S4,540.0,21.256,20.75
15182,76,S4,543.0,21.247,20.75
15183,76,S4,546.0,21.238,20.75
15184,76,S4,549.0,21.288,20.75
15185,76,S4,552.0,21.236,20.75
15186,76,S4,555.0,21.138,20.75
15187,76,S4,558.0,21.214,20.75
15188,76,S4,561.0,21.191,20.75
15189,76,S4,564.0,21.166,20.75
15190,76,S4,567.0,21.110,20.75
15191,76,S4,570.0,21.152,20.75
15192,76,S4,573.0,21.210,20.75
15193,76,S4,576.0,21.046,20.75
15194,76,S4,579.0,21.047,20.75
15195,76,S4,582.0,21.129,20.75
15196,76,S4,585.0,21.082,20.75
15197,76,S4,588.0,21.149,20.75
15198,76,S4,591.0,20.978,20.75
15199,76,S4,594.0,21.100,20.75
15200,76,S4,597.0,21.047,20.75
15201,77,S1,0.0,78.342,20.33
15202,77,S1,3.0,76.898,20.33
15203,77,S1,6.0,75.706,20.33
15204,77,S1,9.0,74.350,20.33
15205,77,S1,12.0,73.033,20.33
15206,77,S1,15.0,71.824,20.33
15207,77,S1,18.0,70.498,20.33
15208,77,S1,21.0,69.377,20.33
15209,77,S1,24.0,68.254,20.33
15210,77,S1,27.0,67.051,20.33
15211,77,S1,30.0,65.988,20.33
15212,77,S1,33.0,64.951,20.33
15213,77,S1,36.0,63.847,20.33
15214,77,S1,39.0,62.923,20.33
15215,77,S1,42.0,61.749,20.33
15216,77,S1,45.0,60.900,20.33
15217,77,S1,48.0,59.960,20.33
15218,77,S1,51.0,59.109,20.33
15219,77,S1,54.0,58.038,20.33
15220,77,S1,57.0,57.240,20.33
15221,77,S1,60.0,56.333,20.33
15222,77,S1,63.0,55.502,20.33
15223,77,S1,66.0,54.599,20.33
15224,77,S1,69.0,53.864,20.33
15225,77,S1,72.0,53.134,20.33
15226,77,S1,75.0,52.337,20.33
15227,77,S1,78.0,51.559,20.33
15228,77,S1,81.0,50.766,20.33
15229,77,S1,84.0,50.079,20.33
15230,77,S1,87.0,49.450,20.33
15231,77,S1,90.0,48.732,20.33
15232,77,S1,93.0,48.067,20.33
15233,77,S1,96.0,47.348,20.33
15234,77,S1,99.0,46.716,20.33
15235,77,S1,102.0,46.183,20.33
15236,77,S1,105.0,45.486,20.33
15237,77,S1,108.0,44.930,20.33
15238,77,S1,111.0,44.411,20.33
15239,77,S1,114.0,43.748,20.33
15240,77,S1,117.0,43.304,20.33
15241,77,S1,120.0,42.675,20.33
15242,77,S1,123.0,42.195,20.33
15243,77,S1,126.0,41.736,20.33
15244,77,S1,129.0,41.186,20.33
15245,77,S1,132.0,40.715,20.33
15246,77,S1,135.0,40.128,20.33
15247,77,S1,138.0,39.753,20.33
15248,77,S1,141.0,39.257,20.33
15249,77,S1,144.0,38.808,20.33
15250,77,S1,147.0,38.396,20.33
15251,77,S1,150.0,37.934,20.33
15252,77,S1,153.0,37.594,20.33
15253,77,S1,156.0,37.135,20.33
15254,77,S1,159.0,36.769,20.33
15255,77,S1,162.0,36.335,20.33
15256,77,S1,165.0,35.919,20.33
15257,77,S1,168.0,35.643,20.33
15258,77,S1,171.0,35.258,20.33
15259,77,S1,174.0,34.917,20.33
15260,77,S1,177.0,34.459,20.33
15261,77,S1,180.0,34.275,20.33
15262,77,S1,183.0,33.915,20.33
15263,77,S1,186.0,33.641,20.33
15264,77,S1,189.0,33.342,20.33
15265,77,S1,192.0,32.890,20.33
15266,77,S1,195.0,32.764,20.33
15267,77,S1,198.0,32.433,20.33
15268,77,S1,201.0,32.043,20.33
15269,77,S1,204.0,31.760,20.33
15270,77,S1,207.0,31.542,20.33
15271,77,S1,210.0,31.322,20.33
15272,77,S1,213.0,31.006,20.33
15273,77,S1,216.0,30.846,20.33
15274,77,S1,219.0,30.617,20.33
15275,77,S1,222.0,30.274,20.33
15276,77,S1,225.0,29.969,20.33
15277,77,S1,228.0,29.817,20.33
15278,77,S1,231.0,29.676,20.33
15279,77,S1,234.0,29.405,20.33
15280,77,S1,237.0,29.178,20.33
15281,77,S1,240.0,29.002,20.33
15282,77,S1,243.0,28.728,20.33
15283,77,S1,246.0,28.511,20.33
15284,77,S1,249.0,28.390,20.33
15285,77,S1,252.0,28.179,20.33
15286,77,S1,255.0,27.962,20.33
15287,77,S1,258.0,27.876,20.33
15288,77,S1,261.0,27.599,20.33
15289,77,S1,264.0,27.446,20.33
15290,77,S1,267.0,27.159,20.33
15291,77,S1,270.0,27.100,20.33
15292,77,S1,273.0,27.019,20.33
15293,77,S1,276.0,26.779,20.33
15294,77,S1,279.0,26.627,20.33
15295,77,S1,282.0,26.502,20.33
15296,77,S1,285.0,26.294,20.33
15297,77,S1,288.0,26.212,20.33
15298,77,S1,291.0,26.008,20.33
15299,77,S1,294.0,26.027,20.33
15300,77,S1,297.0,25.803,20.33
15301,77,S1,300.0,25.692,20.33
15302,77,S1,303.0,25.587,20.33
15303,77,S1,306.0,25.392,20.33
15304,77,S1,309.0,25.283,20.33
15305,77,S1,312.0,25.203,20.33
15306,77,S1,315.0,25.010,20.33
15307,77,S1,318.0,24.982,20.33
15308,77,S1,321.0,24.842,20.33
15309,77,S1,324.0,24.781,20.33
15310,77,S1,327.0,24.559,20.33
15311,77,S1,330.0,24.560,20.33
15312,77,S1,333.0,24.492,20.33
15313,77,S1,336.0,24.309,20.33
15314,77,S1,339.0,24.303,20.33
15315,77,S1,342.0,24.122,20.33
15316,77,S1,345.0,24.076,20.33
15317,77,S1,348.0,23.897,20.33
15318,77,S1,351.0,23.934,20.33
15319,77,S1,354.0,23.776,20.33
15320,77,S1,357.0,23.772,20.33
15321,77,S1,360.0,23.699,20.33
15322,77,S1,363.0,23.571,20.33
15323,77,S1,366.0,23.484,20.33
15324,77,S1,369.0,23.335,20.33
15325,77,S1,372.0,23.430,20.33
15326,77,S1,375.0,23.203,20.33
15327,77,S1,378.0,23.336,20.33
15328,77,S1,381.0,23.287,20.33
15329,77,S1,384.0,23.041,20.33
15330,77,S1,387.0,22.990,20.33
15331,77,S1,390.0,23.016,20.33
15332,77,S1,393.0,22.927,20.33
15333,77,S1,396.0,22.762,20.33
15334,77,S1,399.0,22.811,20.33
15335,77,S1,402.0,22.673,20.33
15336,77,S1,405.0,22.730,20.33
15337,77,S1,408.0,22.592,20.33
15338,77,S1,411.0,22.598,20.33
15339,77,S1,414.0,22.558,20.33
15340,77,S1,417.0,22.381,20.33
15341,77,S1,420.0,22.378,20.33
15342,77,S1,423.0,22.385,20.33
15343,77,S1,426.0,22.297,20.33
15344,77,S1,429.0,22.261,20.33
15345,77,S1,432.0,22.205,20.33
15346,77,S1,435.0,22.200,20.33
15347,77,S1,438.0,22.108,20.33
15348,77,S1,441.0,22.086,20.33
15349,77,S1,444.0,22.019,20.33
15350,77,S1,447.0,21.997,20.33
15351,77,S1,450.0,21.909,20.33
15352,77,S1,453.0,21.899,20.33
15353,77,S1,456.0,21.805,20.33
15354,77,S1,459.0,21.868,20.33
15355,77,S1,462.0,21.970,20.33
15356,77,S1,465.0,21.749,20.33
15357,77,S1,468.0,21.829,20.33
15358,77,S1,471.0,21.714,20.33
15359,77,S1,474.0,21.640,20.33
15360,77,S1,477.0,21.567,20.33
15361,77,S1,480.0,21.660,20.33
15362,77,S1,483.0,21.646,20.33
15363,77,S1,486.0,21.512,20.33
15364,77,S1,489.0,21.618,20.33
15365,77,S1,492.0,21.552,20.33
15366,77,S1,495.0,21.494,20.33
15367,77,S1,498.0,21.501,20.33
15368,77,S1,501.0,21.409,20.33
15369,77,S1,504.0,21.375,20.33
15370,77,S1,507.0,21.361,20.33
15371,77,S1,510.0,21.338,20.33
15372,77,S1,513.0,21.359,20.33
15373,77,S1,516.0,21.276,20.33
15374,77,S1,519.0,21.313,20.33
15375,77,S1,522.0,21.265,20.33
15376,77,S1,525.0,21.297,20.33
15377,77,S1,528.0,21.197,20.33
15378,77,S1,531.0,21.192,20.33
15379,77,S1,534.0,21.124,20.33
15380,77,S1,537.0,21.110,20.33
15381,77,S1,540.0,21.090,20.33
15382,77,S1,543.0,21.133,20.33
15383,77,S1,546.0,21.210,20.33
15384,77,S1,549.0,21.073,20.33
15385,77,S1,552.0,20.955,20.33
15386,77,S1,555.0,21.061,20.33
15387,77,S1,558.0,20.995,20.33
15388,77,S1,561.0,20.944,20.33
15389,77,S1,564.0,21.052,20.33
15390,77,S1,567.0,20.927,20.33
15391,77,S1,570.0,21.004,20.33
15392,77,S1,573.0,20.931,20.33
15393,77,S1,576.0,20.952,20.33
15394,77,S1,579.0,20.940,20.33
15395,77,S1,582.0,20.907,20.33
15396,77,S1,585.0,20.882,20.33
15397,77,S1,588.0,20.862,20.33
15398,77,S1,591.0,20.896,20.33
15399,77,S1,594.0,20.946,20.33
15400,77,S1,597.0,20.737,20.33
15401,78,S2,0.0,76.572,22.08
15402,78,S2,3.0,75.895,22.08
15403,78,S2,6.0,75.204,22.08
15404,78,S2,9.0,74.463,22.08
15405,78,S2,12.0,73.901,22.08
15406,78,S2,15.0,73.136,22.08
15407,78,S2,18.0,72.501,22.08
15408,78,S2,21.0,71.808,22.08
15409,78,S2,24.0,71.265,22.08
15410,78,S2,27.0,70.542,22.08
15411,78,S2,30.0,69.839,22.08
15412,78,S2,33.0,69.216,22.08
15413,78,S2,36.0,68.651,22.08
15414,78,S2,39.0,68.124,22.08
15415,78,S2,42.0,67.429,22.08
15416,78,S2,45.0,66.785,22.08
15417,78,S2,48.0,66.243,22.08
15418,78,S2,51.0,65.677,22.08
15419,78,S2,54.0,65.141,22.08
15420,78,S2,57.0,64.580,22.08
15421,78,S2,60.0,63.986,22.08
15422,78,S2,63.0,63.426,22.08
15423,78,S2,66.0,62.910,22.08
15424,78,S2,69.0,62.327,22.08
15425,78,S2,72.0,61.730,22.08
15426,78,S2,75.0,61.375,22.08
15427,78,S2,78.0,60.817,22.08
15428,78,S2,81.0,60.303,22.08
15429,78,S2,84.0,59.917,22.08
15430,78,S2,87.0,59.236,22.08
15431,78,S2,90.0,58.880,22.08
15432,78,S2,93.0,58.234,22.08
15433,78,S2,96.0,57.824,22.08
15434,78,S2,99.0,57.412,22.08
15435,78,S2,102.0,56.993,22.08
15436,78,S2,105.0,56.409,22.08
15437,78,S2,108.0,56.086,22.08
15438,78,S2,111.0,55.559,22.08
15439,78,S2,114.0,55.109,22.08
15440,78,S2,117.0,54.749,22.08
15441,78,S2,120.0,54.302,22.08
15442,78,S2,123.0,53.898,22.08
15443,78,S2,126.0,53.388,22.08
15444,78,S2,129.0,53.013,22.08
15445,78,S2,132.0,52.619,22.08
15446,78,S2,135.0,52.209,22.08
15447,78,S2,138.0,51.783,22.08
15448,78,S2,141.0,51.497,22.08
15449,78,S2,144.0,51.089,22.08
15450,78,S2,147.0,50.601,22.08
15451,78,S2,150.0,50.333,22.08
15452,78,S2,153.0,49.905,22.08
15453,78,S2,156.0,49.588,22.08
15454,78,S2,159.0,49.212,22.08
15455,78,S2,162.0,48.800,22.08
15456,78,S2,165.0,48.425,22.08
15457,78,S2,168.0,48.173,22.08
15458,78,S2,171.0,47.806,22.08
15459,78,S2,174.0,47.503,22.08
15460,78,S2,177.0,47.086,22.08
15461,78,S2,180.0,46.832,22.08
15462,78,S2,183.0,46.529,22.08
15463,78,S2,186.0,46.144,22.08
15464,78,S2,189.0,45.711,22.08
15465,78,S2,192.0,45.550,22.08
15466,78,S2,195.0,45.157,22.08
15467,78,S2,198.0,45.075,22.08
15468,78,S2,201.0,44.667,22.08
15469,78,S2,204.0,44.336,22.08
15470,78,S2,207.0,44.009,22.08
15471,78,S2,210.0,43.681,22.08
15472,78,S2,213.0,43.477,22.08
15473,78,S2,216.0,43.259,22.08
15474,78,S2,219.0,42.925,22.08
15475,78,S2,222.0,42.625,22.08
15476,78,S2,225.0,42.353,22.08
15477,78,S2,228.0,42.138,22.08
15478,78,S2,231.0,41.797,22.08
15479,78,S2,234.0,41.561,22.08
15480,78,S2,237.0,41.368,22.08
15481,78,S2,240.0,41.061,22.08
15482,78,S2,243.0,40.845,22.08
15483,78,S2,246.0,40.575,22.08
15484,78,S2,249.0,40.374,22.08
15485,78,S2,252.0,40.075,22.08
15486,78,S2,255.0,39.899,22.08
15487,78,S2,258.0,39.638,22.08
15488,78,S2,261.0,39.406,22.08
15489,78,S2,264.0,39.121,22.08
15490,78,S2,267.0,38.859,22.08
15491,78,S2,270.0,38.745,22.08
15492,78,S2,273.0,38.587,22.08
15493,78,S2,276.0,38.256,22.08
15494,78,S2,279.0,38.131,22.08
15495,78,S2,282.0,37.828,22.08
15496,78,S2,285.0,37.631,22.08
15497,78,S2,288.0,37.544,22.08
15498,78,S2,291.0,37.254,22.08
15499,78,S2,294.0,37.019,22.08
15500,78,S2,297.0,36.849,22.08
15501,78,S2,300.0,36.684,22.08
15502,78,S2,303.0,36.407,22.08
15503,78,S2,306.0,36.284,22.08
15504,78,S2,309.0,36.114,22.08
15505,78,S2,312.0,35.934,22.08
15506,78,S2,315.0,35.733,22.08
15507,78,S2,318.0,35.535,22.08
15508,78,S2,321.0,35.495,22.08
15509,78,S2,324.0,35.178,22.08
15510,78,S2,327.0,34.924,22.08
15511,78,S2,330.0,34.971,22.08
15512,78,S2,333.0,34.701,22.08
15513,78,S2,336.0,34.596,22.08
15514,78,S2,339.0,34.329,22.08
15515,78,S2,342.0,34.213,22.08
15516,78,S2,345.0,34.075,22.08
15517,78,S2,348.0,33.958,22.08
15518,78,S2,351.0,33.833,22.08
15519,78,S2,354.0,33.622,22.08
15520,78,S2,357.0,33.469,22.08
15521,78,S2,360.0,33.324,22.08
15522,78,S2,363.0,33.160,22.08
15523,78,S2,366.0,33.012,22.08
15524,78,S2,369.0,32.865,22.08
15525,78,S2,372.0,32.697,22.08
15526,78,S2,375.0,32.593,22.08
15527,78,S2,378.0,32.491,22.08
15528,78,S2,381.0,32.339,22.08
15529,78,S2,384.0,32.196,22.08
15530,78,S2,387.0,31.983,22.08
15531,78,S2,390.0,31.901,22.08
15532,78,S2,393.0,31.792,22.08
15533,78,S2,396.0,31.695,22.08
15534,78,S2,399.0,31.479,22.08
15535,78,S2,402.0,31.313,22.08
15536,78,S2,405.0,31.360,22.08
15537,78,S2,408.0,31.139,22.08
15538,78,S2,411.0,31.038,22.08
15539,78,S2,414.0,30.882,22.08
15540,78,S2,417.0,30.785,22.08
15541,78,S2,420.0,30.752,22.08
15542,78,S2,423.0,30.610,22.08
15543,78,S2,426.0,30.401,22.08
15544,78,S2,429.0,30.348,22.08
15545,78,S2,432.0,30.261,22.08
15546,78,S2,435.0,30.163,22.08
15547,78,S2,438.0,30.096,22.08
15548,78,S2,441.0,29.955,22.08
15549,78,S2,444.0,29.803,22.08
15550,78,S2,447.0,29.703,22.08
15551,78,S2,450.0,29.554,22.08
15552,78,S2,453.0,29.447,22.08
15553,78,S2,456.0,29.481,22.08
15554,78,S2,459.0,29.327,22.08
15555,78,S2,462.0,29.195,22.08
15556,78,S2,465.0,29.086,22.08
15557,78,S2,468.0,29.105,22.08
15558,78,S2,471.0,28.999,22.08
15559,78,S2,474.0,28.759,22.08
15560,78,S2,477.0,28.789,22.08
15561,78,S2,480.0,28.735,22.08
15562,78,S2,483.0,28.635,22.08
15563,78,S2,486.0,28.572,22.08
15564,78,S2,489.0,28.510,22.08
15565,78,S2,492.0,28.334,22.08
15566,78,S2,495.0,28.308,22.08
15567,78,S2,498.0,28.297,22.08
15568,78,S2,501.0,28.131,22.08
15569,78,S2,504.0,28.025,22.08
15570,78,S2,507.0,27.982,22.08
15571,78,S2,510.0,27.822,22.08
15572,78,S2,513.0,27.805,22.08
15573,78,S2,516.0,27.758,22.08
15574,78,S2,519.0,27.561,22.08
15575,78,S2,522.0,27.578,22.08
15576,78,S2,525.0,27.607,22.08
15577,78,S2,528.0,27.405,22.08
15578,78,S2,531.0,27.417,22.08
15579,78,S2,534.0,27.296,22.08
15580,78,S2,537.0,27.197,22.08
15581,78,S2,540.0,27.095,22.08
15582,78,S2,543.0,27.017,22.08
15583,78,S2,546.0,27.004,22.08
15584,78,S2,549.0,26.963,22.08
15585,78,S2,552.0,26.923,22.08
15586,78,S2,555.0,26.792,22.08
15587,78,S2,558.0,26.820,22.08
15588,78,S2,561.0,26.684,22.08
15589,78,S2,564.0,26.705,22.08
15590,78,S2,567.0,26.600,22.08
15591,78,S2,570.0,26.510,22.08
15592,78,S2,573.0,26.533,22.08
15593,78,S2,576.0,26.406,22.08
15594,78,S2,579.0,26.315,22.08
15595,78,S2,582.0,26.295,22.08
15596,78,S2,585.0,26.222,22.08
15597,78,S2,588.0,26.160,22.08
15598,78,S2,591.0,26.160,22.08
15599,78,S2,594.0,26.053,22.08
15600,78,S2,597.0,25.996,22.08
15601,79,S3,0.0,82.330,20.40
15602,79,S3,3.0,81.153,20.40
15603,79,S3,6.0,79.807,20.40
15604,79,S3,9.0,78.494,20.40
15605,79,S3,12.0,77.410,20.40
15606,79,S3,15.0,76.268,20.40
15607,79,S3,18.0,75.042,20.40
15608,79,S3,21.0,73.995,20.40
15609,79,S3,24.0,72.825,20.40
15610,79,S3,27.0,71.840,20.40
15611,79,S3,30.0,70.806,20.40
15612,79,S3,33.0,69.731,20.40
15613,79,S3,36.0,68.589,20.40
15614,79,S3,39.0,67.673,20.40
15615,79,S3,42.0,66.690,20.40
15616,79,S3,45.0,65.768,20.40
15617,79,S3,48.0,64.781,20.40
15618,79,S3,51.0,64.031,20.40
15619,79,S3,54.0,63.014,20.40
15620,79,S3,57.0,62.131,20.40
15621,79,S3,60.0,61.381,20.40
15622,79,S3,63.0,60.411,20.40
15623,79,S3,66.0,59.652,20.40
15624,79,S3,69.0,58.903,20.40
15625,79,S3,72.0,58.017,20.40
15626,79,S3,75.0,57.254,20.40
15627,79,S3,78.0,56.503,20.40
15628,79,S3,81.0,55.722,20.40
15629,79,S3,84.0,55.089,20.40
15630,79,S3,87.0,54.287,20.40
15631,79,S3,90.0,53.643,20.40
15632,79,S3,93.0,52.971,20.40
15633,79,S3,96.0,52.228,20.40
15634,79,S3,99.0,51.649,20.40
15635,79,S3,102.0,51.024,20.40
15636,79,S3,105.0,50.330,20.40
15637,79,S3,108.0,49.690,20.40
15638,79,S3,111.0,49.280,20.40
15639,79,S3,114.0,48.551,20.40
15640,79,S3,117.0,47.977,20.40
15641,79,S3,120.0,47.390,20.40
15642,79,S3,123.0,46.888,20.40
15643,79,S3,126.0,46.318,20.40
15644,79,S3,129.0,45.860,20.40
15645,79,S3,132.0,45.232,20.40
15646,79,S3,135.0,44.765,20.40
15647,79,S3,138.0,44.244,20.40
15648,79,S3,141.0,43.805,20.40
15649,79,S3,144.0,43.225,20.40
15650,79,S3,147.0,42.839,20.40
15651,79,S3,150.0,42.333,20.40
15652,79,S3,153.0,41.867,20.40
15653,79,S3,156.0,41.530,20.40
15654,79,S3,159.0,41.054,20.40
15655,79,S3,162.0,40.559,20.40
15656,79,S3,165.0,40.205,20.40
15657,79,S3,168.0,39.736,20.40
15658,79,S3,171.0,39.320,20.40
15659,79,S3,174.0,39.043,20.40
15660,79,S3,177.0,38.530,20.40
15661,79,S3,180.0,38.301,20.40
15662,79,S3,183.0,37.773,20.40
15663,79,S3,186.0,37.531,20.40
15664,79,S3,189.0,37.128,20.40
15665,79,S3,192.0,36.729,20.40
15666,79,S3,195.0,36.525,20.40
15667,79,S3,198.0,36.120,20.40
15668,79,S3,201.0,35.813,20.40
15669,79,S3,204.0,35.532,20.40
15670,79,S3,207.0,35.113,20.40
15671,79,S3,210.0,34.903,20.40
15672,79,S3,213.0,34.636,20.40
15673,79,S3,216.0,34.233,20.40
15674,79,S3,219.0,33.993,20.40
15675,79,S3,222.0,33.616,20.40
15676,79,S3,225.0,33.406,20.40
15677,79,S3,228.0,33.195,20.40
15678,79,S3,231.0,32.915,20.40
15679,79,S3,234.0,32.720,20.40
15680,79,S3,237.0,32.397,20.40
15681,79,S3,240.0,32.180,20.40
15682,79,S3,243.0,32.118,20.40
15683,79,S3,246.0,31.741,20.40
15684,79,S3,249.0,31.536,20.40
15685,79,S3,252.0,31.237,20.40
15686,79,S3,255.0,31.112,20.40
15687,79,S3,258.0,30.834,20.40
15688,79,S3,261.0,30.637,20.40
15689,79,S3,264.0,30.427,20.40
15690,79,S3,267.0,30.134,20.40
15691,79,S3,270.0,29.978,20.40
15692,79,S3,273.0,29.734,20.40
15693,79,S3,276.0,29.541,20.40
15694,79,S3,279.0,29.433,20.40
15695,79,S3,282.0,29.267,20.40
15696,79,S3,285.0,29.060,20.40
15697,79,S3,288.0,28.951,20.40
15698,79,S3,291.0,28.722,20.40
15699,79,S3,294.0,28.545,20.40
15700,79,S3,297.0,28.389,20.40
15701,79,S3,300.0,28.202,20.40
15702,79,S3,303.0,28.097,20.40
15703,79,S3,306.0,27.783,20.40
15704,79,S3,309.0,27.790,20.40
15705,79,S3,312.0,27.568,20.40
15706,79,S3,315.0,27.391,20.40
15707,79,S3,318.0,27.293,20.40
15708,79,S3,321.0,27.126,20.40
15709,79,S3,324.0,26.985,20.40
15710,79,S3,327.0,26.917,20.40
15711,79,S3,330.0,26.651,20.40
15712,79,S3,333.0,26.603,20.40
15713,79,S3,336.0,26.484,20.40
15714,79,S3,339.0,26.333,20.40
15715,79,S3,342.0,26.320,20.40
15716,79,S3,345.0,26.121,20.40
15717,79,S3,348.0,25.981,20.40
15718,79,S3,351.0,25.908,20.40
15719,79,S3,354.0,25.766,20.40
15720,79,S3,357.0,25.759,20.40
15721,79,S3,360.0,25.595,20.40
15722,79,S3,363.0,25.437,20.40
15723,79,S3,366.0,25.249,20.40
15724,79,S3,369.0,25.236,20.40
15725,79,S3,372.0,25.130,20.40
15726,79,S3,375.0,25.126,20.40
15727,79,S3,378.0,24.880,20.40
15728,79,S3,381.0,24.837,20.40
15729,79,S3,384.0,24.775,20.40
15730,79,S3,387.0,24.686,20.40
15731,79,S3,390.0,24.538,20.40
15732,79,S3,393.0,24.541,20.40
15733,79,S3,396.0,24.393,20.40
15734,79,S3,399.0,24.267,20.40
15735,79,S3,402.0,24.186,20.40
15736,79,S3,405.0,24.140,20.40
15737,79,S3,408.0,24.088,20.40
15738,79,S3,411.0,24.013,20.40
15739,79,S3,414.0,23.987,20.40
15740,79,S3,417.0,23.777,20.40
15741,79,S3,420.0,23.795,20.40
15742,79,S3,423.0,23.686,20.40
15743,79,S3,426.0,23.681,20.40
15744,79,S3,429.0,23.616,20.40
15745,79,S3,432.0,23.487,20.40
15746,79,S3,435.0,23.423,20.40
15747,79,S3,438.0,23.357,20.40
15748,79,S3,441.0,23.339,20.40
15749,79,S3,444.0,23.195,20.40
15750,79,S3,447.0,23.213,20.40
15751,79,S3,450.0,23.188,20.40
15752,79,S3,453.0,23.080,20.40
15753,79,S3,456.0,23.037,20.40
15754,79,S3,459.0,22.962,20.40
15755,79,S3,462.0,22.922,20.40
15756,79,S3,465.0,22.896,20.40
15757,79,S3,468.0,22.836,20.40
15758,79,S3,471.0,22.804,20.40
15759,79,S3,474.0,22.690,20.40
15760,79,S3,477.0,22.736,20.40
15761,79,S3,480.0,22.612,20.40
15762,79,S3,483.0,22.721,20.40
15763,79,S3,486.0,22.430,20.40
15764,79,S3,489.0,22.562,20.40
15765,79,S3,492.0,22.505,20.40
15766,79,S3,495.0,22.366,20.40
15767,79,S3,498.0,22.338,20.40
15768,79,S3,501.0,22.359,20.40
15769,79,S3,504.0,22.250,20.40
15770,79,S3,507.0,22.227,20.40
15771,79,S3,510.0,22.233,20.40
15772,79,S3,513.0,22.221,20.40
15773,79,S3,516.0,22.341,20.40
15774,79,S3,519.0,22.151,20.40
15775,79,S3,522.0,22.050,20.40
15776,79,S3,525.0,22.068,20.40
15777,79,S3,528.0,21.970,20.40
15778,79,S3,531.0,22.037,20.40
15779,79,S3,534.0,21.996,20.40
15780,79,S3,537.0,21.927,20.40
15781,79,S3,540.0,21.867,20.40
15782,79,S3,543.0,21.885,20.40
15783,79,S3,546.0,21.778,20.40
15784,79,S3,549.0,21.772,20.40
15785,79,S3,552.0,21.728,20.40
15786,79,S3,555.0,21.868,20.40
15787,79,S3,558.0,21.656,20.40
15788,79,S3,561.0,21.685,20.40
15789,79,S3,564.0,21.661,20.40
15790,79,S3,567.0,21.584,20.40
15791,79,S3,570.0,21.629,20.40
15792,79,S3,573.0,21.492,20.40
15793,79,S3,576.0,21.518,20.40
15794,79,S3,579.0,21.578,20.40
15795,79,S3,582.0,21.397,20.40
15796,79,S3,585.0,21.421,20.40
15797,79,S3,588.0,21.505,20.40
15798,79,S3,591.0,21.447,20.40
15799,79,S3,594.0,21.429,20.40
15800,79,S3,597.0,21.454,20.40
15801,80,S4,0.0,78.458,22.59
15802,80,S4,3.0,77.154,22.59
15803,80,S4,6.0,76.122,22.59
15804,80,S4,9.0,75.029,22.59
15805,80,S4,12.0,73.811,22.59
15806,80,S4,15.0,72.748,22.59
15807,80,S4,18.0,71.747,22.59
15808,80,S4,21.0,70.719,22.59
15809,80,S4,24.0,69.783,22.59
15810,80,S4,27.0,68.776,22.59
15811,80,S4,30.0,67.806,22.59
15812,80,S4,33.0,66.826,22.59
15813,80,S4,36.0,65.935,22.59
15814,80,S4,39.0,64.978,22.59
15815,80,S4,42.0,64.144,22.59
15816,80,S4,45.0,63.332,22.59
15817,80,S4,48.0,62.412,22.59
15818,80,S4,51.0,61.612,22.59
15819,80,S4,54.0,60.807,22.59
15820,80,S4,57.0,59.988,22.59
15821,80,S4,60.0,59.217,22.59
15822,80,S4,63.0,58.391,22.59
15823,80,S4,66.0,57.712,22.59
15824,80,S4,69.0,56.958,22.59
15825,80,S4,72.0,56.269,22.59
15826,80,S4,75.0,55.551,22.59
15827,80,S4,78.0,54.854,22.59
15828,80,S4,81.0,54.185,22.59
15829,80,S4,84.0,53.542,22.59
15830,80,S4,87.0,52.957,22.59
15831,80,S4,90.0,52.254,22.59
15832,80,S4,93.0,51.712,22.59
15833,80,S4,96.0,50.998,22.59
15834,80,S4,99.0,50.430,22.59
15835,80,S4,102.0,49.887,22.59
15836,80,S4,105.0,49.349,22.59
15837,80,S4,108.0,48.763,22.59
15838,80,S4,111.0,48.196,22.59
15839,80,S4,114.0,47.666,22.59
15840,80,S4,117.0,47.254,22.59
15841,80,S4,120.0,46.708,22.59
15842,80,S4,123.0,46.123,22.59
15843,80,S4,126.0,45.781,22.59
15844,80,S4,129.0,45.177,22.59
15845,80,S4,132.0,44.688,22.59
15846,80,S4,135.0,44.198,22.59
15847,80,S4,138.0,43.759,22.59
15848,80,S4,141.0,43.324,22.59
15849,80,S4,144.0,42.873,22.59
15850,80,S4,147.0,42.482,22.59
15851,80,S4,150.0,42.016,22.59
15852,80,S4,153.0,41.559,22.59
15853,80,S4,156.0,41.172,22.59
15854,80,S4,159.0,40.857,22.59
15855,80,S4,162.0,40.511,22.59
15856,80,S4,165.0,40.176,22.59
15857,80,S4,168.0,39.744,22.59
15858,80,S4,171.0,39.444,22.59
15859,80,S4,174.0,39.105,22.59
15860,80,S4,177.0,38.661,22.59
15861,80,S4,180.0,38.454,22.59
15862,80,S4,183.0,38.032,22.59
15863,80,S4,186.0,37.750,22.59
15864,80,S4,189.0,37.391,22.59
15865,80,S4,192.0,37.057,22.59
15866,80,S4,195.0,36.803,22.59
15867,80,S4,198.0,36.508,22.59
15868,80,S4,201.0,36.192,22.59
15869,80,S4,204.0,35.929,22.59
15870,80,S4,207.0,35.627,22.59
15871,80,S4,210.0,35.294,22.59
15872,80,S4,213.0,35.150,22.59
15873,80,S4,216.0,34.896,22.59
15874,80,S4,219.0,34.520,22.59
15875,80,S4,222.0,34.305,22.59
15876,80,S4,225.0,34.116,22.59
15877,80,S4,228.0,33.869,22.59
15878,80,S4,231.0,33.672,22.59
15879,80,S4,234.0,33.386,22.59
15880,80,S4,237.0,33.213,22.59
15881,80,S4,240.0,32.952,22.59
15882,80,S4,243.0,32.730,22.59
15883,80,S4,246.0,32.489,22.59
15884,80,S4,249.0,32.243,22.59
15885,80,S4,252.0,32.115,22.59
15886,80,S4,255.0,31.900,22.59
15887,80,S4,258.0,31.709,22.59
15888,80,S4,261.0,31.551,22.59
15889,80,S4,264.0,31.302,22.59
15890,80,S4,267.0,31.090,22.59
15891,80,S4,270.0,31.067,22.59
15892,80,S4,273.0,30.844,22.59
15893,80,S4,276.0,30.688,22.59
15894,80,S4,279.0,30.462,22.59
15895,80,S4,282.0,30.333,22.59
15896,80,S4,285.0,30.156,22.59
15897,80,S4,288.0,30.020,22.59
15898,80,S4,291.0,29.792,22.59
15899,80,S4,294.0,29.615,22.59
15900,80,S4,297.0,29.677,22.59
15901,80,S4,300.0,29.446,22.59
15902,80,S4,303.0,29.330,22.59
15903,80,S4,306.0,29.052,22.59
15904,80,S4,309.0,29.004,22.59
15905,80,S4,312.0,28.962,22.59
15906,80,S4,315.0,28.756,22.59
15907,80,S4,318.0,28.632,22.59
15908,80,S4,321.0,28.435,22.59
15909,80,S4,324.0,28.347,22.59
15910,80,S4,327.0,28.194,22.59
15911,80,S4,330.0,28.145,22.59
15912,80,S4,333.0,27.944,22.59
15913,80,S4,336.0,27.877,22.59
15914,80,S4,339.0,27.813,22.59
15915,80,S4,342.0,27.739,22.59
15916,80,S4,345.0,27.633,22.59
15917,80,S4,348.0,27.439,22.59
15918,80,S4,351.0,27.330,22.59
15919,80,S4,354.0,27.195,22.59
15920,80,S4,357.0,27.193,22.59
15921,80,S4,360.0,27.009,22.59
15922,80,S4,363.0,26.977,22.59
15923,80,S4,366.0,26.923,22.59
15924,80,S4,369.0,26.756,22.59
15925,80,S4,372.0,26.610,22.59
15926,80,S4,375.0,26.608,22.59
15927,80,S4,378.0,26.547,22.59
15928,80,S4,381.0,26.446,22.59
15929,80,S4,384.0,26.374,22.59
15930,80,S4,387.0,26.227,22.59
15931,80,S4,390.0,26.154,22.59
15932,80,S4,393.0,26.179,22.59
15933,80,S4,396.0,26.197,22.59
15934,80,S4,399.0,26.002,22.59
15935,80,S4,402.0,25.979,22.59
15936,80,S4,405.0,25.891,22.59
15937,80,S4,408.0,25.778,22.59
15938,80,S4,411.0,25.690,22.59
15939,80,S4,414.0,25.490,22.59
15940,80,S4,417.0,25.592,22.59
15941,80,S4,420.0,25.512,22.59
15942,80,S4,423.0,25.472,22.59
15943,80,S4,426.0,25.403,22.59
15944,80,S4,429.0,25.357,22.59
15945,80,S4,432.0,25.236,22.59
15946,80,S4,435.0,25.302,22.59
15947,80,S4,438.0,25.234,22.59
15948,80,S4,441.0,25.156,22.59
15949,80,S4,444.0,25.010,22.59
15950,80,S4,447.0,25.043,22.59
15951,80,S4,450.0,24.955,22.59
15952,80,S4,453.0,24.922,22.59
15953,80,S4,456.0,24.861,22.59
15954,80,S4,459.0,24.821,22.59
15955,80,S4,462.0,24.738,22.59
15956,80,S4,465.0,24.718,22.59
15957,80,S4,468.0,24.731,22.59
15958,80,S4,471.0,24.571,22.59
15959,80,S4,474.0,24.579,22.59
15960,80,S4,477.0,24.546,22.59
15961,80,S4,480.0,24.449,22.59
15962,80,S4,483.0,24.471,22.59
15963,80,S4,486.0,24.413,22.59
15964,80,S4,489.0,24.411,22.59
15965,80,S4,492.0,24.349,22.59
15966,80,S4,495.0,24.404,22.59
15967,80,S4,498.0,24.311,22.59
15968,80,S4,501.0,24.195,22.59
15969,80,S4,504.0,24.242,22.59
15970,80,S4,507.0,24.180,22.59
15971,80,S4,510.0,24.138,22.59
15972,80,S4,513.0,24.042,22.59
15973,80,S4,516.0,24.073,22.59
15974,80,S4,519.0,24.050,22.59
15975,80,S4,522.0,24.004,22.59
15976,80,S4,525.0,24.059,22.59
15977,80,S4,528.0,23.952,22.59
15978,80,S4,531.0,23.924,22.59
15979,80,S4,534.0,23.858,22.59
15980,80,S4,537.0,23.896,22.59
15981,80,S4,540.0,23.772,22.59
15982,80,S4,543.0,23.781,22.59
15983,80,S4,546.0,23.842,22.59
15984,80,S4,549.0,23.749,22.59
15985,80,S4,552.0,23.741,22.59
15986,80,S4,555.0,23.780,22.59
15987,80,S4,558.0,23.663,22.59
15988,80,S4,561.0,23.661,22.59
15989,80,S4,564.0,23.807,22.59
15990,80,S4,567.0,23.646,22.59
15991,80,S4,570.0,23.632,22.59
15992,80,S4,573.0,23.540,22.59
15993,80,S4,576.0,23.525,22.59
15994,80,S4,579.0,23.520,22.59
15995,80,S4,582.0,23.534,22.59
15996,80,S4,585.0,23.556,22.59
15997,80,S4,588.0,23.506,22.59
15998,80,S4,591.0,23.501,22.59
15999,80,S4,594.0,23.499,22.59
16000,80,S4,597.0,23.394,22.59
16001,81,S1,0.0,77.252,20.82
16002,81,S1,3.0,76.268,20.82
16003,81,S1,6.0,75.456,20.82
16004,81,S1,9.0,74.641,20.82
16005,81,S1,12.0,73.856,20.82
16006,81,S1,15.0,72.978,20.82
16007,81,S1,18.0,72.228,20.82
16008,81,S1,21.0,71.350,20.82
16009,81,S1,24.0,70.555,20.82
16010,81,S1,27.0,69.752,20.82
16011,81,S1,30.0,69.008,20.82
16012,81,S1,33.0,68.260,20.82
16013,81,S1,36.0,67.582,20.82
16014,81,S1,39.0,66.857,20.82
16015,81,S1,42.0,66.117,20.82
16016,81,S1,45.0,65.371,20.82
16017,81,S1,48.0,64.669,20.82
16018,81,S1,51.0,64.064,20.82
16019,81,S1,54.0,63.337,20.82
16020,81,S1,57.0,62.648,20.82
16021,81,S1,60.0,61.967,20.82
16022,81,S1,63.0,61.397,20.82
16023,81,S1,66.0,60.747,20.82
16024,81,S1,69.0,60.170,20.82
16025,81,S1,72.0,59.569,20.82
16026,81,S1,75.0,58.895,20.82
16027,81,S1,78.0,58.415,20.82
16028,81,S1,81.0,57.777,20.82
16029,81,S1,84.0,57.123,20.82
16030,81,S1,87.0,56.632,20.82
16031,81,S1,90.0,55.993,20.82
16032,81,S1,93.0,55.528,20.82
16033,81,S1,96.0,54.923,20.82
16034,81,S1,99.0,54.360,20.82
16035,81,S1,102.0,53.813,20.82
16036,81,S1,105.0,53.335,20.82
16037,81,S1,108.0,52.724,20.82
16038,81,S1,111.0,52.365,20.82
16039,81,S1,114.0,51.777,20.82
16040,81,S1,117.0,51.361,20.82
16041,81,S1,120.0,50.899,20.82
16042,81,S1,123.0,50.366,20.82
16043,81,S1,126.0,50.038,20.82
16044,81,S1,129.0,49.585,20.82
16045,81,S1,132.0,48.995,20.82
16046,81,S1,135.0,48.574,20.82
16047,81,S1,138.0,48.253,20.82
16048,81,S1,141.0,47.788,20.82
16049,81,S1,144.0,47.323,20.82
16050,81,S1,147.0,46.960,20.82
16051,81,S1,150.0,46.535,20.82
16052,81,S1,153.0,46.118,20.82
16053,81,S1,156.0,45.752,20.82
16054,81,S1,159.0,45.307,20.82
16055,81,S1,162.0,44.922,20.82
16056,81,S1,165.0,44.635,20.82
16057,81,S1,168.0,44.202,20.82
16058,81,S1,171.0,43.861,20.82
16059,81,S1,174.0,43.403,20.82
16060,81,S1,177.0,43.125,20.82
16061,81,S1,180.0,42.717,20.82
16062,81,S1,183.0,42.441,20.82
16063,81,S1,186.0,42.219,20.82
16064,81,S1,189.0,41.767,20.82
16065,81,S1,192.0,41.446,20.82
16066,81,S1,195.0,41.029,20.82
16067,81,S1,198.0,40.740,20.82
16068,81,S1,201.0,40.528,20.82
16069,81,S1,204.0,40.206,20.82
16070,81,S1,207.0,39.908,20.82
16071,81,S1,210.0,39.464,20.82
16072,81,S1,213.0,39.332,20.82
16073,81,S1,216.0,39.042,20.82
16074,81,S1,219.0,38.820,20.82
16075,81,S1,222.0,38.418,20.82
16076,81,S1,225.0,38.154,20.82
16077,81,S1,228.0,37.949,20.82
16078,81,S1,231.0,37.614,20.82
16079,81,S1,234.0,37.321,20.82
16080,81,S1,237.0,37.025,20.82
16081,81,S1,240.0,36.839,20.82
16082,81,S1,243.0,36.567,20.82
16083,81,S1,246.0,36.305,20.82
16084,81,S1,249.0,36.024,20.82
16085,81,S1,252.0,35.897,20.82
16086,81,S1,255.0,35.597,20.82
16087,81,S1,258.0,35.383,20.82
16088,81,S1,261.0,35.173,20.82
16089,81,S1,264.0,34.931,20.82
16090,81,S1,267.0,34.689,20.82
16091,81,S1,270.0,34.475,20.82
16092,81,S1,273.0,34.275,20.82
16093,81,S1,276.0,34.140,20.82
16094,81,S1,279.0,33.947,20.82
16095,81,S1,282.0,33.668,20.82
16096,81,S1,285.0,33.553,20.82
16097,81,S1,288.0,33.335,20.82
16098,81,S1,291.0,33.101,20.82
16099,81,S1,294.0,32.863,20.82
16100,81,S1,297.0,32.708,20.82
16101,81,S1,300.0,32.503,20.82
16102,81,S1,303.0,32.317,20.82
16103,81,S1,306.0,32.197,20.82
16104,81,S1,309.0,31.988,20.82
16105,81,S1,312.0,31.882,20.82
16106,81,S1,315.0,31.627,20.82
16107,81,S1,318.0,31.489,20.82
16108,81,S1,321.0,31.330,20.82
16109,81,S1,324.0,31.173,20.82
16110,81,S1,327.0,30.966,20.82
16111,81,S1,330.0,30.843,20.82
16112,81,S1,333.0,30.673,20.82
16113,81,S1,336.0,30.517,20.82
16114,81,S1,339.0,30.427,20.82
16115,81,S1,342.0,30.162,20.82
16116,81,S1,345.0,30.014,20.82
16117,81,S1,348.0,29.862,20.82
16118,81,S1,351.0,29.753,20.82
16119,81,S1,354.0,29.546,20.82
16120,81,S1,357.0,29.432,20.82
16121,81,S1,360.0,29.270,20.82
16122,81,S1,363.0,29.097,20.82
16123,81,S1,366.0,29.140,20.82
16124,81,S1,369.0,28.961,20.82
16125,81,S1,372.0,28.884,20.82
16126,81,S1,375.0,28.657,20.82
16127,81,S1,378.0,28.547,20.82
16128,81,S1,381.0,28.468,20.82
16129,81,S1,384.0,28.348,20.82
16130,81,S1,387.0,28.290,20.82
16131,81,S1,390.0,28.148,20.82
16132,81,S1,393.0,28.027,20.82
16133,81,S1,396.0,27.904,20.82
16134,81,S1,399.0,27.785,20.82
16135,81,S1,402.0,27.708,20.82
16136,81,S1,405.0,27.540,20.82
16137,81,S1,408.0,27.443,20.82
16138,81,S1,411.0,27.377,20.82
16139,81,S1,414.0,27.414,20.82
16140,81,S1,417.0,27.195,20.82
16141,81,S1,420.0,27.050,20.82
16142,81,S1,423.0,26.912,20.82
16143,81,S1,426.0,26.907,20.82
16144,81,S1,429.0,26.694,20.82
16145,81,S1,432.0,26.723,20.82
16146,81,S1,435.0,26.558,20.82
16147,81,S1,438.0,26.408,20.82
16148,81,S1,441.0,26.304,20.82
16149,81,S1,444.0,26.294,20.82
16150,81,S1,447.0,26.229,20.82
16151,81,S1,450.0,26.073,20.82
16152,81,S1,453.0,26.042,20.82
16153,81,S1,456.0,26.018,20.82
16154,81,S1,459.0,25.941,20.82
16155,81,S1,462.0,25.824,20.82
16156,81,S1,465.0,25.671,20.82
16157,81,S1,468.0,25.743,20.82
16158,81,S1,471.0,25.565,20.82
16159,81,S1,474.0,25.568,20.82
16160,81,S1,477.0,25.471,20.82
16161,81,S1,480.0,25.442,20.82
16162,81,S1,483.0,25.340,20.82
16163,81,S1,486.0,25.343,20.82
16164,81,S1,489.0,25.145,20.82
16165,81,S1,492.0,25.127,20.82
16166,81,S1,495.0,24.999,20.82
16167,81,S1,498.0,24.908,20.82
16168,81,S1,501.0,24.841,20.82
16169,81,S1,504.0,24.906,20.82
16170,81,S1,507.0,24.730,20.82
16171,81,S1,510.0,24.694,20.82
16172,81,S1,513.0,24.584,20.82
16173,81,S1,516.0,24.551,20.82
16174,81,S1,519.0,24.390,20.82
16175,81,S1,522.0,24.561,20.82
16176,81,S1,525.0,24.397,20.82
16177,81,S1,528.0,24.318,20.82
16178,81,S1,531.0,24.264,20.82
16179,81,S1,534.0,24.170,20.82
16180,81,S1,537.0,24.198,20.82
16181,81,S1,540.0,24.124,20.82
16182,81,S1,543.0,24.036,20.82
16183,81,S1,546.0,23.996,20.82
16184,81,S1,549.0,23.970,20.82
16185,81,S1,552.0,24.042,20.82
16186,81,S1,555.0,23.865,20.82
16187,81,S1,558.0,23.850,20.82
16188,81,S1,561.0,23.794,20.82
16189,81,S1,564.0,23.756,20.82
16190,81,S1,567.0,23.677,20.82
16191,81,S1,570.0,23.720,20.82
16192,81,S1,573.0,23.669,20.82
16193,81,S1,576.0,23.536,20.82
16194,81,S1,579.0,23.564,20.82
16195,81,S1,582.0,23.537,20.82
16196,81,S1,585.0,23.444,20.82
16197,81,S1,588.0,23.379,20.82
16198,81,S1,591.0,23.325,20.82
16199,81,S1,594.0,23.222,20.82
16200,81,S1,597.0,23.313,20.82
16201,82,S2,0.0,85.826,22.85
16202,82,S2,3.0,84.403,22.85
16203,82,S2,6.0,83.164,22.85
16204,82,S2,9.0,81.945,22.85
16205,82,S2,12.0,80.636,22.85
16206,82,S2,15.0,79.430,22.85
16207,82,S2,18.0,78.259,22.85
16208,82,S2,21.0,77.036,22.85
16209,82,S2,24.0,75.855,22.85
16210,82,S2,27.0,74.865,22.85
16211,82,S2,30.0,73.725,22.85
16212,82,S2,33.0,72.603,22.85
16213,82,S2,36.0,71.579,22.85
16214,82,S2,39.0,70.531,22.85
16215,82,S2,42.0,69.530,22.85
16216,82,S2,45.0,68.563,22.85
16217,82,S2,48.0,67.553,22.85
16218,82,S2,51.0,66.658,22.85
16219,82,S2,54.0,65.766,22.85
16220,82,S2,57.0,64.868,22.85
16221,82,S2,60.0,63.963,22.85
16222,82,S2,63.0,62.998,22.85
16223,82,S2,66.0,62.251,22.85
16224,82,S2,69.0,61.416,22.85
16225,82,S2,72.0,60.584,22.85
16226,82,S2,75.0,59.870,22.85
16227,82,S2,78.0,59.074,22.85
16228,82,S2,81.0,58.275,22.85
16229,82,S2,84.0,57.527,22.85
16230,82,S2,87.0,56.778,22.85
16231,82,S2,90.0,56.161,22.85
16232,82,S2,93.0,55.463,22.85
16233,82,S2,96.0,54.737,22.85
16234,82,S2,99.0,54.046,22.85
16235,82,S2,102.0,53.493,22.85
16236,82,S2,105.0,52.759,22.85
16237,82,S2,108.0,52.164,22.85
16238,82,S2,111.0,51.421,22.85
16239,82,S2,114.0,50.840,22.85
16240,82,S2,117.0,50.304,22.85
16241,82,S2,120.0,49.742,22.85
16242,82,S2,123.0,49.190,22.85
16243,82,S2,126.0,48.721,22.85
16244,82,S2,129.0,48.099,22.85
16245,82,S2,132.0,47.377,22.85
16246,82,S2,135.0,47.081,22.85
16247,82,S2,138.0,46.505,22.85
16248,82,S2,141.0,46.036,22.85
16249,82,S2,144.0,45.527,22.85
16250,82,S2,147.0,45.008,22.85
16251,82,S2,150.0,44.544,22.85
16252,82,S2,153.0,43.940,22.85
16253,82,S2,156.0,43.758,22.85
16254,82,S2,159.0,43.228,22.85
16255,82,S2,162.0,42.818,22.85
16256,82,S2,165.0,42.297,22.85
16257,82,S2,168.0,42.004,22.85
16258,82,S2,171.0,41.541,22.85
16259,82,S2,174.0,41.196,22.85
16260,82,S2,177.0,40.747,22.85
16261,82,S2,180.0,40.428,22.85
16262,82,S2,183.0,40.062,22.85
16263,82,S2,186.0,39.623,22.85
16264,82,S2,189.0,39.371,22.85
16265,82,S2,192.0,39.039,22.85
16266,82,S2,195.0,38.657,22.85
16267,82,S2,198.0,38.257,22.85
16268,82,S2,201.0,37.910,22.85
16269,82,S2,204.0,37.744,22.85
16270,82,S2,207.0,37.301,22.85
16271,82,S2,210.0,37.105,22.85
16272,82,S2,213.0,36.817,22.85
16273,82,S2,216.0,36.470,22.85
16274,82,S2,219.0,36.163,22.85
16275,82,S2,222.0,35.824,22.85
16276,82,S2,225.0,35.583,22.85
16277,82,S2,228.0,35.400,22.85
16278,82,S2,231.0,34.996,22.85
16279,82,S2,234.0,34.841,22.85
16280,82,S2,237.0,34.600,22.85
16281,82,S2,240.0,34.339,22.85
16282,82,S2,243.0,34.062,22.85
16283,82,S2,246.0,33.809,22.85
16284,82,S2,249.0,33.736,22.85
16285,82,S2,252.0,33.453,22.85
16286,82,S2,255.0,33.175,22.85
16287,82,S2,258.0,32.942,22.85
16288,82,S2,261.0,32.800,22.85
16289,82,S2,264.0,32.541,22.85
16290,82,S2,267.0,32.322,22.85
16291,82,S2,270.0,32.058,22.85
16292,82,S2,273.0,31.996,22.85
16293,82,S2,276.0,31.753,22.85
16294,82,S2,279.0,31.592,22.85
16295,82,S2,282.0,31.383,22.85
16296,82,S2,285.0,31.284,22.85
16297,82,S2,288.0,30.978,22.85
16298,82,S2,291.0,30.839,22.85
16299,82,S2,294.0,30.701,22.85
16300,82,S2,297.0,30.443,22.85
16301,82,S2,300.0,30.354,22.85
16302,82,S2,303.0,30.158,22.85
16303,82,S2,306.0,30.001,22.85
16304,82,S2,309.0,29.905,22.85
16305,82,S2,312.0,29.791,22.85
16306,82,S2,315.0,29.501,22.85
16307,82,S2,318.0,29.510,22.85
16308,82,S2,321.0,29.309,22.85
16309,82,S2,324.0,29.203,22.85
16310,82,S2,327.0,29.006,22.85
16311,82,S2,330.0,28.900,22.85
16312,82,S2,333.0,28.743,22.85
16313,82,S2,336.0,28.698,22.85
16314,82,S2,339.0,28.576,22.85
16315,82,S2,342.0,28.447,22.85
16316,82,S2,345.0,28.270,22.85
16317,82,S2,348.0,28.161,22.85
16318,82,S2,351.0,28.078,22.85
16319,82,S2,354.0,27.995,22.85
16320,82,S2,357.0,27.866,22.85
16321,82,S2,360.0,27.814,22.85
16322,82,S2,363.0,27.640,22.85
16323,82,S2,366.0,27.497,22.85
16324,82,S2,369.0,27.450,22.85
16325,82,S2,372.0,27.427,22.85
16326,82,S2,375.0,27.273,22.85
16327,82,S2,378.0,27.182,22.85
16328,82,S2,381.0,27.093,22.85
16329,82,S2,384.0,27.011,22.85
16330,82,S2,387.0,26.917,22.85
16331,82,S2,390.0,26.837,22.85
16332,82,S2,393.0,26.796,22.85
16333,82,S2,396.0,26.645,22.85
16334,82,S2,399.0,26.639,22.85
16335,82,S2,402.0,26.434,22.85
16336,82,S2,405.0,26.435,22.85
16337,82,S2,408.0,26.359,22.85
16338,82,S2,411.0,26.265,22.85
16339,82,S2,414.0,26.127,22.85
16340,82,S2,417.0,26.060,22.85
16341,82,S2,420.0,26.056,22.85
16342,82,S2,423.0,25.938,22.85
16343,82,S2,426.0,25.906,22.85
16344,82,S2,429.0,25.796,22.85
16345,82,S2,432.0,25.836,22.85
16346,82,S2,435.0,25.715,22.85
16347,82,S2,438.0,25.708,22.85
16348,82,S2,441.0,25.564,22.85
16349,82,S2,444.0,25.534,22.85
16350,82,S2,447.0,25.607,22.85
16351,82,S2,450.0,25.439,22.85
16352,82,S2,453.0,25.451,22.85
16353,82,S2,456.0,25.322,22.85
16354,82,S2,459.0,25.214,22.85
16355,82,S2,462.0,25.250,22.85
16356,82,S2,465.0,25.228,22.85
16357,82,S2,468.0,25.077,22.85
16358,82,S2,471.0,25.123,22.85
16359,82,S2,474.0,25.033,22.85
16360,82,S2,477.0,24.989,22.85
16361,82,S2,480.0,24.887,22.85
16362,82,S2,483.0,24.963,22.85
16363,82,S2,486.0,24.936,22.85
16364,82,S2,489.0,24.840,22.85
16365,82,S2,492.0,24.796,22.85
16366,82,S2,495.0,24.749,22.85
16367,82,S2,498.0,24.726,22.85
16368,82,S2,501.0,24.681,22.85
16369,82,S2,504.0,24.635,22.85
16370,82,S2,507.0,24.647,22.85
16371,82,S2,510.0,24.529,22.85
16372,82,S2,513.0,24.519,22.85
16373,82,S2,516.0,24.494,22.85
16374,82,S2,519.0,24.312,22.85
16375,82,S2,522.0,24.464,22.85
16376,82,S2,525.0,24.322,22.85
16377,82,S2,528.0,24.312,22.85
16378,82,S2,531.0,24.312,22.85
16379,82,S2,534.0,24.314,22.85
16380,82,S2,537.0,24.351,22.85
16381,82,S2,540.0,24.145,22.85
16382,82,S2,543.0,24.302,22.85
16383,82,S2,546.0,24.107,22.85
16384,82,S2,549.0,24.151,22.85
16385,82,S2,552.0,24.107,22.85
16386,82,S2,555.0,24.040,22.85
16387,82,S2,558.0,24.045,22.85
16388,82,S2,561.0,24.014,22.85
16389,82,S2,564.0,24.037,22.85
16390,82,S2,567.0,23.965,22.85
16391,82,S2,570.0,24.019,22.85
16392,82,S2,573.0,23.898,22.85
16393,82,S2,576.0,23.895,22.85
16394,82,S2,579.0,23.984,22.85
16395,82,S2,582.0,23.860,22.85
16396,82,S2,585.0,23.822,22.85
16397,82,S2,588.0,23.853,22.85
16398,82,S2,591.0,23.798,22.85
16399,82,S2,594.0,23.752,22.85
16400,82,S2,597.0,23.787,22.85
16401,83,S3,0.0,77.342,21.96
16402,83,S3,3.0,76.586,21.96
16403,83,S3,6.0,75.970,21.96
16404,83,S3,9.0,75.350,21.96
16405,83,S3,12.0,74.715,21.96
16406,83,S3,15.0,74.007,21.96
16407,83,S3,18.0,73.211,21.96
16408,83,S3,21.0,72.548,21.96
16409,83,S3,24.0,72.062,21.96
16410,83,S3,27.0,71.264,21.96
16411,83,S3,30.0,70.698,21.96
16412,83,S3,33.0,70.090,21.96
16413,83,S3,36.0,69.634,21.96
16414,83,S3,39.0,68.948,21.96
16415,83,S3,42.0,68.321,21.96
16416,83,S3,45.0,67.784,21.96
16417,83,S3,48.0,67.208,21.96
16418,83,S3,51.0,66.603,21.96
16419,83,S3,54.0,66.031,21.96
16420,83,S3,57.0,65.505,21.96
16421,83,S3,60.0,64.931,21.96
16422,83,S3,63.0,64.426,21.96
16423,83,S3,66.0,63.835,21.96
16424,83,S3,69.0,63.384,21.96
16425,83,S3,72.0,62.858,21.96
16426,83,S3,75.0,62.313,21.96
16427,83,S3,78.0,61.823,21.96
16428,83,S3,81.0,61.322,21.96
16429,83,S3,84.0,61.000,21.96
16430,83,S3,87.0,60.336,21.96
16431,83,S3,90.0,59.952,21.96
16432,83,S3,93.0,59.447,21.96
16433,83,S3,96.0,58.912,21.96
16434,83,S3,99.0,58.526,21.96
16435,83,S3,102.0,58.007,21.96
16436,83,S3,105.0,57.626,21.96
16437,83,S3,108.0,57.087,21.96
16438,83,S3,111.0,56.670,21.96
16439,83,S3,114.0,56.254,21.96
16440,83,S3,117.0,55.807,21.96
16441,83,S3,120.0,55.371,21.96
16442,83,S3,123.0,55.022,21.96
16443,83,S3,126.0,54.577,21.96
16444,83,S3,129.0,54.106,21.96
16445,83,S3,132.0,53.750,21.96
16446,83,S3,135.0,53.271,21.96
16447,83,S3,138.0,52.944,21.96
16448,83,S3,141.0,52.613,21.96
16449,83,S3,144.0,52.191,21.96
16450,83,S3,147.0,51.772,21.96
16451,83,S3,150.0,51.467,21.96
16452,83,S3,153.0,51.080,21.96
16453,83,S3,156.0,50.674,21.96
16454,83,S3,159.0,50.355,21.96
16455,83,S3,162.0,49.929,21.96
16456,83,S3,165.0,49.680,21.96
16457,83,S3,168.0,49.370,21.96
16458,83,S3,171.0,49.044,21.96
16459,83,S3,174.0,48.628,21.96
16460,83,S3,177.0,48.217,21.96
16461,83,S3,180.0,47.934,21.96
16462,83,S3,183.0,47.591,21.96
16463,83,S3,186.0,47.252,21.96
16464,83,S3,189.0,46.962,21.96
16465,83,S3,192.0,46.627,21.96
16466,83,S3,195.0,46.362,21.96
16467,83,S3,198.0,46.070,21.96
16468,83,S3,201.0,45.699,21.96
16469,83,S3,204.0,45.467,21.96
16470,83,S3,207.0,45.100,21.96
16471,83,S3,210.0,44.860,21.96
16472,83,S3,213.0,44.670,21.96
16473,83,S3,216.0,44.295,21.96
16474,83,S3,219.0,44.030,21.96
16475,83,S3,222.0,43.682,21.96
16476,83,S3,225.0,43.419,21.96
16477,83,S3,228.0,43.203,21.96
16478,83,S3,231.0,42.872,21.96
16479,83,S3,234.0,42.707,21.96
16480,83,S3,237.0,42.357,21.96
16481,83,S3,240.0,42.156,21.96
16482,83,S3,243.0,41.942,21.96
16483,83,S3,246.0,41.661,21.96
16484,83,S3,249.0,41.494,21.96
16485,83,S3,252.0,41.122,21.96
16486,83,S3,255.0,40.898,21.96
16487,83,S3,258.0,40.661,21.96
16488,83,S3,261.0,40.468,21.96
16489,83,S3,264.0,40.242,21.96
16490,83,S3,267.0,39.913,21.96
16491,83,S3,270.0,39.786,21.96
16492,83,S3,273.0,39.530,21.96
16493,83,S3,276.0,39.372,21.96
16494,83,S3,279.0,39.027,21.96
16495,83,S3,282.0,38.837,21.96
16496,83,S3,285.0,38.611,21.96
16497,83,S3,288.0,38.484,21.96
16498,83,S3,291.0,38.323,21.96
16499,83,S3,294.0,38.160,21.96
16500,83,S3,297.0,37.794,21.96
16501,83,S3,300.0,37.684,21.96
16502,83,S3,303.0,37.460,21.96
16503,83,S3,306.0,37.227,21.96
16504,83,S3,309.0,37.091,21.96
16505,83,S3,312.0,36.903,21.96
16506,83,S3,315.0,36.701,21.96
16507,83,S3,318.0,36.492,21.96
16508,83,S3,321.0,36.309,21.96
16509,83,S3,324.0,36.198,21.96
16510,83,S3,327.0,35.917,21.96
16511,83,S3,330.0,35.799,21.96
16512,83,S3,333.0,35.629,21.96
16513,83,S3,336.0,35.511,21.96
16514,83,S3,339.0,35.208,21.96
16515,83,S3,342.0,35.176,21.96
16516,83,S3,345.0,34.867,21.96
16517,83,S3,348.0,34.738,21.96
16518,83,S3,351.0,34.560,21.96
16519,83,S3,354.0,34.426,21.96
16520,83,S3,357.0,34.286,21.96
16521,83,S3,360.0,34.179,21.96
16522,83,S3,363.0,33.964,21.96
16523,83,S3,366.0,33.887,21.96
16524,83,S3,369.0,33.746,21.96
16525,83,S3,372.0,33.464,21.96
16526,83,S3,375.0,33.379,21.96
16527,83,S3,378.0,33.300,21.96
16528,83,S3,381.0,33.200,21.96
16529,83,S3,384.0,32.982,21.96
16530,83,S3,387.0,32.915,21.96
16531,83,S3,390.0,32.752,21.96
16532,83,S3,393.0,32.615,21.96
16533,83,S3,396.0,32.403,21.96
16534,83,S3,399.0,32.342,21.96
16535,83,S3,402.0,32.155,21.96
16536,83,S3,405.0,32.081,21.96
16537,83,S3,408.0,31.911,21.96
16538,83,S3,411.0,31.816,21.96
16539,83,S3,414.0,31.606,21.96
16540,83,S3,417.0,31.586,21.96
16541,83,S3,420.0,31.421,21.96
16542,83,S3,423.0,31.247,21.96
16543,83,S3,426.0,31.103,21.96
16544,83,S3,429.0,31.093,21.96
16545,83,S3,432.0,30.969,21.96
16546,83,S3,435.0,30.875,21.96
16547,83,S3,438.0,30.725,21.96
16548,83,S3,441.0,30.644,21.96
16549,83,S3,444.0,30.581,21.96
16550,83,S3,447.0,30.487,21.96
16551,83,S3,450.0,30.263,21.96
16552,83,S3,453.0,30.235,21.96
16553,83,S3,456.0,30.168,21.96
16554,83,S3,459.0,29.976,21.96
16555,83,S3,462.0,29.932,21.96
16556,83,S3,465.0,29.774,21.96
16557,83,S3,468.0,29.703,21.96
16558,83,S3,471.0,29.606,21.96
16559,83,S3,474.0,29.523,21.96
16560,83,S3,477.0,29.451,21.96
16561,83,S3,480.0,29.400,21.96
16562,83,S3,483.0,29.237,21.96
16563,83,S3,486.0,29.116,21.96
16564,83,S3,489.0,29.123,21.96
16565,83,S3,492.0,28.925,21.96
16566,83,S3,495.0,28.962,21.96
16567,83,S3,498.0,28.818,21.96
16568,83,S3,501.0,28.669,21.96
16569,83,S3,504.0,28.678,21.96
16570,83,S3,507.0,28.511,21.96
16571,83,S3,510.0,28.475,21.96
16572,83,S3,513.0,28.387,21.96
16573,83,S3,516.0,28.260,21.96
16574,83,S3,519.0,28.223,21.96
16575,83,S3,522.0,28.141,21.96
16576,83,S3,525.0,28.099,21.96
16577,83,S3,528.0,27.972,21.96
16578,83,S3,531.0,27.936,21.96
16579,83,S3,534.0,27.880,21.96
16580,83,S3,537.0,27.786,21.96
16581,83,S3,540.0,27.682,21.96
16582,83,S3,543.0,27.592,21.96
16583,83,S3,546.0,27.545,21.96
16584,83,S3,549.0,27.565,21.96
16585,83,S3,552.0,27.384,21.96
16586,83,S3,555.0,27.316,21.96
16587,83,S3,558.0,27.218,21.96
16588,83,S3,561.0,27.199,21.96
16589,83,S3,564.0,27.056,21.96
16590,83,S3,567.0,27.071,21.96
16591,83,S3,570.0,27.022,21.96
16592,83,S3,573.0,26.961,21.96
16593,83,S3,576.0,26.920,21.96
16594,83,S3,579.0,26.822,21.96
16595,83,S3,582.0,26.761,21.96
16596,83,S3,585.0,26.647,21.96
16597,83,S3,588.0,26.660,21.96
16598,83,S3,591.0,26.516,21.96
16599,83,S3,594.0,26.444,21.96
16600,83,S3,597.0,26.458,21.96
16601,84,S4,0.0,90.966,20.59
16602,84,S4,3.0,88.639,20.59
16603,84,S4,6.0,86.557,20.59
16604,84,S4,9.0,84.371,20.59
16605,84,S4,12.0,82.270,20.59
16606,84,S4,15.0,80.244,20.59
16607,84,S4,18.0,78.384,20.59
16608,84,S4,21.0,76.527,20.59
16609,84,S4,24.0,74.731,20.59
16610,84,S4,27.0,72.995,20.59
16611,84,S4,30.0,71.193,20.59
16612,84,S4,33.0,69.738,20.59
16613,84,S4,36.0,68.093,20.59
16614,84,S4,39.0,66.476,20.59
16615,84,S4,42.0,65.193,20.59
16616,84,S4,45.0,63.623,20.59
16617,84,S4,48.0,62.201,20.59
16618,84,S4,51.0,60.893,20.59
16619,84,S4,54.0,59.714,20.59
16620,84,S4,57.0,58.347,20.59
16621,84,S4,60.0,57.163,20.59
16622,84,S4,63.0,56.052,20.59
16623,84,S4,66.0,54.794,20.59
16624,84,S4,69.0,53.755,20.59
16625,84,S4,72.0,52.665,20.59
16626,84,S4,75.0,51.604,20.59
16627,84,S4,78.0,50.670,20.59
16628,84,S4,81.0,49.657,20.59
16629,84,S4,84.0,48.734,20.59
16630,84,S4,87.0,47.782,20.59
16631,84,S4,90.0,46.970,20.59
16632,84,S4,93.0,46.112,20.59
16633,84,S4,96.0,45.253,20.59
16634,84,S4,99.0,44.587,20.59
16635,84,S4,102.0,43.677,20.59
16636,84,S4,105.0,42.938,20.59
16637,84,S4,108.0,42.258,20.59
16638,84,S4,111.0,41.560,20.59
16639,84,S4,114.0,40.853,20.59
16640,84,S4,117.0,40.190,20.59
16641,84,S4,120.0,39.636,20.59
16642,84,S4,123.0,39.037,20.59
16643,84,S4,126.0,38.376,20.59
16644,84,S4,129.0,37.755,20.59
16645,84,S4,132.0,37.285,20.59
16646,84,S4,135.0,36.820,20.59
16647,84,S4,138.0,36.226,20.59
16648,84,S4,141.0,35.738,20.59
16649,84,S4,144.0,35.251,20.59
16650,84,S4,147.0,34.755,20.59
16651,84,S4,150.0,34.333,20.59
16652,84,S4,153.0,33.875,20.59
16653,84,S4,156.0,33.464,20.59
16654,84,S4,159.0,33.030,20.59
16655,84,S4,162.0,32.592,20.59
16656,84,S4,165.0,32.253,20.59
16657,84,S4,168.0,31.802,20.59
16658,84,S4,171.0,31.531,20.59
16659,84,S4,174.0,31.159,20.59
16660,84,S4,177.0,30.832,20.59
16661,84,S4,180.0,30.437,20.59
16662,84,S4,183.0,30.158,20.59
16663,84,S4,186.0,29.816,20.59
16664,84,S4,189.0,29.548,20.59
16665,84,S4,192.0,29.269,20.59
16666,84,S4,195.0,28.966,20.59
16667,84,S4,198.0,28.690,20.59
16668,84,S4,201.0,28.409,20.59
16669,84,S4,204.0,28.145,20.59
16670,84,S4,207.0,27.928,20.59
16671,84,S4,210.0,27.739,20.59
16672,84,S4,213.0,27.521,20.59
16673,84,S4,216.0,27.267,20.59
16674,84,S4,219.0,27.037,20.59
16675,84,S4,222.0,26.797,20.59
16676,84,S4,225.0,26.563,20.59
16677,84,S4,228.0,26.472,20.59
16678,84,S4,231.0,26.259,20.59
16679,84,S4,234.0,26.029,20.59
16680,84,S4,237.0,25.982,20.59
16681,84,S4,240.0,25.697,20.59
16682,84,S4,243.0,25.569,20.59
16683,84,S4,246.0,25.441,20.59
16684,84,S4,249.0,25.302,20.59
16685,84,S4,252.0,25.161,20.59
16686,84,S4,255.0,24.862,20.59
16687,84,S4,258.0,24.730,20.59
16688,84,S4,261.0,24.719,20.59
16689,84,S4,264.0,24.550,20.59
16690,84,S4,267.0,24.417,20.59
16691,84,S4,270.0,24.253,20.59
16692,84,S4,273.0,24.142,20.59
16693,84,S4,276.0,24.034,20.59
16694,84,S4,279.0,23.948,20.59
16695,84,S4,282.0,23.823,20.59
16696,84,S4,285.0,23.719,20.59
16697,84,S4,288.0,23.634,20.59
16698,84,S4,291.0,23.507,20.59
16699,84,S4,294.0,23.413,20.59
16700,84,S4,297.0,23.306,20.59
16701,84,S4,300.0,23.211,20.59
16702,84,S4,303.0,23.263,20.59
16703,84,S4,306.0,23.032,20.59
16704,84,S4,309.0,22.951,20.59
16705,84,S4,312.0,22.848,20.59
16706,84,S4,315.0,22.757,20.59
16707,84,S4,318.0,22.795,20.59
16708,84,S4,321.0,22.759,20.59
16709,84,S4,324.0,22.636,20.59
16710,84,S4,327.0,22.493,20.59
16711,84,S4,330.0,22.539,20.59
16712,84,S4,333.0,22.505,20.59
16713,84,S4,336.0,22.394,20.59
16714,84,S4,339.0,22.366,20.59
16715,84,S4,342.0,22.234,20.59
16716,84,S4,345.0,22.237,20.59
16717,84,S4,348.0,22.109,20.59
16718,84,S4,351.0,22.138,20.59
16719,84,S4,354.0,22.017,20.59
16720,84,S4,357.0,21.966,20.59
16721,84,S4,360.0,21.967,20.59
16722,84,S4,363.0,21.980,20.59
16723,84,S4,366.0,21.911,20.59
16724,84,S4,369.0,21.838,20.59
16725,84,S4,372.0,21.799,20.59
16726,84,S4,375.0,21.666,20.59
16727,84,S4,378.0,21.767,20.59
16728,84,S4,381.0,21.743,20.59
16729,84,S4,384.0,21.650,20.59
16730,84,S4,387.0,21.636,20.59
16731,84,S4,390.0,21.596,20.59
16732,84,S4,393.0,21.487,20.59
16733,84,S4,396.0,21.460,20.59
16734,84,S4,399.0,21.444,20.59
16735,84,S4,402.0,21.450,20.59
16736,84,S4,405.0,21.475,20.59
16737,84,S4,408.0,21.422,20.59
16738,84,S4,411.0,21.378,20.59
16739,84,S4,414.0,21.364,20.59
16740,84,S4,417.0,21.391,20.59
16741,84,S4,420.0,21.239,20.59
16742,84,S4,423.0,21.227,20.59
16743,84,S4,426.0,21.278,20.59
16744,84,S4,429.0,21.284,20.59
16745,84,S4,432.0,21.253,20.59
16746,84,S4,435.0,21.218,20.59
16747,84,S4,438.0,21.194,20.59
16748,84,S4,441.0,21.187,20.59
16749,84,S4,444.0,21.143,20.59
16750,84,S4,447.0,21.045,20.59
16751,84,S4,450.0,21.123,20.59
16752,84,S4,453.0,21.050,20.59
16753,84,S4,456.0,20.990,20.59
16754,84,S4,459.0,21.062,20.59
16755,84,S4,462.0,21.080,20.59
16756,84,S4,465.0,20.998,20.59
16757,84,S4,468.0,21.028,20.59
16758,84,S4,471.0,21.033,20.59
16759,84,S4,474.0,20.987,20.59
16760,84,S4,477.0,20.963,20.59
16761,84,S4,480.0,20.993,20.59
16762,84,S4,483.0,20.999,20.59
16763,84,S4,486.0,20.948,20.59
16764,84,S4,489.0,20.912,20.59
16765,84,S4,492.0,20.934,20.59
16766,84,S4,495.0,20.803,20.59
16767,84,S4,498.0,20.938,20.59
16768,84,S4,501.0,20.818,20.59
16769,84,S4,504.0,20.898,20.59
16770,84,S4,507.0,20.787,20.59
16771,84,S4,510.0,20.909,20.59
16772,84,S4,513.0,20.801,20.59
16773,84,S4,516.0,20.848,20.59
16774,84,S4,519.0,20.774,20.59
16775,84,S4,522.0,20.866,20.59
16776,84,S4,525.0,20.844,20.59
16777,84,S4,528.0,20.886,20.59
16778,84,S4,531.0,20.792,20.59
16779,84,S4,534.0,20.776,20.59
16780,84,S4,537.0,20.836,20.59
16781,84,S4,540.0,20.765,20.59
16782,84,S4,543.0,20.746,20.59
16783,84,S4,546.0,20.819,20.59
16784,84,S4,549.0,20.840,20.59
16785,84,S4,552.0,20.780,20.59
16786,84,S4,555.0,20.747,20.59
16787,84,S4,558.0,20.714,20.59
16788,84,S4,561.0,20.749,20.59
16789,84,S4,564.0,20.810,20.59
16790,84,S4,567.0,20.686,20.59
16791,84,S4,570.0,20.680,20.59
16792,84,S4,573.0,20.703,20.59
16793,84,S4,576.0,20.773,20.59
16794,84,S4,579.0,20.756,20.59
16795,84,S4,582.0,20.733,20.59
16796,84,S4,585.0,20.684,20.59
16797,84,S4,588.0,20.763,20.59
16798,84,S4,591.0,20.711,20.59
16799,84,S4,594.0,20.720,20.59
16800,84,S4,597.0,20.661,20.59
16801,85,S1,0.0,74.524,22.63
16802,85,S1,3.0,73.237,22.63
16803,85,S1,6.0,71.607,22.63
16804,85,S1,9.0,70.281,22.63
16805,85,S1,12.0,68.882,22.63
16806,85,S1,15.0,67.747,22.63
16807,85,S1,18.0,66.419,22.63
16808,85,S1,21.0,65.177,22.63
16809,85,S1,24.0,63.899,22.63
16810,85,S1,27.0,62.788,22.63
16811,85,S1,30.0,61.717,22.63
16812,85,S1,33.0,60.589,22.63
16813,85,S1,36.0,59.572,22.63
16814,85,S1,39.0,58.477,22.63
16815,85,S1,42.0,57.401,22.63
16816,85,S1,45.0,56.563,22.63
16817,85,S1,48.0,55.627,22.63
16818,85,S1,51.0,54.651,22.63
16819,85,S1,54.0,53.693,22.63
16820,85,S1,57.0,52.880,22.63
16821,85,S1,60.0,52.033,22.63
16822,85,S1,63.0,51.215,22.63
16823,85,S1,66.0,50.313,22.63
16824,85,S1,69.0,49.581,22.63
16825,85,S1,72.0,48.837,22.63
16826,85,S1,75.0,48.101,22.63
16827,85,S1,78.0,47.391,22.63
16828,85,S1,81.0,46.668,22.63
16829,85,S1,84.0,46.015,22.63
16830,85,S1,87.0,45.412,22.63
16831,85,S1,90.0,44.723,22.63
16832,85,S1,93.0,44.051,22.63
16833,85,S1,96.0,43.488,22.63
16834,85,S1,99.0,42.865,22.63
16835,85,S1,102.0,42.304,22.63
16836,85,S1,105.0,41.816,22.63
16837,85,S1,108.0,41.103,22.63
16838,85,S1,111.0,40.677,22.63
16839,85,S1,114.0,40.167,22.63
16840,85,S1,117.0,39.519,22.63
16841,85,S1,120.0,39.232,22.63
16842,85,S1,123.0,38.733,22.63
16843,85,S1,126.0,38.385,22.63
16844,85,S1,129.0,37.864,22.63
16845,85,S1,132.0,37.310,22.63
16846,85,S1,135.0,36.989,22.63
16847,85,S1,138.0,36.638,22.63
16848,85,S1,141.0,36.255,22.63
16849,85,S1,144.0,35.888,22.63
16850,85,S1,147.0,35.436,22.63
16851,85,S1,150.0,35.071,22.63
16852,85,S1,153.0,34.796,22.63
16853,85,S1,156.0,34.379,22.63
16854,85,S1,159.0,34.032,22.63
16855,85,S1,162.0,33.745,22.63
16856,85,S1,165.0,33.441,22.63
16857,85,S1,168.0,33.019,22.63
16858,85,S1,171.0,32.858,22.63
16859,85,S1,174.0,32.601,22.63
16860,85,S1,177.0,32.326,22.63
16861,85,S1,180.0,31.944,22.63
16862,85,S1,183.0,31.676,22.63
16863,85,S1,186.0,31.538,22.63
16864,85,S1,189.0,31.312,22.63
16865,85,S1,192.0,30.968,22.63
16866,85,S1,195.0,30.830,22.63
16867,85,S1,198.0,30.484,22.63
16868,85,S1,201.0,30.323,22.63
16869,85,S1,204.0,30.156,22.63
16870,85,S1,207.0,29.890,22.63
16871,85,S1,210.0,29.760,22.63
16872,85,S1,213.0,29.544,22.63
16873,85,S1,216.0,29.249,22.63
16874,85,S1,219.0,29.136,22.63
16875,85,S1,222.0,28.958,22.63
16876,85,S1,225.0,28.721,22.63
16877,85,S1,228.0,28.571,22.63
16878,85,S1,231.0,28.369,22.63
16879,85,S1,234.0,28.313,22.63
16880,85,S1,237.0,28.044,22.63
16881,85,S1,240.0,27.916,22.63
16882,85,S1,243.0,27.769,22.63
16883,85,S1,246.0,27.651,22.63
16884,85,S1,249.0,27.476,22.63
16885,85,S1,252.0,27.341,22.63
16886,85,S1,255.0,27.287,22.63
16887,85,S1,258.0,27.068,22.63
16888,85,S1,261.0,26.975,22.63
16889,85,S1,264.0,26.744,22.63
16890,85,S1,267.0,26.749,22.63
16891,85,S1,270.0,26.533,22.63
16892,85,S1,273.0,26.484,22.63
16893,85,S1,276.0,26.424,22.63
16894,85,S1,279.0,26.325,22.63
16895,85,S1,282.0,26.232,22.63
16896,85,S1,285.0,26.046,22.63
16897,85,S1,288.0,25.945,22.63
16898,85,S1,291.0,25.816,22.63
16899,85,S1,294.0,25.775,22.63
16900,85,S1,297.0,25.768,22.63
16901,85,S1,300.0,25.549,22.63
16902,85,S1,303.0,25.605,22.63
16903,85,S1,306.0,25.438,22.63
16904,85,S1,309.0,25.389,22.63
16905,85,S1,312.0,25.297,22.63
16906,85,S1,315.0,25.250,22.63
16907,85,S1,318.0,25.133,22.63
16908,85,S1,321.0,25.005,22.63
16909,85,S1,324.0,24.959,22.63
16910,85,S1,327.0,24.892,22.63
16911,85,S1,330.0,24.837,22.63
16912,85,S1,333.0,24.821,22.63
16913,85,S1,336.0,24.766,22.63
16914,85,S1,339.0,24.692,22.63
16915,85,S1,342.0,24.634,22.63
16916,85,S1,345.0,24.575,22.63
16917,85,S1,348.0,24.544,22.63
16918,85,S1,351.0,24.454,22.63
16919,85,S1,354.0,24.376,22.63
16920,85,S1,357.0,24.387,22.63
16921,85,S1,360.0,24.291,22.63
16922,85,S1,363.0,24.269,22.63
16923,85,S1,366.0,24.264,22.63
16924,85,S1,369.0,24.195,22.63
16925,85,S1,372.0,24.177,22.63
16926,85,S1,375.0,24.100,22.63
16927,85,S1,378.0,24.050,22.63
16928,85,S1,381.0,24.089,22.63
16929,85,S1,384.0,23.919,22.63
16930,85,S1,387.0,23.908,22.63
16931,85,S1,390.0,23.891,22.63
16932,85,S1,393.0,23.921,22.63
16933,85,S1,396.0,23.812,22.63
16934,85,S1,399.0,23.736,22.63
16935,85,S1,402.0,23.699,22.63
16936,85,S1,405.0,23.669,22.63
16937,85,S1,408.0,23.731,22.63
16938,85,S1,411.0,23.750,22.63
16939,85,S1,414.0,23.608,22.63
16940,85,S1,417.0,23.595,22.63
16941,85,S1,420.0,23.629,22.63
16942,85,S1,423.0,23.555,22.63
16943,85,S1,426.0,23.532,22.63
16944,85,S1,429.0,23.508,22.63
16945,85,S1,432.0,23.574,22.63
16946,85,S1,435.0,23.380,22.63
16947,85,S1,438.0,23.382,22.63
16948,85,S1,441.0,23.376,22.63
16949,85,S1,444.0,23.320,22.63
16950,85,S1,447.0,23.430,22.63
16951,85,S1,450.0,23.218,22.63
16952,85,S1,453.0,23.268,22.63
16953,85,S1,456.0,23.307,22.63
16954,85,S1,459.0,23.302,22.63
16955,85,S1,462.0,23.243,22.63
16956,85,S1,465.0,23.168,22.63
16957,85,S1,468.0,23.238,22.63
16958,85,S1,471.0,23.139,22.63
16959,85,S1,474.0,23.233,22.63
16960,85,S1,477.0,23.136,22.63
16961,85,S1,480.0,23.178,22.63
16962,85,S1,483.0,23.139,22.63
16963,85,S1,486.0,23.117,22.63
16964,85,S1,489.0,23.112,22.63
16965,85,S1,492.0,23.051,22.63
16966,85,S1,495.0,23.164,22.63
16967,85,S1,498.0,23.035,22.63
16968,85,S1,501.0,23.002,22.63
16969,85,S1,504.0,23.018,22.63
16970,85,S1,507.0,23.038,22.63
16971,85,S1,510.0,23.070,22.63
16972,85,S1,513.0,23.007,22.63
16973,85,S1,516.0,23.094,22.63
16974,85,S1,519.0,23.011,22.63
16975,85,S1,522.0,23.018,22.63
16976,85,S1,525.0,22.830,22.63
16977,85,S1,528.0,22.942,22.63
16978,85,S1,531.0,22.956,22.63
16979,85,S1,534.0,22.885,22.63
16980,85,S1,537.0,22.843,22.63
16981,85,S1,540.0,22.963,22.63
16982,85,S1,543.0,22.855,22.63
16983,85,S1,546.0,22.929,22.63
16984,85,S1,549.0,22.916,22.63
16985,85,S1,552.0,22.961,22.63
16986,85,S1,555.0,22.893,22.63
16987,85,S1,558.0,22.868,22.63
16988,85,S1,561.0,22.899,22.63
16989,85,S1,564.0,22.908,22.63
16990,85,S1,567.0,22.896,22.63
16991,85,S1,570.0,22.861,22.63
16992,85,S1,573.0,22.823,22.63
16993,85,S1,576.0,22.778,22.63
16994,85,S1,579.0,22.861,22.63
16995,85,S1,582.0,22.867,22.63
16996,85,S1,585.0,22.754,22.63
16997,85,S1,588.0,22.876,22.63
16998,85,S1,591.0,22.833,22.63
16999,85,S1,594.0,22.811,22.63
17000,85,S1,597.0,22.787,22.63
17001,86,S2,0.0,83.495,20.92
17002,86,S2,3.0,82.675,20.92
17003,86,S2,6.0,81.871,20.92
17004,86,S2,9.0,81.149,20.92
17005,86,S2,12.0,80.428,20.92
17006,86,S2,15.0,79.581,20.92
17007,86,S2,18.0,78.852,20.92
17008,86,S2,21.0,78.099,20.92
17009,86,S2,24.0,77.299,20.92
17010,86,S2,27.0,76.666,20.92
17011,86,S2,30.0,75.951,20.92
17012,86,S2,33.0,75.189,20.92
17013,86,S2,36.0,74.513,20.92
17014,86,S2,39.0,73.848,20.92
17015,86,S2,42.0,73.176,20.92
17016,86,S2,45.0,72.472,20.92
17017,86,S2,48.0,71.756,20.92
17018,86,S2,51.0,71.189,20.92
17019,86,S2,54.0,70.498,20.92
17020,86,S2,57.0,69.829,20.92
17021,86,S2,60.0,69.294,20.92
17022,86,S2,63.0,68.613,20.92
17023,86,S2,66.0,67.931,20.92
17024,86,S2,69.0,67.387,20.92
17025,86,S2,72.0,66.800,20.92
17026,86,S2,75.0,66.186,20.92
17027,86,S2,78.0,65.556,20.92
17028,86,S2,81.0,64.981,20.92
17029,86,S2,84.0,64.650,20.92
17030,86,S2,87.0,63.966,20.92
17031,86,S2,90.0,63.468,20.92
17032,86,S2,93.0,62.745,20.92
17033,86,S2,96.0,62.201,20.92
17034,86,S2,99.0,61.802,20.92
17035,86,S2,102.0,61.192,20.92
17036,86,S2,105.0,60.689,20.92
17037,86,S2,108.0,60.156,20.92
17038,86,S2,111.0,59.684,20.92
17039,86,S2,114.0,59.130,20.92
17040,86,S2,117.0,58.703,20.92
17041,86,S2,120.0,58.156,20.92
17042,86,S2,123.0,57.721,20.92
17043,86,S2,126.0,57.250,20.92
17044,86,S2,129.0,56.768,20.92
17045,86,S2,132.0,56.311,20.92
17046,86,S2,135.0,55.806,20.92
17047,86,S2,138.0,55.386,20.92
17048,86,S2,141.0,55.026,20.92
17049,86,S2,144.0,54.483,20.92
17050,86,S2,147.0,54.047,20.92
17051,86,S2,150.0,53.667,20.92
17052,86,S2,153.0,53.263,20.92
17053,86,S2,156.0,52.747,20.92
17054,86,S2,159.0,52.367,20.92
17055,86,S2,162.0,52.006,20.92
17056,86,S2,165.0,51.632,20.92
17057,86,S2,168.0,51.251,20.92
17058,86,S2,171.0,50.813,20.92
17059,86,S2,174.0,50.343,20.92
17060,86,S2,177.0,50.134,20.92
17061,86,S2,180.0,49.717,20.92
17062,86,S2,183.0,49.279,20.92
17063,86,S2,186.0,48.943,20.92
17064,86,S2,189.0,48.585,20.92
17065,86,S2,192.0,48.180,20.92
17066,86,S2,195.0,47.925,20.92
17067,86,S2,198.0,47.536,20.92
17068,86,S2,201.0,47.114,20.92
17069,86,S2,204.0,46.871,20.92
17070,86,S2,207.0,46.571,20.92
17071,86,S2,210.0,46.157,20.92
17072,86,S2,213.0,45.792,20.92
17073,86,S2,216.0,45.590,20.92
17074,86,S2,219.0,45.208,20.92
17075,86,S2,222.0,44.903,20.92
17076,86,S2,225.0,44.615,20.92
17077,86,S2,228.0,44.331,20.92
17078,86,S2,231.0,43.983,20.92
17079,86,S2,234.0,43.757,20.92
17080,86,S2,237.0,43.355,20.92
17081,86,S2,240.0,43.073,20.92
17082,86,S2,243.0,42.847,20.92
17083,86,S2,246.0,42.603,20.92
17084,86,S2,249.0,42.223,20.92
17085,86,S2,252.0,41.925,20.92
17086,86,S2,255.0,41.683,20.92
17087,86,S2,258.0,41.481,20.92
17088,86,S2,261.0,41.133,20.92
17089,86,S2,264.0,40.924,20.92
17090,86,S2,267.0,40.695,20.92
17091,86,S2,270.0,40.489,20.92
17092,86,S2,273.0,40.230,20.92
17093,86,S2,276.0,39.938,20.92
17094,86,S2,279.0,39.698,20.92
17095,86,S2,282.0,39.395,20.92
17096,86,S2,285.0,39.199,20.92
17097,86,S2,288.0,38.929,20.92
17098,86,S2,291.0,38.696,20.92
17099,86,S2,294.0,38.480,20.92
17100,86,S2,297.0,38.341,20.92
17101,86,S2,300.0,38.036,20.92
17102,86,S2,303.0,37.794,20.92
17103,86,S2,306.0,37.625,20.92
17104,86,S2,309.0,37.401,20.92
17105,86,S2,312.0,37.087,20.92
17106,86,S2,315.0,36.974,20.92
17107,86,S2,318.0,36.703,20.92
17108,86,S2,321.0,36.545,20.92
17109,86,S2,324.0,36.345,20.92
17110,86,S2,327.0,36.105,20.92
17111,86,S2,330.0,35.980,20.92
17112,86,S2,333.0,35.816,20.92
17113,86,S2,336.0,35.553,20.92
17114,86,S2,339.0,35.426,20.92
17115,86,S2,342.0,35.240,20.92
17116,86,S2,345.0,34.987,20.92
17117,86,S2,348.0,34.949,20.92
17118,86,S2,351.0,34.654,20.92
17119,86,S2,354.0,34.398,20.92
17120,86,S2,357.0,34.283,20.92
17121,86,S2,360.0,34.097,20.92
17122,86,S2,363.0,34.009,20.92
17123,86,S2,366.0,33.760,20.92
17124,86,S2,369.0,33.699,20.92
17125,86,S2,372.0,33.426,20.92
17126,86,S2,375.0,33.332,20.92
17127,86,S2,378.0,33.222,20.92
17128,86,S2,381.0,33.020,20.92
17129,86,S2,384.0,32.875,20.92
17130,86,S2,387.0,32.628,20.92
17131,86,S2,390.0,32.526,20.92
17132,86,S2,393.0,32.376,20.92
17133,86,S2,396.0,32.187,20.92
17134,86,S2,399.0,32.042,20.92
17135,86,S2,402.0,32.027,20.92
17136,86,S2,405.0,31.782,20.92
17137,86,S2,408.0,31.588,20.92
17138,86,S2,411.0,31.434,20.92
17139,86,S2,414.0,31.377,20.92
17140,86,S2,417.0,31.172,20.92
17141,86,S2,420.0,31.074,20.92
17142,86,S2,423.0,30.987,20.92
17143,86,S2,426.0,30.879,20.92
17144,86,S2,429.0,30.712,20.92
17145,86,S2,432.0,30.594,20.92
17146,86,S2,435.0,30.504,20.92
17147,86,S2,438.0,30.286,20.92
17148,86,S2,441.0,30.192,20.92
17149,86,S2,444.0,30.081,20.92
17150,86,S2,447.0,29.947,20.92
17151,86,S2,450.0,29.831,20.92
17152,86,S2,453.0,29.832,20.92
17153,86,S2,456.0,29.805,20.92
17154,86,S2,459.0,29.568,20.92
17155,86,S2,462.0,29.450,20.92
17156,86,S2,465.0,29.335,20.92
17157,86,S2,468.0,29.123,20.92
17158,86,S2,471.0,29.146,20.92
17159,86,S2,474.0,29.036,20.92
17160,86,S2,477.0,28.867,20.92
17161,86,S2,480.0,28.808,20.92
17162,86,S2,483.0,28.762,20.92
17163,86,S2,486.0,28.548,20.92
17164,86,S2,489.0,28.474,20.92
17165,86,S2,492.0,28.423,20.92
17166,86,S2,495.0,28.276,20.92
17167,86,S2,498.0,28.222,20.92
17168,86,S2,501.0,28.022,20.92
17169,86,S2,504.0,28.001,20.92
17170,86,S2,507.0,28.010,20.92
17171,86,S2,510.0,27.681,20.92
17172,86,S2,513.0,27.800,20.92
17173,86,S2,516.0,27.658,20.92
17174,86,S2,519.0,27.650,20.92
17175,86,S2,522.0,27.504,20.92
17176,86,S2,525.0,27.488,20.92
17177,86,S2,528.0,27.381,20.92
17178,86,S2,531.0,27.292,20.92
17179,86,S2,534.0,27.143,20.92
17180,86,S2,537.0,27.108,20.92
17181,86,S2,540.0,27.040,20.92
17182,86,S2,543.0,26.928,20.92
17183,86,S2,546.0,26.973,20.92
17184,86,S2,549.0,26.729,20.92
17185,86,S2,552.0,26.592,20.92
17186,86,S2,555.0,26.595,20.92
17187,86,S2,558.0,26.627,20.92
17188,86,S2,561.0,26.480,20.92
17189,86,S2,564.0,26.412,20.92
17190,86,S2,567.0,26.294,20.92
17191,86,S2,570.0,26.167,20.92
17192,86,S2,573.0,26.273,20.92
17193,86,S2,576.0,26.079,20.92
17194,86,S2,579.0,26.134,20.92
17195,86,S2,582.0,26.015,20.92
17196,86,S2,585.0,25.954,20.92
17197,86,S2,588.0,25.916,20.92
17198,86,S2,591.0,25.731,20.92
17199,86,S2,594.0,25.737,20.92
17200,86,S2,597.0,25.724,20.92
17201,87,S3,0.0,93.806,21.68
17202,87,S3,3.0,92.226,21.68
17203,87,S3,6.0,90.930,21.68
17204,87,S3,9.0,89.514,21.68
17205,87,S3,12.0,88.151,21.68
17206,87,S3,15.0,86.729,21.68
17207,87,S3,18.0,85.346,21.68
17208,87,S3,21.0,84.124,21.68
17209,87,S3,24.0,82.878,21.68
17210,87,S3,27.0,81.639,21.68
17211,87,S3,30.0,80.422,21.68
17212,87,S3,33.0,79.272,21.68
17213,87,S3,36.0,78.068,21.68
17214,87,S3,39.0,77.000,21.68
17215,87,S3,42.0,75.848,21.68
17216,87,S3,45.0,74.714,21.68
17217,87,S3,48.0,73.622,21.68
17218,87,S3,51.0,72.609,21.68
17219,87,S3,54.0,71.574,21.68
17220,87,S3,57.0,70.532,21.68
17221,87,S3,60.0,69.509,21.68
17222,87,S3,63.0,68.611,21.68
17223,87,S3,66.0,67.637,21.68
17224,87,S3,69.0,66.731,21.68
17225,87,S3,72.0,65.760,21.68
17226,87,S3,75.0,64.912,21.68
17227,87,S3,78.0,63.988,21.68
17228,87,S3,81.0,63.193,21.68
17229,87,S3,84.0,62.303,21.68
17230,87,S3,87.0,61.530,21.68
17231,87,S3,90.0,60.719,21.68
17232,87,S3,93.0,59.918,21.68
17233,87,S3,96.0,59.173,21.68
17234,87,S3,99.0,58.342,21.68
17235,87,S3,102.0,57.577,21.68
17236,87,S3,105.0,56.928,21.68
17237,87,S3,108.0,56.272,21.68
17238,87,S3,111.0,55.525,21.68
17239,87,S3,114.0,54.816,21.68
17240,87,S3,117.0,54.205,21.68
17241,87,S3,120.0,53.502,21.68
17242,87,S3,123.0,52.724,21.68
17243,87,S3,126.0,52.167,21.68
17244,87,S3,129.0,51.505,21.68
17245,87,S3,132.0,51.009,21.68
17246,87,S3,135.0,50.338,21.68
17247,87,S3,138.0,49.849,21.68
17248,87,S3,141.0,49.141,21.68
17249,87,S3,144.0,48.822,21.68
17250,87,S3,147.0,48.152,21.68
17251,87,S3,150.0,47.444,21.68
17252,87,S3,153.0,47.010,21.68
17253,87,S3,156.0,46.600,21.68
17254,87,S3,159.0,46.023,21.68
17255,87,S3,162.0,45.564,21.68
17256,87,S3,165.0,45.101,21.68
17257,87,S3,168.0,44.653,21.68
17258,87,S3,171.0,44.181,21.68
17259,87,S3,174.0,43.685,21.68
17260,87,S3,177.0,43.244,21.68
17261,87,S3,180.0,42.823,21.68
17262,87,S3,183.0,42.296,21.68
17263,87,S3,186.0,41.989,21.68
17264,87,S3,189.0,41.507,21.68
17265,87,S3,192.0,41.180,21.68
17266,87,S3,195.0,40.838,21.68
17267,87,S3,198.0,40.437,21.68
17268,87,S3,201.0,39.950,21.68
17269,87,S3,204.0,39.565,21.68
17270,87,S3,207.0,39.210,21.68
17271,87,S3,210.0,38.908,21.68
17272,87,S3,213.0,38.595,21.68
17273,87,S3,216.0,38.246,21.68
17274,87,S3,219.0,37.937,21.68
17275,87,S3,222.0,37.575,21.68
17276,87,S3,225.0,37.236,21.68
17277,87,S3,228.0,36.809,21.68
17278,87,S3,231.0,36.581,21.68
17279,87,S3,234.0,36.247,21.68
17280,87,S3,237.0,36.002,21.68
17281,87,S3,240.0,35.656,21.68
17282,87,S3,243.0,35.434,21.68
17283,87,S3,246.0,35.137,21.68
17284,87,S3,249.0,34.926,21.68
17285,87,S3,252.0,34.671,21.68
17286,87,S3,255.0,34.342,21.68
17287,87,S3,258.0,34.073,21.68
17288,87,S3,261.0,33.957,21.68
17289,87,S3,264.0,33.610,21.68
17290,87,S3,267.0,33.399,21.68
17291,87,S3,270.0,33.125,21.68
17292,87,S3,273.0,32.996,21.68
17293,87,S3,276.0,32.650,21.68
17294,87,S3,279.0,32.438,21.68
17295,87,S3,282.0,32.222,21.68
17296,87,S3,285.0,31.988,21.68
17297,87,S3,288.0,31.812,21.68
17298,87,S3,291.0,31.603,21.68
17299,87,S3,294.0,31.391,21.68
17300,87,S3,297.0,31.143,21.68
17301,87,S3,300.0,31.017,21.68
17302,87,S3,303.0,30.873,21.68
17303,87,S3,306.0,30.596,21.68
17304,87,S3,309.0,30.413,21.68
17305,87,S3,312.0,30.235,21.68
17306,87,S3,315.0,30.062,21.68
17307,87,S3,318.0,29.912,21.68
17308,87,S3,321.0,29.739,21.68
17309,87,S3,324.0,29.640,21.68
17310,87,S3,327.0,29.437,21.68
17311,87,S3,330.0,29.316,21.68
17312,87,S3,333.0,29.081,21.68
17313,87,S3,336.0,29.006,21.68
17314,87,S3,339.0,28.778,21.68
17315,87,S3,342.0,28.735,21.68
17316,87,S3,345.0,28.491,21.68
17317,87,S3,348.0,28.511,21.68
17318,87,S3,351.0,28.320,21.68
17319,87,S3,354.0,28.111,21.68
17320,87,S3,357.0,28.023,21.68
17321,87,S3,360.0,27.861,21.68
17322,87,S3,363.0,27.810,21.68
17323,87,S3,366.0,27.670,21.68
17324,87,S3,369.0,27.473,21.68
17325,87,S3,372.0,27.334,21.68
17326,87,S3,375.0,27.174,21.68
17327,87,S3,378.0,27.169,21.68
17328,87,S3,381.0,26.949,21.68
17329,87,S3,384.0,26.988,21.68
17330,87,S3,387.0,26.884,21.68
17331,87,S3,390.0,26.785,21.68
17332,87,S3,393.0,26.639,21.68
17333,87,S3,396.0,26.555,21.68
17334,87,S3,399.0,26.454,21.68
17335,87,S3,402.0,26.307,21.68
17336,87,S3,405.0,26.144,21.68
17337,87,S3,408.0,26.196,21.68
17338,87,S3,411.0,26.061,21.68
17339,87,S3,414.0,25.937,21.68
17340,87,S3,417.0,25.836,21.68
17341,87,S3,420.0,25.746,21.68
17342,87,S3,423.0,25.693,21.68
17343,87,S3,426.0,25.635,21.68
17344,87,S3,429.0,25.584,21.68
17345,87,S3,432.0,25.472,21.68
17346,87,S3,435.0,25.267,21.68
17347,87,S3,438.0,25.272,21.68
17348,87,S3,441.0,25.192,21.68
17349,87,S3,444.0,25.173,21.68
17350,87,S3,447.0,25.081,21.68
17351,87,S3,450.0,25.066,21.68
17352,87,S3,453.0,24.945,21.68
17353,87,S3,456.0,24.815,21.68
17354,87,S3,459.0,24.879,21.68
17355,87,S3,462.0,24.826,21.68
17356,87,S3,465.0,24.688,21.68
17357,87,S3,468.0,24.610,21.68
17358,87,S3,471.0,24.560,21.68
17359,87,S3,474.0,24.597,21.68
17360,87,S3,477.0,24.528,21.68
17361,87,S3,480.0,24.430,21.68
17362,87,S3,483.0,24.347,21.68
17363,87,S3,486.0,24.286,21.68
17364,87,S3,489.0,24.311,21.68
17365,87,S3,492.0,24.128,21.68
17366,87,S3,495.0,24.120,21.68
17367,87,S3,498.0,24.087,21.68
17368,87,S3,501.0,24.053,21.68
17369,87,S3,504.0,24.018,21.68
17370,87,S3,507.0,23.968,21.68
17371,87,S3,510.0,23.936,21.68
17372,87,S3,513.0,23.889,21.68
17373,87,S3,516.0,23.801,21.68
17374,87,S3,519.0,23.800,21.68
17375,87,S3,522.0,23.791,21.68
17376,87,S3,525.0,23.665,21.68
17377,87,S3,528.0,23.706,21.68
17378,87,S3,531.0,23.682,21.68
17379,87,S3,534.0,23.682,21.68
17380,87,S3,537.0,23.607,21.68
17381,87,S3,540.0,23.528,21.68
17382,87,S3,543.0,23.492,21.68
17383,87,S3,546.0,23.397,21.68
17384,87,S3,549.0,23.392,21.68
17385,87,S3,552.0,23.311,21.68
17386,87,S3,555.0,23.319,21.68
17387,87,S3,558.0,23.337,21.68
17388,87,S3,561.0,23.386,21.68
17389,87,S3,564.0,23.132,21.68
17390,87,S3,567.0,23.204,21.68
17391,87,S3,570.0,23.157,21.68
17392,87,S3,573.0,23.076,21.68
17393,87,S3,576.0,23.071,21.68
17394,87,S3,579.0,23.137,21.68
17395,87,S3,582.0,23.111,21.68
17396,87,S3,585.0,23.027,21.68
17397,87,S3,588.0,22.997,21.68
17398,87,S3,591.0,22.960,21.68
17399,87,S3,594.0,22.910,21.68
17400,87,S3,597.0,22.877,21.68
17401,88,S4,0.0,82.855,22.97
17402,88,S4,3.0,81.984,22.97
17403,88,S4,6.0,81.355,22.97
17404,88,S4,9.0,80.479,22.97
17405,88,S4,12.0,79.748,22.97
17406,88,S4,15.0,79.093,22.97
17407,88,S4,18.0,78.355,22.97
17408,88,S4,21.0,77.513,22.97
17409,88,S4,24.0,76.794,22.97
17410,88,S4,27.0,76.100,22.97
17411,88,S4,30.0,75.405,22.97
17412,88,S4,33.0,74.707,22.97
17413,88,S4,36.0,74.032,22.97
17414,88,S4,39.0,73.286,22.97
17415,88,S4,42.0,72.684,22.97
17416,88,S4,45.0,72.069,22.97
17417,88,S4,48.0,71.383,22.97
17418,88,S4,51.0,70.805,22.97
17419,88,S4,54.0,70.026,22.97
17420,88,S4,57.0,69.504,22.97
17421,88,S4,60.0,68.880,22.97
17422,88,S4,63.0,68.267,22.97
17423,88,S4,66.0,67.732,22.97
17424,88,S4,69.0,67.031,22.97
17425,88,S4,72.0,66.474,22.97
17426,88,S4,75.0,65.871,22.97
17427,88,S4,78.0,65.358,22.97
17428,88,S4,81.0,64.736,22.97
17429,88,S4,84.0,64.279,22.97
17430,88,S4,87.0,63.723,22.97
17431,88,S4,90.0,63.195,22.97
17432,88,S4,93.0,62.661,22.97
17433,88,S4,96.0,62.054,22.97
17434,88,S4,99.0,61.574,22.97
17435,88,S4,102.0,61.115,22.97
17436,88,S4,105.0,60.588,22.97
17437,88,S4,108.0,60.052,22.97
17438,88,S4,111.0,59.485,22.97
17439,88,S4,114.0,59.087,22.97
17440,88,S4,117.0,58.612,22.97
17441,88,S4,120.0,58.130,22.97
17442,88,S4,123.0,57.701,22.97
17443,88,S4,126.0,57.322,22.97
17444,88,S4,129.0,56.784,22.97
17445,88,S4,132.0,56.442,22.97
17446,88,S4,135.0,55.945,22.97
17447,88,S4,138.0,55.496,22.97
17448,88,S4,141.0,54.992,22.97
17449,88,S4,144.0,54.492,22.97
17450,88,S4,147.0,54.322,22.97
17451,88,S4,150.0,53.708,22.97
17452,88,S4,153.0,53.350,22.97
17453,88,S4,156.0,52.998,22.97
17454,88,S4,159.0,52.609,22.97
17455,88,S4,162.0,52.132,22.97
17456,88,S4,165.0,51.874,22.97
17457,88,S4,168.0,51.474,22.97
17458,88,S4,171.0,51.091,22.97
17459,88,S4,174.0,50.641,22.97
17460,88,S4,177.0,50.283,22.97
17461,88,S4,180.0,49.934,22.97
17462,88,S4,183.0,49.658,22.97
17463,88,S4,186.0,49.263,22.97
17464,88,S4,189.0,48.938,22.97
17465,88,S4,192.0,48.529,22.97
17466,88,S4,195.0,48.258,22.97
17467,88,S4,198.0,47.947,22.97
17468,88,S4,201.0,47.549,22.97
17469,88,S4,204.0,47.195,22.97
17470,88,S4,207.0,47.032,22.97
17471,88,S4,210.0,46.637,22.97
17472,88,S4,213.0,46.227,22.97
17473,88,S4,216.0,46.021,22.97
17474,88,S4,219.0,45.649,22.97
17475,88,S4,222.0,45.331,22.97
17476,88,S4,225.0,45.021,22.97
17477,88,S4,228.0,44.778,22.97
17478,88,S4,231.0,44.401,22.97
17479,88,S4,234.0,44.105,22.97
17480,88,S4,237.0,43.819,22.97
17481,88,S4,240.0,43.594,22.97
17482,88,S4,243.0,43.376,22.97
17483,88,S4,246.0,43.090,22.97
17484,88,S4,249.0,42.838,22.97
17485,88,S4,252.0,42.556,22.97
17486,88,S4,255.0,42.297,22.97
17487,88,S4,258.0,42.152,22.97
17488,88,S4,261.0,41.811,22.97
17489,88,S4,264.0,41.531,22.97
17490,88,S4,267.0,41.294,22.97
17491,88,S4,270.0,41.066,22.97
17492,88,S4,273.0,40.876,22.97
17493,88,S4,276.0,40.594,22.97
17494,88,S4,279.0,40.388,22.97
17495,88,S4,282.0,40.179,22.97
17496,88,S4,285.0,39.907,22.97
17497,88,S4,288.0,39.737,22.97
17498,88,S4,291.0,39.529,22.97
17499,88,S4,294.0,39.249,22.97
17500,88,S4,297.0,38.971,22.97
17501,88,S4,300.0,38.893,22.97
17502,88,S4,303.0,38.640,22.97
17503,88,S4,306.0,38.389,22.97
17504,88,S4,309.0,38.162,22.97
17505,88,S4,312.0,38.030,22.97
17506,88,S4,315.0,37.922,22.97
17507,88,S4,318.0,37.570,22.97
17508,88,S4,321.0,37.435,22.97
17509,88,S4,324.0,37.269,22.97
17510,88,S4,327.0,37.031,22.97
17511,88,S4,330.0,36.821,22.97
17512,88,S4,333.0,36.635,22.97
17513,88,S4,336.0,36.535,22.97
17514,88,S4,339.0,36.205,22.97
17515,88,S4,342.0,36.172,22.97
17516,88,S4,345.0,35.942,22.97
17517,88,S4,348.0,35.752,22.97
17518,88,S4,351.0,35.672,22.97
17519,88,S4,354.0,35.458,22.97
17520,88,S4,357.0,35.295,22.97
17521,88,S4,360.0,35.115,22.97
17522,88,S4,363.0,34.962,22.97
17523,88,S4,366.0,34.858,22.97
17524,88,S4,369.0,34.666,22.97
17525,88,S4,372.0,34.541,22.97
17526,88,S4,375.0,34.391,22.97
17527,88,S4,378.0,34.252,22.97
17528,88,S4,381.0,34.009,22.97
17529,88,S4,384.0,33.789,22.97
17530,88,S4,387.0,33.757,22.97
17531,88,S4,390.0,33.569,22.97
17532,88,S4,393.0,33.367,22.97
17533,88,S4,396.0,33.385,22.97
17534,88,S4,399.0,33.173,22.97
17535,88,S4,402.0,33.052,22.97
17536,88,S4,405.0,32.855,22.97
17537,88,S4,408.0,32.841,22.97
17538,88,S4,411.0,32.587,22.97
17539,88,S4,414.0,32.571,22.97
17540,88,S4,417.0,32.411,22.97
17541,88,S4,420.0,32.336,22.97
17542,88,S4,423.0,32.045,22.97
17543,88,S4,426.0,32.012,22.97
17544,88,S4,429.0,31.940,22.97
17545,88,S4,432.0,31.772,22.97
17546,88,S4,435.0,31.643,22.97
17547,88,S4,438.0,31.582,22.97
17548,88,S4,441.0,31.451,22.97
17549,88,S4,444.0,31.298,22.97
17550,88,S4,447.0,31.283,22.97
17551,88,S4,450.0,31.230,22.97
17552,88,S4,453.0,31.011,22.97
17553,88,S4,456.0,30.908,22.97
17554,88,S4,459.0,30.833,22.97
17555,88,S4,462.0,30.679,22.97
17556,88,S4,465.0,30.596,22.97
17557,88,S4,468.0,30.556,22.97
17558,88,S4,471.0,30.377,22.97
17559,88,S4,474.0,30.262,22.97
17560,88,S4,477.0,30.158,22.97
17561,88,S4,480.0,30.153,22.97
17562,88,S4,483.0,29.986,22.97
17563,88,S4,486.0,29.889,22.97
17564,88,S4,489.0,29.785,22.97
17565,88,S4,492.0,29.719,22.97
17566,88,S4,495.0,29.640,22.97
17567,88,S4,498.0,29.528,22.97
17568,88,S4,501.0,29.478,22.97
17569,88,S4,504.0,29.447,22.97
17570,88,S4,507.0,29.261,22.97
17571,88,S4,510.0,29.180,22.97
17572,88,S4,513.0,29.116,22.97
17573,88,S4,516.0,29.094,22.97
17574,88,S4,519.0,28.909,22.97
17575,88,S4,522.0,28.870,22.97
17576,88,S4,525.0,28.861,22.97
17577,88,S4,528.0,28.739,22.97
17578,88,S4,531.0,28.670,22.97
17579,88,S4,534.0,28.535,22.97
17580,88,S4,537.0,28.514,22.97
17581,88,S4,540.0,28.449,22.97
17582,88,S4,543.0,28.352,22.97
17583,88,S4,546.0,28.229,22.97
17584,88,S4,549.0,28.274,22.97
17585,88,S4,552.0,28.105,22.97
17586,88,S4,555.0,28.060,22.97
17587,88,S4,558.0,27.992,22.97
17588,88,S4,561.0,27.902,22.97
17589,88,S4,564.0,27.922,22.97
17590,88,S4,567.0,27.824,22.97
17591,88,S4,570.0,27.744,22.97
17592,88,S4,573.0,27.727,22.97
17593,88,S4,576.0,27.642,22.97
17594,88,S4,579.0,27.535,22.97
17595,88,S4,582.0,27.535,22.97
17596,88,S4,585.0,27.310,22.97
17597,88,S4,588.0,27.377,22.97
17598,88,S4,591.0,27.284,22.97
17599,88,S4,594.0,27.222,22.97
17600,88,S4,597.0,27.241,22.97
17601,89,S1,0.0,75.568,20.41
17602,89,S1,3.0,74.584,20.41
17603,89,S1,6.0,73.633,20.41
17604,89,S1,9.0,72.767,20.41
17605,89,S1,12.0,71.701,20.41
17606,89,S1,15.0,70.913,20.41
17607,89,S1,18.0,69.973,20.41
17608,89,S1,21.0,69.258,20.41
17609,89,S1,24.0,68.358,20.41
17610,89,S1,27.0,67.487,20.41
17611,89,S1,30.0,66.579,20.41
17612,89,S1,33.0,65.842,20.41
17613,89,S1,36.0,65.097,20.41
17614,89,S1,39.0,64.345,20.41
17615,89,S1,42.0,63.542,20.41
17616,89,S1,45.0,62.813,20.41
17617,89,S1,48.0,62.020,20.41
17618,89,S1,51.0,61.362,20.41
17619,89,S1,54.0,60.559,20.41
17620,89,S1,57.0,59.881,20.41
17621,89,S1,60.0,59.235,20.41
17622,89,S1,63.0,58.547,20.41
17623,89,S1,66.0,57.943,20.41
17624,89,S1,69.0,57.090,20.41
17625,89,S1,72.0,56.556,20.41
17626,89,S1,75.0,55.971,20.41
17627,89,S1,78.0,55.303,20.41
17628,89,S1,81.0,54.827,20.41
17629,89,S1,84.0,54.127,20.41
17630,89,S1,87.0,53.491,20.41
17631,89,S1,90.0,53.022,20.41
17632,89,S1,93.0,52.427,20.41
17633,89,S1,96.0,51.881,20.41
17634,89,S1,99.0,51.338,20.41
17635,89,S1,102.0,50.735,20.41
17636,89,S1,105.0,50.306,20.41
17637,89,S1,108.0,49.598,20.41
17638,89,S1,111.0,49.147,20.41
17639,89,S1,114.0,48.640,20.41
17640,89,S1,117.0,48.219,20.41
17641,89,S1,120.0,47.680,20.41
17642,89,S1,123.0,47.272,20.41
17643,89,S1,126.0,46.825,20.41
17644,89,S1,129.0,46.322,20.41
17645,89,S1,132.0,45.883,20.41
17646,89,S1,135.0,45.355,20.41
17647,89,S1,138.0,44.970,20.41
17648,89,S1,141.0,44.622,20.41
17649,89,S1,144.0,44.120,20.41
17650,89,S1,147.0,43.698,20.41
17651,89,S1,150.0,43.319,20.41
17652,89,S1,153.0,42.894,20.41
17653,89,S1,156.0,42.548,20.41
17654,89,S1,159.0,42.104,20.41
17655,89,S1,162.0,41.774,20.41
17656,89,S1,165.0,41.454,20.41
17657,89,S1,168.0,41.058,20.41
17658,89,S1,171.0,40.637,20.41
17659,89,S1,174.0,40.264,20.41
17660,89,S1,177.0,39.988,20.41
17661,89,S1,180.0,39.631,20.41
17662,89,S1,183.0,39.322,20.41
17663,89,S1,186.0,38.931,20.41
17664,89,S1,189.0,38.643,20.41
17665,89,S1,192.0,38.311,20.41
17666,89,S1,195.0,37.955,20.41
17667,89,S1,198.0,37.782,20.41
17668,89,S1,201.0,37.461,20.41
17669,89,S1,204.0,37.046,20.41
17670,89,S1,207.0,36.850,20.41
17671,89,S1,210.0,36.528,20.41
17672,89,S1,213.0,36.163,20.41
17673,89,S1,216.0,35.858,20.41
17674,89,S1,219.0,35.761,20.41
17675,89,S1,222.0,35.441,20.41
17676,89,S1,225.0,35.257,20.41
17677,89,S1,228.0,34.931,20.41
17678,89,S1,231.0,34.683,20.41
17679,89,S1,234.0,34.406,20.41
17680,89,S1,237.0,34.244,20.41
17681,89,S1,240.0,33.936,20.41
17682,89,S1,243.0,33.724,20.41
17683,89,S1,246.0,33.421,20.41
17684,89,S1,249.0,33.242,20.41
17685,89,S1,252.0,33.134,20.41
17686,89,S1,255.0,32.746,20.41
17687,89,S1,258.0,32.589,20.41
17688,89,S1,261.0,32.431,20.41
17689,89,S1,264.0,32.152,20.41
17690,89,S1,267.0,31.937,20.41
17691,89,S1,270.0,31.737,20.41
17692,89,S1,273.0,31.478,20.41
17693,89,S1,276.0,31.297,20.41
17694,89,S1,279.0,31.170,20.41
17695,89,S1,282.0,31.048,20.41
17696,89,S1,285.0,30.716,20.41
17697,89,S1,288.0,30.553,20.41
17698,89,S1,291.0,30.457,20.41
17699,89,S1,294.0,30.305,20.41
17700,89,S1,297.0,30.119,20.41
17701,89,S1,300.0,29.909,20.41
17702,89,S1,303.0,29.749,20.41
17703,89,S1,306.0,29.581,20.41
17704,89,S1,309.0,29.489,20.41
17705,89,S1,312.0,29.201,20.41
17706,89,S1,315.0,29.165,20.41
17707,89,S1,318.0,28.969,20.41
17708,89,S1,321.0,28.819,20.41
17709,89,S1,324.0,28.729,20.41
17710,89,S1,327.0,28.595,20.41
17711,89,S1,330.0,28.322,20.41
17712,89,S1,333.0,28.246,20.41
17713,89,S1,336.0,28.112,20.41
17714,89,S1,339.0,27.992,20.41
17715,89,S1,342.0,27.821,20.41
17716,89,S1,345.0,27.770,20.41
17717,89,S1,348.0,27.628,20.41
17718,89,S1,351.0,27.503,20.41
17719,89,S1,354.0,27.401,20.41
17720,89,S1,357.0,27.179,20.41
17721,89,S1,360.0,27.144,20.41
17722,89,S1,363.0,26.985,20.41
17723,89,S1,366.0,26.824,20.41
17724,89,S1,369.0,26.725,20.41
17725,89,S1,372.0,26.655,20.41
17726,89,S1,375.0,26.545,20.41
17727,89,S1,378.0,26.430,20.41
17728,89,S1,381.0,26.408,20.41
17729,89,S1,384.0,26.219,20.41
17730,89,S1,387.0,26.169,20.41
17731,89,S1,390.0,26.024,20.41
17732,89,S1,393.0,25.926,20.41
17733,89,S1,396.0,25.787,20.41
17734,89,S1,399.0,25.690,20.41
17735,89,S1,402.0,25.637,20.41
17736,89,S1,405.0,25.636,20.41
17737,89,S1,408.0,25.500,20.41
17738,89,S1,411.0,25.473,20.41
17739,89,S1,414.0,25.296,20.41
17740,89,S1,417.0,25.278,20.41
17741,89,S1,420.0,25.083,20.41
17742,89,S1,423.0,24.897,20.41
17743,89,S1,426.0,24.913,20.41
17744,89,S1,429.0,24.835,20.41
17745,89,S1,432.0,24.794,20.41
17746,89,S1,435.0,24.787,20.41
17747,89,S1,438.0,24.635,20.41
17748,89,S1,441.0,24.593,20.41
17749,89,S1,444.0,24.431,20.41
17750,89,S1,447.0,24.418,20.41
17751,89,S1,450.0,24.309,20.41
17752,89,S1,453.0,24.303,20.41
17753,89,S1,456.0,24.238,20.41
17754,89,S1,459.0,24.174,20.41
17755,89,S1,462.0,24.050,20.41
17756,89,S1,465.0,24.093,20.41
17757,89,S1,468.0,23.970,20.41
17758,89,S1,471.0,23.871,20.41
17759,89,S1,474.0,23.882,20.41
17760,89,S1,477.0,23.746,20.41
17761,89,S1,480.0,23.697,20.41
17762,89,S1,483.0,23.690,20.41
17763,89,S1,486.0,23.569,20.41
17764,89,S1,489.0,23.559,20.41
17765,89,S1,492.0,23.434,20.41
17766,89,S1,495.0,23.457,20.41
17767,89,S1,498.0,23.354,20.41
17768,89,S1,501.0,23.238,20.41
17769,89,S1,504.0,23.281,20.41
17770,89,S1,507.0,23.293,20.41
17771,89,S1,510.0,23.177,20.41
17772,89,S1,513.0,23.227,20.41
17773,89,S1,516.0,23.085,20.41
17774,89,S1,519.0,23.026,20.41
17775,89,S1,522.0,22.980,20.41
17776,89,S1,525.0,22.876,20.41
17777,89,S1,528.0,22.850,20.41
17778,89,S1,531.0,22.847,20.41
17779,89,S1,534.0,22.844,20.41
17780,89,S1,537.0,22.824,20.41
17781,89,S1,540.0,22.841,20.41
17782,89,S1,543.0,22.727,20.41
17783,89,S1,546.0,22.607,20.41
17784,89,S1,549.0,22.644,20.41
17785,89,S1,552.0,22.523,20.41
17786,89,S1,555.0,22.576,20.41
17787,89,S1,558.0,22.472,20.41
17788,89,S1,561.0,22.542,20.41
17789,89,S1,564.0,22.363,20.41
17790,89,S1,567.0,22.459,20.41
17791,89,S1,570.0,22.294,20.41
17792,89,S1,573.0,22.414,20.41
17793,89,S1,576.0,22.257,20.41
17794,89,S1,579.0,22.210,20.41
17795,89,S1,582.0,22.262,20.41
17796,89,S1,585.0,22.208,20.41
17797,89,S1,588.0,22.235,20.41
17798,89,S1,591.0,22.173,20.41
17799,89,S1,594.0,22.191,20.41
17800,89,S1,597.0,22.100,20.41
17801,90,S2,0.0,74.878,20.61
17802,90,S2,3.0,74.140,20.61
17803,90,S2,6.0,73.186,20.61
17804,90,S2,9.0,72.311,20.61
17805,90,S2,12.0,71.563,20.61
17806,90,S2,15.0,70.707,20.61
17807,90,S2,18.0,69.846,20.61
17808,90,S2,21.0,69.093,20.61
17809,90,S2,24.0,68.202,20.61
17810,90,S2,27.0,67.501,20.61
17811,90,S2,30.0,66.762,20.61
17812,90,S2,33.0,65.847,20.61
17813,90,S2,36.0,65.157,20.61
17814,90,S2,39.0,64.341,20.61
17815,90,S2,42.0,63.811,20.61
17816,90,S2,45.0,63.058,20.61
17817,90,S2,48.0,62.399,20.61
17818,90,S2,51.0,61.647,20.61
17819,90,S2,54.0,60.969,20.61
17820,90,S2,57.0,60.262,20.61
17821,90,S2,60.0,59.721,20.61
17822,90,S2,63.0,58.910,20.61
17823,90,S2,66.0,58.413,20.61
17824,90,S2,69.0,57.913,20.61
17825,90,S2,72.0,57.167,20.61
17826,90,S2,75.0,56.494,20.61
17827,90,S2,78.0,55.933,20.61
17828,90,S2,81.0,55.410,20.61
17829,90,S2,84.0,54.923,20.61
17830,90,S2,87.0,54.211,20.61
17831,90,S2,90.0,53.716,20.61
17832,90,S2,93.0,53.167,20.61
17833,90,S2,96.0,52.582,20.61
17834,90,S2,99.0,52.092,20.61
17835,90,S2,102.0,51.526,20.61
17836,90,S2,105.0,51.106,20.61
17837,90,S2,108.0,50.569,20.61
17838,90,S2,111.0,49.984,20.61
17839,90,S2,114.0,49.554,20.61
17840,90,S2,117.0,49.133,20.61
17841,90,S2,120.0,48.639,20.61
17842,90,S2,123.0,48.038,20.61
17843,90,S2,126.0,47.710,20.61
17844,90,S2,129.0,47.248,20.61
17845,90,S2,132.0,46.818,20.61
17846,90,S2,135.0,46.378,20.61
17847,90,S2,138.0,45.983,20.61
17848,90,S2,141.0,45.564,20.61
17849,90,S2,144.0,45.100,20.61
17850,90,S2,147.0,44.704,20.61
17851,90,S2,150.0,44.304,20.61
17852,90,S2,153.0,44.054,20.61
17853,90,S2,156.0,43.554,20.61
17854,90,S2,159.0,43.228,20.61
17855,90,S2,162.0,42.873,20.61
17856,90,S2,165.0,42.429,20.61
17857,90,S2,168.0,42.200,20.61
17858,90,S2,171.0,41.720,20.61
17859,90,S2,174.0,41.399,20.61
17860,90,S2,177.0,41.142,20.61
17861,90,S2,180.0,40.753,20.61
17862,90,S2,183.0,40.370,20.61
17863,90,S2,186.0,40.071,20.61
17864,90,S2,189.0,39.744,20.61
17865,90,S2,192.0,39.360,20.61
17866,90,S2,195.0,39.161,20.61
17867,90,S2,198.0,38.758,20.61
17868,90,S2,201.0,38.521,20.61
17869,90,S2,204.0,38.156,20.61
17870,90,S2,207.0,37.848,20.61
17871,90,S2,210.0,37.688,20.61
17872,90,S2,213.0,37.348,20.61
17873,90,S2,216.0,37.053,20.61
17874,90,S2,219.0,36.865,20.61
17875,90,S2,222.0,36.524,20.61
17876,90,S2,225.0,36.206,20.61
17877,90,S2,228.0,36.087,20.61
17878,90,S2,231.0,35.724,20.61
17879,90,S2,234.0,35.548,20.61
17880,90,S2,237.0,35.288,20.61
17881,90,S2,240.0,35.094,20.61
17882,90,S2,243.0,34.872,20.61
17883,90,S2,246.0,34.609,20.61
17884,90,S2,249.0,34.400,20.61
17885,90,S2,252.0,33.994,20.61
17886,90,S2,255.0,33.948,20.61
17887,90,S2,258.0,33.634,20.61
17888,90,S2,261.0,33.421,20.61
17889,90,S2,264.0,33.281,20.61
17890,90,S2,267.0,33.070,20.61
17891,90,S2,270.0,32.827,20.61
17892,90,S2,273.0,32.684,20.61
17893,90,S2,276.0,32.482,20.61
17894,90,S2,279.0,32.352,20.61
17895,90,S2,282.0,32.081,20.61
17896,90,S2,285.0,31.877,20.61
17897,90,S2,288.0,31.628,20.61
17898,90,S2,291.0,31.579,20.61
17899,90,S2,294.0,31.438,20.61
17900,90,S2,297.0,31.121,20.61
17901,90,S2,300.0,31.028,20.61
17902,90,S2,303.0,30.860,20.61
17903,90,S2,306.0,30.614,20.61
17904,90,S2,309.0,30.547,20.61
17905,90,S2,312.0,30.214,20.61
17906,90,S2,315.0,30.139,20.61
17907,90,S2,318.0,30.023,20.61
17908,90,S2,321.0,29.881,20.61
17909,90,S2,324.0,29.735,20.61
17910,90,S2,327.0,29.657,20.61
17911,90,S2,330.0,29.410,20.61
17912,90,S2,333.0,29.230,20.61
17913,90,S2,336.0,29.181,20.61
17914,90,S2,339.0,28.917,20.61
17915,90,S2,342.0,28.742,20.61
17916,90,S2,345.0,28.693,20.61
17917,90,S2,348.0,28.539,20.61
17918,90,S2,351.0,28.344,20.61
17919,90,S2,354.0,28.286,20.61
17920,90,S2,357.0,28.154,20.61
17921,90,S2,360.0,28.107,20.61
17922,90,S2,363.0,27.958,20.61
17923,90,S2,366.0,27.855,20.61
17924,90,S2,369.0,27.659,20.61
17925,90,S2,372.0,27.605,20.61
17926,90,S2,375.0,27.387,20.61
17927,90,S2,378.0,27.494,20.61
17928,90,S2,381.0,27.193,20.61
17929,90,S2,384.0,27.133,20.61
17930,90,S2,387.0,27.004,20.61
17931,90,S2,390.0,26.896,20.61
17932,90,S2,393.0,26.678,20.61
17933,90,S2,396.0,26.748,20.61
17934,90,S2,399.0,26.668,20.61
17935,90,S2,402.0,26.496,20.61
17936,90,S2,405.0,26.502,20.61
17937,90,S2,408.0,26.321,20.61
17938,90,S2,411.0,26.235,20.61
17939,90,S2,414.0,26.113,20.61
17940,90,S2,417.0,26.002,20.61
17941,90,S2,420.0,25.940,20.61
17942,90,S2,423.0,25.907,20.61
17943,90,S2,426.0,25.742,20.61
17944,90,S2,429.0,25.695,20.61
17945,90,S2,432.0,25.629,20.61
17946,90,S2,435.0,25.581,20.61
17947,90,S2,438.0,25.444,20.61
17948,90,S2,441.0,25.318,20.61
17949,90,S2,444.0,25.262,20.61
17950,90,S2,447.0,25.206,20.61
17951,90,S2,450.0,25.067,20.61
17952,90,S2,453.0,25.102,20.61
17953,90,S2,456.0,24.984,20.61
17954,90,S2,459.0,25.000,20.61
17955,90,S2,462.0,24.919,20.61
17956,90,S2,465.0,24.821,20.61
17957,90,S2,468.0,24.723,20.61
17958,90,S2,471.0,24.629,20.61
17959,90,S2,474.0,24.471,20.61
17960,90,S2,477.0,24.465,20.61
17961,90,S2,480.0,24.452,20.61
17962,90,S2,483.0,24.306,20.61
17963,90,S2,486.0,24.348,20.61
17964,90,S2,489.0,24.238,20.61
17965,90,S2,492.0,24.270,20.61
17966,90,S2,495.0,24.175,20.61
17967,90,S2,498.0,24.102,20.61
17968,90,S2,501.0,24.000,20.61
17969,90,S2,504.0,23.999,20.61
17970,90,S2,507.0,23.864,20.61
17971,90,S2,510.0,23.918,20.61
17972,90,S2,513.0,23.744,20.61
17973,90,S2,516.0,23.705,20.61
17974,90,S2,519.0,23.638,20.61
17975,90,S2,522.0,23.694,20.61
17976,90,S2,525.0,23.587,20.61
17977,90,S2,528.0,23.573,20.61
17978,90,S2,531.0,23.563,20.61
17979,90,S2,534.0,23.410,20.61
17980,90,S2,537.0,23.392,20.61
17981,90,S2,540.0,23.358,20.61
17982,90,S2,543.0,23.301,20.61
17983,90,S2,546.0,23.248,20.61
17984,90,S2,549.0,23.216,20.61
17985,90,S2,552.0,23.231,20.61
17986,90,S2,555.0,23.161,20.61
17987,90,S2,558.0,23.130,20.61
17988,90,S2,561.0,22.996,20.61
17989,90,S2,564.0,23.054,20.61
17990,90,S2,567.0,23.067,20.61
17991,90,S2,570.0,22.934,20.61
17992,90,S2,573.0,22.926,20.61
17993,90,S2,576.0,22.857,20.61
17994,90,S2,579.0,22.815,20.61
17995,90,S2,582.0,22.780,20.61
17996,90,S2,585.0,22.707,20.61
17997,90,S2,588.0,22.628,20.61
17998,90,S2,591.0,22.664,20.61
17999,90,S2,594.0,22.660,20.61
18000,90,S2,597.0,22.632,20.61
18001,91,S3,0.0,86.453,21.32
18002,91,S3,3.0,84.712,21.32
18003,91,S3,6.0,83.129,21.32
18004,91,S3,9.0,81.538,21.32
18005,91,S3,12.0,80.012,21.32
18006,91,S3,15.0,78.521,21.32
18007,91,S3,18.0,77.039,21.32
18008,91,S3,21.0,75.624,21.32
18009,91,S3,24.0,74.323,21.32
18010,91,S3,27.0,72.910,21.32
18011,91,S3,30.0,71.621,21.32
18012,91,S3,33.0,70.353,21.32
18013,91,S3,36.0,68.964,21.32
18014,91,S3,39.0,67.862,21.32
18015,91,S3,42.0,66.608,21.32
18016,91,S3,45.0,65.531,21.32
18017,91,S3,48.0,64.427,21.32
18018,91,S3,51.0,63.308,21.32
18019,91,S3,54.0,62.182,21.32
18020,91,S3,57.0,61.114,21.32
18021,91,S3,60.0,60.078,21.32
18022,91,S3,63.0,58.999,21.32
18023,91,S3,66.0,58.068,21.32
18024,91,S3,69.0,57.255,21.32
18025,91,S3,72.0,56.264,21.32
18026,91,S3,75.0,55.280,21.32
18027,91,S3,78.0,54.405,21.32
18028,91,S3,81.0,53.622,21.32
18029,91,S3,84.0,52.892,21.32
18030,91,S3,87.0,52.035,21.32
18031,91,S3,90.0,51.304,21.32
18032,91,S3,93.0,50.441,21.32
18033,91,S3,96.0,49.816,21.32
18034,91,S3,99.0,49.061,21.32
18035,91,S3,102.0,48.382,21.32
18036,91,S3,105.0,47.701,21.32
18037,91,S3,108.0,46.819,21.32
18038,91,S3,111.0,46.278,21.32
18039,91,S3,114.0,45.658,21.32
18040,91,S3,117.0,45.061,21.32
18041,91,S3,120.0,44.373,21.32
18042,91,S3,123.0,43.797,21.32
18043,91,S3,126.0,43.168,21.32
18044,91,S3,129.0,42.598,21.32
18045,91,S3,132.0,42.132,21.32
18046,91,S3,135.0,41.609,21.32
18047,91,S3,138.0,41.207,21.32
18048,91,S3,141.0,40.623,21.32
18049,91,S3,144.0,40.209,21.32
18050,91,S3,147.0,39.688,21.32
18051,91,S3,150.0,39.190,21.32
18052,91,S3,153.0,38.654,21.32
18053,91,S3,156.0,38.225,21.32
18054,91,S3,159.0,37.819,21.32
18055,91,S3,162.0,37.393,21.32
18056,91,S3,165.0,36.989,21.32
18057,91,S3,168.0,36.573,21.32
18058,91,S3,171.0,36.222,21.32
18059,91,S3,174.0,35.842,21.32
18060,91,S3,177.0,35.383,21.32
18061,91,S3,180.0,35.150,21.32
18062,91,S3,183.0,34.745,21.32
18063,91,S3,186.0,34.521,21.32
18064,91,S3,189.0,34.031,21.32
18065,91,S3,192.0,33.751,21.32
18066,91,S3,195.0,33.394,21.32
18067,91,S3,198.0,33.167,21.32
18068,91,S3,201.0,32.823,21.32
18069,91,S3,204.0,32.437,21.32
18070,91,S3,207.0,32.212,21.32
18071,91,S3,210.0,32.038,21.32
18072,91,S3,213.0,31.701,21.32
18073,91,S3,216.0,31.399,21.32
18074,91,S3,219.0,31.114,21.32
18075,91,S3,222.0,30.954,21.32
18076,91,S3,225.0,30.737,21.32
18077,91,S3,228.0,30.492,21.32
18078,91,S3,231.0,30.162,21.32
18079,91,S3,234.0,29.917,21.32
18080,91,S3,237.0,29.739,21.32
18081,91,S3,240.0,29.496,21.32
18082,91,S3,243.0,29.295,21.32
18083,91,S3,246.0,29.086,21.32
18084,91,S3,249.0,28.912,21.32
18085,91,S3,252.0,28.791,21.32
18086,91,S3,255.0,28.454,21.32
18087,91,S3,258.0,28.391,21.32
18088,91,S3,261.0,28.197,21.32
18089,91,S3,264.0,28.012,21.32
18090,91,S3,267.0,27.807,21.32
18091,91,S3,270.0,27.644,21.32
18092,91,S3,273.0,27.488,21.32
18093,91,S3,276.0,27.366,21.32
18094,91,S3,279.0,27.173,21.32
18095,91,S3,282.0,27.019,21.32
18096,91,S3,285.0,26.820,21.32
18097,91,S3,288.0,26.739,21.32
18098,91,S3,291.0,26.565,21.32
18099,91,S3,294.0,26.432,21.32
18100,91,S3,297.0,26.291,21.32
18101,91,S3,300.0,26.203,21.32
18102,91,S3,303.0,26.097,21.32
18103,91,S3,306.0,26.062,21.32
18104,91,S3,309.0,25.990,21.32
18105,91,S3,312.0,25.725,21.32
18106,91,S3,315.0,25.619,21.32
18107,91,S3,318.0,25.458,21.32
18108,91,S3,321.0,25.410,21.32
18109,91,S3,324.0,25.276,21.32
18110,91,S3,327.0,25.227,21.32
18111,91,S3,330.0,25.054,21.32
18112,91,S3,333.0,25.049,21.32
18113,91,S3,336.0,24.921,21.32
18114,91,S3,339.0,24.809,21.32
18115,91,S3,342.0,24.770,21.32
18116,91,S3,345.0,24.627,21.32
18117,91,S3,348.0,24.609,21.32
18118,91,S3,351.0,24.455,21.32
18119,91,S3,354.0,24.369,21.32
18120,91,S3,357.0,24.285,21.32
18121,91,S3,360.0,24.254,21.32
18122,91,S3,363.0,24.230,21.32
18123,91,S3,366.0,24.162,21.32
18124,91,S3,369.0,24.057,21.32
18125,91,S3,372.0,23.942,21.32
18126,91,S3,375.0,23.906,21.32
18127,91,S3,378.0,23.808,21.32
18128,91,S3,381.0,23.733,21.32
18129,91,S3,384.0,23.707,21.32
18130,91,S3,387.0,23.664,21.32
18131,91,S3,390.0,23.531,21.32
18132,91,S3,393.0,23.470,21.32
18133,91,S3,396.0,23.487,21.32
18134,91,S3,399.0,23.354,21.32
18135,91,S3,402.0,23.410,21.32
18136,91,S3,405.0,23.284,21.32
18137,91,S3,408.0,23.175,21.32
18138,91,S3,411.0,23.137,21.32
18139,91,S3,414.0,23.194,21.32
18140,91,S3,417.0,23.100,21.32
18141,91,S3,420.0,22.982,21.32
18142,91,S3,423.0,23.021,21.32
18143,91,S3,426.0,23.000,21.32
18144,91,S3,429.0,22.933,21.32
18145,91,S3,432.0,22.857,21.32
18146,91,S3,435.0,22.872,21.32
18147,91,S3,438.0,22.805,21.32
18148,91,S3,441.0,22.707,21.32
18149,91,S3,444.0,22.794,21.32
18150,91,S3,447.0,22.715,21.32
18151,91,S3,450.0,22.659,21.32
18152,91,S3,453.0,22.724,21.32
18153,91,S3,456.0,22.561,21.32
18154,91,S3,459.0,22.480,21.32
18155,91,S3,462.0,22.493,21.32
18156,91,S3,465.0,22.456,21.32
18157,91,S3,468.0,22.491,21.32
18158,91,S3,471.0,22.451,21.32
18159,91,S3,474.0,22.429,21.32
18160,91,S3,477.0,22.445,21.32
18161,91,S3,480.0,22.331,21.32
18162,91,S3,483.0,22.292,21.32
18163,91,S3,486.0,22.287,21.32
18164,91,S3,489.0,22.245,21.32
18165,91,S3,492.0,22.188,21.32
18166,91,S3,495.0,22.223,21.32
18167,91,S3,498.0,22.210,21.32
18168,91,S3,501.0,22.246,21.32
18169,91,S3,504.0,22.243,21.32
18170,91,S3,507.0,22.103,21.32
18171,91,S3,510.0,22.185,21.32
18172,91,S3,513.0,22.144,21.32
18173,91,S3,516.0,22.029,21.32
18174,91,S3,519.0,22.022,21.32
18175,91,S3,522.0,22.023,21.32
18176,91,S3,525.0,21.967,21.32
18177,91,S3,528.0,21.961,21.32
18178,91,S3,531.0,21.953,21.32
18179,91,S3,534.0,22.022,21.32
18180,91,S3,537.0,21.984,21.32
18181,91,S3,540.0,21.867,21.32
18182,91,S3,543.0,21.922,21.32
18183,91,S3,546.0,21.934,21.32
18184,91,S3,549.0,21.938,21.32
18185,91,S3,552.0,21.941,21.32
18186,91,S3,555.0,21.832,21.32
18187,91,S3,558.0,21.872,21.32
18188,91,S3,561.0,21.809,21.32
18189,91,S3,564.0,21.802,21.32
18190,91,S3,567.0,21.829,21.32
18191,91,S3,570.0,21.761,21.32
18192,91,S3,573.0,21.736,21.32
18193,91,S3,576.0,21.838,21.32
18194,91,S3,579.0,21.724,21.32
18195,91,S3,582.0,21.707,21.32
18196,91,S3,585.0,21.759,21.32
18197,91,S3,588.0,21.685,21.32
18198,91,S3,591.0,21.656,21.32
18199,91,S3,594.0,21.657,21.32
18200,91,S3,597.0,21.727,21.32
18201,92,S4,0.0,73.852,20.94
18202,92,S4,3.0,72.820,20.94
18203,92,S4,6.0,71.701,20.94
18204,92,S4,9.0,70.805,20.94
18205,92,S4,12.0,69.961,20.94
18206,92,S4,15.0,68.983,20.94
18207,92,S4,18.0,68.079,20.94
18208,92,S4,21.0,67.189,20.94
18209,92,S4,24.0,66.317,20.94
18210,92,S4,27.0,65.547,20.94
18211,92,S4,30.0,64.563,20.94
18212,92,S4,33.0,63.836,20.94
18213,92,S4,36.0,62.990,20.94
18214,92,S4,39.0,62.120,20.94
18215,92,S4,42.0,61.433,20.94
18216,92,S4,45.0,60.623,20.94
18217,92,S4,48.0,59.857,20.94
18218,92,S4,51.0,59.143,20.94
18219,92,S4,54.0,58.376,20.94
18220,92,S4,57.0,57.714,20.94
18221,92,S4,60.0,56.978,20.94
18222,92,S4,63.0,56.452,20.94
18223,92,S4,66.0,55.729,20.94
18224,92,S4,69.0,54.932,20.94
18225,92,S4,72.0,54.279,20.94
18226,92,S4,75.0,53.725,20.94
18227,92,S4,78.0,53.066,20.94
18228,92,S4,81.0,52.435,20.94
18229,92,S4,84.0,51.864,20.94
18230,92,S4,87.0,51.257,20.94
18231,92,S4,90.0,50.780,20.94
18232,92,S4,93.0,50.216,20.94
18233,92,S4,96.0,49.541,20.94
18234,92,S4,99.0,49.079,20.94
18235,92,S4,102.0,48.550,20.94
18236,92,S4,105.0,47.950,20.94
18237,92,S4,108.0,47.543,20.94
18238,92,S4,111.0,47.108,20.94
18239,92,S4,114.0,46.543,20.94
18240,92,S4,117.0,46.019,20.94
18241,92,S4,120.0,45.636,20.94
18242,92,S4,123.0,45.070,20.94
18243,92,S4,126.0,44.603,20.94
18244,92,S4,129.0,44.278,20.94
18245,92,S4,132.0,43.828,20.94
18246,92,S4,135.0,43.441,20.94
18247,92,S4,138.0,43.005,20.94
18248,92,S4,141.0,42.517,20.94
18249,92,S4,144.0,42.098,20.94
18250,92,S4,147.0,41.759,20.94
18251,92,S4,150.0,41.304,20.94
18252,92,S4,153.0,40.939,20.94
18253,92,S4,156.0,40.550,20.94
18254,92,S4,159.0,40.145,20.94
18255,92,S4,162.0,39.856,20.94
18256,92,S4,165.0,39.395,20.94
18257,92,S4,168.0,39.140,20.94
18258,92,S4,171.0,38.776,20.94
18259,92,S4,174.0,38.430,20.94
18260,92,S4,177.0,38.067,20.94
18261,92,S4,180.0,37.741,20.94
18262,92,S4,183.0,37.470,20.94
18263,92,S4,186.0,37.208,20.94
18264,92,S4,189.0,36.834,20.94
18265,92,S4,192.0,36.479,20.94
18266,92,S4,195.0,36.210,20.94
18267,92,S4,198.0,36.053,20.94
18268,92,S4,201.0,35.661,20.94
18269,92,S4,204.0,35.375,20.94
18270,92,S4,207.0,35.196,20.94
18271,92,S4,210.0,34.843,20.94
18272,92,S4,213.0,34.608,20.94
18273,92,S4,216.0,34.225,20.94
18274,92,S4,219.0,34.036,20.94
18275,92,S4,222.0,33.847,20.94
18276,92,S4,225.0,33.593,20.94
18277,92,S4,228.0,33.320,20.94
18278,92,S4,231.0,33.201,20.94
18279,92,S4,234.0,32.823,20.94
18280,92,S4,237.0,32.653,20.94
18281,92,S4,240.0,32.382,20.94
18282,92,S4,243.0,32.292,20.94
18283,92,S4,246.0,31.935,20.94
18284,92,S4,249.0,31.789,20.94
18285,92,S4,252.0,31.599,20.94
18286,92,S4,255.0,31.384,20.94
18287,92,S4,258.0,31.335,20.94
18288,92,S4,261.0,30.986,20.94
18289,92,S4,264.0,30.754,20.94
18290,92,S4,267.0,30.621,20.94
18291,92,S4,270.0,30.416,20.94
18292,92,S4,273.0,30.281,20.94
18293,92,S4,276.0,30.076,20.94
18294,92,S4,279.0,29.903,20.94
18295,92,S4,282.0,29.740,20.94
18296,92,S4,285.0,29.582,20.94
18297,92,S4,288.0,29.497,20.94
18298,92,S4,291.0,29.346,20.94
18299,92,S4,294.0,29.088,20.94
18300,92,S4,297.0,28.931,20.94
18301,92,S4,300.0,28.825,20.94
18302,92,S4,303.0,28.616,20.94
18303,92,S4,306.0,28.514,20.94
18304,92,S4,309.0,28.363,20.94
18305,92,S4,312.0,28.175,20.94
18306,92,S4,315.0,27.995,20.94
18307,92,S4,318.0,27.839,20.94
18308,92,S4,321.0,27.822,20.94
18309,92,S4,324.0,27.737,20.94
18310,92,S4,327.0,27.579,20.94
18311,92,S4,330.0,27.481,20.94
18312,92,S4,333.0,27.335,20.94
18313,92,S4,336.0,27.231,20.94
18314,92,S4,339.0,27.088,20.94
18315,92,S4,342.0,26.955,20.94
18316,92,S4,345.0,26.860,20.94
18317,92,S4,348.0,26.661,20.94
18318,92,S4,351.0,26.700,20.94
18319,92,S4,354.0,26.547,20.94
18320,92,S4,357.0,26.361,20.94
18321,92,S4,360.0,26.343,20.94
18322,92,S4,363.0,26.171,20.94
18323,92,S4,366.0,26.142,20.94
18324,92,S4,369.0,26.014,20.94
18325,92,S4,372.0,25.939,20.94
18326,92,S4,375.0,25.857,20.94
18327,92,S4,378.0,25.652,20.94
18328,92,S4,381.0,25.536,20.94
18329,92,S4,384.0,25.524,20.94
18330,92,S4,387.0,25.471,20.94
18331,92,S4,390.0,25.290,20.94
18332,92,S4,393.0,25.303,20.94
18333,92,S4,396.0,25.254,20.94
18334,92,S4,399.0,25.096,20.94
18335,92,S4,402.0,25.018,20.94
18336,92,S4,405.0,25.080,20.94
18337,92,S4,408.0,24.885,20.94
18338,92,S4,411.0,24.852,20.94
18339,92,S4,414.0,24.755,20.94
18340,92,S4,417.0,24.685,20.94
18341,92,S4,420.0,24.630,20.94
18342,92,S4,423.0,24.544,20.94
18343,92,S4,426.0,24.408,20.94
18344,92,S4,429.0,24.494,20.94
18345,92,S4,432.0,24.344,20.94
18346,92,S4,435.0,24.246,20.94
18347,92,S4,438.0,24.166,20.94
18348,92,S4,441.0,24.130,20.94
18349,92,S4,444.0,24.051,20.94
18350,92,S4,447.0,24.003,20.94
18351,92,S4,450.0,24.010,20.94
18352,92,S4,453.0,23.828,20.94
18353,92,S4,456.0,23.855,20.94
18354,92,S4,459.0,23.778,20.94
18355,92,S4,462.0,23.837,20.94
18356,92,S4,465.0,23.701,20.94
18357,92,S4,468.0,23.627,20.94
18358,92,S4,471.0,23.647,20.94
18359,92,S4,474.0,23.517,20.94
18360,92,S4,477.0,23.500,20.94
18361,92,S4,480.0,23.407,20.94
18362,92,S4,483.0,23.338,20.94
18363,92,S4,486.0,23.325,20.94
18364,92,S4,489.0,23.246,20.94
18365,92,S4,492.0,23.316,20.94
18366,92,S4,495.0,23.192,20.94
18367,92,S4,498.0,23.151,20.94
18368,92,S4,501.0,23.151,20.94
18369,92,S4,504.0,23.068,20.94
18370,92,S4,507.0,23.065,20.94
18371,92,S4,510.0,22.942,20.94
18372,92,S4,513.0,23.035,20.94
18373,92,S4,516.0,22.888,20.94
18374,92,S4,519.0,22.943,20.94
18375,92,S4,522.0,22.892,20.94
18376,92,S4,525.0,22.814,20.94
18377,92,S4,528.0,22.764,20.94
18378,92,S4,531.0,22.806,20.94
18379,92,S4,534.0,22.690,20.94
18380,92,S4,537.0,22.643,20.94
18381,92,S4,540.0,22.709,20.94
18382,92,S4,543.0,22.645,20.94
18383,92,S4,546.0,22.547,20.94
18384,92,S4,549.0,22.597,20.94
18385,92,S4,552.0,22.536,20.94
18386,92,S4,555.0,22.438,20.94
18387,92,S4,558.0,22.433,20.94
18388,92,S4,561.0,22.326,20.94
18389,92,S4,564.0,22.420,20.94
18390,92,S4,567.0,22.332,20.94
18391,92,S4,570.0,22.414,20.94
18392,92,S4,573.0,22.354,20.94
18393,92,S4,576.0,22.304,20.94
18394,92,S4,579.0,22.279,20.94
18395,92,S4,582.0,22.214,20.94
18396,92,S4,585.0,22.249,20.94
18397,92,S4,588.0,22.215,20.94
18398,92,S4,591.0,22.198,20.94
18399,92,S4,594.0,22.199,20.94
18400,92,S4,597.0,22.055,20.94
18401,93,S1,0.0,91.373,22.33
18402,93,S1,3.0,90.483,22.33
18403,93,S1,6.0,89.566,22.33
18404,93,S1,9.0,88.671,22.33
18405,93,S1,12.0,87.793,22.33
18406,93,S1,15.0,86.882,22.33
18407,93,S1,18.0,86.091,22.33
18408,93,S1,21.0,85.130,22.33
18409,93,S1,24.0,84.343,22.33
18410,93,S1,27.0,83.481,22.33
18411,93,S1,30.0,82.630,22.33
18412,93,S1,33.0,81.838,22.33
18413,93,S1,36.0,81.166,22.33
18414,93,S1,39.0,80.276,22.33
18415,93,S1,42.0,79.525,22.33
18416,93,S1,45.0,78.781,22.33
18417,93,S1,48.0,78.123,22.33
18418,93,S1,51.0,77.258,22.33
18419,93,S1,54.0,76.622,22.33
18420,93,S1,57.0,75.862,22.33
18421,93,S1,60.0,75.095,22.33
18422,93,S1,63.0,74.412,22.33
18423,93,S1,66.0,73.762,22.33
18424,93,S1,69.0,73.146,22.33
18425,93,S1,72.0,72.385,22.33
18426,93,S1,75.0,71.610,22.33
18427,93,S1,78.0,71.120,22.33
18428,93,S1,81.0,70.460,22.33
18429,93,S1,84.0,69.592,22.33
18430,93,S1,87.0,69.131,22.33
18431,93,S1,90.0,68.574,22.33
18432,93,S1,93.0,67.821,22.33
18433,93,S1,96.0,67.226,22.33
18434,93,S1,99.0,66.722,22.33
18435,93,S1,102.0,66.095,22.33
18436,93,S1,105.0,65.511,22.33
18437,93,S1,108.0,64.970,22.33
18438,93,S1,111.0,64.290,22.33
18439,93,S1,114.0,63.841,22.33
18440,93,S1,117.0,63.183,22.33
18441,93,S1,120.0,62.658,22.33
18442,93,S1,123.0,62.192,22.33
18443,93,S1,126.0,61.618,22.33
18444,93,S1,129.0,61.094,22.33
18445,93,S1,132.0,60.576,22.33
18446,93,S1,135.0,60.086,22.33
18447,93,S1,138.0,59.684,22.33
18448,93,S1,141.0,59.006,22.33
18449,93,S1,144.0,58.578,22.33
18450,93,S1,147.0,58.096,22.33
18451,93,S1,150.0,57.665,22.33
18452,93,S1,153.0,57.137,22.33
18453,93,S1,156.0,56.663,22.33
18454,93,S1,159.0,56.277,22.33
18455,93,S1,162.0,55.801,22.33
18456,93,S1,165.0,55.354,22.33
18457,93,S1,168.0,54.837,22.33
18458,93,S1,171.0,54.475,22.33
18459,93,S1,174.0,54.053,22.33
18460,93,S1,177.0,53.545,22.33
18461,93,S1,180.0,53.187,22.33
18462,93,S1,183.0,52.736,22.33
18463,93,S1,186.0,52.347,22.33
18464,93,S1,189.0,52.025,22.33
18465,93,S1,192.0,51.524,22.33
18466,93,S1,195.0,51.134,22.33
18467,93,S1,198.0,50.852,22.33
18468,93,S1,201.0,50.402,22.33
18469,93,S1,204.0,50.037,22.33
18470,93,S1,207.0,49.612,22.33
18471,93,S1,210.0,49.366,22.33
18472,93,S1,213.0,49.043,22.33
18473,93,S1,216.0,48.662,22.33
18474,93,S1,219.0,48.232,22.33
18475,93,S1,222.0,47.949,22.33
18476,93,S1,225.0,47.447,22.33
18477,93,S1,228.0,47.128,22.33
18478,93,S1,231.0,46.918,22.33
18479,93,S1,234.0,46.570,22.33
18480,93,S1,237.0,46.171,22.33
18481,93,S1,240.0,45.826,22.33
18482,93,S1,243.0,45.626,22.33
18483,93,S1,246.0,45.278,22.33
18484,93,S1,249.0,44.968,22.33
18485,93,S1,252.0,44.677,22.33
18486,93,S1,255.0,44.390,22.33
18487,93,S1,258.0,44.082,22.33
18488,93,S1,261.0,43.733,22.33
18489,93,S1,264.0,43.541,22.33
18490,93,S1,267.0,43.218,22.33
18491,93,S1,270.0,42.900,22.33
18492,93,S1,273.0,42.615,22.33
18493,93,S1,276.0,42.400,22.33
18494,93,S1,279.0,42.051,22.33
18495,93,S1,282.0,41.796,22.33
18496,93,S1,285.0,41.559,22.33
18497,93,S1,288.0,41.309,22.33
18498,93,S1,291.0,41.073,22.33
18499,93,S1,294.0,40.857,22.33
18500,93,S1,297.0,40.623,22.33
18501,93,S1,300.0,40.242,22.33
18502,93,S1,303.0,40.106,22.33
18503,93,S1,306.0,39.872,22.33
18504,93,S1,309.0,39.594,22.33
18505,93,S1,312.0,39.435,22.33
18506,93,S1,315.0,39.148,22.33
18507,93,S1,318.0,38.939,22.33
18508,93,S1,321.0,38.701,22.33
18509,93,S1,324.0,38.461,22.33
18510,93,S1,327.0,38.338,22.33
18511,93,S1,330.0,38.090,22.33
18512,93,S1,333.0,37.898,22.33
18513,93,S1,336.0,37.579,22.33
18514,93,S1,339.0,37.485,22.33
18515,93,S1,342.0,37.257,22.33
18516,93,S1,345.0,37.058,22.33
18517,93,S1,348.0,36.890,22.33
18518,93,S1,351.0,36.672,22.33
18519,93,S1,354.0,36.639,22.33
18520,93,S1,357.0,36.299,22.33
18521,93,S1,360.0,36.142,22.33
18522,93,S1,363.0,35.884,22.33
18523,93,S1,366.0,35.723,22.33
18524,93,S1,369.0,35.425,22.33
18525,93,S1,372.0,35.325,22.33
18526,93,S1,375.0,35.261,22.33
18527,93,S1,378.0,34.994,22.33
18528,93,S1,381.0,34.876,22.33
18529,93,S1,384.0,34.651,22.33
18530,93,S1,387.0,34.557,22.33
18531,93,S1,390.0,34.357,22.33
18532,93,S1,393.0,34.208,22.33
18533,93,S1,396.0,34.102,22.33
18534,93,S1,399.0,33.894,22.33
18535,93,S1,402.0,33.720,22.33
18536,93,S1,405.0,33.628,22.33
18537,93,S1,408.0,33.427,22.33
18538,93,S1,411.0,33.333,22.33
18539,93,S1,414.0,33.149,22.33
18540,93,S1,417.0,33.070,22.33
18541,93,S1,420.0,32.803,22.33
18542,93,S1,423.0,32.733,22.33
18543,93,S1,426.0,32.550,22.33
18544,93,S1,429.0,32.362,22.33
18545,93,S1,432.0,32.328,22.33
18546,93,S1,435.0,32.249,22.33
18547,93,S1,438.0,31.983,22.33
18548,93,S1,441.0,31.848,22.33
18549,93,S1,444.0,31.770,22.33
18550,93,S1,447.0,31.690,22.33
18551,93,S1,450.0,31.544,22.33
18552,93,S1,453.0,31.392,22.33
18553,93,S1,456.0,31.398,22.33
18554,93,S1,459.0,31.186,22.33
18555,93,S1,462.0,31.019,22.33
18556,93,S1,465.0,30.840,22.33
18557,93,S1,468.0,30.852,22.33
18558,93,S1,471.0,30.741,22.33
18559,93,S1,474.0,30.628,22.33
18560,93,S1,477.0,30.405,22.33
18561,93,S1,480.0,30.475,22.33
18562,93,S1,483.0,30.324,22.33
18563,93,S1,486.0,30.127,22.33
18564,93,S1,489.0,30.064,22.33
18565,93,S1,492.0,29.997,22.33
18566,93,S1,495.0,29.914,22.33
18567,93,S1,498.0,29.718,22.33
18568,93,S1,501.0,29.693,22.33
18569,93,S1,504.0,29.593,22.33
18570,93,S1,507.0,29.457,22.33
18571,93,S1,510.0,29.251,22.33
18572,93,S1,513.0,29.184,22.33
18573,93,S1,516.0,29.204,22.33
18574,93,S1,519.0,29.075,22.33
18575,93,S1,522.0,28.996,22.33
18576,93,S1,525.0,28.994,22.33
18577,93,S1,528.0,28.889,22.33
18578,93,S1,531.0,28.758,22.33
18579,93,S1,534.0,28.629,22.33
18580,93,S1,537.0,28.552,22.33
18581,93,S1,540.0,28.543,22.33
18582,93,S1,543.0,28.447,22.33
18583,93,S1,546.0,28.382,22.33
18584,93,S1,549.0,28.246,22.33
18585,93,S1,552.0,28.127,22.33
18586,93,S1,555.0,28.106,22.33
18587,93,S1,558.0,27.944,22.33
18588,93,S1,561.0,27.844,22.33
18589,93,S1,564.0,27.899,22.33
18590,93,S1,567.0,27.780,22.33
18591,93,S1,570.0,27.718,22.33
18592,93,S1,573.0,27.672,22.33
18593,93,S1,576.0,27.564,22.33
18594,93,S1,579.0,27.513,22.33
18595,93,S1,582.0,27.400,22.33
18596,93,S1,585.0,27.302,22.33
18597,93,S1,588.0,27.413,22.33
18598,93,S1,591.0,27.161,22.33
18599,93,S1,594.0,27.163,22.33
18600,93,S1,597.0,27.225,22.33
18601,94,S2,0.0,73.646,21.71
18602,94,S2,3.0,72.953,21.71
18603,94,S2,6.0,72.303,21.71
18604,94,S2,9.0,71.697,21.71
18605,94,S2,12.0,71.037,21.71
18606,94,S2,15.0,70.412,21.71
18607,94,S2,18.0,69.792,21.71
18608,94,S2,21.0,69.134,21.71
18609,94,S2,24.0,68.560,21.71
18610,94,S2,27.0,67.897,21.71
18611,94,S2,30.0,67.437,21.71
18612,94,S2,33.0,66.872,21.71
18613,94,S2,36.0,66.314,21.71
18614,94,S2,39.0,65.720,21.71
18615,94,S2,42.0,65.155,21.71
18616,94,S2,45.0,64.687,21.71
18617,94,S2,48.0,64.162,21.71
18618,94,S2,51.0,63.554,21.71
18619,94,S2,54.0,62.941,21.71
18620,94,S2,57.0,62.542,21.71
18621,94,S2,60.0,61.965,21.71
18622,94,S2,63.0,61.453,21.71
18623,94,S2,66.0,60.959,21.71
18624,94,S2,69.0,60.432,21.71
18625,94,S2,72.0,60.082,21.71
18626,94,S2,75.0,59.489,21.71
18627,94,S2,78.0,59.102,21.71
18628,94,S2,81.0,58.510,21.71
18629,94,S2,84.0,58.031,21.71
18630,94,S2,87.0,57.644,21.71
18631,94,S2,90.0,57.188,21.71
18632,94,S2,93.0,56.780,21.71
18633,94,S2,96.0,56.411,21.71
18634,94,S2,99.0,55.900,21.71
18635,94,S2,102.0,55.460,21.71
18636,94,S2,105.0,55.047,21.71
18637,94,S2,108.0,54.590,21.71
18638,94,S2,111.0,54.267,21.71
18639,94,S2,114.0,53.797,21.71
18640,94,S2,117.0,53.307,21.71
18641,94,S2,120.0,52.965,21.71
18642,94,S2,123.0,52.635,21.71
18643,94,S2,126.0,52.240,21.71
18644,94,S2,129.0,51.807,21.71
18645,94,S2,132.0,51.542,21.71
18646,94,S2,135.0,51.116,21.71
18647,94,S2,138.0,50.739,21.71
18648,94,S2,141.0,50.399,21.71
18649,94,S2,144.0,50.022,21.71
18650,94,S2,147.0,49.624,21.71
18651,94,S2,150.0,49.310,21.71
18652,94,S2,153.0,48.914,21.71
18653,94,S2,156.0,48.605,21.71
18654,94,S2,159.0,48.294,21.71
18655,94,S2,162.0,47.945,21.71
18656,94,S2,165.0,47.520,21.71
18657,94,S2,168.0,47.263,21.71
18658,94,S2,171.0,46.959,21.71
18659,94,S2,174.0,46.722,21.71
18660,94,S2,177.0,46.347,21.71
18661,94,S2,180.0,46.043,21.71
18662,94,S2,183.0,45.651,21.71
18663,94,S2,186.0,45.395,21.71
18664,94,S2,189.0,45.110,21.71
18665,94,S2,192.0,44.873,21.71
18666,94,S2,195.0,44.591,21.71
18667,94,S2,198.0,44.288,21.71
18668,94,S2,201.0,43.883,21.71
18669,94,S2,204.0,43.614,21.71
18670,94,S2,207.0,43.370,21.71
18671,94,S2,210.0,43.190,21.71
18672,94,S2,213.0,42.855,21.71
18673,94,S2,216.0,42.567,21.71
18674,94,S2,219.0,42.328,21.71
18675,94,S2,222.0,42.080,21.71
18676,94,S2,225.0,41.834,21.71
18677,94,S2,228.0,41.580,21.71
18678,94,S2,231.0,41.291,21.71
18679,94,S2,234.0,41.115,21.71
18680,94,S2,237.0,40.862,21.71
18681,94,S2,240.0,40.661,21.71
18682,94,S2,243.0,40.349,21.71
18683,94,S2,246.0,40.082,21.71
18684,94,S2,249.0,39.914,21.71
18685,94,S2,252.0,39.716,21.71
18686,94,S2,255.0,39.479,21.71
18687,94,S2,258.0,39.229,21.71
18688,94,S2,261.0,38.980,21.71
18689,94,S2,264.0,38.782,21.71
18690,94,S2,267.0,38.466,21.71
18691,94,S2,270.0,38.342,21.71
18692,94,S2,273.0,38.181,21.71
18693,94,S2,276.0,37.945,21.71
18694,94,S2,279.0,37.696,21.71
18695,94,S2,282.0,37.491,21.71
18696,94,S2,285.0,37.346,21.71
18697,94,S2,288.0,37.146,21.71
18698,94,S2,291.0,36.903,21.71
18699,94,S2,294.0,36.759,21.71
18700,94,S2,297.0,36.534,21.71
18701,94,S2,300.0,36.344,21.71
18702,94,S2,303.0,36.062,21.71
18703,94,S2,306.0,35.989,21.71
18704,94,S2,309.0,35.829,21.71
18705,94,S2,312.0,35.676,21.71
18706,94,S2,315.0,35.470,21.71
18707,94,S2,318.0,35.275,21.71
18708,94,S2,321.0,35.082,21.71
18709,94,S2,324.0,34.981,21.71
18710,94,S2,327.0,34.753,21.71
18711,94,S2,330.0,34.624,21.71
18712,94,S2,333.0,34.500,21.71
18713,94,S2,336.0,34.262,21.71
18714,94,S2,339.0,34.195,21.71
18715,94,S2,342.0,33.988,21.71
18716,94,S2,345.0,33.860,21.71
18717,94,S2,348.0,33.729,21.71
18718,94,S2,351.0,33.595,21.71
18719,94,S2,354.0,33.343,21.71
18720,94,S2,357.0,33.252,21.71
18721,94,S2,360.0,33.181,21.71
18722,94,S2,363.0,33.001,21.71
18723,94,S2,366.0,32.714,21.71
18724,94,S2,369.0,32.713,21.71
18725,94,S2,372.0,32.539,21.71
18726,94,S2,375.0,32.337,21.71
18727,94,S2,378.0,32.345,21.71
18728,94,S2,381.0,32.238,21.71
18729,94,S2,384.0,31.934,21.71
18730,94,S2,387.0,31.889,21.71
18731,94,S2,390.0,31.818,21.71
18732,94,S2,393.0,31.670,21.71
18733,94,S2,396.0,31.475,21.71
18734,94,S2,399.0,31.427,21.71
18735,94,S2,402.0,31.161,21.71
18736,94,S2,405.0,31.193,21.71
18737,94,S2,408.0,30.986,21.71
18738,94,S2,411.0,30.882,21.71
18739,94,S2,414.0,30.785,21.71
18740,94,S2,417.0,30.708,21.71
18741,94,S2,420.0,30.509,21.71
18742,94,S2,423.0,30.469,21.71
18743,94,S2,426.0,30.291,21.71
18744,94,S2,429.0,30.125,21.71
18745,94,S2,432.0,30.140,21.71
18746,94,S2,435.0,30.125,21.71
18747,94,S2,438.0,29.927,21.71
18748,94,S2,441.0,29.855,21.71
18749,94,S2,444.0,29.674,21.71
18750,94,S2,447.0,29.642,21.71
18751,94,S2,450.0,29.470,21.71
18752,94,S2,453.0,29.439,21.71
18753,94,S2,456.0,29.283,21.71
18754,94,S2,459.0,29.224,21.71
18755,94,S2,462.0,29.174,21.71
18756,94,S2,465.0,29.037,21.71
18757,94,S2,468.0,28.795,21.71
18758,94,S2,471.0,28.871,21.71
18759,94,S2,474.0,28.863,21.71
18760,94,S2,477.0,28.694,21.71
18761,94,S2,480.0,28.603,21.71
18762,94,S2,483.0,28.437,21.71
18763,94,S2,486.0,28.444,21.71
18764,94,S2,489.0,28.279,21.71
18765,94,S2,492.0,28.238,21.71
18766,94,S2,495.0,28.192,21.71
18767,94,S2,498.0,28.124,21.71
18768,94,S2,501.0,28.040,21.71
18769,94,S2,504.0,27.876,21.71
18770,94,S2,507.0,27.880,21.71
18771,94,S2,510.0,27.742,21.71
18772,94,S2,513.0,27.696,21.71
18773,94,S2,516.0,27.638,21.71
18774,94,S2,519.0,27.594,21.71
18775,94,S2,522.0,27.533,21.71
18776,94,S2,525.0,27.368,21.71
18777,94,S2,528.0,27.380,21.71
18778,94,S2,531.0,27.249,21.71
18779,94,S2,534.0,27.104,21.71
18780,94,S2,537.0,27.178,21.71
18781,94,S2,540.0,27.077,21.71
18782,94,S2,543.0,26.938,21.71
18783,94,S2,546.0,26.933,21.71
18784,94,S2,549.0,26.860,21.71
18785,94,S2,552.0,26.695,21.71
18786,94,S2,555.0,26.621,21.71
18787,94,S2,558.0,26.691,21.71
18788,94,S2,561.0,26.610,21.71
18789,94,S2,564.0,26.578,21.71
18790,94,S2,567.0,26.499,21.71
18791,94,S2,570.0,26.354,21.71
18792,94,S2,573.0,26.323,21.71
18793,94,S2,576.0,26.324,21.71
18794,94,S2,579.0,26.307,21.71
18795,94,S2,582.0,26.096,21.71
18796,94,S2,585.0,26.077,21.71
18797,94,S2,588.0,26.052,21.71
18798,94,S2,591.0,26.030,21.71
18799,94,S2,594.0,25.950,21.71
18800,94,S2,597.0,25.915,21.71
18801,95,S3,0.0,74.731,20.53
18802,95,S3,3.0,73.820,20.53
18803,95,S3,6.0,73.094,20.53
18804,95,S3,9.0,72.183,20.53
18805,95,S3,12.0,71.404,20.53
18806,95,S3,15.0,70.549,20.53
18807,95,S3,18.0,69.792,20.53
18808,95,S3,21.0,68.849,20.53
18809,95,S3,24.0,68.223,20.53
18810,95,S3,27.0,67.420,20.53
18811,95,S3,30.0,66.655,20.53
18812,95,S3,33.0,65.944,20.53
18813,95,S3,36.0,65.244,20.53
18814,95,S3,39.0,64.475,20.53
18815,95,S3,42.0,63.743,20.53
18816,95,S3,45.0,63.045,20.53
18817,95,S3,48.0,62.491,20.53
18818,95,S3,51.0,61.759,20.53
18819,95,S3,54.0,61.113,20.53
18820,95,S3,57.0,60.512,20.53
18821,95,S3,60.0,59.855,20.53
18822,95,S3,63.0,59.224,20.53
18823,95,S3,66.0,58.628,20.53
18824,95,S3,69.0,57.998,20.53
18825,95,S3,72.0,57.331,20.53
18826,95,S3,75.0,56.765,20.53
18827,95,S3,78.0,56.180,20.53
18828,95,S3,81.0,55.639,20.53
18829,95,S3,84.0,55.062,20.53
18830,95,S3,87.0,54.508,20.53
18831,95,S3,90.0,53.942,20.53
18832,95,S3,93.0,53.396,20.53
18833,95,S3,96.0,52.903,20.53
18834,95,S3,99.0,52.452,20.53
18835,95,S3,102.0,51.813,20.53
18836,95,S3,105.0,51.398,20.53
18837,95,S3,108.0,50.858,20.53
18838,95,S3,111.0,50.400,20.53
18839,95,S3,114.0,49.828,20.53
18840,95,S3,117.0,49.324,20.53
18841,95,S3,120.0,48.861,20.53
18842,95,S3,123.0,48.434,20.53
18843,95,S3,126.0,48.101,20.53
18844,95,S3,129.0,47.590,20.53
18845,95,S3,132.0,47.252,20.53
18846,95,S3,135.0,46.723,20.53
18847,95,S3,138.0,46.282,20.53
18848,95,S3,141.0,45.959,20.53
18849,95,S3,144.0,45.528,20.53
18850,95,S3,147.0,45.127,20.53
18851,95,S3,150.0,44.680,20.53
18852,95,S3,153.0,44.346,20.53
18853,95,S3,156.0,43.990,20.53
18854,95,S3,159.0,43.608,20.53
18855,95,S3,162.0,43.253,20.53
18856,95,S3,165.0,42.801,20.53
18857,95,S3,168.0,42.521,20.53
18858,95,S3,171.0,42.150,20.53
18859,95,S3,174.0,41.877,20.53
18860,95,S3,177.0,41.421,20.53
18861,95,S3,180.0,41.228,20.53
18862,95,S3,183.0,40.832,20.53
18863,95,S3,186.0,40.559,20.53
18864,95,S3,189.0,40.042,20.53
18865,95,S3,192.0,39.883,20.53
18866,95,S3,195.0,39.526,20.53
18867,95,S3,198.0,39.378,20.53
18868,95,S3,201.0,38.938,20.53
18869,95,S3,204.0,38.645,20.53
18870,95,S3,207.0,38.243,20.53
18871,95,S3,210.0,38.066,20.53
18872,95,S3,213.0,37.715,20.53
18873,95,S3,216.0,37.455,20.53
18874,95,S3,219.0,37.206,20.53
18875,95,S3,222.0,37.033,20.53
18876,95,S3,225.0,36.666,20.53
18877,95,S3,228.0,36.517,20.53
18878,95,S3,231.0,36.193,20.53
18879,95,S3,234.0,35.877,20.53
18880,95,S3,237.0,35.688,20.53
18881,95,S3,240.0,35.482,20.53
18882,95,S3,243.0,35.069,20.53
18883,95,S3,246.0,34.913,20.53
18884,95,S3,249.0,34.796,20.53
18885,95,S3,252.0,34.597,20.53
18886,95,S3,255.0,34.287,20.53
18887,95,S3,258.0,34.041,20.53
18888,95,S3,261.0,33.859,20.53
18889,95,S3,264.0,33.684,20.53
18890,95,S3,267.0,33.455,20.53
18891,95,S3,270.0,33.244,20.53
18892,95,S3,273.0,32.966,20.53
18893,95,S3,276.0,32.786,20.53
18894,95,S3,279.0,32.672,20.53
18895,95,S3,282.0,32.366,20.53
18896,95,S3,285.0,32.241,20.53
18897,95,S3,288.0,32.052,20.53
18898,95,S3,291.0,31.789,20.53
18899,95,S3,294.0,31.614,20.53
18900,95,S3,297.0,31.540,20.53
18901,95,S3,300.0,31.241,20.53
18902,95,S3,303.0,31.178,20.53
18903,95,S3,306.0,30.979,20.53
18904,95,S3,309.0,30.758,20.53
18905,95,S3,312.0,30.667,20.53
18906,95,S3,315.0,30.516,20.53
18907,95,S3,318.0,30.370,20.53
18908,95,S3,321.0,30.108,20.53
18909,95,S3,324.0,29.967,20.53
18910,95,S3,327.0,29.955,20.53
18911,95,S3,330.0,29.718,20.53
18912,95,S3,333.0,29.590,20.53
18913,95,S3,336.0,29.347,20.53
18914,95,S3,339.0,29.168,20.53
18915,95,S3,342.0,29.131,20.53
18916,95,S3,345.0,29.063,20.53
18917,95,S3,348.0,28.857,20.53
18918,95,S3,351.0,28.715,20.53
18919,95,S3,354.0,28.571,20.53
18920,95,S3,357.0,28.456,20.53
18921,95,S3,360.0,28.343,20.53
18922,95,S3,363.0,28.289,20.53
18923,95,S3,366.0,28.189,20.53
18924,95,S3,369.0,27.938,20.53
18925,95,S3,372.0,27.811,20.53
18926,95,S3,375.0,27.686,20.53
18927,95,S3,378.0,27.580,20.53
18928,95,S3,381.0,27.598,20.53
18929,95,S3,384.0,27.428,20.53
18930,95,S3,387.0,27.212,20.53
18931,95,S3,390.0,27.212,20.53
18932,95,S3,393.0,26.943,20.53
18933,95,S3,396.0,26.981,20.53
18934,95,S3,399.0,26.869,20.53
18935,95,S3,402.0,26.724,20.53
18936,95,S3,405.0,26.678,20.53
18937,95,S3,408.0,26.523,20.53
18938,95,S3,411.0,26.504,20.53
18939,95,S3,414.0,26.379,20.53
18940,95,S3,417.0,26.223,20.53
18941,95,S3,420.0,26.192,20.53
18942,95,S3,423.0,26.103,20.53
18943,95,S3,426.0,26.103,20.53
18944,95,S3,429.0,26.001,20.53
18945,95,S3,432.0,25.841,20.53
18946,95,S3,435.0,25.643,20.53
18947,95,S3,438.0,25.716,20.53
18948,95,S3,441.0,25.633,20.53
18949,95,S3,444.0,25.455,20.53
18950,95,S3,447.0,25.450,20.53
18951,95,S3,450.0,25.323,20.53
18952,95,S3,453.0,25.261,20.53
18953,95,S3,456.0,25.193,20.53
18954,95,S3,459.0,25.110,20.53
18955,95,S3,462.0,25.019,20.53
18956,95,S3,465.0,25.030,20.53
18957,95,S3,468.0,24.822,20.53
18958,95,S3,471.0,24.836,20.53
18959,95,S3,474.0,24.792,20.53
18960,95,S3,477.0,24.621,20.53
18961,95,S3,480.0,24.564,20.53
18962,95,S3,483.0,24.543,20.53
18963,95,S3,486.0,24.404,20.53
18964,95,S3,489.0,24.397,20.53
18965,95,S3,492.0,24.296,20.53
18966,95,S3,495.0,24.219,20.53
18967,95,S3,498.0,24.214,20.53
18968,95,S3,501.0,24.264,20.53
18969,95,S3,504.0,24.098,20.53
18970,95,S3,507.0,24.028,20.53
18971,95,S3,510.0,24.017,20.53
18972,95,S3,513.0,23.974,20.53
18973,95,S3,516.0,23.857,20.53
18974,95,S3,519.0,23.874,20.53
18975,95,S3,522.0,23.798,20.53
18976,95,S3,525.0,23.773,20.53
18977,95,S3,528.0,23.622,20.53
18978,95,S3,531.0,23.680,20.53
18979,95,S3,534.0,23.648,20.53
18980,95,S3,537.0,23.567,20.53
18981,95,S3,540.0,23.484,20.53
18982,95,S3,543.0,23.395,20.53
18983,95,S3,546.0,23.412,20.53
18984,95,S3,549.0,23.291,20.53
18985,95,S3,552.0,23.320,20.53
18986,95,S3,555.0,23.219,20.53
18987,95,S3,558.0,23.210,20.53
18988,95,S3,561.0,23.292,20.53
18989,95,S3,564.0,23.099,20.53
18990,95,S3,567.0,23.101,20.53
18991,95,S3,570.0,23.028,20.53
18992,95,S3,573.0,23.057,20.53
18993,95,S3,576.0,22.978,20.53
18994,95,S3,579.0,22.898,20.53
18995,95,S3,582.0,22.868,20.53
18996,95,S3,585.0,22.807,20.53
18997,95,S3,588.0,22.787,20.53
18998,95,S3,591.0,22.862,20.53
18999,95,S3,594.0,22.674,20.53
19000,95,S3,597.0,22.714,20.53
19001,96,S4,0.0,76.664,20.05
19002,96,S4,3.0,75.723,20.05
19003,96,S4,6.0,74.887,20.05
19004,96,S4,9.0,74.023,20.05
19005,96,S4,12.0,73.128,20.05
19006,96,S4,15.0,72.270,20.05
19007,96,S4,18.0,71.486,20.05
19008,96,S4,21.0,70.570,20.05
19009,96,S4,24.0,69.701,20.05
19010,96,S4,27.0,68.958,20.05
19011,96,S4,30.0,68.209,20.05
19012,96,S4,33.0,67.464,20.05
19013,96,S4,36.0,66.725,20.05
19014,96,S4,39.0,65.902,20.05
19015,96,S4,42.0,65.208,20.05
19016,96,S4,45.0,64.426,20.05
19017,96,S4,48.0,63.782,20.05
19018,96,S4,51.0,63.054,20.05
19019,96,S4,54.0,62.388,20.05
19020,96,S4,57.0,61.656,20.05
19021,96,S4,60.0,60.975,20.05
19022,96,S4,63.0,60.364,20.05
19023,96,S4,66.0,59.659,20.05
19024,96,S4,69.0,59.125,20.05
19025,96,S4,72.0,58.390,20.05
19026,96,S4,75.0,57.793,20.05
19027,96,S4,78.0,57.199,20.05
19028,96,S4,81.0,56.607,20.05
19029,96,S4,84.0,55.995,20.05
19030,96,S4,87.0,55.394,20.05
19031,96,S4,90.0,54.780,20.05
19032,96,S4,93.0,54.211,20.05
19033,96,S4,96.0,53.771,20.05
19034,96,S4,99.0,53.212,20.05
19035,96,S4,102.0,52.658,20.05
19036,96,S4,105.0,52.125,20.05
19037,96,S4,108.0,51.606,20.05
19038,96,S4,111.0,51.091,20.05
19039,96,S4,114.0,50.634,20.05
19040,96,S4,117.0,50.174,20.05
19041,96,S4,120.0,49.651,20.05
19042,96,S4,123.0,49.113,20.05
19043,96,S4,126.0,48.739,20.05
19044,96,S4,129.0,48.224,20.05
19045,96,S4,132.0,47.751,20.05
19046,96,S4,135.0,47.380,20.05
19047,96,S4,138.0,46.904,20.05
19048,96,S4,141.0,46.503,20.05
19049,96,S4,144.0,46.038,20.05
19050,96,S4,147.0,45.637,20.05
19051,96,S4,150.0,45.237,20.05
19052,96,S4,153.0,44.815,20.05
19053,96,S4,156.0,44.443,20.05
19054,96,S4,159.0,44.038,20.05
19055,96,S4,162.0,43.623,20.05
19056,96,S4,165.0,43.233,20.05
19057,96,S4,168.0,42.826,20.05
19058,96,S4,171.0,42.469,20.05
19059,96,S4,174.0,42.130,20.05
19060,96,S4,177.0,41.788,20.05
19061,96,S4,180.0,41.362,20.05
19062,96,S4,183.0,41.019,20.05
19063,96,S4,186.0,40.763,20.05
19064,96,S4,189.0,40.459,20.05
19065,96,S4,192.0,40.029,20.05
19066,96,S4,195.0,39.700,20.05
19067,96,S4,198.0,39.420,20.05
19068,96,S4,201.0,39.186,20.05
19069,96,S4,204.0,38.869,20.05
19070,96,S4,207.0,38.463,20.05
19071,96,S4,210.0,38.323,20.05
19072,96,S4,213.0,37.929,20.05
19073,96,S4,216.0,37.620,20.05
19074,96,S4,219.0,37.321,20.05
19075,96,S4,222.0,37.103,20.05
19076,96,S4,225.0,36.821,20.05
19077,96,S4,228.0,36.616,20.05
19078,96,S4,231.0,36.326,20.05
19079,96,S4,234.0,36.085,20.05
19080,96,S4,237.0,35.701,20.05
19081,96,S4,240.0,35.472,20.05
19082,96,S4,243.0,35.176,20.05
19083,96,S4,246.0,35.061,20.05
19084,96,S4,249.0,34.767,20.05
19085,96,S4,252.0,34.469,20.05
19086,96,S4,255.0,34.251,20.05
19087,96,S4,258.0,34.043,20.05
19088,96,S4,261.0,33.858,20.05
19089,96,S4,264.0,33.725,20.05
19090,96,S4,267.0,33.436,20.05
19091,96,S4,270.0,33.141,20.05
19092,96,S4,273.0,32.895,20.05
19093,96,S4,276.0,32.751,20.05
19094,96,S4,279.0,32.562,20.05
19095,96,S4,282.0,32.358,20.05
19096,96,S4,285.0,32.247,20.05
19097,96,S4,288.0,32.017,20.05
19098,96,S4,291.0,31.730,20.05
19099,96,S4,294.0,31.661,20.05
19100,96,S4,297.0,31.473,20.05
19101,96,S4,300.0,31.242,20.05
19102,96,S4,303.0,31.057,20.05
19103,96,S4,306.0,30.888,20.05
19104,96,S4,309.0,30.598,20.05
19105,96,S4,312.0,30.493,20.05
19106,96,S4,315.0,30.414,20.05
19107,96,S4,318.0,30.269,20.05
19108,96,S4,321.0,30.065,20.05
19109,96,S4,324.0,29.855,20.05
19110,96,S4,327.0,29.682,20.05
19111,96,S4,330.0,29.494,20.05
19112,96,S4,333.0,29.335,20.05
19113,96,S4,336.0,29.267,20.05
19114,96,S4,339.0,29.065,20.05
19115,96,S4,342.0,29.022,20.05
19116,96,S4,345.0,28.752,20.05
19117,96,S4,348.0,28.787,20.05
19118,96,S4,351.0,28.434,20.05
19119,96,S4,354.0,28.410,20.05
19120,96,S4,357.0,28.230,20.05
19121,96,S4,360.0,28.135,20.05
19122,96,S4,363.0,28.039,20.05
19123,96,S4,366.0,27.877,20.05
19124,96,S4,369.0,27.718,20.05
19125,96,S4,372.0,27.605,20.05
19126,96,S4,375.0,27.483,20.05
19127,96,S4,378.0,27.426,20.05
19128,96,S4,381.0,27.248,20.05
19129,96,S4,384.0,27.198,20.05
19130,96,S4,387.0,27.009,20.05
19131,96,S4,390.0,26.966,20.05
19132,96,S4,393.0,26.792,20.05
19133,96,S4,396.0,26.767,20.05
19134,96,S4,399.0,26.588,20.05
19135,96,S4,402.0,26.514,20.05
19136,96,S4,405.0,26.307,20.05
19137,96,S4,408.0,26.210,20.05
19138,96,S4,411.0,26.167,20.05
19139,96,S4,414.0,26.055,20.05
19140,96,S4,417.0,25.953,20.05
19141,96,S4,420.0,25.913,20.05
19142,96,S4,423.0,25.770,20.05
19143,96,S4,426.0,25.676,20.05
19144,96,S4,429.0,25.652,20.05
19145,96,S4,432.0,25.574,20.05
19146,96,S4,435.0,25.350,20.05
19147,96,S4,438.0,25.330,20.05
19148,96,S4,441.0,25.248,20.05
19149,96,S4,444.0,25.169,20.05
19150,96,S4,447.0,25.044,20.05
19151,96,S4,450.0,25.041,20.05
19152,96,S4,453.0,24.987,20.05
19153,96,S4,456.0,24.847,20.05
19154,96,S4,459.0,24.796,20.05
19155,96,S4,462.0,24.760,20.05
19156,96,S4,465.0,24.624,20.05
19157,96,S4,468.0,24.536,20.05
19158,96,S4,471.0,24.450,20.05
19159,96,S4,474.0,24.373,20.05
19160,96,S4,477.0,24.288,20.05
19161,96,S4,480.0,24.265,20.05
19162,96,S4,483.0,24.112,20.05
19163,96,S4,486.0,24.145,20.05
19164,96,S4,489.0,24.043,20.05
19165,96,S4,492.0,23.975,20.05
19166,96,S4,495.0,23.899,20.05
19167,96,S4,498.0,23.881,20.05
19168,96,S4,501.0,23.745,20.05
19169,96,S4,504.0,23.701,20.05
19170,96,S4,507.0,23.631,20.05
19171,96,S4,510.0,23.607,20.05
19172,96,S4,513.0,23.618,20.05
19173,96,S4,516.0,23.583,20.05
19174,96,S4,519.0,23.508,20.05
19175,96,S4,522.0,23.422,20.05
19176,96,S4,525.0,23.329,20.05
19177,96,S4,528.0,23.298,20.05
19178,96,S4,531.0,23.242,20.05
19179,96,S4,534.0,23.241,20.05
19180,96,S4,537.0,23.177,20.05
19181,96,S4,540.0,23.096,20.05
19182,96,S4,543.0,23.019,20.05
19183,96,S4,546.0,23.025,20.05
19184,96,S4,549.0,22.957,20.05
19185,96,S4,552.0,23.083,20.05
19186,96,S4,555.0,22.872,20.05
19187,96,S4,558.0,22.810,20.05
19188,96,S4,561.0,22.781,20.05
19189,96,S4,564.0,22.659,20.05
19190,96,S4,567.0,22.701,20.05
19191,96,S4,570.0,22.654,20.05
19192,96,S4,573.0,22.604,20.05
19193,96,S4,576.0,22.477,20.05
19194,96,S4,579.0,22.483,20.05
19195,96,S4,582.0,22.445,20.05
19196,96,S4,585.0,22.432,20.05
19197,96,S4,588.0,22.336,20.05
19198,96,S4,591.0,22.374,20.05
19199,96,S4,594.0,22.310,20.05
19200,96,S4,597.0,22.359,20.05
19201,97,S1,0.0,72.720,20.81
19202,97,S1,3.0,71.925,20.81
19203,97,S1,6.0,71.183,20.81
19204,97,S1,9.0,70.374,20.81
19205,97,S1,12.0,69.591,20.81
19206,97,S1,15.0,68.837,20.81
19207,97,S1,18.0,68.123,20.81
19208,97,S1,21.0,67.319,20.81
19209,97,S1,24.0,66.665,20.81
19210,97,S1,27.0,66.038,20.81
19211,97,S1,30.0,65.246,20.81
19212,97,S1,33.0,64.531,20.81
19213,97,S1,36.0,64.007,20.81
19214,97,S1,39.0,63.278,20.81
19215,97,S1,42.0,62.592,20.81
19216,97,S1,45.0,61.981,20.81
19217,97,S1,48.0,61.290,20.81
19218,97,S1,51.0,60.612,20.81
19219,97,S1,54.0,60.013,20.81
19220,97,S1,57.0,59.451,20.81
19221,97,S1,60.0,58.835,20.81
19222,97,S1,63.0,58.282,20.81
19223,97,S1,66.0,57.832,20.81
19224,97,S1,69.0,57.233,20.81
19225,97,S1,72.0,56.529,20.81
19226,97,S1,75.0,56.039,20.81
19227,97,S1,78.0,55.515,20.81
19228,97,S1,81.0,55.017,20.81
19229,97,S1,84.0,54.429,20.81
19230,97,S1,87.0,53.918,20.81
19231,97,S1,90.0,53.353,20.81
19232,97,S1,93.0,52.874,20.81
19233,97,S1,96.0,52.434,20.81
19234,97,S1,99.0,52.025,20.81
19235,97,S1,102.0,51.394,20.81
19236,97,S1,105.0,50.986,20.81
19237,97,S1,108.0,50.560,20.81
19238,97,S1,111.0,50.159,20.81
19239,97,S1,114.0,49.650,20.81
19240,97,S1,117.0,49.157,20.81
19241,97,S1,120.0,48.765,20.81
19242,97,S1,123.0,48.330,20.81
19243,97,S1,126.0,47.869,20.81
19244,97,S1,129.0,47.482,20.81
19245,97,S1,132.0,47.071,20.81
19246,97,S1,135.0,46.670,20.81
19247,97,S1,138.0,46.313,20.81
19248,97,S1,141.0,45.926,20.81
19249,97,S1,144.0,45.417,20.81
19250,97,S1,147.0,45.112,20.81
19251,97,S1,150.0,44.624,20.81
19252,97,S1,153.0,44.424,20.81
19253,97,S1,156.0,43.974,20.81
19254,97,S1,159.0,43.714,20.81
19255,97,S1,162.0,43.225,20.81
19256,97,S1,165.0,42.973,20.81
19257,97,S1,168.0,42.493,20.81
19258,97,S1,171.0,42.281,20.81
19259,97,S1,174.0,41.909,20.81
19260,97,S1,177.0,41.716,20.81
19261,97,S1,180.0,41.301,20.81
19262,97,S1,183.0,40.899,20.81
19263,97,S1,186.0,40.646,20.81
19264,97,S1,189.0,40.365,20.81
19265,97,S1,192.0,40.092,20.81
19266,97,S1,195.0,39.776,20.81
19267,97,S1,198.0,39.465,20.81
19268,97,S1,201.0,39.228,20.81
19269,97,S1,204.0,38.911,20.81
19270,97,S1,207.0,38.640,20.81
19271,97,S1,210.0,38.439,20.81
19272,97,S1,213.0,38.215,20.81
19273,97,S1,216.0,37.920,20.81
19274,97,S1,219.0,37.557,20.81
19275,97,S1,222.0,37.321,20.81
19276,97,S1,225.0,36.987,20.81
19277,97,S1,228.0,36.709,20.81
19278,97,S1,231.0,36.538,20.81
19279,97,S1,234.0,36.210,20.81
19280,97,S1,237.0,35.955,20.81
19281,97,S1,240.0,35.884,20.81
19282,97,S1,243.0,35.614,20.81
19283,97,S1,246.0,35.381,20.81
19284,97,S1,249.0,35.223,20.81
19285,97,S1,252.0,34.916,20.81
19286,97,S1,255.0,34.711,20.81
19287,97,S1,258.0,34.567,20.81
19288,97,S1,261.0,34.229,20.81
19289,97,S1,264.0,34.011,20.81
19290,97,S1,267.0,33.841,20.81
19291,97,S1,270.0,33.702,20.81
19292,97,S1,273.0,33.531,20.81
19293,97,S1,276.0,33.311,20.81
19294,97,S1,279.0,33.098,20.81
19295,97,S1,282.0,32.898,20.81
19296,97,S1,285.0,32.758,20.81
19297,97,S1,288.0,32.569,20.81
19298,97,S1,291.0,32.343,20.81
19299,97,S1,294.0,32.254,20.81
19300,97,S1,297.0,32.026,20.81
19301,97,S1,300.0,31.839,20.81
19302,97,S1,303.0,31.686,20.81
19303,97,S1,306.0,31.582,20.81
19304,97,S1,309.0,31.356,20.81
19305,97,S1,312.0,31.254,20.81
19306,97,S1,315.0,31.019,20.81
19307,97,S1,318.0,30.901,20.81
19308,97,S1,321.0,30.736,20.81
19309,97,S1,324.0,30.623,20.81
19310,97,S1,327.0,30.373,20.81
19311,97,S1,330.0,30.266,20.81
19312,97,S1,333.0,30.131,20.81
19313,97,S1,336.0,29.971,20.81
19314,97,S1,339.0,29.855,20.81
19315,97,S1,342.0,29.742,20.81
19316,97,S1,345.0,29.570,20.81
19317,97,S1,348.0,29.494,20.81
19318,97,S1,351.0,29.338,20.81
19319,97,S1,354.0,29.072,20.81
19320,97,S1,357.0,29.005,20.81
19321,97,S1,360.0,28.853,20.81
19322,97,S1,363.0,28.716,20.81
19323,97,S1,366.0,28.671,20.81
19324,97,S1,369.0,28.566,20.81
19325,97,S1,372.0,28.485,20.81
19326,97,S1,375.0,28.273,20.81
19327,97,S1,378.0,28.171,20.81
19328,97,S1,381.0,28.127,20.81
19329,97,S1,384.0,27.972,20.81
19330,97,S1,387.0,27.947,20.81
19331,97,S1,390.0,27.787,20.81
19332,97,S1,393.0,27.609,20.81
19333,97,S1,396.0,27.508,20.81
19334,97,S1,399.0,27.515,20.81
19335,97,S1,402.0,27.442,20.81
19336,97,S1,405.0,27.272,20.81
19337,97,S1,408.0,27.152,20.81
19338,97,S1,411.0,27.034,20.81
19339,97,S1,414.0,26.899,20.81
19340,97,S1,417.0,26.771,20.81
19341,97,S1,420.0,26.729,20.81
19342,97,S1,423.0,26.656,20.81
19343,97,S1,426.0,26.597,20.81
19344,97,S1,429.0,26.471,20.81
19345,97,S1,432.0,26.374,20.81
19346,97,S1,435.0,26.262,20.81
19347,97,S1,438.0,26.257,20.81
19348,97,S1,441.0,26.147,20.81
19349,97,S1,444.0,26.121,20.81
19350,97,S1,447.0,25.969,20.81
19351,97,S1,450.0,25.922,20.81
19352,97,S1,453.0,25.727,20.81
19353,97,S1,456.0,25.793,20.81
19354,97,S1,459.0,25.701,20.81
19355,97,S1,462.0,25.644,20.81
19356,97,S1,465.0,25.530,20.81
19357,97,S1,468.0,25.490,20.81
19358,97,S1,471.0,25.378,20.81
19359,97,S1,474.0,25.315,20.81
19360,97,S1,477.0,25.216,20.81
19361,97,S1,480.0,25.273,20.81
19362,97,S1,483.0,25.061,20.81
19363,97,S1,486.0,24.933,20.81
19364,97,S1,489.0,24.921,20.81
19365,97,S1,492.0,24.990,20.81
19366,97,S1,495.0,24.794,20.81
19367,97,S1,498.0,24.792,20.81
19368,97,S1,501.0,24.818,20.81
19369,97,S1,504.0,24.663,20.81
19370,97,S1,507.0,24.588,20.81
19371,97,S1,510.0,24.521,20.81
19372,97,S1,513.0,24.435,20.81
19373,97,S1,516.0,24.458,20.81
19374,97,S1,519.0,24.384,20.81
19375,97,S1,522.0,24.230,20.81
19376,97,S1,525.0,24.297,20.81
19377,97,S1,528.0,24.270,20.81
19378,97,S1,531.0,24.158,20.81
19379,97,S1,534.0,24.186,20.81
19380,97,S1,537.0,24.110,20.81
19381,97,S1,540.0,23.997,20.81
19382,97,S1,543.0,23.932,20.81
19383,97,S1,546.0,23.906,20.81
19384,97,S1,549.0,23.794,20.81
19385,97,S1,552.0,23.920,20.81
19386,97,S1,555.0,23.754,20.81
19387,97,S1,558.0,23.706,20.81
19388,97,S1,561.0,23.647,20.81
19389,97,S1,564.0,23.704,20.81
19390,97,S1,567.0,23.604,20.81
19391,97,S1,570.0,23.580,20.81
19392,97,S1,573.0,23.492,20.81
19393,97,S1,576.0,23.402,20.81
19394,97,S1,579.0,23.295,20.81
19395,97,S1,582.0,23.347,20.81
19396,97,S1,585.0,23.277,20.81
19397,97,S1,588.0,23.360,20.81
19398,97,S1,591.0,23.218,20.81
19399,97,S1,594.0,23.247,20.81
19400,97,S1,597.0,23.162,20.81
19401,98,S2,0.0,88.453,22.94
19402,98,S2,3.0,86.869,22.94
19403,98,S2,6.0,85.142,22.94
19404,98,S2,9.0,83.666,22.94
19405,98,S2,12.0,82.253,22.94
19406,98,S2,15.0,80.811,22.94
19407,98,S2,18.0,79.261,22.94
19408,98,S2,21.0,77.918,22.94
19409,98,S2,24.0,76.565,22.94
19410,98,S2,27.0,75.227,22.94
19411,98,S2,30.0,73.972,22.94
19412,98,S2,33.0,72.656,22.94
19413,98,S2,36.0,71.512,22.94
19414,98,S2,39.0,70.287,22.94
19415,98,S2,42.0,69.105,22.94
19416,98,S2,45.0,68.003,22.94
19417,98,S2,48.0,67.006,22.94
19418,98,S2,51.0,65.709,22.94
19419,98,S2,54.0,64.793,22.94
19420,98,S2,57.0,63.754,22.94
19421,98,S2,60.0,62.622,22.94
19422,98,S2,63.0,61.757,22.94
19423,98,S2,66.0,60.735,22.94
19424,98,S2,69.0,59.805,22.94
19425,98,S2,72.0,58.945,22.94
19426,98,S2,75.0,58.043,22.94
19427,98,S2,78.0,57.180,22.94
19428,98,S2,81.0,56.294,22.94
19429,98,S2,84.0,55.583,22.94
19430,98,S2,87.0,54.721,22.94
19431,98,S2,90.0,53.995,22.94
19432,98,S2,93.0,53.206,22.94
19433,98,S2,96.0,52.458,22.94
19434,98,S2,99.0,51.744,22.94
19435,98,S2,102.0,51.083,22.94
19436,98,S2,105.0,50.346,22.94
19437,98,S2,108.0,49.710,22.94
19438,98,S2,111.0,48.944,22.94
19439,98,S2,114.0,48.388,22.94
19440,98,S2,117.0,47.705,22.94
19441,98,S2,120.0,47.154,22.94
19442,98,S2,123.0,46.587,22.94
19443,98,S2,126.0,45.932,22.94
19444,98,S2,129.0,45.402,22.94
19445,98,S2,132.0,44.910,22.94
19446,98,S2,135.0,44.345,22.94
19447,98,S2,138.0,43.763,22.94
19448,98,S2,141.0,43.375,22.94
19449,98,S2,144.0,42.741,22.94
19450,98,S2,147.0,42.287,22.94
19451,98,S2,150.0,41.785,22.94
19452,98,S2,153.0,41.339,22.94
19453,98,S2,156.0,40.917,22.94
19454,98,S2,159.0,40.343,22.94
19455,98,S2,162.0,40.011,22.94
19456,98,S2,165.0,39.492,22.94
19457,98,S2,168.0,39.206,22.94
19458,98,S2,171.0,38.712,22.94
19459,98,S2,174.0,38.385,22.94
19460,98,S2,177.0,37.930,22.94
19461,98,S2,180.0,37.646,22.94
19462,98,S2,183.0,37.375,22.94
19463,98,S2,186.0,36.998,22.94
19464,98,S2,189.0,36.578,22.94
19465,98,S2,192.0,36.251,22.94
19466,98,S2,195.0,35.866,22.94
19467,98,S2,198.0,35.614,22.94
19468,98,S2,201.0,35.268,22.94
19469,98,S2,204.0,34.950,22.94
19470,98,S2,207.0,34.770,22.94
19471,98,S2,210.0,34.402,22.94
19472,98,S2,213.0,34.175,22.94
19473,98,S2,216.0,33.820,22.94
19474,98,S2,219.0,33.524,22.94
19475,98,S2,222.0,33.318,22.94
19476,98,S2,225.0,33.076,22.94
19477,98,S2,228.0,32.750,22.94
19478,98,S2,231.0,32.589,22.94
19479,98,S2,234.0,32.331,22.94
19480,98,S2,237.0,32.120,22.94
19481,98,S2,240.0,31.846,22.94
19482,98,S2,243.0,31.753,22.94
19483,98,S2,246.0,31.488,22.94
19484,98,S2,249.0,31.260,22.94
19485,98,S2,252.0,31.080,22.94
19486,98,S2,255.0,30.795,22.94
19487,98,S2,258.0,30.690,22.94
19488,98,S2,261.0,30.453,22.94
19489,98,S2,264.0,30.279,22.94
19490,98,S2,267.0,30.101,22.94
19491,98,S2,270.0,29.909,22.94
19492,98,S2,273.0,29.703,22.94
19493,98,S2,276.0,29.514,22.94
19494,98,S2,279.0,29.449,22.94
19495,98,S2,282.0,29.310,22.94
19496,98,S2,285.0,29.059,22.94
19497,98,S2,288.0,28.987,22.94
19498,98,S2,291.0,28.821,22.94
19499,98,S2,294.0,28.635,22.94
19500,98,S2,297.0,28.501,22.94
19501,98,S2,300.0,28.274,22.94
19502,98,S2,303.0,28.218,22.94
19503,98,S2,306.0,28.133,22.94
19504,98,S2,309.0,27.978,22.94
19505,98,S2,312.0,27.965,22.94
19506,98,S2,315.0,27.731,22.94
19507,98,S2,318.0,27.619,22.94
19508,98,S2,321.0,27.441,22.94
19509,98,S2,324.0,27.452,22.94
19510,98,S2,327.0,27.250,22.94
19511,98,S2,330.0,27.185,22.94
19512,98,S2,333.0,27.088,22.94
19513,98,S2,336.0,26.960,22.94
19514,98,S2,339.0,26.905,22.94
19515,98,S2,342.0,26.771,22.94
19516,98,S2,345.0,26.678,22.94
19517,98,S2,348.0,26.591,22.94
19518,98,S2,351.0,26.461,22.94
19519,98,S2,354.0,26.362,22.94
19520,98,S2,357.0,26.337,22.94
19521,98,S2,360.0,26.256,22.94
19522,98,S2,363.0,26.120,22.94
19523,98,S2,366.0,26.085,22.94
19524,98,S2,369.0,25.992,22.94
19525,98,S2,372.0,25.955,22.94
19526,98,S2,375.0,25.868,22.94
19527,98,S2,378.0,25.761,22.94
19528,98,S2,381.0,25.803,22.94
19529,98,S2,384.0,25.644,22.94
19530,98,S2,387.0,25.591,22.94
19531,98,S2,390.0,25.481,22.94
19532,98,S2,393.0,25.402,22.94
19533,98,S2,396.0,25.434,22.94
19534,98,S2,399.0,25.295,22.94
19535,98,S2,402.0,25.230,22.94
19536,98,S2,405.0,25.139,22.94
19537,98,S2,408.0,25.174,22.94
19538,98,S2,411.0,25.147,22.94
19539,98,S2,414.0,25.068,22.94
19540,98,S2,417.0,24.927,22.94
19541,98,S2,420.0,24.848,22.94
19542,98,S2,423.0,24.915,22.94
19543,98,S2,426.0,24.857,22.94
19544,98,S2,429.0,24.789,22.94
19545,98,S2,432.0,24.739,22.94
19546,98,S2,435.0,24.762,22.94
19547,98,S2,438.0,24.741,22.94
19548,98,S2,441.0,24.577,22.94
19549,98,S2,444.0,24.595,22.94
19550,98,S2,447.0,24.636,22.94
19551,98,S2,450.0,24.475,22.94
19552,98,S2,453.0,24.406,22.94
19553,98,S2,456.0,24.413,22.94
19554,98,S2,459.0,24.397,22.94
19555,98,S2,462.0,24.434,22.94
19556,98,S2,465.0,24.256,22.94
19557,98,S2,468.0,24.328,22.94
19558,98,S2,471.0,24.289,22.94
19559,98,S2,474.0,24.172,22.94
19560,98,S2,477.0,24.117,22.94
19561,98,S2,480.0,24.223,22.94
19562,98,S2,483.0,24.186,22.94
19563,98,S2,486.0,24.027,22.94
19564,98,S2,489.0,24.036,22.94
19565,98,S2,492.0,24.034,22.94
19566,98,S2,495.0,23.966,22.94
19567,98,S2,498.0,23.990,22.94
19568,98,S2,501.0,23.912,22.94
19569,98,S2,504.0,24.031,22.94
19570,98,S2,507.0,23.968,22.94
19571,98,S2,510.0,23.908,22.94
19572,98,S2,513.0,23.874,22.94
19573,98,S2,516.0,23.866,22.94
19574,98,S2,519.0,23.827,22.94
19575,98,S2,522.0,23.755,22.94
19576,98,S2,525.0,23.757,22.94
19577,98,S2,528.0,23.760,22.94
19578,98,S2,531.0,23.733,22.94
19579,98,S2,534.0,23.737,22.94
19580,98,S2,537.0,23.715,22.94
19581,98,S2,540.0,23.714,22.94
19582,98,S2,543.0,23.722,22.94
19583,98,S2,546.0,23.597,22.94
19584,98,S2,549.0,23.667,22.94
19585,98,S2,552.0,23.639,22.94
19586,98,S2,555.0,23.602,22.94
19587,98,S2,558.0,23.664,22.94
19588,98,S2,561.0,23.619,22.94
19589,98,S2,564.0,23.535,22.94
19590,98,S2,567.0,23.626,22.94
19591,98,S2,570.0,23.501,22.94
19592,98,S2,573.0,23.484,22.94
19593,98,S2,576.0,23.493,22.94
19594,98,S2,579.0,23.476,22.94
19595,98,S2,582.0,23.613,22.94
19596,98,S2,585.0,23.437,22.94
19597,98,S2,588.0,23.378,22.94
19598,98,S2,591.0,23.414,22.94
19599,98,S2,594.0,23.484,22.94
19600,98,S2,597.0,23.407,22.94
19601,99,S3,0.0,77.273,20.12
19602,99,S3,3.0,75.576,20.12
19603,99,S3,6.0,73.876,20.12
19604,99,S3,9.0,72.285,20.12
19605,99,S3,12.0,70.603,20.12
19606,99,S3,15.0,68.984,20.12
19607,99,S3,18.0,67.419,20.12
19608,99,S3,21.0,65.938,20.12
19609,99,S3,24.0,64.577,20.12
19610,99,S3,27.0,63.123,20.12
19611,99,S3,30.0,61.856,20.12
19612,99,S3,33.0,60.456,20.12
19613,99,S3,36.0,59.236,20.12
19614,99,S3,39.0,58.088,20.12
19615,99,S3,42.0,56.927,20.12
19616,99,S3,45.0,55.607,20.12
19617,99,S3,48.0,54.600,20.12
19618,99,S3,51.0,53.573,20.12
19619,99,S3,54.0,52.389,20.12
19620,99,S3,57.0,51.501,20.12
19621,99,S3,60.0,50.439,20.12
19622,99,S3,63.0,49.502,20.12
19623,99,S3,66.0,48.596,20.12
19624,99,S3,69.0,47.748,20.12
19625,99,S3,72.0,46.899,20.12
19626,99,S3,75.0,46.049,20.12
19627,99,S3,78.0,45.288,20.12
19628,99,S3,81.0,44.491,20.12
19629,99,S3,84.0,43.716,20.12
19630,99,S3,87.0,42.995,20.12
19631,99,S3,90.0,42.333,20.12
19632,99,S3,93.0,41.555,20.12
19633,99,S3,96.0,40.826,20.12
19634,99,S3,99.0,40.266,20.12
19635,99,S3,102.0,39.501,20.12
19636,99,S3,105.0,39.041,20.12
19637,99,S3,108.0,38.495,20.12
19638,99,S3,111.0,37.867,20.12
19639,99,S3,114.0,37.280,20.12
19640,99,S3,117.0,36.824,20.12
19641,99,S3,120.0,36.279,20.12
19642,99,S3,123.0,35.665,20.12
19643,99,S3,126.0,35.225,20.12
19644,99,S3,129.0,34.827,20.12
19645,99,S3,132.0,34.331,20.12
19646,99,S3,135.0,33.884,20.12
19647,99,S3,138.0,33.438,20.12
19648,99,S3,141.0,33.018,20.12
19649,99,S3,144.0,32.626,20.12
19650,99,S3,147.0,32.290,20.12
19651,99,S3,150.0,31.928,20.12
19652,99,S3,153.0,31.566,20.12
19653,99,S3,156.0,31.171,20.12
19654,99,S3,159.0,30.892,20.12
19655,99,S3,162.0,30.413,20.12
19656,99,S3,165.0,30.147,20.12
19657,99,S3,168.0,29.824,20.12
19658,99,S3,171.0,29.551,20.12
19659,99,S3,174.0,29.304,20.12
19660,99,S3,177.0,29.008,20.12
19661,99,S3,180.0,28.740,20.12
19662,99,S3,183.0,28.481,20.12
19663,99,S3,186.0,28.157,20.12
19664,99,S3,189.0,27.876,20.12
19665,99,S3,192.0,27.707,20.12
19666,99,S3,195.0,27.377,20.12
19667,99,S3,198.0,27.249,20.12
19668,99,S3,201.0,26.991,20.12
19669,99,S3,204.0,26.749,20.12
19670,99,S3,207.0,26.558,20.12
19671,99,S3,210.0,26.349,20.12
19672,99,S3,213.0,26.247,20.12
19673,99,S3,216.0,25.992,20.12
19674,99,S3,219.0,25.703,20.12
19675,99,S3,222.0,25.683,20.12
19676,99,S3,225.0,25.450,20.12
19677,99,S3,228.0,25.242,20.12
19678,99,S3,231.0,25.179,20.12
19679,99,S3,234.0,25.031,20.12
19680,99,S3,237.0,24.813,20.12
19681,99,S3,240.0,24.622,20.12
19682,99,S3,243.0,24.659,20.12
19683,99,S3,246.0,24.412,20.12
19684,99,S3,249.0,24.256,20.12
19685,99,S3,252.0,24.171,20.12
19686,99,S3,255.0,24.004,20.12
19687,99,S3,258.0,23.860,20.12
19688,99,S3,261.0,23.786,20.12
19689,99,S3,264.0,23.604,20.12
19690,99,S3,267.0,23.559,20.12
19691,99,S3,270.0,23.424,20.12
19692,99,S3,273.0,23.336,20.12
19693,99,S3,276.0,23.218,20.12
19694,99,S3,279.0,23.153,20.12
19695,99,S3,282.0,23.061,20.12
19696,99,S3,285.0,22.978,20.12
19697,99,S3,288.0,22.923,20.12
19698,99,S3,291.0,22.771,20.12
19699,99,S3,294.0,22.599,20.12
19700,99,S3,297.0,22.617,20.12
19701,99,S3,300.0,22.579,20.12
19702,99,S3,303.0,22.378,20.12
19703,99,S3,306.0,22.246,20.12
19704,99,S3,309.0,22.295,20.12
19705,99,S3,312.0,22.119,20.12
19706,99,S3,315.0,22.191,20.12
19707,99,S3,318.0,22.167,20.12
19708,99,S3,321.0,22.011,20.12
19709,99,S3,324.0,21.985,20.12
19710,99,S3,327.0,21.927,20.12
19711,99,S3,330.0,21.895,20.12
19712,99,S3,333.0,21.814,20.12
19713,99,S3,336.0,21.824,20.12
19714,99,S3,339.0,21.662,20.12
19715,99,S3,342.0,21.720,20.12
19716,99,S3,345.0,21.554,20.12
19717,99,S3,348.0,21.537,20.12
19718,99,S3,351.0,21.502,20.12
19719,99,S3,354.0,21.512,20.12
19720,99,S3,357.0,21.451,20.12
19721,99,S3,360.0,21.459,20.12
19722,99,S3,363.0,21.328,20.12
19723,99,S3,366.0,21.274,20.12
19724,99,S3,369.0,21.228,20.12
19725,99,S3,372.0,21.192,20.12
19726,99,S3,375.0,21.154,20.12
19727,99,S3,378.0,21.158,20.12
19728,99,S3,381.0,21.080,20.12
19729,99,S3,384.0,21.112,20.12
19730,99,S3,387.0,21.069,20.12
19731,99,S3,390.0,21.054,20.12
19732,99,S3,393.0,21.061,20.12
19733,99,S3,396.0,20.909,20.12
19734,99,S3,399.0,20.935,20.12
19735,99,S3,402.0,20.962,20.12
19736,99,S3,405.0,20.919,20.12
19737,99,S3,408.0,20.798,20.12
19738,99,S3,411.0,20.794,20.12
19739,99,S3,414.0,20.853,20.12
19740,99,S3,417.0,20.841,20.12
19741,99,S3,420.0,20.838,20.12
19742,99,S3,423.0,20.822,20.12
19743,99,S3,426.0,20.828,20.12
19744,99,S3,429.0,20.633,20.12
19745,99,S3,432.0,20.720,20.12
19746,99,S3,435.0,20.660,20.12
19747,99,S3,438.0,20.676,20.12
19748,99,S3,441.0,20.693,20.12
19749,99,S3,444.0,20.633,20.12
19750,99,S3,447.0,20.647,20.12
19751,99,S3,450.0,20.596,20.12
19752,99,S3,453.0,20.467,20.12
19753,99,S3,456.0,20.650,20.12
19754,99,S3,459.0,20.659,20.12
19755,99,S3,462.0,20.472,20.12
19756,99,S3,465.0,20.554,20.12
19757,99,S3,468.0,20.601,20.12
19758,99,S3,471.0,20.561,20.12
19759,99,S3,474.0,20.444,20.12
19760,99,S3,477.0,20.527,20.12
19761,99,S3,480.0,20.447,20.12
19762,99,S3,483.0,20.450,20.12
19763,99,S3,486.0,20.506,20.12
19764,99,S3,489.0,20.508,20.12
19765,99,S3,492.0,20.465,20.12
19766,99,S3,495.0,20.506,20.12
19767,99,S3,498.0,20.441,20.12
19768,99,S3,501.0,20.478,20.12
19769,99,S3,504.0,20.390,20.12
19770,99,S3,507.0,20.387,20.12
19771,99,S3,510.0,20.361,20.12
19772,99,S3,513.0,20.387,20.12
19773,99,S3,516.0,20.414,20.12
19774,99,S3,519.0,20.368,20.12
19775,99,S3,522.0,20.409,20.12
19776,99,S3,525.0,20.447,20.12
19777,99,S3,528.0,20.400,20.12
19778,99,S3,531.0,20.318,20.12
19779,99,S3,534.0,20.417,20.12
19780,99,S3,537.0,20.357,20.12
19781,99,S3,540.0,20.348,20.12
19782,99,S3,543.0,20.382,20.12
19783,99,S3,546.0,20.326,20.12
19784,99,S3,549.0,20.331,20.12
19785,99,S3,552.0,20.362,20.12
19786,99,S3,555.0,20.259,20.12
19787,99,S3,558.0,20.270,20.12
19788,99,S3,561.0,20.349,20.12
19789,99,S3,564.0,20.341,20.12
19790,99,S3,567.0,20.280,20.12
19791,99,S3,570.0,20.301,20.12
19792,99,S3,573.0,20.267,20.12
19793,99,S3,576.0,20.171,20.12
19794,99,S3,579.0,20.339,20.12
19795,99,S3,582.0,20.288,20.12
19796,99,S3,585.0,20.293,20.12
19797,99,S3,588.0,20.236,20.12
19798,99,S3,591.0,20.284,20.12
19799,99,S3,594.0,20.256,20.12
19800,99,S3,597.0,20.234,20.12
19801,100,S4,0.0,92.148,21.13
19802,100,S4,3.0,91.168,21.13
19803,100,S4,6.0,90.176,21.13
19804,100,S4,9.0,89.184,21.13
19805,100,S4,12.0,88.170,21.13
19806,100,S4,15.0,87.205,21.13
19807,100,S4,18.0,86.241,21.13
19808,100,S4,21.0,85.330,21.13
19809,100,S4,24.0,84.418,21.13
19810,100,S4,27.0,83.590,21.13
19811,100,S4,30.0,82.614,21.13
19812,100,S4,33.0,81.798,21.13
19813,100,S4,36.0,80.751,21.13
19814,100,S4,39.0,80.049,21.13
19815,100,S4,42.0,79.254,21.13
19816,100,S4,45.0,78.357,21.13
19817,100,S4,48.0,77.610,21.13
19818,100,S4,51.0,76.666,21.13
19819,100,S4,54.0,75.830,21.13
19820,100,S4,57.0,75.127,21.13
19821,100,S4,60.0,74.463,21.13
19822,100,S4,63.0,73.547,21.13
19823,100,S4,66.0,72.832,21.13
19824,100,S4,69.0,72.109,21.13
19825,100,S4,72.0,71.422,21.13
19826,100,S4,75.0,70.690,21.13
19827,100,S4,78.0,69.969,21.13
19828,100,S4,81.0,69.252,21.13
19829,100,S4,84.0,68.524,21.13
19830,100,S4,87.0,67.867,21.13
19831,100,S4,90.0,67.282,21.13
19832,100,S4,93.0,66.719,21.13
19833,100,S4,96.0,65.782,21.13
19834,100,S4,99.0,65.354,21.13
19835,100,S4,102.0,64.796,21.13
19836,100,S4,105.0,64.108,21.13
19837,100,S4,108.0,63.410,21.13
19838,100,S4,111.0,62.993,21.13
19839,100,S4,114.0,62.304,21.13
19840,100,S4,117.0,61.698,21.13
19841,100,S4,120.0,61.138,21.13
19842,100,S4,123.0,60.516,21.13
19843,100,S4,126.0,59.995,21.13
19844,100,S4,129.0,59.412,21.13
19845,100,S4,132.0,58.857,21.13
19846,100,S4,135.0,58.292,21.13
19847,100,S4,138.0,57.827,21.13
19848,100,S4,141.0,57.257,21.13
19849,100,S4,144.0,56.744,21.13
19850,100,S4,147.0,56.233,21.13
19851,100,S4,150.0,55.701,21.13
19852,100,S4,153.0,55.249,21.13
19853,100,S4,156.0,54.745,21.13
19854,100,S4,159.0,54.266,21.13
19855,100,S4,162.0,53.866,21.13
19856,100,S4,165.0,53.328,21.13
19857,100,S4,168.0,52.929,21.13
19858,100,S4,171.0,52.296,21.13
19859,100,S4,174.0,51.948,21.13
19860,100,S4,177.0,51.517,21.13
19861,100,S4,180.0,51.070,21.13
19862,100,S4,183.0,50.685,21.13
19863,100,S4,186.0,50.221,21.13
19864,100,S4,189.0,49.840,21.13
19865,100,S4,192.0,49.422,21.13
19866,100,S4,195.0,49.078,21.13
19867,100,S4,198.0,48.596,21.13
19868,100,S4,201.0,48.267,21.13
19869,100,S4,204.0,47.898,21.13
19870,100,S4,207.0,47.444,21.13
19871,100,S4,210.0,47.086,21.13
19872,100,S4,213.0,46.732,21.13
19873,100,S4,216.0,46.338,21.13
19874,100,S4,219.0,46.042,21.13
19875,100,S4,222.0,45.636,21.13
19876,100,S4,225.0,45.326,21.13
19877,100,S4,228.0,44.956,21.13
19878,100,S4,231.0,44.603,21.13
19879,100,S4,234.0,44.234,21.13
19880,100,S4,237.0,43.932,21.13
19881,100,S4,240.0,43.587,21.13
19882,100,S4,243.0,43.344,21.13
19883,100,S4,246.0,43.000,21.13
19884,100,S4,249.0,42.668,21.13
19885,100,S4,252.0,42.374,21.13
19886,100,S4,255.0,42.084,21.13
19887,100,S4,258.0,41.693,21.13
19888,100,S4,261.0,41.459,21.13
19889,100,S4,264.0,41.281,21.13
19890,100,S4,267.0,40.885,21.13
19891,100,S4,270.0,40.650,21.13
19892,100,S4,273.0,40.283,21.13
19893,100,S4,276.0,40.004,21.13
19894,100,S4,279.0,39.761,21.13
19895,100,S4,282.0,39.470,21.13
19896,100,S4,285.0,39.256,21.13
19897,100,S4,288.0,38.982,21.13
19898,100,S4,291.0,38.734,21.13
19899,100,S4,294.0,38.448,21.13
19900,100,S4,297.0,38.287,21.13
19901,100,S4,300.0,37.995,21.13
19902,100,S4,303.0,37.767,21.13
19903,100,S4,306.0,37.502,21.13
19904,100,S4,309.0,37.222,21.13
19905,100,S4,312.0,37.039,21.13
19906,100,S4,315.0,36.842,21.13
19907,100,S4,318.0,36.639,21.13
19908,100,S4,321.0,36.368,21.13
19909,100,S4,324.0,36.097,21.13
19910,100,S4,327.0,35.950,21.13
19911,100,S4,330.0,35.824,21.13
19912,100,S4,333.0,35.523,21.13
19913,100,S4,336.0,35.375,21.13
19914,100,S4,339.0,35.084,21.13
19915,100,S4,342.0,34.942,21.13
19916,100,S4,345.0,34.749,21.13
19917,100,S4,348.0,34.531,21.13
19918,100,S4,351.0,34.383,21.13
19919,100,S4,354.0,34.079,21.13
19920,100,S4,357.0,33.886,21.13
19921,100,S4,360.0,33.744,21.13
19922,100,S4,363.0,33.625,21.13
19923,100,S4,366.0,33.337,21.13
19924,100,S4,369.0,33.221,21.13
19925,100,S4,372.0,33.080,21.13
19926,100,S4,375.0,32.871,21.13
19927,100,S4,378.0,32.785,21.13
19928,100,S4,381.0,32.556,21.13
19929,100,S4,384.0,32.373,21.13
19930,100,S4,387.0,32.270,21.13
19931,100,S4,390.0,32.069,21.13
19932,100,S4,393.0,31.951,21.13
19933,100,S4,396.0,31.759,21.13
19934,100,S4,399.0,31.627,21.13
19935,100,S4,402.0,31.381,21.13
19936,100,S4,405.0,31.307,21.13
19937,100,S4,408.0,31.236,21.13
19938,100,S4,411.0,30.933,21.13
19939,100,S4,414.0,30.812,21.13
19940,100,S4,417.0,30.803,21.13
19941,100,S4,420.0,30.648,21.13
19942,100,S4,423.0,30.487,21.13
19943,100,S4,426.0,30.303,21.13
19944,100,S4,429.0,30.208,21.13
19945,100,S4,432.0,30.092,21.13
19946,100,S4,435.0,29.938,21.13
19947,100,S4,438.0,29.876,21.13
19948,100,S4,441.0,29.620,21.13
19949,100,S4,444.0,29.541,21.13
19950,100,S4,447.0,29.523,21.13
19951,100,S4,450.0,29.375,21.13
19952,100,S4,453.0,29.209,21.13
19953,100,S4,456.0,29.104,21.13
19954,100,S4,459.0,28.950,21.13
19955,100,S4,462.0,28.883,21.13
19956,100,S4,465.0,28.771,21.13
19957,100,S4,468.0,28.644,21.13
19958,100,S4,471.0,28.554,21.13
19959,100,S4,474.0,28.488,21.13
19960,100,S4,477.0,28.356,21.13
19961,100,S4,480.0,28.227,21.13
19962,100,S4,483.0,28.152,21.13
19963,100,S4,486.0,28.043,21.13
19964,100,S4,489.0,27.979,21.13
19965,100,S4,492.0,27.866,21.13
19966,100,S4,495.0,27.764,21.13
19967,100,S4,498.0,27.726,21.13
19968,100,S4,501.0,27.586,21.13
19969,100,S4,504.0,27.580,21.13
19970,100,S4,507.0,27.353,21.13
19971,100,S4,510.0,27.280,21.13
19972,100,S4,513.0,27.252,21.13
19973,100,S4,516.0,27.096,21.13
19974,100,S4,519.0,27.027,21.13
19975,100,S4,522.0,26.905,21.13
19976,100,S4,525.0,26.851,21.13
19977,100,S4,528.0,26.809,21.13
19978,100,S4,531.0,26.677,21.13
19979,100,S4,534.0,26.638,21.13
19980,100,S4,537.0,26.592,21.13
19981,100,S4,540.0,26.402,21.13
19982,100,S4,543.0,26.328,21.13
19983,100,S4,546.0,26.341,21.13
19984,100,S4,549.0,26.202,21.13
19985,100,S4,552.0,26.067,21.13
19986,100,S4,555.0,26.107,21.13
19987,100,S4,558.0,26.033,21.13
19988,100,S4,561.0,25.923,21.13
19989,100,S4,564.0,25.812,21.13
19990,100,S4,567.0,25.794,21.13
19991,100,S4,570.0,25.770,21.13
19992,100,S4,573.0,25.714,21.13
19993,100,S4,576.0,25.632,21.13
19994,100,S4,579.0,25.607,21.13
19995,100,S4,582.0,25.494,21.13
19996,100,S4,585.0,25.410,21.13
