measurement_id,run_id,sensor_id,t_seconds,temperature_c,ambient_c
29995,150,S2,582.0,21.979,21.88
29996,150,S2,585.0,21.949,21.88
29997,150,S2,588.0,21.961,21.88
29998,150,S2,591.0,21.958,21.88
29999,150,S2,594.0,21.913,21.88
30000,150,S2,597.0,21.949,21.88
30001,151,S3,0.0,94.213,22.82
30002,151,S3,3.0,93.061,22.82
30003,151,S3,6.0,92.074,22.82
30004,151,S3,9.0,91.020,22.82
30005,151,S3,12.0,89.968,22.82
30006,151,S3,15.0,88.953,22.82
30007,151,S3,18.0,87.886,22.82
30008,151,S3,21.0,87.085,22.82
30009,151,S3,24.0,86.086,22.82
30010,151,S3,27.0,85.054,22.82
30011,151,S3,30.0,84.212,22.82
30012,151,S3,33.0,83.286,22.82
30013,151,S3,36.0,82.358,22.82
30014,151,S3,39.0,81.519,22.82
30015,151,S3,42.0,80.571,22.82
30016,151,S3,45.0,79.759,22.82
30017,151,S3,48.0,78.892,22.82
30018,151,S3,51.0,77.990,22.82
30019,151,S3,54.0,77.255,22.82
30020,151,S3,57.0,76.359,22.82
30021,151,S3,60.0,75.533,22.82
30022,151,S3,63.0,74.792,22.82
30023,151,S3,66.0,73.951,22.82
30024,151,S3,69.0,73.246,22.82
30025,151,S3,72.0,72.444,22.82
30026,151,S3,75.0,71.824,22.82
30027,151,S3,78.0,71.036,22.82
30028,151,S3,81.0,70.312,22.82
30029,151,S3,84.0,69.551,22.82
30030,151,S3,87.0,68.868,22.82
30031,151,S3,90.0,68.212,22.82
30032,151,S3,93.0,67.477,22.82
30033,151,S3,96.0,66.863,22.82
30034,151,S3,99.0,66.196,22.82
30035,151,S3,102.0,65.582,22.82
30036,151,S3,105.0,64.925,22.82
30037,151,S3,108.0,64.173,22.82
30038,151,S3,111.0,63.708,22.82
30039,151,S3,114.0,63.011,22.82
30040,151,S3,117.0,62.562,22.82
30041,151,S3,120.0,61.773,22.82
30042,151,S3,123.0,61.199,22.82
30043,151,S3,126.0,60.681,22.82
30044,151,S3,129.0,60.154,22.82
30045,151,S3,132.0,59.623,22.82
30046,151,S3,135.0,59.145,22.82
30047,151,S3,138.0,58.402,22.82
30048,151,S3,141.0,57.960,22.82
30049,151,S3,144.0,57.405,22.82
30050,151,S3,147.0,57.010,22.82
30051,151,S3,150.0,56.359,22.82
30052,151,S3,153.0,55.909,22.82
30053,151,S3,156.0,55.446,22.82
30054,151,S3,159.0,54.849,22.82
30055,151,S3,162.0,54.396,22.82
30056,151,S3,165.0,53.932,22.82
30057,151,S3,168.0,53.536,22.82
30058,151,S3,171.0,52.940,22.82
30059,151,S3,174.0,52.580,22.82
30060,151,S3,177.0,52.103,22.82
30061,151,S3,180.0,51.634,22.82
30062,151,S3,183.0,51.293,22.82
30063,151,S3,186.0,50.862,22.82
30064,151,S3,189.0,50.422,22.82
30065,151,S3,192.0,49.987,22.82
30066,151,S3,195.0,49.572,22.82
30067,151,S3,198.0,49.087,22.82
30068,151,S3,201.0,48.741,22.82
30069,151,S3,204.0,48.389,22.82
30070,151,S3,207.0,47.941,22.82
30071,151,S3,210.0,47.752,22.82
30072,151,S3,213.0,47.300,22.82
30073,151,S3,216.0,46.948,22.82
30074,151,S3,219.0,46.544,22.82
30075,151,S3,222.0,46.158,22.82
30076,151,S3,225.0,45.945,22.82
30077,151,S3,228.0,45.512,22.82
30078,151,S3,231.0,45.183,22.82
30079,151,S3,234.0,44.882,22.82
30080,151,S3,237.0,44.475,22.82
30081,151,S3,240.0,44.263,22.82
30082,151,S3,243.0,43.962,22.82
30083,151,S3,246.0,43.596,22.82
30084,151,S3,249.0,43.214,22.82
30085,151,S3,252.0,42.933,22.82
30086,151,S3,255.0,42.659,22.82
30087,151,S3,258.0,42.230,22.82
30088,151,S3,261.0,42.060,22.82
30089,151,S3,264.0,41.757,22.82
30090,151,S3,267.0,41.518,22.82
30091,151,S3,270.0,41.165,22.82
30092,151,S3,273.0,40.939,22.82
30093,151,S3,276.0,40.644,22.82
30094,151,S3,279.0,40.465,22.82
30095,151,S3,282.0,40.099,22.82
30096,151,S3,285.0,39.995,22.82
30097,151,S3,288.0,39.610,22.82
30098,151,S3,291.0,39.310,22.82
30099,151,S3,294.0,39.087,22.82
30100,151,S3,297.0,38.811,22.82
30101,151,S3,300.0,38.545,22.82
30102,151,S3,303.0,38.346,22.82
30103,151,S3,306.0,38.194,22.82
30104,151,S3,309.0,37.965,22.82
30105,151,S3,312.0,37.717,22.82
30106,151,S3,315.0,37.478,22.82
30107,151,S3,318.0,37.246,22.82
30108,151,S3,321.0,37.110,22.82
30109,151,S3,324.0,36.888,22.82
30110,151,S3,327.0,36.584,22.82
30111,151,S3,330.0,36.372,22.82
30112,151,S3,333.0,36.166,22.82
30113,151,S3,336.0,36.011,22.82
30114,151,S3,339.0,35.755,22.82
30115,151,S3,342.0,35.734,22.82
30116,151,S3,345.0,35.393,22.82
30117,151,S3,348.0,35.234,22.82
30118,151,S3,351.0,35.044,22.82
30119,151,S3,354.0,34.857,22.82
30120,151,S3,357.0,34.625,22.82
30121,151,S3,360.0,34.424,22.82
30122,151,S3,363.0,34.345,22.82
30123,151,S3,366.0,34.231,22.82
30124,151,S3,369.0,33.979,22.82
30125,151,S3,372.0,33.828,22.82
30126,151,S3,375.0,33.577,22.82
30127,151,S3,378.0,33.598,22.82
30128,151,S3,381.0,33.316,22.82
30129,151,S3,384.0,33.148,22.82
30130,151,S3,387.0,33.030,22.82
30131,151,S3,390.0,32.888,22.82
30132,151,S3,393.0,32.710,22.82
30133,151,S3,396.0,32.582,22.82
30134,151,S3,399.0,32.434,22.82
30135,151,S3,402.0,32.320,22.82
30136,151,S3,405.0,32.185,22.82
30137,151,S3,408.0,31.895,22.82
30138,151,S3,411.0,31.863,22.82
30139,151,S3,414.0,31.754,22.82
30140,151,S3,417.0,31.573,22.82
30141,151,S3,420.0,31.408,22.82
30142,151,S3,423.0,31.286,22.82
30143,151,S3,426.0,31.337,22.82
30144,151,S3,429.0,31.088,22.82
30145,151,S3,432.0,30.928,22.82
30146,151,S3,435.0,30.798,22.82
30147,151,S3,438.0,30.692,22.82
30148,151,S3,441.0,30.613,22.82
30149,151,S3,444.0,30.424,22.82
30150,151,S3,447.0,30.396,22.82
30151,151,S3,450.0,30.328,22.82
30152,151,S3,453.0,30.177,22.82
30153,151,S3,456.0,29.996,22.82
30154,151,S3,459.0,29.834,22.82
30155,151,S3,462.0,29.783,22.82
30156,151,S3,465.0,29.823,22.82
30157,151,S3,468.0,29.603,22.82
30158,151,S3,471.0,29.450,22.82
30159,151,S3,474.0,29.482,22.82
30160,151,S3,477.0,29.314,22.82
30161,151,S3,480.0,29.172,22.82
30162,151,S3,483.0,29.076,22.82
30163,151,S3,486.0,28.895,22.82
30164,151,S3,489.0,28.937,22.82
30165,151,S3,492.0,28.881,22.82
30166,151,S3,495.0,28.817,22.82
30167,151,S3,498.0,28.599,22.82
30168,151,S3,501.0,28.521,22.82
30169,151,S3,504.0,28.477,22.82
30170,151,S3,507.0,28.391,22.82
30171,151,S3,510.0,28.292,22.82
30172,151,S3,513.0,28.274,22.82
30173,151,S3,516.0,28.089,22.82
30174,151,S3,519.0,28.003,22.82
30175,151,S3,522.0,28.041,22.82
30176,151,S3,525.0,27.960,22.82
30177,151,S3,528.0,27.780,22.82
30178,151,S3,531.0,27.792,22.82
30179,151,S3,534.0,27.688,22.82
30180,151,S3,537.0,27.669,22.82
30181,151,S3,540.0,27.551,22.82
30182,151,S3,543.0,27.511,22.82
30183,151,S3,546.0,27.480,22.82
30184,151,S3,549.0,27.391,22.82
30185,151,S3,552.0,27.237,22.82
30186,151,S3,555.0,27.102,22.82
30187,151,S3,558.0,27.173,22.82
30188,151,S3,561.0,27.104,22.82
30189,151,S3,564.0,27.100,22.82
30190,151,S3,567.0,26.911,22.82
30191,151,S3,570.0,26.903,22.82
30192,151,S3,573.0,26.890,22.82
30193,151,S3,576.0,26.769,22.82
30194,151,S3,579.0,26.755,22.82
30195,151,S3,582.0,26.622,22.82
30196,151,S3,585.0,26.577,22.82
30197,151,S3,588.0,26.588,22.82
30198,151,S3,591.0,26.474,22.82
30199,151,S3,594.0,26.429,22.82
30200,151,S3,597.0,26.309,22.82
30201,152,S4,0.0,87.332,22.52
30202,152,S4,3.0,86.266,22.52
30203,152,S4,6.0,85.196,22.52
30204,152,S4,9.0,84.081,22.52
30205,152,S4,12.0,83.077,22.52
30206,152,S4,15.0,82.007,22.52
30207,152,S4,18.0,80.922,22.52
30208,152,S4,21.0,80.007,22.52
30209,152,S4,24.0,78.918,22.52
30210,152,S4,27.0,78.088,22.52
30211,152,S4,30.0,76.989,22.52
30212,152,S4,33.0,76.051,22.52
30213,152,S4,36.0,75.181,22.52
30214,152,S4,39.0,74.220,22.52
30215,152,S4,42.0,73.278,22.52
30216,152,S4,45.0,72.521,22.52
30217,152,S4,48.0,71.612,22.52
30218,152,S4,51.0,70.878,22.52
30219,152,S4,54.0,69.934,22.52
30220,152,S4,57.0,69.093,22.52
30221,152,S4,60.0,68.426,22.52
30222,152,S4,63.0,67.593,22.52
30223,152,S4,66.0,66.788,22.52
30224,152,S4,69.0,65.911,22.52
30225,152,S4,72.0,65.193,22.52
30226,152,S4,75.0,64.516,22.52
30227,152,S4,78.0,63.790,22.52
30228,152,S4,81.0,63.112,22.52
30229,152,S4,84.0,62.418,22.52
30230,152,S4,87.0,61.862,22.52
30231,152,S4,90.0,60.987,22.52
30232,152,S4,93.0,60.411,22.52
30233,152,S4,96.0,59.677,22.52
30234,152,S4,99.0,59.127,22.52
30235,152,S4,102.0,58.421,22.52
30236,152,S4,105.0,57.928,22.52
30237,152,S4,108.0,57.245,22.52
30238,152,S4,111.0,56.609,22.52
30239,152,S4,114.0,56.060,22.52
30240,152,S4,117.0,55.472,22.52
30241,152,S4,120.0,54.885,22.52
30242,152,S4,123.0,54.292,22.52
30243,152,S4,126.0,53.903,22.52
30244,152,S4,129.0,53.212,22.52
30245,152,S4,132.0,52.816,22.52
30246,152,S4,135.0,52.239,22.52
30247,152,S4,138.0,51.764,22.52
30248,152,S4,141.0,51.138,22.52
30249,152,S4,144.0,50.687,22.52
30250,152,S4,147.0,50.151,22.52
30251,152,S4,150.0,49.754,22.52
30252,152,S4,153.0,49.204,22.52
30253,152,S4,156.0,48.754,22.52
30254,152,S4,159.0,48.329,22.52
30255,152,S4,162.0,47.979,22.52
30256,152,S4,165.0,47.483,22.52
30257,152,S4,168.0,47.105,22.52
30258,152,S4,171.0,46.637,22.52
30259,152,S4,174.0,46.152,22.52
30260,152,S4,177.0,45.855,22.52
30261,152,S4,180.0,45.300,22.52
30262,152,S4,183.0,44.954,22.52
30263,152,S4,186.0,44.591,22.52
30264,152,S4,189.0,44.174,22.52
30265,152,S4,192.0,43.915,22.52
30266,152,S4,195.0,43.526,22.52
30267,152,S4,198.0,43.076,22.52
30268,152,S4,201.0,42.790,22.52
30269,152,S4,204.0,42.437,22.52
30270,152,S4,207.0,42.053,22.52
30271,152,S4,210.0,41.787,22.52
30272,152,S4,213.0,41.390,22.52
30273,152,S4,216.0,41.139,22.52
30274,152,S4,219.0,40.821,22.52
30275,152,S4,222.0,40.468,22.52
30276,152,S4,225.0,40.098,22.52
30277,152,S4,228.0,39.806,22.52
30278,152,S4,231.0,39.593,22.52
30279,152,S4,234.0,39.225,22.52
30280,152,S4,237.0,38.991,22.52
30281,152,S4,240.0,38.614,22.52
30282,152,S4,243.0,38.342,22.52
30283,152,S4,246.0,38.203,22.52
30284,152,S4,249.0,37.821,22.52
30285,152,S4,252.0,37.624,22.52
30286,152,S4,255.0,37.315,22.52
30287,152,S4,258.0,37.039,22.52
30288,152,S4,261.0,36.795,22.52
30289,152,S4,264.0,36.593,22.52
30290,152,S4,267.0,36.306,22.52
30291,152,S4,270.0,36.098,22.52
30292,152,S4,273.0,35.915,22.52
30293,152,S4,276.0,35.676,22.52
30294,152,S4,279.0,35.364,22.52
30295,152,S4,282.0,35.264,22.52
30296,152,S4,285.0,35.014,22.52
30297,152,S4,288.0,34.781,22.52
30298,152,S4,291.0,34.584,22.52
30299,152,S4,294.0,34.274,22.52
30300,152,S4,297.0,34.137,22.52
30301,152,S4,300.0,33.886,22.52
30302,152,S4,303.0,33.684,22.52
30303,152,S4,306.0,33.612,22.52
30304,152,S4,309.0,33.257,22.52
30305,152,S4,312.0,33.173,22.52
30306,152,S4,315.0,33.061,22.52
30307,152,S4,318.0,32.834,22.52
30308,152,S4,321.0,32.560,22.52
30309,152,S4,324.0,32.339,22.52
30310,152,S4,327.0,32.311,22.52
30311,152,S4,330.0,32.139,22.52
30312,152,S4,333.0,31.881,22.52
30313,152,S4,336.0,31.820,22.52
30314,152,S4,339.0,31.556,22.52
30315,152,S4,342.0,31.467,22.52
30316,152,S4,345.0,31.252,22.52
30317,152,S4,348.0,31.166,22.52
30318,152,S4,351.0,31.058,22.52
30319,152,S4,354.0,30.916,22.52
30320,152,S4,357.0,30.781,22.52
30321,152,S4,360.0,30.658,22.52
30322,152,S4,363.0,30.479,22.52
30323,152,S4,366.0,30.321,22.52
30324,152,S4,369.0,30.211,22.52
30325,152,S4,372.0,29.951,22.52
30326,152,S4,375.0,29.900,22.52
30327,152,S4,378.0,29.719,22.52
30328,152,S4,381.0,29.730,22.52
30329,152,S4,384.0,29.561,22.52
30330,152,S4,387.0,29.361,22.52
30331,152,S4,390.0,29.315,22.52
30332,152,S4,393.0,29.173,22.52
30333,152,S4,396.0,29.128,22.52
30334,152,S4,399.0,29.067,22.52
30335,152,S4,402.0,28.864,22.52
30336,152,S4,405.0,28.752,22.52
30337,152,S4,408.0,28.603,22.52
30338,152,S4,411.0,28.651,22.52
30339,152,S4,414.0,28.482,22.52
30340,152,S4,417.0,28.316,22.52
30341,152,S4,420.0,28.218,22.52
30342,152,S4,423.0,28.054,22.52
30343,152,S4,426.0,27.963,22.52
30344,152,S4,429.0,27.935,22.52
30345,152,S4,432.0,27.836,22.52
30346,152,S4,435.0,27.737,22.52
30347,152,S4,438.0,27.567,22.52
30348,152,S4,441.0,27.513,22.52
30349,152,S4,444.0,27.478,22.52
30350,152,S4,447.0,27.456,22.52
30351,152,S4,450.0,27.325,22.52
30352,152,S4,453.0,27.234,22.52
30353,152,S4,456.0,27.181,22.52
30354,152,S4,459.0,27.042,22.52
30355,152,S4,462.0,27.009,22.52
30356,152,S4,465.0,26.993,22.52
30357,152,S4,468.0,26.917,22.52
30358,152,S4,471.0,26.625,22.52
30359,152,S4,474.0,26.684,22.52
30360,152,S4,477.0,26.627,22.52
30361,152,S4,480.0,26.561,22.52
30362,152,S4,483.0,26.572,22.52
30363,152,S4,486.0,26.426,22.52
30364,152,S4,489.0,26.302,22.52
30365,152,S4,492.0,26.217,22.52
30366,152,S4,495.0,26.259,22.52
30367,152,S4,498.0,26.169,22.52
30368,152,S4,501.0,26.085,22.52
30369,152,S4,504.0,26.009,22.52
30370,152,S4,507.0,25.968,22.52
30371,152,S4,510.0,25.798,22.52
30372,152,S4,513.0,25.868,22.52
30373,152,S4,516.0,25.859,22.52
30374,152,S4,519.0,25.677,22.52
30375,152,S4,522.0,25.703,22.52
30376,152,S4,525.0,25.658,22.52
30377,152,S4,528.0,25.642,22.52
30378,152,S4,531.0,25.498,22.52
30379,152,S4,534.0,25.525,22.52
30380,152,S4,537.0,25.431,22.52
30381,152,S4,540.0,25.332,22.52
30382,152,S4,543.0,25.369,22.52
30383,152,S4,546.0,25.224,22.52
30384,152,S4,549.0,25.322,22.52
30385,152,S4,552.0,25.276,22.52
30386,152,S4,555.0,25.067,22.52
30387,152,S4,558.0,25.085,22.52
30388,152,S4,561.0,25.029,22.52
30389,152,S4,564.0,25.088,22.52
30390,152,S4,567.0,24.950,22.52
30391,152,S4,570.0,24.932,22.52
30392,152,S4,573.0,24.815,22.52
30393,152,S4,576.0,24.851,22.52
30394,152,S4,579.0,24.724,22.52
30395,152,S4,582.0,24.680,22.52
30396,152,S4,585.0,24.785,22.52
30397,152,S4,588.0,24.651,22.52
30398,152,S4,591.0,24.609,22.52
30399,152,S4,594.0,24.528,22.52
30400,152,S4,597.0,24.530,22.52
30401,153,S1,0.0,76.839,21.74
30402,153,S1,3.0,75.426,21.74
30403,153,S1,6.0,73.897,21.74
30404,153,S1,9.0,72.526,21.74
30405,153,S1,12.0,71.058,21.74
30406,153,S1,15.0,69.660,21.74
30407,153,S1,18.0,68.373,21.74
30408,153,S1,21.0,67.142,21.74
30409,153,S1,24.0,65.864,21.74
30410,153,S1,27.0,64.647,21.74
30411,153,S1,30.0,63.431,21.74
30412,153,S1,33.0,62.301,21.74
30413,153,S1,36.0,61.156,21.74
30414,153,S1,39.0,60.136,21.74
30415,153,S1,42.0,59.016,21.74
30416,153,S1,45.0,58.055,21.74
30417,153,S1,48.0,57.123,21.74
30418,153,S1,51.0,56.056,21.74
30419,153,S1,54.0,55.096,21.74
30420,153,S1,57.0,54.238,21.74
30421,153,S1,60.0,53.284,21.74
30422,153,S1,63.0,52.485,21.74
30423,153,S1,66.0,51.573,21.74
30424,153,S1,69.0,50.717,21.74
30425,153,S1,72.0,49.947,21.74
30426,153,S1,75.0,49.162,21.74
30427,153,S1,78.0,48.430,21.74
30428,153,S1,81.0,47.724,21.74
30429,153,S1,84.0,47.041,21.74
30430,153,S1,87.0,46.201,21.74
30431,153,S1,90.0,45.544,21.74
30432,153,S1,93.0,44.982,21.74
30433,153,S1,96.0,44.254,21.74
30434,153,S1,99.0,43.684,21.74
30435,153,S1,102.0,43.052,21.74
30436,153,S1,105.0,42.441,21.74
30437,153,S1,108.0,41.863,21.74
30438,153,S1,111.0,41.296,21.74
30439,153,S1,114.0,40.810,21.74
30440,153,S1,117.0,40.346,21.74
30441,153,S1,120.0,39.754,21.74
30442,153,S1,123.0,39.356,21.74
30443,153,S1,126.0,38.889,21.74
30444,153,S1,129.0,38.291,21.74
30445,153,S1,132.0,37.826,21.74
30446,153,S1,135.0,37.379,21.74
30447,153,S1,138.0,36.958,21.74
30448,153,S1,141.0,36.652,21.74
30449,153,S1,144.0,36.158,21.74
30450,153,S1,147.0,35.760,21.74
30451,153,S1,150.0,35.377,21.74
30452,153,S1,153.0,34.913,21.74
30453,153,S1,156.0,34.697,21.74
30454,153,S1,159.0,34.331,21.74
30455,153,S1,162.0,33.887,21.74
30456,153,S1,165.0,33.689,21.74
30457,153,S1,168.0,33.224,21.74
30458,153,S1,171.0,33.008,21.74
30459,153,S1,174.0,32.707,21.74
30460,153,S1,177.0,32.379,21.74
30461,153,S1,180.0,32.124,21.74
30462,153,S1,183.0,31.782,21.74
30463,153,S1,186.0,31.504,21.74
30464,153,S1,189.0,31.266,21.74
30465,153,S1,192.0,31.019,21.74
30466,153,S1,195.0,30.783,21.74
30467,153,S1,198.0,30.391,21.74
30468,153,S1,201.0,30.270,21.74
30469,153,S1,204.0,29.988,21.74
30470,153,S1,207.0,29.718,21.74
30471,153,S1,210.0,29.557,21.74
30472,153,S1,213.0,29.294,21.74
30473,153,S1,216.0,29.059,21.74
30474,153,S1,219.0,28.911,21.74
30475,153,S1,222.0,28.703,21.74
30476,153,S1,225.0,28.517,21.74
30477,153,S1,228.0,28.321,21.74
30478,153,S1,231.0,28.096,21.74
30479,153,S1,234.0,27.910,21.74
30480,153,S1,237.0,27.781,21.74
30481,153,S1,240.0,27.554,21.74
30482,153,S1,243.0,27.602,21.74
30483,153,S1,246.0,27.328,21.74
30484,153,S1,249.0,27.146,21.74
30485,153,S1,252.0,27.045,21.74
30486,153,S1,255.0,26.854,21.74
30487,153,S1,258.0,26.709,21.74
30488,153,S1,261.0,26.626,21.74
30489,153,S1,264.0,26.493,21.74
30490,153,S1,267.0,26.302,21.74
30491,153,S1,270.0,26.170,21.74
30492,153,S1,273.0,26.141,21.74
30493,153,S1,276.0,26.000,21.74
30494,153,S1,279.0,25.873,21.74
30495,153,S1,282.0,25.682,21.74
30496,153,S1,285.0,25.592,21.74
30497,153,S1,288.0,25.510,21.74
30498,153,S1,291.0,25.384,21.74
30499,153,S1,294.0,25.312,21.74
30500,153,S1,297.0,25.158,21.74
30501,153,S1,300.0,25.141,21.74
30502,153,S1,303.0,25.018,21.74
30503,153,S1,306.0,24.988,21.74
30504,153,S1,309.0,24.847,21.74
30505,153,S1,312.0,24.839,21.74
30506,153,S1,315.0,24.686,21.74
30507,153,S1,318.0,24.572,21.74
30508,153,S1,321.0,24.468,21.74
30509,153,S1,324.0,24.334,21.74
30510,153,S1,327.0,24.385,21.74
30511,153,S1,330.0,24.284,21.74
30512,153,S1,333.0,24.232,21.74
30513,153,S1,336.0,24.118,21.74
30514,153,S1,339.0,24.167,21.74
30515,153,S1,342.0,24.038,21.74
30516,153,S1,345.0,24.002,21.74
30517,153,S1,348.0,23.784,21.74
30518,153,S1,351.0,23.701,21.74
30519,153,S1,354.0,23.721,21.74
30520,153,S1,357.0,23.687,21.74
30521,153,S1,360.0,23.758,21.74
30522,153,S1,363.0,23.658,21.74
30523,153,S1,366.0,23.567,21.74
30524,153,S1,369.0,23.513,21.74
30525,153,S1,372.0,23.465,21.74
30526,153,S1,375.0,23.321,21.74
30527,153,S1,378.0,23.319,21.74
30528,153,S1,381.0,23.380,21.74
30529,153,S1,384.0,23.279,21.74
30530,153,S1,387.0,23.121,21.74
30531,153,S1,390.0,23.205,21.74
30532,153,S1,393.0,23.165,21.74
30533,153,S1,396.0,23.123,21.74
30534,153,S1,399.0,23.085,21.74
30535,153,S1,402.0,23.019,21.74
30536,153,S1,405.0,23.006,21.74
30537,153,S1,408.0,23.005,21.74
30538,153,S1,411.0,22.933,21.74
30539,153,S1,414.0,22.900,21.74
30540,153,S1,417.0,22.899,21.74
30541,153,S1,420.0,22.880,21.74
30542,153,S1,423.0,22.811,21.74
30543,153,S1,426.0,22.821,21.74
30544,153,S1,429.0,22.739,21.74
30545,153,S1,432.0,22.640,21.74
30546,153,S1,435.0,22.670,21.74
30547,153,S1,438.0,22.682,21.74
30548,153,S1,441.0,22.728,21.74
30549,153,S1,444.0,22.675,21.74
30550,153,S1,447.0,22.682,21.74
30551,153,S1,450.0,22.520,21.74
30552,153,S1,453.0,22.584,21.74
30553,153,S1,456.0,22.520,21.74
30554,153,S1,459.0,22.607,21.74
30555,153,S1,462.0,22.480,21.74
30556,153,S1,465.0,22.452,21.74
30557,153,S1,468.0,22.464,21.74
30558,153,S1,471.0,22.414,21.74
30559,153,S1,474.0,22.408,21.74
30560,153,S1,477.0,22.343,21.74
30561,153,S1,480.0,22.303,21.74
30562,153,S1,483.0,22.238,21.74
30563,153,S1,486.0,22.341,21.74
30564,153,S1,489.0,22.264,21.74
30565,153,S1,492.0,22.232,21.74
30566,153,S1,495.0,22.334,21.74
30567,153,S1,498.0,22.233,21.74
30568,153,S1,501.0,22.307,21.74
30569,153,S1,504.0,22.312,21.74
30570,153,S1,507.0,22.304,21.74
30571,153,S1,510.0,22.285,21.74
30572,153,S1,513.0,22.141,21.74
30573,153,S1,516.0,22.249,21.74
30574,153,S1,519.0,22.157,21.74
30575,153,S1,522.0,22.147,21.74
30576,153,S1,525.0,22.131,21.74
30577,153,S1,528.0,22.152,21.74
30578,153,S1,531.0,22.102,21.74
30579,153,S1,534.0,22.135,21.74
30580,153,S1,537.0,22.181,21.74
30581,153,S1,540.0,22.102,21.74
30582,153,S1,543.0,22.111,21.74
30583,153,S1,546.0,22.137,21.74
30584,153,S1,549.0,22.047,21.74
30585,153,S1,552.0,22.018,21.74
30586,153,S1,555.0,21.998,21.74
30587,153,S1,558.0,22.029,21.74
30588,153,S1,561.0,22.081,21.74
30589,153,S1,564.0,22.061,21.74
30590,153,S1,567.0,21.988,21.74
30591,153,S1,570.0,22.084,21.74
30592,153,S1,573.0,22.013,21.74
30593,153,S1,576.0,21.959,21.74
30594,153,S1,579.0,22.026,21.74
30595,153,S1,582.0,22.019,21.74
30596,153,S1,585.0,21.907,21.74
30597,153,S1,588.0,21.878,21.74
30598,153,S1,591.0,21.979,21.74
30599,153,S1,594.0,22.030,21.74
30600,153,S1,597.0,21.921,21.74
30601,154,S2,0.0,72.811,21.75
30602,154,S2,3.0,72.173,21.75
30603,154,S2,6.0,71.497,21.75
30604,154,S2,9.0,70.920,21.75
30605,154,S2,12.0,70.316,21.75
30606,154,S2,15.0,69.707,21.75
30607,154,S2,18.0,69.159,21.75
30608,154,S2,21.0,68.592,21.75
30609,154,S2,24.0,67.945,21.75
30610,154,S2,27.0,67.341,21.75
30611,154,S2,30.0,66.822,21.75
30612,154,S2,33.0,66.166,21.75
30613,154,S2,36.0,65.712,21.75
30614,154,S2,39.0,65.165,21.75
30615,154,S2,42.0,64.619,21.75
30616,154,S2,45.0,64.079,21.75
30617,154,S2,48.0,63.533,21.75
30618,154,S2,51.0,63.022,21.75
30619,154,S2,54.0,62.569,21.75
30620,154,S2,57.0,61.993,21.75
30621,154,S2,60.0,61.531,21.75
30622,154,S2,63.0,61.054,21.75
30623,154,S2,66.0,60.440,21.75
30624,154,S2,69.0,60.007,21.75
30625,154,S2,72.0,59.613,21.75
30626,154,S2,75.0,59.157,21.75
30627,154,S2,78.0,58.579,21.75
30628,154,S2,81.0,58.070,21.75
30629,154,S2,84.0,57.695,21.75
30630,154,S2,87.0,57.273,21.75
30631,154,S2,90.0,56.843,21.75
30632,154,S2,93.0,56.393,21.75
30633,154,S2,96.0,55.912,21.75
30634,154,S2,99.0,55.508,21.75
30635,154,S2,102.0,55.044,21.75
30636,154,S2,105.0,54.768,21.75
30637,154,S2,108.0,54.212,21.75
30638,154,S2,111.0,53.818,21.75
30639,154,S2,114.0,53.486,21.75
30640,154,S2,117.0,53.040,21.75
30641,154,S2,120.0,52.642,21.75
30642,154,S2,123.0,52.209,21.75
30643,154,S2,126.0,51.890,21.75
30644,154,S2,129.0,51.550,21.75
30645,154,S2,132.0,51.216,21.75
30646,154,S2,135.0,50.865,21.75
30647,154,S2,138.0,50.349,21.75
30648,154,S2,141.0,50.081,21.75
30649,154,S2,144.0,49.837,21.75
30650,154,S2,147.0,49.346,21.75
30651,154,S2,150.0,48.898,21.75
30652,154,S2,153.0,48.609,21.75
30653,154,S2,156.0,48.352,21.75
30654,154,S2,159.0,47.996,21.75
30655,154,S2,162.0,47.737,21.75
30656,154,S2,165.0,47.340,21.75
30657,154,S2,168.0,47.068,21.75
30658,154,S2,171.0,46.837,21.75
30659,154,S2,174.0,46.491,21.75
30660,154,S2,177.0,46.086,21.75
30661,154,S2,180.0,45.754,21.75
30662,154,S2,183.0,45.512,21.75
30663,154,S2,186.0,45.223,21.75
30664,154,S2,189.0,44.997,21.75
30665,154,S2,192.0,44.726,21.75
30666,154,S2,195.0,44.422,21.75
30667,154,S2,198.0,44.077,21.75
30668,154,S2,201.0,43.724,21.75
30669,154,S2,204.0,43.566,21.75
30670,154,S2,207.0,43.297,21.75
30671,154,S2,210.0,43.007,21.75
30672,154,S2,213.0,42.790,21.75
30673,154,S2,216.0,42.508,21.75
30674,154,S2,219.0,42.192,21.75
30675,154,S2,222.0,41.995,21.75
30676,154,S2,225.0,41.696,21.75
30677,154,S2,228.0,41.445,21.75
30678,154,S2,231.0,41.349,21.75
30679,154,S2,234.0,40.965,21.75
30680,154,S2,237.0,40.677,21.75
30681,154,S2,240.0,40.487,21.75
30682,154,S2,243.0,40.208,21.75
30683,154,S2,246.0,40.023,21.75
30684,154,S2,249.0,39.779,21.75
30685,154,S2,252.0,39.614,21.75
30686,154,S2,255.0,39.401,21.75
30687,154,S2,258.0,39.134,21.75
30688,154,S2,261.0,38.841,21.75
30689,154,S2,264.0,38.609,21.75
30690,154,S2,267.0,38.437,21.75
30691,154,S2,270.0,38.285,21.75
30692,154,S2,273.0,38.103,21.75
30693,154,S2,276.0,37.892,21.75
30694,154,S2,279.0,37.647,21.75
30695,154,S2,282.0,37.378,21.75
30696,154,S2,285.0,37.337,21.75
30697,154,S2,288.0,37.086,21.75
30698,154,S2,291.0,36.772,21.75
30699,154,S2,294.0,36.694,21.75
30700,154,S2,297.0,36.486,21.75
30701,154,S2,300.0,36.315,21.75
30702,154,S2,303.0,36.134,21.75
30703,154,S2,306.0,35.946,21.75
30704,154,S2,309.0,35.775,21.75
30705,154,S2,312.0,35.603,21.75
30706,154,S2,315.0,35.447,21.75
30707,154,S2,318.0,35.304,21.75
30708,154,S2,321.0,35.112,21.75
30709,154,S2,324.0,34.966,21.75
30710,154,S2,327.0,34.732,21.75
30711,154,S2,330.0,34.626,21.75
30712,154,S2,333.0,34.417,21.75
30713,154,S2,336.0,34.281,21.75
30714,154,S2,339.0,34.065,21.75
30715,154,S2,342.0,33.958,21.75
30716,154,S2,345.0,33.892,21.75
30717,154,S2,348.0,33.750,21.75
30718,154,S2,351.0,33.527,21.75
30719,154,S2,354.0,33.397,21.75
30720,154,S2,357.0,33.349,21.75
30721,154,S2,360.0,33.036,21.75
30722,154,S2,363.0,32.944,21.75
30723,154,S2,366.0,32.791,21.75
30724,154,S2,369.0,32.667,21.75
30725,154,S2,372.0,32.556,21.75
30726,154,S2,375.0,32.444,21.75
30727,154,S2,378.0,32.269,21.75
30728,154,S2,381.0,32.137,21.75
30729,154,S2,384.0,31.986,21.75
30730,154,S2,387.0,31.890,21.75
30731,154,S2,390.0,31.762,21.75
30732,154,S2,393.0,31.691,21.75
30733,154,S2,396.0,31.550,21.75
30734,154,S2,399.0,31.277,21.75
30735,154,S2,402.0,31.243,21.75
30736,154,S2,405.0,31.126,21.75
30737,154,S2,408.0,30.977,21.75
30738,154,S2,411.0,30.891,21.75
30739,154,S2,414.0,30.881,21.75
30740,154,S2,417.0,30.750,21.75
30741,154,S2,420.0,30.526,21.75
30742,154,S2,423.0,30.513,21.75
30743,154,S2,426.0,30.297,21.75
30744,154,S2,429.0,30.244,21.75
30745,154,S2,432.0,30.122,21.75
30746,154,S2,435.0,30.043,21.75
30747,154,S2,438.0,29.987,21.75
30748,154,S2,441.0,29.906,21.75
30749,154,S2,444.0,29.623,21.75
30750,154,S2,447.0,29.645,21.75
30751,154,S2,450.0,29.611,21.75
30752,154,S2,453.0,29.387,21.75
30753,154,S2,456.0,29.321,21.75
30754,154,S2,459.0,29.234,21.75
30755,154,S2,462.0,29.210,21.75
30756,154,S2,465.0,29.103,21.75
30757,154,S2,468.0,28.993,21.75
30758,154,S2,471.0,28.850,21.75
30759,154,S2,474.0,28.804,21.75
30760,154,S2,477.0,28.684,21.75
30761,154,S2,480.0,28.596,21.75
30762,154,S2,483.0,28.473,21.75
30763,154,S2,486.0,28.424,21.75
30764,154,S2,489.0,28.494,21.75
30765,154,S2,492.0,28.259,21.75
30766,154,S2,495.0,28.216,21.75
30767,154,S2,498.0,28.130,21.75
30768,154,S2,501.0,27.999,21.75
30769,154,S2,504.0,27.905,21.75
30770,154,S2,507.0,27.853,21.75
30771,154,S2,510.0,27.839,21.75
30772,154,S2,513.0,27.714,21.75
30773,154,S2,516.0,27.715,21.75
30774,154,S2,519.0,27.525,21.75
30775,154,S2,522.0,27.555,21.75
30776,154,S2,525.0,27.413,21.75
30777,154,S2,528.0,27.458,21.75
30778,154,S2,531.0,27.335,21.75
30779,154,S2,534.0,27.284,21.75
30780,154,S2,537.0,27.220,21.75
30781,154,S2,540.0,27.070,21.75
30782,154,S2,543.0,27.075,21.75
30783,154,S2,546.0,27.008,21.75
30784,154,S2,549.0,26.946,21.75
30785,154,S2,552.0,26.844,21.75
30786,154,S2,555.0,26.734,21.75
30787,154,S2,558.0,26.692,21.75
30788,154,S2,561.0,26.590,21.75
30789,154,S2,564.0,26.575,21.75
30790,154,S2,567.0,26.611,21.75
30791,154,S2,570.0,26.541,21.75
30792,154,S2,573.0,26.373,21.75
30793,154,S2,576.0,26.373,21.75
30794,154,S2,579.0,26.228,21.75
30795,154,S2,582.0,26.189,21.75
30796,154,S2,585.0,26.255,21.75
30797,154,S2,588.0,26.157,21.75
30798,154,S2,591.0,26.082,21.75
30799,154,S2,594.0,26.037,21.75
30800,154,S2,597.0,25.953,21.75
30801,155,S3,0.0,92.205,21.64
30802,155,S3,3.0,91.113,21.64
30803,155,S3,6.0,89.954,21.64
30804,155,S3,9.0,89.008,21.64
30805,155,S3,12.0,87.845,21.64
30806,155,S3,15.0,86.874,21.64
30807,155,S3,18.0,85.943,21.64
30808,155,S3,21.0,84.834,21.64
30809,155,S3,24.0,83.826,21.64
30810,155,S3,27.0,82.962,21.64
30811,155,S3,30.0,81.958,21.64
30812,155,S3,33.0,81.074,21.64
30813,155,S3,36.0,80.157,21.64
30814,155,S3,39.0,79.230,21.64
30815,155,S3,42.0,78.307,21.64
30816,155,S3,45.0,77.457,21.64
30817,155,S3,48.0,76.597,21.64
30818,155,S3,51.0,75.731,21.64
30819,155,S3,54.0,74.907,21.64
30820,155,S3,57.0,73.990,21.64
30821,155,S3,60.0,73.104,21.64
30822,155,S3,63.0,72.460,21.64
30823,155,S3,66.0,71.496,21.64
30824,155,S3,69.0,70.820,21.64
30825,155,S3,72.0,69.953,21.64
30826,155,S3,75.0,69.377,21.64
30827,155,S3,78.0,68.547,21.64
30828,155,S3,81.0,67.850,21.64
30829,155,S3,84.0,67.094,21.64
30830,155,S3,87.0,66.473,21.64
30831,155,S3,90.0,65.732,21.64
30832,155,S3,93.0,65.125,21.64
30833,155,S3,96.0,64.371,21.64
30834,155,S3,99.0,63.669,21.64
30835,155,S3,102.0,63.147,21.64
30836,155,S3,105.0,62.417,21.64
30837,155,S3,108.0,61.834,21.64
30838,155,S3,111.0,61.090,21.64
30839,155,S3,114.0,60.521,21.64
30840,155,S3,117.0,59.950,21.64
30841,155,S3,120.0,59.317,21.64
30842,155,S3,123.0,58.663,21.64
30843,155,S3,126.0,58.076,21.64
30844,155,S3,129.0,57.667,21.64
30845,155,S3,132.0,56.998,21.64
30846,155,S3,135.0,56.449,21.64
30847,155,S3,138.0,55.891,21.64
30848,155,S3,141.0,55.416,21.64
30849,155,S3,144.0,54.921,21.64
30850,155,S3,147.0,54.289,21.64
30851,155,S3,150.0,53.811,21.64
30852,155,S3,153.0,53.353,21.64
30853,155,S3,156.0,52.944,21.64
30854,155,S3,159.0,52.418,21.64
30855,155,S3,162.0,51.908,21.64
30856,155,S3,165.0,51.404,21.64
30857,155,S3,168.0,50.972,21.64
30858,155,S3,171.0,50.645,21.64
30859,155,S3,174.0,50.034,21.64
30860,155,S3,177.0,49.607,21.64
30861,155,S3,180.0,49.160,21.64
30862,155,S3,183.0,48.845,21.64
30863,155,S3,186.0,48.344,21.64
30864,155,S3,189.0,47.898,21.64
30865,155,S3,192.0,47.513,21.64
30866,155,S3,195.0,47.104,21.64
30867,155,S3,198.0,46.684,21.64
30868,155,S3,201.0,46.330,21.64
30869,155,S3,204.0,45.879,21.64
30870,155,S3,207.0,45.570,21.64
30871,155,S3,210.0,45.164,21.64
30872,155,S3,213.0,44.785,21.64
30873,155,S3,216.0,44.346,21.64
30874,155,S3,219.0,44.022,21.64
30875,155,S3,222.0,43.716,21.64
30876,155,S3,225.0,43.309,21.64
30877,155,S3,228.0,43.138,21.64
30878,155,S3,231.0,42.701,21.64
30879,155,S3,234.0,42.362,21.64
30880,155,S3,237.0,42.119,21.64
30881,155,S3,240.0,41.671,21.64
30882,155,S3,243.0,41.385,21.64
30883,155,S3,246.0,41.179,21.64
30884,155,S3,249.0,40.734,21.64
30885,155,S3,252.0,40.435,21.64
30886,155,S3,255.0,40.301,21.64
30887,155,S3,258.0,39.866,21.64
30888,155,S3,261.0,39.651,21.64
30889,155,S3,264.0,39.407,21.64
30890,155,S3,267.0,39.059,21.64
30891,155,S3,270.0,38.782,21.64
30892,155,S3,273.0,38.573,21.64
30893,155,S3,276.0,38.259,21.64
30894,155,S3,279.0,37.960,21.64
30895,155,S3,282.0,37.749,21.64
30896,155,S3,285.0,37.514,21.64
30897,155,S3,288.0,37.245,21.64
30898,155,S3,291.0,37.038,21.64
30899,155,S3,294.0,36.845,21.64
30900,155,S3,297.0,36.549,21.64
30901,155,S3,300.0,36.349,21.64
30902,155,S3,303.0,36.096,21.64
30903,155,S3,306.0,35.888,21.64
30904,155,S3,309.0,35.687,21.64
30905,155,S3,312.0,35.444,21.64
30906,155,S3,315.0,35.230,21.64
30907,155,S3,318.0,35.028,21.64
30908,155,S3,321.0,34.782,21.64
30909,155,S3,324.0,34.605,21.64
30910,155,S3,327.0,34.379,21.64
30911,155,S3,330.0,34.171,21.64
30912,155,S3,333.0,33.923,21.64
30913,155,S3,336.0,33.751,21.64
30914,155,S3,339.0,33.600,21.64
30915,155,S3,342.0,33.480,21.64
30916,155,S3,345.0,33.273,21.64
30917,155,S3,348.0,33.111,21.64
30918,155,S3,351.0,32.934,21.64
30919,155,S3,354.0,32.806,21.64
30920,155,S3,357.0,32.553,21.64
30921,155,S3,360.0,32.268,21.64
30922,155,S3,363.0,32.146,21.64
30923,155,S3,366.0,32.092,21.64
30924,155,S3,369.0,31.942,21.64
30925,155,S3,372.0,31.735,21.64
30926,155,S3,375.0,31.537,21.64
30927,155,S3,378.0,31.488,21.64
30928,155,S3,381.0,31.311,21.64
30929,155,S3,384.0,31.074,21.64
30930,155,S3,387.0,30.901,21.64
30931,155,S3,390.0,30.864,21.64
30932,155,S3,393.0,30.644,21.64
30933,155,S3,396.0,30.411,21.64
30934,155,S3,399.0,30.407,21.64
30935,155,S3,402.0,30.278,21.64
30936,155,S3,405.0,30.131,21.64
30937,155,S3,408.0,29.981,21.64
30938,155,S3,411.0,29.851,21.64
30939,155,S3,414.0,29.765,21.64
30940,155,S3,417.0,29.647,21.64
30941,155,S3,420.0,29.558,21.64
30942,155,S3,423.0,29.342,21.64
30943,155,S3,426.0,29.234,21.64
30944,155,S3,429.0,29.149,21.64
30945,155,S3,432.0,29.070,21.64
30946,155,S3,435.0,28.857,21.64
30947,155,S3,438.0,28.775,21.64
30948,155,S3,441.0,28.726,21.64
30949,155,S3,444.0,28.546,21.64
30950,155,S3,447.0,28.407,21.64
30951,155,S3,450.0,28.384,21.64
30952,155,S3,453.0,28.206,21.64
30953,155,S3,456.0,28.103,21.64
30954,155,S3,459.0,28.091,21.64
30955,155,S3,462.0,27.933,21.64
30956,155,S3,465.0,27.810,21.64
30957,155,S3,468.0,27.768,21.64
30958,155,S3,471.0,27.689,21.64
30959,155,S3,474.0,27.603,21.64
30960,155,S3,477.0,27.380,21.64
30961,155,S3,480.0,27.345,21.64
30962,155,S3,483.0,27.302,21.64
30963,155,S3,486.0,27.178,21.64
30964,155,S3,489.0,27.111,21.64
30965,155,S3,492.0,27.012,21.64
30966,155,S3,495.0,26.885,21.64
30967,155,S3,498.0,26.888,21.64
30968,155,S3,501.0,26.726,21.64
30969,155,S3,504.0,26.680,21.64
30970,155,S3,507.0,26.679,21.64
30971,155,S3,510.0,26.602,21.64
30972,155,S3,513.0,26.474,21.64
30973,155,S3,516.0,26.320,21.64
30974,155,S3,519.0,26.343,21.64
30975,155,S3,522.0,26.262,21.64
30976,155,S3,525.0,26.114,21.64
30977,155,S3,528.0,26.032,21.64
30978,155,S3,531.0,25.933,21.64
30979,155,S3,534.0,25.967,21.64
30980,155,S3,537.0,25.905,21.64
30981,155,S3,540.0,25.865,21.64
30982,155,S3,543.0,25.876,21.64
30983,155,S3,546.0,25.773,21.64
30984,155,S3,549.0,25.576,21.64
30985,155,S3,552.0,25.536,21.64
30986,155,S3,555.0,25.513,21.64
30987,155,S3,558.0,25.492,21.64
30988,155,S3,561.0,25.430,21.64
30989,155,S3,564.0,25.414,21.64
30990,155,S3,567.0,25.271,21.64
30991,155,S3,570.0,25.189,21.64
30992,155,S3,573.0,25.211,21.64
30993,155,S3,576.0,24.969,21.64
30994,155,S3,579.0,25.039,21.64
30995,155,S3,582.0,25.029,21.64
30996,155,S3,585.0,24.906,21.64
30997,155,S3,588.0,24.928,21.64
30998,155,S3,591.0,24.914,21.64
30999,155,S3,594.0,24.751,21.64
31000,155,S3,597.0,24.751,21.64
31001,156,S4,0.0,76.336,22.01
31002,156,S4,3.0,74.994,22.01
31003,156,S4,6.0,73.763,22.01
31004,156,S4,9.0,72.479,22.01
31005,156,S4,12.0,71.221,22.01
31006,156,S4,15.0,70.083,22.01
31007,156,S4,18.0,68.919,22.01
31008,156,S4,21.0,67.794,22.01
31009,156,S4,24.0,66.550,22.01
31010,156,S4,27.0,65.563,22.01
31011,156,S4,30.0,64.513,22.01
31012,156,S4,33.0,63.478,22.01
31013,156,S4,36.0,62.504,22.01
31014,156,S4,39.0,61.466,22.01
31015,156,S4,42.0,60.479,22.01
31016,156,S4,45.0,59.613,22.01
31017,156,S4,48.0,58.719,22.01
31018,156,S4,51.0,57.772,22.01
31019,156,S4,54.0,56.960,22.01
31020,156,S4,57.0,56.105,22.01
31021,156,S4,60.0,55.315,22.01
31022,156,S4,63.0,54.470,22.01
31023,156,S4,66.0,53.617,22.01
31024,156,S4,69.0,52.842,22.01
31025,156,S4,72.0,52.127,22.01
31026,156,S4,75.0,51.349,22.01
31027,156,S4,78.0,50.643,22.01
31028,156,S4,81.0,49.898,22.01
31029,156,S4,84.0,49.308,22.01
31030,156,S4,87.0,48.628,22.01
31031,156,S4,90.0,47.928,22.01
31032,156,S4,93.0,47.400,22.01
31033,156,S4,96.0,46.746,22.01
31034,156,S4,99.0,46.208,22.01
31035,156,S4,102.0,45.576,22.01
31036,156,S4,105.0,44.934,22.01
31037,156,S4,108.0,44.510,22.01
31038,156,S4,111.0,43.852,22.01
31039,156,S4,114.0,43.414,22.01
31040,156,S4,117.0,42.784,22.01
31041,156,S4,120.0,42.296,22.01
31042,156,S4,123.0,41.822,22.01
31043,156,S4,126.0,41.368,22.01
31044,156,S4,129.0,40.795,22.01
31045,156,S4,132.0,40.500,22.01
31046,156,S4,135.0,40.041,22.01
31047,156,S4,138.0,39.647,22.01
31048,156,S4,141.0,39.106,22.01
31049,156,S4,144.0,38.725,22.01
31050,156,S4,147.0,38.424,22.01
31051,156,S4,150.0,37.911,22.01
31052,156,S4,153.0,37.489,22.01
31053,156,S4,156.0,37.166,22.01
31054,156,S4,159.0,36.760,22.01
31055,156,S4,162.0,36.395,22.01
31056,156,S4,165.0,36.008,22.01
31057,156,S4,168.0,35.760,22.01
31058,156,S4,171.0,35.366,22.01
31059,156,S4,174.0,35.023,22.01
31060,156,S4,177.0,34.791,22.01
31061,156,S4,180.0,34.451,22.01
31062,156,S4,183.0,34.068,22.01
31063,156,S4,186.0,33.931,22.01
31064,156,S4,189.0,33.567,22.01
31065,156,S4,192.0,33.411,22.01
31066,156,S4,195.0,33.035,22.01
31067,156,S4,198.0,32.683,22.01
31068,156,S4,201.0,32.588,22.01
31069,156,S4,204.0,32.222,22.01
31070,156,S4,207.0,32.006,22.01
31071,156,S4,210.0,31.820,22.01
31072,156,S4,213.0,31.546,22.01
31073,156,S4,216.0,31.256,22.01
31074,156,S4,219.0,31.108,22.01
31075,156,S4,222.0,30.842,22.01
31076,156,S4,225.0,30.566,22.01
31077,156,S4,228.0,30.452,22.01
31078,156,S4,231.0,30.246,22.01
31079,156,S4,234.0,29.959,22.01
31080,156,S4,237.0,29.888,22.01
31081,156,S4,240.0,29.645,22.01
31082,156,S4,243.0,29.454,22.01
31083,156,S4,246.0,29.207,22.01
31084,156,S4,249.0,29.052,22.01
31085,156,S4,252.0,28.958,22.01
31086,156,S4,255.0,28.700,22.01
31087,156,S4,258.0,28.635,22.01
31088,156,S4,261.0,28.375,22.01
31089,156,S4,264.0,28.290,22.01
31090,156,S4,267.0,28.089,22.01
31091,156,S4,270.0,28.013,22.01
31092,156,S4,273.0,27.905,22.01
31093,156,S4,276.0,27.646,22.01
31094,156,S4,279.0,27.595,22.01
31095,156,S4,282.0,27.426,22.01
31096,156,S4,285.0,27.284,22.01
31097,156,S4,288.0,27.146,22.01
31098,156,S4,291.0,27.020,22.01
31099,156,S4,294.0,26.988,22.01
31100,156,S4,297.0,26.788,22.01
31101,156,S4,300.0,26.712,22.01
31102,156,S4,303.0,26.566,22.01
31103,156,S4,306.0,26.462,22.01
31104,156,S4,309.0,26.303,22.01
31105,156,S4,312.0,26.189,22.01
31106,156,S4,315.0,26.176,22.01
31107,156,S4,318.0,26.122,22.01
31108,156,S4,321.0,25.931,22.01
31109,156,S4,324.0,25.794,22.01
31110,156,S4,327.0,25.613,22.01
31111,156,S4,330.0,25.625,22.01
31112,156,S4,333.0,25.610,22.01
31113,156,S4,336.0,25.438,22.01
31114,156,S4,339.0,25.340,22.01
31115,156,S4,342.0,25.269,22.01
31116,156,S4,345.0,25.325,22.01
31117,156,S4,348.0,25.154,22.01
31118,156,S4,351.0,25.047,22.01
31119,156,S4,354.0,24.948,22.01
31120,156,S4,357.0,24.905,22.01
31121,156,S4,360.0,24.792,22.01
31122,156,S4,363.0,24.880,22.01
31123,156,S4,366.0,24.655,22.01
31124,156,S4,369.0,24.715,22.01
31125,156,S4,372.0,24.484,22.01
31126,156,S4,375.0,24.539,22.01
31127,156,S4,378.0,24.563,22.01
31128,156,S4,381.0,24.449,22.01
31129,156,S4,384.0,24.365,22.01
31130,156,S4,387.0,24.332,22.01
31131,156,S4,390.0,24.193,22.01
31132,156,S4,393.0,24.129,22.01
31133,156,S4,396.0,24.244,22.01
31134,156,S4,399.0,24.202,22.01
31135,156,S4,402.0,23.966,22.01
31136,156,S4,405.0,23.998,22.01
31137,156,S4,408.0,23.892,22.01
31138,156,S4,411.0,23.920,22.01
31139,156,S4,414.0,23.854,22.01
31140,156,S4,417.0,23.905,22.01
31141,156,S4,420.0,23.675,22.01
31142,156,S4,423.0,23.724,22.01
31143,156,S4,426.0,23.633,22.01
31144,156,S4,429.0,23.601,22.01
31145,156,S4,432.0,23.618,22.01
31146,156,S4,435.0,23.649,22.01
31147,156,S4,438.0,23.499,22.01
31148,156,S4,441.0,23.468,22.01
31149,156,S4,444.0,23.460,22.01
31150,156,S4,447.0,23.422,22.01
31151,156,S4,450.0,23.391,22.01
31152,156,S4,453.0,23.366,22.01
31153,156,S4,456.0,23.294,22.01
31154,156,S4,459.0,23.218,22.01
31155,156,S4,462.0,23.203,22.01
31156,156,S4,465.0,23.196,22.01
31157,156,S4,468.0,23.134,22.01
31158,156,S4,471.0,23.075,22.01
31159,156,S4,474.0,23.126,22.01
31160,156,S4,477.0,23.200,22.01
31161,156,S4,480.0,23.042,22.01
31162,156,S4,483.0,23.039,22.01
31163,156,S4,486.0,23.068,22.01
31164,156,S4,489.0,22.919,22.01
31165,156,S4,492.0,22.923,22.01
31166,156,S4,495.0,22.943,22.01
31167,156,S4,498.0,22.915,22.01
31168,156,S4,501.0,22.963,22.01
31169,156,S4,504.0,22.995,22.01
31170,156,S4,507.0,22.883,22.01
31171,156,S4,510.0,22.822,22.01
31172,156,S4,513.0,22.842,22.01
31173,156,S4,516.0,22.864,22.01
31174,156,S4,519.0,22.815,22.01
31175,156,S4,522.0,22.760,22.01
31176,156,S4,525.0,22.716,22.01
31177,156,S4,528.0,22.793,22.01
31178,156,S4,531.0,22.598,22.01
31179,156,S4,534.0,22.711,22.01
31180,156,S4,537.0,22.746,22.01
31181,156,S4,540.0,22.634,22.01
31182,156,S4,543.0,22.671,22.01
31183,156,S4,546.0,22.596,22.01
31184,156,S4,549.0,22.667,22.01
31185,156,S4,552.0,22.680,22.01
31186,156,S4,555.0,22.624,22.01
31187,156,S4,558.0,22.656,22.01
31188,156,S4,561.0,22.608,22.01
31189,156,S4,564.0,22.547,22.01
31190,156,S4,567.0,22.532,22.01
31191,156,S4,570.0,22.493,22.01
31192,156,S4,573.0,22.590,22.01
31193,156,S4,576.0,22.477,22.01
31194,156,S4,579.0,22.476,22.01
31195,156,S4,582.0,22.477,22.01
31196,156,S4,585.0,22.444,22.01
31197,156,S4,588.0,22.296,22.01
31198,156,S4,591.0,22.424,22.01
31199,156,S4,594.0,22.337,22.01
31200,156,S4,597.0,22.349,22.01
31201,157,S1,0.0,71.239,20.91
31202,157,S1,3.0,70.522,20.91
31203,157,S1,6.0,69.760,20.91
31204,157,S1,9.0,69.020,20.91
31205,157,S1,12.0,68.311,20.91
31206,157,S1,15.0,67.584,20.91
31207,157,S1,18.0,66.738,20.91
31208,157,S1,21.0,66.192,20.91
31209,157,S1,24.0,65.392,20.91
31210,157,S1,27.0,64.729,20.91
31211,157,S1,30.0,64.078,20.91
31212,157,S1,33.0,63.548,20.91
31213,157,S1,36.0,62.842,20.91
31214,157,S1,39.0,62.169,20.91
31215,157,S1,42.0,61.483,20.91
31216,157,S1,45.0,60.824,20.91
31217,157,S1,48.0,60.274,20.91
31218,157,S1,51.0,59.566,20.91
31219,157,S1,54.0,59.041,20.91
31220,157,S1,57.0,58.436,20.91
31221,157,S1,60.0,57.798,20.91
31222,157,S1,63.0,57.311,20.91
31223,157,S1,66.0,56.644,20.91
31224,157,S1,69.0,56.161,20.91
31225,157,S1,72.0,55.625,20.91
31226,157,S1,75.0,55.176,20.91
31227,157,S1,78.0,54.693,20.91
31228,157,S1,81.0,54.120,20.91
31229,157,S1,84.0,53.514,20.91
31230,157,S1,87.0,53.124,20.91
31231,157,S1,90.0,52.542,20.91
31232,157,S1,93.0,52.016,20.91
31233,157,S1,96.0,51.615,20.91
31234,157,S1,99.0,51.168,20.91
31235,157,S1,102.0,50.681,20.91
31236,157,S1,105.0,50.174,20.91
31237,157,S1,108.0,49.712,20.91
31238,157,S1,111.0,49.309,20.91
31239,157,S1,114.0,48.864,20.91
31240,157,S1,117.0,48.474,20.91
31241,157,S1,120.0,47.950,20.91
31242,157,S1,123.0,47.617,20.91
31243,157,S1,126.0,47.205,20.91
31244,157,S1,129.0,46.827,20.91
31245,157,S1,132.0,46.360,20.91
31246,157,S1,135.0,45.994,20.91
31247,157,S1,138.0,45.719,20.91
31248,157,S1,141.0,45.204,20.91
31249,157,S1,144.0,44.859,20.91
31250,157,S1,147.0,44.480,20.91
31251,157,S1,150.0,44.094,20.91
31252,157,S1,153.0,43.752,20.91
31253,157,S1,156.0,43.412,20.91
31254,157,S1,159.0,43.137,20.91
31255,157,S1,162.0,42.775,20.91
31256,157,S1,165.0,42.462,20.91
31257,157,S1,168.0,42.171,20.91
31258,157,S1,171.0,41.705,20.91
31259,157,S1,174.0,41.405,20.91
31260,157,S1,177.0,41.148,20.91
31261,157,S1,180.0,40.776,20.91
31262,157,S1,183.0,40.574,20.91
31263,157,S1,186.0,40.190,20.91
31264,157,S1,189.0,39.945,20.91
31265,157,S1,192.0,39.643,20.91
31266,157,S1,195.0,39.310,20.91
31267,157,S1,198.0,39.010,20.91
31268,157,S1,201.0,38.685,20.91
31269,157,S1,204.0,38.377,20.91
31270,157,S1,207.0,38.149,20.91
31271,157,S1,210.0,37.977,20.91
31272,157,S1,213.0,37.603,20.91
31273,157,S1,216.0,37.422,20.91
31274,157,S1,219.0,37.141,20.91
31275,157,S1,222.0,36.973,20.91
31276,157,S1,225.0,36.729,20.91
31277,157,S1,228.0,36.465,20.91
31278,157,S1,231.0,36.142,20.91
31279,157,S1,234.0,35.990,20.91
31280,157,S1,237.0,35.715,20.91
31281,157,S1,240.0,35.449,20.91
31282,157,S1,243.0,35.346,20.91
31283,157,S1,246.0,35.075,20.91
31284,157,S1,249.0,34.846,20.91
31285,157,S1,252.0,34.711,20.91
31286,157,S1,255.0,34.454,20.91
31287,157,S1,258.0,34.256,20.91
31288,157,S1,261.0,33.981,20.91
31289,157,S1,264.0,33.838,20.91
31290,157,S1,267.0,33.583,20.91
31291,157,S1,270.0,33.404,20.91
31292,157,S1,273.0,33.185,20.91
31293,157,S1,276.0,32.988,20.91
31294,157,S1,279.0,32.908,20.91
31295,157,S1,282.0,32.700,20.91
31296,157,S1,285.0,32.516,20.91
31297,157,S1,288.0,32.308,20.91
31298,157,S1,291.0,32.056,20.91
31299,157,S1,294.0,32.063,20.91
31300,157,S1,297.0,31.792,20.91
31301,157,S1,300.0,31.680,20.91
31302,157,S1,303.0,31.453,20.91
31303,157,S1,306.0,31.346,20.91
31304,157,S1,309.0,31.075,20.91
31305,157,S1,312.0,31.009,20.91
31306,157,S1,315.0,30.861,20.91
31307,157,S1,318.0,30.791,20.91
31308,157,S1,321.0,30.504,20.91
31309,157,S1,324.0,30.373,20.91
31310,157,S1,327.0,30.213,20.91
31311,157,S1,330.0,30.080,20.91
31312,157,S1,333.0,29.979,20.91
31313,157,S1,336.0,29.827,20.91
31314,157,S1,339.0,29.689,20.91
31315,157,S1,342.0,29.585,20.91
31316,157,S1,345.0,29.393,20.91
31317,157,S1,348.0,29.329,20.91
31318,157,S1,351.0,29.055,20.91
31319,157,S1,354.0,28.984,20.91
31320,157,S1,357.0,28.843,20.91
31321,157,S1,360.0,28.797,20.91
31322,157,S1,363.0,28.710,20.91
31323,157,S1,366.0,28.584,20.91
31324,157,S1,369.0,28.466,20.91
31325,157,S1,372.0,28.397,20.91
31326,157,S1,375.0,28.192,20.91
31327,157,S1,378.0,28.069,20.91
31328,157,S1,381.0,27.876,20.91
31329,157,S1,384.0,27.875,20.91
31330,157,S1,387.0,27.682,20.91
31331,157,S1,390.0,27.719,20.91
31332,157,S1,393.0,27.630,20.91
31333,157,S1,396.0,27.388,20.91
31334,157,S1,399.0,27.402,20.91
31335,157,S1,402.0,27.234,20.91
31336,157,S1,405.0,27.180,20.91
31337,157,S1,408.0,27.011,20.91
31338,157,S1,411.0,27.001,20.91
31339,157,S1,414.0,26.881,20.91
31340,157,S1,417.0,26.796,20.91
31341,157,S1,420.0,26.629,20.91
31342,157,S1,423.0,26.511,20.91
31343,157,S1,426.0,26.481,20.91
31344,157,S1,429.0,26.480,20.91
31345,157,S1,432.0,26.389,20.91
31346,157,S1,435.0,26.215,20.91
31347,157,S1,438.0,26.206,20.91
31348,157,S1,441.0,26.079,20.91
31349,157,S1,444.0,25.861,20.91
31350,157,S1,447.0,25.852,20.91
31351,157,S1,450.0,25.778,20.91
31352,157,S1,453.0,25.739,20.91
31353,157,S1,456.0,25.736,20.91
31354,157,S1,459.0,25.689,20.91
31355,157,S1,462.0,25.588,20.91
31356,157,S1,465.0,25.514,20.91
31357,157,S1,468.0,25.501,20.91
31358,157,S1,471.0,25.277,20.91
31359,157,S1,474.0,25.352,20.91
31360,157,S1,477.0,25.170,20.91
31361,157,S1,480.0,25.185,20.91
31362,157,S1,483.0,25.086,20.91
31363,157,S1,486.0,24.990,20.91
31364,157,S1,489.0,24.879,20.91
31365,157,S1,492.0,24.908,20.91
31366,157,S1,495.0,24.791,20.91
31367,157,S1,498.0,24.844,20.91
31368,157,S1,501.0,24.771,20.91
31369,157,S1,504.0,24.668,20.91
31370,157,S1,507.0,24.659,20.91
31371,157,S1,510.0,24.508,20.91
31372,157,S1,513.0,24.514,20.91
31373,157,S1,516.0,24.502,20.91
31374,157,S1,519.0,24.468,20.91
31375,157,S1,522.0,24.216,20.91
31376,157,S1,525.0,24.226,20.91
31377,157,S1,528.0,24.230,20.91
31378,157,S1,531.0,24.160,20.91
31379,157,S1,534.0,24.074,20.91
31380,157,S1,537.0,24.031,20.91
31381,157,S1,540.0,24.041,20.91
31382,157,S1,543.0,24.000,20.91
31383,157,S1,546.0,23.972,20.91
31384,157,S1,549.0,23.958,20.91
31385,157,S1,552.0,23.838,20.91
31386,157,S1,555.0,23.760,20.91
31387,157,S1,558.0,23.760,20.91
31388,157,S1,561.0,23.724,20.91
31389,157,S1,564.0,23.683,20.91
31390,157,S1,567.0,23.577,20.91
31391,157,S1,570.0,23.544,20.91
31392,157,S1,573.0,23.488,20.91
31393,157,S1,576.0,23.513,20.91
31394,157,S1,579.0,23.399,20.91
31395,157,S1,582.0,23.405,20.91
31396,157,S1,585.0,23.373,20.91
31397,157,S1,588.0,23.362,20.91
31398,157,S1,591.0,23.303,20.91
31399,157,S1,594.0,23.275,20.91
31400,157,S1,597.0,23.224,20.91
31401,158,S2,0.0,70.974,20.96
31402,158,S2,3.0,69.540,20.96
31403,158,S2,6.0,68.133,20.96
31404,158,S2,9.0,66.896,20.96
31405,158,S2,12.0,65.535,20.96
31406,158,S2,15.0,64.266,20.96
31407,158,S2,18.0,63.023,20.96
31408,158,S2,21.0,61.822,20.96
31409,158,S2,24.0,60.760,20.96
31410,158,S2,27.0,59.604,20.96
31411,158,S2,30.0,58.615,20.96
31412,158,S2,33.0,57.575,20.96
31413,158,S2,36.0,56.494,20.96
31414,158,S2,39.0,55.427,20.96
31415,158,S2,42.0,54.532,20.96
31416,158,S2,45.0,53.499,20.96
31417,158,S2,48.0,52.646,20.96
31418,158,S2,51.0,51.671,20.96
31419,158,S2,54.0,50.899,20.96
31420,158,S2,57.0,49.975,20.96
31421,158,S2,60.0,49.173,20.96
31422,158,S2,63.0,48.441,20.96
31423,158,S2,66.0,47.603,20.96
31424,158,S2,69.0,46.903,20.96
31425,158,S2,72.0,46.145,20.96
31426,158,S2,75.0,45.412,20.96
31427,158,S2,78.0,44.907,20.96
31428,158,S2,81.0,44.073,20.96
31429,158,S2,84.0,43.384,20.96
31430,158,S2,87.0,42.845,20.96
31431,158,S2,90.0,42.211,20.96
31432,158,S2,93.0,41.553,20.96
31433,158,S2,96.0,40.994,20.96
31434,158,S2,99.0,40.531,20.96
31435,158,S2,102.0,39.767,20.96
31436,158,S2,105.0,39.382,20.96
31437,158,S2,108.0,38.851,20.96
31438,158,S2,111.0,38.315,20.96
31439,158,S2,114.0,37.696,20.96
31440,158,S2,117.0,37.362,20.96
31441,158,S2,120.0,36.939,20.96
31442,158,S2,123.0,36.549,20.96
31443,158,S2,126.0,36.082,20.96
31444,158,S2,129.0,35.519,20.96
31445,158,S2,132.0,35.105,20.96
31446,158,S2,135.0,34.802,20.96
31447,158,S2,138.0,34.398,20.96
31448,158,S2,141.0,34.022,20.96
31449,158,S2,144.0,33.702,20.96
31450,158,S2,147.0,33.291,20.96
31451,158,S2,150.0,33.012,20.96
31452,158,S2,153.0,32.747,20.96
31453,158,S2,156.0,32.287,20.96
31454,158,S2,159.0,31.995,20.96
31455,158,S2,162.0,31.625,20.96
31456,158,S2,165.0,31.323,20.96
31457,158,S2,168.0,31.120,20.96
31458,158,S2,171.0,30.781,20.96
31459,158,S2,174.0,30.504,20.96
31460,158,S2,177.0,30.264,20.96
31461,158,S2,180.0,30.024,20.96
31462,158,S2,183.0,29.705,20.96
31463,158,S2,186.0,29.454,20.96
31464,158,S2,189.0,29.232,20.96
31465,158,S2,192.0,28.934,20.96
31466,158,S2,195.0,28.780,20.96
31467,158,S2,198.0,28.486,20.96
31468,158,S2,201.0,28.362,20.96
31469,158,S2,204.0,28.206,20.96
31470,158,S2,207.0,27.960,20.96
31471,158,S2,210.0,27.775,20.96
31472,158,S2,213.0,27.535,20.96
31473,158,S2,216.0,27.343,20.96
31474,158,S2,219.0,27.164,20.96
31475,158,S2,222.0,27.046,20.96
31476,158,S2,225.0,26.844,20.96
31477,158,S2,228.0,26.687,20.96
31478,158,S2,231.0,26.497,20.96
31479,158,S2,234.0,26.384,20.96
31480,158,S2,237.0,26.225,20.96
31481,158,S2,240.0,26.128,20.96
31482,158,S2,243.0,25.897,20.96
31483,158,S2,246.0,25.781,20.96
31484,158,S2,249.0,25.556,20.96
31485,158,S2,252.0,25.516,20.96
31486,158,S2,255.0,25.415,20.96
31487,158,S2,258.0,25.259,20.96
31488,158,S2,261.0,25.126,20.96
31489,158,S2,264.0,25.035,20.96
31490,158,S2,267.0,24.898,20.96
31491,158,S2,270.0,24.778,20.96
31492,158,S2,273.0,24.672,20.96
31493,158,S2,276.0,24.527,20.96
31494,158,S2,279.0,24.600,20.96
31495,158,S2,282.0,24.363,20.96
31496,158,S2,285.0,24.241,20.96
31497,158,S2,288.0,24.148,20.96
31498,158,S2,291.0,24.078,20.96
31499,158,S2,294.0,23.992,20.96
31500,158,S2,297.0,23.991,20.96
31501,158,S2,300.0,23.820,20.96
31502,158,S2,303.0,23.679,20.96
31503,158,S2,306.0,23.620,20.96
31504,158,S2,309.0,23.559,20.96
31505,158,S2,312.0,23.545,20.96
31506,158,S2,315.0,23.624,20.96
31507,158,S2,318.0,23.316,20.96
31508,158,S2,321.0,23.382,20.96
31509,158,S2,324.0,23.336,20.96
31510,158,S2,327.0,23.241,20.96
31511,158,S2,330.0,23.140,20.96
31512,158,S2,333.0,23.085,20.96
31513,158,S2,336.0,22.951,20.96
31514,158,S2,339.0,22.915,20.96
31515,158,S2,342.0,22.969,20.96
31516,158,S2,345.0,22.856,20.96
31517,158,S2,348.0,22.791,20.96
31518,158,S2,351.0,22.807,20.96
31519,158,S2,354.0,22.688,20.96
31520,158,S2,357.0,22.547,20.96
31521,158,S2,360.0,22.586,20.96
31522,158,S2,363.0,22.539,20.96
31523,158,S2,366.0,22.444,20.96
31524,158,S2,369.0,22.523,20.96
31525,158,S2,372.0,22.514,20.96
31526,158,S2,375.0,22.437,20.96
31527,158,S2,378.0,22.336,20.96
31528,158,S2,381.0,22.245,20.96
31529,158,S2,384.0,22.347,20.96
31530,158,S2,387.0,22.234,20.96
31531,158,S2,390.0,22.157,20.96
31532,158,S2,393.0,22.144,20.96
31533,158,S2,396.0,22.066,20.96
31534,158,S2,399.0,22.041,20.96
31535,158,S2,402.0,22.055,20.96
31536,158,S2,405.0,22.039,20.96
31537,158,S2,408.0,22.014,20.96
31538,158,S2,411.0,22.034,20.96
31539,158,S2,414.0,21.915,20.96
31540,158,S2,417.0,21.862,20.96
31541,158,S2,420.0,21.777,20.96
31542,158,S2,423.0,21.843,20.96
31543,158,S2,426.0,21.844,20.96
31544,158,S2,429.0,21.859,20.96
31545,158,S2,432.0,21.781,20.96
31546,158,S2,435.0,21.784,20.96
31547,158,S2,438.0,21.673,20.96
31548,158,S2,441.0,21.686,20.96
31549,158,S2,444.0,21.633,20.96
31550,158,S2,447.0,21.639,20.96
31551,158,S2,450.0,21.709,20.96
31552,158,S2,453.0,21.672,20.96
31553,158,S2,456.0,21.600,20.96
31554,158,S2,459.0,21.637,20.96
31555,158,S2,462.0,21.599,20.96
31556,158,S2,465.0,21.525,20.96
31557,158,S2,468.0,21.569,20.96
31558,158,S2,471.0,21.452,20.96
31559,158,S2,474.0,21.574,20.96
31560,158,S2,477.0,21.524,20.96
31561,158,S2,480.0,21.529,20.96
31562,158,S2,483.0,21.384,20.96
31563,158,S2,486.0,21.425,20.96
31564,158,S2,489.0,21.373,20.96
31565,158,S2,492.0,21.441,20.96
31566,158,S2,495.0,21.428,20.96
31567,158,S2,498.0,21.326,20.96
31568,158,S2,501.0,21.421,20.96
31569,158,S2,504.0,21.402,20.96
31570,158,S2,507.0,21.307,20.96
31571,158,S2,510.0,21.452,20.96
31572,158,S2,513.0,21.368,20.96
31573,158,S2,516.0,21.305,20.96
31574,158,S2,519.0,21.353,20.96
31575,158,S2,522.0,21.249,20.96
31576,158,S2,525.0,21.248,20.96
31577,158,S2,528.0,21.391,20.96
31578,158,S2,531.0,21.246,20.96
31579,158,S2,534.0,21.355,20.96
31580,158,S2,537.0,21.283,20.96
31581,158,S2,540.0,21.314,20.96
31582,158,S2,543.0,21.189,20.96
31583,158,S2,546.0,21.212,20.96
31584,158,S2,549.0,21.194,20.96
31585,158,S2,552.0,21.202,20.96
31586,158,S2,555.0,21.216,20.96
31587,158,S2,558.0,21.205,20.96
31588,158,S2,561.0,21.209,20.96
31589,158,S2,564.0,21.202,20.96
31590,158,S2,567.0,21.170,20.96
31591,158,S2,570.0,21.206,20.96
31592,158,S2,573.0,21.209,20.96
31593,158,S2,576.0,21.133,20.96
31594,158,S2,579.0,21.203,20.96
31595,158,S2,582.0,21.098,20.96
31596,158,S2,585.0,21.164,20.96
31597,158,S2,588.0,21.141,20.96
31598,158,S2,591.0,21.228,20.96
31599,158,S2,594.0,21.101,20.96
31600,158,S2,597.0,21.135,20.96
31601,159,S3,0.0,93.729,20.93
31602,159,S3,3.0,92.416,20.93
31603,159,S3,6.0,91.283,20.93
31604,159,S3,9.0,90.027,20.93
31605,159,S3,12.0,88.886,20.93
31606,159,S3,15.0,87.690,20.93
31607,159,S3,18.0,86.660,20.93
31608,159,S3,21.0,85.499,20.93
31609,159,S3,24.0,84.384,20.93
31610,159,S3,27.0,83.389,20.93
31611,159,S3,30.0,82.271,20.93
31612,159,S3,33.0,81.310,20.93
31613,159,S3,36.0,80.234,20.93
31614,159,S3,39.0,79.262,20.93
31615,159,S3,42.0,78.332,20.93
31616,159,S3,45.0,77.287,20.93
31617,159,S3,48.0,76.389,20.93
31618,159,S3,51.0,75.370,20.93
31619,159,S3,54.0,74.538,20.93
31620,159,S3,57.0,73.607,20.93
31621,159,S3,60.0,72.667,20.93
31622,159,S3,63.0,71.735,20.93
31623,159,S3,66.0,70.927,20.93
31624,159,S3,69.0,70.095,20.93
31625,159,S3,72.0,69.269,20.93
31626,159,S3,75.0,68.452,20.93
31627,159,S3,78.0,67.854,20.93
31628,159,S3,81.0,66.923,20.93
31629,159,S3,84.0,66.054,20.93
31630,159,S3,87.0,65.303,20.93
31631,159,S3,90.0,64.626,20.93
31632,159,S3,93.0,63.824,20.93
31633,159,S3,96.0,63.148,20.93
31634,159,S3,99.0,62.492,20.93
31635,159,S3,102.0,61.581,20.93
31636,159,S3,105.0,61.046,20.93
31637,159,S3,108.0,60.364,20.93
31638,159,S3,111.0,59.612,20.93
31639,159,S3,114.0,59.159,20.93
31640,159,S3,117.0,58.429,20.93
31641,159,S3,120.0,57.774,20.93
31642,159,S3,123.0,57.099,20.93
31643,159,S3,126.0,56.496,20.93
31644,159,S3,129.0,55.844,20.93
31645,159,S3,132.0,55.399,20.93
31646,159,S3,135.0,54.809,20.93
31647,159,S3,138.0,54.241,20.93
31648,159,S3,141.0,53.701,20.93
31649,159,S3,144.0,53.020,20.93
31650,159,S3,147.0,52.490,20.93
31651,159,S3,150.0,52.019,20.93
31652,159,S3,153.0,51.495,20.93
31653,159,S3,156.0,50.984,20.93
31654,159,S3,159.0,50.438,20.93
31655,159,S3,162.0,49.949,20.93
31656,159,S3,165.0,49.532,20.93
31657,159,S3,168.0,48.967,20.93
31658,159,S3,171.0,48.448,20.93
31659,159,S3,174.0,47.980,20.93
31660,159,S3,177.0,47.648,20.93
31661,159,S3,180.0,47.196,20.93
31662,159,S3,183.0,46.779,20.93
31663,159,S3,186.0,46.231,20.93
31664,159,S3,189.0,45.893,20.93
31665,159,S3,192.0,45.371,20.93
31666,159,S3,195.0,45.014,20.93
31667,159,S3,198.0,44.633,20.93
31668,159,S3,201.0,44.308,20.93
31669,159,S3,204.0,43.769,20.93
31670,159,S3,207.0,43.421,20.93
31671,159,S3,210.0,43.094,20.93
31672,159,S3,213.0,42.653,20.93
31673,159,S3,216.0,42.337,20.93
31674,159,S3,219.0,41.949,20.93
31675,159,S3,222.0,41.617,20.93
31676,159,S3,225.0,41.220,20.93
31677,159,S3,228.0,40.953,20.93
31678,159,S3,231.0,40.596,20.93
31679,159,S3,234.0,40.201,20.93
31680,159,S3,237.0,39.921,20.93
31681,159,S3,240.0,39.651,20.93
31682,159,S3,243.0,39.311,20.93
31683,159,S3,246.0,38.839,20.93
31684,159,S3,249.0,38.749,20.93
31685,159,S3,252.0,38.349,20.93
31686,159,S3,255.0,38.047,20.93
31687,159,S3,258.0,37.807,20.93
31688,159,S3,261.0,37.484,20.93
31689,159,S3,264.0,37.137,20.93
31690,159,S3,267.0,36.962,20.93
31691,159,S3,270.0,36.579,20.93
31692,159,S3,273.0,36.423,20.93
31693,159,S3,276.0,36.107,20.93
31694,159,S3,279.0,35.829,20.93
31695,159,S3,282.0,35.658,20.93
31696,159,S3,285.0,35.476,20.93
31697,159,S3,288.0,35.196,20.93
31698,159,S3,291.0,34.877,20.93
31699,159,S3,294.0,34.639,20.93
31700,159,S3,297.0,34.423,20.93
31701,159,S3,300.0,34.131,20.93
31702,159,S3,303.0,33.967,20.93
31703,159,S3,306.0,33.763,20.93
31704,159,S3,309.0,33.506,20.93
31705,159,S3,312.0,33.356,20.93
31706,159,S3,315.0,33.137,20.93
31707,159,S3,318.0,32.944,20.93
31708,159,S3,321.0,32.731,20.93
31709,159,S3,324.0,32.510,20.93
31710,159,S3,327.0,32.287,20.93
31711,159,S3,330.0,32.136,20.93
31712,159,S3,333.0,31.987,20.93
31713,159,S3,336.0,31.830,20.93
31714,159,S3,339.0,31.626,20.93
31715,159,S3,342.0,31.408,20.93
31716,159,S3,345.0,31.283,20.93
31717,159,S3,348.0,30.949,20.93
31718,159,S3,351.0,30.916,20.93
31719,159,S3,354.0,30.727,20.93
31720,159,S3,357.0,30.539,20.93
31721,159,S3,360.0,30.286,20.93
31722,159,S3,363.0,30.246,20.93
31723,159,S3,366.0,30.130,20.93
31724,159,S3,369.0,30.012,20.93
31725,159,S3,372.0,29.785,20.93
31726,159,S3,375.0,29.604,20.93
31727,159,S3,378.0,29.552,20.93
31728,159,S3,381.0,29.317,20.93
31729,159,S3,384.0,29.190,20.93
31730,159,S3,387.0,28.983,20.93
31731,159,S3,390.0,28.976,20.93
31732,159,S3,393.0,28.811,20.93
31733,159,S3,396.0,28.645,20.93
31734,159,S3,399.0,28.464,20.93
31735,159,S3,402.0,28.333,20.93
31736,159,S3,405.0,28.187,20.93
31737,159,S3,408.0,28.060,20.93
31738,159,S3,411.0,28.020,20.93
31739,159,S3,414.0,27.820,20.93
31740,159,S3,417.0,27.791,20.93
31741,159,S3,420.0,27.626,20.93
31742,159,S3,423.0,27.559,20.93
31743,159,S3,426.0,27.448,20.93
31744,159,S3,429.0,27.354,20.93
31745,159,S3,432.0,27.232,20.93
31746,159,S3,435.0,27.078,20.93
31747,159,S3,438.0,27.004,20.93
31748,159,S3,441.0,26.882,20.93
31749,159,S3,444.0,26.833,20.93
31750,159,S3,447.0,26.737,20.93
31751,159,S3,450.0,26.532,20.93
31752,159,S3,453.0,26.483,20.93
31753,159,S3,456.0,26.438,20.93
31754,159,S3,459.0,26.299,20.93
31755,159,S3,462.0,26.244,20.93
31756,159,S3,465.0,26.073,20.93
31757,159,S3,468.0,26.021,20.93
31758,159,S3,471.0,26.076,20.93
31759,159,S3,474.0,25.904,20.93
31760,159,S3,477.0,25.762,20.93
31761,159,S3,480.0,25.678,20.93
31762,159,S3,483.0,25.594,20.93
31763,159,S3,486.0,25.497,20.93
31764,159,S3,489.0,25.461,20.93
31765,159,S3,492.0,25.371,20.93
31766,159,S3,495.0,25.290,20.93
31767,159,S3,498.0,25.301,20.93
31768,159,S3,501.0,25.207,20.93
31769,159,S3,504.0,25.179,20.93
31770,159,S3,507.0,24.991,20.93
31771,159,S3,510.0,25.001,20.93
31772,159,S3,513.0,25.025,20.93
31773,159,S3,516.0,24.912,20.93
31774,159,S3,519.0,24.768,20.93
31775,159,S3,522.0,24.644,20.93
31776,159,S3,525.0,24.674,20.93
31777,159,S3,528.0,24.587,20.93
31778,159,S3,531.0,24.487,20.93
31779,159,S3,534.0,24.536,20.93
31780,159,S3,537.0,24.403,20.93
31781,159,S3,540.0,24.267,20.93
31782,159,S3,543.0,24.311,20.93
31783,159,S3,546.0,24.208,20.93
31784,159,S3,549.0,24.325,20.93
31785,159,S3,552.0,24.090,20.93
31786,159,S3,555.0,24.050,20.93
31787,159,S3,558.0,24.028,20.93
31788,159,S3,561.0,24.027,20.93
31789,159,S3,564.0,23.790,20.93
31790,159,S3,567.0,23.842,20.93
31791,159,S3,570.0,23.800,20.93
31792,159,S3,573.0,23.710,20.93
31793,159,S3,576.0,23.764,20.93
31794,159,S3,579.0,23.597,20.93
31795,159,S3,582.0,23.554,20.93
31796,159,S3,585.0,23.525,20.93
31797,159,S3,588.0,23.469,20.93
31798,159,S3,591.0,23.511,20.93
31799,159,S3,594.0,23.396,20.93
31800,159,S3,597.0,23.444,20.93
31801,160,S4,0.0,87.711,21.89
31802,160,S4,3.0,85.815,21.89
31803,160,S4,6.0,83.976,21.89
31804,160,S4,9.0,82.197,21.89
31805,160,S4,12.0,80.330,21.89
31806,160,S4,15.0,78.734,21.89
31807,160,S4,18.0,77.159,21.89
31808,160,S4,21.0,75.411,21.89
31809,160,S4,24.0,73.974,21.89
31810,160,S4,27.0,72.490,21.89
31811,160,S4,30.0,70.979,21.89
31812,160,S4,33.0,69.544,21.89
31813,160,S4,36.0,68.192,21.89
31814,160,S4,39.0,66.790,21.89
31815,160,S4,42.0,65.546,21.89
31816,160,S4,45.0,64.238,21.89
31817,160,S4,48.0,63.054,21.89
31818,160,S4,51.0,61.891,21.89
31819,160,S4,54.0,60.735,21.89
31820,160,S4,57.0,59.544,21.89
31821,160,S4,60.0,58.481,21.89
31822,160,S4,63.0,57.368,21.89
31823,160,S4,66.0,56.405,21.89
31824,160,S4,69.0,55.396,21.89
31825,160,S4,72.0,54.420,21.89
31826,160,S4,75.0,53.508,21.89
31827,160,S4,78.0,52.573,21.89
31828,160,S4,81.0,51.562,21.89
31829,160,S4,84.0,50.891,21.89
31830,160,S4,87.0,50.019,21.89
31831,160,S4,90.0,49.128,21.89
31832,160,S4,93.0,48.450,21.89
31833,160,S4,96.0,47.585,21.89
31834,160,S4,99.0,46.888,21.89
31835,160,S4,102.0,46.203,21.89
31836,160,S4,105.0,45.461,21.89
31837,160,S4,108.0,44.810,21.89
31838,160,S4,111.0,44.104,21.89
31839,160,S4,114.0,43.474,21.89
31840,160,S4,117.0,42.852,21.89
31841,160,S4,120.0,42.284,21.89
31842,160,S4,123.0,41.680,21.89
31843,160,S4,126.0,41.031,21.89
31844,160,S4,129.0,40.504,21.89
31845,160,S4,132.0,40.059,21.89
31846,160,S4,135.0,39.427,21.89
31847,160,S4,138.0,38.938,21.89
31848,160,S4,141.0,38.493,21.89
31849,160,S4,144.0,38.027,21.89
31850,160,S4,147.0,37.468,21.89
31851,160,S4,150.0,37.047,21.89
31852,160,S4,153.0,36.611,21.89
31853,160,S4,156.0,36.233,21.89
31854,160,S4,159.0,35.787,21.89
31855,160,S4,162.0,35.357,21.89
31856,160,S4,165.0,35.004,21.89
31857,160,S4,168.0,34.634,21.89
31858,160,S4,171.0,34.235,21.89
31859,160,S4,174.0,33.821,21.89
31860,160,S4,177.0,33.542,21.89
31861,160,S4,180.0,33.200,21.89
31862,160,S4,183.0,32.853,21.89
31863,160,S4,186.0,32.582,21.89
31864,160,S4,189.0,32.344,21.89
31865,160,S4,192.0,32.029,21.89
31866,160,S4,195.0,31.666,21.89
31867,160,S4,198.0,31.371,21.89
31868,160,S4,201.0,31.152,21.89
31869,160,S4,204.0,30.976,21.89
31870,160,S4,207.0,30.589,21.89
31871,160,S4,210.0,30.320,21.89
31872,160,S4,213.0,30.143,21.89
31873,160,S4,216.0,29.852,21.89
31874,160,S4,219.0,29.678,21.89
31875,160,S4,222.0,29.424,21.89
31876,160,S4,225.0,29.173,21.89
31877,160,S4,228.0,29.039,21.89
31878,160,S4,231.0,28.843,21.89
31879,160,S4,234.0,28.490,21.89
31880,160,S4,237.0,28.398,21.89
31881,160,S4,240.0,28.218,21.89
31882,160,S4,243.0,27.976,21.89
31883,160,S4,246.0,27.994,21.89
31884,160,S4,249.0,27.621,21.89
31885,160,S4,252.0,27.460,21.89
31886,160,S4,255.0,27.270,21.89
31887,160,S4,258.0,27.106,21.89
31888,160,S4,261.0,26.995,21.89
31889,160,S4,264.0,26.884,21.89
31890,160,S4,267.0,26.727,21.89
31891,160,S4,270.0,26.610,21.89
31892,160,S4,273.0,26.471,21.89
31893,160,S4,276.0,26.320,21.89
31894,160,S4,279.0,26.127,21.89
31895,160,S4,282.0,26.101,21.89
31896,160,S4,285.0,25.999,21.89
31897,160,S4,288.0,25.813,21.89
31898,160,S4,291.0,25.694,21.89
31899,160,S4,294.0,25.627,21.89
31900,160,S4,297.0,25.554,21.89
31901,160,S4,300.0,25.279,21.89
31902,160,S4,303.0,25.250,21.89
31903,160,S4,306.0,25.202,21.89
31904,160,S4,309.0,25.170,21.89
31905,160,S4,312.0,25.028,21.89
31906,160,S4,315.0,24.986,21.89
31907,160,S4,318.0,24.818,21.89
31908,160,S4,321.0,24.730,21.89
31909,160,S4,324.0,24.604,21.89
31910,160,S4,327.0,24.616,21.89
31911,160,S4,330.0,24.483,21.89
31912,160,S4,333.0,24.348,21.89
31913,160,S4,336.0,24.407,21.89
31914,160,S4,339.0,24.212,21.89
31915,160,S4,342.0,24.216,21.89
31916,160,S4,345.0,24.190,21.89
31917,160,S4,348.0,24.051,21.89
31918,160,S4,351.0,24.023,21.89
31919,160,S4,354.0,23.883,21.89
31920,160,S4,357.0,23.909,21.89
31921,160,S4,360.0,23.827,21.89
31922,160,S4,363.0,23.777,21.89
31923,160,S4,366.0,23.689,21.89
31924,160,S4,369.0,23.583,21.89
31925,160,S4,372.0,23.652,21.89
31926,160,S4,375.0,23.596,21.89
31927,160,S4,378.0,23.567,21.89
31928,160,S4,381.0,23.412,21.89
31929,160,S4,384.0,23.366,21.89
31930,160,S4,387.0,23.392,21.89
31931,160,S4,390.0,23.332,21.89
31932,160,S4,393.0,23.418,21.89
31933,160,S4,396.0,23.267,21.89
31934,160,S4,399.0,23.223,21.89
31935,160,S4,402.0,23.192,21.89
31936,160,S4,405.0,23.104,21.89
31937,160,S4,408.0,23.000,21.89
31938,160,S4,411.0,23.083,21.89
31939,160,S4,414.0,23.041,21.89
31940,160,S4,417.0,22.943,21.89
31941,160,S4,420.0,22.954,21.89
31942,160,S4,423.0,22.929,21.89
31943,160,S4,426.0,22.914,21.89
31944,160,S4,429.0,22.934,21.89
31945,160,S4,432.0,22.822,21.89
31946,160,S4,435.0,22.806,21.89
31947,160,S4,438.0,22.675,21.89
31948,160,S4,441.0,22.816,21.89
31949,160,S4,444.0,22.802,21.89
31950,160,S4,447.0,22.670,21.89
31951,160,S4,450.0,22.696,21.89
31952,160,S4,453.0,22.644,21.89
31953,160,S4,456.0,22.693,21.89
31954,160,S4,459.0,22.648,21.89
31955,160,S4,462.0,22.665,21.89
31956,160,S4,465.0,22.611,21.89
31957,160,S4,468.0,22.620,21.89
31958,160,S4,471.0,22.558,21.89
31959,160,S4,474.0,22.528,21.89
31960,160,S4,477.0,22.630,21.89
31961,160,S4,480.0,22.453,21.89
31962,160,S4,483.0,22.488,21.89
31963,160,S4,486.0,22.440,21.89
31964,160,S4,489.0,22.458,21.89
31965,160,S4,492.0,22.424,21.89
31966,160,S4,495.0,22.303,21.89
31967,160,S4,498.0,22.464,21.89
31968,160,S4,501.0,22.349,21.89
31969,160,S4,504.0,22.339,21.89
31970,160,S4,507.0,22.337,21.89
31971,160,S4,510.0,22.321,21.89
31972,160,S4,513.0,22.250,21.89
31973,160,S4,516.0,22.288,21.89
31974,160,S4,519.0,22.294,21.89
31975,160,S4,522.0,22.307,21.89
31976,160,S4,525.0,22.257,21.89
31977,160,S4,528.0,22.226,21.89
31978,160,S4,531.0,22.366,21.89
31979,160,S4,534.0,22.299,21.89
31980,160,S4,537.0,22.206,21.89
31981,160,S4,540.0,22.233,21.89
31982,160,S4,543.0,22.240,21.89
31983,160,S4,546.0,22.236,21.89
31984,160,S4,549.0,22.188,21.89
31985,160,S4,552.0,22.234,21.89
31986,160,S4,555.0,22.240,21.89
31987,160,S4,558.0,22.151,21.89
31988,160,S4,561.0,22.223,21.89
31989,160,S4,564.0,22.067,21.89
31990,160,S4,567.0,22.167,21.89
31991,160,S4,570.0,22.162,21.89
31992,160,S4,573.0,22.119,21.89
31993,160,S4,576.0,22.106,21.89
31994,160,S4,579.0,22.145,21.89
31995,160,S4,582.0,22.157,21.89
31996,160,S4,585.0,22.077,21.89
31997,160,S4,588.0,22.163,21.89
31998,160,S4,591.0,22.085,21.89
31999,160,S4,594.0,22.098,21.89
32000,160,S4,597.0,22.057,21.89
32001,161,S1,0.0,80.427,20.95
32002,161,S1,3.0,79.329,20.95
32003,161,S1,6.0,77.997,20.95
32004,161,S1,9.0,76.997,20.95
32005,161,S1,12.0,75.755,20.95
32006,161,S1,15.0,74.742,20.95
32007,161,S1,18.0,73.645,20.95
32008,161,S1,21.0,72.514,20.95
32009,161,S1,24.0,71.522,20.95
32010,161,S1,27.0,70.539,20.95
32011,161,S1,30.0,69.581,20.95
32012,161,S1,33.0,68.586,20.95
32013,161,S1,36.0,67.606,20.95
32014,161,S1,39.0,66.687,20.95
32015,161,S1,42.0,65.862,20.95
32016,161,S1,45.0,64.863,20.95
32017,161,S1,48.0,64.036,20.95
32018,161,S1,51.0,63.092,20.95
32019,161,S1,54.0,62.305,20.95
32020,161,S1,57.0,61.501,20.95
32021,161,S1,60.0,60.666,20.95
32022,161,S1,63.0,59.854,20.95
32023,161,S1,66.0,59.153,20.95
32024,161,S1,69.0,58.279,20.95
32025,161,S1,72.0,57.554,20.95
32026,161,S1,75.0,56.898,20.95
32027,161,S1,78.0,56.103,20.95
32028,161,S1,81.0,55.558,20.95
32029,161,S1,84.0,54.712,20.95
32030,161,S1,87.0,54.125,20.95
32031,161,S1,90.0,53.407,20.95
32032,161,S1,93.0,52.685,20.95
32033,161,S1,96.0,52.204,20.95
32034,161,S1,99.0,51.483,20.95
32035,161,S1,102.0,50.912,20.95
32036,161,S1,105.0,50.408,20.95
32037,161,S1,108.0,49.739,20.95
32038,161,S1,111.0,49.145,20.95
32039,161,S1,114.0,48.597,20.95
32040,161,S1,117.0,48.061,20.95
32041,161,S1,120.0,47.453,20.95
32042,161,S1,123.0,46.899,20.95
32043,161,S1,126.0,46.439,20.95
32044,161,S1,129.0,45.932,20.95
32045,161,S1,132.0,45.408,20.95
32046,161,S1,135.0,44.973,20.95
32047,161,S1,138.0,44.440,20.95
32048,161,S1,141.0,44.018,20.95
32049,161,S1,144.0,43.477,20.95
32050,161,S1,147.0,43.058,20.95
32051,161,S1,150.0,42.677,20.95
32052,161,S1,153.0,42.235,20.95
32053,161,S1,156.0,41.831,20.95
32054,161,S1,159.0,41.365,20.95
32055,161,S1,162.0,40.969,20.95
32056,161,S1,165.0,40.656,20.95
32057,161,S1,168.0,40.053,20.95
32058,161,S1,171.0,39.808,20.95
32059,161,S1,174.0,39.494,20.95
32060,161,S1,177.0,39.037,20.95
32061,161,S1,180.0,38.604,20.95
32062,161,S1,183.0,38.370,20.95
32063,161,S1,186.0,38.019,20.95
32064,161,S1,189.0,37.623,20.95
32065,161,S1,192.0,37.260,20.95
32066,161,S1,195.0,37.010,20.95
32067,161,S1,198.0,36.632,20.95
32068,161,S1,201.0,36.328,20.95
32069,161,S1,204.0,36.155,20.95
32070,161,S1,207.0,35.777,20.95
32071,161,S1,210.0,35.490,20.95
32072,161,S1,213.0,35.278,20.95
32073,161,S1,216.0,34.834,20.95
32074,161,S1,219.0,34.621,20.95
32075,161,S1,222.0,34.420,20.95
32076,161,S1,225.0,33.987,20.95
32077,161,S1,228.0,33.807,20.95
32078,161,S1,231.0,33.573,20.95
32079,161,S1,234.0,33.202,20.95
32080,161,S1,237.0,33.055,20.95
32081,161,S1,240.0,32.841,20.95
32082,161,S1,243.0,32.552,20.95
32083,161,S1,246.0,32.304,20.95
32084,161,S1,249.0,32.128,20.95
32085,161,S1,252.0,31.939,20.95
32086,161,S1,255.0,31.588,20.95
32087,161,S1,258.0,31.350,20.95
32088,161,S1,261.0,31.197,20.95
32089,161,S1,264.0,30.961,20.95
32090,161,S1,267.0,30.820,20.95
32091,161,S1,270.0,30.644,20.95
32092,161,S1,273.0,30.543,20.95
32093,161,S1,276.0,30.233,20.95
32094,161,S1,279.0,30.012,20.95
32095,161,S1,282.0,29.848,20.95
32096,161,S1,285.0,29.774,20.95
32097,161,S1,288.0,29.604,20.95
32098,161,S1,291.0,29.340,20.95
32099,161,S1,294.0,29.242,20.95
32100,161,S1,297.0,29.036,20.95
32101,161,S1,300.0,28.761,20.95
32102,161,S1,303.0,28.780,20.95
32103,161,S1,306.0,28.483,20.95
32104,161,S1,309.0,28.395,20.95
32105,161,S1,312.0,28.250,20.95
32106,161,S1,315.0,28.030,20.95
32107,161,S1,318.0,27.947,20.95
32108,161,S1,321.0,27.884,20.95
32109,161,S1,324.0,27.742,20.95
32110,161,S1,327.0,27.553,20.95
32111,161,S1,330.0,27.425,20.95
32112,161,S1,333.0,27.305,20.95
32113,161,S1,336.0,27.108,20.95
32114,161,S1,339.0,27.069,20.95
32115,161,S1,342.0,26.917,20.95
32116,161,S1,345.0,26.818,20.95
32117,161,S1,348.0,26.627,20.95
32118,161,S1,351.0,26.498,20.95
32119,161,S1,354.0,26.440,20.95
32120,161,S1,357.0,26.473,20.95
32121,161,S1,360.0,26.260,20.95
32122,161,S1,363.0,26.097,20.95
32123,161,S1,366.0,25.971,20.95
32124,161,S1,369.0,25.990,20.95
32125,161,S1,372.0,25.903,20.95
32126,161,S1,375.0,25.708,20.95
32127,161,S1,378.0,25.636,20.95
32128,161,S1,381.0,25.545,20.95
32129,161,S1,384.0,25.475,20.95
32130,161,S1,387.0,25.391,20.95
32131,161,S1,390.0,25.240,20.95
32132,161,S1,393.0,25.142,20.95
32133,161,S1,396.0,25.141,20.95
32134,161,S1,399.0,25.038,20.95
32135,161,S1,402.0,24.959,20.95
32136,161,S1,405.0,24.764,20.95
32137,161,S1,408.0,24.794,20.95
32138,161,S1,411.0,24.748,20.95
32139,161,S1,414.0,24.640,20.95
32140,161,S1,417.0,24.516,20.95
32141,161,S1,420.0,24.443,20.95
32142,161,S1,423.0,24.386,20.95
32143,161,S1,426.0,24.397,20.95
32144,161,S1,429.0,24.284,20.95
32145,161,S1,432.0,24.249,20.95
32146,161,S1,435.0,24.150,20.95
32147,161,S1,438.0,24.148,20.95
32148,161,S1,441.0,24.111,20.95
32149,161,S1,444.0,23.868,20.95
32150,161,S1,447.0,23.911,20.95
32151,161,S1,450.0,23.765,20.95
32152,161,S1,453.0,23.806,20.95
32153,161,S1,456.0,23.820,20.95
32154,161,S1,459.0,23.733,20.95
32155,161,S1,462.0,23.650,20.95
32156,161,S1,465.0,23.556,20.95
32157,161,S1,468.0,23.486,20.95
32158,161,S1,471.0,23.528,20.95
32159,161,S1,474.0,23.431,20.95
32160,161,S1,477.0,23.296,20.95
32161,161,S1,480.0,23.307,20.95
32162,161,S1,483.0,23.225,20.95
32163,161,S1,486.0,23.178,20.95
32164,161,S1,489.0,23.155,20.95
32165,161,S1,492.0,23.204,20.95
32166,161,S1,495.0,23.042,20.95
32167,161,S1,498.0,23.036,20.95
32168,161,S1,501.0,22.978,20.95
32169,161,S1,504.0,22.970,20.95
32170,161,S1,507.0,23.014,20.95
32171,161,S1,510.0,22.883,20.95
32172,161,S1,513.0,22.843,20.95
32173,161,S1,516.0,22.858,20.95
32174,161,S1,519.0,22.708,20.95
32175,161,S1,522.0,22.764,20.95
32176,161,S1,525.0,22.707,20.95
32177,161,S1,528.0,22.680,20.95
32178,161,S1,531.0,22.594,20.95
32179,161,S1,534.0,22.587,20.95
32180,161,S1,537.0,22.529,20.95
32181,161,S1,540.0,22.545,20.95
32182,161,S1,543.0,22.490,20.95
32183,161,S1,546.0,22.447,20.95
32184,161,S1,549.0,22.357,20.95
32185,161,S1,552.0,22.319,20.95
32186,161,S1,555.0,22.316,20.95
32187,161,S1,558.0,22.405,20.95
32188,161,S1,561.0,22.337,20.95
32189,161,S1,564.0,22.326,20.95
32190,161,S1,567.0,22.219,20.95
32191,161,S1,570.0,22.241,20.95
32192,161,S1,573.0,22.265,20.95
32193,161,S1,576.0,22.210,20.95
32194,161,S1,579.0,22.137,20.95
32195,161,S1,582.0,22.098,20.95
32196,161,S1,585.0,22.139,20.95
32197,161,S1,588.0,22.137,20.95
32198,161,S1,591.0,22.006,20.95
32199,161,S1,594.0,22.023,20.95
32200,161,S1,597.0,22.024,20.95
32201,162,S2,0.0,86.367,21.34
32202,162,S2,3.0,85.595,21.34
32203,162,S2,6.0,84.769,21.34
32204,162,S2,9.0,83.849,21.34
32205,162,S2,12.0,83.240,21.34
32206,162,S2,15.0,82.346,21.34
32207,162,S2,18.0,81.575,21.34
32208,162,S2,21.0,80.819,21.34
32209,162,S2,24.0,80.044,21.34
32210,162,S2,27.0,79.305,21.34
32211,162,S2,30.0,78.634,21.34
32212,162,S2,33.0,77.872,21.34
32213,162,S2,36.0,77.220,21.34
32214,162,S2,39.0,76.455,21.34
32215,162,S2,42.0,75.737,21.34
32216,162,S2,45.0,75.064,21.34
32217,162,S2,48.0,74.392,21.34
32218,162,S2,51.0,73.690,21.34
32219,162,S2,54.0,73.080,21.34
32220,162,S2,57.0,72.413,21.34
32221,162,S2,60.0,71.772,21.34
32222,162,S2,63.0,71.070,21.34
32223,162,S2,66.0,70.445,21.34
32224,162,S2,69.0,69.881,21.34
32225,162,S2,72.0,69.153,21.34
32226,162,S2,75.0,68.548,21.34
32227,162,S2,78.0,68.011,21.34
32228,162,S2,81.0,67.356,21.34
32229,162,S2,84.0,66.843,21.34
32230,162,S2,87.0,66.269,21.34
32231,162,S2,90.0,65.711,21.34
32232,162,S2,93.0,65.092,21.34
32233,162,S2,96.0,64.507,21.34
32234,162,S2,99.0,63.893,21.34
32235,162,S2,102.0,63.499,21.34
32236,162,S2,105.0,62.865,21.34
32237,162,S2,108.0,62.353,21.34
32238,162,S2,111.0,61.949,21.34
32239,162,S2,114.0,61.394,21.34
32240,162,S2,117.0,60.859,21.34
32241,162,S2,120.0,60.334,21.34
32242,162,S2,123.0,59.829,21.34
32243,162,S2,126.0,59.366,21.34
32244,162,S2,129.0,58.871,21.34
32245,162,S2,132.0,58.431,21.34
32246,162,S2,135.0,57.999,21.34
32247,162,S2,138.0,57.456,21.34
32248,162,S2,141.0,56.992,21.34
32249,162,S2,144.0,56.564,21.34
32250,162,S2,147.0,56.079,21.34
32251,162,S2,150.0,55.681,21.34
32252,162,S2,153.0,55.305,21.34
32253,162,S2,156.0,54.712,21.34
32254,162,S2,159.0,54.280,21.34
32255,162,S2,162.0,53.934,21.34
32256,162,S2,165.0,53.574,21.34
32257,162,S2,168.0,53.119,21.34
32258,162,S2,171.0,52.654,21.34
32259,162,S2,174.0,52.320,21.34
32260,162,S2,177.0,51.902,21.34
32261,162,S2,180.0,51.558,21.34
32262,162,S2,183.0,51.201,21.34
32263,162,S2,186.0,50.704,21.34
32264,162,S2,189.0,50.366,21.34
32265,162,S2,192.0,50.023,21.34
32266,162,S2,195.0,49.630,21.34
32267,162,S2,198.0,49.293,21.34
32268,162,S2,201.0,48.995,21.34
32269,162,S2,204.0,48.635,21.34
32270,162,S2,207.0,48.189,21.34
32271,162,S2,210.0,47.947,21.34
32272,162,S2,213.0,47.573,21.34
32273,162,S2,216.0,47.165,21.34
32274,162,S2,219.0,46.900,21.34
32275,162,S2,222.0,46.639,21.34
32276,162,S2,225.0,46.274,21.34
32277,162,S2,228.0,45.889,21.34
32278,162,S2,231.0,45.652,21.34
32279,162,S2,234.0,45.237,21.34
32280,162,S2,237.0,44.991,21.34
32281,162,S2,240.0,44.632,21.34
32282,162,S2,243.0,44.408,21.34
32283,162,S2,246.0,44.146,21.34
32284,162,S2,249.0,43.832,21.34
32285,162,S2,252.0,43.551,21.34
32286,162,S2,255.0,43.323,21.34
32287,162,S2,258.0,42.971,21.34
32288,162,S2,261.0,42.681,21.34
32289,162,S2,264.0,42.388,21.34
32290,162,S2,267.0,42.152,21.34
32291,162,S2,270.0,42.017,21.34
32292,162,S2,273.0,41.647,21.34
32293,162,S2,276.0,41.427,21.34
32294,162,S2,279.0,41.115,21.34
32295,162,S2,282.0,40.916,21.34
32296,162,S2,285.0,40.654,21.34
32297,162,S2,288.0,40.368,21.34
32298,162,S2,291.0,40.156,21.34
32299,162,S2,294.0,39.847,21.34
32300,162,S2,297.0,39.725,21.34
32301,162,S2,300.0,39.466,21.34
32302,162,S2,303.0,39.133,21.34
32303,162,S2,306.0,38.963,21.34
32304,162,S2,309.0,38.740,21.34
32305,162,S2,312.0,38.480,21.34
32306,162,S2,315.0,38.230,21.34
32307,162,S2,318.0,38.138,21.34
32308,162,S2,321.0,37.785,21.34
32309,162,S2,324.0,37.747,21.34
32310,162,S2,327.0,37.355,21.34
32311,162,S2,330.0,37.282,21.34
32312,162,S2,333.0,37.045,21.34
32313,162,S2,336.0,36.855,21.34
32314,162,S2,339.0,36.651,21.34
32315,162,S2,342.0,36.463,21.34
32316,162,S2,345.0,36.368,21.34
32317,162,S2,348.0,36.067,21.34
32318,162,S2,351.0,35.884,21.34
32319,162,S2,354.0,35.737,21.34
32320,162,S2,357.0,35.537,21.34
32321,162,S2,360.0,35.279,21.34
32322,162,S2,363.0,35.151,21.34
32323,162,S2,366.0,35.010,21.34
32324,162,S2,369.0,34.749,21.34
32325,162,S2,372.0,34.713,21.34
32326,162,S2,375.0,34.465,21.34
32327,162,S2,378.0,34.290,21.34
32328,162,S2,381.0,34.104,21.34
32329,162,S2,384.0,34.028,21.34
32330,162,S2,387.0,33.812,21.34
32331,162,S2,390.0,33.629,21.34
32332,162,S2,393.0,33.536,21.34
32333,162,S2,396.0,33.366,21.34
32334,162,S2,399.0,33.203,21.34
32335,162,S2,402.0,33.040,21.34
32336,162,S2,405.0,32.909,21.34
32337,162,S2,408.0,32.772,21.34
32338,162,S2,411.0,32.527,21.34
32339,162,S2,414.0,32.445,21.34
32340,162,S2,417.0,32.488,21.34
32341,162,S2,420.0,32.206,21.34
32342,162,S2,423.0,32.001,21.34
32343,162,S2,426.0,32.004,21.34
32344,162,S2,429.0,31.835,21.34
32345,162,S2,432.0,31.688,21.34
32346,162,S2,435.0,31.480,21.34
32347,162,S2,438.0,31.380,21.34
32348,162,S2,441.0,31.101,21.34
32349,162,S2,444.0,31.086,21.34
32350,162,S2,447.0,30.878,21.34
32351,162,S2,450.0,30.899,21.34
32352,162,S2,453.0,30.688,21.34
32353,162,S2,456.0,30.663,21.34
32354,162,S2,459.0,30.552,21.34
32355,162,S2,462.0,30.343,21.34
32356,162,S2,465.0,30.350,21.34
32357,162,S2,468.0,30.139,21.34
32358,162,S2,471.0,30.045,21.34
32359,162,S2,474.0,30.004,21.34
32360,162,S2,477.0,29.898,21.34
32361,162,S2,480.0,29.741,21.34
32362,162,S2,483.0,29.633,21.34
32363,162,S2,486.0,29.534,21.34
32364,162,S2,489.0,29.435,21.34
32365,162,S2,492.0,29.395,21.34
32366,162,S2,495.0,29.191,21.34
32367,162,S2,498.0,29.121,21.34
32368,162,S2,501.0,29.095,21.34
32369,162,S2,504.0,28.962,21.34
32370,162,S2,507.0,28.792,21.34
32371,162,S2,510.0,28.649,21.34
32372,162,S2,513.0,28.652,21.34
32373,162,S2,516.0,28.638,21.34
32374,162,S2,519.0,28.411,21.34
32375,162,S2,522.0,28.330,21.34
32376,162,S2,525.0,28.186,21.34
32377,162,S2,528.0,28.209,21.34
32378,162,S2,531.0,28.136,21.34
32379,162,S2,534.0,28.018,21.34
32380,162,S2,537.0,27.944,21.34
32381,162,S2,540.0,27.760,21.34
32382,162,S2,543.0,27.729,21.34
32383,162,S2,546.0,27.710,21.34
32384,162,S2,549.0,27.600,21.34
32385,162,S2,552.0,27.469,21.34
32386,162,S2,555.0,27.498,21.34
32387,162,S2,558.0,27.446,21.34
32388,162,S2,561.0,27.249,21.34
32389,162,S2,564.0,27.211,21.34
32390,162,S2,567.0,27.082,21.34
32391,162,S2,570.0,27.048,21.34
32392,162,S2,573.0,27.038,21.34
32393,162,S2,576.0,26.932,21.34
32394,162,S2,579.0,26.851,21.34
32395,162,S2,582.0,26.751,21.34
32396,162,S2,585.0,26.761,21.34
32397,162,S2,588.0,26.638,21.34
32398,162,S2,591.0,26.641,21.34
32399,162,S2,594.0,26.502,21.34
32400,162,S2,597.0,26.391,21.34
32401,163,S3,0.0,82.126,22.17
32402,163,S3,3.0,80.729,22.17
32403,163,S3,6.0,79.525,22.17
32404,163,S3,9.0,78.217,22.17
32405,163,S3,12.0,76.903,22.17
32406,163,S3,15.0,75.768,22.17
32407,163,S3,18.0,74.523,22.17
32408,163,S3,21.0,73.448,22.17
32409,163,S3,24.0,72.268,22.17
32410,163,S3,27.0,71.127,22.17
32411,163,S3,30.0,70.040,22.17
32412,163,S3,33.0,68.934,22.17
32413,163,S3,36.0,67.938,22.17
32414,163,S3,39.0,66.928,22.17
32415,163,S3,42.0,66.003,22.17
32416,163,S3,45.0,64.971,22.17
32417,163,S3,48.0,64.041,22.17
32418,163,S3,51.0,63.107,22.17
32419,163,S3,54.0,62.192,22.17
32420,163,S3,57.0,61.274,22.17
32421,163,S3,60.0,60.437,22.17
32422,163,S3,63.0,59.658,22.17
32423,163,S3,66.0,58.734,22.17
32424,163,S3,69.0,58.047,22.17
32425,163,S3,72.0,57.129,22.17
32426,163,S3,75.0,56.331,22.17
32427,163,S3,78.0,55.646,22.17
32428,163,S3,81.0,54.832,22.17
32429,163,S3,84.0,54.147,22.17
32430,163,S3,87.0,53.332,22.17
32431,163,S3,90.0,52.759,22.17
32432,163,S3,93.0,52.099,22.17
32433,163,S3,96.0,51.445,22.17
32434,163,S3,99.0,50.721,22.17
32435,163,S3,102.0,50.181,22.17
32436,163,S3,105.0,49.515,22.17
32437,163,S3,108.0,48.931,22.17
32438,163,S3,111.0,48.280,22.17
32439,163,S3,114.0,47.726,22.17
32440,163,S3,117.0,47.133,22.17
32441,163,S3,120.0,46.591,22.17
32442,163,S3,123.0,45.965,22.17
32443,163,S3,126.0,45.501,22.17
32444,163,S3,129.0,44.979,22.17
32445,163,S3,132.0,44.443,22.17
32446,163,S3,135.0,44.032,22.17
32447,163,S3,138.0,43.520,22.17
32448,163,S3,141.0,43.043,22.17
32449,163,S3,144.0,42.514,22.17
32450,163,S3,147.0,42.080,22.17
32451,163,S3,150.0,41.719,22.17
32452,163,S3,153.0,41.231,22.17
32453,163,S3,156.0,40.862,22.17
32454,163,S3,159.0,40.393,22.17
32455,163,S3,162.0,40.001,22.17
32456,163,S3,165.0,39.543,22.17
32457,163,S3,168.0,39.274,22.17
32458,163,S3,171.0,38.762,22.17
32459,163,S3,174.0,38.457,22.17
32460,163,S3,177.0,38.120,22.17
32461,163,S3,180.0,37.750,22.17
32462,163,S3,183.0,37.395,22.17
32463,163,S3,186.0,36.952,22.17
32464,163,S3,189.0,36.753,22.17
32465,163,S3,192.0,36.432,22.17
32466,163,S3,195.0,36.137,22.17
32467,163,S3,198.0,35.868,22.17
32468,163,S3,201.0,35.492,22.17
32469,163,S3,204.0,35.067,22.17
32470,163,S3,207.0,34.928,22.17
32471,163,S3,210.0,34.571,22.17
32472,163,S3,213.0,34.273,22.17
32473,163,S3,216.0,33.967,22.17
32474,163,S3,219.0,33.851,22.17
32475,163,S3,222.0,33.554,22.17
32476,163,S3,225.0,33.254,22.17
32477,163,S3,228.0,33.010,22.17
32478,163,S3,231.0,32.807,22.17
32479,163,S3,234.0,32.573,22.17
32480,163,S3,237.0,32.381,22.17
32481,163,S3,240.0,32.156,22.17
32482,163,S3,243.0,31.890,22.17
32483,163,S3,246.0,31.607,22.17
32484,163,S3,249.0,31.410,22.17
32485,163,S3,252.0,31.267,22.17
32486,163,S3,255.0,31.081,22.17
32487,163,S3,258.0,30.856,22.17
32488,163,S3,261.0,30.685,22.17
32489,163,S3,264.0,30.467,22.17
32490,163,S3,267.0,30.246,22.17
32491,163,S3,270.0,30.094,22.17
32492,163,S3,273.0,29.900,22.17
32493,163,S3,276.0,29.673,22.17
32494,163,S3,279.0,29.512,22.17
32495,163,S3,282.0,29.454,22.17
32496,163,S3,285.0,29.290,22.17
32497,163,S3,288.0,29.091,22.17
32498,163,S3,291.0,29.002,22.17
32499,163,S3,294.0,28.748,22.17
32500,163,S3,297.0,28.713,22.17
32501,163,S3,300.0,28.507,22.17
32502,163,S3,303.0,28.367,22.17
32503,163,S3,306.0,28.266,22.17
32504,163,S3,309.0,28.064,22.17
32505,163,S3,312.0,27.950,22.17
32506,163,S3,315.0,27.800,22.17
32507,163,S3,318.0,27.642,22.17
32508,163,S3,321.0,27.612,22.17
32509,163,S3,324.0,27.399,22.17
32510,163,S3,327.0,27.389,22.17
32511,163,S3,330.0,27.364,22.17
32512,163,S3,333.0,27.140,22.17
32513,163,S3,336.0,26.996,22.17
32514,163,S3,339.0,26.855,22.17
32515,163,S3,342.0,26.837,22.17
32516,163,S3,345.0,26.700,22.17
32517,163,S3,348.0,26.570,22.17
32518,163,S3,351.0,26.485,22.17
32519,163,S3,354.0,26.374,22.17
32520,163,S3,357.0,26.298,22.17
32521,163,S3,360.0,26.199,22.17
32522,163,S3,363.0,26.074,22.17
32523,163,S3,366.0,26.037,22.17
32524,163,S3,369.0,25.867,22.17
32525,163,S3,372.0,25.840,22.17
32526,163,S3,375.0,25.868,22.17
32527,163,S3,378.0,25.720,22.17
32528,163,S3,381.0,25.615,22.17
32529,163,S3,384.0,25.542,22.17
32530,163,S3,387.0,25.476,22.17
32531,163,S3,390.0,25.343,22.17
32532,163,S3,393.0,25.286,22.17
32533,163,S3,396.0,25.279,22.17
32534,163,S3,399.0,25.136,22.17
32535,163,S3,402.0,25.022,22.17
32536,163,S3,405.0,25.136,22.17
32537,163,S3,408.0,25.047,22.17
32538,163,S3,411.0,24.912,22.17
32539,163,S3,414.0,24.799,22.17
32540,163,S3,417.0,24.820,22.17
32541,163,S3,420.0,24.802,22.17
32542,163,S3,423.0,24.682,22.17
32543,163,S3,426.0,24.600,22.17
32544,163,S3,429.0,24.543,22.17
32545,163,S3,432.0,24.544,22.17
32546,163,S3,435.0,24.505,22.17
32547,163,S3,438.0,24.468,22.17
32548,163,S3,441.0,24.387,22.17
32549,163,S3,444.0,24.230,22.17
32550,163,S3,447.0,24.290,22.17
32551,163,S3,450.0,24.253,22.17
32552,163,S3,453.0,24.187,22.17
32553,163,S3,456.0,24.043,22.17
32554,163,S3,459.0,24.160,22.17
32555,163,S3,462.0,24.176,22.17
32556,163,S3,465.0,24.010,22.17
32557,163,S3,468.0,23.935,22.17
32558,163,S3,471.0,23.854,22.17
32559,163,S3,474.0,23.897,22.17
32560,163,S3,477.0,23.830,22.17
32561,163,S3,480.0,23.859,22.17
32562,163,S3,483.0,23.682,22.17
32563,163,S3,486.0,23.774,22.17
32564,163,S3,489.0,23.689,22.17
32565,163,S3,492.0,23.696,22.17
32566,163,S3,495.0,23.672,22.17
32567,163,S3,498.0,23.549,22.17
32568,163,S3,501.0,23.677,22.17
32569,163,S3,504.0,23.574,22.17
32570,163,S3,507.0,23.592,22.17
32571,163,S3,510.0,23.453,22.17
32572,163,S3,513.0,23.416,22.17
32573,163,S3,516.0,23.440,22.17
32574,163,S3,519.0,23.484,22.17
32575,163,S3,522.0,23.366,22.17
32576,163,S3,525.0,23.424,22.17
32577,163,S3,528.0,23.307,22.17
32578,163,S3,531.0,23.297,22.17
32579,163,S3,534.0,23.349,22.17
32580,163,S3,537.0,23.214,22.17
32581,163,S3,540.0,23.276,22.17
32582,163,S3,543.0,23.165,22.17
32583,163,S3,546.0,23.193,22.17
32584,163,S3,549.0,23.179,22.17
32585,163,S3,552.0,23.121,22.17
32586,163,S3,555.0,23.120,22.17
32587,163,S3,558.0,23.121,22.17
32588,163,S3,561.0,22.979,22.17
32589,163,S3,564.0,23.080,22.17
32590,163,S3,567.0,23.014,22.17
32591,163,S3,570.0,23.080,22.17
32592,163,S3,573.0,23.030,22.17
32593,163,S3,576.0,22.991,22.17
32594,163,S3,579.0,22.898,22.17
32595,163,S3,582.0,22.988,22.17
32596,163,S3,585.0,22.896,22.17
32597,163,S3,588.0,22.949,22.17
32598,163,S3,591.0,22.807,22.17
32599,163,S3,594.0,22.852,22.17
32600,163,S3,597.0,22.869,22.17
32601,164,S4,0.0,91.909,21.03
32602,164,S4,3.0,90.771,21.03
32603,164,S4,6.0,89.736,21.03
32604,164,S4,9.0,88.673,21.03
32605,164,S4,12.0,87.699,21.03
32606,164,S4,15.0,86.546,21.03
32607,164,S4,18.0,85.535,21.03
32608,164,S4,21.0,84.486,21.03
32609,164,S4,24.0,83.527,21.03
32610,164,S4,27.0,82.532,21.03
32611,164,S4,30.0,81.619,21.03
32612,164,S4,33.0,80.738,21.03
32613,164,S4,36.0,79.705,21.03
32614,164,S4,39.0,78.805,21.03
32615,164,S4,42.0,77.861,21.03
32616,164,S4,45.0,76.999,21.03
32617,164,S4,48.0,76.172,21.03
32618,164,S4,51.0,75.262,21.03
32619,164,S4,54.0,74.433,21.03
32620,164,S4,57.0,73.517,21.03
32621,164,S4,60.0,72.732,21.03
32622,164,S4,63.0,71.978,21.03
32623,164,S4,66.0,71.137,21.03
32624,164,S4,69.0,70.415,21.03
32625,164,S4,72.0,69.634,21.03
32626,164,S4,75.0,68.899,21.03
32627,164,S4,78.0,68.095,21.03
32628,164,S4,81.0,67.378,21.03
32629,164,S4,84.0,66.675,21.03
32630,164,S4,87.0,65.965,21.03
32631,164,S4,90.0,65.214,21.03
32632,164,S4,93.0,64.628,21.03
32633,164,S4,96.0,63.799,21.03
32634,164,S4,99.0,63.260,21.03
32635,164,S4,102.0,62.570,21.03
32636,164,S4,105.0,61.902,21.03
32637,164,S4,108.0,61.265,21.03
32638,164,S4,111.0,60.613,21.03
32639,164,S4,114.0,60.110,21.03
32640,164,S4,117.0,59.376,21.03
32641,164,S4,120.0,58.786,21.03
32642,164,S4,123.0,58.232,21.03
32643,164,S4,126.0,57.729,21.03
32644,164,S4,129.0,57.034,21.03
32645,164,S4,132.0,56.380,21.03
32646,164,S4,135.0,55.998,21.03
32647,164,S4,138.0,55.398,21.03
32648,164,S4,141.0,54.840,21.03
32649,164,S4,144.0,54.289,21.03
32650,164,S4,147.0,53.833,21.03
32651,164,S4,150.0,53.332,21.03
32652,164,S4,153.0,52.787,21.03
32653,164,S4,156.0,52.288,21.03
32654,164,S4,159.0,51.809,21.03
32655,164,S4,162.0,51.430,21.03
32656,164,S4,165.0,50.832,21.03
32657,164,S4,168.0,50.402,21.03
32658,164,S4,171.0,49.945,21.03
32659,164,S4,174.0,49.528,21.03
32660,164,S4,177.0,49.127,21.03
32661,164,S4,180.0,48.593,21.03
32662,164,S4,183.0,48.212,21.03
32663,164,S4,186.0,47.682,21.03
32664,164,S4,189.0,47.368,21.03
32665,164,S4,192.0,46.950,21.03
32666,164,S4,195.0,46.554,21.03
32667,164,S4,198.0,46.098,21.03
32668,164,S4,201.0,45.739,21.03
32669,164,S4,204.0,45.344,21.03
32670,164,S4,207.0,44.928,21.03
32671,164,S4,210.0,44.561,21.03
32672,164,S4,213.0,44.303,21.03
32673,164,S4,216.0,43.910,21.03
32674,164,S4,219.0,43.518,21.03
32675,164,S4,222.0,43.189,21.03
32676,164,S4,225.0,42.759,21.03
32677,164,S4,228.0,42.514,21.03
32678,164,S4,231.0,42.194,21.03
32679,164,S4,234.0,41.779,21.03
32680,164,S4,237.0,41.568,21.03
32681,164,S4,240.0,41.212,21.03
32682,164,S4,243.0,40.795,21.03
32683,164,S4,246.0,40.555,21.03
32684,164,S4,249.0,40.141,21.03
32685,164,S4,252.0,39.956,21.03
32686,164,S4,255.0,39.601,21.03
32687,164,S4,258.0,39.309,21.03
32688,164,S4,261.0,38.952,21.03
32689,164,S4,264.0,38.829,21.03
32690,164,S4,267.0,38.569,21.03
32691,164,S4,270.0,38.300,21.03
32692,164,S4,273.0,38.075,21.03
32693,164,S4,276.0,37.757,21.03
32694,164,S4,279.0,37.445,21.03
32695,164,S4,282.0,37.166,21.03
32696,164,S4,285.0,36.883,21.03
32697,164,S4,288.0,36.675,21.03
32698,164,S4,291.0,36.431,21.03
32699,164,S4,294.0,36.110,21.03
32700,164,S4,297.0,35.854,21.03
32701,164,S4,300.0,35.784,21.03
32702,164,S4,303.0,35.463,21.03
32703,164,S4,306.0,35.322,21.03
32704,164,S4,309.0,35.014,21.03
32705,164,S4,312.0,34.808,21.03
32706,164,S4,315.0,34.606,21.03
32707,164,S4,318.0,34.402,21.03
32708,164,S4,321.0,34.205,21.03
32709,164,S4,324.0,34.006,21.03
32710,164,S4,327.0,33.786,21.03
32711,164,S4,330.0,33.567,21.03
32712,164,S4,333.0,33.391,21.03
32713,164,S4,336.0,33.119,21.03
32714,164,S4,339.0,33.016,21.03
32715,164,S4,342.0,32.770,21.03
32716,164,S4,345.0,32.720,21.03
32717,164,S4,348.0,32.415,21.03
32718,164,S4,351.0,32.289,21.03
32719,164,S4,354.0,32.114,21.03
32720,164,S4,357.0,31.947,21.03
32721,164,S4,360.0,31.843,21.03
32722,164,S4,363.0,31.656,21.03
32723,164,S4,366.0,31.444,21.03
32724,164,S4,369.0,31.267,21.03
32725,164,S4,372.0,31.148,21.03
32726,164,S4,375.0,30.961,21.03
32727,164,S4,378.0,30.811,21.03
32728,164,S4,381.0,30.575,21.03
32729,164,S4,384.0,30.418,21.03
32730,164,S4,387.0,30.377,21.03
32731,164,S4,390.0,30.178,21.03
32732,164,S4,393.0,30.143,21.03
32733,164,S4,396.0,30.037,21.03
32734,164,S4,399.0,29.811,21.03
32735,164,S4,402.0,29.687,21.03
32736,164,S4,405.0,29.489,21.03
32737,164,S4,408.0,29.357,21.03
32738,164,S4,411.0,29.222,21.03
32739,164,S4,414.0,29.137,21.03
32740,164,S4,417.0,29.086,21.03
32741,164,S4,420.0,28.923,21.03
32742,164,S4,423.0,28.746,21.03
32743,164,S4,426.0,28.693,21.03
32744,164,S4,429.0,28.526,21.03
32745,164,S4,432.0,28.411,21.03
32746,164,S4,435.0,28.325,21.03
32747,164,S4,438.0,28.119,21.03
32748,164,S4,441.0,28.068,21.03
32749,164,S4,444.0,27.985,21.03
32750,164,S4,447.0,27.865,21.03
32751,164,S4,450.0,27.611,21.03
32752,164,S4,453.0,27.567,21.03
32753,164,S4,456.0,27.475,21.03
32754,164,S4,459.0,27.393,21.03
32755,164,S4,462.0,27.407,21.03
32756,164,S4,465.0,27.280,21.03
32757,164,S4,468.0,27.114,21.03
32758,164,S4,471.0,27.055,21.03
32759,164,S4,474.0,26.907,21.03
32760,164,S4,477.0,26.762,21.03
32761,164,S4,480.0,26.720,21.03
32762,164,S4,483.0,26.661,21.03
32763,164,S4,486.0,26.662,21.03
32764,164,S4,489.0,26.499,21.03
32765,164,S4,492.0,26.371,21.03
32766,164,S4,495.0,26.248,21.03
32767,164,S4,498.0,26.183,21.03
32768,164,S4,501.0,26.161,21.03
32769,164,S4,504.0,26.055,21.03
32770,164,S4,507.0,26.043,21.03
32771,164,S4,510.0,25.909,21.03
32772,164,S4,513.0,25.865,21.03
32773,164,S4,516.0,25.816,21.03
32774,164,S4,519.0,25.709,21.03
32775,164,S4,522.0,25.733,21.03
32776,164,S4,525.0,25.585,21.03
32777,164,S4,528.0,25.529,21.03
32778,164,S4,531.0,25.404,21.03
32779,164,S4,534.0,25.291,21.03
32780,164,S4,537.0,25.381,21.03
32781,164,S4,540.0,25.184,21.03
32782,164,S4,543.0,25.104,21.03
32783,164,S4,546.0,25.118,21.03
32784,164,S4,549.0,24.895,21.03
32785,164,S4,552.0,25.014,21.03
32786,164,S4,555.0,24.843,21.03
32787,164,S4,558.0,24.936,21.03
32788,164,S4,561.0,24.725,21.03
32789,164,S4,564.0,24.665,21.03
32790,164,S4,567.0,24.673,21.03
32791,164,S4,570.0,24.550,21.03
32792,164,S4,573.0,24.580,21.03
32793,164,S4,576.0,24.558,21.03
32794,164,S4,579.0,24.480,21.03
32795,164,S4,582.0,24.414,21.03
32796,164,S4,585.0,24.365,21.03
32797,164,S4,588.0,24.345,21.03
32798,164,S4,591.0,24.305,21.03
32799,164,S4,594.0,24.186,21.03
32800,164,S4,597.0,24.172,21.03
32801,165,S1,0.0,70.194,21.89
32802,165,S1,3.0,69.506,21.89
32803,165,S1,6.0,68.714,21.89
32804,165,S1,9.0,68.153,21.89
32805,165,S1,12.0,67.451,21.89
32806,165,S1,15.0,66.857,21.89
32807,165,S1,18.0,66.165,21.89
32808,165,S1,21.0,65.662,21.89
32809,165,S1,24.0,65.017,21.89
32810,165,S1,27.0,64.449,21.89
32811,165,S1,30.0,63.855,21.89
32812,165,S1,33.0,63.230,21.89
32813,165,S1,36.0,62.737,21.89
32814,165,S1,39.0,62.272,21.89
32815,165,S1,42.0,61.640,21.89
32816,165,S1,45.0,61.185,21.89
32817,165,S1,48.0,60.500,21.89
32818,165,S1,51.0,60.001,21.89
32819,165,S1,54.0,59.469,21.89
32820,165,S1,57.0,59.005,21.89
32821,165,S1,60.0,58.407,21.89
32822,165,S1,63.0,57.887,21.89
32823,165,S1,66.0,57.491,21.89
32824,165,S1,69.0,56.936,21.89
32825,165,S1,72.0,56.489,21.89
32826,165,S1,75.0,56.005,21.89
32827,165,S1,78.0,55.518,21.89
32828,165,S1,81.0,55.002,21.89
32829,165,S1,84.0,54.645,21.89
32830,165,S1,87.0,54.137,21.89
32831,165,S1,90.0,53.658,21.89
32832,165,S1,93.0,53.273,21.89
32833,165,S1,96.0,52.946,21.89
32834,165,S1,99.0,52.452,21.89
32835,165,S1,102.0,51.997,21.89
32836,165,S1,105.0,51.529,21.89
32837,165,S1,108.0,51.235,21.89
32838,165,S1,111.0,50.801,21.89
32839,165,S1,114.0,50.371,21.89
32840,165,S1,117.0,50.050,21.89
32841,165,S1,120.0,49.593,21.89
32842,165,S1,123.0,49.339,21.89
32843,165,S1,126.0,48.916,21.89
32844,165,S1,129.0,48.582,21.89
32845,165,S1,132.0,48.132,21.89
32846,165,S1,135.0,47.773,21.89
32847,165,S1,138.0,47.421,21.89
32848,165,S1,141.0,47.050,21.89
32849,165,S1,144.0,46.717,21.89
32850,165,S1,147.0,46.430,21.89
32851,165,S1,150.0,46.096,21.89
32852,165,S1,153.0,45.758,21.89
32853,165,S1,156.0,45.430,21.89
32854,165,S1,159.0,45.038,21.89
32855,165,S1,162.0,44.844,21.89
32856,165,S1,165.0,44.497,21.89
32857,165,S1,168.0,44.124,21.89
32858,165,S1,171.0,43.754,21.89
32859,165,S1,174.0,43.545,21.89
32860,165,S1,177.0,43.257,21.89
32861,165,S1,180.0,42.927,21.89
32862,165,S1,183.0,42.668,21.89
32863,165,S1,186.0,42.427,21.89
32864,165,S1,189.0,42.059,21.89
32865,165,S1,192.0,41.797,21.89
32866,165,S1,195.0,41.491,21.89
32867,165,S1,198.0,41.240,21.89
32868,165,S1,201.0,40.998,21.89
32869,165,S1,204.0,40.718,21.89
32870,165,S1,207.0,40.466,21.89
32871,165,S1,210.0,40.265,21.89
32872,165,S1,213.0,39.952,21.89
32873,165,S1,216.0,39.771,21.89
32874,165,S1,219.0,39.517,21.89
32875,165,S1,222.0,39.258,21.89
32876,165,S1,225.0,39.042,21.89
32877,165,S1,228.0,38.735,21.89
32878,165,S1,231.0,38.488,21.89
32879,165,S1,234.0,38.267,21.89
32880,165,S1,237.0,38.079,21.89
32881,165,S1,240.0,37.887,21.89
32882,165,S1,243.0,37.644,21.89
32883,165,S1,246.0,37.398,21.89
32884,165,S1,249.0,37.230,21.89
32885,165,S1,252.0,36.986,21.89
32886,165,S1,255.0,36.788,21.89
32887,165,S1,258.0,36.590,21.89
32888,165,S1,261.0,36.344,21.89
32889,165,S1,264.0,36.115,21.89
32890,165,S1,267.0,36.021,21.89
32891,165,S1,270.0,35.778,21.89
32892,165,S1,273.0,35.584,21.89
32893,165,S1,276.0,35.289,21.89
32894,165,S1,279.0,35.234,21.89
32895,165,S1,282.0,34.953,21.89
32896,165,S1,285.0,34.909,21.89
32897,165,S1,288.0,34.713,21.89
32898,165,S1,291.0,34.532,21.89
32899,165,S1,294.0,34.375,21.89
32900,165,S1,297.0,34.169,21.89
32901,165,S1,300.0,33.969,21.89
32902,165,S1,303.0,33.864,21.89
32903,165,S1,306.0,33.758,21.89
32904,165,S1,309.0,33.529,21.89
32905,165,S1,312.0,33.422,21.89
32906,165,S1,315.0,33.262,21.89
32907,165,S1,318.0,33.066,21.89
32908,165,S1,321.0,32.905,21.89
32909,165,S1,324.0,32.761,21.89
32910,165,S1,327.0,32.657,21.89
32911,165,S1,330.0,32.377,21.89
32912,165,S1,333.0,32.252,21.89
32913,165,S1,336.0,32.163,21.89
32914,165,S1,339.0,32.055,21.89
32915,165,S1,342.0,31.918,21.89
32916,165,S1,345.0,31.719,21.89
32917,165,S1,348.0,31.616,21.89
32918,165,S1,351.0,31.465,21.89
32919,165,S1,354.0,31.336,21.89
32920,165,S1,357.0,31.275,21.89
32921,165,S1,360.0,31.013,21.89
32922,165,S1,363.0,30.976,21.89
32923,165,S1,366.0,30.811,21.89
32924,165,S1,369.0,30.799,21.89
32925,165,S1,372.0,30.492,21.89
32926,165,S1,375.0,30.440,21.89
32927,165,S1,378.0,30.399,21.89
32928,165,S1,381.0,30.266,21.89
32929,165,S1,384.0,30.064,21.89
32930,165,S1,387.0,30.047,21.89
32931,165,S1,390.0,29.911,21.89
32932,165,S1,393.0,29.799,21.89
32933,165,S1,396.0,29.596,21.89
32934,165,S1,399.0,29.552,21.89
32935,165,S1,402.0,29.438,21.89
32936,165,S1,405.0,29.293,21.89
32937,165,S1,408.0,29.290,21.89
32938,165,S1,411.0,29.193,21.89
32939,165,S1,414.0,29.098,21.89
32940,165,S1,417.0,28.992,21.89
32941,165,S1,420.0,28.788,21.89
32942,165,S1,423.0,28.725,21.89
32943,165,S1,426.0,28.646,21.89
32944,165,S1,429.0,28.496,21.89
32945,165,S1,432.0,28.507,21.89
32946,165,S1,435.0,28.364,21.89
32947,165,S1,438.0,28.325,21.89
32948,165,S1,441.0,28.315,21.89
32949,165,S1,444.0,28.228,21.89
32950,165,S1,447.0,28.061,21.89
32951,165,S1,450.0,27.943,21.89
32952,165,S1,453.0,27.913,21.89
32953,165,S1,456.0,27.807,21.89
32954,165,S1,459.0,27.759,21.89
32955,165,S1,462.0,27.650,21.89
32956,165,S1,465.0,27.473,21.89
32957,165,S1,468.0,27.404,21.89
32958,165,S1,471.0,27.510,21.89
32959,165,S1,474.0,27.372,21.89
32960,165,S1,477.0,27.314,21.89
32961,165,S1,480.0,27.198,21.89
32962,165,S1,483.0,27.065,21.89
32963,165,S1,486.0,26.955,21.89
32964,165,S1,489.0,26.938,21.89
32965,165,S1,492.0,26.959,21.89
32966,165,S1,495.0,26.769,21.89
32967,165,S1,498.0,26.815,21.89
32968,165,S1,501.0,26.666,21.89
32969,165,S1,504.0,26.617,21.89
32970,165,S1,507.0,26.495,21.89
32971,165,S1,510.0,26.485,21.89
32972,165,S1,513.0,26.415,21.89
32973,165,S1,516.0,26.372,21.89
32974,165,S1,519.0,26.246,21.89
32975,165,S1,522.0,26.228,21.89
32976,165,S1,525.0,26.169,21.89
32977,165,S1,528.0,26.069,21.89
32978,165,S1,531.0,26.095,21.89
32979,165,S1,534.0,26.030,21.89
32980,165,S1,537.0,26.047,21.89
32981,165,S1,540.0,25.913,21.89
32982,165,S1,543.0,25.828,21.89
32983,165,S1,546.0,25.793,21.89
32984,165,S1,549.0,25.738,21.89
32985,165,S1,552.0,25.712,21.89
32986,165,S1,555.0,25.624,21.89
32987,165,S1,558.0,25.619,21.89
32988,165,S1,561.0,25.615,21.89
32989,165,S1,564.0,25.364,21.89
32990,165,S1,567.0,25.433,21.89
32991,165,S1,570.0,25.463,21.89
32992,165,S1,573.0,25.294,21.89
32993,165,S1,576.0,25.303,21.89
32994,165,S1,579.0,25.244,21.89
32995,165,S1,582.0,25.190,21.89
32996,165,S1,585.0,25.210,21.89
32997,165,S1,588.0,25.113,21.89
32998,165,S1,591.0,25.099,21.89
32999,165,S1,594.0,24.965,21.89
33000,165,S1,597.0,24.973,21.89
33001,166,S2,0.0,71.373,21.91
33002,166,S2,3.0,70.629,21.91
33003,166,S2,6.0,69.815,21.91
33004,166,S2,9.0,69.094,21.91
33005,166,S2,12.0,68.348,21.91
33006,166,S2,15.0,67.605,21.91
33007,166,S2,18.0,66.852,21.91
33008,166,S2,21.0,66.097,21.91
33009,166,S2,24.0,65.467,21.91
33010,166,S2,27.0,64.770,21.91
33011,166,S2,30.0,64.068,21.91
33012,166,S2,33.0,63.244,21.91
33013,166,S2,36.0,62.669,21.91
33014,166,S2,39.0,62.026,21.91
33015,166,S2,42.0,61.278,21.91
33016,166,S2,45.0,60.664,21.91
33017,166,S2,48.0,60.102,21.91
33018,166,S2,51.0,59.514,21.91
33019,166,S2,54.0,58.946,21.91
33020,166,S2,57.0,58.242,21.91
33021,166,S2,60.0,57.711,21.91
33022,166,S2,63.0,57.112,21.91
33023,166,S2,66.0,56.561,21.91
33024,166,S2,69.0,56.006,21.91
33025,166,S2,72.0,55.401,21.91
33026,166,S2,75.0,54.830,21.91
33027,166,S2,78.0,54.290,21.91
33028,166,S2,81.0,53.776,21.91
33029,166,S2,84.0,53.283,21.91
33030,166,S2,87.0,52.833,21.91
33031,166,S2,90.0,52.282,21.91
33032,166,S2,93.0,51.773,21.91
33033,166,S2,96.0,51.336,21.91
33034,166,S2,99.0,50.816,21.91
33035,166,S2,102.0,50.295,21.91
33036,166,S2,105.0,49.910,21.91
33037,166,S2,108.0,49.425,21.91
33038,166,S2,111.0,49.078,21.91
33039,166,S2,114.0,48.559,21.91
33040,166,S2,117.0,48.153,21.91
33041,166,S2,120.0,47.829,21.91
33042,166,S2,123.0,47.356,21.91
33043,166,S2,126.0,46.921,21.91
33044,166,S2,129.0,46.506,21.91
33045,166,S2,132.0,46.142,21.91
33046,166,S2,135.0,45.668,21.91
33047,166,S2,138.0,45.382,21.91
33048,166,S2,141.0,44.977,21.91
33049,166,S2,144.0,44.701,21.91
33050,166,S2,147.0,44.166,21.91
33051,166,S2,150.0,43.814,21.91
33052,166,S2,153.0,43.646,21.91
33053,166,S2,156.0,43.077,21.91
33054,166,S2,159.0,42.844,21.91
33055,166,S2,162.0,42.501,21.91
33056,166,S2,165.0,42.138,21.91
33057,166,S2,168.0,41.840,21.91
33058,166,S2,171.0,41.500,21.91
33059,166,S2,174.0,41.154,21.91
33060,166,S2,177.0,40.913,21.91
33061,166,S2,180.0,40.594,21.91
33062,166,S2,183.0,40.246,21.91
33063,166,S2,186.0,39.970,21.91
33064,166,S2,189.0,39.625,21.91
33065,166,S2,192.0,39.440,21.91
33066,166,S2,195.0,39.034,21.91
33067,166,S2,198.0,38.797,21.91
33068,166,S2,201.0,38.501,21.91
33069,166,S2,204.0,38.265,21.91
33070,166,S2,207.0,38.071,21.91
33071,166,S2,210.0,37.856,21.91
33072,166,S2,213.0,37.598,21.91
33073,166,S2,216.0,37.337,21.91
33074,166,S2,219.0,37.054,21.91
33075,166,S2,222.0,36.797,21.91
33076,166,S2,225.0,36.553,21.91
33077,166,S2,228.0,36.169,21.91
33078,166,S2,231.0,36.111,21.91
33079,166,S2,234.0,35.822,21.91
33080,166,S2,237.0,35.614,21.91
33081,166,S2,240.0,35.346,21.91
33082,166,S2,243.0,35.064,21.91
33083,166,S2,246.0,34.967,21.91
33084,166,S2,249.0,34.769,21.91
33085,166,S2,252.0,34.503,21.91
33086,166,S2,255.0,34.354,21.91
33087,166,S2,258.0,34.113,21.91
33088,166,S2,261.0,33.979,21.91
33089,166,S2,264.0,33.768,21.91
33090,166,S2,267.0,33.557,21.91
33091,166,S2,270.0,33.325,21.91
33092,166,S2,273.0,33.204,21.91
33093,166,S2,276.0,32.978,21.91
33094,166,S2,279.0,32.816,21.91
33095,166,S2,282.0,32.630,21.91
33096,166,S2,285.0,32.483,21.91
33097,166,S2,288.0,32.353,21.91
33098,166,S2,291.0,32.204,21.91
33099,166,S2,294.0,31.946,21.91
33100,166,S2,297.0,31.806,21.91
33101,166,S2,300.0,31.775,21.91
33102,166,S2,303.0,31.468,21.91
33103,166,S2,306.0,31.368,21.91
33104,166,S2,309.0,31.209,21.91
33105,166,S2,312.0,31.070,21.91
33106,166,S2,315.0,30.852,21.91
33107,166,S2,318.0,30.763,21.91
33108,166,S2,321.0,30.641,21.91
33109,166,S2,324.0,30.492,21.91
33110,166,S2,327.0,30.283,21.91
33111,166,S2,330.0,30.251,21.91
33112,166,S2,333.0,29.964,21.91
33113,166,S2,336.0,29.947,21.91
33114,166,S2,339.0,29.727,21.91
33115,166,S2,342.0,29.638,21.91
33116,166,S2,345.0,29.501,21.91
33117,166,S2,348.0,29.432,21.91
33118,166,S2,351.0,29.197,21.91
33119,166,S2,354.0,29.145,21.91
33120,166,S2,357.0,29.115,21.91
33121,166,S2,360.0,28.944,21.91
33122,166,S2,363.0,28.836,21.91
33123,166,S2,366.0,28.689,21.91
33124,166,S2,369.0,28.614,21.91
33125,166,S2,372.0,28.577,21.91
33126,166,S2,375.0,28.384,21.91
33127,166,S2,378.0,28.268,21.91
33128,166,S2,381.0,28.170,21.91
33129,166,S2,384.0,28.089,21.91
33130,166,S2,387.0,27.913,21.91
33131,166,S2,390.0,27.819,21.91
33132,166,S2,393.0,27.761,21.91
33133,166,S2,396.0,27.678,21.91
33134,166,S2,399.0,27.568,21.91
33135,166,S2,402.0,27.480,21.91
33136,166,S2,405.0,27.397,21.91
33137,166,S2,408.0,27.377,21.91
33138,166,S2,411.0,27.297,21.91
33139,166,S2,414.0,27.105,21.91
33140,166,S2,417.0,26.969,21.91
33141,166,S2,420.0,27.088,21.91
33142,166,S2,423.0,26.868,21.91
33143,166,S2,426.0,26.767,21.91
33144,166,S2,429.0,26.700,21.91
33145,166,S2,432.0,26.609,21.91
33146,166,S2,435.0,26.575,21.91
33147,166,S2,438.0,26.600,21.91
33148,166,S2,441.0,26.468,21.91
33149,166,S2,444.0,26.432,21.91
33150,166,S2,447.0,26.316,21.91
33151,166,S2,450.0,26.197,21.91
33152,166,S2,453.0,26.155,21.91
33153,166,S2,456.0,26.136,21.91
33154,166,S2,459.0,25.985,21.91
33155,166,S2,462.0,25.958,21.91
33156,166,S2,465.0,25.881,21.91
33157,166,S2,468.0,25.765,21.91
33158,166,S2,471.0,25.713,21.91
33159,166,S2,474.0,25.748,21.91
33160,166,S2,477.0,25.645,21.91
33161,166,S2,480.0,25.517,21.91
33162,166,S2,483.0,25.483,21.91
33163,166,S2,486.0,25.486,21.91
33164,166,S2,489.0,25.389,21.91
33165,166,S2,492.0,25.310,21.91
33166,166,S2,495.0,25.342,21.91
33167,166,S2,498.0,25.292,21.91
33168,166,S2,501.0,25.165,21.91
33169,166,S2,504.0,25.145,21.91
33170,166,S2,507.0,25.039,21.91
33171,166,S2,510.0,25.009,21.91
33172,166,S2,513.0,24.868,21.91
33173,166,S2,516.0,24.941,21.91
33174,166,S2,519.0,24.921,21.91
33175,166,S2,522.0,24.733,21.91
33176,166,S2,525.0,24.853,21.91
33177,166,S2,528.0,24.778,21.91
33178,166,S2,531.0,24.636,21.91
33179,166,S2,534.0,24.483,21.91
33180,166,S2,537.0,24.559,21.91
33181,166,S2,540.0,24.581,21.91
33182,166,S2,543.0,24.578,21.91
33183,166,S2,546.0,24.427,21.91
33184,166,S2,549.0,24.474,21.91
33185,166,S2,552.0,24.372,21.91
33186,166,S2,555.0,24.295,21.91
33187,166,S2,558.0,24.332,21.91
33188,166,S2,561.0,24.243,21.91
33189,166,S2,564.0,24.241,21.91
33190,166,S2,567.0,24.222,21.91
33191,166,S2,570.0,24.188,21.91
33192,166,S2,573.0,24.042,21.91
33193,166,S2,576.0,24.071,21.91
33194,166,S2,579.0,24.084,21.91
33195,166,S2,582.0,23.948,21.91
33196,166,S2,585.0,24.030,21.91
33197,166,S2,588.0,23.914,21.91
33198,166,S2,591.0,23.950,21.91
33199,166,S2,594.0,23.848,21.91
33200,166,S2,597.0,23.781,21.91
33201,167,S3,0.0,91.408,22.33
33202,167,S3,3.0,90.233,22.33
33203,167,S3,6.0,89.123,22.33
33204,167,S3,9.0,87.990,22.33
33205,167,S3,12.0,86.883,22.33
33206,167,S3,15.0,85.680,22.33
33207,167,S3,18.0,84.747,22.33
33208,167,S3,21.0,83.681,22.33
33209,167,S3,24.0,82.607,22.33
33210,167,S3,27.0,81.591,22.33
33211,167,S3,30.0,80.526,22.33
33212,167,S3,33.0,79.605,22.33
33213,167,S3,36.0,78.591,22.33
33214,167,S3,39.0,77.680,22.33
33215,167,S3,42.0,76.681,22.33
33216,167,S3,45.0,75.725,22.33
33217,167,S3,48.0,74.884,22.33
33218,167,S3,51.0,74.007,22.33
33219,167,S3,54.0,73.199,22.33
33220,167,S3,57.0,72.285,22.33
33221,167,S3,60.0,71.386,22.33
33222,167,S3,63.0,70.530,22.33
33223,167,S3,66.0,69.696,22.33
33224,167,S3,69.0,68.908,22.33
33225,167,S3,72.0,68.194,22.33
33226,167,S3,75.0,67.346,22.33
33227,167,S3,78.0,66.692,22.33
33228,167,S3,81.0,65.842,22.33
33229,167,S3,84.0,65.016,22.33
33230,167,S3,87.0,64.361,22.33
33231,167,S3,90.0,63.681,22.33
33232,167,S3,93.0,63.028,22.33
33233,167,S3,96.0,62.316,22.33
33234,167,S3,99.0,61.556,22.33
33235,167,S3,102.0,60.950,22.33
33236,167,S3,105.0,60.399,22.33
33237,167,S3,108.0,59.593,22.33
33238,167,S3,111.0,58.913,22.33
33239,167,S3,114.0,58.470,22.33
33240,167,S3,117.0,57.825,22.33
33241,167,S3,120.0,57.174,22.33
33242,167,S3,123.0,56.628,22.33
33243,167,S3,126.0,55.963,22.33
33244,167,S3,129.0,55.365,22.33
33245,167,S3,132.0,54.833,22.33
33246,167,S3,135.0,54.330,22.33
33247,167,S3,138.0,53.827,22.33
33248,167,S3,141.0,53.107,22.33
33249,167,S3,144.0,52.722,22.33
33250,167,S3,147.0,52.144,22.33
33251,167,S3,150.0,51.684,22.33
33252,167,S3,153.0,51.202,22.33
33253,167,S3,156.0,50.705,22.33
33254,167,S3,159.0,50.253,22.33
33255,167,S3,162.0,49.729,22.33
33256,167,S3,165.0,49.399,22.33
33257,167,S3,168.0,48.873,22.33
33258,167,S3,171.0,48.383,22.33
33259,167,S3,174.0,47.955,22.33
33260,167,S3,177.0,47.435,22.33
33261,167,S3,180.0,47.071,22.33
33262,167,S3,183.0,46.620,22.33
33263,167,S3,186.0,46.219,22.33
33264,167,S3,189.0,45.837,22.33
33265,167,S3,192.0,45.479,22.33
33266,167,S3,195.0,45.153,22.33
33267,167,S3,198.0,44.554,22.33
33268,167,S3,201.0,44.287,22.33
33269,167,S3,204.0,43.966,22.33
33270,167,S3,207.0,43.609,22.33
33271,167,S3,210.0,43.223,22.33
33272,167,S3,213.0,42.862,22.33
33273,167,S3,216.0,42.433,22.33
33274,167,S3,219.0,42.110,22.33
33275,167,S3,222.0,41.836,22.33
33276,167,S3,225.0,41.440,22.33
33277,167,S3,228.0,41.110,22.33
33278,167,S3,231.0,40.774,22.33
33279,167,S3,234.0,40.558,22.33
33280,167,S3,237.0,40.259,22.33
33281,167,S3,240.0,39.824,22.33
33282,167,S3,243.0,39.606,22.33
33283,167,S3,246.0,39.313,22.33
33284,167,S3,249.0,39.110,22.33
33285,167,S3,252.0,38.804,22.33
33286,167,S3,255.0,38.456,22.33
33287,167,S3,258.0,38.112,22.33
33288,167,S3,261.0,37.905,22.33
33289,167,S3,264.0,37.647,22.33
33290,167,S3,267.0,37.346,22.33
33291,167,S3,270.0,37.188,22.33
33292,167,S3,273.0,36.978,22.33
33293,167,S3,276.0,36.648,22.33
33294,167,S3,279.0,36.346,22.33
33295,167,S3,282.0,36.112,22.33
33296,167,S3,285.0,35.873,22.33
33297,167,S3,288.0,35.696,22.33
33298,167,S3,291.0,35.468,22.33
33299,167,S3,294.0,35.244,22.33
33300,167,S3,297.0,35.064,22.33
33301,167,S3,300.0,34.828,22.33
33302,167,S3,303.0,34.571,22.33
33303,167,S3,306.0,34.304,22.33
33304,167,S3,309.0,34.156,22.33
33305,167,S3,312.0,33.989,22.33
33306,167,S3,315.0,33.805,22.33
33307,167,S3,318.0,33.560,22.33
33308,167,S3,321.0,33.420,22.33
33309,167,S3,324.0,33.231,22.33
33310,167,S3,327.0,33.072,22.33
33311,167,S3,330.0,32.868,22.33
33312,167,S3,333.0,32.754,22.33
33313,167,S3,336.0,32.442,22.33
33314,167,S3,339.0,32.286,22.33
33315,167,S3,342.0,32.135,22.33
33316,167,S3,345.0,31.974,22.33
33317,167,S3,348.0,31.757,22.33
33318,167,S3,351.0,31.505,22.33
33319,167,S3,354.0,31.482,22.33
33320,167,S3,357.0,31.248,22.33
33321,167,S3,360.0,31.170,22.33
33322,167,S3,363.0,31.004,22.33
33323,167,S3,366.0,30.972,22.33
33324,167,S3,369.0,30.689,22.33
33325,167,S3,372.0,30.657,22.33
33326,167,S3,375.0,30.498,22.33
33327,167,S3,378.0,30.262,22.33
33328,167,S3,381.0,30.195,22.33
33329,167,S3,384.0,30.087,22.33
33330,167,S3,387.0,29.897,22.33
33331,167,S3,390.0,29.840,22.33
33332,167,S3,393.0,29.641,22.33
33333,167,S3,396.0,29.521,22.33
33334,167,S3,399.0,29.336,22.33
33335,167,S3,402.0,29.301,22.33
33336,167,S3,405.0,29.162,22.33
33337,167,S3,408.0,28.997,22.33
33338,167,S3,411.0,28.904,22.33
33339,167,S3,414.0,28.750,22.33
33340,167,S3,417.0,28.698,22.33
33341,167,S3,420.0,28.626,22.33
33342,167,S3,423.0,28.495,22.33
33343,167,S3,426.0,28.481,22.33
33344,167,S3,429.0,28.265,22.33
33345,167,S3,432.0,28.217,22.33
33346,167,S3,435.0,28.100,22.33
33347,167,S3,438.0,28.076,22.33
33348,167,S3,441.0,27.876,22.33
33349,167,S3,444.0,27.777,22.33
33350,167,S3,447.0,27.721,22.33
33351,167,S3,450.0,27.612,22.33
33352,167,S3,453.0,27.627,22.33
33353,167,S3,456.0,27.449,22.33
33354,167,S3,459.0,27.351,22.33
33355,167,S3,462.0,27.295,22.33
33356,167,S3,465.0,27.189,22.33
33357,167,S3,468.0,27.114,22.33
33358,167,S3,471.0,27.037,22.33
33359,167,S3,474.0,26.899,22.33
33360,167,S3,477.0,26.926,22.33
33361,167,S3,480.0,26.740,22.33
33362,167,S3,483.0,26.600,22.33
33363,167,S3,486.0,26.600,22.33
33364,167,S3,489.0,26.541,22.33
33365,167,S3,492.0,26.540,22.33
33366,167,S3,495.0,26.518,22.33
33367,167,S3,498.0,26.373,22.33
33368,167,S3,501.0,26.188,22.33
33369,167,S3,504.0,26.209,22.33
33370,167,S3,507.0,26.118,22.33
33371,167,S3,510.0,26.171,22.33
33372,167,S3,513.0,25.996,22.33
33373,167,S3,516.0,25.998,22.33
33374,167,S3,519.0,25.824,22.33
33375,167,S3,522.0,25.831,22.33
33376,167,S3,525.0,25.915,22.33
33377,167,S3,528.0,25.663,22.33
33378,167,S3,531.0,25.729,22.33
33379,167,S3,534.0,25.601,22.33
33380,167,S3,537.0,25.553,22.33
33381,167,S3,540.0,25.477,22.33
33382,167,S3,543.0,25.514,22.33
33383,167,S3,546.0,25.354,22.33
33384,167,S3,549.0,25.331,22.33
33385,167,S3,552.0,25.144,22.33
33386,167,S3,555.0,25.244,22.33
33387,167,S3,558.0,25.117,22.33
33388,167,S3,561.0,25.104,22.33
33389,167,S3,564.0,25.116,22.33
33390,167,S3,567.0,25.091,22.33
33391,167,S3,570.0,25.066,22.33
33392,167,S3,573.0,24.853,22.33
33393,167,S3,576.0,24.932,22.33
33394,167,S3,579.0,24.890,22.33
33395,167,S3,582.0,24.895,22.33
33396,167,S3,585.0,24.705,22.33
33397,167,S3,588.0,24.672,22.33
33398,167,S3,591.0,24.769,22.33
33399,167,S3,594.0,24.628,22.33
33400,167,S3,597.0,24.653,22.33
33401,168,S4,0.0,93.595,22.27
33402,168,S4,3.0,92.090,22.27
33403,168,S4,6.0,90.372,22.27
33404,168,S4,9.0,88.880,22.27
33405,168,S4,12.0,87.330,22.27
33406,168,S4,15.0,85.746,22.27
33407,168,S4,18.0,84.381,22.27
33408,168,S4,21.0,83.064,22.27
33409,168,S4,24.0,81.515,22.27
33410,168,S4,27.0,80.127,22.27
33411,168,S4,30.0,78.823,22.27
33412,168,S4,33.0,77.571,22.27
33413,168,S4,36.0,76.279,22.27
33414,168,S4,39.0,74.985,22.27
33415,168,S4,42.0,73.727,22.27
33416,168,S4,45.0,72.716,22.27
33417,168,S4,48.0,71.388,22.27
33418,168,S4,51.0,70.325,22.27
33419,168,S4,54.0,69.216,22.27
33420,168,S4,57.0,68.145,22.27
33421,168,S4,60.0,67.100,22.27
33422,168,S4,63.0,66.014,22.27
33423,168,S4,66.0,65.017,22.27
33424,168,S4,69.0,64.079,22.27
33425,168,S4,72.0,63.142,22.27
33426,168,S4,75.0,62.242,22.27
33427,168,S4,78.0,61.299,22.27
33428,168,S4,81.0,60.379,22.27
33429,168,S4,84.0,59.507,22.27
33430,168,S4,87.0,58.745,22.27
33431,168,S4,90.0,57.813,22.27
33432,168,S4,93.0,57.006,22.27
33433,168,S4,96.0,56.163,22.27
33434,168,S4,99.0,55.383,22.27
33435,168,S4,102.0,54.624,22.27
33436,168,S4,105.0,53.896,22.27
33437,168,S4,108.0,53.224,22.27
33438,168,S4,111.0,52.488,22.27
33439,168,S4,114.0,51.739,22.27
33440,168,S4,117.0,51.153,22.27
33441,168,S4,120.0,50.525,22.27
33442,168,S4,123.0,49.770,22.27
33443,168,S4,126.0,49.211,22.27
33444,168,S4,129.0,48.572,22.27
33445,168,S4,132.0,47.952,22.27
33446,168,S4,135.0,47.337,22.27
33447,168,S4,138.0,46.794,22.27
33448,168,S4,141.0,46.257,22.27
33449,168,S4,144.0,45.700,22.27
33450,168,S4,147.0,45.049,22.27
33451,168,S4,150.0,44.660,22.27
33452,168,S4,153.0,44.060,22.27
33453,168,S4,156.0,43.597,22.27
33454,168,S4,159.0,43.048,22.27
33455,168,S4,162.0,42.649,22.27
33456,168,S4,165.0,42.131,22.27
33457,168,S4,168.0,41.781,22.27
33458,168,S4,171.0,41.298,22.27
33459,168,S4,174.0,40.780,22.27
33460,168,S4,177.0,40.395,22.27
33461,168,S4,180.0,40.017,22.27
33462,168,S4,183.0,39.633,22.27
33463,168,S4,186.0,39.156,22.27
33464,168,S4,189.0,38.829,22.27
33465,168,S4,192.0,38.366,22.27
33466,168,S4,195.0,37.960,22.27
33467,168,S4,198.0,37.728,22.27
33468,168,S4,201.0,37.352,22.27
33469,168,S4,204.0,36.939,22.27
33470,168,S4,207.0,36.687,22.27
33471,168,S4,210.0,36.310,22.27
33472,168,S4,213.0,36.020,22.27
33473,168,S4,216.0,35.631,22.27
33474,168,S4,219.0,35.366,22.27
33475,168,S4,222.0,35.045,22.27
33476,168,S4,225.0,34.788,22.27
33477,168,S4,228.0,34.487,22.27
33478,168,S4,231.0,34.185,22.27
33479,168,S4,234.0,34.000,22.27
33480,168,S4,237.0,33.654,22.27
33481,168,S4,240.0,33.403,22.27
33482,168,S4,243.0,33.089,22.27
33483,168,S4,246.0,32.910,22.27
33484,168,S4,249.0,32.646,22.27
33485,168,S4,252.0,32.387,22.27
33486,168,S4,255.0,32.211,22.27
33487,168,S4,258.0,31.961,22.27
33488,168,S4,261.0,31.758,22.27
33489,168,S4,264.0,31.513,22.27
33490,168,S4,267.0,31.346,22.27
33491,168,S4,270.0,31.018,22.27
33492,168,S4,273.0,30.884,22.27
33493,168,S4,276.0,30.659,22.27
33494,168,S4,279.0,30.498,22.27
33495,168,S4,282.0,30.353,22.27
33496,168,S4,285.0,30.126,22.27
33497,168,S4,288.0,29.926,22.27
33498,168,S4,291.0,29.684,22.27
33499,168,S4,294.0,29.629,22.27
33500,168,S4,297.0,29.433,22.27
33501,168,S4,300.0,29.290,22.27
33502,168,S4,303.0,29.153,22.27
33503,168,S4,306.0,28.920,22.27
33504,168,S4,309.0,28.796,22.27
33505,168,S4,312.0,28.627,22.27
33506,168,S4,315.0,28.394,22.27
33507,168,S4,318.0,28.347,22.27
33508,168,S4,321.0,28.181,22.27
33509,168,S4,324.0,28.038,22.27
33510,168,S4,327.0,27.921,22.27
33511,168,S4,330.0,27.832,22.27
33512,168,S4,333.0,27.723,22.27
33513,168,S4,336.0,27.625,22.27
33514,168,S4,339.0,27.467,22.27
33515,168,S4,342.0,27.275,22.27
33516,168,S4,345.0,27.197,22.27
33517,168,S4,348.0,27.131,22.27
33518,168,S4,351.0,26.994,22.27
33519,168,S4,354.0,26.920,22.27
33520,168,S4,357.0,26.865,22.27
33521,168,S4,360.0,26.718,22.27
33522,168,S4,363.0,26.569,22.27
33523,168,S4,366.0,26.551,22.27
33524,168,S4,369.0,26.418,22.27
33525,168,S4,372.0,26.257,22.27
33526,168,S4,375.0,26.277,22.27
33527,168,S4,378.0,26.011,22.27
33528,168,S4,381.0,25.951,22.27
33529,168,S4,384.0,25.922,22.27
33530,168,S4,387.0,25.920,22.27
33531,168,S4,390.0,25.693,22.27
33532,168,S4,393.0,25.762,22.27
33533,168,S4,396.0,25.575,22.27
33534,168,S4,399.0,25.506,22.27
33535,168,S4,402.0,25.459,22.27
33536,168,S4,405.0,25.293,22.27
33537,168,S4,408.0,25.311,22.27
33538,168,S4,411.0,25.271,22.27
33539,168,S4,414.0,25.089,22.27
33540,168,S4,417.0,25.089,22.27
33541,168,S4,420.0,25.076,22.27
33542,168,S4,423.0,25.012,22.27
33543,168,S4,426.0,24.879,22.27
33544,168,S4,429.0,24.855,22.27
33545,168,S4,432.0,24.717,22.27
33546,168,S4,435.0,24.741,22.27
33547,168,S4,438.0,24.704,22.27
33548,168,S4,441.0,24.611,22.27
33549,168,S4,444.0,24.614,22.27
33550,168,S4,447.0,24.580,22.27
33551,168,S4,450.0,24.403,22.27
33552,168,S4,453.0,24.429,22.27
33553,168,S4,456.0,24.402,22.27
33554,168,S4,459.0,24.260,22.27
33555,168,S4,462.0,24.259,22.27
33556,168,S4,465.0,24.212,22.27
33557,168,S4,468.0,24.209,22.27
33558,168,S4,471.0,24.076,22.27
33559,168,S4,474.0,24.103,22.27
33560,168,S4,477.0,24.135,22.27
33561,168,S4,480.0,24.062,22.27
33562,168,S4,483.0,23.990,22.27
33563,168,S4,486.0,23.829,22.27
33564,168,S4,489.0,23.864,22.27
33565,168,S4,492.0,23.915,22.27
33566,168,S4,495.0,23.829,22.27
33567,168,S4,498.0,23.866,22.27
33568,168,S4,501.0,23.740,22.27
33569,168,S4,504.0,23.734,22.27
33570,168,S4,507.0,23.792,22.27
33571,168,S4,510.0,23.641,22.27
33572,168,S4,513.0,23.577,22.27
33573,168,S4,516.0,23.582,22.27
33574,168,S4,519.0,23.579,22.27
33575,168,S4,522.0,23.518,22.27
33576,168,S4,525.0,23.425,22.27
33577,168,S4,528.0,23.418,22.27
33578,168,S4,531.0,23.432,22.27
33579,168,S4,534.0,23.434,22.27
33580,168,S4,537.0,23.464,22.27
33581,168,S4,540.0,23.408,22.27
33582,168,S4,543.0,23.312,22.27
33583,168,S4,546.0,23.381,22.27
33584,168,S4,549.0,23.215,22.27
33585,168,S4,552.0,23.202,22.27
33586,168,S4,555.0,23.258,22.27
33587,168,S4,558.0,23.210,22.27
33588,168,S4,561.0,23.241,22.27
33589,168,S4,564.0,23.169,22.27
33590,168,S4,567.0,23.122,22.27
33591,168,S4,570.0,23.140,22.27
33592,168,S4,573.0,23.167,22.27
33593,168,S4,576.0,23.111,22.27
33594,168,S4,579.0,23.079,22.27
33595,168,S4,582.0,23.029,22.27
33596,168,S4,585.0,23.000,22.27
33597,168,S4,588.0,23.038,22.27
33598,168,S4,591.0,23.079,22.27
33599,168,S4,594.0,23.033,22.27
33600,168,S4,597.0,23.041,22.27
33601,169,S1,0.0,86.989,20.25
33602,169,S1,3.0,85.634,20.25
33603,169,S1,6.0,84.196,20.25
33604,169,S1,9.0,82.668,20.25
33605,169,S1,12.0,81.469,20.25
33606,169,S1,15.0,80.135,20.25
33607,169,S1,18.0,78.977,20.25
33608,169,S1,21.0,77.634,20.25
33609,169,S1,24.0,76.398,20.25
33610,169,S1,27.0,75.221,20.25
33611,169,S1,30.0,74.114,20.25
33612,169,S1,33.0,72.887,20.25
33613,169,S1,36.0,71.715,20.25
33614,169,S1,39.0,70.601,20.25
33615,169,S1,42.0,69.611,20.25
33616,169,S1,45.0,68.633,20.25
33617,169,S1,48.0,67.553,20.25
33618,169,S1,51.0,66.552,20.25
33619,169,S1,54.0,65.461,20.25
33620,169,S1,57.0,64.513,20.25
33621,169,S1,60.0,63.695,20.25
33622,169,S1,63.0,62.747,20.25
33623,169,S1,66.0,61.804,20.25
33624,169,S1,69.0,60.888,20.25
33625,169,S1,72.0,60.045,20.25
33626,169,S1,75.0,59.217,20.25
33627,169,S1,78.0,58.453,20.25
33628,169,S1,81.0,57.564,20.25
33629,169,S1,84.0,56.787,20.25
33630,169,S1,87.0,55.943,20.25
33631,169,S1,90.0,55.207,20.25
33632,169,S1,93.0,54.480,20.25
33633,169,S1,96.0,53.767,20.25
33634,169,S1,99.0,53.018,20.25
33635,169,S1,102.0,52.373,20.25
33636,169,S1,105.0,51.656,20.25
33637,169,S1,108.0,50.979,20.25
33638,169,S1,111.0,50.310,20.25
33639,169,S1,114.0,49.823,20.25
33640,169,S1,117.0,49.120,20.25
33641,169,S1,120.0,48.434,20.25
33642,169,S1,123.0,47.872,20.25
33643,169,S1,126.0,47.314,20.25
33644,169,S1,129.0,46.656,20.25
33645,169,S1,132.0,46.092,20.25
33646,169,S1,135.0,45.649,20.25
33647,169,S1,138.0,44.983,20.25
33648,169,S1,141.0,44.421,20.25
33649,169,S1,144.0,43.973,20.25
33650,169,S1,147.0,43.432,20.25
33651,169,S1,150.0,43.006,20.25
33652,169,S1,153.0,42.597,20.25
33653,169,S1,156.0,42.032,20.25
33654,169,S1,159.0,41.556,20.25
33655,169,S1,162.0,41.250,20.25
33656,169,S1,165.0,40.702,20.25
33657,169,S1,168.0,40.261,20.25
33658,169,S1,171.0,39.792,20.25
33659,169,S1,174.0,39.307,20.25
33660,169,S1,177.0,38.965,20.25
33661,169,S1,180.0,38.602,20.25
33662,169,S1,183.0,38.229,20.25
33663,169,S1,186.0,37.850,20.25
33664,169,S1,189.0,37.537,20.25
33665,169,S1,192.0,37.094,20.25
33666,169,S1,195.0,36.678,20.25
33667,169,S1,198.0,36.395,20.25
33668,169,S1,201.0,36.119,20.25
33669,169,S1,204.0,35.619,20.25
33670,169,S1,207.0,35.293,20.25
33671,169,S1,210.0,34.948,20.25
33672,169,S1,213.0,34.756,20.25
33673,169,S1,216.0,34.445,20.25
33674,169,S1,219.0,34.132,20.25
33675,169,S1,222.0,33.847,20.25
33676,169,S1,225.0,33.532,20.25
33677,169,S1,228.0,33.307,20.25
33678,169,S1,231.0,32.910,20.25
33679,169,S1,234.0,32.651,20.25
33680,169,S1,237.0,32.351,20.25
33681,169,S1,240.0,32.213,20.25
33682,169,S1,243.0,31.975,20.25
33683,169,S1,246.0,31.633,20.25
33684,169,S1,249.0,31.512,20.25
33685,169,S1,252.0,31.200,20.25
33686,169,S1,255.0,30.902,20.25
33687,169,S1,258.0,30.806,20.25
33688,169,S1,261.0,30.460,20.25
33689,169,S1,264.0,30.250,20.25
33690,169,S1,267.0,30.120,20.25
33691,169,S1,270.0,29.796,20.25
33692,169,S1,273.0,29.658,20.25
33693,169,S1,276.0,29.410,20.25
33694,169,S1,279.0,29.299,20.25
33695,169,S1,282.0,29.068,20.25
33696,169,S1,285.0,28.940,20.25
33697,169,S1,288.0,28.755,20.25
33698,169,S1,291.0,28.518,20.25
33699,169,S1,294.0,28.396,20.25
33700,169,S1,297.0,28.183,20.25
33701,169,S1,300.0,28.016,20.25
33702,169,S1,303.0,27.875,20.25
33703,169,S1,306.0,27.729,20.25
33704,169,S1,309.0,27.473,20.25
33705,169,S1,312.0,27.375,20.25
33706,169,S1,315.0,27.153,20.25
33707,169,S1,318.0,27.039,20.25
33708,169,S1,321.0,26.907,20.25
33709,169,S1,324.0,26.758,20.25
33710,169,S1,327.0,26.599,20.25
33711,169,S1,330.0,26.480,20.25
33712,169,S1,333.0,26.404,20.25
33713,169,S1,336.0,26.286,20.25
33714,169,S1,339.0,26.126,20.25
33715,169,S1,342.0,25.989,20.25
33716,169,S1,345.0,25.935,20.25
33717,169,S1,348.0,25.709,20.25
33718,169,S1,351.0,25.657,20.25
33719,169,S1,354.0,25.607,20.25
33720,169,S1,357.0,25.368,20.25
33721,169,S1,360.0,25.161,20.25
33722,169,S1,363.0,25.276,20.25
33723,169,S1,366.0,25.122,20.25
33724,169,S1,369.0,25.041,20.25
33725,169,S1,372.0,24.856,20.25
33726,169,S1,375.0,24.762,20.25
33727,169,S1,378.0,24.641,20.25
33728,169,S1,381.0,24.614,20.25
33729,169,S1,384.0,24.496,20.25
33730,169,S1,387.0,24.452,20.25
33731,169,S1,390.0,24.315,20.25
33732,169,S1,393.0,24.239,20.25
33733,169,S1,396.0,24.086,20.25
33734,169,S1,399.0,24.110,20.25
33735,169,S1,402.0,23.971,20.25
33736,169,S1,405.0,23.900,20.25
33737,169,S1,408.0,23.868,20.25
33738,169,S1,411.0,23.740,20.25
33739,169,S1,414.0,23.652,20.25
33740,169,S1,417.0,23.683,20.25
33741,169,S1,420.0,23.444,20.25
33742,169,S1,423.0,23.448,20.25
33743,169,S1,426.0,23.370,20.25
33744,169,S1,429.0,23.353,20.25
33745,169,S1,432.0,23.156,20.25
33746,169,S1,435.0,23.169,20.25
33747,169,S1,438.0,23.066,20.25
33748,169,S1,441.0,23.145,20.25
33749,169,S1,444.0,22.908,20.25
33750,169,S1,447.0,22.972,20.25
33751,169,S1,450.0,22.842,20.25
33752,169,S1,453.0,22.787,20.25
33753,169,S1,456.0,22.712,20.25
33754,169,S1,459.0,22.792,20.25
33755,169,S1,462.0,22.736,20.25
33756,169,S1,465.0,22.619,20.25
33757,169,S1,468.0,22.545,20.25
33758,169,S1,471.0,22.397,20.25
33759,169,S1,474.0,22.469,20.25
33760,169,S1,477.0,22.460,20.25
33761,169,S1,480.0,22.414,20.25
33762,169,S1,483.0,22.397,20.25
33763,169,S1,486.0,22.226,20.25
33764,169,S1,489.0,22.243,20.25
33765,169,S1,492.0,22.288,20.25
33766,169,S1,495.0,22.287,20.25
33767,169,S1,498.0,22.126,20.25
33768,169,S1,501.0,22.059,20.25
33769,169,S1,504.0,22.027,20.25
33770,169,S1,507.0,22.006,20.25
33771,169,S1,510.0,21.898,20.25
33772,169,S1,513.0,21.978,20.25
33773,169,S1,516.0,21.956,20.25
33774,169,S1,519.0,21.987,20.25
33775,169,S1,522.0,21.879,20.25
33776,169,S1,525.0,21.789,20.25
33777,169,S1,528.0,21.689,20.25
33778,169,S1,531.0,21.667,20.25
33779,169,S1,534.0,21.661,20.25
33780,169,S1,537.0,21.746,20.25
33781,169,S1,540.0,21.663,20.25
33782,169,S1,543.0,21.518,20.25
33783,169,S1,546.0,21.543,20.25
33784,169,S1,549.0,21.563,20.25
33785,169,S1,552.0,21.610,20.25
33786,169,S1,555.0,21.429,20.25
33787,169,S1,558.0,21.449,20.25
33788,169,S1,561.0,21.529,20.25
33789,169,S1,564.0,21.372,20.25
33790,169,S1,567.0,21.456,20.25
33791,169,S1,570.0,21.357,20.25
33792,169,S1,573.0,21.392,20.25
33793,169,S1,576.0,21.235,20.25
33794,169,S1,579.0,21.257,20.25
33795,169,S1,582.0,21.297,20.25
33796,169,S1,585.0,21.219,20.25
33797,169,S1,588.0,21.223,20.25
33798,169,S1,591.0,21.194,20.25
33799,169,S1,594.0,21.174,20.25
33800,169,S1,597.0,21.081,20.25
33801,170,S2,0.0,73.109,22.72
33802,170,S2,3.0,71.722,22.72
33803,170,S2,6.0,70.623,22.72
33804,170,S2,9.0,69.417,22.72
33805,170,S2,12.0,68.236,22.72
33806,170,S2,15.0,67.032,22.72
33807,170,S2,18.0,65.972,22.72
33808,170,S2,21.0,64.911,22.72
33809,170,S2,24.0,63.992,22.72
33810,170,S2,27.0,62.878,22.72
33811,170,S2,30.0,61.767,22.72
33812,170,S2,33.0,60.797,22.72
33813,170,S2,36.0,59.844,22.72
33814,170,S2,39.0,58.993,22.72
33815,170,S2,42.0,58.106,22.72
33816,170,S2,45.0,57.223,22.72
33817,170,S2,48.0,56.409,22.72
33818,170,S2,51.0,55.595,22.72
33819,170,S2,54.0,54.669,22.72
33820,170,S2,57.0,53.867,22.72
33821,170,S2,60.0,53.084,22.72
33822,170,S2,63.0,52.359,22.72
33823,170,S2,66.0,51.695,22.72
33824,170,S2,69.0,50.950,22.72
33825,170,S2,72.0,50.216,22.72
33826,170,S2,75.0,49.535,22.72
33827,170,S2,78.0,48.858,22.72
33828,170,S2,81.0,48.180,22.72
33829,170,S2,84.0,47.580,22.72
33830,170,S2,87.0,46.894,22.72
33831,170,S2,90.0,46.363,22.72
33832,170,S2,93.0,45.773,22.72
33833,170,S2,96.0,45.177,22.72
33834,170,S2,99.0,44.670,22.72
33835,170,S2,102.0,44.149,22.72
33836,170,S2,105.0,43.529,22.72
33837,170,S2,108.0,42.930,22.72
33838,170,S2,111.0,42.575,22.72
33839,170,S2,114.0,41.920,22.72
33840,170,S2,117.0,41.549,22.72
33841,170,S2,120.0,41.133,22.72
33842,170,S2,123.0,40.624,22.72
33843,170,S2,126.0,40.114,22.72
33844,170,S2,129.0,39.769,22.72
33845,170,S2,132.0,39.384,22.72
33846,170,S2,135.0,38.880,22.72
33847,170,S2,138.0,38.461,22.72
33848,170,S2,141.0,38.111,22.72
33849,170,S2,144.0,37.703,22.72
33850,170,S2,147.0,37.329,22.72
33851,170,S2,150.0,36.936,22.72
33852,170,S2,153.0,36.675,22.72
33853,170,S2,156.0,36.336,22.72
33854,170,S2,159.0,35.952,22.72
33855,170,S2,162.0,35.657,22.72
33856,170,S2,165.0,35.297,22.72
33857,170,S2,168.0,35.036,22.72
33858,170,S2,171.0,34.648,22.72
33859,170,S2,174.0,34.378,22.72
33860,170,S2,177.0,34.061,22.72
33861,170,S2,180.0,33.828,22.72
33862,170,S2,183.0,33.503,22.72
33863,170,S2,186.0,33.242,22.72
33864,170,S2,189.0,33.015,22.72
33865,170,S2,192.0,32.595,22.72
33866,170,S2,195.0,32.561,22.72
33867,170,S2,198.0,32.389,22.72
33868,170,S2,201.0,31.984,22.72
33869,170,S2,204.0,31.866,22.72
33870,170,S2,207.0,31.529,22.72
33871,170,S2,210.0,31.399,22.72
33872,170,S2,213.0,31.200,22.72
33873,170,S2,216.0,30.927,22.72
33874,170,S2,219.0,30.709,22.72
33875,170,S2,222.0,30.550,22.72
33876,170,S2,225.0,30.291,22.72
33877,170,S2,228.0,30.083,22.72
33878,170,S2,231.0,29.960,22.72
33879,170,S2,234.0,29.736,22.72
33880,170,S2,237.0,29.605,22.72
33881,170,S2,240.0,29.369,22.72
33882,170,S2,243.0,29.262,22.72
33883,170,S2,246.0,29.120,22.72
33884,170,S2,249.0,28.932,22.72
33885,170,S2,252.0,28.719,22.72
33886,170,S2,255.0,28.611,22.72
33887,170,S2,258.0,28.466,22.72
33888,170,S2,261.0,28.392,22.72
33889,170,S2,264.0,28.233,22.72
33890,170,S2,267.0,28.058,22.72
33891,170,S2,270.0,27.968,22.72
33892,170,S2,273.0,27.793,22.72
33893,170,S2,276.0,27.695,22.72
33894,170,S2,279.0,27.476,22.72
33895,170,S2,282.0,27.415,22.72
33896,170,S2,285.0,27.316,22.72
33897,170,S2,288.0,27.096,22.72
33898,170,S2,291.0,27.089,22.72
33899,170,S2,294.0,27.013,22.72
33900,170,S2,297.0,26.804,22.72
33901,170,S2,300.0,26.714,22.72
33902,170,S2,303.0,26.706,22.72
33903,170,S2,306.0,26.610,22.72
33904,170,S2,309.0,26.436,22.72
33905,170,S2,312.0,26.337,22.72
33906,170,S2,315.0,26.201,22.72
33907,170,S2,318.0,26.199,22.72
33908,170,S2,321.0,26.117,22.72
33909,170,S2,324.0,26.012,22.72
33910,170,S2,327.0,25.832,22.72
33911,170,S2,330.0,25.842,22.72
33912,170,S2,333.0,25.820,22.72
33913,170,S2,336.0,25.707,22.72
33914,170,S2,339.0,25.673,22.72
33915,170,S2,342.0,25.619,22.72
33916,170,S2,345.0,25.546,22.72
33917,170,S2,348.0,25.496,22.72
33918,170,S2,351.0,25.254,22.72
33919,170,S2,354.0,25.383,22.72
33920,170,S2,357.0,25.159,22.72
33921,170,S2,360.0,25.152,22.72
33922,170,S2,363.0,25.049,22.72
33923,170,S2,366.0,25.087,22.72
33924,170,S2,369.0,25.022,22.72
33925,170,S2,372.0,24.821,22.72
33926,170,S2,375.0,24.957,22.72
33927,170,S2,378.0,24.837,22.72
33928,170,S2,381.0,24.721,22.72
33929,170,S2,384.0,24.822,22.72
33930,170,S2,387.0,24.706,22.72
33931,170,S2,390.0,24.668,22.72
33932,170,S2,393.0,24.580,22.72
33933,170,S2,396.0,24.647,22.72
33934,170,S2,399.0,24.535,22.72
33935,170,S2,402.0,24.465,22.72
33936,170,S2,405.0,24.451,22.72
33937,170,S2,408.0,24.358,22.72
33938,170,S2,411.0,24.315,22.72
33939,170,S2,414.0,24.270,22.72
33940,170,S2,417.0,24.173,22.72
33941,170,S2,420.0,24.226,22.72
33942,170,S2,423.0,24.227,22.72
33943,170,S2,426.0,24.070,22.72
33944,170,S2,429.0,24.039,22.72
33945,170,S2,432.0,24.032,22.72
33946,170,S2,435.0,23.954,22.72
33947,170,S2,438.0,23.922,22.72
33948,170,S2,441.0,23.932,22.72
33949,170,S2,444.0,23.950,22.72
33950,170,S2,447.0,23.943,22.72
33951,170,S2,450.0,23.854,22.72
33952,170,S2,453.0,23.915,22.72
33953,170,S2,456.0,23.861,22.72
33954,170,S2,459.0,23.867,22.72
33955,170,S2,462.0,23.710,22.72
33956,170,S2,465.0,23.777,22.72
33957,170,S2,468.0,23.763,22.72
33958,170,S2,471.0,23.627,22.72
33959,170,S2,474.0,23.721,22.72
33960,170,S2,477.0,23.541,22.72
33961,170,S2,480.0,23.620,22.72
33962,170,S2,483.0,23.573,22.72
33963,170,S2,486.0,23.590,22.72
33964,170,S2,489.0,23.534,22.72
33965,170,S2,492.0,23.604,22.72
33966,170,S2,495.0,23.548,22.72
33967,170,S2,498.0,23.480,22.72
33968,170,S2,501.0,23.554,22.72
33969,170,S2,504.0,23.495,22.72
33970,170,S2,507.0,23.489,22.72
33971,170,S2,510.0,23.403,22.72
33972,170,S2,513.0,23.372,22.72
33973,170,S2,516.0,23.336,22.72
33974,170,S2,519.0,23.369,22.72
33975,170,S2,522.0,23.360,22.72
33976,170,S2,525.0,23.385,22.72
33977,170,S2,528.0,23.297,22.72
33978,170,S2,531.0,23.343,22.72
33979,170,S2,534.0,23.304,22.72
33980,170,S2,537.0,23.277,22.72
33981,170,S2,540.0,23.237,22.72
33982,170,S2,543.0,23.234,22.72
33983,170,S2,546.0,23.179,22.72
33984,170,S2,549.0,23.161,22.72
33985,170,S2,552.0,23.233,22.72
33986,170,S2,555.0,23.114,22.72
33987,170,S2,558.0,23.139,22.72
33988,170,S2,561.0,23.235,22.72
33989,170,S2,564.0,23.208,22.72
33990,170,S2,567.0,23.043,22.72
33991,170,S2,570.0,23.112,22.72
33992,170,S2,573.0,23.137,22.72
33993,170,S2,576.0,23.126,22.72
33994,170,S2,579.0,23.138,22.72
33995,170,S2,582.0,23.113,22.72
33996,170,S2,585.0,23.035,22.72
33997,170,S2,588.0,23.099,22.72
33998,170,S2,591.0,23.058,22.72
33999,170,S2,594.0,23.108,22.72
34000,170,S2,597.0,23.227,22.72
34001,171,S3,0.0,87.560,21.93
34002,171,S3,3.0,86.583,21.93
34003,171,S3,6.0,85.672,21.93
34004,171,S3,9.0,84.719,21.93
34005,171,S3,12.0,83.800,21.93
34006,171,S3,15.0,82.949,21.93
34007,171,S3,18.0,82.161,21.93
34008,171,S3,21.0,81.229,21.93
34009,171,S3,24.0,80.407,21.93
34010,171,S3,27.0,79.505,21.93
34011,171,S3,30.0,78.720,21.93
34012,171,S3,33.0,77.875,21.93
34013,171,S3,36.0,77.019,21.93
34014,171,S3,39.0,76.191,21.93
34015,171,S3,42.0,75.460,21.93
34016,171,S3,45.0,74.744,21.93
34017,171,S3,48.0,73.977,21.93
34018,171,S3,51.0,73.154,21.93
34019,171,S3,54.0,72.493,21.93
34020,171,S3,57.0,71.758,21.93
34021,171,S3,60.0,71.038,21.93
34022,171,S3,63.0,70.290,21.93
34023,171,S3,66.0,69.623,21.93
34024,171,S3,69.0,69.004,21.93
34025,171,S3,72.0,68.238,21.93
34026,171,S3,75.0,67.623,21.93
34027,171,S3,78.0,67.036,21.93
34028,171,S3,81.0,66.366,21.93
34029,171,S3,84.0,65.644,21.93
34030,171,S3,87.0,65.021,21.93
34031,171,S3,90.0,64.362,21.93
34032,171,S3,93.0,63.781,21.93
34033,171,S3,96.0,63.242,21.93
34034,171,S3,99.0,62.627,21.93
34035,171,S3,102.0,61.973,21.93
34036,171,S3,105.0,61.487,21.93
34037,171,S3,108.0,60.850,21.93
34038,171,S3,111.0,60.322,21.93
34039,171,S3,114.0,59.822,21.93
34040,171,S3,117.0,59.218,21.93
34041,171,S3,120.0,58.638,21.93
34042,171,S3,123.0,58.141,21.93
34043,171,S3,126.0,57.500,21.93
34044,171,S3,129.0,57.120,21.93
34045,171,S3,132.0,56.572,21.93
34046,171,S3,135.0,56.122,21.93
34047,171,S3,138.0,55.564,21.93
34048,171,S3,141.0,55.112,21.93
34049,171,S3,144.0,54.652,21.93
34050,171,S3,147.0,54.121,21.93
34051,171,S3,150.0,53.794,21.93
34052,171,S3,153.0,53.311,21.93
34053,171,S3,156.0,52.779,21.93
34054,171,S3,159.0,52.456,21.93
34055,171,S3,162.0,51.965,21.93
34056,171,S3,165.0,51.562,21.93
34057,171,S3,168.0,51.102,21.93
34058,171,S3,171.0,50.621,21.93
34059,171,S3,174.0,50.240,21.93
34060,171,S3,177.0,49.817,21.93
34061,171,S3,180.0,49.341,21.93
34062,171,S3,183.0,48.982,21.93
34063,171,S3,186.0,48.725,21.93
34064,171,S3,189.0,48.285,21.93
34065,171,S3,192.0,47.913,21.93
34066,171,S3,195.0,47.498,21.93
34067,171,S3,198.0,47.150,21.93
34068,171,S3,201.0,46.749,21.93
34069,171,S3,204.0,46.394,21.93
34070,171,S3,207.0,46.036,21.93
34071,171,S3,210.0,45.716,21.93
34072,171,S3,213.0,45.465,21.93
34073,171,S3,216.0,44.993,21.93
34074,171,S3,219.0,44.705,21.93
34075,171,S3,222.0,44.303,21.93
34076,171,S3,225.0,44.088,21.93
34077,171,S3,228.0,43.699,21.93
34078,171,S3,231.0,43.476,21.93
34079,171,S3,234.0,43.165,21.93
34080,171,S3,237.0,42.725,21.93
34081,171,S3,240.0,42.531,21.93
34082,171,S3,243.0,42.176,21.93
34083,171,S3,246.0,41.899,21.93
34084,171,S3,249.0,41.713,21.93
34085,171,S3,252.0,41.369,21.93
34086,171,S3,255.0,41.070,21.93
34087,171,S3,258.0,40.866,21.93
34088,171,S3,261.0,40.492,21.93
34089,171,S3,264.0,40.292,21.93
34090,171,S3,267.0,39.983,21.93
34091,171,S3,270.0,39.764,21.93
34092,171,S3,273.0,39.448,21.93
34093,171,S3,276.0,39.148,21.93
34094,171,S3,279.0,39.025,21.93
34095,171,S3,282.0,38.720,21.93
34096,171,S3,285.0,38.515,21.93
34097,171,S3,288.0,38.288,21.93
34098,171,S3,291.0,37.959,21.93
34099,171,S3,294.0,37.714,21.93
34100,171,S3,297.0,37.530,21.93
34101,171,S3,300.0,37.325,21.93
34102,171,S3,303.0,37.102,21.93
34103,171,S3,306.0,36.911,21.93
34104,171,S3,309.0,36.635,21.93
34105,171,S3,312.0,36.418,21.93
34106,171,S3,315.0,36.274,21.93
34107,171,S3,318.0,36.087,21.93
34108,171,S3,321.0,35.842,21.93
34109,171,S3,324.0,35.574,21.93
34110,171,S3,327.0,35.428,21.93
34111,171,S3,330.0,35.274,21.93
34112,171,S3,333.0,34.995,21.93
34113,171,S3,336.0,34.813,21.93
34114,171,S3,339.0,34.673,21.93
34115,171,S3,342.0,34.523,21.93
34116,171,S3,345.0,34.270,21.93
34117,171,S3,348.0,34.255,21.93
34118,171,S3,351.0,33.940,21.93
34119,171,S3,354.0,33.729,21.93
34120,171,S3,357.0,33.679,21.93
34121,171,S3,360.0,33.428,21.93
34122,171,S3,363.0,33.290,21.93
34123,171,S3,366.0,33.092,21.93
34124,171,S3,369.0,33.010,21.93
34125,171,S3,372.0,32.829,21.93
34126,171,S3,375.0,32.603,21.93
34127,171,S3,378.0,32.575,21.93
34128,171,S3,381.0,32.322,21.93
34129,171,S3,384.0,32.180,21.93
34130,171,S3,387.0,32.094,21.93
34131,171,S3,390.0,31.982,21.93
34132,171,S3,393.0,31.729,21.93
34133,171,S3,396.0,31.490,21.93
34134,171,S3,399.0,31.529,21.93
34135,171,S3,402.0,31.309,21.93
34136,171,S3,405.0,31.213,21.93
34137,171,S3,408.0,30.985,21.93
34138,171,S3,411.0,30.895,21.93
34139,171,S3,414.0,30.717,21.93
34140,171,S3,417.0,30.676,21.93
34141,171,S3,420.0,30.498,21.93
34142,171,S3,423.0,30.328,21.93
34143,171,S3,426.0,30.181,21.93
34144,171,S3,429.0,30.189,21.93
34145,171,S3,432.0,30.128,21.93
34146,171,S3,435.0,29.932,21.93
34147,171,S3,438.0,29.844,21.93
34148,171,S3,441.0,29.773,21.93
34149,171,S3,444.0,29.638,21.93
34150,171,S3,447.0,29.520,21.93
34151,171,S3,450.0,29.312,21.93
34152,171,S3,453.0,29.231,21.93
34153,171,S3,456.0,29.244,21.93
34154,171,S3,459.0,29.011,21.93
34155,171,S3,462.0,28.996,21.93
34156,171,S3,465.0,28.929,21.93
34157,171,S3,468.0,28.649,21.93
34158,171,S3,471.0,28.689,21.93
34159,171,S3,474.0,28.482,21.93
34160,171,S3,477.0,28.507,21.93
34161,171,S3,480.0,28.320,21.93
34162,171,S3,483.0,28.325,21.93
34163,171,S3,486.0,28.176,21.93
34164,171,S3,489.0,28.105,21.93
34165,171,S3,492.0,28.074,21.93
34166,171,S3,495.0,27.953,21.93
34167,171,S3,498.0,27.759,21.93
34168,171,S3,501.0,27.739,21.93
34169,171,S3,504.0,27.602,21.93
34170,171,S3,507.0,27.601,21.93
34171,171,S3,510.0,27.487,21.93
34172,171,S3,513.0,27.384,21.93
34173,171,S3,516.0,27.427,21.93
34174,171,S3,519.0,27.345,21.93
34175,171,S3,522.0,27.207,21.93
34176,171,S3,525.0,27.139,21.93
34177,171,S3,528.0,27.090,21.93
34178,171,S3,531.0,26.991,21.93
34179,171,S3,534.0,26.902,21.93
34180,171,S3,537.0,26.747,21.93
34181,171,S3,540.0,26.810,21.93
34182,171,S3,543.0,26.689,21.93
34183,171,S3,546.0,26.616,21.93
34184,171,S3,549.0,26.516,21.93
34185,171,S3,552.0,26.466,21.93
34186,171,S3,555.0,26.438,21.93
34187,171,S3,558.0,26.367,21.93
34188,171,S3,561.0,26.338,21.93
34189,171,S3,564.0,26.201,21.93
34190,171,S3,567.0,26.231,21.93
34191,171,S3,570.0,26.126,21.93
34192,171,S3,573.0,26.069,21.93
34193,171,S3,576.0,26.049,21.93
34194,171,S3,579.0,25.980,21.93
34195,171,S3,582.0,25.865,21.93
34196,171,S3,585.0,25.829,21.93
34197,171,S3,588.0,25.831,21.93
34198,171,S3,591.0,25.694,21.93
34199,171,S3,594.0,25.641,21.93
34200,171,S3,597.0,25.572,21.93
34201,172,S4,0.0,89.064,20.96
34202,172,S4,3.0,88.172,20.96
34203,172,S4,6.0,87.245,20.96
34204,172,S4,9.0,86.309,20.96
34205,172,S4,12.0,85.429,20.96
34206,172,S4,15.0,84.589,20.96
34207,172,S4,18.0,83.539,20.96
34208,172,S4,21.0,82.797,20.96
34209,172,S4,24.0,81.885,20.96
34210,172,S4,27.0,81.071,20.96
34211,172,S4,30.0,80.270,20.96
34212,172,S4,33.0,79.455,20.96
34213,172,S4,36.0,78.621,20.96
34214,172,S4,39.0,77.798,20.96
34215,172,S4,42.0,77.009,20.96
34216,172,S4,45.0,76.336,20.96
34217,172,S4,48.0,75.493,20.96
34218,172,S4,51.0,74.761,20.96
34219,172,S4,54.0,73.948,20.96
34220,172,S4,57.0,73.318,20.96
34221,172,S4,60.0,72.549,20.96
34222,172,S4,63.0,71.871,20.96
34223,172,S4,66.0,71.123,20.96
34224,172,S4,69.0,70.480,20.96
34225,172,S4,72.0,69.831,20.96
34226,172,S4,75.0,69.065,20.96
34227,172,S4,78.0,68.485,20.96
34228,172,S4,81.0,67.764,20.96
34229,172,S4,84.0,67.205,20.96
34230,172,S4,87.0,66.514,20.96
34231,172,S4,90.0,65.967,20.96
34232,172,S4,93.0,65.346,20.96
34233,172,S4,96.0,64.706,20.96
34234,172,S4,99.0,64.023,20.96
34235,172,S4,102.0,63.499,20.96
34236,172,S4,105.0,62.869,20.96
34237,172,S4,108.0,62.253,20.96
34238,172,S4,111.0,61.786,20.96
34239,172,S4,114.0,61.209,20.96
34240,172,S4,117.0,60.617,20.96
34241,172,S4,120.0,60.059,20.96
34242,172,S4,123.0,59.511,20.96
34243,172,S4,126.0,58.996,20.96
34244,172,S4,129.0,58.425,20.96
34245,172,S4,132.0,58.033,20.96
34246,172,S4,135.0,57.517,20.96
34247,172,S4,138.0,56.899,20.96
34248,172,S4,141.0,56.398,20.96
34249,172,S4,144.0,56.033,20.96
34250,172,S4,147.0,55.458,20.96
34251,172,S4,150.0,55.088,20.96
34252,172,S4,153.0,54.564,20.96
34253,172,S4,156.0,54.089,20.96
34254,172,S4,159.0,53.647,20.96
34255,172,S4,162.0,53.187,20.96
34256,172,S4,165.0,52.791,20.96
34257,172,S4,168.0,52.360,20.96
34258,172,S4,171.0,51.812,20.96
34259,172,S4,174.0,51.439,20.96
34260,172,S4,177.0,51.025,20.96
34261,172,S4,180.0,50.543,20.96
34262,172,S4,183.0,50.219,20.96
34263,172,S4,186.0,49.807,20.96
34264,172,S4,189.0,49.412,20.96
34265,172,S4,192.0,49.024,20.96
34266,172,S4,195.0,48.533,20.96
34267,172,S4,198.0,48.259,20.96
34268,172,S4,201.0,47.897,20.96
34269,172,S4,204.0,47.550,20.96
34270,172,S4,207.0,47.184,20.96
34271,172,S4,210.0,46.745,20.96
34272,172,S4,213.0,46.386,20.96
34273,172,S4,216.0,46.048,20.96
34274,172,S4,219.0,45.634,20.96
34275,172,S4,222.0,45.376,20.96
34276,172,S4,225.0,45.014,20.96
34277,172,S4,228.0,44.748,20.96
34278,172,S4,231.0,44.350,20.96
34279,172,S4,234.0,43.986,20.96
34280,172,S4,237.0,43.696,20.96
34281,172,S4,240.0,43.395,20.96
34282,172,S4,243.0,43.087,20.96
34283,172,S4,246.0,42.773,20.96
34284,172,S4,249.0,42.470,20.96
34285,172,S4,252.0,42.162,20.96
34286,172,S4,255.0,41.925,20.96
34287,172,S4,258.0,41.578,20.96
34288,172,S4,261.0,41.367,20.96
34289,172,S4,264.0,41.151,20.96
34290,172,S4,267.0,40.716,20.96
34291,172,S4,270.0,40.432,20.96
34292,172,S4,273.0,40.239,20.96
34293,172,S4,276.0,40.033,20.96
34294,172,S4,279.0,39.665,20.96
34295,172,S4,282.0,39.374,20.96
34296,172,S4,285.0,39.151,20.96
34297,172,S4,288.0,38.975,20.96
34298,172,S4,291.0,38.579,20.96
34299,172,S4,294.0,38.471,20.96
34300,172,S4,297.0,38.199,20.96
34301,172,S4,300.0,37.959,20.96
34302,172,S4,303.0,37.773,20.96
34303,172,S4,306.0,37.498,20.96
34304,172,S4,309.0,37.255,20.96
34305,172,S4,312.0,37.034,20.96
34306,172,S4,315.0,36.780,20.96
34307,172,S4,318.0,36.691,20.96
34308,172,S4,321.0,36.302,20.96
34309,172,S4,324.0,36.204,20.96
34310,172,S4,327.0,35.960,20.96
34311,172,S4,330.0,35.896,20.96
34312,172,S4,333.0,35.603,20.96
34313,172,S4,336.0,35.390,20.96
34314,172,S4,339.0,35.203,20.96
34315,172,S4,342.0,35.005,20.96
34316,172,S4,345.0,34.769,20.96
34317,172,S4,348.0,34.604,20.96
34318,172,S4,351.0,34.405,20.96
34319,172,S4,354.0,34.190,20.96
34320,172,S4,357.0,34.048,20.96
34321,172,S4,360.0,33.822,20.96
34322,172,S4,363.0,33.621,20.96
34323,172,S4,366.0,33.587,20.96
34324,172,S4,369.0,33.417,20.96
34325,172,S4,372.0,33.072,20.96
34326,172,S4,375.0,32.924,20.96
34327,172,S4,378.0,32.876,20.96
34328,172,S4,381.0,32.641,20.96
34329,172,S4,384.0,32.420,20.96
34330,172,S4,387.0,32.349,20.96
34331,172,S4,390.0,32.152,20.96
34332,172,S4,393.0,32.090,20.96
34333,172,S4,396.0,31.876,20.96
34334,172,S4,399.0,31.710,20.96
34335,172,S4,402.0,31.599,20.96
34336,172,S4,405.0,31.398,20.96
34337,172,S4,408.0,31.269,20.96
34338,172,S4,411.0,31.131,20.96
34339,172,S4,414.0,31.057,20.96
34340,172,S4,417.0,30.873,20.96
34341,172,S4,420.0,30.780,20.96
34342,172,S4,423.0,30.594,20.96
34343,172,S4,426.0,30.483,20.96
34344,172,S4,429.0,30.383,20.96
34345,172,S4,432.0,30.204,20.96
34346,172,S4,435.0,30.108,20.96
34347,172,S4,438.0,29.923,20.96
34348,172,S4,441.0,29.843,20.96
34349,172,S4,444.0,29.718,20.96
34350,172,S4,447.0,29.493,20.96
34351,172,S4,450.0,29.517,20.96
34352,172,S4,453.0,29.383,20.96
34353,172,S4,456.0,29.244,20.96
34354,172,S4,459.0,29.226,20.96
34355,172,S4,462.0,29.042,20.96
34356,172,S4,465.0,28.980,20.96
34357,172,S4,468.0,28.769,20.96
34358,172,S4,471.0,28.636,20.96
34359,172,S4,474.0,28.556,20.96
34360,172,S4,477.0,28.375,20.96
34361,172,S4,480.0,28.334,20.96
34362,172,S4,483.0,28.221,20.96
34363,172,S4,486.0,28.113,20.96
34364,172,S4,489.0,28.048,20.96
34365,172,S4,492.0,28.052,20.96
34366,172,S4,495.0,27.952,20.96
34367,172,S4,498.0,27.781,20.96
34368,172,S4,501.0,27.689,20.96
34369,172,S4,504.0,27.669,20.96
34370,172,S4,507.0,27.502,20.96
34371,172,S4,510.0,27.437,20.96
34372,172,S4,513.0,27.286,20.96
34373,172,S4,516.0,27.210,20.96
34374,172,S4,519.0,27.083,20.96
34375,172,S4,522.0,27.098,20.96
34376,172,S4,525.0,26.890,20.96
34377,172,S4,528.0,26.931,20.96
34378,172,S4,531.0,26.783,20.96
34379,172,S4,534.0,26.650,20.96
34380,172,S4,537.0,26.652,20.96
34381,172,S4,540.0,26.651,20.96
34382,172,S4,543.0,26.443,20.96
34383,172,S4,546.0,26.387,20.96
34384,172,S4,549.0,26.340,20.96
34385,172,S4,552.0,26.182,20.96
34386,172,S4,555.0,26.178,20.96
34387,172,S4,558.0,26.136,20.96
34388,172,S4,561.0,26.051,20.96
34389,172,S4,564.0,25.995,20.96
34390,172,S4,567.0,25.941,20.96
34391,172,S4,570.0,25.791,20.96
34392,172,S4,573.0,25.741,20.96
34393,172,S4,576.0,25.603,20.96
34394,172,S4,579.0,25.651,20.96
34395,172,S4,582.0,25.644,20.96
34396,172,S4,585.0,25.535,20.96
34397,172,S4,588.0,25.380,20.96
34398,172,S4,591.0,25.329,20.96
34399,172,S4,594.0,25.298,20.96
34400,172,S4,597.0,25.305,20.96
34401,173,S1,0.0,74.425,20.55
34402,173,S1,3.0,73.699,20.55
34403,173,S1,6.0,73.084,20.55
34404,173,S1,9.0,72.406,20.55
34405,173,S1,12.0,71.767,20.55
34406,173,S1,15.0,71.071,20.55
34407,173,S1,18.0,70.496,20.55
34408,173,S1,21.0,69.864,20.55
34409,173,S1,24.0,69.275,20.55
34410,173,S1,27.0,68.593,20.55
34411,173,S1,30.0,68.030,20.55
34412,173,S1,33.0,67.445,20.55
34413,173,S1,36.0,66.827,20.55
34414,173,S1,39.0,66.300,20.55
34415,173,S1,42.0,65.711,20.55
34416,173,S1,45.0,65.103,20.55
34417,173,S1,48.0,64.531,20.55
34418,173,S1,51.0,63.988,20.55
34419,173,S1,54.0,63.477,20.55
34420,173,S1,57.0,62.872,20.55
34421,173,S1,60.0,62.391,20.55
34422,173,S1,63.0,61.934,20.55
34423,173,S1,66.0,61.298,20.55
34424,173,S1,69.0,60.788,20.55
34425,173,S1,72.0,60.232,20.55
34426,173,S1,75.0,59.776,20.55
34427,173,S1,78.0,59.410,20.55
34428,173,S1,81.0,58.866,20.55
34429,173,S1,84.0,58.270,20.55
34430,173,S1,87.0,57.843,20.55
34431,173,S1,90.0,57.459,20.55
34432,173,S1,93.0,56.933,20.55
34433,173,S1,96.0,56.444,20.55
34434,173,S1,99.0,56.117,20.55
34435,173,S1,102.0,55.631,20.55
34436,173,S1,105.0,55.124,20.55
34437,173,S1,108.0,54.786,20.55
34438,173,S1,111.0,54.257,20.55
34439,173,S1,114.0,53.825,20.55
34440,173,S1,117.0,53.416,20.55
34441,173,S1,120.0,53.032,20.55
34442,173,S1,123.0,52.612,20.55
34443,173,S1,126.0,52.185,20.55
34444,173,S1,129.0,51.883,20.55
34445,173,S1,132.0,51.399,20.55
34446,173,S1,135.0,51.044,20.55
34447,173,S1,138.0,50.739,20.55
34448,173,S1,141.0,50.330,20.55
34449,173,S1,144.0,49.971,20.55
34450,173,S1,147.0,49.502,20.55
34451,173,S1,150.0,49.217,20.55
34452,173,S1,153.0,48.795,20.55
34453,173,S1,156.0,48.445,20.55
34454,173,S1,159.0,48.149,20.55
34455,173,S1,162.0,47.804,20.55
34456,173,S1,165.0,47.371,20.55
34457,173,S1,168.0,47.120,20.55
34458,173,S1,171.0,46.789,20.55
34459,173,S1,174.0,46.470,20.55
34460,173,S1,177.0,46.105,20.55
34461,173,S1,180.0,45.741,20.55
34462,173,S1,183.0,45.448,20.55
34463,173,S1,186.0,45.210,20.55
34464,173,S1,189.0,44.849,20.55
34465,173,S1,192.0,44.552,20.55
34466,173,S1,195.0,44.208,20.55
34467,173,S1,198.0,43.942,20.55
34468,173,S1,201.0,43.646,20.55
34469,173,S1,204.0,43.327,20.55
34470,173,S1,207.0,43.001,20.55
34471,173,S1,210.0,42.844,20.55
34472,173,S1,213.0,42.542,20.55
34473,173,S1,216.0,42.226,20.55
34474,173,S1,219.0,41.919,20.55
34475,173,S1,222.0,41.669,20.55
34476,173,S1,225.0,41.405,20.55
34477,173,S1,228.0,41.157,20.55
34478,173,S1,231.0,40.950,20.55
34479,173,S1,234.0,40.648,20.55
34480,173,S1,237.0,40.352,20.55
34481,173,S1,240.0,40.182,20.55
34482,173,S1,243.0,39.897,20.55
34483,173,S1,246.0,39.653,20.55
34484,173,S1,249.0,39.412,20.55
34485,173,S1,252.0,39.149,20.55
34486,173,S1,255.0,39.009,20.55
34487,173,S1,258.0,38.659,20.55
34488,173,S1,261.0,38.427,20.55
34489,173,S1,264.0,38.311,20.55
34490,173,S1,267.0,38.027,20.55
34491,173,S1,270.0,37.844,20.55
34492,173,S1,273.0,37.643,20.55
34493,173,S1,276.0,37.354,20.55
34494,173,S1,279.0,37.219,20.55
34495,173,S1,282.0,37.002,20.55
34496,173,S1,285.0,36.864,20.55
34497,173,S1,288.0,36.510,20.55
34498,173,S1,291.0,36.375,20.55
34499,173,S1,294.0,36.077,20.55
34500,173,S1,297.0,35.987,20.55
34501,173,S1,300.0,35.764,20.55
34502,173,S1,303.0,35.593,20.55
34503,173,S1,306.0,35.397,20.55
34504,173,S1,309.0,35.216,20.55
34505,173,S1,312.0,34.996,20.55
34506,173,S1,315.0,34.882,20.55
34507,173,S1,318.0,34.670,20.55
34508,173,S1,321.0,34.478,20.55
34509,173,S1,324.0,34.371,20.55
34510,173,S1,327.0,34.175,20.55
34511,173,S1,330.0,34.056,20.55
34512,173,S1,333.0,33.793,20.55
34513,173,S1,336.0,33.647,20.55
34514,173,S1,339.0,33.484,20.55
34515,173,S1,342.0,33.284,20.55
34516,173,S1,345.0,33.180,20.55
34517,173,S1,348.0,32.958,20.55
34518,173,S1,351.0,32.842,20.55
34519,173,S1,354.0,32.670,20.55
34520,173,S1,357.0,32.577,20.55
34521,173,S1,360.0,32.337,20.55
34522,173,S1,363.0,32.235,20.55
34523,173,S1,366.0,32.125,20.55
34524,173,S1,369.0,31.907,20.55
34525,173,S1,372.0,31.764,20.55
34526,173,S1,375.0,31.664,20.55
34527,173,S1,378.0,31.562,20.55
34528,173,S1,381.0,31.347,20.55
34529,173,S1,384.0,31.279,20.55
34530,173,S1,387.0,31.148,20.55
34531,173,S1,390.0,31.015,20.55
34532,173,S1,393.0,30.866,20.55
34533,173,S1,396.0,30.742,20.55
34534,173,S1,399.0,30.523,20.55
34535,173,S1,402.0,30.491,20.55
34536,173,S1,405.0,30.391,20.55
34537,173,S1,408.0,30.199,20.55
34538,173,S1,411.0,30.115,20.55
34539,173,S1,414.0,29.926,20.55
34540,173,S1,417.0,29.948,20.55
34541,173,S1,420.0,29.750,20.55
34542,173,S1,423.0,29.711,20.55
34543,173,S1,426.0,29.523,20.55
34544,173,S1,429.0,29.393,20.55
34545,173,S1,432.0,29.289,20.55
34546,173,S1,435.0,29.141,20.55
34547,173,S1,438.0,29.008,20.55
34548,173,S1,441.0,28.981,20.55
34549,173,S1,444.0,28.766,20.55
34550,173,S1,447.0,28.674,20.55
34551,173,S1,450.0,28.656,20.55
34552,173,S1,453.0,28.457,20.55
34553,173,S1,456.0,28.442,20.55
34554,173,S1,459.0,28.323,20.55
34555,173,S1,462.0,28.244,20.55
34556,173,S1,465.0,28.144,20.55
34557,173,S1,468.0,28.042,20.55
34558,173,S1,471.0,27.963,20.55
34559,173,S1,474.0,27.856,20.55
34560,173,S1,477.0,27.837,20.55
34561,173,S1,480.0,27.780,20.55
34562,173,S1,483.0,27.560,20.55
34563,173,S1,486.0,27.520,20.55
34564,173,S1,489.0,27.487,20.55
34565,173,S1,492.0,27.275,20.55
34566,173,S1,495.0,27.260,20.55
34567,173,S1,498.0,27.142,20.55
34568,173,S1,501.0,27.072,20.55
34569,173,S1,504.0,26.850,20.55
34570,173,S1,507.0,26.851,20.55
34571,173,S1,510.0,26.849,20.55
34572,173,S1,513.0,26.807,20.55
34573,173,S1,516.0,26.659,20.55
34574,173,S1,519.0,26.565,20.55
34575,173,S1,522.0,26.629,20.55
34576,173,S1,525.0,26.394,20.55
34577,173,S1,528.0,26.333,20.55
34578,173,S1,531.0,26.331,20.55
34579,173,S1,534.0,26.278,20.55
34580,173,S1,537.0,26.000,20.55
34581,173,S1,540.0,26.137,20.55
34582,173,S1,543.0,26.067,20.55
34583,173,S1,546.0,25.893,20.55
34584,173,S1,549.0,25.937,20.55
34585,173,S1,552.0,25.833,20.55
34586,173,S1,555.0,25.694,20.55
34587,173,S1,558.0,25.608,20.55
34588,173,S1,561.0,25.751,20.55
34589,173,S1,564.0,25.609,20.55
34590,173,S1,567.0,25.515,20.55
34591,173,S1,570.0,25.392,20.55
34592,173,S1,573.0,25.394,20.55
34593,173,S1,576.0,25.347,20.55
34594,173,S1,579.0,25.241,20.55
34595,173,S1,582.0,25.288,20.55
34596,173,S1,585.0,25.068,20.55
34597,173,S1,588.0,25.185,20.55
34598,173,S1,591.0,25.040,20.55
34599,173,S1,594.0,24.950,20.55
34600,173,S1,597.0,24.908,20.55
34601,174,S2,0.0,82.440,21.79
34602,174,S2,3.0,81.669,21.79
34603,174,S2,6.0,80.932,21.79
34604,174,S2,9.0,80.198,21.79
34605,174,S2,12.0,79.344,21.79
34606,174,S2,15.0,78.662,21.79
34607,174,S2,18.0,78.030,21.79
34608,174,S2,21.0,77.284,21.79
34609,174,S2,24.0,76.637,21.79
34610,174,S2,27.0,76.033,21.79
34611,174,S2,30.0,75.129,21.79
34612,174,S2,33.0,74.589,21.79
34613,174,S2,36.0,73.918,21.79
34614,174,S2,39.0,73.292,21.79
34615,174,S2,42.0,72.554,21.79
34616,174,S2,45.0,72.026,21.79
34617,174,S2,48.0,71.362,21.79
34618,174,S2,51.0,70.675,21.79
34619,174,S2,54.0,70.127,21.79
34620,174,S2,57.0,69.472,21.79
34621,174,S2,60.0,68.884,21.79
34622,174,S2,63.0,68.306,21.79
34623,174,S2,66.0,67.790,21.79
34624,174,S2,69.0,67.117,21.79
34625,174,S2,72.0,66.579,21.79
34626,174,S2,75.0,65.974,21.79
34627,174,S2,78.0,65.517,21.79
34628,174,S2,81.0,64.959,21.79
34629,174,S2,84.0,64.345,21.79
34630,174,S2,87.0,63.908,21.79
34631,174,S2,90.0,63.287,21.79
34632,174,S2,93.0,62.871,21.79
34633,174,S2,96.0,62.314,21.79
34634,174,S2,99.0,61.794,21.79
34635,174,S2,102.0,61.196,21.79
34636,174,S2,105.0,60.852,21.79
34637,174,S2,108.0,60.246,21.79
34638,174,S2,111.0,59.838,21.79
34639,174,S2,114.0,59.415,21.79
34640,174,S2,117.0,58.856,21.79
34641,174,S2,120.0,58.375,21.79
34642,174,S2,123.0,57.858,21.79
34643,174,S2,126.0,57.466,21.79
34644,174,S2,129.0,57.051,21.79
34645,174,S2,132.0,56.651,21.79
34646,174,S2,135.0,56.143,21.79
34647,174,S2,138.0,55.780,21.79
34648,174,S2,141.0,55.254,21.79
34649,174,S2,144.0,54.856,21.79
34650,174,S2,147.0,54.431,21.79
34651,174,S2,150.0,54.039,21.79
34652,174,S2,153.0,53.639,21.79
34653,174,S2,156.0,53.248,21.79
34654,174,S2,159.0,52.811,21.79
34655,174,S2,162.0,52.556,21.79
34656,174,S2,165.0,52.050,21.79
34657,174,S2,168.0,51.856,21.79
34658,174,S2,171.0,51.359,21.79
34659,174,S2,174.0,50.937,21.79
34660,174,S2,177.0,50.531,21.79
34661,174,S2,180.0,50.206,21.79
34662,174,S2,183.0,49.842,21.79
34663,174,S2,186.0,49.462,21.79
34664,174,S2,189.0,49.219,21.79
34665,174,S2,192.0,48.837,21.79
34666,174,S2,195.0,48.440,21.79
34667,174,S2,198.0,48.157,21.79
34668,174,S2,201.0,47.827,21.79
34669,174,S2,204.0,47.506,21.79
34670,174,S2,207.0,47.223,21.79
34671,174,S2,210.0,46.872,21.79
34672,174,S2,213.0,46.564,21.79
34673,174,S2,216.0,46.279,21.79
34674,174,S2,219.0,45.910,21.79
34675,174,S2,222.0,45.704,21.79
34676,174,S2,225.0,45.331,21.79
34677,174,S2,228.0,45.026,21.79
34678,174,S2,231.0,44.730,21.79
34679,174,S2,234.0,44.454,21.79
34680,174,S2,237.0,44.224,21.79
34681,174,S2,240.0,43.877,21.79
34682,174,S2,243.0,43.543,21.79
34683,174,S2,246.0,43.330,21.79
34684,174,S2,249.0,43.137,21.79
34685,174,S2,252.0,42.886,21.79
34686,174,S2,255.0,42.510,21.79
34687,174,S2,258.0,42.310,21.79
34688,174,S2,261.0,42.071,21.79
34689,174,S2,264.0,41.725,21.79
34690,174,S2,267.0,41.567,21.79
34691,174,S2,270.0,41.297,21.79
34692,174,S2,273.0,41.073,21.79
34693,174,S2,276.0,40.786,21.79
34694,174,S2,279.0,40.567,21.79
34695,174,S2,282.0,40.242,21.79
34696,174,S2,285.0,40.026,21.79
34697,174,S2,288.0,39.783,21.79
34698,174,S2,291.0,39.666,21.79
34699,174,S2,294.0,39.425,21.79
34700,174,S2,297.0,39.192,21.79
34701,174,S2,300.0,38.963,21.79
34702,174,S2,303.0,38.769,21.79
34703,174,S2,306.0,38.502,21.79
34704,174,S2,309.0,38.323,21.79
34705,174,S2,312.0,38.108,21.79
34706,174,S2,315.0,37.888,21.79
34707,174,S2,318.0,37.666,21.79
34708,174,S2,321.0,37.402,21.79
34709,174,S2,324.0,37.389,21.79
34710,174,S2,327.0,37.184,21.79
34711,174,S2,330.0,36.920,21.79
34712,174,S2,333.0,36.741,21.79
34713,174,S2,336.0,36.441,21.79
34714,174,S2,339.0,36.320,21.79
34715,174,S2,342.0,36.229,21.79
34716,174,S2,345.0,35.955,21.79
34717,174,S2,348.0,35.842,21.79
34718,174,S2,351.0,35.689,21.79
34719,174,S2,354.0,35.502,21.79
34720,174,S2,357.0,35.270,21.79
34721,174,S2,360.0,35.178,21.79
34722,174,S2,363.0,34.943,21.79
34723,174,S2,366.0,34.762,21.79
34724,174,S2,369.0,34.623,21.79
34725,174,S2,372.0,34.488,21.79
34726,174,S2,375.0,34.259,21.79
34727,174,S2,378.0,34.211,21.79
34728,174,S2,381.0,33.994,21.79
34729,174,S2,384.0,33.874,21.79
34730,174,S2,387.0,33.742,21.79
34731,174,S2,390.0,33.545,21.79
34732,174,S2,393.0,33.427,21.79
34733,174,S2,396.0,33.262,21.79
34734,174,S2,399.0,33.133,21.79
34735,174,S2,402.0,33.016,21.79
34736,174,S2,405.0,32.768,21.79
34737,174,S2,408.0,32.647,21.79
34738,174,S2,411.0,32.550,21.79
34739,174,S2,414.0,32.500,21.79
34740,174,S2,417.0,32.259,21.79
34741,174,S2,420.0,32.211,21.79
34742,174,S2,423.0,32.051,21.79
34743,174,S2,426.0,31.895,21.79
34744,174,S2,429.0,31.772,21.79
34745,174,S2,432.0,31.634,21.79
34746,174,S2,435.0,31.374,21.79
34747,174,S2,438.0,31.426,21.79
34748,174,S2,441.0,31.202,21.79
34749,174,S2,444.0,31.168,21.79
34750,174,S2,447.0,30.996,21.79
34751,174,S2,450.0,31.002,21.79
34752,174,S2,453.0,30.854,21.79
34753,174,S2,456.0,30.715,21.79
34754,174,S2,459.0,30.613,21.79
34755,174,S2,462.0,30.380,21.79
34756,174,S2,465.0,30.389,21.79
34757,174,S2,468.0,30.322,21.79
34758,174,S2,471.0,30.107,21.79
34759,174,S2,474.0,30.052,21.79
34760,174,S2,477.0,29.859,21.79
34761,174,S2,480.0,29.781,21.79
34762,174,S2,483.0,29.751,21.79
34763,174,S2,486.0,29.654,21.79
34764,174,S2,489.0,29.433,21.79
34765,174,S2,492.0,29.381,21.79
34766,174,S2,495.0,29.270,21.79
34767,174,S2,498.0,29.290,21.79
34768,174,S2,501.0,29.153,21.79
34769,174,S2,504.0,29.025,21.79
34770,174,S2,507.0,28.962,21.79
34771,174,S2,510.0,28.961,21.79
34772,174,S2,513.0,28.885,21.79
34773,174,S2,516.0,28.674,21.79
34774,174,S2,519.0,28.670,21.79
34775,174,S2,522.0,28.473,21.79
34776,174,S2,525.0,28.413,21.79
34777,174,S2,528.0,28.437,21.79
34778,174,S2,531.0,28.342,21.79
34779,174,S2,534.0,28.176,21.79
34780,174,S2,537.0,28.143,21.79
34781,174,S2,540.0,28.024,21.79
34782,174,S2,543.0,27.959,21.79
34783,174,S2,546.0,27.898,21.79
34784,174,S2,549.0,27.788,21.79
34785,174,S2,552.0,27.705,21.79
34786,174,S2,555.0,27.622,21.79
34787,174,S2,558.0,27.622,21.79
34788,174,S2,561.0,27.495,21.79
34789,174,S2,564.0,27.523,21.79
34790,174,S2,567.0,27.359,21.79
34791,174,S2,570.0,27.329,21.79
34792,174,S2,573.0,27.231,21.79
34793,174,S2,576.0,27.161,21.79
34794,174,S2,579.0,27.025,21.79
34795,174,S2,582.0,27.055,21.79
34796,174,S2,585.0,26.936,21.79
34797,174,S2,588.0,26.838,21.79
34798,174,S2,591.0,26.798,21.79
34799,174,S2,594.0,26.733,21.79
34800,174,S2,597.0,26.689,21.79
34801,175,S3,0.0,76.980,21.49
34802,175,S3,3.0,76.003,21.49
34803,175,S3,6.0,75.106,21.49
34804,175,S3,9.0,74.123,21.49
34805,175,S3,12.0,73.117,21.49
34806,175,S3,15.0,72.304,21.49
34807,175,S3,18.0,71.431,21.49
34808,175,S3,21.0,70.382,21.49
34809,175,S3,24.0,69.630,21.49
34810,175,S3,27.0,68.716,21.49
34811,175,S3,30.0,67.867,21.49
34812,175,S3,33.0,67.078,21.49
34813,175,S3,36.0,66.262,21.49
34814,175,S3,39.0,65.475,21.49
34815,175,S3,42.0,64.620,21.49
34816,175,S3,45.0,63.868,21.49
34817,175,S3,48.0,63.210,21.49
34818,175,S3,51.0,62.420,21.49
34819,175,S3,54.0,61.735,21.49
34820,175,S3,57.0,60.945,21.49
34821,175,S3,60.0,60.380,21.49
34822,175,S3,63.0,59.609,21.49
34823,175,S3,66.0,58.859,21.49
34824,175,S3,69.0,58.361,21.49
34825,175,S3,72.0,57.591,21.49
34826,175,S3,75.0,56.957,21.49
34827,175,S3,78.0,56.311,21.49
34828,175,S3,81.0,55.657,21.49
34829,175,S3,84.0,55.119,21.49
34830,175,S3,87.0,54.516,21.49
34831,175,S3,90.0,54.028,21.49
34832,175,S3,93.0,53.324,21.49
34833,175,S3,96.0,52.910,21.49
34834,175,S3,99.0,52.259,21.49
34835,175,S3,102.0,51.753,21.49
34836,175,S3,105.0,51.158,21.49
34837,175,S3,108.0,50.729,21.49
34838,175,S3,111.0,50.066,21.49
34839,175,S3,114.0,49.549,21.49
34840,175,S3,117.0,49.159,21.49
34841,175,S3,120.0,48.640,21.49
34842,175,S3,123.0,48.145,21.49
34843,175,S3,126.0,47.636,21.49
34844,175,S3,129.0,47.304,21.49
34845,175,S3,132.0,46.726,21.49
34846,175,S3,135.0,46.304,21.49
34847,175,S3,138.0,45.877,21.49
34848,175,S3,141.0,45.301,21.49
34849,175,S3,144.0,45.091,21.49
34850,175,S3,147.0,44.591,21.49
34851,175,S3,150.0,44.157,21.49
34852,175,S3,153.0,43.710,21.49
34853,175,S3,156.0,43.434,21.49
34854,175,S3,159.0,42.925,21.49
34855,175,S3,162.0,42.597,21.49
34856,175,S3,165.0,42.254,21.49
34857,175,S3,168.0,41.881,21.49
34858,175,S3,171.0,41.529,21.49
34859,175,S3,174.0,41.133,21.49
34860,175,S3,177.0,40.817,21.49
34861,175,S3,180.0,40.402,21.49
34862,175,S3,183.0,40.037,21.49
34863,175,S3,186.0,39.852,21.49
34864,175,S3,189.0,39.444,21.49
34865,175,S3,192.0,39.176,21.49
34866,175,S3,195.0,38.906,21.49
34867,175,S3,198.0,38.582,21.49
34868,175,S3,201.0,38.212,21.49
34869,175,S3,204.0,37.948,21.49
34870,175,S3,207.0,37.588,21.49
34871,175,S3,210.0,37.382,21.49
34872,175,S3,213.0,37.050,21.49
34873,175,S3,216.0,36.800,21.49
34874,175,S3,219.0,36.551,21.49
34875,175,S3,222.0,36.238,21.49
34876,175,S3,225.0,35.989,21.49
34877,175,S3,228.0,35.705,21.49
34878,175,S3,231.0,35.433,21.49
34879,175,S3,234.0,35.217,21.49
34880,175,S3,237.0,35.003,21.49
34881,175,S3,240.0,34.675,21.49
34882,175,S3,243.0,34.479,21.49
34883,175,S3,246.0,34.301,21.49
34884,175,S3,249.0,34.084,21.49
34885,175,S3,252.0,33.872,21.49
34886,175,S3,255.0,33.614,21.49
34887,175,S3,258.0,33.399,21.49
34888,175,S3,261.0,33.154,21.49
34889,175,S3,264.0,32.930,21.49
34890,175,S3,267.0,32.790,21.49
34891,175,S3,270.0,32.577,21.49
34892,175,S3,273.0,32.394,21.49
34893,175,S3,276.0,32.211,21.49
34894,175,S3,279.0,31.989,21.49
34895,175,S3,282.0,31.712,21.49
34896,175,S3,285.0,31.791,21.49
34897,175,S3,288.0,31.463,21.49
34898,175,S3,291.0,31.302,21.49
34899,175,S3,294.0,31.148,21.49
34900,175,S3,297.0,30.979,21.49
34901,175,S3,300.0,30.867,21.49
34902,175,S3,303.0,30.628,21.49
34903,175,S3,306.0,30.481,21.49
34904,175,S3,309.0,30.227,21.49
34905,175,S3,312.0,30.243,21.49
34906,175,S3,315.0,29.992,21.49
34907,175,S3,318.0,29.795,21.49
34908,175,S3,321.0,29.691,21.49
34909,175,S3,324.0,29.499,21.49
34910,175,S3,327.0,29.340,21.49
34911,175,S3,330.0,29.242,21.49
34912,175,S3,333.0,29.129,21.49
34913,175,S3,336.0,28.984,21.49
34914,175,S3,339.0,28.867,21.49
34915,175,S3,342.0,28.691,21.49
34916,175,S3,345.0,28.536,21.49
34917,175,S3,348.0,28.415,21.49
34918,175,S3,351.0,28.405,21.49
34919,175,S3,354.0,28.279,21.49
34920,175,S3,357.0,28.120,21.49
34921,175,S3,360.0,27.975,21.49
34922,175,S3,363.0,27.866,21.49
34923,175,S3,366.0,27.769,21.49
34924,175,S3,369.0,27.718,21.49
34925,175,S3,372.0,27.396,21.49
34926,175,S3,375.0,27.292,21.49
34927,175,S3,378.0,27.383,21.49
34928,175,S3,381.0,27.168,21.49
34929,175,S3,384.0,27.054,21.49
34930,175,S3,387.0,27.102,21.49
34931,175,S3,390.0,26.891,21.49
34932,175,S3,393.0,26.810,21.49
34933,175,S3,396.0,26.690,21.49
34934,175,S3,399.0,26.636,21.49
34935,175,S3,402.0,26.480,21.49
34936,175,S3,405.0,26.329,21.49
34937,175,S3,408.0,26.397,21.49
34938,175,S3,411.0,26.283,21.49
34939,175,S3,414.0,26.206,21.49
34940,175,S3,417.0,26.086,21.49
34941,175,S3,420.0,26.024,21.49
34942,175,S3,423.0,26.008,21.49
34943,175,S3,426.0,25.916,21.49
34944,175,S3,429.0,25.814,21.49
34945,175,S3,432.0,25.737,21.49
34946,175,S3,435.0,25.746,21.49
34947,175,S3,438.0,25.567,21.49
34948,175,S3,441.0,25.464,21.49
34949,175,S3,444.0,25.438,21.49
34950,175,S3,447.0,25.341,21.49
34951,175,S3,450.0,25.316,21.49
34952,175,S3,453.0,25.250,21.49
34953,175,S3,456.0,25.172,21.49
34954,175,S3,459.0,25.101,21.49
34955,175,S3,462.0,24.948,21.49
34956,175,S3,465.0,24.890,21.49
34957,175,S3,468.0,24.875,21.49
34958,175,S3,471.0,24.890,21.49
34959,175,S3,474.0,24.725,21.49
34960,175,S3,477.0,24.625,21.49
34961,175,S3,480.0,24.751,21.49
34962,175,S3,483.0,24.686,21.49
34963,175,S3,486.0,24.515,21.49
34964,175,S3,489.0,24.450,21.49
34965,175,S3,492.0,24.319,21.49
34966,175,S3,495.0,24.359,21.49
34967,175,S3,498.0,24.280,21.49
34968,175,S3,501.0,24.373,21.49
34969,175,S3,504.0,24.182,21.49
34970,175,S3,507.0,24.211,21.49
34971,175,S3,510.0,24.107,21.49
34972,175,S3,513.0,24.077,21.49
34973,175,S3,516.0,24.061,21.49
34974,175,S3,519.0,24.017,21.49
34975,175,S3,522.0,23.891,21.49
34976,175,S3,525.0,23.909,21.49
34977,175,S3,528.0,23.846,21.49
34978,175,S3,531.0,23.830,21.49
34979,175,S3,534.0,23.760,21.49
34980,175,S3,537.0,23.728,21.49
34981,175,S3,540.0,23.758,21.49
34982,175,S3,543.0,23.687,21.49
34983,175,S3,546.0,23.663,21.49
34984,175,S3,549.0,23.520,21.49
34985,175,S3,552.0,23.586,21.49
34986,175,S3,555.0,23.546,21.49
34987,175,S3,558.0,23.575,21.49
34988,175,S3,561.0,23.416,21.49
34989,175,S3,564.0,23.443,21.49
34990,175,S3,567.0,23.378,21.49
34991,175,S3,570.0,23.405,21.49
34992,175,S3,573.0,23.353,21.49
34993,175,S3,576.0,23.309,21.49
