measurement_id,run_id,sensor_id,t_seconds,temperature_c,ambient_c
54990,275,S3,567.0,21.031,20.09
54991,275,S3,570.0,20.957,20.09
54992,275,S3,573.0,20.842,20.09
54993,275,S3,576.0,20.850,20.09
54994,275,S3,579.0,20.764,20.09
54995,275,S3,582.0,20.932,20.09
54996,275,S3,585.0,20.878,20.09
54997,275,S3,588.0,20.840,20.09
54998,275,S3,591.0,20.839,20.09
54999,275,S3,594.0,20.822,20.09
55000,275,S3,597.0,20.773,20.09
55001,276,S4,0.0,75.089,22.69
55002,276,S4,3.0,74.280,22.69
55003,276,S4,6.0,73.303,22.69
55004,276,S4,9.0,72.401,22.69
55005,276,S4,12.0,71.623,22.69
55006,276,S4,15.0,70.737,22.69
55007,276,S4,18.0,69.907,22.69
55008,276,S4,21.0,69.106,22.69
55009,276,S4,24.0,68.301,22.69
55010,276,S4,27.0,67.610,22.69
55011,276,S4,30.0,66.712,22.69
55012,276,S4,33.0,65.950,22.69
55013,276,S4,36.0,65.231,22.69
55014,276,S4,39.0,64.538,22.69
55015,276,S4,42.0,63.844,22.69
55016,276,S4,45.0,63.124,22.69
55017,276,S4,48.0,62.427,22.69
55018,276,S4,51.0,61.769,22.69
55019,276,S4,54.0,61.093,22.69
55020,276,S4,57.0,60.410,22.69
55021,276,S4,60.0,59.770,22.69
55022,276,S4,63.0,59.085,22.69
55023,276,S4,66.0,58.478,22.69
55024,276,S4,69.0,57.981,22.69
55025,276,S4,72.0,57.362,22.69
55026,276,S4,75.0,56.725,22.69
55027,276,S4,78.0,56.181,22.69
55028,276,S4,81.0,55.465,22.69
55029,276,S4,84.0,54.991,22.69
55030,276,S4,87.0,54.428,22.69
55031,276,S4,90.0,53.834,22.69
55032,276,S4,93.0,53.403,22.69
55033,276,S4,96.0,52.768,22.69
55034,276,S4,99.0,52.350,22.69
55035,276,S4,102.0,51.712,22.69
55036,276,S4,105.0,51.323,22.69
55037,276,S4,108.0,50.825,22.69
55038,276,S4,111.0,50.275,22.69
55039,276,S4,114.0,49.816,22.69
55040,276,S4,117.0,49.358,22.69
55041,276,S4,120.0,48.903,22.69
55042,276,S4,123.0,48.363,22.69
55043,276,S4,126.0,47.980,22.69
55044,276,S4,129.0,47.614,22.69
55045,276,S4,132.0,47.197,22.69
55046,276,S4,135.0,46.797,22.69
55047,276,S4,138.0,46.337,22.69
55048,276,S4,141.0,45.897,22.69
55049,276,S4,144.0,45.511,22.69
55050,276,S4,147.0,45.257,22.69
55051,276,S4,150.0,44.727,22.69
55052,276,S4,153.0,44.427,22.69
55053,276,S4,156.0,43.985,22.69
55054,276,S4,159.0,43.585,22.69
55055,276,S4,162.0,43.334,22.69
55056,276,S4,165.0,42.915,22.69
55057,276,S4,168.0,42.567,22.69
55058,276,S4,171.0,42.262,22.69
55059,276,S4,174.0,41.949,22.69
55060,276,S4,177.0,41.650,22.69
55061,276,S4,180.0,41.265,22.69
55062,276,S4,183.0,40.837,22.69
55063,276,S4,186.0,40.550,22.69
55064,276,S4,189.0,40.259,22.69
55065,276,S4,192.0,39.928,22.69
55066,276,S4,195.0,39.734,22.69
55067,276,S4,198.0,39.331,22.69
55068,276,S4,201.0,39.037,22.69
55069,276,S4,204.0,38.777,22.69
55070,276,S4,207.0,38.580,22.69
55071,276,S4,210.0,38.212,22.69
55072,276,S4,213.0,38.044,22.69
55073,276,S4,216.0,37.749,22.69
55074,276,S4,219.0,37.518,22.69
55075,276,S4,222.0,37.281,22.69
55076,276,S4,225.0,36.948,22.69
55077,276,S4,228.0,36.705,22.69
55078,276,S4,231.0,36.443,22.69
55079,276,S4,234.0,36.239,22.69
55080,276,S4,237.0,36.164,22.69
55081,276,S4,240.0,35.831,22.69
55082,276,S4,243.0,35.562,22.69
55083,276,S4,246.0,35.320,22.69
55084,276,S4,249.0,35.183,22.69
55085,276,S4,252.0,34.942,22.69
55086,276,S4,255.0,34.720,22.69
55087,276,S4,258.0,34.437,22.69
55088,276,S4,261.0,34.316,22.69
55089,276,S4,264.0,34.218,22.69
55090,276,S4,267.0,33.871,22.69
55091,276,S4,270.0,33.669,22.69
55092,276,S4,273.0,33.557,22.69
55093,276,S4,276.0,33.347,22.69
55094,276,S4,279.0,33.205,22.69
55095,276,S4,282.0,33.054,22.69
55096,276,S4,285.0,32.782,22.69
55097,276,S4,288.0,32.648,22.69
55098,276,S4,291.0,32.403,22.69
55099,276,S4,294.0,32.297,22.69
55100,276,S4,297.0,32.141,22.69
55101,276,S4,300.0,31.934,22.69
55102,276,S4,303.0,31.837,22.69
55103,276,S4,306.0,31.620,22.69
55104,276,S4,309.0,31.506,22.69
55105,276,S4,312.0,31.278,22.69
55106,276,S4,315.0,31.261,22.69
55107,276,S4,318.0,31.022,22.69
55108,276,S4,321.0,30.891,22.69
55109,276,S4,324.0,30.808,22.69
55110,276,S4,327.0,30.625,22.69
55111,276,S4,330.0,30.512,22.69
55112,276,S4,333.0,30.311,22.69
55113,276,S4,336.0,30.276,22.69
55114,276,S4,339.0,30.164,22.69
55115,276,S4,342.0,29.961,22.69
55116,276,S4,345.0,29.925,22.69
55117,276,S4,348.0,29.819,22.69
55118,276,S4,351.0,29.708,22.69
55119,276,S4,354.0,29.473,22.69
55120,276,S4,357.0,29.378,22.69
55121,276,S4,360.0,29.230,22.69
55122,276,S4,363.0,29.143,22.69
55123,276,S4,366.0,29.062,22.69
55124,276,S4,369.0,28.987,22.69
55125,276,S4,372.0,28.828,22.69
55126,276,S4,375.0,28.681,22.69
55127,276,S4,378.0,28.642,22.69
55128,276,S4,381.0,28.514,22.69
55129,276,S4,384.0,28.373,22.69
55130,276,S4,387.0,28.324,22.69
55131,276,S4,390.0,28.210,22.69
55132,276,S4,393.0,28.175,22.69
55133,276,S4,396.0,28.103,22.69
55134,276,S4,399.0,27.869,22.69
55135,276,S4,402.0,27.870,22.69
55136,276,S4,405.0,27.816,22.69
55137,276,S4,408.0,27.616,22.69
55138,276,S4,411.0,27.538,22.69
55139,276,S4,414.0,27.563,22.69
55140,276,S4,417.0,27.422,22.69
55141,276,S4,420.0,27.352,22.69
55142,276,S4,423.0,27.330,22.69
55143,276,S4,426.0,27.286,22.69
55144,276,S4,429.0,27.147,22.69
55145,276,S4,432.0,26.961,22.69
55146,276,S4,435.0,26.932,22.69
55147,276,S4,438.0,26.789,22.69
55148,276,S4,441.0,26.752,22.69
55149,276,S4,444.0,26.733,22.69
55150,276,S4,447.0,26.635,22.69
55151,276,S4,450.0,26.572,22.69
55152,276,S4,453.0,26.507,22.69
55153,276,S4,456.0,26.380,22.69
55154,276,S4,459.0,26.343,22.69
55155,276,S4,462.0,26.419,22.69
55156,276,S4,465.0,26.291,22.69
55157,276,S4,468.0,26.161,22.69
55158,276,S4,471.0,26.169,22.69
55159,276,S4,474.0,26.150,22.69
55160,276,S4,477.0,26.112,22.69
55161,276,S4,480.0,25.992,22.69
55162,276,S4,483.0,25.912,22.69
55163,276,S4,486.0,25.772,22.69
55164,276,S4,489.0,25.801,22.69
55165,276,S4,492.0,25.783,22.69
55166,276,S4,495.0,25.685,22.69
55167,276,S4,498.0,25.633,22.69
55168,276,S4,501.0,25.566,22.69
55169,276,S4,504.0,25.565,22.69
55170,276,S4,507.0,25.408,22.69
55171,276,S4,510.0,25.494,22.69
55172,276,S4,513.0,25.437,22.69
55173,276,S4,516.0,25.346,22.69
55174,276,S4,519.0,25.202,22.69
55175,276,S4,522.0,25.336,22.69
55176,276,S4,525.0,25.156,22.69
55177,276,S4,528.0,25.226,22.69
55178,276,S4,531.0,25.191,22.69
55179,276,S4,534.0,25.161,22.69
55180,276,S4,537.0,25.067,22.69
55181,276,S4,540.0,24.981,22.69
55182,276,S4,543.0,24.892,22.69
55183,276,S4,546.0,24.983,22.69
55184,276,S4,549.0,24.923,22.69
55185,276,S4,552.0,24.797,22.69
55186,276,S4,555.0,24.823,22.69
55187,276,S4,558.0,24.800,22.69
55188,276,S4,561.0,24.748,22.69
55189,276,S4,564.0,24.633,22.69
55190,276,S4,567.0,24.760,22.69
55191,276,S4,570.0,24.724,22.69
55192,276,S4,573.0,24.585,22.69
55193,276,S4,576.0,24.581,22.69
55194,276,S4,579.0,24.530,22.69
55195,276,S4,582.0,24.533,22.69
55196,276,S4,585.0,24.440,22.69
55197,276,S4,588.0,24.508,22.69
55198,276,S4,591.0,24.374,22.69
55199,276,S4,594.0,24.406,22.69
55200,276,S4,597.0,24.344,22.69
55201,277,S1,0.0,94.665,22.45
55202,277,S1,3.0,93.707,22.45
55203,277,S1,6.0,92.557,22.45
55204,277,S1,9.0,91.527,22.45
55205,277,S1,12.0,90.463,22.45
55206,277,S1,15.0,89.442,22.45
55207,277,S1,18.0,88.489,22.45
55208,277,S1,21.0,87.566,22.45
55209,277,S1,24.0,86.491,22.45
55210,277,S1,27.0,85.514,22.45
55211,277,S1,30.0,84.709,22.45
55212,277,S1,33.0,83.702,22.45
55213,277,S1,36.0,82.778,22.45
55214,277,S1,39.0,81.942,22.45
55215,277,S1,42.0,81.048,22.45
55216,277,S1,45.0,80.182,22.45
55217,277,S1,48.0,79.261,22.45
55218,277,S1,51.0,78.478,22.45
55219,277,S1,54.0,77.721,22.45
55220,277,S1,57.0,76.826,22.45
55221,277,S1,60.0,75.952,22.45
55222,277,S1,63.0,75.190,22.45
55223,277,S1,66.0,74.452,22.45
55224,277,S1,69.0,73.677,22.45
55225,277,S1,72.0,72.887,22.45
55226,277,S1,75.0,72.176,22.45
55227,277,S1,78.0,71.445,22.45
55228,277,S1,81.0,70.630,22.45
55229,277,S1,84.0,69.929,22.45
55230,277,S1,87.0,69.278,22.45
55231,277,S1,90.0,68.569,22.45
55232,277,S1,93.0,67.914,22.45
55233,277,S1,96.0,67.189,22.45
55234,277,S1,99.0,66.527,22.45
55235,277,S1,102.0,65.965,22.45
55236,277,S1,105.0,65.352,22.45
55237,277,S1,108.0,64.578,22.45
55238,277,S1,111.0,63.974,22.45
55239,277,S1,114.0,63.371,22.45
55240,277,S1,117.0,62.687,22.45
55241,277,S1,120.0,62.217,22.45
55242,277,S1,123.0,61.522,22.45
55243,277,S1,126.0,60.968,22.45
55244,277,S1,129.0,60.430,22.45
55245,277,S1,132.0,59.918,22.45
55246,277,S1,135.0,59.331,22.45
55247,277,S1,138.0,58.711,22.45
55248,277,S1,141.0,58.252,22.45
55249,277,S1,144.0,57.674,22.45
55250,277,S1,147.0,57.095,22.45
55251,277,S1,150.0,56.718,22.45
55252,277,S1,153.0,56.117,22.45
55253,277,S1,156.0,55.561,22.45
55254,277,S1,159.0,55.154,22.45
55255,277,S1,162.0,54.569,22.45
55256,277,S1,165.0,54.136,22.45
55257,277,S1,168.0,53.710,22.45
55258,277,S1,171.0,53.172,22.45
55259,277,S1,174.0,52.822,22.45
55260,277,S1,177.0,52.363,22.45
55261,277,S1,180.0,51.880,22.45
55262,277,S1,183.0,51.441,22.45
55263,277,S1,186.0,51.044,22.45
55264,277,S1,189.0,50.511,22.45
55265,277,S1,192.0,50.182,22.45
55266,277,S1,195.0,49.770,22.45
55267,277,S1,198.0,49.348,22.45
55268,277,S1,201.0,48.887,22.45
55269,277,S1,204.0,48.438,22.45
55270,277,S1,207.0,48.157,22.45
55271,277,S1,210.0,47.765,22.45
55272,277,S1,213.0,47.443,22.45
55273,277,S1,216.0,46.984,22.45
55274,277,S1,219.0,46.681,22.45
55275,277,S1,222.0,46.287,22.45
55276,277,S1,225.0,45.920,22.45
55277,277,S1,228.0,45.626,22.45
55278,277,S1,231.0,45.326,22.45
55279,277,S1,234.0,45.009,22.45
55280,277,S1,237.0,44.521,22.45
55281,277,S1,240.0,44.374,22.45
55282,277,S1,243.0,43.968,22.45
55283,277,S1,246.0,43.608,22.45
55284,277,S1,249.0,43.350,22.45
55285,277,S1,252.0,43.010,22.45
55286,277,S1,255.0,42.679,22.45
55287,277,S1,258.0,42.399,22.45
55288,277,S1,261.0,42.073,22.45
55289,277,S1,264.0,41.772,22.45
55290,277,S1,267.0,41.531,22.45
55291,277,S1,270.0,41.251,22.45
55292,277,S1,273.0,41.002,22.45
55293,277,S1,276.0,40.622,22.45
55294,277,S1,279.0,40.402,22.45
55295,277,S1,282.0,40.134,22.45
55296,277,S1,285.0,39.862,22.45
55297,277,S1,288.0,39.584,22.45
55298,277,S1,291.0,39.367,22.45
55299,277,S1,294.0,39.041,22.45
55300,277,S1,297.0,38.838,22.45
55301,277,S1,300.0,38.648,22.45
55302,277,S1,303.0,38.518,22.45
55303,277,S1,306.0,38.178,22.45
55304,277,S1,309.0,37.920,22.45
55305,277,S1,312.0,37.711,22.45
55306,277,S1,315.0,37.440,22.45
55307,277,S1,318.0,37.280,22.45
55308,277,S1,321.0,37.059,22.45
55309,277,S1,324.0,36.795,22.45
55310,277,S1,327.0,36.558,22.45
55311,277,S1,330.0,36.289,22.45
55312,277,S1,333.0,36.129,22.45
55313,277,S1,336.0,35.899,22.45
55314,277,S1,339.0,35.838,22.45
55315,277,S1,342.0,35.452,22.45
55316,277,S1,345.0,35.325,22.45
55317,277,S1,348.0,35.136,22.45
55318,277,S1,351.0,35.044,22.45
55319,277,S1,354.0,34.790,22.45
55320,277,S1,357.0,34.640,22.45
55321,277,S1,360.0,34.380,22.45
55322,277,S1,363.0,34.272,22.45
55323,277,S1,366.0,34.126,22.45
55324,277,S1,369.0,33.913,22.45
55325,277,S1,372.0,33.746,22.45
55326,277,S1,375.0,33.526,22.45
55327,277,S1,378.0,33.414,22.45
55328,277,S1,381.0,33.237,22.45
55329,277,S1,384.0,33.110,22.45
55330,277,S1,387.0,32.970,22.45
55331,277,S1,390.0,32.804,22.45
55332,277,S1,393.0,32.611,22.45
55333,277,S1,396.0,32.442,22.45
55334,277,S1,399.0,32.329,22.45
55335,277,S1,402.0,32.136,22.45
55336,277,S1,405.0,32.009,22.45
55337,277,S1,408.0,31.938,22.45
55338,277,S1,411.0,31.736,22.45
55339,277,S1,414.0,31.662,22.45
55340,277,S1,417.0,31.437,22.45
55341,277,S1,420.0,31.329,22.45
55342,277,S1,423.0,31.201,22.45
55343,277,S1,426.0,31.035,22.45
55344,277,S1,429.0,30.920,22.45
55345,277,S1,432.0,30.805,22.45
55346,277,S1,435.0,30.755,22.45
55347,277,S1,438.0,30.568,22.45
55348,277,S1,441.0,30.463,22.45
55349,277,S1,444.0,30.278,22.45
55350,277,S1,447.0,30.191,22.45
55351,277,S1,450.0,30.064,22.45
55352,277,S1,453.0,29.936,22.45
55353,277,S1,456.0,29.852,22.45
55354,277,S1,459.0,29.798,22.45
55355,277,S1,462.0,29.646,22.45
55356,277,S1,465.0,29.529,22.45
55357,277,S1,468.0,29.512,22.45
55358,277,S1,471.0,29.377,22.45
55359,277,S1,474.0,29.217,22.45
55360,277,S1,477.0,29.148,22.45
55361,277,S1,480.0,28.944,22.45
55362,277,S1,483.0,28.943,22.45
55363,277,S1,486.0,28.696,22.45
55364,277,S1,489.0,28.784,22.45
55365,277,S1,492.0,28.691,22.45
55366,277,S1,495.0,28.529,22.45
55367,277,S1,498.0,28.464,22.45
55368,277,S1,501.0,28.378,22.45
55369,277,S1,504.0,28.289,22.45
55370,277,S1,507.0,28.257,22.45
55371,277,S1,510.0,28.144,22.45
55372,277,S1,513.0,28.063,22.45
55373,277,S1,516.0,27.892,22.45
55374,277,S1,519.0,27.810,22.45
55375,277,S1,522.0,27.847,22.45
55376,277,S1,525.0,27.583,22.45
55377,277,S1,528.0,27.647,22.45
55378,277,S1,531.0,27.571,22.45
55379,277,S1,534.0,27.453,22.45
55380,277,S1,537.0,27.426,22.45
55381,277,S1,540.0,27.405,22.45
55382,277,S1,543.0,27.290,22.45
55383,277,S1,546.0,27.114,22.45
55384,277,S1,549.0,27.091,22.45
55385,277,S1,552.0,27.023,22.45
55386,277,S1,555.0,26.914,22.45
55387,277,S1,558.0,26.898,22.45
55388,277,S1,561.0,26.842,22.45
55389,277,S1,564.0,26.826,22.45
55390,277,S1,567.0,26.775,22.45
55391,277,S1,570.0,26.722,22.45
55392,277,S1,573.0,26.564,22.45
55393,277,S1,576.0,26.430,22.45
55394,277,S1,579.0,26.513,22.45
55395,277,S1,582.0,26.535,22.45
55396,277,S1,585.0,26.312,22.45
55397,277,S1,588.0,26.344,22.45
55398,277,S1,591.0,26.185,22.45
55399,277,S1,594.0,26.123,22.45
55400,277,S1,597.0,26.166,22.45
55401,278,S2,0.0,82.633,20.68
55402,278,S2,3.0,81.005,20.68
55403,278,S2,6.0,79.521,20.68
55404,278,S2,9.0,78.166,20.68
55405,278,S2,12.0,76.653,20.68
55406,278,S2,15.0,75.263,20.68
55407,278,S2,18.0,73.806,20.68
55408,278,S2,21.0,72.445,20.68
55409,278,S2,24.0,71.130,20.68
55410,278,S2,27.0,69.970,20.68
55411,278,S2,30.0,68.665,20.68
55412,278,S2,33.0,67.447,20.68
55413,278,S2,36.0,66.313,20.68
55414,278,S2,39.0,65.096,20.68
55415,278,S2,42.0,64.022,20.68
55416,278,S2,45.0,63.043,20.68
55417,278,S2,48.0,61.885,20.68
55418,278,S2,51.0,60.758,20.68
55419,278,S2,54.0,59.810,20.68
55420,278,S2,57.0,58.772,20.68
55421,278,S2,60.0,57.801,20.68
55422,278,S2,63.0,56.920,20.68
55423,278,S2,66.0,55.928,20.68
55424,278,S2,69.0,55.118,20.68
55425,278,S2,72.0,54.209,20.68
55426,278,S2,75.0,53.315,20.68
55427,278,S2,78.0,52.576,20.68
55428,278,S2,81.0,51.769,20.68
55429,278,S2,84.0,50.922,20.68
55430,278,S2,87.0,50.226,20.68
55431,278,S2,90.0,49.419,20.68
55432,278,S2,93.0,48.703,20.68
55433,278,S2,96.0,48.063,20.68
55434,278,S2,99.0,47.375,20.68
55435,278,S2,102.0,46.632,20.68
55436,278,S2,105.0,45.967,20.68
55437,278,S2,108.0,45.392,20.68
55438,278,S2,111.0,44.734,20.68
55439,278,S2,114.0,44.137,20.68
55440,278,S2,117.0,43.541,20.68
55441,278,S2,120.0,42.936,20.68
55442,278,S2,123.0,42.406,20.68
55443,278,S2,126.0,41.779,20.68
55444,278,S2,129.0,41.298,20.68
55445,278,S2,132.0,40.792,20.68
55446,278,S2,135.0,40.315,20.68
55447,278,S2,138.0,39.804,20.68
55448,278,S2,141.0,39.251,20.68
55449,278,S2,144.0,38.750,20.68
55450,278,S2,147.0,38.353,20.68
55451,278,S2,150.0,37.897,20.68
55452,278,S2,153.0,37.435,20.68
55453,278,S2,156.0,37.053,20.68
55454,278,S2,159.0,36.652,20.68
55455,278,S2,162.0,36.249,20.68
55456,278,S2,165.0,35.908,20.68
55457,278,S2,168.0,35.494,20.68
55458,278,S2,171.0,35.186,20.68
55459,278,S2,174.0,34.678,20.68
55460,278,S2,177.0,34.388,20.68
55461,278,S2,180.0,34.068,20.68
55462,278,S2,183.0,33.650,20.68
55463,278,S2,186.0,33.497,20.68
55464,278,S2,189.0,33.028,20.68
55465,278,S2,192.0,32.721,20.68
55466,278,S2,195.0,32.411,20.68
55467,278,S2,198.0,32.056,20.68
55468,278,S2,201.0,31.853,20.68
55469,278,S2,204.0,31.612,20.68
55470,278,S2,207.0,31.427,20.68
55471,278,S2,210.0,30.987,20.68
55472,278,S2,213.0,30.783,20.68
55473,278,S2,216.0,30.569,20.68
55474,278,S2,219.0,30.260,20.68
55475,278,S2,222.0,30.051,20.68
55476,278,S2,225.0,29.750,20.68
55477,278,S2,228.0,29.516,20.68
55478,278,S2,231.0,29.288,20.68
55479,278,S2,234.0,29.163,20.68
55480,278,S2,237.0,28.930,20.68
55481,278,S2,240.0,28.740,20.68
55482,278,S2,243.0,28.513,20.68
55483,278,S2,246.0,28.217,20.68
55484,278,S2,249.0,28.113,20.68
55485,278,S2,252.0,27.925,20.68
55486,278,S2,255.0,27.787,20.68
55487,278,S2,258.0,27.483,20.68
55488,278,S2,261.0,27.413,20.68
55489,278,S2,264.0,27.089,20.68
55490,278,S2,267.0,27.003,20.68
55491,278,S2,270.0,26.857,20.68
55492,278,S2,273.0,26.763,20.68
55493,278,S2,276.0,26.579,20.68
55494,278,S2,279.0,26.395,20.68
55495,278,S2,282.0,26.247,20.68
55496,278,S2,285.0,26.160,20.68
55497,278,S2,288.0,26.005,20.68
55498,278,S2,291.0,25.848,20.68
55499,278,S2,294.0,25.754,20.68
55500,278,S2,297.0,25.579,20.68
55501,278,S2,300.0,25.477,20.68
55502,278,S2,303.0,25.265,20.68
55503,278,S2,306.0,25.235,20.68
55504,278,S2,309.0,25.115,20.68
55505,278,S2,312.0,24.988,20.68
55506,278,S2,315.0,24.903,20.68
55507,278,S2,318.0,24.830,20.68
55508,278,S2,321.0,24.703,20.68
55509,278,S2,324.0,24.553,20.68
55510,278,S2,327.0,24.483,20.68
55511,278,S2,330.0,24.336,20.68
55512,278,S2,333.0,24.341,20.68
55513,278,S2,336.0,24.211,20.68
55514,278,S2,339.0,24.137,20.68
55515,278,S2,342.0,23.956,20.68
55516,278,S2,345.0,23.990,20.68
55517,278,S2,348.0,23.843,20.68
55518,278,S2,351.0,23.827,20.68
55519,278,S2,354.0,23.702,20.68
55520,278,S2,357.0,23.686,20.68
55521,278,S2,360.0,23.568,20.68
55522,278,S2,363.0,23.589,20.68
55523,278,S2,366.0,23.369,20.68
55524,278,S2,369.0,23.438,20.68
55525,278,S2,372.0,23.154,20.68
55526,278,S2,375.0,23.102,20.68
55527,278,S2,378.0,23.283,20.68
55528,278,S2,381.0,23.102,20.68
55529,278,S2,384.0,23.030,20.68
55530,278,S2,387.0,22.995,20.68
55531,278,S2,390.0,22.834,20.68
55532,278,S2,393.0,22.903,20.68
55533,278,S2,396.0,22.827,20.68
55534,278,S2,399.0,22.737,20.68
55535,278,S2,402.0,22.664,20.68
55536,278,S2,405.0,22.685,20.68
55537,278,S2,408.0,22.609,20.68
55538,278,S2,411.0,22.505,20.68
55539,278,S2,414.0,22.450,20.68
55540,278,S2,417.0,22.558,20.68
55541,278,S2,420.0,22.362,20.68
55542,278,S2,423.0,22.337,20.68
55543,278,S2,426.0,22.281,20.68
55544,278,S2,429.0,22.191,20.68
55545,278,S2,432.0,22.164,20.68
55546,278,S2,435.0,22.187,20.68
55547,278,S2,438.0,22.122,20.68
55548,278,S2,441.0,22.133,20.68
55549,278,S2,444.0,22.073,20.68
55550,278,S2,447.0,22.136,20.68
55551,278,S2,450.0,22.067,20.68
55552,278,S2,453.0,21.911,20.68
55553,278,S2,456.0,22.037,20.68
55554,278,S2,459.0,21.937,20.68
55555,278,S2,462.0,21.851,20.68
55556,278,S2,465.0,21.819,20.68
55557,278,S2,468.0,21.757,20.68
55558,278,S2,471.0,21.806,20.68
55559,278,S2,474.0,21.745,20.68
55560,278,S2,477.0,21.700,20.68
55561,278,S2,480.0,21.724,20.68
55562,278,S2,483.0,21.712,20.68
55563,278,S2,486.0,21.736,20.68
55564,278,S2,489.0,21.606,20.68
55565,278,S2,492.0,21.590,20.68
55566,278,S2,495.0,21.566,20.68
55567,278,S2,498.0,21.547,20.68
55568,278,S2,501.0,21.540,20.68
55569,278,S2,504.0,21.463,20.68
55570,278,S2,507.0,21.487,20.68
55571,278,S2,510.0,21.472,20.68
55572,278,S2,513.0,21.435,20.68
55573,278,S2,516.0,21.488,20.68
55574,278,S2,519.0,21.459,20.68
55575,278,S2,522.0,21.350,20.68
55576,278,S2,525.0,21.479,20.68
55577,278,S2,528.0,21.464,20.68
55578,278,S2,531.0,21.340,20.68
55579,278,S2,534.0,21.307,20.68
55580,278,S2,537.0,21.323,20.68
55581,278,S2,540.0,21.343,20.68
55582,278,S2,543.0,21.225,20.68
55583,278,S2,546.0,21.289,20.68
55584,278,S2,549.0,21.247,20.68
55585,278,S2,552.0,21.178,20.68
55586,278,S2,555.0,21.352,20.68
55587,278,S2,558.0,21.275,20.68
55588,278,S2,561.0,21.173,20.68
55589,278,S2,564.0,21.128,20.68
55590,278,S2,567.0,21.179,20.68
55591,278,S2,570.0,21.128,20.68
55592,278,S2,573.0,21.155,20.68
55593,278,S2,576.0,21.170,20.68
55594,278,S2,579.0,21.164,20.68
55595,278,S2,582.0,21.090,20.68
55596,278,S2,585.0,21.148,20.68
55597,278,S2,588.0,21.022,20.68
55598,278,S2,591.0,21.119,20.68
55599,278,S2,594.0,20.951,20.68
55600,278,S2,597.0,21.032,20.68
55601,279,S3,0.0,76.742,20.62
55602,279,S3,3.0,75.077,20.62
55603,279,S3,6.0,73.713,20.62
55604,279,S3,9.0,72.270,20.62
55605,279,S3,12.0,70.849,20.62
55606,279,S3,15.0,69.536,20.62
55607,279,S3,18.0,68.206,20.62
55608,279,S3,21.0,66.945,20.62
55609,279,S3,24.0,65.737,20.62
55610,279,S3,27.0,64.379,20.62
55611,279,S3,30.0,63.346,20.62
55612,279,S3,33.0,62.159,20.62
55613,279,S3,36.0,61.005,20.62
55614,279,S3,39.0,59.922,20.62
55615,279,S3,42.0,58.844,20.62
55616,279,S3,45.0,57.859,20.62
55617,279,S3,48.0,56.858,20.62
55618,279,S3,51.0,55.644,20.62
55619,279,S3,54.0,54.770,20.62
55620,279,S3,57.0,53.896,20.62
55621,279,S3,60.0,53.018,20.62
55622,279,S3,63.0,52.157,20.62
55623,279,S3,66.0,51.336,20.62
55624,279,S3,69.0,50.481,20.62
55625,279,S3,72.0,49.701,20.62
55626,279,S3,75.0,48.874,20.62
55627,279,S3,78.0,48.170,20.62
55628,279,S3,81.0,47.403,20.62
55629,279,S3,84.0,46.725,20.62
55630,279,S3,87.0,45.942,20.62
55631,279,S3,90.0,45.238,20.62
55632,279,S3,93.0,44.709,20.62
55633,279,S3,96.0,43.979,20.62
55634,279,S3,99.0,43.240,20.62
55635,279,S3,102.0,42.756,20.62
55636,279,S3,105.0,42.114,20.62
55637,279,S3,108.0,41.487,20.62
55638,279,S3,111.0,40.972,20.62
55639,279,S3,114.0,40.330,20.62
55640,279,S3,117.0,39.896,20.62
55641,279,S3,120.0,39.320,20.62
55642,279,S3,123.0,38.838,20.62
55643,279,S3,126.0,38.394,20.62
55644,279,S3,129.0,37.884,20.62
55645,279,S3,132.0,37.355,20.62
55646,279,S3,135.0,37.013,20.62
55647,279,S3,138.0,36.625,20.62
55648,279,S3,141.0,36.200,20.62
55649,279,S3,144.0,35.798,20.62
55650,279,S3,147.0,35.292,20.62
55651,279,S3,150.0,34.958,20.62
55652,279,S3,153.0,34.563,20.62
55653,279,S3,156.0,34.056,20.62
55654,279,S3,159.0,33.793,20.62
55655,279,S3,162.0,33.477,20.62
55656,279,S3,165.0,33.086,20.62
55657,279,S3,168.0,32.748,20.62
55658,279,S3,171.0,32.379,20.62
55659,279,S3,174.0,32.042,20.62
55660,279,S3,177.0,31.716,20.62
55661,279,S3,180.0,31.430,20.62
55662,279,S3,183.0,31.097,20.62
55663,279,S3,186.0,30.826,20.62
55664,279,S3,189.0,30.580,20.62
55665,279,S3,192.0,30.293,20.62
55666,279,S3,195.0,30.108,20.62
55667,279,S3,198.0,29.786,20.62
55668,279,S3,201.0,29.510,20.62
55669,279,S3,204.0,29.388,20.62
55670,279,S3,207.0,29.064,20.62
55671,279,S3,210.0,28.845,20.62
55672,279,S3,213.0,28.711,20.62
55673,279,S3,216.0,28.363,20.62
55674,279,S3,219.0,28.233,20.62
55675,279,S3,222.0,27.937,20.62
55676,279,S3,225.0,27.881,20.62
55677,279,S3,228.0,27.637,20.62
55678,279,S3,231.0,27.480,20.62
55679,279,S3,234.0,27.206,20.62
55680,279,S3,237.0,27.029,20.62
55681,279,S3,240.0,26.875,20.62
55682,279,S3,243.0,26.700,20.62
55683,279,S3,246.0,26.489,20.62
55684,279,S3,249.0,26.422,20.62
55685,279,S3,252.0,26.246,20.62
55686,279,S3,255.0,26.098,20.62
55687,279,S3,258.0,25.976,20.62
55688,279,S3,261.0,25.768,20.62
55689,279,S3,264.0,25.728,20.62
55690,279,S3,267.0,25.573,20.62
55691,279,S3,270.0,25.408,20.62
55692,279,S3,273.0,25.257,20.62
55693,279,S3,276.0,25.132,20.62
55694,279,S3,279.0,25.042,20.62
55695,279,S3,282.0,24.850,20.62
55696,279,S3,285.0,24.779,20.62
55697,279,S3,288.0,24.633,20.62
55698,279,S3,291.0,24.611,20.62
55699,279,S3,294.0,24.437,20.62
55700,279,S3,297.0,24.314,20.62
55701,279,S3,300.0,24.273,20.62
55702,279,S3,303.0,24.147,20.62
55703,279,S3,306.0,24.203,20.62
55704,279,S3,309.0,23.940,20.62
55705,279,S3,312.0,23.912,20.62
55706,279,S3,315.0,23.777,20.62
55707,279,S3,318.0,23.648,20.62
55708,279,S3,321.0,23.632,20.62
55709,279,S3,324.0,23.488,20.62
55710,279,S3,327.0,23.537,20.62
55711,279,S3,330.0,23.424,20.62
55712,279,S3,333.0,23.347,20.62
55713,279,S3,336.0,23.201,20.62
55714,279,S3,339.0,23.192,20.62
55715,279,S3,342.0,22.991,20.62
55716,279,S3,345.0,23.015,20.62
55717,279,S3,348.0,22.929,20.62
55718,279,S3,351.0,22.933,20.62
55719,279,S3,354.0,22.817,20.62
55720,279,S3,357.0,22.704,20.62
55721,279,S3,360.0,22.648,20.62
55722,279,S3,363.0,22.493,20.62
55723,279,S3,366.0,22.554,20.62
55724,279,S3,369.0,22.532,20.62
55725,279,S3,372.0,22.459,20.62
55726,279,S3,375.0,22.493,20.62
55727,279,S3,378.0,22.397,20.62
55728,279,S3,381.0,22.358,20.62
55729,279,S3,384.0,22.364,20.62
55730,279,S3,387.0,22.291,20.62
55731,279,S3,390.0,22.146,20.62
55732,279,S3,393.0,22.129,20.62
55733,279,S3,396.0,22.052,20.62
55734,279,S3,399.0,22.160,20.62
55735,279,S3,402.0,21.944,20.62
55736,279,S3,405.0,21.941,20.62
55737,279,S3,408.0,21.962,20.62
55738,279,S3,411.0,21.932,20.62
55739,279,S3,414.0,21.864,20.62
55740,279,S3,417.0,21.758,20.62
55741,279,S3,420.0,21.929,20.62
55742,279,S3,423.0,21.802,20.62
55743,279,S3,426.0,21.741,20.62
55744,279,S3,429.0,21.775,20.62
55745,279,S3,432.0,21.727,20.62
55746,279,S3,435.0,21.704,20.62
55747,279,S3,438.0,21.663,20.62
55748,279,S3,441.0,21.557,20.62
55749,279,S3,444.0,21.620,20.62
55750,279,S3,447.0,21.533,20.62
55751,279,S3,450.0,21.516,20.62
55752,279,S3,453.0,21.599,20.62
55753,279,S3,456.0,21.444,20.62
55754,279,S3,459.0,21.519,20.62
55755,279,S3,462.0,21.458,20.62
55756,279,S3,465.0,21.434,20.62
55757,279,S3,468.0,21.459,20.62
55758,279,S3,471.0,21.308,20.62
55759,279,S3,474.0,21.403,20.62
55760,279,S3,477.0,21.360,20.62
55761,279,S3,480.0,21.351,20.62
55762,279,S3,483.0,21.336,20.62
55763,279,S3,486.0,21.243,20.62
55764,279,S3,489.0,21.304,20.62
55765,279,S3,492.0,21.218,20.62
55766,279,S3,495.0,21.216,20.62
55767,279,S3,498.0,21.189,20.62
55768,279,S3,501.0,21.165,20.62
55769,279,S3,504.0,21.162,20.62
55770,279,S3,507.0,21.160,20.62
55771,279,S3,510.0,21.152,20.62
55772,279,S3,513.0,21.087,20.62
55773,279,S3,516.0,21.149,20.62
55774,279,S3,519.0,21.120,20.62
55775,279,S3,522.0,21.139,20.62
55776,279,S3,525.0,21.110,20.62
55777,279,S3,528.0,21.079,20.62
55778,279,S3,531.0,21.140,20.62
55779,279,S3,534.0,21.028,20.62
55780,279,S3,537.0,21.035,20.62
55781,279,S3,540.0,20.994,20.62
55782,279,S3,543.0,20.966,20.62
55783,279,S3,546.0,20.962,20.62
55784,279,S3,549.0,20.928,20.62
55785,279,S3,552.0,21.096,20.62
55786,279,S3,555.0,20.958,20.62
55787,279,S3,558.0,21.080,20.62
55788,279,S3,561.0,21.017,20.62
55789,279,S3,564.0,20.927,20.62
55790,279,S3,567.0,20.910,20.62
55791,279,S3,570.0,20.965,20.62
55792,279,S3,573.0,20.906,20.62
55793,279,S3,576.0,20.879,20.62
55794,279,S3,579.0,20.921,20.62
55795,279,S3,582.0,20.938,20.62
55796,279,S3,585.0,20.867,20.62
55797,279,S3,588.0,20.855,20.62
55798,279,S3,591.0,20.870,20.62
55799,279,S3,594.0,20.862,20.62
55800,279,S3,597.0,20.874,20.62
55801,280,S4,0.0,83.704,20.02
55802,280,S4,3.0,82.945,20.02
55803,280,S4,6.0,82.062,20.02
55804,280,S4,9.0,81.198,20.02
55805,280,S4,12.0,80.363,20.02
55806,280,S4,15.0,79.627,20.02
55807,280,S4,18.0,78.807,20.02
55808,280,S4,21.0,78.015,20.02
55809,280,S4,24.0,77.257,20.02
55810,280,S4,27.0,76.401,20.02
55811,280,S4,30.0,75.719,20.02
55812,280,S4,33.0,74.837,20.02
55813,280,S4,36.0,74.283,20.02
55814,280,S4,39.0,73.426,20.02
55815,280,S4,42.0,72.794,20.02
55816,280,S4,45.0,72.030,20.02
55817,280,S4,48.0,71.301,20.02
55818,280,S4,51.0,70.643,20.02
55819,280,S4,54.0,69.977,20.02
55820,280,S4,57.0,69.274,20.02
55821,280,S4,60.0,68.612,20.02
55822,280,S4,63.0,67.926,20.02
55823,280,S4,66.0,67.366,20.02
55824,280,S4,69.0,66.640,20.02
55825,280,S4,72.0,66.048,20.02
55826,280,S4,75.0,65.371,20.02
55827,280,S4,78.0,64.801,20.02
55828,280,S4,81.0,64.186,20.02
55829,280,S4,84.0,63.575,20.02
55830,280,S4,87.0,63.001,20.02
55831,280,S4,90.0,62.413,20.02
55832,280,S4,93.0,61.835,20.02
55833,280,S4,96.0,61.343,20.02
55834,280,S4,99.0,60.689,20.02
55835,280,S4,102.0,60.271,20.02
55836,280,S4,105.0,59.684,20.02
55837,280,S4,108.0,59.087,20.02
55838,280,S4,111.0,58.580,20.02
55839,280,S4,114.0,58.044,20.02
55840,280,S4,117.0,57.580,20.02
55841,280,S4,120.0,57.073,20.02
55842,280,S4,123.0,56.594,20.02
55843,280,S4,126.0,55.937,20.02
55844,280,S4,129.0,55.505,20.02
55845,280,S4,132.0,55.159,20.02
55846,280,S4,135.0,54.669,20.02
55847,280,S4,138.0,54.117,20.02
55848,280,S4,141.0,53.658,20.02
55849,280,S4,144.0,53.232,20.02
55850,280,S4,147.0,52.843,20.02
55851,280,S4,150.0,52.298,20.02
55852,280,S4,153.0,51.942,20.02
55853,280,S4,156.0,51.553,20.02
55854,280,S4,159.0,51.032,20.02
55855,280,S4,162.0,50.587,20.02
55856,280,S4,165.0,50.211,20.02
55857,280,S4,168.0,49.864,20.02
55858,280,S4,171.0,49.433,20.02
55859,280,S4,174.0,49.047,20.02
55860,280,S4,177.0,48.599,20.02
55861,280,S4,180.0,48.193,20.02
55862,280,S4,183.0,47.859,20.02
55863,280,S4,186.0,47.566,20.02
55864,280,S4,189.0,47.091,20.02
55865,280,S4,192.0,46.724,20.02
55866,280,S4,195.0,46.445,20.02
55867,280,S4,198.0,46.068,20.02
55868,280,S4,201.0,45.691,20.02
55869,280,S4,204.0,45.354,20.02
55870,280,S4,207.0,45.039,20.02
55871,280,S4,210.0,44.588,20.02
55872,280,S4,213.0,44.341,20.02
55873,280,S4,216.0,43.950,20.02
55874,280,S4,219.0,43.657,20.02
55875,280,S4,222.0,43.329,20.02
55876,280,S4,225.0,43.056,20.02
55877,280,S4,228.0,42.807,20.02
55878,280,S4,231.0,42.445,20.02
55879,280,S4,234.0,42.061,20.02
55880,280,S4,237.0,41.773,20.02
55881,280,S4,240.0,41.499,20.02
55882,280,S4,243.0,41.294,20.02
55883,280,S4,246.0,41.043,20.02
55884,280,S4,249.0,40.723,20.02
55885,280,S4,252.0,40.357,20.02
55886,280,S4,255.0,40.079,20.02
55887,280,S4,258.0,39.858,20.02
55888,280,S4,261.0,39.582,20.02
55889,280,S4,264.0,39.352,20.02
55890,280,S4,267.0,39.012,20.02
55891,280,S4,270.0,38.759,20.02
55892,280,S4,273.0,38.553,20.02
55893,280,S4,276.0,38.320,20.02
55894,280,S4,279.0,38.106,20.02
55895,280,S4,282.0,37.792,20.02
55896,280,S4,285.0,37.601,20.02
55897,280,S4,288.0,37.332,20.02
55898,280,S4,291.0,37.161,20.02
55899,280,S4,294.0,36.867,20.02
55900,280,S4,297.0,36.641,20.02
55901,280,S4,300.0,36.473,20.02
55902,280,S4,303.0,36.141,20.02
55903,280,S4,306.0,35.959,20.02
55904,280,S4,309.0,35.834,20.02
55905,280,S4,312.0,35.423,20.02
55906,280,S4,315.0,35.359,20.02
55907,280,S4,318.0,35.133,20.02
55908,280,S4,321.0,34.910,20.02
55909,280,S4,324.0,34.713,20.02
55910,280,S4,327.0,34.561,20.02
55911,280,S4,330.0,34.378,20.02
55912,280,S4,333.0,34.223,20.02
55913,280,S4,336.0,33.975,20.02
55914,280,S4,339.0,33.833,20.02
55915,280,S4,342.0,33.645,20.02
55916,280,S4,345.0,33.336,20.02
55917,280,S4,348.0,33.244,20.02
55918,280,S4,351.0,32.985,20.02
55919,280,S4,354.0,32.757,20.02
55920,280,S4,357.0,32.671,20.02
55921,280,S4,360.0,32.510,20.02
55922,280,S4,363.0,32.307,20.02
55923,280,S4,366.0,32.129,20.02
55924,280,S4,369.0,32.057,20.02
55925,280,S4,372.0,31.868,20.02
55926,280,S4,375.0,31.710,20.02
55927,280,S4,378.0,31.607,20.02
55928,280,S4,381.0,31.354,20.02
55929,280,S4,384.0,31.267,20.02
55930,280,S4,387.0,31.101,20.02
55931,280,S4,390.0,30.958,20.02
55932,280,S4,393.0,30.688,20.02
55933,280,S4,396.0,30.690,20.02
55934,280,S4,399.0,30.451,20.02
55935,280,S4,402.0,30.349,20.02
55936,280,S4,405.0,30.259,20.02
55937,280,S4,408.0,30.112,20.02
55938,280,S4,411.0,30.007,20.02
55939,280,S4,414.0,29.840,20.02
55940,280,S4,417.0,29.740,20.02
55941,280,S4,420.0,29.593,20.02
55942,280,S4,423.0,29.476,20.02
55943,280,S4,426.0,29.346,20.02
55944,280,S4,429.0,29.157,20.02
55945,280,S4,432.0,29.065,20.02
55946,280,S4,435.0,28.961,20.02
55947,280,S4,438.0,28.757,20.02
55948,280,S4,441.0,28.689,20.02
55949,280,S4,444.0,28.587,20.02
55950,280,S4,447.0,28.453,20.02
55951,280,S4,450.0,28.425,20.02
55952,280,S4,453.0,28.225,20.02
55953,280,S4,456.0,28.099,20.02
55954,280,S4,459.0,28.014,20.02
55955,280,S4,462.0,27.948,20.02
55956,280,S4,465.0,27.838,20.02
55957,280,S4,468.0,27.734,20.02
55958,280,S4,471.0,27.586,20.02
55959,280,S4,474.0,27.474,20.02
55960,280,S4,477.0,27.320,20.02
55961,280,S4,480.0,27.289,20.02
55962,280,S4,483.0,27.201,20.02
55963,280,S4,486.0,27.073,20.02
55964,280,S4,489.0,26.948,20.02
55965,280,S4,492.0,26.776,20.02
55966,280,S4,495.0,26.829,20.02
55967,280,S4,498.0,26.753,20.02
55968,280,S4,501.0,26.677,20.02
55969,280,S4,504.0,26.619,20.02
55970,280,S4,507.0,26.379,20.02
55971,280,S4,510.0,26.346,20.02
55972,280,S4,513.0,26.162,20.02
55973,280,S4,516.0,26.177,20.02
55974,280,S4,519.0,26.153,20.02
55975,280,S4,522.0,26.032,20.02
55976,280,S4,525.0,25.944,20.02
55977,280,S4,528.0,25.846,20.02
55978,280,S4,531.0,25.813,20.02
55979,280,S4,534.0,25.686,20.02
55980,280,S4,537.0,25.626,20.02
55981,280,S4,540.0,25.530,20.02
55982,280,S4,543.0,25.408,20.02
55983,280,S4,546.0,25.378,20.02
55984,280,S4,549.0,25.423,20.02
55985,280,S4,552.0,25.298,20.02
55986,280,S4,555.0,25.189,20.02
55987,280,S4,558.0,25.108,20.02
55988,280,S4,561.0,24.998,20.02
55989,280,S4,564.0,25.034,20.02
55990,280,S4,567.0,24.934,20.02
55991,280,S4,570.0,24.898,20.02
55992,280,S4,573.0,24.745,20.02
55993,280,S4,576.0,24.729,20.02
55994,280,S4,579.0,24.695,20.02
55995,280,S4,582.0,24.551,20.02
55996,280,S4,585.0,24.563,20.02
55997,280,S4,588.0,24.484,20.02
55998,280,S4,591.0,24.370,20.02
55999,280,S4,594.0,24.370,20.02
56000,280,S4,597.0,24.293,20.02
56001,281,S1,0.0,87.866,21.64
56002,281,S1,3.0,86.544,21.64
56003,281,S1,6.0,85.155,21.64
56004,281,S1,9.0,83.821,21.64
56005,281,S1,12.0,82.634,21.64
56006,281,S1,15.0,81.359,21.64
56007,281,S1,18.0,80.102,21.64
56008,281,S1,21.0,78.913,21.64
56009,281,S1,24.0,77.742,21.64
56010,281,S1,27.0,76.572,21.64
56011,281,S1,30.0,75.437,21.64
56012,281,S1,33.0,74.294,21.64
56013,281,S1,36.0,73.106,21.64
56014,281,S1,39.0,72.093,21.64
56015,281,S1,42.0,71.214,21.64
56016,281,S1,45.0,70.074,21.64
56017,281,S1,48.0,69.123,21.64
56018,281,S1,51.0,68.134,21.64
56019,281,S1,54.0,67.177,21.64
56020,281,S1,57.0,66.275,21.64
56021,281,S1,60.0,65.230,21.64
56022,281,S1,63.0,64.485,21.64
56023,281,S1,66.0,63.456,21.64
56024,281,S1,69.0,62.656,21.64
56025,281,S1,72.0,61.868,21.64
56026,281,S1,75.0,61.033,21.64
56027,281,S1,78.0,60.168,21.64
56028,281,S1,81.0,59.395,21.64
56029,281,S1,84.0,58.627,21.64
56030,281,S1,87.0,57.703,21.64
56031,281,S1,90.0,56.999,21.64
56032,281,S1,93.0,56.294,21.64
56033,281,S1,96.0,55.701,21.64
56034,281,S1,99.0,54.971,21.64
56035,281,S1,102.0,54.221,21.64
56036,281,S1,105.0,53.566,21.64
56037,281,S1,108.0,52.960,21.64
56038,281,S1,111.0,52.300,21.64
56039,281,S1,114.0,51.603,21.64
56040,281,S1,117.0,51.005,21.64
56041,281,S1,120.0,50.464,21.64
56042,281,S1,123.0,49.821,21.64
56043,281,S1,126.0,49.238,21.64
56044,281,S1,129.0,48.745,21.64
56045,281,S1,132.0,48.147,21.64
56046,281,S1,135.0,47.657,21.64
56047,281,S1,138.0,47.066,21.64
56048,281,S1,141.0,46.530,21.64
56049,281,S1,144.0,45.956,21.64
56050,281,S1,147.0,45.555,21.64
56051,281,S1,150.0,44.978,21.64
56052,281,S1,153.0,44.491,21.64
56053,281,S1,156.0,43.992,21.64
56054,281,S1,159.0,43.608,21.64
56055,281,S1,162.0,43.126,21.64
56056,281,S1,165.0,42.650,21.64
56057,281,S1,168.0,42.229,21.64
56058,281,S1,171.0,41.795,21.64
56059,281,S1,174.0,41.409,21.64
56060,281,S1,177.0,41.011,21.64
56061,281,S1,180.0,40.639,21.64
56062,281,S1,183.0,40.290,21.64
56063,281,S1,186.0,39.856,21.64
56064,281,S1,189.0,39.504,21.64
56065,281,S1,192.0,39.050,21.64
56066,281,S1,195.0,38.798,21.64
56067,281,S1,198.0,38.431,21.64
56068,281,S1,201.0,38.051,21.64
56069,281,S1,204.0,37.737,21.64
56070,281,S1,207.0,37.402,21.64
56071,281,S1,210.0,37.020,21.64
56072,281,S1,213.0,36.752,21.64
56073,281,S1,216.0,36.439,21.64
56074,281,S1,219.0,36.137,21.64
56075,281,S1,222.0,35.866,21.64
56076,281,S1,225.0,35.599,21.64
56077,281,S1,228.0,35.261,21.64
56078,281,S1,231.0,34.964,21.64
56079,281,S1,234.0,34.648,21.64
56080,281,S1,237.0,34.370,21.64
56081,281,S1,240.0,34.092,21.64
56082,281,S1,243.0,33.880,21.64
56083,281,S1,246.0,33.671,21.64
56084,281,S1,249.0,33.376,21.64
56085,281,S1,252.0,33.176,21.64
56086,281,S1,255.0,32.920,21.64
56087,281,S1,258.0,32.691,21.64
56088,281,S1,261.0,32.441,21.64
56089,281,S1,264.0,32.185,21.64
56090,281,S1,267.0,31.939,21.64
56091,281,S1,270.0,31.884,21.64
56092,281,S1,273.0,31.584,21.64
56093,281,S1,276.0,31.391,21.64
56094,281,S1,279.0,31.243,21.64
56095,281,S1,282.0,30.900,21.64
56096,281,S1,285.0,30.812,21.64
56097,281,S1,288.0,30.580,21.64
56098,281,S1,291.0,30.455,21.64
56099,281,S1,294.0,30.217,21.64
56100,281,S1,297.0,30.084,21.64
56101,281,S1,300.0,29.821,21.64
56102,281,S1,303.0,29.725,21.64
56103,281,S1,306.0,29.566,21.64
56104,281,S1,309.0,29.326,21.64
56105,281,S1,312.0,29.239,21.64
56106,281,S1,315.0,29.088,21.64
56107,281,S1,318.0,28.941,21.64
56108,281,S1,321.0,28.810,21.64
56109,281,S1,324.0,28.623,21.64
56110,281,S1,327.0,28.565,21.64
56111,281,S1,330.0,28.244,21.64
56112,281,S1,333.0,28.173,21.64
56113,281,S1,336.0,27.950,21.64
56114,281,S1,339.0,27.852,21.64
56115,281,S1,342.0,27.816,21.64
56116,281,S1,345.0,27.627,21.64
56117,281,S1,348.0,27.545,21.64
56118,281,S1,351.0,27.422,21.64
56119,281,S1,354.0,27.239,21.64
56120,281,S1,357.0,27.151,21.64
56121,281,S1,360.0,27.004,21.64
56122,281,S1,363.0,27.014,21.64
56123,281,S1,366.0,26.840,21.64
56124,281,S1,369.0,26.795,21.64
56125,281,S1,372.0,26.605,21.64
56126,281,S1,375.0,26.564,21.64
56127,281,S1,378.0,26.461,21.64
56128,281,S1,381.0,26.285,21.64
56129,281,S1,384.0,26.234,21.64
56130,281,S1,387.0,26.053,21.64
56131,281,S1,390.0,26.000,21.64
56132,281,S1,393.0,25.960,21.64
56133,281,S1,396.0,25.870,21.64
56134,281,S1,399.0,25.731,21.64
56135,281,S1,402.0,25.631,21.64
56136,281,S1,405.0,25.565,21.64
56137,281,S1,408.0,25.513,21.64
56138,281,S1,411.0,25.441,21.64
56139,281,S1,414.0,25.336,21.64
56140,281,S1,417.0,25.197,21.64
56141,281,S1,420.0,25.162,21.64
56142,281,S1,423.0,25.171,21.64
56143,281,S1,426.0,25.048,21.64
56144,281,S1,429.0,24.969,21.64
56145,281,S1,432.0,24.932,21.64
56146,281,S1,435.0,24.855,21.64
56147,281,S1,438.0,24.810,21.64
56148,281,S1,441.0,24.689,21.64
56149,281,S1,444.0,24.622,21.64
56150,281,S1,447.0,24.621,21.64
56151,281,S1,450.0,24.606,21.64
56152,281,S1,453.0,24.390,21.64
56153,281,S1,456.0,24.441,21.64
56154,281,S1,459.0,24.426,21.64
56155,281,S1,462.0,24.400,21.64
56156,281,S1,465.0,24.289,21.64
56157,281,S1,468.0,24.138,21.64
56158,281,S1,471.0,24.172,21.64
56159,281,S1,474.0,24.094,21.64
56160,281,S1,477.0,24.071,21.64
56161,281,S1,480.0,23.971,21.64
56162,281,S1,483.0,24.035,21.64
56163,281,S1,486.0,23.807,21.64
56164,281,S1,489.0,23.802,21.64
56165,281,S1,492.0,23.716,21.64
56166,281,S1,495.0,23.806,21.64
56167,281,S1,498.0,23.762,21.64
56168,281,S1,501.0,23.769,21.64
56169,281,S1,504.0,23.605,21.64
56170,281,S1,507.0,23.638,21.64
56171,281,S1,510.0,23.457,21.64
56172,281,S1,513.0,23.515,21.64
56173,281,S1,516.0,23.475,21.64
56174,281,S1,519.0,23.361,21.64
56175,281,S1,522.0,23.476,21.64
56176,281,S1,525.0,23.326,21.64
56177,281,S1,528.0,23.225,21.64
56178,281,S1,531.0,23.338,21.64
56179,281,S1,534.0,23.345,21.64
56180,281,S1,537.0,23.261,21.64
56181,281,S1,540.0,23.300,21.64
56182,281,S1,543.0,23.146,21.64
56183,281,S1,546.0,23.073,21.64
56184,281,S1,549.0,23.143,21.64
56185,281,S1,552.0,23.076,21.64
56186,281,S1,555.0,23.041,21.64
56187,281,S1,558.0,22.974,21.64
56188,281,S1,561.0,23.013,21.64
56189,281,S1,564.0,22.991,21.64
56190,281,S1,567.0,23.037,21.64
56191,281,S1,570.0,22.948,21.64
56192,281,S1,573.0,22.918,21.64
56193,281,S1,576.0,22.830,21.64
56194,281,S1,579.0,22.901,21.64
56195,281,S1,582.0,22.778,21.64
56196,281,S1,585.0,22.785,21.64
56197,281,S1,588.0,22.712,21.64
56198,281,S1,591.0,22.831,21.64
56199,281,S1,594.0,22.719,21.64
56200,281,S1,597.0,22.815,21.64
56201,282,S2,0.0,85.541,20.97
56202,282,S2,3.0,84.365,20.97
56203,282,S2,6.0,83.025,20.97
56204,282,S2,9.0,81.869,20.97
56205,282,S2,12.0,80.700,20.97
56206,282,S2,15.0,79.510,20.97
56207,282,S2,18.0,78.506,20.97
56208,282,S2,21.0,77.375,20.97
56209,282,S2,24.0,76.341,20.97
56210,282,S2,27.0,75.130,20.97
56211,282,S2,30.0,74.108,20.97
56212,282,S2,33.0,73.036,20.97
56213,282,S2,36.0,72.120,20.97
56214,282,S2,39.0,71.147,20.97
56215,282,S2,42.0,70.095,20.97
56216,282,S2,45.0,69.256,20.97
56217,282,S2,48.0,68.393,20.97
56218,282,S2,51.0,67.285,20.97
56219,282,S2,54.0,66.460,20.97
56220,282,S2,57.0,65.634,20.97
56221,282,S2,60.0,64.836,20.97
56222,282,S2,63.0,64.047,20.97
56223,282,S2,66.0,63.023,20.97
56224,282,S2,69.0,62.186,20.97
56225,282,S2,72.0,61.407,20.97
56226,282,S2,75.0,60.726,20.97
56227,282,S2,78.0,59.879,20.97
56228,282,S2,81.0,59.206,20.97
56229,282,S2,84.0,58.364,20.97
56230,282,S2,87.0,57.738,20.97
56231,282,S2,90.0,56.897,20.97
56232,282,S2,93.0,56.330,20.97
56233,282,S2,96.0,55.627,20.97
56234,282,S2,99.0,54.979,20.97
56235,282,S2,102.0,54.220,20.97
56236,282,S2,105.0,53.748,20.97
56237,282,S2,108.0,53.128,20.97
56238,282,S2,111.0,52.449,20.97
56239,282,S2,114.0,51.810,20.97
56240,282,S2,117.0,51.244,20.97
56241,282,S2,120.0,50.696,20.97
56242,282,S2,123.0,50.200,20.97
56243,282,S2,126.0,49.517,20.97
56244,282,S2,129.0,48.995,20.97
56245,282,S2,132.0,48.443,20.97
56246,282,S2,135.0,47.882,20.97
56247,282,S2,138.0,47.402,20.97
56248,282,S2,141.0,46.785,20.97
56249,282,S2,144.0,46.330,20.97
56250,282,S2,147.0,45.849,20.97
56251,282,S2,150.0,45.411,20.97
56252,282,S2,153.0,44.915,20.97
56253,282,S2,156.0,44.474,20.97
56254,282,S2,159.0,44.118,20.97
56255,282,S2,162.0,43.593,20.97
56256,282,S2,165.0,43.259,20.97
56257,282,S2,168.0,42.758,20.97
56258,282,S2,171.0,42.309,20.97
56259,282,S2,174.0,41.906,20.97
56260,282,S2,177.0,41.430,20.97
56261,282,S2,180.0,41.053,20.97
56262,282,S2,183.0,40.707,20.97
56263,282,S2,186.0,40.400,20.97
56264,282,S2,189.0,40.023,20.97
56265,282,S2,192.0,39.648,20.97
56266,282,S2,195.0,39.203,20.97
56267,282,S2,198.0,38.885,20.97
56268,282,S2,201.0,38.532,20.97
56269,282,S2,204.0,38.191,20.97
56270,282,S2,207.0,37.872,20.97
56271,282,S2,210.0,37.585,20.97
56272,282,S2,213.0,37.287,20.97
56273,282,S2,216.0,36.906,20.97
56274,282,S2,219.0,36.535,20.97
56275,282,S2,222.0,36.341,20.97
56276,282,S2,225.0,36.049,20.97
56277,282,S2,228.0,35.700,20.97
56278,282,S2,231.0,35.432,20.97
56279,282,S2,234.0,35.151,20.97
56280,282,S2,237.0,34.744,20.97
56281,282,S2,240.0,34.738,20.97
56282,282,S2,243.0,34.362,20.97
56283,282,S2,246.0,34.003,20.97
56284,282,S2,249.0,33.849,20.97
56285,282,S2,252.0,33.584,20.97
56286,282,S2,255.0,33.344,20.97
56287,282,S2,258.0,33.060,20.97
56288,282,S2,261.0,32.864,20.97
56289,282,S2,264.0,32.680,20.97
56290,282,S2,267.0,32.504,20.97
56291,282,S2,270.0,32.214,20.97
56292,282,S2,273.0,32.022,20.97
56293,282,S2,276.0,31.787,20.97
56294,282,S2,279.0,31.551,20.97
56295,282,S2,282.0,31.386,20.97
56296,282,S2,285.0,31.145,20.97
56297,282,S2,288.0,30.983,20.97
56298,282,S2,291.0,30.759,20.97
56299,282,S2,294.0,30.543,20.97
56300,282,S2,297.0,30.466,20.97
56301,282,S2,300.0,30.102,20.97
56302,282,S2,303.0,30.030,20.97
56303,282,S2,306.0,29.920,20.97
56304,282,S2,309.0,29.762,20.97
56305,282,S2,312.0,29.545,20.97
56306,282,S2,315.0,29.431,20.97
56307,282,S2,318.0,29.144,20.97
56308,282,S2,321.0,29.008,20.97
56309,282,S2,324.0,28.866,20.97
56310,282,S2,327.0,28.733,20.97
56311,282,S2,330.0,28.639,20.97
56312,282,S2,333.0,28.466,20.97
56313,282,S2,336.0,28.289,20.97
56314,282,S2,339.0,28.224,20.97
56315,282,S2,342.0,28.020,20.97
56316,282,S2,345.0,27.876,20.97
56317,282,S2,348.0,27.760,20.97
56318,282,S2,351.0,27.599,20.97
56319,282,S2,354.0,27.444,20.97
56320,282,S2,357.0,27.361,20.97
56321,282,S2,360.0,27.227,20.97
56322,282,S2,363.0,27.155,20.97
56323,282,S2,366.0,26.952,20.97
56324,282,S2,369.0,26.816,20.97
56325,282,S2,372.0,26.878,20.97
56326,282,S2,375.0,26.625,20.97
56327,282,S2,378.0,26.651,20.97
56328,282,S2,381.0,26.472,20.97
56329,282,S2,384.0,26.276,20.97
56330,282,S2,387.0,26.224,20.97
56331,282,S2,390.0,26.109,20.97
56332,282,S2,393.0,25.968,20.97
56333,282,S2,396.0,25.980,20.97
56334,282,S2,399.0,25.797,20.97
56335,282,S2,402.0,25.783,20.97
56336,282,S2,405.0,25.635,20.97
56337,282,S2,408.0,25.496,20.97
56338,282,S2,411.0,25.443,20.97
56339,282,S2,414.0,25.370,20.97
56340,282,S2,417.0,25.264,20.97
56341,282,S2,420.0,25.158,20.97
56342,282,S2,423.0,25.099,20.97
56343,282,S2,426.0,25.061,20.97
56344,282,S2,429.0,25.001,20.97
56345,282,S2,432.0,24.931,20.97
56346,282,S2,435.0,24.870,20.97
56347,282,S2,438.0,24.805,20.97
56348,282,S2,441.0,24.660,20.97
56349,282,S2,444.0,24.595,20.97
56350,282,S2,447.0,24.597,20.97
56351,282,S2,450.0,24.428,20.97
56352,282,S2,453.0,24.443,20.97
56353,282,S2,456.0,24.312,20.97
56354,282,S2,459.0,24.263,20.97
56355,282,S2,462.0,24.219,20.97
56356,282,S2,465.0,24.094,20.97
56357,282,S2,468.0,24.107,20.97
56358,282,S2,471.0,24.063,20.97
56359,282,S2,474.0,24.043,20.97
56360,282,S2,477.0,23.874,20.97
56361,282,S2,480.0,23.878,20.97
56362,282,S2,483.0,23.814,20.97
56363,282,S2,486.0,23.742,20.97
56364,282,S2,489.0,23.767,20.97
56365,282,S2,492.0,23.551,20.97
56366,282,S2,495.0,23.711,20.97
56367,282,S2,498.0,23.580,20.97
56368,282,S2,501.0,23.478,20.97
56369,282,S2,504.0,23.481,20.97
56370,282,S2,507.0,23.422,20.97
56371,282,S2,510.0,23.378,20.97
56372,282,S2,513.0,23.257,20.97
56373,282,S2,516.0,23.234,20.97
56374,282,S2,519.0,23.182,20.97
56375,282,S2,522.0,23.173,20.97
56376,282,S2,525.0,23.034,20.97
56377,282,S2,528.0,23.154,20.97
56378,282,S2,531.0,22.994,20.97
56379,282,S2,534.0,22.874,20.97
56380,282,S2,537.0,22.940,20.97
56381,282,S2,540.0,22.877,20.97
56382,282,S2,543.0,22.830,20.97
56383,282,S2,546.0,22.898,20.97
56384,282,S2,549.0,22.811,20.97
56385,282,S2,552.0,22.827,20.97
56386,282,S2,555.0,22.706,20.97
56387,282,S2,558.0,22.661,20.97
56388,282,S2,561.0,22.692,20.97
56389,282,S2,564.0,22.611,20.97
56390,282,S2,567.0,22.590,20.97
56391,282,S2,570.0,22.530,20.97
56392,282,S2,573.0,22.539,20.97
56393,282,S2,576.0,22.466,20.97
56394,282,S2,579.0,22.586,20.97
56395,282,S2,582.0,22.517,20.97
56396,282,S2,585.0,22.414,20.97
56397,282,S2,588.0,22.459,20.97
56398,282,S2,591.0,22.384,20.97
56399,282,S2,594.0,22.406,20.97
56400,282,S2,597.0,22.331,20.97
56401,283,S3,0.0,75.912,20.03
56402,283,S3,3.0,74.981,20.03
56403,283,S3,6.0,74.147,20.03
56404,283,S3,9.0,73.314,20.03
56405,283,S3,12.0,72.418,20.03
56406,283,S3,15.0,71.595,20.03
56407,283,S3,18.0,70.827,20.03
56408,283,S3,21.0,70.075,20.03
56409,283,S3,24.0,69.234,20.03
56410,283,S3,27.0,68.427,20.03
56411,283,S3,30.0,67.679,20.03
56412,283,S3,33.0,66.929,20.03
56413,283,S3,36.0,66.159,20.03
56414,283,S3,39.0,65.440,20.03
56415,283,S3,42.0,64.766,20.03
56416,283,S3,45.0,64.020,20.03
56417,283,S3,48.0,63.296,20.03
56418,283,S3,51.0,62.638,20.03
56419,283,S3,54.0,61.964,20.03
56420,283,S3,57.0,61.247,20.03
56421,283,S3,60.0,60.733,20.03
56422,283,S3,63.0,60.016,20.03
56423,283,S3,66.0,59.391,20.03
56424,283,S3,69.0,58.683,20.03
56425,283,S3,72.0,58.124,20.03
56426,283,S3,75.0,57.546,20.03
56427,283,S3,78.0,57.062,20.03
56428,283,S3,81.0,56.320,20.03
56429,283,S3,84.0,55.763,20.03
56430,283,S3,87.0,55.252,20.03
56431,283,S3,90.0,54.694,20.03
56432,283,S3,93.0,54.091,20.03
56433,283,S3,96.0,53.680,20.03
56434,283,S3,99.0,53.055,20.03
56435,283,S3,102.0,52.537,20.03
56436,283,S3,105.0,52.006,20.03
56437,283,S3,108.0,51.539,20.03
56438,283,S3,111.0,50.968,20.03
56439,283,S3,114.0,50.502,20.03
56440,283,S3,117.0,49.989,20.03
56441,283,S3,120.0,49.533,20.03
56442,283,S3,123.0,49.048,20.03
56443,283,S3,126.0,48.596,20.03
56444,283,S3,129.0,48.131,20.03
56445,283,S3,132.0,47.705,20.03
56446,283,S3,135.0,47.311,20.03
56447,283,S3,138.0,46.808,20.03
56448,283,S3,141.0,46.471,20.03
56449,283,S3,144.0,45.999,20.03
56450,283,S3,147.0,45.618,20.03
56451,283,S3,150.0,45.193,20.03
56452,283,S3,153.0,44.881,20.03
56453,283,S3,156.0,44.448,20.03
56454,283,S3,159.0,43.964,20.03
56455,283,S3,162.0,43.621,20.03
56456,283,S3,165.0,43.232,20.03
56457,283,S3,168.0,42.960,20.03
56458,283,S3,171.0,42.576,20.03
56459,283,S3,174.0,42.128,20.03
56460,283,S3,177.0,41.832,20.03
56461,283,S3,180.0,41.509,20.03
56462,283,S3,183.0,41.118,20.03
56463,283,S3,186.0,40.847,20.03
56464,283,S3,189.0,40.468,20.03
56465,283,S3,192.0,40.180,20.03
56466,283,S3,195.0,39.837,20.03
56467,283,S3,198.0,39.561,20.03
56468,283,S3,201.0,39.132,20.03
56469,283,S3,204.0,38.876,20.03
56470,283,S3,207.0,38.576,20.03
56471,283,S3,210.0,38.323,20.03
56472,283,S3,213.0,37.977,20.03
56473,283,S3,216.0,37.746,20.03
56474,283,S3,219.0,37.517,20.03
56475,283,S3,222.0,37.252,20.03
56476,283,S3,225.0,36.948,20.03
56477,283,S3,228.0,36.690,20.03
56478,283,S3,231.0,36.415,20.03
56479,283,S3,234.0,36.109,20.03
56480,283,S3,237.0,35.816,20.03
56481,283,S3,240.0,35.586,20.03
56482,283,S3,243.0,35.407,20.03
56483,283,S3,246.0,35.078,20.03
56484,283,S3,249.0,34.889,20.03
56485,283,S3,252.0,34.686,20.03
56486,283,S3,255.0,34.442,20.03
56487,283,S3,258.0,34.214,20.03
56488,283,S3,261.0,33.985,20.03
56489,283,S3,264.0,33.744,20.03
56490,283,S3,267.0,33.530,20.03
56491,283,S3,270.0,33.375,20.03
56492,283,S3,273.0,33.060,20.03
56493,283,S3,276.0,32.980,20.03
56494,283,S3,279.0,32.692,20.03
56495,283,S3,282.0,32.445,20.03
56496,283,S3,285.0,32.282,20.03
56497,283,S3,288.0,32.184,20.03
56498,283,S3,291.0,32.024,20.03
56499,283,S3,294.0,31.679,20.03
56500,283,S3,297.0,31.462,20.03
56501,283,S3,300.0,31.390,20.03
56502,283,S3,303.0,31.217,20.03
56503,283,S3,306.0,31.000,20.03
56504,283,S3,309.0,30.780,20.03
56505,283,S3,312.0,30.698,20.03
56506,283,S3,315.0,30.491,20.03
56507,283,S3,318.0,30.341,20.03
56508,283,S3,321.0,30.149,20.03
56509,283,S3,324.0,29.960,20.03
56510,283,S3,327.0,29.892,20.03
56511,283,S3,330.0,29.689,20.03
56512,283,S3,333.0,29.513,20.03
56513,283,S3,336.0,29.398,20.03
56514,283,S3,339.0,29.279,20.03
56515,283,S3,342.0,29.124,20.03
56516,283,S3,345.0,28.967,20.03
56517,283,S3,348.0,28.901,20.03
56518,283,S3,351.0,28.755,20.03
56519,283,S3,354.0,28.505,20.03
56520,283,S3,357.0,28.382,20.03
56521,283,S3,360.0,28.298,20.03
56522,283,S3,363.0,28.138,20.03
56523,283,S3,366.0,28.063,20.03
56524,283,S3,369.0,27.934,20.03
56525,283,S3,372.0,27.740,20.03
56526,283,S3,375.0,27.584,20.03
56527,283,S3,378.0,27.575,20.03
56528,283,S3,381.0,27.401,20.03
56529,283,S3,384.0,27.313,20.03
56530,283,S3,387.0,27.069,20.03
56531,283,S3,390.0,27.111,20.03
56532,283,S3,393.0,27.039,20.03
56533,283,S3,396.0,26.821,20.03
56534,283,S3,399.0,26.736,20.03
56535,283,S3,402.0,26.612,20.03
56536,283,S3,405.0,26.596,20.03
56537,283,S3,408.0,26.497,20.03
56538,283,S3,411.0,26.244,20.03
56539,283,S3,414.0,26.112,20.03
56540,283,S3,417.0,26.134,20.03
56541,283,S3,420.0,25.969,20.03
56542,283,S3,423.0,26.055,20.03
56543,283,S3,426.0,25.789,20.03
56544,283,S3,429.0,25.733,20.03
56545,283,S3,432.0,25.693,20.03
56546,283,S3,435.0,25.563,20.03
56547,283,S3,438.0,25.404,20.03
56548,283,S3,441.0,25.392,20.03
56549,283,S3,444.0,25.294,20.03
56550,283,S3,447.0,25.221,20.03
56551,283,S3,450.0,25.184,20.03
56552,283,S3,453.0,25.075,20.03
56553,283,S3,456.0,25.004,20.03
56554,283,S3,459.0,24.860,20.03
56555,283,S3,462.0,24.791,20.03
56556,283,S3,465.0,24.710,20.03
56557,283,S3,468.0,24.587,20.03
56558,283,S3,471.0,24.578,20.03
56559,283,S3,474.0,24.591,20.03
56560,283,S3,477.0,24.395,20.03
56561,283,S3,480.0,24.463,20.03
56562,283,S3,483.0,24.260,20.03
56563,283,S3,486.0,24.294,20.03
56564,283,S3,489.0,24.183,20.03
56565,283,S3,492.0,24.097,20.03
56566,283,S3,495.0,24.061,20.03
56567,283,S3,498.0,23.928,20.03
56568,283,S3,501.0,23.959,20.03
56569,283,S3,504.0,23.871,20.03
56570,283,S3,507.0,23.753,20.03
56571,283,S3,510.0,23.839,20.03
56572,283,S3,513.0,23.686,20.03
56573,283,S3,516.0,23.634,20.03
56574,283,S3,519.0,23.572,20.03
56575,283,S3,522.0,23.445,20.03
56576,283,S3,525.0,23.437,20.03
56577,283,S3,528.0,23.415,20.03
56578,283,S3,531.0,23.358,20.03
56579,283,S3,534.0,23.241,20.03
56580,283,S3,537.0,23.275,20.03
56581,283,S3,540.0,23.245,20.03
56582,283,S3,543.0,23.166,20.03
56583,283,S3,546.0,23.157,20.03
56584,283,S3,549.0,23.066,20.03
56585,283,S3,552.0,23.062,20.03
56586,283,S3,555.0,23.008,20.03
56587,283,S3,558.0,22.938,20.03
56588,283,S3,561.0,22.849,20.03
56589,283,S3,564.0,22.837,20.03
56590,283,S3,567.0,22.726,20.03
56591,283,S3,570.0,22.723,20.03
56592,283,S3,573.0,22.620,20.03
56593,283,S3,576.0,22.592,20.03
56594,283,S3,579.0,22.604,20.03
56595,283,S3,582.0,22.476,20.03
56596,283,S3,585.0,22.582,20.03
56597,283,S3,588.0,22.439,20.03
56598,283,S3,591.0,22.487,20.03
56599,283,S3,594.0,22.495,20.03
56600,283,S3,597.0,22.394,20.03
56601,284,S4,0.0,90.562,21.64
56602,284,S4,3.0,89.498,21.64
56603,284,S4,6.0,88.555,21.64
56604,284,S4,9.0,87.554,21.64
56605,284,S4,12.0,86.517,21.64
56606,284,S4,15.0,85.614,21.64
56607,284,S4,18.0,84.689,21.64
56608,284,S4,21.0,83.651,21.64
56609,284,S4,24.0,82.724,21.64
56610,284,S4,27.0,81.791,21.64
56611,284,S4,30.0,80.917,21.64
56612,284,S4,33.0,80.049,21.64
56613,284,S4,36.0,79.073,21.64
56614,284,S4,39.0,78.242,21.64
56615,284,S4,42.0,77.321,21.64
56616,284,S4,45.0,76.502,21.64
56617,284,S4,48.0,75.711,21.64
56618,284,S4,51.0,74.862,21.64
56619,284,S4,54.0,74.153,21.64
56620,284,S4,57.0,73.315,21.64
56621,284,S4,60.0,72.547,21.64
56622,284,S4,63.0,71.850,21.64
56623,284,S4,66.0,71.078,21.64
56624,284,S4,69.0,70.253,21.64
56625,284,S4,72.0,69.634,21.64
56626,284,S4,75.0,68.866,21.64
56627,284,S4,78.0,68.214,21.64
56628,284,S4,81.0,67.294,21.64
56629,284,S4,84.0,66.715,21.64
56630,284,S4,87.0,65.939,21.64
56631,284,S4,90.0,65.330,21.64
56632,284,S4,93.0,64.704,21.64
56633,284,S4,96.0,64.053,21.64
56634,284,S4,99.0,63.468,21.64
56635,284,S4,102.0,62.741,21.64
56636,284,S4,105.0,62.195,21.64
56637,284,S4,108.0,61.684,21.64
56638,284,S4,111.0,61.049,21.64
56639,284,S4,114.0,60.308,21.64
56640,284,S4,117.0,59.791,21.64
56641,284,S4,120.0,59.199,21.64
56642,284,S4,123.0,58.685,21.64
56643,284,S4,126.0,58.187,21.64
56644,284,S4,129.0,57.521,21.64
56645,284,S4,132.0,56.964,21.64
56646,284,S4,135.0,56.472,21.64
56647,284,S4,138.0,56.036,21.64
56648,284,S4,141.0,55.364,21.64
56649,284,S4,144.0,54.873,21.64
56650,284,S4,147.0,54.486,21.64
56651,284,S4,150.0,53.993,21.64
56652,284,S4,153.0,53.478,21.64
56653,284,S4,156.0,52.938,21.64
56654,284,S4,159.0,52.473,21.64
56655,284,S4,162.0,51.962,21.64
56656,284,S4,165.0,51.573,21.64
56657,284,S4,168.0,51.105,21.64
56658,284,S4,171.0,50.647,21.64
56659,284,S4,174.0,50.318,21.64
56660,284,S4,177.0,49.799,21.64
56661,284,S4,180.0,49.298,21.64
56662,284,S4,183.0,48.898,21.64
56663,284,S4,186.0,48.581,21.64
56664,284,S4,189.0,48.042,21.64
56665,284,S4,192.0,47.762,21.64
56666,284,S4,195.0,47.418,21.64
56667,284,S4,198.0,46.970,21.64
56668,284,S4,201.0,46.591,21.64
56669,284,S4,204.0,46.246,21.64
56670,284,S4,207.0,45.801,21.64
56671,284,S4,210.0,45.474,21.64
56672,284,S4,213.0,45.086,21.64
56673,284,S4,216.0,44.784,21.64
56674,284,S4,219.0,44.448,21.64
56675,284,S4,222.0,44.113,21.64
56676,284,S4,225.0,43.789,21.64
56677,284,S4,228.0,43.425,21.64
56678,284,S4,231.0,43.019,21.64
56679,284,S4,234.0,42.794,21.64
56680,284,S4,237.0,42.321,21.64
56681,284,S4,240.0,42.124,21.64
56682,284,S4,243.0,41.807,21.64
56683,284,S4,246.0,41.589,21.64
56684,284,S4,249.0,41.227,21.64
56685,284,S4,252.0,40.905,21.64
56686,284,S4,255.0,40.623,21.64
56687,284,S4,258.0,40.376,21.64
56688,284,S4,261.0,40.013,21.64
56689,284,S4,264.0,39.803,21.64
56690,284,S4,267.0,39.511,21.64
56691,284,S4,270.0,39.254,21.64
56692,284,S4,273.0,39.019,21.64
56693,284,S4,276.0,38.794,21.64
56694,284,S4,279.0,38.453,21.64
56695,284,S4,282.0,38.203,21.64
56696,284,S4,285.0,37.860,21.64
56697,284,S4,288.0,37.707,21.64
56698,284,S4,291.0,37.417,21.64
56699,284,S4,294.0,37.126,21.64
56700,284,S4,297.0,37.004,21.64
56701,284,S4,300.0,36.794,21.64
56702,284,S4,303.0,36.481,21.64
56703,284,S4,306.0,36.419,21.64
56704,284,S4,309.0,36.180,21.64
56705,284,S4,312.0,35.919,21.64
56706,284,S4,315.0,35.644,21.64
56707,284,S4,318.0,35.465,21.64
56708,284,S4,321.0,35.156,21.64
56709,284,S4,324.0,34.996,21.64
56710,284,S4,327.0,34.803,21.64
56711,284,S4,330.0,34.663,21.64
56712,284,S4,333.0,34.379,21.64
56713,284,S4,336.0,34.259,21.64
56714,284,S4,339.0,34.118,21.64
56715,284,S4,342.0,33.908,21.64
56716,284,S4,345.0,33.780,21.64
56717,284,S4,348.0,33.528,21.64
56718,284,S4,351.0,33.252,21.64
56719,284,S4,354.0,33.183,21.64
56720,284,S4,357.0,33.002,21.64
56721,284,S4,360.0,32.809,21.64
56722,284,S4,363.0,32.680,21.64
56723,284,S4,366.0,32.456,21.64
56724,284,S4,369.0,32.302,21.64
56725,284,S4,372.0,32.121,21.64
56726,284,S4,375.0,31.921,21.64
56727,284,S4,378.0,31.872,21.64
56728,284,S4,381.0,31.572,21.64
56729,284,S4,384.0,31.579,21.64
56730,284,S4,387.0,31.382,21.64
56731,284,S4,390.0,31.210,21.64
56732,284,S4,393.0,31.012,21.64
56733,284,S4,396.0,30.922,21.64
56734,284,S4,399.0,30.859,21.64
56735,284,S4,402.0,30.615,21.64
56736,284,S4,405.0,30.410,21.64
56737,284,S4,408.0,30.477,21.64
56738,284,S4,411.0,30.329,21.64
56739,284,S4,414.0,30.127,21.64
56740,284,S4,417.0,29.928,21.64
56741,284,S4,420.0,29.835,21.64
56742,284,S4,423.0,29.817,21.64
56743,284,S4,426.0,29.675,21.64
56744,284,S4,429.0,29.555,21.64
56745,284,S4,432.0,29.442,21.64
56746,284,S4,435.0,29.275,21.64
56747,284,S4,438.0,29.156,21.64
56748,284,S4,441.0,28.994,21.64
56749,284,S4,444.0,28.947,21.64
56750,284,S4,447.0,28.789,21.64
56751,284,S4,450.0,28.757,21.64
56752,284,S4,453.0,28.804,21.64
56753,284,S4,456.0,28.485,21.64
56754,284,S4,459.0,28.422,21.64
56755,284,S4,462.0,28.343,21.64
56756,284,S4,465.0,28.218,21.64
56757,284,S4,468.0,28.084,21.64
56758,284,S4,471.0,28.085,21.64
56759,284,S4,474.0,28.001,21.64
56760,284,S4,477.0,27.712,21.64
56761,284,S4,480.0,27.800,21.64
56762,284,S4,483.0,27.598,21.64
56763,284,S4,486.0,27.540,21.64
56764,284,S4,489.0,27.410,21.64
56765,284,S4,492.0,27.472,21.64
56766,284,S4,495.0,27.200,21.64
56767,284,S4,498.0,27.230,21.64
56768,284,S4,501.0,26.995,21.64
56769,284,S4,504.0,27.045,21.64
56770,284,S4,507.0,26.914,21.64
56771,284,S4,510.0,26.874,21.64
56772,284,S4,513.0,26.826,21.64
56773,284,S4,516.0,26.592,21.64
56774,284,S4,519.0,26.640,21.64
56775,284,S4,522.0,26.596,21.64
56776,284,S4,525.0,26.522,21.64
56777,284,S4,528.0,26.399,21.64
56778,284,S4,531.0,26.313,21.64
56779,284,S4,534.0,26.220,21.64
56780,284,S4,537.0,26.277,21.64
56781,284,S4,540.0,26.097,21.64
56782,284,S4,543.0,26.093,21.64
56783,284,S4,546.0,25.925,21.64
56784,284,S4,549.0,25.882,21.64
56785,284,S4,552.0,25.907,21.64
56786,284,S4,555.0,25.813,21.64
56787,284,S4,558.0,25.823,21.64
56788,284,S4,561.0,25.633,21.64
56789,284,S4,564.0,25.566,21.64
56790,284,S4,567.0,25.583,21.64
56791,284,S4,570.0,25.532,21.64
56792,284,S4,573.0,25.407,21.64
56793,284,S4,576.0,25.404,21.64
56794,284,S4,579.0,25.291,21.64
56795,284,S4,582.0,25.267,21.64
56796,284,S4,585.0,25.209,21.64
56797,284,S4,588.0,25.160,21.64
56798,284,S4,591.0,25.143,21.64
56799,284,S4,594.0,25.097,21.64
56800,284,S4,597.0,25.025,21.64
56801,285,S1,0.0,87.897,22.39
56802,285,S1,3.0,86.698,22.39
56803,285,S1,6.0,85.355,22.39
56804,285,S1,9.0,84.058,22.39
56805,285,S1,12.0,82.975,22.39
56806,285,S1,15.0,81.698,22.39
56807,285,S1,18.0,80.513,22.39
56808,285,S1,21.0,79.355,22.39
56809,285,S1,24.0,78.239,22.39
56810,285,S1,27.0,77.070,22.39
56811,285,S1,30.0,76.042,22.39
56812,285,S1,33.0,74.922,22.39
56813,285,S1,36.0,73.956,22.39
56814,285,S1,39.0,72.904,22.39
56815,285,S1,42.0,71.831,22.39
56816,285,S1,45.0,70.879,22.39
56817,285,S1,48.0,69.971,22.39
56818,285,S1,51.0,69.089,22.39
56819,285,S1,54.0,68.209,22.39
56820,285,S1,57.0,67.153,22.39
56821,285,S1,60.0,66.308,22.39
56822,285,S1,63.0,65.342,22.39
56823,285,S1,66.0,64.601,22.39
56824,285,S1,69.0,63.615,22.39
56825,285,S1,72.0,62.921,22.39
56826,285,S1,75.0,62.157,22.39
56827,285,S1,78.0,61.266,22.39
56828,285,S1,81.0,60.537,22.39
56829,285,S1,84.0,59.723,22.39
56830,285,S1,87.0,59.044,22.39
56831,285,S1,90.0,58.258,22.39
56832,285,S1,93.0,57.601,22.39
56833,285,S1,96.0,56.911,22.39
56834,285,S1,99.0,56.133,22.39
56835,285,S1,102.0,55.492,22.39
56836,285,S1,105.0,54.888,22.39
56837,285,S1,108.0,54.286,22.39
56838,285,S1,111.0,53.583,22.39
56839,285,S1,114.0,53.021,22.39
56840,285,S1,117.0,52.343,22.39
56841,285,S1,120.0,51.837,22.39
56842,285,S1,123.0,51.150,22.39
56843,285,S1,126.0,50.608,22.39
56844,285,S1,129.0,50.057,22.39
56845,285,S1,132.0,49.481,22.39
56846,285,S1,135.0,48.932,22.39
56847,285,S1,138.0,48.447,22.39
56848,285,S1,141.0,47.914,22.39
56849,285,S1,144.0,47.388,22.39
56850,285,S1,147.0,46.943,22.39
56851,285,S1,150.0,46.392,22.39
56852,285,S1,153.0,46.021,22.39
56853,285,S1,156.0,45.578,22.39
56854,285,S1,159.0,45.075,22.39
56855,285,S1,162.0,44.627,22.39
56856,285,S1,165.0,44.155,22.39
56857,285,S1,168.0,43.649,22.39
56858,285,S1,171.0,43.270,22.39
56859,285,S1,174.0,42.899,22.39
56860,285,S1,177.0,42.435,22.39
56861,285,S1,180.0,42.060,22.39
56862,285,S1,183.0,41.690,22.39
56863,285,S1,186.0,41.280,22.39
56864,285,S1,189.0,40.956,22.39
56865,285,S1,192.0,40.495,22.39
56866,285,S1,195.0,40.134,22.39
56867,285,S1,198.0,39.866,22.39
56868,285,S1,201.0,39.544,22.39
56869,285,S1,204.0,39.202,22.39
56870,285,S1,207.0,38.874,22.39
56871,285,S1,210.0,38.482,22.39
56872,285,S1,213.0,38.151,22.39
56873,285,S1,216.0,37.882,22.39
56874,285,S1,219.0,37.570,22.39
56875,285,S1,222.0,37.307,22.39
56876,285,S1,225.0,36.867,22.39
56877,285,S1,228.0,36.668,22.39
56878,285,S1,231.0,36.229,22.39
56879,285,S1,234.0,36.114,22.39
56880,285,S1,237.0,35.768,22.39
56881,285,S1,240.0,35.595,22.39
56882,285,S1,243.0,35.324,22.39
56883,285,S1,246.0,35.063,22.39
56884,285,S1,249.0,34.808,22.39
56885,285,S1,252.0,34.565,22.39
56886,285,S1,255.0,34.327,22.39
56887,285,S1,258.0,34.024,22.39
56888,285,S1,261.0,33.819,22.39
56889,285,S1,264.0,33.655,22.39
56890,285,S1,267.0,33.282,22.39
56891,285,S1,270.0,33.239,22.39
56892,285,S1,273.0,32.922,22.39
56893,285,S1,276.0,32.736,22.39
56894,285,S1,279.0,32.502,22.39
56895,285,S1,282.0,32.326,22.39
56896,285,S1,285.0,32.153,22.39
56897,285,S1,288.0,32.021,22.39
56898,285,S1,291.0,31.795,22.39
56899,285,S1,294.0,31.482,22.39
56900,285,S1,297.0,31.350,22.39
56901,285,S1,300.0,31.202,22.39
56902,285,S1,303.0,30.959,22.39
56903,285,S1,306.0,30.780,22.39
56904,285,S1,309.0,30.650,22.39
56905,285,S1,312.0,30.514,22.39
56906,285,S1,315.0,30.431,22.39
56907,285,S1,318.0,30.218,22.39
56908,285,S1,321.0,30.152,22.39
56909,285,S1,324.0,29.860,22.39
56910,285,S1,327.0,29.775,22.39
56911,285,S1,330.0,29.592,22.39
56912,285,S1,333.0,29.408,22.39
56913,285,S1,336.0,29.300,22.39
56914,285,S1,339.0,29.059,22.39
56915,285,S1,342.0,29.054,22.39
56916,285,S1,345.0,29.019,22.39
56917,285,S1,348.0,28.801,22.39
56918,285,S1,351.0,28.657,22.39
56919,285,S1,354.0,28.501,22.39
56920,285,S1,357.0,28.407,22.39
56921,285,S1,360.0,28.282,22.39
56922,285,S1,363.0,28.156,22.39
56923,285,S1,366.0,28.052,22.39
56924,285,S1,369.0,27.943,22.39
56925,285,S1,372.0,27.880,22.39
56926,285,S1,375.0,27.725,22.39
56927,285,S1,378.0,27.639,22.39
56928,285,S1,381.0,27.546,22.39
56929,285,S1,384.0,27.468,22.39
56930,285,S1,387.0,27.350,22.39
56931,285,S1,390.0,27.160,22.39
56932,285,S1,393.0,27.047,22.39
56933,285,S1,396.0,27.037,22.39
56934,285,S1,399.0,26.894,22.39
56935,285,S1,402.0,26.848,22.39
56936,285,S1,405.0,26.742,22.39
56937,285,S1,408.0,26.556,22.39
56938,285,S1,411.0,26.582,22.39
56939,285,S1,414.0,26.493,22.39
56940,285,S1,417.0,26.423,22.39
56941,285,S1,420.0,26.321,22.39
56942,285,S1,423.0,26.309,22.39
56943,285,S1,426.0,26.153,22.39
56944,285,S1,429.0,26.119,22.39
56945,285,S1,432.0,26.051,22.39
56946,285,S1,435.0,25.990,22.39
56947,285,S1,438.0,25.857,22.39
56948,285,S1,441.0,25.881,22.39
56949,285,S1,444.0,25.804,22.39
56950,285,S1,447.0,25.682,22.39
56951,285,S1,450.0,25.629,22.39
56952,285,S1,453.0,25.544,22.39
56953,285,S1,456.0,25.498,22.39
56954,285,S1,459.0,25.472,22.39
56955,285,S1,462.0,25.357,22.39
56956,285,S1,465.0,25.223,22.39
56957,285,S1,468.0,25.260,22.39
56958,285,S1,471.0,25.278,22.39
56959,285,S1,474.0,25.099,22.39
56960,285,S1,477.0,25.003,22.39
56961,285,S1,480.0,25.038,22.39
56962,285,S1,483.0,24.954,22.39
56963,285,S1,486.0,24.923,22.39
56964,285,S1,489.0,24.833,22.39
56965,285,S1,492.0,24.868,22.39
56966,285,S1,495.0,24.732,22.39
56967,285,S1,498.0,24.684,22.39
56968,285,S1,501.0,24.697,22.39
56969,285,S1,504.0,24.739,22.39
56970,285,S1,507.0,24.621,22.39
56971,285,S1,510.0,24.520,22.39
56972,285,S1,513.0,24.429,22.39
56973,285,S1,516.0,24.490,22.39
56974,285,S1,519.0,24.453,22.39
56975,285,S1,522.0,24.400,22.39
56976,285,S1,525.0,24.458,22.39
56977,285,S1,528.0,24.319,22.39
56978,285,S1,531.0,24.269,22.39
56979,285,S1,534.0,24.196,22.39
56980,285,S1,537.0,24.134,22.39
56981,285,S1,540.0,24.063,22.39
56982,285,S1,543.0,24.155,22.39
56983,285,S1,546.0,24.061,22.39
56984,285,S1,549.0,24.122,22.39
56985,285,S1,552.0,24.003,22.39
56986,285,S1,555.0,24.013,22.39
56987,285,S1,558.0,23.943,22.39
56988,285,S1,561.0,23.938,22.39
56989,285,S1,564.0,23.931,22.39
56990,285,S1,567.0,23.796,22.39
56991,285,S1,570.0,23.896,22.39
56992,285,S1,573.0,23.794,22.39
56993,285,S1,576.0,23.773,22.39
56994,285,S1,579.0,23.710,22.39
56995,285,S1,582.0,23.676,22.39
56996,285,S1,585.0,23.682,22.39
56997,285,S1,588.0,23.700,22.39
56998,285,S1,591.0,23.655,22.39
56999,285,S1,594.0,23.649,22.39
57000,285,S1,597.0,23.615,22.39
57001,286,S2,0.0,88.667,20.74
57002,286,S2,3.0,87.815,20.74
57003,286,S2,6.0,86.956,20.74
57004,286,S2,9.0,86.139,20.74
57005,286,S2,12.0,85.308,20.74
57006,286,S2,15.0,84.468,20.74
57007,286,S2,18.0,83.591,20.74
57008,286,S2,21.0,82.818,20.74
57009,286,S2,24.0,82.068,20.74
57010,286,S2,27.0,81.106,20.74
57011,286,S2,30.0,80.412,20.74
57012,286,S2,33.0,79.671,20.74
57013,286,S2,36.0,78.958,20.74
57014,286,S2,39.0,78.191,20.74
57015,286,S2,42.0,77.431,20.74
57016,286,S2,45.0,76.738,20.74
57017,286,S2,48.0,76.057,20.74
57018,286,S2,51.0,75.274,20.74
57019,286,S2,54.0,74.524,20.74
57020,286,S2,57.0,73.857,20.74
57021,286,S2,60.0,73.137,20.74
57022,286,S2,63.0,72.554,20.74
57023,286,S2,66.0,71.808,20.74
57024,286,S2,69.0,71.295,20.74
57025,286,S2,72.0,70.557,20.74
57026,286,S2,75.0,70.032,20.74
57027,286,S2,78.0,69.394,20.74
57028,286,S2,81.0,68.741,20.74
57029,286,S2,84.0,68.141,20.74
57030,286,S2,87.0,67.538,20.74
57031,286,S2,90.0,66.973,20.74
57032,286,S2,93.0,66.309,20.74
57033,286,S2,96.0,65.746,20.74
57034,286,S2,99.0,65.138,20.74
57035,286,S2,102.0,64.564,20.74
57036,286,S2,105.0,64.077,20.74
57037,286,S2,108.0,63.435,20.74
57038,286,S2,111.0,62.932,20.74
57039,286,S2,114.0,62.409,20.74
57040,286,S2,117.0,61.845,20.74
57041,286,S2,120.0,61.370,20.74
57042,286,S2,123.0,60.773,20.74
57043,286,S2,126.0,60.336,20.74
57044,286,S2,129.0,59.855,20.74
57045,286,S2,132.0,59.334,20.74
57046,286,S2,135.0,58.754,20.74
57047,286,S2,138.0,58.280,20.74
57048,286,S2,141.0,57.837,20.74
57049,286,S2,144.0,57.430,20.74
57050,286,S2,147.0,56.924,20.74
57051,286,S2,150.0,56.445,20.74
57052,286,S2,153.0,55.894,20.74
57053,286,S2,156.0,55.605,20.74
57054,286,S2,159.0,55.120,20.74
57055,286,S2,162.0,54.694,20.74
57056,286,S2,165.0,54.184,20.74
57057,286,S2,168.0,53.870,20.74
57058,286,S2,171.0,53.270,20.74
57059,286,S2,174.0,53.012,20.74
57060,286,S2,177.0,52.447,20.74
57061,286,S2,180.0,52.102,20.74
57062,286,S2,183.0,51.787,20.74
57063,286,S2,186.0,51.318,20.74
57064,286,S2,189.0,50.903,20.74
57065,286,S2,192.0,50.519,20.74
57066,286,S2,195.0,50.149,20.74
57067,286,S2,198.0,49.754,20.74
57068,286,S2,201.0,49.354,20.74
57069,286,S2,204.0,49.025,20.74
57070,286,S2,207.0,48.729,20.74
57071,286,S2,210.0,48.404,20.74
57072,286,S2,213.0,48.037,20.74
57073,286,S2,216.0,47.630,20.74
57074,286,S2,219.0,47.328,20.74
57075,286,S2,222.0,46.949,20.74
57076,286,S2,225.0,46.689,20.74
57077,286,S2,228.0,46.300,20.74
57078,286,S2,231.0,45.899,20.74
57079,286,S2,234.0,45.639,20.74
57080,286,S2,237.0,45.303,20.74
57081,286,S2,240.0,45.088,20.74
57082,286,S2,243.0,44.731,20.74
57083,286,S2,246.0,44.325,20.74
57084,286,S2,249.0,44.126,20.74
57085,286,S2,252.0,43.673,20.74
57086,286,S2,255.0,43.431,20.74
57087,286,S2,258.0,43.244,20.74
57088,286,S2,261.0,42.921,20.74
57089,286,S2,264.0,42.620,20.74
57090,286,S2,267.0,42.367,20.74
57091,286,S2,270.0,41.944,20.74
57092,286,S2,273.0,41.742,20.74
57093,286,S2,276.0,41.560,20.74
57094,286,S2,279.0,41.215,20.74
57095,286,S2,282.0,40.980,20.74
57096,286,S2,285.0,40.731,20.74
57097,286,S2,288.0,40.501,20.74
57098,286,S2,291.0,40.286,20.74
57099,286,S2,294.0,39.985,20.74
57100,286,S2,297.0,39.748,20.74
57101,286,S2,300.0,39.458,20.74
57102,286,S2,303.0,39.230,20.74
57103,286,S2,306.0,38.928,20.74
57104,286,S2,309.0,38.829,20.74
57105,286,S2,312.0,38.488,20.74
57106,286,S2,315.0,38.244,20.74
57107,286,S2,318.0,38.143,20.74
57108,286,S2,321.0,37.854,20.74
57109,286,S2,324.0,37.680,20.74
57110,286,S2,327.0,37.392,20.74
57111,286,S2,330.0,37.186,20.74
57112,286,S2,333.0,37.048,20.74
57113,286,S2,336.0,36.871,20.74
57114,286,S2,339.0,36.487,20.74
57115,286,S2,342.0,36.383,20.74
57116,286,S2,345.0,36.207,20.74
57117,286,S2,348.0,36.020,20.74
57118,286,S2,351.0,35.748,20.74
57119,286,S2,354.0,35.570,20.74
57120,286,S2,357.0,35.381,20.74
57121,286,S2,360.0,35.233,20.74
57122,286,S2,363.0,34.991,20.74
57123,286,S2,366.0,34.862,20.74
57124,286,S2,369.0,34.598,20.74
57125,286,S2,372.0,34.440,20.74
57126,286,S2,375.0,34.334,20.74
57127,286,S2,378.0,34.153,20.74
57128,286,S2,381.0,33.953,20.74
57129,286,S2,384.0,33.839,20.74
57130,286,S2,387.0,33.654,20.74
57131,286,S2,390.0,33.438,20.74
57132,286,S2,393.0,33.411,20.74
57133,286,S2,396.0,33.186,20.74
57134,286,S2,399.0,33.023,20.74
57135,286,S2,402.0,32.830,20.74
57136,286,S2,405.0,32.653,20.74
57137,286,S2,408.0,32.556,20.74
57138,286,S2,411.0,32.405,20.74
57139,286,S2,414.0,32.203,20.74
57140,286,S2,417.0,32.170,20.74
57141,286,S2,420.0,31.961,20.74
57142,286,S2,423.0,31.831,20.74
57143,286,S2,426.0,31.710,20.74
57144,286,S2,429.0,31.578,20.74
57145,286,S2,432.0,31.465,20.74
57146,286,S2,435.0,31.389,20.74
57147,286,S2,438.0,31.056,20.74
57148,286,S2,441.0,30.981,20.74
57149,286,S2,444.0,30.837,20.74
57150,286,S2,447.0,30.702,20.74
57151,286,S2,450.0,30.666,20.74
57152,286,S2,453.0,30.475,20.74
57153,286,S2,456.0,30.323,20.74
57154,286,S2,459.0,30.234,20.74
57155,286,S2,462.0,30.195,20.74
57156,286,S2,465.0,29.954,20.74
57157,286,S2,468.0,29.952,20.74
57158,286,S2,471.0,29.796,20.74
57159,286,S2,474.0,29.571,20.74
57160,286,S2,477.0,29.506,20.74
57161,286,S2,480.0,29.364,20.74
57162,286,S2,483.0,29.371,20.74
57163,286,S2,486.0,29.129,20.74
57164,286,S2,489.0,29.080,20.74
57165,286,S2,492.0,28.950,20.74
57166,286,S2,495.0,28.878,20.74
57167,286,S2,498.0,28.792,20.74
57168,286,S2,501.0,28.701,20.74
57169,286,S2,504.0,28.561,20.74
57170,286,S2,507.0,28.407,20.74
57171,286,S2,510.0,28.344,20.74
57172,286,S2,513.0,28.337,20.74
57173,286,S2,516.0,28.121,20.74
57174,286,S2,519.0,28.138,20.74
57175,286,S2,522.0,28.005,20.74
57176,286,S2,525.0,27.835,20.74
57177,286,S2,528.0,27.777,20.74
57178,286,S2,531.0,27.695,20.74
57179,286,S2,534.0,27.564,20.74
57180,286,S2,537.0,27.547,20.74
57181,286,S2,540.0,27.446,20.74
57182,286,S2,543.0,27.340,20.74
57183,286,S2,546.0,27.248,20.74
57184,286,S2,549.0,27.190,20.74
57185,286,S2,552.0,27.081,20.74
57186,286,S2,555.0,27.012,20.74
57187,286,S2,558.0,26.936,20.74
57188,286,S2,561.0,26.853,20.74
57189,286,S2,564.0,26.842,20.74
57190,286,S2,567.0,26.726,20.74
57191,286,S2,570.0,26.476,20.74
57192,286,S2,573.0,26.545,20.74
57193,286,S2,576.0,26.529,20.74
57194,286,S2,579.0,26.382,20.74
57195,286,S2,582.0,26.293,20.74
57196,286,S2,585.0,26.210,20.74
57197,286,S2,588.0,26.117,20.74
57198,286,S2,591.0,26.157,20.74
57199,286,S2,594.0,26.066,20.74
57200,286,S2,597.0,26.019,20.74
57201,287,S3,0.0,84.445,20.31
57202,287,S3,3.0,83.563,20.31
57203,287,S3,6.0,82.493,20.31
57204,287,S3,9.0,81.593,20.31
57205,287,S3,12.0,80.671,20.31
57206,287,S3,15.0,79.720,20.31
57207,287,S3,18.0,78.757,20.31
57208,287,S3,21.0,77.949,20.31
57209,287,S3,24.0,77.090,20.31
57210,287,S3,27.0,76.129,20.31
57211,287,S3,30.0,75.335,20.31
57212,287,S3,33.0,74.427,20.31
57213,287,S3,36.0,73.599,20.31
57214,287,S3,39.0,72.798,20.31
57215,287,S3,42.0,71.977,20.31
57216,287,S3,45.0,71.168,20.31
57217,287,S3,48.0,70.460,20.31
57218,287,S3,51.0,69.588,20.31
57219,287,S3,54.0,68.934,20.31
57220,287,S3,57.0,68.141,20.31
57221,287,S3,60.0,67.354,20.31
57222,287,S3,63.0,66.681,20.31
57223,287,S3,66.0,66.034,20.31
57224,287,S3,69.0,65.223,20.31
57225,287,S3,72.0,64.663,20.31
57226,287,S3,75.0,63.896,20.31
57227,287,S3,78.0,63.244,20.31
57228,287,S3,81.0,62.625,20.31
57229,287,S3,84.0,61.897,20.31
57230,287,S3,87.0,61.251,20.31
57231,287,S3,90.0,60.588,20.31
57232,287,S3,93.0,59.925,20.31
57233,287,S3,96.0,59.494,20.31
57234,287,S3,99.0,58.791,20.31
57235,287,S3,102.0,58.236,20.31
57236,287,S3,105.0,57.738,20.31
57237,287,S3,108.0,57.146,20.31
57238,287,S3,111.0,56.465,20.31
57239,287,S3,114.0,55.983,20.31
57240,287,S3,117.0,55.477,20.31
57241,287,S3,120.0,54.816,20.31
57242,287,S3,123.0,54.465,20.31
57243,287,S3,126.0,53.861,20.31
57244,287,S3,129.0,53.312,20.31
57245,287,S3,132.0,52.773,20.31
57246,287,S3,135.0,52.285,20.31
57247,287,S3,138.0,51.751,20.31
57248,287,S3,141.0,51.334,20.31
57249,287,S3,144.0,50.865,20.31
57250,287,S3,147.0,50.347,20.31
57251,287,S3,150.0,49.963,20.31
57252,287,S3,153.0,49.449,20.31
57253,287,S3,156.0,49.032,20.31
57254,287,S3,159.0,48.622,20.31
57255,287,S3,162.0,48.096,20.31
57256,287,S3,165.0,47.821,20.31
57257,287,S3,168.0,47.305,20.31
57258,287,S3,171.0,46.924,20.31
57259,287,S3,174.0,46.352,20.31
57260,287,S3,177.0,46.119,20.31
57261,287,S3,180.0,45.749,20.31
57262,287,S3,183.0,45.246,20.31
57263,287,S3,186.0,44.929,20.31
57264,287,S3,189.0,44.561,20.31
57265,287,S3,192.0,44.159,20.31
57266,287,S3,195.0,43.790,20.31
57267,287,S3,198.0,43.448,20.31
57268,287,S3,201.0,43.068,20.31
57269,287,S3,204.0,42.686,20.31
57270,287,S3,207.0,42.326,20.31
57271,287,S3,210.0,42.009,20.31
57272,287,S3,213.0,41.653,20.31
57273,287,S3,216.0,41.344,20.31
57274,287,S3,219.0,41.035,20.31
57275,287,S3,222.0,40.795,20.31
57276,287,S3,225.0,40.398,20.31
57277,287,S3,228.0,40.060,20.31
57278,287,S3,231.0,39.891,20.31
57279,287,S3,234.0,39.515,20.31
57280,287,S3,237.0,39.321,20.31
57281,287,S3,240.0,38.931,20.31
57282,287,S3,243.0,38.653,20.31
57283,287,S3,246.0,38.371,20.31
57284,287,S3,249.0,38.133,20.31
57285,287,S3,252.0,37.840,20.31
57286,287,S3,255.0,37.559,20.31
57287,287,S3,258.0,37.269,20.31
57288,287,S3,261.0,37.024,20.31
57289,287,S3,264.0,36.800,20.31
57290,287,S3,267.0,36.534,20.31
57291,287,S3,270.0,36.325,20.31
57292,287,S3,273.0,35.966,20.31
57293,287,S3,276.0,35.732,20.31
57294,287,S3,279.0,35.510,20.31
57295,287,S3,282.0,35.281,20.31
57296,287,S3,285.0,34.966,20.31
57297,287,S3,288.0,34.803,20.31
57298,287,S3,291.0,34.617,20.31
57299,287,S3,294.0,34.441,20.31
57300,287,S3,297.0,34.095,20.31
57301,287,S3,300.0,33.963,20.31
57302,287,S3,303.0,33.805,20.31
57303,287,S3,306.0,33.562,20.31
57304,287,S3,309.0,33.362,20.31
57305,287,S3,312.0,33.222,20.31
57306,287,S3,315.0,32.927,20.31
57307,287,S3,318.0,32.788,20.31
57308,287,S3,321.0,32.669,20.31
57309,287,S3,324.0,32.368,20.31
57310,287,S3,327.0,32.156,20.31
57311,287,S3,330.0,32.069,20.31
57312,287,S3,333.0,31.755,20.31
57313,287,S3,336.0,31.628,20.31
57314,287,S3,339.0,31.510,20.31
57315,287,S3,342.0,31.229,20.31
57316,287,S3,345.0,31.074,20.31
57317,287,S3,348.0,30.957,20.31
57318,287,S3,351.0,30.806,20.31
57319,287,S3,354.0,30.614,20.31
57320,287,S3,357.0,30.432,20.31
57321,287,S3,360.0,30.313,20.31
57322,287,S3,363.0,30.212,20.31
57323,287,S3,366.0,30.044,20.31
57324,287,S3,369.0,29.986,20.31
57325,287,S3,372.0,29.715,20.31
57326,287,S3,375.0,29.602,20.31
57327,287,S3,378.0,29.438,20.31
57328,287,S3,381.0,29.316,20.31
57329,287,S3,384.0,29.147,20.31
57330,287,S3,387.0,29.119,20.31
57331,287,S3,390.0,28.889,20.31
57332,287,S3,393.0,28.817,20.31
57333,287,S3,396.0,28.602,20.31
57334,287,S3,399.0,28.569,20.31
57335,287,S3,402.0,28.371,20.31
57336,287,S3,405.0,28.235,20.31
57337,287,S3,408.0,28.066,20.31
57338,287,S3,411.0,27.885,20.31
57339,287,S3,414.0,27.913,20.31
57340,287,S3,417.0,27.754,20.31
57341,287,S3,420.0,27.619,20.31
57342,287,S3,423.0,27.558,20.31
57343,287,S3,426.0,27.427,20.31
57344,287,S3,429.0,27.298,20.31
57345,287,S3,432.0,27.125,20.31
57346,287,S3,435.0,27.134,20.31
57347,287,S3,438.0,26.969,20.31
57348,287,S3,441.0,26.888,20.31
57349,287,S3,444.0,26.773,20.31
57350,287,S3,447.0,26.733,20.31
57351,287,S3,450.0,26.572,20.31
57352,287,S3,453.0,26.436,20.31
57353,287,S3,456.0,26.475,20.31
57354,287,S3,459.0,26.298,20.31
57355,287,S3,462.0,26.244,20.31
57356,287,S3,465.0,26.119,20.31
57357,287,S3,468.0,25.993,20.31
57358,287,S3,471.0,25.998,20.31
57359,287,S3,474.0,25.916,20.31
57360,287,S3,477.0,25.897,20.31
57361,287,S3,480.0,25.750,20.31
57362,287,S3,483.0,25.655,20.31
57363,287,S3,486.0,25.413,20.31
57364,287,S3,489.0,25.487,20.31
57365,287,S3,492.0,25.473,20.31
57366,287,S3,495.0,25.273,20.31
57367,287,S3,498.0,25.222,20.31
57368,287,S3,501.0,25.064,20.31
57369,287,S3,504.0,25.163,20.31
57370,287,S3,507.0,25.066,20.31
57371,287,S3,510.0,24.837,20.31
57372,287,S3,513.0,24.855,20.31
57373,287,S3,516.0,24.731,20.31
57374,287,S3,519.0,24.794,20.31
57375,287,S3,522.0,24.661,20.31
57376,287,S3,525.0,24.647,20.31
57377,287,S3,528.0,24.587,20.31
57378,287,S3,531.0,24.420,20.31
57379,287,S3,534.0,24.362,20.31
57380,287,S3,537.0,24.349,20.31
57381,287,S3,540.0,24.294,20.31
57382,287,S3,543.0,24.140,20.31
57383,287,S3,546.0,24.183,20.31
57384,287,S3,549.0,24.110,20.31
57385,287,S3,552.0,23.947,20.31
57386,287,S3,555.0,23.950,20.31
57387,287,S3,558.0,23.899,20.31
57388,287,S3,561.0,23.933,20.31
57389,287,S3,564.0,23.777,20.31
57390,287,S3,567.0,23.670,20.31
57391,287,S3,570.0,23.615,20.31
57392,287,S3,573.0,23.669,20.31
57393,287,S3,576.0,23.541,20.31
57394,287,S3,579.0,23.494,20.31
57395,287,S3,582.0,23.494,20.31
57396,287,S3,585.0,23.452,20.31
57397,287,S3,588.0,23.398,20.31
57398,287,S3,591.0,23.261,20.31
57399,287,S3,594.0,23.291,20.31
57400,287,S3,597.0,23.270,20.31
57401,288,S4,0.0,75.087,20.64
57402,288,S4,3.0,74.090,20.64
57403,288,S4,6.0,73.043,20.64
57404,288,S4,9.0,71.969,20.64
57405,288,S4,12.0,70.979,20.64
57406,288,S4,15.0,69.989,20.64
57407,288,S4,18.0,69.063,20.64
57408,288,S4,21.0,67.975,20.64
57409,288,S4,24.0,67.032,20.64
57410,288,S4,27.0,66.230,20.64
57411,288,S4,30.0,65.280,20.64
57412,288,S4,33.0,64.369,20.64
57413,288,S4,36.0,63.576,20.64
57414,288,S4,39.0,62.805,20.64
57415,288,S4,42.0,61.901,20.64
57416,288,S4,45.0,61.111,20.64
57417,288,S4,48.0,60.342,20.64
57418,288,S4,51.0,59.568,20.64
57419,288,S4,54.0,58.725,20.64
57420,288,S4,57.0,58.011,20.64
57421,288,S4,60.0,57.255,20.64
57422,288,S4,63.0,56.580,20.64
57423,288,S4,66.0,55.817,20.64
57424,288,S4,69.0,55.198,20.64
57425,288,S4,72.0,54.413,20.64
57426,288,S4,75.0,53.834,20.64
57427,288,S4,78.0,53.154,20.64
57428,288,S4,81.0,52.474,20.64
57429,288,S4,84.0,51.846,20.64
57430,288,S4,87.0,51.269,20.64
57431,288,S4,90.0,50.659,20.64
57432,288,S4,93.0,50.018,20.64
57433,288,S4,96.0,49.551,20.64
57434,288,S4,99.0,48.957,20.64
57435,288,S4,102.0,48.369,20.64
57436,288,S4,105.0,47.847,20.64
57437,288,S4,108.0,47.251,20.64
57438,288,S4,111.0,46.794,20.64
57439,288,S4,114.0,46.184,20.64
57440,288,S4,117.0,45.741,20.64
57441,288,S4,120.0,45.172,20.64
57442,288,S4,123.0,44.783,20.64
57443,288,S4,126.0,44.339,20.64
57444,288,S4,129.0,43.856,20.64
57445,288,S4,132.0,43.394,20.64
57446,288,S4,135.0,42.897,20.64
57447,288,S4,138.0,42.530,20.64
57448,288,S4,141.0,42.108,20.64
57449,288,S4,144.0,41.609,20.64
57450,288,S4,147.0,41.143,20.64
57451,288,S4,150.0,40.893,20.64
57452,288,S4,153.0,40.496,20.64
57453,288,S4,156.0,40.009,20.64
57454,288,S4,159.0,39.720,20.64
57455,288,S4,162.0,39.251,20.64
57456,288,S4,165.0,38.912,20.64
57457,288,S4,168.0,38.624,20.64
57458,288,S4,171.0,38.238,20.64
57459,288,S4,174.0,37.938,20.64
57460,288,S4,177.0,37.611,20.64
57461,288,S4,180.0,37.146,20.64
57462,288,S4,183.0,36.866,20.64
57463,288,S4,186.0,36.451,20.64
57464,288,S4,189.0,36.288,20.64
57465,288,S4,192.0,35.878,20.64
57466,288,S4,195.0,35.705,20.64
57467,288,S4,198.0,35.399,20.64
57468,288,S4,201.0,35.192,20.64
57469,288,S4,204.0,34.776,20.64
57470,288,S4,207.0,34.554,20.64
57471,288,S4,210.0,34.212,20.64
57472,288,S4,213.0,33.965,20.64
57473,288,S4,216.0,33.780,20.64
57474,288,S4,219.0,33.274,20.64
57475,288,S4,222.0,33.115,20.64
57476,288,S4,225.0,32.904,20.64
57477,288,S4,228.0,32.773,20.64
57478,288,S4,231.0,32.568,20.64
57479,288,S4,234.0,32.234,20.64
57480,288,S4,237.0,32.015,20.64
57481,288,S4,240.0,31.731,20.64
57482,288,S4,243.0,31.488,20.64
57483,288,S4,246.0,31.308,20.64
57484,288,S4,249.0,31.199,20.64
57485,288,S4,252.0,30.982,20.64
57486,288,S4,255.0,30.649,20.64
57487,288,S4,258.0,30.636,20.64
57488,288,S4,261.0,30.308,20.64
57489,288,S4,264.0,30.104,20.64
57490,288,S4,267.0,29.853,20.64
57491,288,S4,270.0,29.670,20.64
57492,288,S4,273.0,29.628,20.64
57493,288,S4,276.0,29.379,20.64
57494,288,S4,279.0,29.212,20.64
57495,288,S4,282.0,29.085,20.64
57496,288,S4,285.0,28.994,20.64
57497,288,S4,288.0,28.644,20.64
57498,288,S4,291.0,28.667,20.64
57499,288,S4,294.0,28.404,20.64
57500,288,S4,297.0,28.288,20.64
57501,288,S4,300.0,28.208,20.64
57502,288,S4,303.0,27.975,20.64
57503,288,S4,306.0,27.920,20.64
57504,288,S4,309.0,27.733,20.64
57505,288,S4,312.0,27.641,20.64
57506,288,S4,315.0,27.416,20.64
57507,288,S4,318.0,27.349,20.64
57508,288,S4,321.0,27.199,20.64
57509,288,S4,324.0,27.066,20.64
57510,288,S4,327.0,26.850,20.64
57511,288,S4,330.0,26.783,20.64
57512,288,S4,333.0,26.702,20.64
57513,288,S4,336.0,26.530,20.64
57514,288,S4,339.0,26.450,20.64
57515,288,S4,342.0,26.352,20.64
57516,288,S4,345.0,26.149,20.64
57517,288,S4,348.0,26.129,20.64
57518,288,S4,351.0,25.925,20.64
57519,288,S4,354.0,25.898,20.64
57520,288,S4,357.0,25.774,20.64
57521,288,S4,360.0,25.598,20.64
57522,288,S4,363.0,25.636,20.64
57523,288,S4,366.0,25.513,20.64
57524,288,S4,369.0,25.385,20.64
57525,288,S4,372.0,25.192,20.64
57526,288,S4,375.0,25.176,20.64
57527,288,S4,378.0,25.128,20.64
57528,288,S4,381.0,25.029,20.64
57529,288,S4,384.0,24.838,20.64
57530,288,S4,387.0,24.917,20.64
57531,288,S4,390.0,24.790,20.64
57532,288,S4,393.0,24.681,20.64
57533,288,S4,396.0,24.575,20.64
57534,288,S4,399.0,24.534,20.64
57535,288,S4,402.0,24.444,20.64
57536,288,S4,405.0,24.324,20.64
57537,288,S4,408.0,24.333,20.64
57538,288,S4,411.0,24.288,20.64
57539,288,S4,414.0,24.159,20.64
57540,288,S4,417.0,24.190,20.64
57541,288,S4,420.0,24.011,20.64
57542,288,S4,423.0,23.979,20.64
57543,288,S4,426.0,23.843,20.64
57544,288,S4,429.0,23.751,20.64
57545,288,S4,432.0,23.836,20.64
57546,288,S4,435.0,23.670,20.64
57547,288,S4,438.0,23.680,20.64
57548,288,S4,441.0,23.640,20.64
57549,288,S4,444.0,23.517,20.64
57550,288,S4,447.0,23.488,20.64
57551,288,S4,450.0,23.450,20.64
57552,288,S4,453.0,23.400,20.64
57553,288,S4,456.0,23.300,20.64
57554,288,S4,459.0,23.200,20.64
57555,288,S4,462.0,23.149,20.64
57556,288,S4,465.0,23.128,20.64
57557,288,S4,468.0,23.115,20.64
57558,288,S4,471.0,23.101,20.64
57559,288,S4,474.0,22.951,20.64
57560,288,S4,477.0,22.931,20.64
57561,288,S4,480.0,23.008,20.64
57562,288,S4,483.0,22.850,20.64
57563,288,S4,486.0,22.853,20.64
57564,288,S4,489.0,22.854,20.64
57565,288,S4,492.0,22.717,20.64
57566,288,S4,495.0,22.703,20.64
57567,288,S4,498.0,22.707,20.64
57568,288,S4,501.0,22.671,20.64
57569,288,S4,504.0,22.574,20.64
57570,288,S4,507.0,22.578,20.64
57571,288,S4,510.0,22.379,20.64
57572,288,S4,513.0,22.521,20.64
57573,288,S4,516.0,22.372,20.64
57574,288,S4,519.0,22.406,20.64
57575,288,S4,522.0,22.286,20.64
57576,288,S4,525.0,22.403,20.64
57577,288,S4,528.0,22.347,20.64
57578,288,S4,531.0,22.253,20.64
57579,288,S4,534.0,22.229,20.64
57580,288,S4,537.0,22.189,20.64
57581,288,S4,540.0,22.134,20.64
57582,288,S4,543.0,22.104,20.64
57583,288,S4,546.0,22.067,20.64
57584,288,S4,549.0,22.130,20.64
57585,288,S4,552.0,21.916,20.64
57586,288,S4,555.0,22.022,20.64
57587,288,S4,558.0,22.030,20.64
57588,288,S4,561.0,21.959,20.64
57589,288,S4,564.0,21.927,20.64
57590,288,S4,567.0,21.915,20.64
57591,288,S4,570.0,21.874,20.64
57592,288,S4,573.0,21.679,20.64
57593,288,S4,576.0,21.821,20.64
57594,288,S4,579.0,21.807,20.64
57595,288,S4,582.0,21.778,20.64
57596,288,S4,585.0,21.800,20.64
57597,288,S4,588.0,21.720,20.64
57598,288,S4,591.0,21.812,20.64
57599,288,S4,594.0,21.723,20.64
57600,288,S4,597.0,21.637,20.64
57601,289,S1,0.0,87.241,22.07
57602,289,S1,3.0,86.220,22.07
57603,289,S1,6.0,85.357,22.07
57604,289,S1,9.0,84.360,22.07
57605,289,S1,12.0,83.379,22.07
57606,289,S1,15.0,82.538,22.07
57607,289,S1,18.0,81.652,22.07
57608,289,S1,21.0,80.766,22.07
57609,289,S1,24.0,79.945,22.07
57610,289,S1,27.0,79.096,22.07
57611,289,S1,30.0,78.284,22.07
57612,289,S1,33.0,77.371,22.07
57613,289,S1,36.0,76.622,22.07
57614,289,S1,39.0,75.786,22.07
57615,289,S1,42.0,74.968,22.07
57616,289,S1,45.0,74.292,22.07
57617,289,S1,48.0,73.540,22.07
57618,289,S1,51.0,72.717,22.07
57619,289,S1,54.0,71.971,22.07
57620,289,S1,57.0,71.245,22.07
57621,289,S1,60.0,70.550,22.07
57622,289,S1,63.0,69.862,22.07
57623,289,S1,66.0,69.079,22.07
57624,289,S1,69.0,68.517,22.07
57625,289,S1,72.0,67.717,22.07
57626,289,S1,75.0,67.134,22.07
57627,289,S1,78.0,66.395,22.07
57628,289,S1,81.0,65.762,22.07
57629,289,S1,84.0,65.162,22.07
57630,289,S1,87.0,64.442,22.07
57631,289,S1,90.0,63.865,22.07
57632,289,S1,93.0,63.332,22.07
57633,289,S1,96.0,62.571,22.07
57634,289,S1,99.0,62.059,22.07
57635,289,S1,102.0,61.496,22.07
57636,289,S1,105.0,60.925,22.07
57637,289,S1,108.0,60.378,22.07
57638,289,S1,111.0,59.813,22.07
57639,289,S1,114.0,59.288,22.07
57640,289,S1,117.0,58.649,22.07
57641,289,S1,120.0,58.251,22.07
57642,289,S1,123.0,57.661,22.07
57643,289,S1,126.0,57.109,22.07
57644,289,S1,129.0,56.611,22.07
57645,289,S1,132.0,56.129,22.07
57646,289,S1,135.0,55.668,22.07
57647,289,S1,138.0,55.087,22.07
57648,289,S1,141.0,54.633,22.07
57649,289,S1,144.0,54.271,22.07
57650,289,S1,147.0,53.679,22.07
57651,289,S1,150.0,53.266,22.07
57652,289,S1,153.0,52.749,22.07
57653,289,S1,156.0,52.261,22.07
57654,289,S1,159.0,51.925,22.07
57655,289,S1,162.0,51.431,22.07
57656,289,S1,165.0,50.960,22.07
57657,289,S1,168.0,50.496,22.07
57658,289,S1,171.0,50.135,22.07
57659,289,S1,174.0,49.789,22.07
57660,289,S1,177.0,49.360,22.07
57661,289,S1,180.0,48.979,22.07
57662,289,S1,183.0,48.557,22.07
57663,289,S1,186.0,48.200,22.07
57664,289,S1,189.0,47.823,22.07
57665,289,S1,192.0,47.455,22.07
57666,289,S1,195.0,47.007,22.07
57667,289,S1,198.0,46.706,22.07
57668,289,S1,201.0,46.303,22.07
57669,289,S1,204.0,46.038,22.07
57670,289,S1,207.0,45.613,22.07
57671,289,S1,210.0,45.213,22.07
57672,289,S1,213.0,44.931,22.07
57673,289,S1,216.0,44.691,22.07
57674,289,S1,219.0,44.232,22.07
57675,289,S1,222.0,44.074,22.07
57676,289,S1,225.0,43.579,22.07
57677,289,S1,228.0,43.287,22.07
57678,289,S1,231.0,42.976,22.07
57679,289,S1,234.0,42.730,22.07
57680,289,S1,237.0,42.401,22.07
57681,289,S1,240.0,42.056,22.07
57682,289,S1,243.0,41.822,22.07
57683,289,S1,246.0,41.393,22.07
57684,289,S1,249.0,41.280,22.07
57685,289,S1,252.0,40.885,22.07
57686,289,S1,255.0,40.667,22.07
57687,289,S1,258.0,40.350,22.07
57688,289,S1,261.0,40.135,22.07
57689,289,S1,264.0,39.939,22.07
57690,289,S1,267.0,39.621,22.07
57691,289,S1,270.0,39.279,22.07
57692,289,S1,273.0,39.211,22.07
57693,289,S1,276.0,38.796,22.07
57694,289,S1,279.0,38.583,22.07
57695,289,S1,282.0,38.334,22.07
57696,289,S1,285.0,38.060,22.07
57697,289,S1,288.0,37.874,22.07
57698,289,S1,291.0,37.608,22.07
57699,289,S1,294.0,37.435,22.07
57700,289,S1,297.0,37.225,22.07
57701,289,S1,300.0,36.970,22.07
57702,289,S1,303.0,36.799,22.07
57703,289,S1,306.0,36.544,22.07
57704,289,S1,309.0,36.388,22.07
57705,289,S1,312.0,36.121,22.07
57706,289,S1,315.0,35.843,22.07
57707,289,S1,318.0,35.739,22.07
57708,289,S1,321.0,35.546,22.07
57709,289,S1,324.0,35.345,22.07
57710,289,S1,327.0,35.154,22.07
57711,289,S1,330.0,34.975,22.07
57712,289,S1,333.0,34.686,22.07
57713,289,S1,336.0,34.553,22.07
57714,289,S1,339.0,34.388,22.07
57715,289,S1,342.0,34.149,22.07
57716,289,S1,345.0,34.039,22.07
57717,289,S1,348.0,33.834,22.07
57718,289,S1,351.0,33.654,22.07
57719,289,S1,354.0,33.427,22.07
57720,289,S1,357.0,33.387,22.07
57721,289,S1,360.0,33.192,22.07
57722,289,S1,363.0,33.017,22.07
57723,289,S1,366.0,32.830,22.07
57724,289,S1,369.0,32.792,22.07
57725,289,S1,372.0,32.515,22.07
57726,289,S1,375.0,32.384,22.07
57727,289,S1,378.0,32.178,22.07
57728,289,S1,381.0,32.054,22.07
57729,289,S1,384.0,31.898,22.07
57730,289,S1,387.0,31.800,22.07
57731,289,S1,390.0,31.672,22.07
57732,289,S1,393.0,31.481,22.07
57733,289,S1,396.0,31.326,22.07
57734,289,S1,399.0,31.165,22.07
57735,289,S1,402.0,31.145,22.07
57736,289,S1,405.0,30.934,22.07
57737,289,S1,408.0,30.749,22.07
57738,289,S1,411.0,30.741,22.07
57739,289,S1,414.0,30.516,22.07
57740,289,S1,417.0,30.422,22.07
57741,289,S1,420.0,30.330,22.07
57742,289,S1,423.0,30.293,22.07
57743,289,S1,426.0,30.028,22.07
57744,289,S1,429.0,30.026,22.07
57745,289,S1,432.0,29.891,22.07
57746,289,S1,435.0,29.708,22.07
57747,289,S1,438.0,29.663,22.07
57748,289,S1,441.0,29.594,22.07
57749,289,S1,444.0,29.463,22.07
57750,289,S1,447.0,29.322,22.07
57751,289,S1,450.0,29.197,22.07
57752,289,S1,453.0,29.118,22.07
57753,289,S1,456.0,28.886,22.07
57754,289,S1,459.0,28.866,22.07
57755,289,S1,462.0,28.794,22.07
57756,289,S1,465.0,28.739,22.07
57757,289,S1,468.0,28.499,22.07
57758,289,S1,471.0,28.600,22.07
57759,289,S1,474.0,28.338,22.07
57760,289,S1,477.0,28.289,22.07
57761,289,S1,480.0,28.201,22.07
57762,289,S1,483.0,28.157,22.07
57763,289,S1,486.0,28.061,22.07
57764,289,S1,489.0,28.089,22.07
57765,289,S1,492.0,27.938,22.07
57766,289,S1,495.0,27.767,22.07
57767,289,S1,498.0,27.705,22.07
57768,289,S1,501.0,27.609,22.07
57769,289,S1,504.0,27.619,22.07
57770,289,S1,507.0,27.438,22.07
57771,289,S1,510.0,27.382,22.07
57772,289,S1,513.0,27.270,22.07
57773,289,S1,516.0,27.130,22.07
57774,289,S1,519.0,27.108,22.07
57775,289,S1,522.0,27.060,22.07
57776,289,S1,525.0,27.007,22.07
57777,289,S1,528.0,26.914,22.07
57778,289,S1,531.0,26.912,22.07
57779,289,S1,534.0,26.792,22.07
57780,289,S1,537.0,26.853,22.07
57781,289,S1,540.0,26.689,22.07
57782,289,S1,543.0,26.725,22.07
57783,289,S1,546.0,26.548,22.07
57784,289,S1,549.0,26.432,22.07
57785,289,S1,552.0,26.335,22.07
57786,289,S1,555.0,26.317,22.07
57787,289,S1,558.0,26.280,22.07
57788,289,S1,561.0,26.262,22.07
57789,289,S1,564.0,26.163,22.07
57790,289,S1,567.0,26.013,22.07
57791,289,S1,570.0,25.981,22.07
57792,289,S1,573.0,25.998,22.07
57793,289,S1,576.0,25.914,22.07
57794,289,S1,579.0,25.911,22.07
57795,289,S1,582.0,25.731,22.07
57796,289,S1,585.0,25.712,22.07
57797,289,S1,588.0,25.726,22.07
57798,289,S1,591.0,25.648,22.07
57799,289,S1,594.0,25.538,22.07
57800,289,S1,597.0,25.559,22.07
57801,290,S2,0.0,92.509,21.96
57802,290,S2,3.0,90.434,21.96
57803,290,S2,6.0,88.822,21.96
57804,290,S2,9.0,86.924,21.96
57805,290,S2,12.0,85.243,21.96
57806,290,S2,15.0,83.553,21.96
57807,290,S2,18.0,81.808,21.96
57808,290,S2,21.0,80.151,21.96
57809,290,S2,24.0,78.613,21.96
57810,290,S2,27.0,77.080,21.96
57811,290,S2,30.0,75.565,21.96
57812,290,S2,33.0,74.168,21.96
57813,290,S2,36.0,72.724,21.96
57814,290,S2,39.0,71.322,21.96
57815,290,S2,42.0,69.985,21.96
57816,290,S2,45.0,68.691,21.96
57817,290,S2,48.0,67.513,21.96
57818,290,S2,51.0,66.237,21.96
57819,290,S2,54.0,65.057,21.96
57820,290,S2,57.0,63.863,21.96
57821,290,S2,60.0,62.637,21.96
57822,290,S2,63.0,61.698,21.96
57823,290,S2,66.0,60.626,21.96
57824,290,S2,69.0,59.557,21.96
57825,290,S2,72.0,58.606,21.96
57826,290,S2,75.0,57.535,21.96
57827,290,S2,78.0,56.536,21.96
57828,290,S2,81.0,55.725,21.96
57829,290,S2,84.0,54.693,21.96
57830,290,S2,87.0,53.812,21.96
57831,290,S2,90.0,52.904,21.96
57832,290,S2,93.0,52.195,21.96
57833,290,S2,96.0,51.343,21.96
57834,290,S2,99.0,50.556,21.96
57835,290,S2,102.0,49.831,21.96
57836,290,S2,105.0,49.019,21.96
57837,290,S2,108.0,48.383,21.96
57838,290,S2,111.0,47.543,21.96
57839,290,S2,114.0,46.876,21.96
57840,290,S2,117.0,46.244,21.96
57841,290,S2,120.0,45.643,21.96
57842,290,S2,123.0,44.926,21.96
57843,290,S2,126.0,44.288,21.96
57844,290,S2,129.0,43.648,21.96
57845,290,S2,132.0,43.113,21.96
57846,290,S2,135.0,42.559,21.96
57847,290,S2,138.0,42.044,21.96
57848,290,S2,141.0,41.510,21.96
57849,290,S2,144.0,40.965,21.96
57850,290,S2,147.0,40.452,21.96
57851,290,S2,150.0,39.953,21.96
57852,290,S2,153.0,39.420,21.96
57853,290,S2,156.0,38.916,21.96
57854,290,S2,159.0,38.551,21.96
57855,290,S2,162.0,38.110,21.96
57856,290,S2,165.0,37.626,21.96
57857,290,S2,168.0,37.098,21.96
57858,290,S2,171.0,36.808,21.96
57859,290,S2,174.0,36.389,21.96
57860,290,S2,177.0,36.063,21.96
57861,290,S2,180.0,35.603,21.96
57862,290,S2,183.0,35.325,21.96
57863,290,S2,186.0,34.943,21.96
57864,290,S2,189.0,34.625,21.96
57865,290,S2,192.0,34.262,21.96
57866,290,S2,195.0,33.839,21.96
57867,290,S2,198.0,33.467,21.96
57868,290,S2,201.0,33.191,21.96
57869,290,S2,204.0,32.936,21.96
57870,290,S2,207.0,32.637,21.96
57871,290,S2,210.0,32.388,21.96
57872,290,S2,213.0,32.039,21.96
57873,290,S2,216.0,31.823,21.96
57874,290,S2,219.0,31.575,21.96
57875,290,S2,222.0,31.240,21.96
57876,290,S2,225.0,31.046,21.96
57877,290,S2,228.0,30.819,21.96
57878,290,S2,231.0,30.497,21.96
57879,290,S2,234.0,30.331,21.96
57880,290,S2,237.0,30.080,21.96
57881,290,S2,240.0,29.871,21.96
57882,290,S2,243.0,29.656,21.96
57883,290,S2,246.0,29.421,21.96
57884,290,S2,249.0,29.300,21.96
57885,290,S2,252.0,29.082,21.96
57886,290,S2,255.0,28.875,21.96
57887,290,S2,258.0,28.571,21.96
57888,290,S2,261.0,28.466,21.96
57889,290,S2,264.0,28.291,21.96
57890,290,S2,267.0,28.118,21.96
57891,290,S2,270.0,27.933,21.96
57892,290,S2,273.0,27.825,21.96
57893,290,S2,276.0,27.676,21.96
57894,290,S2,279.0,27.468,21.96
57895,290,S2,282.0,27.397,21.96
57896,290,S2,285.0,27.207,21.96
57897,290,S2,288.0,27.101,21.96
57898,290,S2,291.0,26.884,21.96
57899,290,S2,294.0,26.811,21.96
57900,290,S2,297.0,26.612,21.96
57901,290,S2,300.0,26.467,21.96
57902,290,S2,303.0,26.515,21.96
57903,290,S2,306.0,26.332,21.96
57904,290,S2,309.0,26.200,21.96
57905,290,S2,312.0,26.111,21.96
57906,290,S2,315.0,25.890,21.96
57907,290,S2,318.0,25.844,21.96
57908,290,S2,321.0,25.759,21.96
57909,290,S2,324.0,25.609,21.96
57910,290,S2,327.0,25.603,21.96
57911,290,S2,330.0,25.374,21.96
57912,290,S2,333.0,25.393,21.96
57913,290,S2,336.0,25.151,21.96
57914,290,S2,339.0,25.195,21.96
57915,290,S2,342.0,25.033,21.96
57916,290,S2,345.0,25.093,21.96
57917,290,S2,348.0,24.959,21.96
57918,290,S2,351.0,24.861,21.96
57919,290,S2,354.0,24.713,21.96
57920,290,S2,357.0,24.675,21.96
57921,290,S2,360.0,24.651,21.96
57922,290,S2,363.0,24.663,21.96
57923,290,S2,366.0,24.516,21.96
57924,290,S2,369.0,24.401,21.96
57925,290,S2,372.0,24.254,21.96
57926,290,S2,375.0,24.298,21.96
57927,290,S2,378.0,24.185,21.96
57928,290,S2,381.0,24.120,21.96
57929,290,S2,384.0,24.039,21.96
57930,290,S2,387.0,24.077,21.96
57931,290,S2,390.0,24.061,21.96
57932,290,S2,393.0,23.965,21.96
57933,290,S2,396.0,23.918,21.96
57934,290,S2,399.0,23.869,21.96
57935,290,S2,402.0,23.848,21.96
57936,290,S2,405.0,23.700,21.96
57937,290,S2,408.0,23.662,21.96
57938,290,S2,411.0,23.561,21.96
57939,290,S2,414.0,23.611,21.96
57940,290,S2,417.0,23.524,21.96
57941,290,S2,420.0,23.314,21.96
57942,290,S2,423.0,23.508,21.96
57943,290,S2,426.0,23.444,21.96
57944,290,S2,429.0,23.269,21.96
57945,290,S2,432.0,23.322,21.96
57946,290,S2,435.0,23.395,21.96
57947,290,S2,438.0,23.263,21.96
57948,290,S2,441.0,23.314,21.96
57949,290,S2,444.0,23.178,21.96
57950,290,S2,447.0,23.101,21.96
57951,290,S2,450.0,23.071,21.96
57952,290,S2,453.0,23.105,21.96
57953,290,S2,456.0,23.042,21.96
57954,290,S2,459.0,23.035,21.96
57955,290,S2,462.0,23.009,21.96
57956,290,S2,465.0,22.991,21.96
57957,290,S2,468.0,22.923,21.96
57958,290,S2,471.0,22.897,21.96
57959,290,S2,474.0,22.902,21.96
57960,290,S2,477.0,22.787,21.96
57961,290,S2,480.0,22.822,21.96
57962,290,S2,483.0,22.995,21.96
57963,290,S2,486.0,22.702,21.96
57964,290,S2,489.0,22.813,21.96
57965,290,S2,492.0,22.682,21.96
57966,290,S2,495.0,22.686,21.96
57967,290,S2,498.0,22.719,21.96
57968,290,S2,501.0,22.592,21.96
57969,290,S2,504.0,22.613,21.96
57970,290,S2,507.0,22.618,21.96
57971,290,S2,510.0,22.565,21.96
57972,290,S2,513.0,22.619,21.96
57973,290,S2,516.0,22.564,21.96
57974,290,S2,519.0,22.559,21.96
57975,290,S2,522.0,22.576,21.96
57976,290,S2,525.0,22.544,21.96
57977,290,S2,528.0,22.572,21.96
57978,290,S2,531.0,22.477,21.96
57979,290,S2,534.0,22.506,21.96
57980,290,S2,537.0,22.547,21.96
57981,290,S2,540.0,22.382,21.96
57982,290,S2,543.0,22.387,21.96
57983,290,S2,546.0,22.474,21.96
57984,290,S2,549.0,22.426,21.96
57985,290,S2,552.0,22.405,21.96
57986,290,S2,555.0,22.437,21.96
57987,290,S2,558.0,22.379,21.96
57988,290,S2,561.0,22.364,21.96
57989,290,S2,564.0,22.326,21.96
57990,290,S2,567.0,22.340,21.96
57991,290,S2,570.0,22.327,21.96
57992,290,S2,573.0,22.363,21.96
57993,290,S2,576.0,22.372,21.96
57994,290,S2,579.0,22.265,21.96
57995,290,S2,582.0,22.243,21.96
57996,290,S2,585.0,22.364,21.96
57997,290,S2,588.0,22.242,21.96
57998,290,S2,591.0,22.362,21.96
57999,290,S2,594.0,22.267,21.96
58000,290,S2,597.0,22.280,21.96
58001,291,S3,0.0,74.538,21.58
58002,291,S3,3.0,73.449,21.58
58003,291,S3,6.0,72.297,21.58
58004,291,S3,9.0,71.310,21.58
58005,291,S3,12.0,70.186,21.58
58006,291,S3,15.0,69.150,21.58
58007,291,S3,18.0,68.054,21.58
58008,291,S3,21.0,67.149,21.58
58009,291,S3,24.0,66.126,21.58
58010,291,S3,27.0,65.206,21.58
58011,291,S3,30.0,64.182,21.58
58012,291,S3,33.0,63.426,21.58
58013,291,S3,36.0,62.433,21.58
58014,291,S3,39.0,61.485,21.58
58015,291,S3,42.0,60.682,21.58
58016,291,S3,45.0,59.846,21.58
58017,291,S3,48.0,59.072,21.58
58018,291,S3,51.0,58.245,21.58
58019,291,S3,54.0,57.396,21.58
58020,291,S3,57.0,56.638,21.58
58021,291,S3,60.0,55.908,21.58
58022,291,S3,63.0,55.146,21.58
58023,291,S3,66.0,54.401,21.58
58024,291,S3,69.0,53.721,21.58
58025,291,S3,72.0,53.096,21.58
58026,291,S3,75.0,52.439,21.58
58027,291,S3,78.0,51.706,21.58
58028,291,S3,81.0,51.014,21.58
58029,291,S3,84.0,50.450,21.58
58030,291,S3,87.0,49.854,21.58
58031,291,S3,90.0,49.283,21.58
58032,291,S3,93.0,48.634,21.58
58033,291,S3,96.0,47.897,21.58
58034,291,S3,99.0,47.583,21.58
58035,291,S3,102.0,46.867,21.58
58036,291,S3,105.0,46.361,21.58
58037,291,S3,108.0,45.862,21.58
58038,291,S3,111.0,45.346,21.58
58039,291,S3,114.0,44.830,21.58
58040,291,S3,117.0,44.351,21.58
58041,291,S3,120.0,43.841,21.58
58042,291,S3,123.0,43.435,21.58
58043,291,S3,126.0,43.007,21.58
58044,291,S3,129.0,42.466,21.58
58045,291,S3,132.0,41.956,21.58
58046,291,S3,135.0,41.643,21.58
58047,291,S3,138.0,41.120,21.58
58048,291,S3,141.0,40.674,21.58
58049,291,S3,144.0,40.328,21.58
58050,291,S3,147.0,39.895,21.58
58051,291,S3,150.0,39.454,21.58
58052,291,S3,153.0,39.187,21.58
58053,291,S3,156.0,38.803,21.58
58054,291,S3,159.0,38.432,21.58
58055,291,S3,162.0,37.997,21.58
58056,291,S3,165.0,37.676,21.58
58057,291,S3,168.0,37.339,21.58
58058,291,S3,171.0,37.002,21.58
58059,291,S3,174.0,36.651,21.58
58060,291,S3,177.0,36.385,21.58
58061,291,S3,180.0,35.989,21.58
58062,291,S3,183.0,35.677,21.58
58063,291,S3,186.0,35.393,21.58
58064,291,S3,189.0,35.130,21.58
58065,291,S3,192.0,34.783,21.58
58066,291,S3,195.0,34.576,21.58
58067,291,S3,198.0,34.166,21.58
58068,291,S3,201.0,33.928,21.58
58069,291,S3,204.0,33.711,21.58
58070,291,S3,207.0,33.440,21.58
58071,291,S3,210.0,33.199,21.58
58072,291,S3,213.0,32.973,21.58
58073,291,S3,216.0,32.594,21.58
58074,291,S3,219.0,32.498,21.58
58075,291,S3,222.0,32.287,21.58
58076,291,S3,225.0,32.019,21.58
58077,291,S3,228.0,31.842,21.58
58078,291,S3,231.0,31.578,21.58
58079,291,S3,234.0,31.250,21.58
58080,291,S3,237.0,31.221,21.58
58081,291,S3,240.0,31.029,21.58
58082,291,S3,243.0,30.647,21.58
58083,291,S3,246.0,30.472,21.58
58084,291,S3,249.0,30.271,21.58
58085,291,S3,252.0,30.191,21.58
58086,291,S3,255.0,30.009,21.58
58087,291,S3,258.0,29.703,21.58
58088,291,S3,261.0,29.623,21.58
58089,291,S3,264.0,29.394,21.58
58090,291,S3,267.0,29.277,21.58
58091,291,S3,270.0,29.109,21.58
58092,291,S3,273.0,28.979,21.58
58093,291,S3,276.0,28.767,21.58
58094,291,S3,279.0,28.662,21.58
58095,291,S3,282.0,28.594,21.58
58096,291,S3,285.0,28.334,21.58
58097,291,S3,288.0,28.140,21.58
58098,291,S3,291.0,28.003,21.58
58099,291,S3,294.0,27.858,21.58
58100,291,S3,297.0,27.684,21.58
58101,291,S3,300.0,27.692,21.58
58102,291,S3,303.0,27.527,21.58
58103,291,S3,306.0,27.402,21.58
58104,291,S3,309.0,27.193,21.58
58105,291,S3,312.0,27.150,21.58
58106,291,S3,315.0,27.018,21.58
58107,291,S3,318.0,26.905,21.58
58108,291,S3,321.0,26.781,21.58
58109,291,S3,324.0,26.731,21.58
58110,291,S3,327.0,26.574,21.58
58111,291,S3,330.0,26.476,21.58
58112,291,S3,333.0,26.380,21.58
58113,291,S3,336.0,26.248,21.58
58114,291,S3,339.0,26.107,21.58
58115,291,S3,342.0,26.091,21.58
58116,291,S3,345.0,25.990,21.58
58117,291,S3,348.0,25.896,21.58
58118,291,S3,351.0,25.789,21.58
58119,291,S3,354.0,25.781,21.58
58120,291,S3,357.0,25.636,21.58
58121,291,S3,360.0,25.521,21.58
58122,291,S3,363.0,25.404,21.58
58123,291,S3,366.0,25.364,21.58
58124,291,S3,369.0,25.275,21.58
58125,291,S3,372.0,25.174,21.58
58126,291,S3,375.0,25.086,21.58
58127,291,S3,378.0,25.059,21.58
58128,291,S3,381.0,24.940,21.58
58129,291,S3,384.0,24.865,21.58
58130,291,S3,387.0,24.779,21.58
58131,291,S3,390.0,24.728,21.58
58132,291,S3,393.0,24.676,21.58
58133,291,S3,396.0,24.691,21.58
58134,291,S3,399.0,24.590,21.58
58135,291,S3,402.0,24.500,21.58
58136,291,S3,405.0,24.452,21.58
58137,291,S3,408.0,24.356,21.58
58138,291,S3,411.0,24.233,21.58
58139,291,S3,414.0,24.206,21.58
58140,291,S3,417.0,24.200,21.58
58141,291,S3,420.0,24.184,21.58
58142,291,S3,423.0,24.106,21.58
58143,291,S3,426.0,24.070,21.58
58144,291,S3,429.0,23.942,21.58
58145,291,S3,432.0,23.938,21.58
58146,291,S3,435.0,23.731,21.58
58147,291,S3,438.0,23.783,21.58
58148,291,S3,441.0,23.805,21.58
58149,291,S3,444.0,23.790,21.58
58150,291,S3,447.0,23.693,21.58
58151,291,S3,450.0,23.550,21.58
58152,291,S3,453.0,23.609,21.58
58153,291,S3,456.0,23.539,21.58
58154,291,S3,459.0,23.497,21.58
58155,291,S3,462.0,23.471,21.58
58156,291,S3,465.0,23.396,21.58
58157,291,S3,468.0,23.337,21.58
58158,291,S3,471.0,23.371,21.58
58159,291,S3,474.0,23.339,21.58
58160,291,S3,477.0,23.300,21.58
58161,291,S3,480.0,23.297,21.58
58162,291,S3,483.0,23.267,21.58
58163,291,S3,486.0,23.177,21.58
58164,291,S3,489.0,23.102,21.58
58165,291,S3,492.0,23.145,21.58
58166,291,S3,495.0,23.061,21.58
58167,291,S3,498.0,23.073,21.58
58168,291,S3,501.0,22.980,21.58
58169,291,S3,504.0,23.072,21.58
58170,291,S3,507.0,22.844,21.58
58171,291,S3,510.0,22.895,21.58
58172,291,S3,513.0,22.905,21.58
58173,291,S3,516.0,22.844,21.58
58174,291,S3,519.0,22.783,21.58
58175,291,S3,522.0,22.796,21.58
58176,291,S3,525.0,22.760,21.58
58177,291,S3,528.0,22.829,21.58
58178,291,S3,531.0,22.663,21.58
58179,291,S3,534.0,22.676,21.58
58180,291,S3,537.0,22.739,21.58
58181,291,S3,540.0,22.697,21.58
58182,291,S3,543.0,22.692,21.58
58183,291,S3,546.0,22.663,21.58
58184,291,S3,549.0,22.534,21.58
58185,291,S3,552.0,22.634,21.58
58186,291,S3,555.0,22.520,21.58
58187,291,S3,558.0,22.450,21.58
58188,291,S3,561.0,22.537,21.58
58189,291,S3,564.0,22.547,21.58
58190,291,S3,567.0,22.457,21.58
58191,291,S3,570.0,22.483,21.58
58192,291,S3,573.0,22.418,21.58
58193,291,S3,576.0,22.458,21.58
58194,291,S3,579.0,22.294,21.58
58195,291,S3,582.0,22.413,21.58
58196,291,S3,585.0,22.367,21.58
58197,291,S3,588.0,22.270,21.58
58198,291,S3,591.0,22.288,21.58
58199,291,S3,594.0,22.370,21.58
58200,291,S3,597.0,22.292,21.58
58201,292,S4,0.0,81.656,20.58
58202,292,S4,3.0,80.506,20.58
58203,292,S4,6.0,79.247,20.58
58204,292,S4,9.0,78.183,20.58
58205,292,S4,12.0,77.120,20.58
58206,292,S4,15.0,76.067,20.58
58207,292,S4,18.0,74.888,20.58
58208,292,S4,21.0,73.826,20.58
58209,292,S4,24.0,72.825,20.58
58210,292,S4,27.0,71.757,20.58
58211,292,S4,30.0,70.825,20.58
58212,292,S4,33.0,69.793,20.58
58213,292,S4,36.0,68.880,20.58
58214,292,S4,39.0,67.928,20.58
58215,292,S4,42.0,66.993,20.58
58216,292,S4,45.0,66.079,20.58
58217,292,S4,48.0,65.235,20.58
58218,292,S4,51.0,64.337,20.58
58219,292,S4,54.0,63.426,20.58
58220,292,S4,57.0,62.664,20.58
58221,292,S4,60.0,61.794,20.58
58222,292,S4,63.0,61.093,20.58
58223,292,S4,66.0,60.255,20.58
58224,292,S4,69.0,59.597,20.58
58225,292,S4,72.0,58.740,20.58
58226,292,S4,75.0,57.958,20.58
58227,292,S4,78.0,57.258,20.58
58228,292,S4,81.0,56.619,20.58
58229,292,S4,84.0,55.773,20.58
58230,292,S4,87.0,55.088,20.58
58231,292,S4,90.0,54.527,20.58
58232,292,S4,93.0,53.878,20.58
58233,292,S4,96.0,53.195,20.58
58234,292,S4,99.0,52.591,20.58
58235,292,S4,102.0,51.933,20.58
58236,292,S4,105.0,51.350,20.58
58237,292,S4,108.0,50.700,20.58
58238,292,S4,111.0,50.161,20.58
58239,292,S4,114.0,49.581,20.58
58240,292,S4,117.0,49.045,20.58
58241,292,S4,120.0,48.523,20.58
58242,292,S4,123.0,47.902,20.58
58243,292,S4,126.0,47.385,20.58
58244,292,S4,129.0,46.884,20.58
58245,292,S4,132.0,46.334,20.58
58246,292,S4,135.0,45.825,20.58
58247,292,S4,138.0,45.353,20.58
58248,292,S4,141.0,44.920,20.58
58249,292,S4,144.0,44.470,20.58
58250,292,S4,147.0,43.923,20.58
58251,292,S4,150.0,43.499,20.58
58252,292,S4,153.0,42.972,20.58
58253,292,S4,156.0,42.615,20.58
58254,292,S4,159.0,42.135,20.58
58255,292,S4,162.0,41.798,20.58
58256,292,S4,165.0,41.336,20.58
58257,292,S4,168.0,40.977,20.58
58258,292,S4,171.0,40.533,20.58
58259,292,S4,174.0,40.164,20.58
58260,292,S4,177.0,39.790,20.58
58261,292,S4,180.0,39.421,20.58
58262,292,S4,183.0,39.016,20.58
58263,292,S4,186.0,38.705,20.58
58264,292,S4,189.0,38.323,20.58
58265,292,S4,192.0,37.942,20.58
58266,292,S4,195.0,37.626,20.58
58267,292,S4,198.0,37.369,20.58
58268,292,S4,201.0,36.945,20.58
58269,292,S4,204.0,36.756,20.58
58270,292,S4,207.0,36.335,20.58
58271,292,S4,210.0,35.992,20.58
58272,292,S4,213.0,35.750,20.58
58273,292,S4,216.0,35.462,20.58
58274,292,S4,219.0,35.175,20.58
58275,292,S4,222.0,34.846,20.58
58276,292,S4,225.0,34.646,20.58
58277,292,S4,228.0,34.317,20.58
58278,292,S4,231.0,34.036,20.58
58279,292,S4,234.0,33.788,20.58
58280,292,S4,237.0,33.545,20.58
58281,292,S4,240.0,33.334,20.58
58282,292,S4,243.0,33.040,20.58
58283,292,S4,246.0,32.779,20.58
58284,292,S4,249.0,32.623,20.58
58285,292,S4,252.0,32.341,20.58
58286,292,S4,255.0,32.074,20.58
58287,292,S4,258.0,31.851,20.58
58288,292,S4,261.0,31.633,20.58
58289,292,S4,264.0,31.506,20.58
58290,292,S4,267.0,31.251,20.58
58291,292,S4,270.0,30.997,20.58
58292,292,S4,273.0,30.851,20.58
58293,292,S4,276.0,30.588,20.58
58294,292,S4,279.0,30.398,20.58
58295,292,S4,282.0,30.257,20.58
58296,292,S4,285.0,30.010,20.58
58297,292,S4,288.0,29.917,20.58
58298,292,S4,291.0,29.673,20.58
58299,292,S4,294.0,29.501,20.58
58300,292,S4,297.0,29.344,20.58
58301,292,S4,300.0,29.216,20.58
58302,292,S4,303.0,29.019,20.58
58303,292,S4,306.0,28.737,20.58
58304,292,S4,309.0,28.690,20.58
58305,292,S4,312.0,28.474,20.58
58306,292,S4,315.0,28.382,20.58
58307,292,S4,318.0,28.162,20.58
58308,292,S4,321.0,28.022,20.58
58309,292,S4,324.0,27.926,20.58
58310,292,S4,327.0,27.722,20.58
58311,292,S4,330.0,27.657,20.58
58312,292,S4,333.0,27.479,20.58
58313,292,S4,336.0,27.394,20.58
58314,292,S4,339.0,27.185,20.58
58315,292,S4,342.0,27.013,20.58
58316,292,S4,345.0,26.835,20.58
58317,292,S4,348.0,26.776,20.58
58318,292,S4,351.0,26.642,20.58
58319,292,S4,354.0,26.605,20.58
58320,292,S4,357.0,26.527,20.58
58321,292,S4,360.0,26.423,20.58
58322,292,S4,363.0,26.310,20.58
58323,292,S4,366.0,26.176,20.58
58324,292,S4,369.0,25.982,20.58
58325,292,S4,372.0,26.053,20.58
58326,292,S4,375.0,25.909,20.58
58327,292,S4,378.0,25.737,20.58
58328,292,S4,381.0,25.647,20.58
58329,292,S4,384.0,25.580,20.58
58330,292,S4,387.0,25.425,20.58
58331,292,S4,390.0,25.266,20.58
58332,292,S4,393.0,25.256,20.58
58333,292,S4,396.0,25.279,20.58
58334,292,S4,399.0,25.098,20.58
58335,292,S4,402.0,25.023,20.58
58336,292,S4,405.0,24.925,20.58
58337,292,S4,408.0,24.917,20.58
58338,292,S4,411.0,24.662,20.58
58339,292,S4,414.0,24.703,20.58
58340,292,S4,417.0,24.524,20.58
58341,292,S4,420.0,24.401,20.58
58342,292,S4,423.0,24.422,20.58
58343,292,S4,426.0,24.362,20.58
58344,292,S4,429.0,24.296,20.58
58345,292,S4,432.0,24.287,20.58
58346,292,S4,435.0,24.153,20.58
58347,292,S4,438.0,24.012,20.58
58348,292,S4,441.0,23.997,20.58
58349,292,S4,444.0,23.950,20.58
58350,292,S4,447.0,23.941,20.58
58351,292,S4,450.0,23.858,20.58
58352,292,S4,453.0,23.803,20.58
58353,292,S4,456.0,23.701,20.58
58354,292,S4,459.0,23.661,20.58
58355,292,S4,462.0,23.547,20.58
58356,292,S4,465.0,23.495,20.58
58357,292,S4,468.0,23.417,20.58
58358,292,S4,471.0,23.427,20.58
58359,292,S4,474.0,23.260,20.58
58360,292,S4,477.0,23.273,20.58
58361,292,S4,480.0,23.221,20.58
58362,292,S4,483.0,23.271,20.58
58363,292,S4,486.0,23.114,20.58
58364,292,S4,489.0,23.087,20.58
58365,292,S4,492.0,23.068,20.58
58366,292,S4,495.0,22.936,20.58
58367,292,S4,498.0,22.887,20.58
58368,292,S4,501.0,22.847,20.58
58369,292,S4,504.0,22.823,20.58
58370,292,S4,507.0,22.807,20.58
58371,292,S4,510.0,22.737,20.58
58372,292,S4,513.0,22.693,20.58
58373,292,S4,516.0,22.683,20.58
58374,292,S4,519.0,22.624,20.58
58375,292,S4,522.0,22.477,20.58
58376,292,S4,525.0,22.561,20.58
58377,292,S4,528.0,22.497,20.58
58378,292,S4,531.0,22.534,20.58
58379,292,S4,534.0,22.421,20.58
58380,292,S4,537.0,22.452,20.58
58381,292,S4,540.0,22.415,20.58
58382,292,S4,543.0,22.273,20.58
58383,292,S4,546.0,22.279,20.58
58384,292,S4,549.0,22.230,20.58
58385,292,S4,552.0,22.255,20.58
58386,292,S4,555.0,22.168,20.58
58387,292,S4,558.0,22.179,20.58
58388,292,S4,561.0,22.165,20.58
58389,292,S4,564.0,22.166,20.58
58390,292,S4,567.0,22.107,20.58
58391,292,S4,570.0,22.047,20.58
58392,292,S4,573.0,22.038,20.58
58393,292,S4,576.0,22.016,20.58
58394,292,S4,579.0,21.934,20.58
58395,292,S4,582.0,21.888,20.58
58396,292,S4,585.0,21.951,20.58
58397,292,S4,588.0,21.965,20.58
58398,292,S4,591.0,21.869,20.58
58399,292,S4,594.0,21.840,20.58
58400,292,S4,597.0,21.843,20.58
58401,293,S1,0.0,77.610,22.98
58402,293,S1,3.0,75.983,22.98
58403,293,S1,6.0,74.310,22.98
58404,293,S1,9.0,72.764,22.98
58405,293,S1,12.0,71.247,22.98
58406,293,S1,15.0,69.746,22.98
58407,293,S1,18.0,68.279,22.98
58408,293,S1,21.0,66.857,22.98
58409,293,S1,24.0,65.599,22.98
58410,293,S1,27.0,64.157,22.98
58411,293,S1,30.0,63.005,22.98
58412,293,S1,33.0,61.718,22.98
58413,293,S1,36.0,60.570,22.98
58414,293,S1,39.0,59.327,22.98
58415,293,S1,42.0,58.306,22.98
58416,293,S1,45.0,57.193,22.98
58417,293,S1,48.0,56.141,22.98
58418,293,S1,51.0,55.025,22.98
58419,293,S1,54.0,54.134,22.98
58420,293,S1,57.0,53.243,22.98
58421,293,S1,60.0,52.152,22.98
58422,293,S1,63.0,51.281,22.98
58423,293,S1,66.0,50.487,22.98
58424,293,S1,69.0,49.591,22.98
58425,293,S1,72.0,48.798,22.98
58426,293,S1,75.0,48.035,22.98
58427,293,S1,78.0,47.179,22.98
58428,293,S1,81.0,46.577,22.98
58429,293,S1,84.0,45.762,22.98
58430,293,S1,87.0,44.998,22.98
58431,293,S1,90.0,44.348,22.98
58432,293,S1,93.0,43.807,22.98
58433,293,S1,96.0,43.069,22.98
58434,293,S1,99.0,42.483,22.98
58435,293,S1,102.0,41.866,22.98
58436,293,S1,105.0,41.321,22.98
58437,293,S1,108.0,40.720,22.98
58438,293,S1,111.0,40.146,22.98
58439,293,S1,114.0,39.638,22.98
58440,293,S1,117.0,39.156,22.98
58441,293,S1,120.0,38.703,22.98
58442,293,S1,123.0,38.120,22.98
58443,293,S1,126.0,37.683,22.98
58444,293,S1,129.0,37.197,22.98
58445,293,S1,132.0,36.694,22.98
58446,293,S1,135.0,36.345,22.98
58447,293,S1,138.0,35.939,22.98
58448,293,S1,141.0,35.576,22.98
58449,293,S1,144.0,35.127,22.98
58450,293,S1,147.0,34.783,22.98
58451,293,S1,150.0,34.408,22.98
58452,293,S1,153.0,34.111,22.98
58453,293,S1,156.0,33.687,22.98
58454,293,S1,159.0,33.384,22.98
58455,293,S1,162.0,33.052,22.98
58456,293,S1,165.0,32.678,22.98
58457,293,S1,168.0,32.531,22.98
58458,293,S1,171.0,32.197,22.98
58459,293,S1,174.0,31.858,22.98
58460,293,S1,177.0,31.601,22.98
58461,293,S1,180.0,31.371,22.98
58462,293,S1,183.0,31.126,22.98
58463,293,S1,186.0,30.906,22.98
58464,293,S1,189.0,30.532,22.98
58465,293,S1,192.0,30.317,22.98
58466,293,S1,195.0,30.090,22.98
58467,293,S1,198.0,29.842,22.98
58468,293,S1,201.0,29.655,22.98
58469,293,S1,204.0,29.515,22.98
58470,293,S1,207.0,29.271,22.98
58471,293,S1,210.0,29.160,22.98
58472,293,S1,213.0,28.965,22.98
58473,293,S1,216.0,28.670,22.98
58474,293,S1,219.0,28.580,22.98
58475,293,S1,222.0,28.309,22.98
58476,293,S1,225.0,28.215,22.98
58477,293,S1,228.0,28.013,22.98
58478,293,S1,231.0,27.891,22.98
58479,293,S1,234.0,27.732,22.98
58480,293,S1,237.0,27.596,22.98
58481,293,S1,240.0,27.382,22.98
58482,293,S1,243.0,27.419,22.98
58483,293,S1,246.0,27.129,22.98
58484,293,S1,249.0,27.107,22.98
58485,293,S1,252.0,26.914,22.98
58486,293,S1,255.0,26.946,22.98
58487,293,S1,258.0,26.680,22.98
58488,293,S1,261.0,26.514,22.98
58489,293,S1,264.0,26.419,22.98
58490,293,S1,267.0,26.384,22.98
58491,293,S1,270.0,26.239,22.98
58492,293,S1,273.0,26.129,22.98
58493,293,S1,276.0,26.124,22.98
58494,293,S1,279.0,25.983,22.98
58495,293,S1,282.0,25.877,22.98
58496,293,S1,285.0,25.800,22.98
58497,293,S1,288.0,25.735,22.98
58498,293,S1,291.0,25.585,22.98
58499,293,S1,294.0,25.579,22.98
58500,293,S1,297.0,25.380,22.98
58501,293,S1,300.0,25.507,22.98
58502,293,S1,303.0,25.396,22.98
58503,293,S1,306.0,25.247,22.98
58504,293,S1,309.0,25.060,22.98
58505,293,S1,312.0,25.087,22.98
58506,293,S1,315.0,25.032,22.98
58507,293,S1,318.0,24.936,22.98
58508,293,S1,321.0,24.966,22.98
58509,293,S1,324.0,24.859,22.98
58510,293,S1,327.0,24.727,22.98
58511,293,S1,330.0,24.796,22.98
58512,293,S1,333.0,24.702,22.98
58513,293,S1,336.0,24.624,22.98
58514,293,S1,339.0,24.498,22.98
58515,293,S1,342.0,24.588,22.98
58516,293,S1,345.0,24.581,22.98
58517,293,S1,348.0,24.529,22.98
58518,293,S1,351.0,24.399,22.98
58519,293,S1,354.0,24.382,22.98
58520,293,S1,357.0,24.325,22.98
58521,293,S1,360.0,24.314,22.98
58522,293,S1,363.0,24.205,22.98
58523,293,S1,366.0,24.198,22.98
58524,293,S1,369.0,24.067,22.98
58525,293,S1,372.0,24.081,22.98
58526,293,S1,375.0,24.030,22.98
58527,293,S1,378.0,23.979,22.98
58528,293,S1,381.0,23.946,22.98
58529,293,S1,384.0,23.998,22.98
58530,293,S1,387.0,24.021,22.98
58531,293,S1,390.0,23.849,22.98
58532,293,S1,393.0,23.934,22.98
58533,293,S1,396.0,23.881,22.98
58534,293,S1,399.0,23.855,22.98
58535,293,S1,402.0,23.764,22.98
58536,293,S1,405.0,23.761,22.98
58537,293,S1,408.0,23.777,22.98
58538,293,S1,411.0,23.807,22.98
58539,293,S1,414.0,23.628,22.98
58540,293,S1,417.0,23.574,22.98
58541,293,S1,420.0,23.585,22.98
58542,293,S1,423.0,23.625,22.98
58543,293,S1,426.0,23.766,22.98
58544,293,S1,429.0,23.614,22.98
58545,293,S1,432.0,23.628,22.98
58546,293,S1,435.0,23.581,22.98
58547,293,S1,438.0,23.550,22.98
58548,293,S1,441.0,23.504,22.98
58549,293,S1,444.0,23.506,22.98
58550,293,S1,447.0,23.535,22.98
58551,293,S1,450.0,23.507,22.98
58552,293,S1,453.0,23.464,22.98
58553,293,S1,456.0,23.405,22.98
58554,293,S1,459.0,23.390,22.98
58555,293,S1,462.0,23.404,22.98
58556,293,S1,465.0,23.472,22.98
58557,293,S1,468.0,23.410,22.98
58558,293,S1,471.0,23.414,22.98
58559,293,S1,474.0,23.410,22.98
58560,293,S1,477.0,23.327,22.98
58561,293,S1,480.0,23.370,22.98
58562,293,S1,483.0,23.347,22.98
58563,293,S1,486.0,23.388,22.98
58564,293,S1,489.0,23.326,22.98
58565,293,S1,492.0,23.358,22.98
58566,293,S1,495.0,23.318,22.98
58567,293,S1,498.0,23.298,22.98
58568,293,S1,501.0,23.297,22.98
58569,293,S1,504.0,23.271,22.98
58570,293,S1,507.0,23.250,22.98
58571,293,S1,510.0,23.256,22.98
58572,293,S1,513.0,23.116,22.98
58573,293,S1,516.0,23.263,22.98
58574,293,S1,519.0,23.273,22.98
58575,293,S1,522.0,23.208,22.98
58576,293,S1,525.0,23.246,22.98
58577,293,S1,528.0,23.245,22.98
58578,293,S1,531.0,23.279,22.98
58579,293,S1,534.0,23.125,22.98
58580,293,S1,537.0,23.130,22.98
58581,293,S1,540.0,23.142,22.98
58582,293,S1,543.0,23.196,22.98
58583,293,S1,546.0,23.153,22.98
58584,293,S1,549.0,23.250,22.98
58585,293,S1,552.0,23.067,22.98
58586,293,S1,555.0,23.144,22.98
58587,293,S1,558.0,23.256,22.98
58588,293,S1,561.0,23.064,22.98
58589,293,S1,564.0,23.093,22.98
58590,293,S1,567.0,23.119,22.98
58591,293,S1,570.0,23.163,22.98
58592,293,S1,573.0,23.068,22.98
58593,293,S1,576.0,23.102,22.98
58594,293,S1,579.0,23.077,22.98
58595,293,S1,582.0,23.199,22.98
58596,293,S1,585.0,23.060,22.98
58597,293,S1,588.0,23.061,22.98
58598,293,S1,591.0,23.120,22.98
58599,293,S1,594.0,23.113,22.98
58600,293,S1,597.0,23.137,22.98
58601,294,S2,0.0,73.718,21.02
58602,294,S2,3.0,72.701,21.02
58603,294,S2,6.0,71.598,21.02
58604,294,S2,9.0,70.648,21.02
58605,294,S2,12.0,69.569,21.02
58606,294,S2,15.0,68.622,21.02
58607,294,S2,18.0,67.639,21.02
58608,294,S2,21.0,66.704,21.02
58609,294,S2,24.0,65.868,21.02
58610,294,S2,27.0,64.962,21.02
58611,294,S2,30.0,64.050,21.02
58612,294,S2,33.0,63.178,21.02
58613,294,S2,36.0,62.315,21.02
58614,294,S2,39.0,61.556,21.02
58615,294,S2,42.0,60.706,21.02
58616,294,S2,45.0,59.998,21.02
58617,294,S2,48.0,59.232,21.02
58618,294,S2,51.0,58.385,21.02
58619,294,S2,54.0,57.652,21.02
58620,294,S2,57.0,56.880,21.02
58621,294,S2,60.0,56.171,21.02
58622,294,S2,63.0,55.469,21.02
58623,294,S2,66.0,54.753,21.02
58624,294,S2,69.0,54.175,21.02
58625,294,S2,72.0,53.460,21.02
58626,294,S2,75.0,52.750,21.02
58627,294,S2,78.0,52.183,21.02
58628,294,S2,81.0,51.483,21.02
58629,294,S2,84.0,50.909,21.02
58630,294,S2,87.0,50.334,21.02
58631,294,S2,90.0,49.742,21.02
58632,294,S2,93.0,49.179,21.02
58633,294,S2,96.0,48.586,21.02
58634,294,S2,99.0,48.107,21.02
58635,294,S2,102.0,47.475,21.02
58636,294,S2,105.0,46.973,21.02
58637,294,S2,108.0,46.497,21.02
58638,294,S2,111.0,45.928,21.02
58639,294,S2,114.0,45.431,21.02
58640,294,S2,117.0,45.013,21.02
58641,294,S2,120.0,44.447,21.02
58642,294,S2,123.0,44.062,21.02
58643,294,S2,126.0,43.565,21.02
58644,294,S2,129.0,43.073,21.02
58645,294,S2,132.0,42.706,21.02
58646,294,S2,135.0,42.255,21.02
58647,294,S2,138.0,41.705,21.02
58648,294,S2,141.0,41.470,21.02
58649,294,S2,144.0,41.064,21.02
58650,294,S2,147.0,40.455,21.02
58651,294,S2,150.0,40.234,21.02
58652,294,S2,153.0,39.876,21.02
58653,294,S2,156.0,39.422,21.02
58654,294,S2,159.0,39.122,21.02
58655,294,S2,162.0,38.772,21.02
58656,294,S2,165.0,38.393,21.02
58657,294,S2,168.0,37.991,21.02
58658,294,S2,171.0,37.677,21.02
58659,294,S2,174.0,37.372,21.02
58660,294,S2,177.0,37.037,21.02
58661,294,S2,180.0,36.643,21.02
58662,294,S2,183.0,36.391,21.02
58663,294,S2,186.0,36.066,21.02
58664,294,S2,189.0,35.785,21.02
58665,294,S2,192.0,35.486,21.02
58666,294,S2,195.0,35.238,21.02
58667,294,S2,198.0,34.891,21.02
58668,294,S2,201.0,34.652,21.02
58669,294,S2,204.0,34.276,21.02
58670,294,S2,207.0,34.120,21.02
58671,294,S2,210.0,33.825,21.02
58672,294,S2,213.0,33.592,21.02
58673,294,S2,216.0,33.239,21.02
58674,294,S2,219.0,33.129,21.02
58675,294,S2,222.0,32.752,21.02
58676,294,S2,225.0,32.619,21.02
58677,294,S2,228.0,32.403,21.02
58678,294,S2,231.0,32.188,21.02
58679,294,S2,234.0,31.828,21.02
58680,294,S2,237.0,31.748,21.02
58681,294,S2,240.0,31.480,21.02
58682,294,S2,243.0,31.244,21.02
58683,294,S2,246.0,31.143,21.02
58684,294,S2,249.0,30.841,21.02
58685,294,S2,252.0,30.707,21.02
58686,294,S2,255.0,30.545,21.02
58687,294,S2,258.0,30.249,21.02
58688,294,S2,261.0,30.166,21.02
58689,294,S2,264.0,30.078,21.02
58690,294,S2,267.0,29.734,21.02
58691,294,S2,270.0,29.627,21.02
58692,294,S2,273.0,29.422,21.02
58693,294,S2,276.0,29.290,21.02
58694,294,S2,279.0,29.110,21.02
58695,294,S2,282.0,28.819,21.02
58696,294,S2,285.0,28.758,21.02
58697,294,S2,288.0,28.586,21.02
58698,294,S2,291.0,28.488,21.02
58699,294,S2,294.0,28.291,21.02
58700,294,S2,297.0,28.232,21.02
58701,294,S2,300.0,28.027,21.02
58702,294,S2,303.0,27.863,21.02
58703,294,S2,306.0,27.792,21.02
58704,294,S2,309.0,27.586,21.02
58705,294,S2,312.0,27.456,21.02
58706,294,S2,315.0,27.314,21.02
58707,294,S2,318.0,27.241,21.02
58708,294,S2,321.0,27.058,21.02
58709,294,S2,324.0,26.995,21.02
58710,294,S2,327.0,26.838,21.02
58711,294,S2,330.0,26.661,21.02
58712,294,S2,333.0,26.713,21.02
58713,294,S2,336.0,26.502,21.02
58714,294,S2,339.0,26.538,21.02
58715,294,S2,342.0,26.252,21.02
58716,294,S2,345.0,26.153,21.02
58717,294,S2,348.0,26.078,21.02
58718,294,S2,351.0,26.026,21.02
58719,294,S2,354.0,25.923,21.02
58720,294,S2,357.0,25.756,21.02
58721,294,S2,360.0,25.666,21.02
58722,294,S2,363.0,25.559,21.02
58723,294,S2,366.0,25.514,21.02
58724,294,S2,369.0,25.404,21.02
58725,294,S2,372.0,25.248,21.02
58726,294,S2,375.0,25.191,21.02
58727,294,S2,378.0,25.183,21.02
58728,294,S2,381.0,24.955,21.02
58729,294,S2,384.0,24.995,21.02
58730,294,S2,387.0,24.929,21.02
58731,294,S2,390.0,24.869,21.02
58732,294,S2,393.0,24.770,21.02
58733,294,S2,396.0,24.597,21.02
58734,294,S2,399.0,24.544,21.02
58735,294,S2,402.0,24.527,21.02
58736,294,S2,405.0,24.481,21.02
58737,294,S2,408.0,24.314,21.02
58738,294,S2,411.0,24.314,21.02
58739,294,S2,414.0,24.245,21.02
58740,294,S2,417.0,24.163,21.02
58741,294,S2,420.0,24.158,21.02
58742,294,S2,423.0,24.107,21.02
58743,294,S2,426.0,24.026,21.02
58744,294,S2,429.0,23.935,21.02
58745,294,S2,432.0,23.866,21.02
58746,294,S2,435.0,23.853,21.02
58747,294,S2,438.0,23.761,21.02
58748,294,S2,441.0,23.651,21.02
58749,294,S2,444.0,23.644,21.02
58750,294,S2,447.0,23.626,21.02
58751,294,S2,450.0,23.525,21.02
58752,294,S2,453.0,23.467,21.02
58753,294,S2,456.0,23.414,21.02
58754,294,S2,459.0,23.369,21.02
58755,294,S2,462.0,23.423,21.02
58756,294,S2,465.0,23.308,21.02
58757,294,S2,468.0,23.273,21.02
58758,294,S2,471.0,23.138,21.02
58759,294,S2,474.0,23.117,21.02
58760,294,S2,477.0,23.136,21.02
58761,294,S2,480.0,23.042,21.02
58762,294,S2,483.0,22.997,21.02
58763,294,S2,486.0,23.059,21.02
58764,294,S2,489.0,23.029,21.02
58765,294,S2,492.0,22.974,21.02
58766,294,S2,495.0,22.908,21.02
58767,294,S2,498.0,22.932,21.02
58768,294,S2,501.0,22.820,21.02
58769,294,S2,504.0,22.793,21.02
58770,294,S2,507.0,22.759,21.02
58771,294,S2,510.0,22.811,21.02
58772,294,S2,513.0,22.682,21.02
58773,294,S2,516.0,22.656,21.02
58774,294,S2,519.0,22.712,21.02
58775,294,S2,522.0,22.635,21.02
58776,294,S2,525.0,22.458,21.02
58777,294,S2,528.0,22.535,21.02
58778,294,S2,531.0,22.401,21.02
58779,294,S2,534.0,22.397,21.02
58780,294,S2,537.0,22.383,21.02
58781,294,S2,540.0,22.382,21.02
58782,294,S2,543.0,22.450,21.02
58783,294,S2,546.0,22.420,21.02
58784,294,S2,549.0,22.304,21.02
58785,294,S2,552.0,22.327,21.02
58786,294,S2,555.0,22.247,21.02
58787,294,S2,558.0,22.229,21.02
58788,294,S2,561.0,22.186,21.02
58789,294,S2,564.0,22.169,21.02
58790,294,S2,567.0,22.224,21.02
58791,294,S2,570.0,22.126,21.02
58792,294,S2,573.0,22.141,21.02
58793,294,S2,576.0,22.106,21.02
58794,294,S2,579.0,22.113,21.02
58795,294,S2,582.0,22.131,21.02
58796,294,S2,585.0,22.038,21.02
58797,294,S2,588.0,22.012,21.02
58798,294,S2,591.0,22.025,21.02
58799,294,S2,594.0,21.958,21.02
58800,294,S2,597.0,22.005,21.02
58801,295,S3,0.0,81.993,21.43
58802,295,S3,3.0,81.164,21.43
58803,295,S3,6.0,80.352,21.43
58804,295,S3,9.0,79.476,21.43
58805,295,S3,12.0,78.695,21.43
58806,295,S3,15.0,77.849,21.43
58807,295,S3,18.0,77.016,21.43
58808,295,S3,21.0,76.268,21.43
58809,295,S3,24.0,75.465,21.43
58810,295,S3,27.0,74.780,21.43
58811,295,S3,30.0,73.979,21.43
58812,295,S3,33.0,73.212,21.43
58813,295,S3,36.0,72.557,21.43
58814,295,S3,39.0,71.647,21.43
58815,295,S3,42.0,71.097,21.43
58816,295,S3,45.0,70.364,21.43
58817,295,S3,48.0,69.672,21.43
58818,295,S3,51.0,68.907,21.43
58819,295,S3,54.0,68.396,21.43
58820,295,S3,57.0,67.613,21.43
58821,295,S3,60.0,67.001,21.43
58822,295,S3,63.0,66.260,21.43
58823,295,S3,66.0,65.751,21.43
58824,295,S3,69.0,65.071,21.43
58825,295,S3,72.0,64.401,21.43
58826,295,S3,75.0,63.816,21.43
58827,295,S3,78.0,63.230,21.43
58828,295,S3,81.0,62.634,21.43
58829,295,S3,84.0,61.985,21.43
58830,295,S3,87.0,61.564,21.43
58831,295,S3,90.0,60.868,21.43
58832,295,S3,93.0,60.358,21.43
58833,295,S3,96.0,59.790,21.43
58834,295,S3,99.0,59.271,21.43
58835,295,S3,102.0,58.724,21.43
58836,295,S3,105.0,58.235,21.43
58837,295,S3,108.0,57.702,21.43
58838,295,S3,111.0,57.219,21.43
58839,295,S3,114.0,56.670,21.43
58840,295,S3,117.0,56.225,21.43
58841,295,S3,120.0,55.745,21.43
58842,295,S3,123.0,55.135,21.43
58843,295,S3,126.0,54.745,21.43
58844,295,S3,129.0,54.212,21.43
58845,295,S3,132.0,53.779,21.43
58846,295,S3,135.0,53.338,21.43
58847,295,S3,138.0,52.960,21.43
58848,295,S3,141.0,52.348,21.43
58849,295,S3,144.0,51.953,21.43
58850,295,S3,147.0,51.574,21.43
58851,295,S3,150.0,51.026,21.43
58852,295,S3,153.0,50.728,21.43
58853,295,S3,156.0,50.367,21.43
58854,295,S3,159.0,49.922,21.43
58855,295,S3,162.0,49.527,21.43
58856,295,S3,165.0,49.069,21.43
58857,295,S3,168.0,48.617,21.43
58858,295,S3,171.0,48.311,21.43
58859,295,S3,174.0,47.966,21.43
58860,295,S3,177.0,47.542,21.43
58861,295,S3,180.0,47.202,21.43
58862,295,S3,183.0,46.783,21.43
58863,295,S3,186.0,46.418,21.43
58864,295,S3,189.0,46.086,21.43
58865,295,S3,192.0,45.769,21.43
58866,295,S3,195.0,45.382,21.43
58867,295,S3,198.0,45.010,21.43
58868,295,S3,201.0,44.704,21.43
58869,295,S3,204.0,44.292,21.43
58870,295,S3,207.0,44.108,21.43
58871,295,S3,210.0,43.828,21.43
58872,295,S3,213.0,43.513,21.43
58873,295,S3,216.0,43.165,21.43
58874,295,S3,219.0,42.746,21.43
58875,295,S3,222.0,42.484,21.43
58876,295,S3,225.0,42.250,21.43
58877,295,S3,228.0,41.915,21.43
58878,295,S3,231.0,41.745,21.43
58879,295,S3,234.0,41.471,21.43
58880,295,S3,237.0,41.099,21.43
58881,295,S3,240.0,40.791,21.43
58882,295,S3,243.0,40.546,21.43
58883,295,S3,246.0,40.163,21.43
58884,295,S3,249.0,39.917,21.43
58885,295,S3,252.0,39.737,21.43
58886,295,S3,255.0,39.388,21.43
58887,295,S3,258.0,39.202,21.43
58888,295,S3,261.0,38.889,21.43
58889,295,S3,264.0,38.682,21.43
58890,295,S3,267.0,38.474,21.43
58891,295,S3,270.0,38.171,21.43
58892,295,S3,273.0,38.000,21.43
58893,295,S3,276.0,37.776,21.43
58894,295,S3,279.0,37.496,21.43
58895,295,S3,282.0,37.254,21.43
58896,295,S3,285.0,37.068,21.43
58897,295,S3,288.0,36.820,21.43
58898,295,S3,291.0,36.623,21.43
58899,295,S3,294.0,36.343,21.43
58900,295,S3,297.0,36.191,21.43
58901,295,S3,300.0,36.035,21.43
58902,295,S3,303.0,35.751,21.43
58903,295,S3,306.0,35.572,21.43
58904,295,S3,309.0,35.407,21.43
58905,295,S3,312.0,35.093,21.43
58906,295,S3,315.0,34.957,21.43
58907,295,S3,318.0,34.792,21.43
58908,295,S3,321.0,34.585,21.43
58909,295,S3,324.0,34.390,21.43
58910,295,S3,327.0,34.293,21.43
58911,295,S3,330.0,34.018,21.43
58912,295,S3,333.0,33.818,21.43
58913,295,S3,336.0,33.817,21.43
58914,295,S3,339.0,33.535,21.43
58915,295,S3,342.0,33.285,21.43
58916,295,S3,345.0,33.103,21.43
58917,295,S3,348.0,32.967,21.43
58918,295,S3,351.0,32.893,21.43
58919,295,S3,354.0,32.651,21.43
58920,295,S3,357.0,32.498,21.43
58921,295,S3,360.0,32.372,21.43
58922,295,S3,363.0,32.198,21.43
58923,295,S3,366.0,32.038,21.43
58924,295,S3,369.0,31.897,21.43
58925,295,S3,372.0,31.729,21.43
58926,295,S3,375.0,31.703,21.43
58927,295,S3,378.0,31.508,21.43
58928,295,S3,381.0,31.399,21.43
58929,295,S3,384.0,31.198,21.43
58930,295,S3,387.0,31.112,21.43
58931,295,S3,390.0,30.874,21.43
58932,295,S3,393.0,30.749,21.43
58933,295,S3,396.0,30.677,21.43
58934,295,S3,399.0,30.485,21.43
58935,295,S3,402.0,30.376,21.43
58936,295,S3,405.0,30.235,21.43
58937,295,S3,408.0,30.108,21.43
58938,295,S3,411.0,30.024,21.43
58939,295,S3,414.0,29.883,21.43
58940,295,S3,417.0,29.680,21.43
58941,295,S3,420.0,29.724,21.43
58942,295,S3,423.0,29.534,21.43
58943,295,S3,426.0,29.387,21.43
58944,295,S3,429.0,29.347,21.43
58945,295,S3,432.0,29.299,21.43
58946,295,S3,435.0,29.059,21.43
58947,295,S3,438.0,28.989,21.43
58948,295,S3,441.0,28.907,21.43
58949,295,S3,444.0,28.700,21.43
58950,295,S3,447.0,28.709,21.43
58951,295,S3,450.0,28.576,21.43
58952,295,S3,453.0,28.494,21.43
58953,295,S3,456.0,28.276,21.43
58954,295,S3,459.0,28.310,21.43
58955,295,S3,462.0,28.101,21.43
58956,295,S3,465.0,28.048,21.43
58957,295,S3,468.0,28.051,21.43
58958,295,S3,471.0,27.980,21.43
58959,295,S3,474.0,27.901,21.43
58960,295,S3,477.0,27.731,21.43
58961,295,S3,480.0,27.635,21.43
58962,295,S3,483.0,27.493,21.43
58963,295,S3,486.0,27.311,21.43
58964,295,S3,489.0,27.366,21.43
58965,295,S3,492.0,27.263,21.43
58966,295,S3,495.0,27.254,21.43
58967,295,S3,498.0,27.101,21.43
58968,295,S3,501.0,26.965,21.43
58969,295,S3,504.0,26.884,21.43
58970,295,S3,507.0,26.832,21.43
58971,295,S3,510.0,26.815,21.43
58972,295,S3,513.0,26.717,21.43
58973,295,S3,516.0,26.652,21.43
58974,295,S3,519.0,26.509,21.43
58975,295,S3,522.0,26.525,21.43
58976,295,S3,525.0,26.473,21.43
58977,295,S3,528.0,26.361,21.43
58978,295,S3,531.0,26.295,21.43
58979,295,S3,534.0,26.253,21.43
58980,295,S3,537.0,26.134,21.43
58981,295,S3,540.0,26.061,21.43
58982,295,S3,543.0,26.008,21.43
58983,295,S3,546.0,25.913,21.43
58984,295,S3,549.0,25.907,21.43
58985,295,S3,552.0,25.846,21.43
58986,295,S3,555.0,25.733,21.43
58987,295,S3,558.0,25.674,21.43
58988,295,S3,561.0,25.660,21.43
58989,295,S3,564.0,25.531,21.43
58990,295,S3,567.0,25.476,21.43
58991,295,S3,570.0,25.437,21.43
58992,295,S3,573.0,25.311,21.43
58993,295,S3,576.0,25.404,21.43
58994,295,S3,579.0,25.270,21.43
58995,295,S3,582.0,25.249,21.43
58996,295,S3,585.0,25.128,21.43
58997,295,S3,588.0,25.182,21.43
58998,295,S3,591.0,25.099,21.43
58999,295,S3,594.0,25.021,21.43
59000,295,S3,597.0,25.028,21.43
59001,296,S4,0.0,79.949,21.88
59002,296,S4,3.0,78.830,21.88
59003,296,S4,6.0,77.562,21.88
59004,296,S4,9.0,76.526,21.88
59005,296,S4,12.0,75.301,21.88
59006,296,S4,15.0,74.374,21.88
59007,296,S4,18.0,73.259,21.88
59008,296,S4,21.0,72.212,21.88
59009,296,S4,24.0,71.297,21.88
59010,296,S4,27.0,70.299,21.88
59011,296,S4,30.0,69.310,21.88
59012,296,S4,33.0,68.297,21.88
59013,296,S4,36.0,67.384,21.88
59014,296,S4,39.0,66.380,21.88
59015,296,S4,42.0,65.521,21.88
59016,296,S4,45.0,64.700,21.88
59017,296,S4,48.0,63.857,21.88
59018,296,S4,51.0,62.937,21.88
59019,296,S4,54.0,62.144,21.88
59020,296,S4,57.0,61.404,21.88
59021,296,S4,60.0,60.522,21.88
59022,296,S4,63.0,59.744,21.88
59023,296,S4,66.0,59.057,21.88
59024,296,S4,69.0,58.312,21.88
59025,296,S4,72.0,57.568,21.88
59026,296,S4,75.0,56.767,21.88
59027,296,S4,78.0,56.094,21.88
59028,296,S4,81.0,55.394,21.88
59029,296,S4,84.0,54.828,21.88
59030,296,S4,87.0,54.162,21.88
59031,296,S4,90.0,53.414,21.88
59032,296,S4,93.0,52.814,21.88
59033,296,S4,96.0,52.213,21.88
59034,296,S4,99.0,51.626,21.88
59035,296,S4,102.0,50.934,21.88
59036,296,S4,105.0,50.383,21.88
59037,296,S4,108.0,49.834,21.88
59038,296,S4,111.0,49.206,21.88
59039,296,S4,114.0,48.720,21.88
59040,296,S4,117.0,48.117,21.88
59041,296,S4,120.0,47.609,21.88
59042,296,S4,123.0,47.130,21.88
59043,296,S4,126.0,46.640,21.88
59044,296,S4,129.0,46.082,21.88
59045,296,S4,132.0,45.643,21.88
59046,296,S4,135.0,45.108,21.88
59047,296,S4,138.0,44.628,21.88
59048,296,S4,141.0,44.227,21.88
59049,296,S4,144.0,43.727,21.88
59050,296,S4,147.0,43.206,21.88
59051,296,S4,150.0,42.853,21.88
59052,296,S4,153.0,42.535,21.88
59053,296,S4,156.0,42.050,21.88
59054,296,S4,159.0,41.561,21.88
59055,296,S4,162.0,41.280,21.88
59056,296,S4,165.0,40.873,21.88
59057,296,S4,168.0,40.487,21.88
59058,296,S4,171.0,40.092,21.88
59059,296,S4,174.0,39.758,21.88
59060,296,S4,177.0,39.366,21.88
59061,296,S4,180.0,39.038,21.88
59062,296,S4,183.0,38.630,21.88
59063,296,S4,186.0,38.331,21.88
59064,296,S4,189.0,37.898,21.88
59065,296,S4,192.0,37.529,21.88
59066,296,S4,195.0,37.426,21.88
59067,296,S4,198.0,37.050,21.88
59068,296,S4,201.0,36.717,21.88
59069,296,S4,204.0,36.394,21.88
59070,296,S4,207.0,36.179,21.88
59071,296,S4,210.0,35.945,21.88
59072,296,S4,213.0,35.535,21.88
59073,296,S4,216.0,35.386,21.88
59074,296,S4,219.0,34.929,21.88
59075,296,S4,222.0,34.747,21.88
59076,296,S4,225.0,34.535,21.88
59077,296,S4,228.0,34.186,21.88
59078,296,S4,231.0,34.064,21.88
59079,296,S4,234.0,33.738,21.88
59080,296,S4,237.0,33.465,21.88
59081,296,S4,240.0,33.188,21.88
59082,296,S4,243.0,33.076,21.88
59083,296,S4,246.0,32.851,21.88
59084,296,S4,249.0,32.604,21.88
59085,296,S4,252.0,32.310,21.88
59086,296,S4,255.0,32.133,21.88
59087,296,S4,258.0,31.988,21.88
59088,296,S4,261.0,31.813,21.88
59089,296,S4,264.0,31.549,21.88
59090,296,S4,267.0,31.416,21.88
59091,296,S4,270.0,31.193,21.88
59092,296,S4,273.0,30.969,21.88
59093,296,S4,276.0,30.857,21.88
59094,296,S4,279.0,30.542,21.88
59095,296,S4,282.0,30.537,21.88
59096,296,S4,285.0,30.306,21.88
59097,296,S4,288.0,30.180,21.88
59098,296,S4,291.0,29.981,21.88
59099,296,S4,294.0,29.807,21.88
59100,296,S4,297.0,29.653,21.88
59101,296,S4,300.0,29.476,21.88
59102,296,S4,303.0,29.375,21.88
59103,296,S4,306.0,29.067,21.88
59104,296,S4,309.0,29.039,21.88
59105,296,S4,312.0,28.927,21.88
59106,296,S4,315.0,28.765,21.88
59107,296,S4,318.0,28.597,21.88
59108,296,S4,321.0,28.518,21.88
59109,296,S4,324.0,28.422,21.88
59110,296,S4,327.0,28.136,21.88
59111,296,S4,330.0,28.069,21.88
59112,296,S4,333.0,27.847,21.88
59113,296,S4,336.0,27.821,21.88
59114,296,S4,339.0,27.700,21.88
59115,296,S4,342.0,27.618,21.88
59116,296,S4,345.0,27.520,21.88
59117,296,S4,348.0,27.370,21.88
59118,296,S4,351.0,27.351,21.88
59119,296,S4,354.0,27.104,21.88
59120,296,S4,357.0,27.012,21.88
59121,296,S4,360.0,26.983,21.88
59122,296,S4,363.0,26.867,21.88
59123,296,S4,366.0,26.839,21.88
59124,296,S4,369.0,26.589,21.88
59125,296,S4,372.0,26.579,21.88
59126,296,S4,375.0,26.488,21.88
59127,296,S4,378.0,26.365,21.88
59128,296,S4,381.0,26.272,21.88
59129,296,S4,384.0,26.187,21.88
59130,296,S4,387.0,26.145,21.88
59131,296,S4,390.0,26.074,21.88
59132,296,S4,393.0,25.936,21.88
59133,296,S4,396.0,25.843,21.88
59134,296,S4,399.0,25.668,21.88
59135,296,S4,402.0,25.696,21.88
59136,296,S4,405.0,25.571,21.88
59137,296,S4,408.0,25.544,21.88
59138,296,S4,411.0,25.502,21.88
59139,296,S4,414.0,25.425,21.88
59140,296,S4,417.0,25.309,21.88
59141,296,S4,420.0,25.244,21.88
59142,296,S4,423.0,25.115,21.88
59143,296,S4,426.0,25.106,21.88
59144,296,S4,429.0,24.999,21.88
59145,296,S4,432.0,24.928,21.88
59146,296,S4,435.0,24.895,21.88
59147,296,S4,438.0,24.886,21.88
59148,296,S4,441.0,24.798,21.88
59149,296,S4,444.0,24.697,21.88
59150,296,S4,447.0,24.659,21.88
59151,296,S4,450.0,24.631,21.88
59152,296,S4,453.0,24.608,21.88
59153,296,S4,456.0,24.499,21.88
59154,296,S4,459.0,24.391,21.88
59155,296,S4,462.0,24.430,21.88
59156,296,S4,465.0,24.414,21.88
59157,296,S4,468.0,24.355,21.88
59158,296,S4,471.0,24.255,21.88
59159,296,S4,474.0,24.219,21.88
59160,296,S4,477.0,24.122,21.88
59161,296,S4,480.0,24.160,21.88
59162,296,S4,483.0,24.131,21.88
59163,296,S4,486.0,24.072,21.88
59164,296,S4,489.0,24.068,21.88
59165,296,S4,492.0,23.918,21.88
59166,296,S4,495.0,23.910,21.88
59167,296,S4,498.0,23.789,21.88
59168,296,S4,501.0,23.924,21.88
59169,296,S4,504.0,23.739,21.88
59170,296,S4,507.0,23.704,21.88
59171,296,S4,510.0,23.712,21.88
59172,296,S4,513.0,23.687,21.88
59173,296,S4,516.0,23.619,21.88
59174,296,S4,519.0,23.621,21.88
59175,296,S4,522.0,23.662,21.88
59176,296,S4,525.0,23.650,21.88
59177,296,S4,528.0,23.513,21.88
59178,296,S4,531.0,23.444,21.88
59179,296,S4,534.0,23.364,21.88
59180,296,S4,537.0,23.370,21.88
59181,296,S4,540.0,23.469,21.88
59182,296,S4,543.0,23.360,21.88
59183,296,S4,546.0,23.204,21.88
59184,296,S4,549.0,23.267,21.88
59185,296,S4,552.0,23.225,21.88
59186,296,S4,555.0,23.299,21.88
59187,296,S4,558.0,23.173,21.88
59188,296,S4,561.0,23.163,21.88
59189,296,S4,564.0,23.154,21.88
59190,296,S4,567.0,23.088,21.88
59191,296,S4,570.0,23.101,21.88
59192,296,S4,573.0,23.103,21.88
59193,296,S4,576.0,23.076,21.88
59194,296,S4,579.0,23.085,21.88
59195,296,S4,582.0,22.993,21.88
59196,296,S4,585.0,22.917,21.88
59197,296,S4,588.0,23.016,21.88
59198,296,S4,591.0,22.942,21.88
59199,296,S4,594.0,22.940,21.88
59200,296,S4,597.0,22.916,21.88
59201,297,S1,0.0,75.010,22.41
59202,297,S1,3.0,74.208,22.41
59203,297,S1,6.0,73.234,22.41
59204,297,S1,9.0,72.373,22.41
59205,297,S1,12.0,71.401,22.41
59206,297,S1,15.0,70.600,22.41
59207,297,S1,18.0,69.729,22.41
59208,297,S1,21.0,68.905,22.41
59209,297,S1,24.0,67.968,22.41
59210,297,S1,27.0,67.182,22.41
59211,297,S1,30.0,66.466,22.41
59212,297,S1,33.0,65.558,22.41
59213,297,S1,36.0,64.844,22.41
59214,297,S1,39.0,64.129,22.41
59215,297,S1,42.0,63.335,22.41
59216,297,S1,45.0,62.531,22.41
59217,297,S1,48.0,61.906,22.41
59218,297,S1,51.0,61.083,22.41
59219,297,S1,54.0,60.453,22.41
59220,297,S1,57.0,59.806,22.41
59221,297,S1,60.0,59.154,22.41
59222,297,S1,63.0,58.507,22.41
59223,297,S1,66.0,57.722,22.41
59224,297,S1,69.0,57.206,22.41
59225,297,S1,72.0,56.537,22.41
59226,297,S1,75.0,55.947,22.41
59227,297,S1,78.0,55.428,22.41
59228,297,S1,81.0,54.774,22.41
59229,297,S1,84.0,54.099,22.41
59230,297,S1,87.0,53.634,22.41
59231,297,S1,90.0,53.085,22.41
59232,297,S1,93.0,52.483,22.41
59233,297,S1,96.0,51.858,22.41
59234,297,S1,99.0,51.461,22.41
59235,297,S1,102.0,50.901,22.41
59236,297,S1,105.0,50.353,22.41
59237,297,S1,108.0,49.868,22.41
59238,297,S1,111.0,49.418,22.41
59239,297,S1,114.0,48.926,22.41
59240,297,S1,117.0,48.475,22.41
59241,297,S1,120.0,48.017,22.41
59242,297,S1,123.0,47.548,22.41
59243,297,S1,126.0,46.989,22.41
59244,297,S1,129.0,46.748,22.41
59245,297,S1,132.0,46.182,22.41
59246,297,S1,135.0,45.866,22.41
59247,297,S1,138.0,45.332,22.41
59248,297,S1,141.0,44.904,22.41
59249,297,S1,144.0,44.578,22.41
59250,297,S1,147.0,44.155,22.41
59251,297,S1,150.0,43.718,22.41
59252,297,S1,153.0,43.358,22.41
59253,297,S1,156.0,42.998,22.41
59254,297,S1,159.0,42.658,22.41
59255,297,S1,162.0,42.257,22.41
59256,297,S1,165.0,41.930,22.41
59257,297,S1,168.0,41.508,22.41
59258,297,S1,171.0,41.173,22.41
59259,297,S1,174.0,40.929,22.41
59260,297,S1,177.0,40.528,22.41
59261,297,S1,180.0,40.232,22.41
59262,297,S1,183.0,40.016,22.41
59263,297,S1,186.0,39.504,22.41
59264,297,S1,189.0,39.281,22.41
59265,297,S1,192.0,38.960,22.41
59266,297,S1,195.0,38.737,22.41
59267,297,S1,198.0,38.450,22.41
59268,297,S1,201.0,38.122,22.41
59269,297,S1,204.0,37.795,22.41
59270,297,S1,207.0,37.579,22.41
59271,297,S1,210.0,37.244,22.41
59272,297,S1,213.0,37.010,22.41
59273,297,S1,216.0,36.697,22.41
59274,297,S1,219.0,36.479,22.41
59275,297,S1,222.0,36.230,22.41
59276,297,S1,225.0,36.008,22.41
59277,297,S1,228.0,35.718,22.41
59278,297,S1,231.0,35.511,22.41
59279,297,S1,234.0,35.298,22.41
59280,297,S1,237.0,35.047,22.41
59281,297,S1,240.0,34.826,22.41
59282,297,S1,243.0,34.655,22.41
59283,297,S1,246.0,34.379,22.41
59284,297,S1,249.0,34.213,22.41
59285,297,S1,252.0,33.977,22.41
59286,297,S1,255.0,33.731,22.41
59287,297,S1,258.0,33.534,22.41
59288,297,S1,261.0,33.350,22.41
59289,297,S1,264.0,33.205,22.41
59290,297,S1,267.0,33.023,22.41
59291,297,S1,270.0,32.749,22.41
59292,297,S1,273.0,32.660,22.41
59293,297,S1,276.0,32.496,22.41
59294,297,S1,279.0,32.383,22.41
59295,297,S1,282.0,31.978,22.41
59296,297,S1,285.0,31.951,22.41
59297,297,S1,288.0,31.731,22.41
59298,297,S1,291.0,31.538,22.41
59299,297,S1,294.0,31.336,22.41
59300,297,S1,297.0,31.143,22.41
59301,297,S1,300.0,31.147,22.41
59302,297,S1,303.0,30.915,22.41
59303,297,S1,306.0,30.722,22.41
59304,297,S1,309.0,30.574,22.41
59305,297,S1,312.0,30.499,22.41
59306,297,S1,315.0,30.310,22.41
59307,297,S1,318.0,30.087,22.41
59308,297,S1,321.0,30.012,22.41
59309,297,S1,324.0,29.888,22.41
59310,297,S1,327.0,29.703,22.41
59311,297,S1,330.0,29.583,22.41
59312,297,S1,333.0,29.534,22.41
59313,297,S1,336.0,29.324,22.41
59314,297,S1,339.0,29.190,22.41
59315,297,S1,342.0,29.203,22.41
59316,297,S1,345.0,28.957,22.41
59317,297,S1,348.0,28.882,22.41
59318,297,S1,351.0,28.798,22.41
59319,297,S1,354.0,28.642,22.41
59320,297,S1,357.0,28.522,22.41
59321,297,S1,360.0,28.501,22.41
59322,297,S1,363.0,28.333,22.41
59323,297,S1,366.0,28.224,22.41
59324,297,S1,369.0,28.129,22.41
59325,297,S1,372.0,28.058,22.41
59326,297,S1,375.0,27.950,22.41
59327,297,S1,378.0,27.883,22.41
59328,297,S1,381.0,27.685,22.41
59329,297,S1,384.0,27.581,22.41
59330,297,S1,387.0,27.664,22.41
59331,297,S1,390.0,27.566,22.41
59332,297,S1,393.0,27.322,22.41
59333,297,S1,396.0,27.224,22.41
59334,297,S1,399.0,27.160,22.41
59335,297,S1,402.0,27.161,22.41
59336,297,S1,405.0,26.941,22.41
59337,297,S1,408.0,26.867,22.41
59338,297,S1,411.0,26.907,22.41
59339,297,S1,414.0,26.779,22.41
59340,297,S1,417.0,26.676,22.41
59341,297,S1,420.0,26.577,22.41
59342,297,S1,423.0,26.429,22.41
59343,297,S1,426.0,26.444,22.41
59344,297,S1,429.0,26.311,22.41
59345,297,S1,432.0,26.393,22.41
59346,297,S1,435.0,26.280,22.41
59347,297,S1,438.0,26.213,22.41
59348,297,S1,441.0,26.193,22.41
59349,297,S1,444.0,25.970,22.41
59350,297,S1,447.0,26.046,22.41
59351,297,S1,450.0,25.933,22.41
59352,297,S1,453.0,25.880,22.41
59353,297,S1,456.0,25.821,22.41
59354,297,S1,459.0,25.766,22.41
59355,297,S1,462.0,25.664,22.41
59356,297,S1,465.0,25.635,22.41
59357,297,S1,468.0,25.514,22.41
59358,297,S1,471.0,25.521,22.41
59359,297,S1,474.0,25.553,22.41
59360,297,S1,477.0,25.479,22.41
59361,297,S1,480.0,25.418,22.41
59362,297,S1,483.0,25.249,22.41
59363,297,S1,486.0,25.241,22.41
59364,297,S1,489.0,25.209,22.41
59365,297,S1,492.0,25.163,22.41
59366,297,S1,495.0,25.093,22.41
59367,297,S1,498.0,25.032,22.41
59368,297,S1,501.0,25.026,22.41
59369,297,S1,504.0,25.017,22.41
59370,297,S1,507.0,24.846,22.41
59371,297,S1,510.0,24.812,22.41
59372,297,S1,513.0,24.864,22.41
59373,297,S1,516.0,24.747,22.41
59374,297,S1,519.0,24.632,22.41
59375,297,S1,522.0,24.698,22.41
59376,297,S1,525.0,24.598,22.41
59377,297,S1,528.0,24.532,22.41
59378,297,S1,531.0,24.499,22.41
59379,297,S1,534.0,24.580,22.41
59380,297,S1,537.0,24.506,22.41
59381,297,S1,540.0,24.488,22.41
59382,297,S1,543.0,24.445,22.41
59383,297,S1,546.0,24.362,22.41
59384,297,S1,549.0,24.307,22.41
59385,297,S1,552.0,24.377,22.41
59386,297,S1,555.0,24.340,22.41
59387,297,S1,558.0,24.277,22.41
59388,297,S1,561.0,24.243,22.41
59389,297,S1,564.0,24.189,22.41
59390,297,S1,567.0,24.103,22.41
59391,297,S1,570.0,24.134,22.41
59392,297,S1,573.0,24.117,22.41
59393,297,S1,576.0,24.026,22.41
59394,297,S1,579.0,23.928,22.41
59395,297,S1,582.0,24.018,22.41
59396,297,S1,585.0,23.928,22.41
59397,297,S1,588.0,23.925,22.41
59398,297,S1,591.0,23.906,22.41
59399,297,S1,594.0,23.898,22.41
59400,297,S1,597.0,23.847,22.41
59401,298,S2,0.0,88.035,21.74
59402,298,S2,3.0,87.144,21.74
59403,298,S2,6.0,86.373,21.74
59404,298,S2,9.0,85.422,21.74
59405,298,S2,12.0,84.678,21.74
59406,298,S2,15.0,83.829,21.74
59407,298,S2,18.0,82.949,21.74
59408,298,S2,21.0,82.233,21.74
59409,298,S2,24.0,81.450,21.74
59410,298,S2,27.0,80.668,21.74
59411,298,S2,30.0,79.922,21.74
59412,298,S2,33.0,79.050,21.74
59413,298,S2,36.0,78.410,21.74
59414,298,S2,39.0,77.628,21.74
59415,298,S2,42.0,76.830,21.74
59416,298,S2,45.0,76.256,21.74
59417,298,S2,48.0,75.431,21.74
59418,298,S2,51.0,74.725,21.74
59419,298,S2,54.0,74.110,21.74
59420,298,S2,57.0,73.391,21.74
59421,298,S2,60.0,72.707,21.74
59422,298,S2,63.0,72.036,21.74
59423,298,S2,66.0,71.447,21.74
59424,298,S2,69.0,70.737,21.74
59425,298,S2,72.0,70.162,21.74
59426,298,S2,75.0,69.435,21.74
59427,298,S2,78.0,68.798,21.74
59428,298,S2,81.0,68.282,21.74
59429,298,S2,84.0,67.553,21.74
59430,298,S2,87.0,67.036,21.74
59431,298,S2,90.0,66.418,21.74
59432,298,S2,93.0,65.995,21.74
59433,298,S2,96.0,65.307,21.74
59434,298,S2,99.0,64.765,21.74
59435,298,S2,102.0,64.200,21.74
59436,298,S2,105.0,63.521,21.74
59437,298,S2,108.0,63.016,21.74
59438,298,S2,111.0,62.466,21.74
59439,298,S2,114.0,62.036,21.74
59440,298,S2,117.0,61.458,21.74
59441,298,S2,120.0,60.904,21.74
59442,298,S2,123.0,60.331,21.74
59443,298,S2,126.0,59.914,21.74
59444,298,S2,129.0,59.425,21.74
59445,298,S2,132.0,58.912,21.74
59446,298,S2,135.0,58.471,21.74
59447,298,S2,138.0,57.984,21.74
59448,298,S2,141.0,57.482,21.74
59449,298,S2,144.0,56.948,21.74
59450,298,S2,147.0,56.579,21.74
59451,298,S2,150.0,56.163,21.74
59452,298,S2,153.0,55.543,21.74
59453,298,S2,156.0,55.330,21.74
59454,298,S2,159.0,54.824,21.74
59455,298,S2,162.0,54.368,21.74
59456,298,S2,165.0,53.962,21.74
59457,298,S2,168.0,53.425,21.74
59458,298,S2,171.0,53.135,21.74
59459,298,S2,174.0,52.589,21.74
59460,298,S2,177.0,52.270,21.74
59461,298,S2,180.0,51.908,21.74
59462,298,S2,183.0,51.374,21.74
59463,298,S2,186.0,51.122,21.74
59464,298,S2,189.0,50.746,21.74
59465,298,S2,192.0,50.352,21.74
59466,298,S2,195.0,50.013,21.74
59467,298,S2,198.0,49.598,21.74
59468,298,S2,201.0,49.203,21.74
59469,298,S2,204.0,48.906,21.74
59470,298,S2,207.0,48.635,21.74
59471,298,S2,210.0,48.212,21.74
59472,298,S2,213.0,47.740,21.74
59473,298,S2,216.0,47.495,21.74
59474,298,S2,219.0,47.108,21.74
59475,298,S2,222.0,46.883,21.74
59476,298,S2,225.0,46.502,21.74
59477,298,S2,228.0,46.136,21.74
59478,298,S2,231.0,45.791,21.74
59479,298,S2,234.0,45.499,21.74
59480,298,S2,237.0,45.196,21.74
59481,298,S2,240.0,44.799,21.74
59482,298,S2,243.0,44.658,21.74
59483,298,S2,246.0,44.383,21.74
59484,298,S2,249.0,44.001,21.74
59485,298,S2,252.0,43.708,21.74
59486,298,S2,255.0,43.495,21.74
59487,298,S2,258.0,43.161,21.74
59488,298,S2,261.0,42.854,21.74
59489,298,S2,264.0,42.658,21.74
59490,298,S2,267.0,42.382,21.74
59491,298,S2,270.0,42.180,21.74
59492,298,S2,273.0,41.805,21.74
59493,298,S2,276.0,41.553,21.74
59494,298,S2,279.0,41.203,21.74
59495,298,S2,282.0,40.986,21.74
59496,298,S2,285.0,40.696,21.74
59497,298,S2,288.0,40.600,21.74
59498,298,S2,291.0,40.341,21.74
59499,298,S2,294.0,39.951,21.74
59500,298,S2,297.0,39.845,21.74
59501,298,S2,300.0,39.490,21.74
59502,298,S2,303.0,39.327,21.74
59503,298,S2,306.0,39.095,21.74
59504,298,S2,309.0,38.856,21.74
59505,298,S2,312.0,38.742,21.74
59506,298,S2,315.0,38.396,21.74
59507,298,S2,318.0,38.262,21.74
59508,298,S2,321.0,37.919,21.74
59509,298,S2,324.0,37.770,21.74
59510,298,S2,327.0,37.469,21.74
59511,298,S2,330.0,37.362,21.74
59512,298,S2,333.0,37.137,21.74
59513,298,S2,336.0,36.991,21.74
59514,298,S2,339.0,36.774,21.74
59515,298,S2,342.0,36.639,21.74
59516,298,S2,345.0,36.399,21.74
59517,298,S2,348.0,36.239,21.74
59518,298,S2,351.0,35.965,21.74
59519,298,S2,354.0,35.794,21.74
59520,298,S2,357.0,35.606,21.74
59521,298,S2,360.0,35.392,21.74
59522,298,S2,363.0,35.240,21.74
59523,298,S2,366.0,35.006,21.74
59524,298,S2,369.0,34.848,21.74
59525,298,S2,372.0,34.698,21.74
59526,298,S2,375.0,34.470,21.74
59527,298,S2,378.0,34.508,21.74
59528,298,S2,381.0,34.258,21.74
59529,298,S2,384.0,34.089,21.74
59530,298,S2,387.0,33.956,21.74
59531,298,S2,390.0,33.755,21.74
59532,298,S2,393.0,33.644,21.74
59533,298,S2,396.0,33.492,21.74
59534,298,S2,399.0,33.250,21.74
59535,298,S2,402.0,33.097,21.74
59536,298,S2,405.0,33.006,21.74
59537,298,S2,408.0,32.858,21.74
59538,298,S2,411.0,32.689,21.74
59539,298,S2,414.0,32.649,21.74
59540,298,S2,417.0,32.442,21.74
59541,298,S2,420.0,32.203,21.74
59542,298,S2,423.0,32.202,21.74
59543,298,S2,426.0,31.998,21.74
59544,298,S2,429.0,31.899,21.74
59545,298,S2,432.0,31.726,21.74
59546,298,S2,435.0,31.681,21.74
59547,298,S2,438.0,31.439,21.74
59548,298,S2,441.0,31.363,21.74
59549,298,S2,444.0,31.251,21.74
59550,298,S2,447.0,31.141,21.74
59551,298,S2,450.0,31.071,21.74
59552,298,S2,453.0,30.861,21.74
59553,298,S2,456.0,30.708,21.74
59554,298,S2,459.0,30.532,21.74
59555,298,S2,462.0,30.533,21.74
59556,298,S2,465.0,30.449,21.74
59557,298,S2,468.0,30.221,21.74
59558,298,S2,471.0,30.264,21.74
59559,298,S2,474.0,30.002,21.74
59560,298,S2,477.0,29.955,21.74
59561,298,S2,480.0,29.805,21.74
59562,298,S2,483.0,29.701,21.74
59563,298,S2,486.0,29.688,21.74
59564,298,S2,489.0,29.564,21.74
59565,298,S2,492.0,29.408,21.74
59566,298,S2,495.0,29.290,21.74
59567,298,S2,498.0,29.183,21.74
59568,298,S2,501.0,29.131,21.74
59569,298,S2,504.0,29.023,21.74
59570,298,S2,507.0,28.950,21.74
59571,298,S2,510.0,28.899,21.74
59572,298,S2,513.0,28.799,21.74
59573,298,S2,516.0,28.650,21.74
59574,298,S2,519.0,28.587,21.74
59575,298,S2,522.0,28.442,21.74
59576,298,S2,525.0,28.415,21.74
59577,298,S2,528.0,28.379,21.74
59578,298,S2,531.0,28.200,21.74
59579,298,S2,534.0,28.179,21.74
59580,298,S2,537.0,27.997,21.74
59581,298,S2,540.0,28.016,21.74
59582,298,S2,543.0,27.875,21.74
59583,298,S2,546.0,27.808,21.74
59584,298,S2,549.0,27.724,21.74
59585,298,S2,552.0,27.667,21.74
59586,298,S2,555.0,27.664,21.74
59587,298,S2,558.0,27.440,21.74
59588,298,S2,561.0,27.432,21.74
59589,298,S2,564.0,27.399,21.74
59590,298,S2,567.0,27.239,21.74
59591,298,S2,570.0,27.195,21.74
59592,298,S2,573.0,27.179,21.74
59593,298,S2,576.0,27.058,21.74
59594,298,S2,579.0,26.901,21.74
59595,298,S2,582.0,26.916,21.74
59596,298,S2,585.0,26.857,21.74
59597,298,S2,588.0,26.770,21.74
59598,298,S2,591.0,26.718,21.74
59599,298,S2,594.0,26.703,21.74
59600,298,S2,597.0,26.543,21.74
59601,299,S3,0.0,82.698,20.80
59602,299,S3,3.0,81.615,20.80
59603,299,S3,6.0,80.768,20.80
59604,299,S3,9.0,79.633,20.80
59605,299,S3,12.0,78.723,20.80
59606,299,S3,15.0,77.837,20.80
59607,299,S3,18.0,76.819,20.80
59608,299,S3,21.0,75.977,20.80
59609,299,S3,24.0,75.160,20.80
59610,299,S3,27.0,74.232,20.80
59611,299,S3,30.0,73.294,20.80
59612,299,S3,33.0,72.529,20.80
59613,299,S3,36.0,71.558,20.80
59614,299,S3,39.0,70.732,20.80
59615,299,S3,42.0,69.950,20.80
59616,299,S3,45.0,69.160,20.80
59617,299,S3,48.0,68.345,20.80
59618,299,S3,51.0,67.555,20.80
59619,299,S3,54.0,66.675,20.80
59620,299,S3,57.0,66.059,20.80
59621,299,S3,60.0,65.238,20.80
59622,299,S3,63.0,64.528,20.80
59623,299,S3,66.0,63.867,20.80
59624,299,S3,69.0,63.134,20.80
59625,299,S3,72.0,62.455,20.80
59626,299,S3,75.0,61.757,20.80
59627,299,S3,78.0,61.153,20.80
59628,299,S3,81.0,60.370,20.80
59629,299,S3,84.0,59.758,20.80
59630,299,S3,87.0,59.170,20.80
59631,299,S3,90.0,58.503,20.80
59632,299,S3,93.0,57.914,20.80
59633,299,S3,96.0,57.269,20.80
59634,299,S3,99.0,56.688,20.80
59635,299,S3,102.0,56.102,20.80
59636,299,S3,105.0,55.516,20.80
59637,299,S3,108.0,54.928,20.80
59638,299,S3,111.0,54.445,20.80
59639,299,S3,114.0,53.821,20.80
59640,299,S3,117.0,53.353,20.80
59641,299,S3,120.0,52.859,20.80
59642,299,S3,123.0,52.287,20.80
59643,299,S3,126.0,51.720,20.80
59644,299,S3,129.0,51.211,20.80
59645,299,S3,132.0,50.746,20.80
59646,299,S3,135.0,50.295,20.80
59647,299,S3,138.0,49.732,20.80
59648,299,S3,141.0,49.377,20.80
59649,299,S3,144.0,48.880,20.80
59650,299,S3,147.0,48.314,20.80
59651,299,S3,150.0,47.857,20.80
59652,299,S3,153.0,47.388,20.80
59653,299,S3,156.0,46.928,20.80
59654,299,S3,159.0,46.618,20.80
59655,299,S3,162.0,46.084,20.80
59656,299,S3,165.0,45.786,20.80
59657,299,S3,168.0,45.311,20.80
59658,299,S3,171.0,44.929,20.80
59659,299,S3,174.0,44.530,20.80
59660,299,S3,177.0,44.198,20.80
59661,299,S3,180.0,43.721,20.80
59662,299,S3,183.0,43.487,20.80
59663,299,S3,186.0,43.060,20.80
59664,299,S3,189.0,42.660,20.80
59665,299,S3,192.0,42.366,20.80
59666,299,S3,195.0,41.963,20.80
59667,299,S3,198.0,41.567,20.80
59668,299,S3,201.0,41.351,20.80
59669,299,S3,204.0,40.895,20.80
59670,299,S3,207.0,40.444,20.80
59671,299,S3,210.0,40.221,20.80
59672,299,S3,213.0,40.028,20.80
59673,299,S3,216.0,39.635,20.80
59674,299,S3,219.0,39.315,20.80
59675,299,S3,222.0,39.039,20.80
59676,299,S3,225.0,38.686,20.80
59677,299,S3,228.0,38.377,20.80
59678,299,S3,231.0,38.131,20.80
59679,299,S3,234.0,37.949,20.80
59680,299,S3,237.0,37.693,20.80
59681,299,S3,240.0,37.287,20.80
59682,299,S3,243.0,37.004,20.80
59683,299,S3,246.0,36.839,20.80
59684,299,S3,249.0,36.597,20.80
59685,299,S3,252.0,36.250,20.80
59686,299,S3,255.0,36.020,20.80
59687,299,S3,258.0,35.808,20.80
59688,299,S3,261.0,35.385,20.80
59689,299,S3,264.0,35.315,20.80
59690,299,S3,267.0,35.072,20.80
59691,299,S3,270.0,34.811,20.80
59692,299,S3,273.0,34.480,20.80
59693,299,S3,276.0,34.395,20.80
59694,299,S3,279.0,34.091,20.80
59695,299,S3,282.0,33.933,20.80
59696,299,S3,285.0,33.591,20.80
59697,299,S3,288.0,33.488,20.80
59698,299,S3,291.0,33.303,20.80
59699,299,S3,294.0,33.076,20.80
59700,299,S3,297.0,32.927,20.80
59701,299,S3,300.0,32.713,20.80
59702,299,S3,303.0,32.460,20.80
59703,299,S3,306.0,32.368,20.80
59704,299,S3,309.0,32.027,20.80
59705,299,S3,312.0,31.923,20.80
59706,299,S3,315.0,31.809,20.80
59707,299,S3,318.0,31.567,20.80
59708,299,S3,321.0,31.413,20.80
59709,299,S3,324.0,31.180,20.80
59710,299,S3,327.0,31.026,20.80
59711,299,S3,330.0,30.860,20.80
59712,299,S3,333.0,30.644,20.80
59713,299,S3,336.0,30.600,20.80
59714,299,S3,339.0,30.400,20.80
59715,299,S3,342.0,30.199,20.80
59716,299,S3,345.0,30.140,20.80
59717,299,S3,348.0,29.944,20.80
59718,299,S3,351.0,29.770,20.80
59719,299,S3,354.0,29.685,20.80
59720,299,S3,357.0,29.426,20.80
59721,299,S3,360.0,29.345,20.80
59722,299,S3,363.0,29.156,20.80
59723,299,S3,366.0,29.078,20.80
59724,299,S3,369.0,28.912,20.80
59725,299,S3,372.0,28.814,20.80
59726,299,S3,375.0,28.559,20.80
59727,299,S3,378.0,28.589,20.80
59728,299,S3,381.0,28.358,20.80
59729,299,S3,384.0,28.263,20.80
59730,299,S3,387.0,28.133,20.80
59731,299,S3,390.0,28.031,20.80
59732,299,S3,393.0,27.913,20.80
59733,299,S3,396.0,27.771,20.80
59734,299,S3,399.0,27.600,20.80
59735,299,S3,402.0,27.581,20.80
59736,299,S3,405.0,27.555,20.80
59737,299,S3,408.0,27.386,20.80
59738,299,S3,411.0,27.134,20.80
59739,299,S3,414.0,27.082,20.80
59740,299,S3,417.0,26.942,20.80
59741,299,S3,420.0,26.864,20.80
59742,299,S3,423.0,26.828,20.80
59743,299,S3,426.0,26.666,20.80
59744,299,S3,429.0,26.705,20.80
59745,299,S3,432.0,26.533,20.80
59746,299,S3,435.0,26.503,20.80
59747,299,S3,438.0,26.432,20.80
59748,299,S3,441.0,26.199,20.80
59749,299,S3,444.0,26.147,20.80
59750,299,S3,447.0,26.157,20.80
59751,299,S3,450.0,26.010,20.80
59752,299,S3,453.0,25.861,20.80
59753,299,S3,456.0,25.759,20.80
59754,299,S3,459.0,25.698,20.80
59755,299,S3,462.0,25.742,20.80
59756,299,S3,465.0,25.546,20.80
59757,299,S3,468.0,25.579,20.80
59758,299,S3,471.0,25.479,20.80
59759,299,S3,474.0,25.342,20.80
59760,299,S3,477.0,25.189,20.80
59761,299,S3,480.0,25.140,20.80
59762,299,S3,483.0,25.220,20.80
59763,299,S3,486.0,25.071,20.80
59764,299,S3,489.0,25.025,20.80
59765,299,S3,492.0,24.992,20.80
59766,299,S3,495.0,24.893,20.80
59767,299,S3,498.0,24.817,20.80
59768,299,S3,501.0,24.742,20.80
59769,299,S3,504.0,24.710,20.80
59770,299,S3,507.0,24.592,20.80
59771,299,S3,510.0,24.523,20.80
59772,299,S3,513.0,24.367,20.80
59773,299,S3,516.0,24.439,20.80
59774,299,S3,519.0,24.384,20.80
59775,299,S3,522.0,24.321,20.80
59776,299,S3,525.0,24.298,20.80
59777,299,S3,528.0,24.197,20.80
59778,299,S3,531.0,24.208,20.80
59779,299,S3,534.0,24.138,20.80
59780,299,S3,537.0,24.009,20.80
59781,299,S3,540.0,23.980,20.80
59782,299,S3,543.0,23.825,20.80
59783,299,S3,546.0,23.792,20.80
59784,299,S3,549.0,23.867,20.80
59785,299,S3,552.0,23.747,20.80
59786,299,S3,555.0,23.678,20.80
59787,299,S3,558.0,23.603,20.80
59788,299,S3,561.0,23.446,20.80
59789,299,S3,564.0,23.535,20.80
59790,299,S3,567.0,23.459,20.80
59791,299,S3,570.0,23.468,20.80
59792,299,S3,573.0,23.481,20.80
59793,299,S3,576.0,23.377,20.80
59794,299,S3,579.0,23.330,20.80
59795,299,S3,582.0,23.264,20.80
59796,299,S3,585.0,23.312,20.80
59797,299,S3,588.0,23.427,20.80
59798,299,S3,591.0,23.260,20.80
59799,299,S3,594.0,23.144,20.80
59800,299,S3,597.0,23.066,20.80
59801,300,S4,0.0,75.911,22.36
59802,300,S4,3.0,75.211,22.36
59803,300,S4,6.0,74.502,22.36
59804,300,S4,9.0,73.750,22.36
59805,300,S4,12.0,73.061,22.36
59806,300,S4,15.0,72.233,22.36
59807,300,S4,18.0,71.622,22.36
59808,300,S4,21.0,70.934,22.36
59809,300,S4,24.0,70.265,22.36
59810,300,S4,27.0,69.603,22.36
59811,300,S4,30.0,68.919,22.36
59812,300,S4,33.0,68.287,22.36
59813,300,S4,36.0,67.705,22.36
59814,300,S4,39.0,66.989,22.36
59815,300,S4,42.0,66.430,22.36
59816,300,S4,45.0,65.822,22.36
59817,300,S4,48.0,65.201,22.36
59818,300,S4,51.0,64.591,22.36
59819,300,S4,54.0,63.975,22.36
59820,300,S4,57.0,63.317,22.36
59821,300,S4,60.0,62.827,22.36
59822,300,S4,63.0,62.326,22.36
59823,300,S4,66.0,61.720,22.36
59824,300,S4,69.0,61.118,22.36
59825,300,S4,72.0,60.594,22.36
59826,300,S4,75.0,60.081,22.36
59827,300,S4,78.0,59.561,22.36
59828,300,S4,81.0,59.037,22.36
59829,300,S4,84.0,58.537,22.36
59830,300,S4,87.0,57.958,22.36
59831,300,S4,90.0,57.551,22.36
59832,300,S4,93.0,57.034,22.36
59833,300,S4,96.0,56.567,22.36
59834,300,S4,99.0,56.029,22.36
59835,300,S4,102.0,55.597,22.36
59836,300,S4,105.0,55.193,22.36
59837,300,S4,108.0,54.643,22.36
59838,300,S4,111.0,54.301,22.36
59839,300,S4,114.0,53.715,22.36
59840,300,S4,117.0,53.295,22.36
59841,300,S4,120.0,52.903,22.36
59842,300,S4,123.0,52.507,22.36
59843,300,S4,126.0,52.160,22.36
59844,300,S4,129.0,51.659,22.36
59845,300,S4,132.0,51.208,22.36
59846,300,S4,135.0,50.805,22.36
59847,300,S4,138.0,50.388,22.36
59848,300,S4,141.0,50.117,22.36
59849,300,S4,144.0,49.701,22.36
59850,300,S4,147.0,49.240,22.36
59851,300,S4,150.0,48.935,22.36
59852,300,S4,153.0,48.505,22.36
59853,300,S4,156.0,48.237,22.36
59854,300,S4,159.0,47.843,22.36
59855,300,S4,162.0,47.404,22.36
59856,300,S4,165.0,47.094,22.36
59857,300,S4,168.0,46.765,22.36
59858,300,S4,171.0,46.441,22.36
59859,300,S4,174.0,46.034,22.36
59860,300,S4,177.0,45.686,22.36
59861,300,S4,180.0,45.435,22.36
59862,300,S4,183.0,45.159,22.36
59863,300,S4,186.0,44.753,22.36
59864,300,S4,189.0,44.594,22.36
59865,300,S4,192.0,44.231,22.36
59866,300,S4,195.0,43.953,22.36
59867,300,S4,198.0,43.485,22.36
59868,300,S4,201.0,43.376,22.36
59869,300,S4,204.0,42.956,22.36
59870,300,S4,207.0,42.656,22.36
59871,300,S4,210.0,42.357,22.36
59872,300,S4,213.0,42.184,22.36
59873,300,S4,216.0,41.861,22.36
59874,300,S4,219.0,41.595,22.36
59875,300,S4,222.0,41.347,22.36
59876,300,S4,225.0,40.955,22.36
59877,300,S4,228.0,40.734,22.36
59878,300,S4,231.0,40.566,22.36
59879,300,S4,234.0,40.275,22.36
59880,300,S4,237.0,39.981,22.36
59881,300,S4,240.0,39.912,22.36
59882,300,S4,243.0,39.559,22.36
59883,300,S4,246.0,39.366,22.36
59884,300,S4,249.0,39.099,22.36
59885,300,S4,252.0,38.869,22.36
59886,300,S4,255.0,38.555,22.36
59887,300,S4,258.0,38.343,22.36
59888,300,S4,261.0,38.198,22.36
59889,300,S4,264.0,37.927,22.36
59890,300,S4,267.0,37.742,22.36
59891,300,S4,270.0,37.551,22.36
59892,300,S4,273.0,37.328,22.36
59893,300,S4,276.0,37.072,22.36
59894,300,S4,279.0,36.897,22.36
59895,300,S4,282.0,36.707,22.36
59896,300,S4,285.0,36.430,22.36
59897,300,S4,288.0,36.307,22.36
59898,300,S4,291.0,36.012,22.36
59899,300,S4,294.0,35.860,22.36
59900,300,S4,297.0,35.808,22.36
59901,300,S4,300.0,35.537,22.36
59902,300,S4,303.0,35.362,22.36
59903,300,S4,306.0,35.184,22.36
59904,300,S4,309.0,34.948,22.36
59905,300,S4,312.0,34.852,22.36
59906,300,S4,315.0,34.631,22.36
59907,300,S4,318.0,34.495,22.36
59908,300,S4,321.0,34.265,22.36
59909,300,S4,324.0,34.076,22.36
59910,300,S4,327.0,33.956,22.36
59911,300,S4,330.0,33.762,22.36
59912,300,S4,333.0,33.599,22.36
59913,300,S4,336.0,33.407,22.36
59914,300,S4,339.0,33.357,22.36
59915,300,S4,342.0,33.200,22.36
59916,300,S4,345.0,33.003,22.36
59917,300,S4,348.0,32.769,22.36
59918,300,S4,351.0,32.723,22.36
59919,300,S4,354.0,32.602,22.36
59920,300,S4,357.0,32.455,22.36
59921,300,S4,360.0,32.349,22.36
59922,300,S4,363.0,32.112,22.36
59923,300,S4,366.0,32.026,22.36
59924,300,S4,369.0,31.888,22.36
59925,300,S4,372.0,31.660,22.36
59926,300,S4,375.0,31.645,22.36
59927,300,S4,378.0,31.428,22.36
59928,300,S4,381.0,31.351,22.36
59929,300,S4,384.0,31.259,22.36
59930,300,S4,387.0,31.150,22.36
59931,300,S4,390.0,30.933,22.36
59932,300,S4,393.0,30.846,22.36
59933,300,S4,396.0,30.693,22.36
59934,300,S4,399.0,30.640,22.36
59935,300,S4,402.0,30.520,22.36
59936,300,S4,405.0,30.440,22.36
59937,300,S4,408.0,30.355,22.36
59938,300,S4,411.0,30.134,22.36
59939,300,S4,414.0,30.030,22.36
59940,300,S4,417.0,29.941,22.36
59941,300,S4,420.0,29.887,22.36
59942,300,S4,423.0,29.735,22.36
59943,300,S4,426.0,29.686,22.36
59944,300,S4,429.0,29.662,22.36
59945,300,S4,432.0,29.516,22.36
59946,300,S4,435.0,29.396,22.36
59947,300,S4,438.0,29.258,22.36
59948,300,S4,441.0,29.157,22.36
59949,300,S4,444.0,29.066,22.36
59950,300,S4,447.0,28.972,22.36
59951,300,S4,450.0,28.846,22.36
59952,300,S4,453.0,28.828,22.36
59953,300,S4,456.0,28.743,22.36
59954,300,S4,459.0,28.642,22.36
59955,300,S4,462.0,28.554,22.36
59956,300,S4,465.0,28.384,22.36
59957,300,S4,468.0,28.342,22.36
59958,300,S4,471.0,28.332,22.36
59959,300,S4,474.0,28.253,22.36
59960,300,S4,477.0,28.199,22.36
59961,300,S4,480.0,27.993,22.36
59962,300,S4,483.0,27.890,22.36
59963,300,S4,486.0,27.880,22.36
59964,300,S4,489.0,27.803,22.36
59965,300,S4,492.0,27.807,22.36
59966,300,S4,495.0,27.721,22.36
59967,300,S4,498.0,27.553,22.36
59968,300,S4,501.0,27.488,22.36
59969,300,S4,504.0,27.444,22.36
59970,300,S4,507.0,27.422,22.36
59971,300,S4,510.0,27.349,22.36
59972,300,S4,513.0,27.246,22.36
59973,300,S4,516.0,27.238,22.36
59974,300,S4,519.0,27.149,22.36
59975,300,S4,522.0,27.072,22.36
59976,300,S4,525.0,26.909,22.36
59977,300,S4,528.0,26.805,22.36
59978,300,S4,531.0,26.886,22.36
59979,300,S4,534.0,26.673,22.36
59980,300,S4,537.0,26.669,22.36
59981,300,S4,540.0,26.587,22.36
59982,300,S4,543.0,26.576,22.36
59983,300,S4,546.0,26.526,22.36
59984,300,S4,549.0,26.425,22.36
59985,300,S4,552.0,26.401,22.36
59986,300,S4,555.0,26.389,22.36
59987,300,S4,558.0,26.390,22.36
59988,300,S4,561.0,26.203,22.36
