measurement_id,run_id,sensor_id,t_seconds,temperature_c,ambient_c
5000,25,S1,597.0,22.269,21.24
5001,26,S2,0.0,71.365,21.64
5002,26,S2,3.0,70.448,21.64
5003,26,S2,6.0,69.777,21.64
5004,26,S2,9.0,68.890,21.64
5005,26,S2,12.0,68.190,21.64
5006,26,S2,15.0,67.402,21.64
5007,26,S2,18.0,66.539,21.64
5008,26,S2,21.0,65.870,21.64
5009,26,S2,24.0,65.175,21.64
5010,26,S2,27.0,64.408,21.64
5011,26,S2,30.0,63.791,21.64
5012,26,S2,33.0,63.020,21.64
5013,26,S2,36.0,62.335,21.64
5014,26,S2,39.0,61.641,21.64
5015,26,S2,42.0,61.039,21.64
5016,26,S2,45.0,60.362,21.64
5017,26,S2,48.0,59.717,21.64
5018,26,S2,51.0,59.173,21.64
5019,26,S2,54.0,58.471,21.64
5020,26,S2,57.0,57.859,21.64
5021,26,S2,60.0,57.218,21.64
5022,26,S2,63.0,56.664,21.64
5023,26,S2,66.0,56.025,21.64
5024,26,S2,69.0,55.542,21.64
5025,26,S2,72.0,54.941,21.64
5026,26,S2,75.0,54.390,21.64
5027,26,S2,78.0,53.856,21.64
5028,26,S2,81.0,53.389,21.64
5029,26,S2,84.0,52.779,21.64
5030,26,S2,87.0,52.318,21.64
5031,26,S2,90.0,51.715,21.64
5032,26,S2,93.0,51.282,21.64
5033,26,S2,96.0,50.910,21.64
5034,26,S2,99.0,50.388,21.64
5035,26,S2,102.0,49.848,21.64
5036,26,S2,105.0,49.359,21.64
5037,26,S2,108.0,48.922,21.64
5038,26,S2,111.0,48.476,21.64
5039,26,S2,114.0,48.137,21.64
5040,26,S2,117.0,47.570,21.64
5041,26,S2,120.0,47.142,21.64
5042,26,S2,123.0,46.691,21.64
5043,26,S2,126.0,46.269,21.64
5044,26,S2,129.0,46.020,21.64
5045,26,S2,132.0,45.559,21.64
5046,26,S2,135.0,45.133,21.64
5047,26,S2,138.0,44.644,21.64
5048,26,S2,141.0,44.444,21.64
5049,26,S2,144.0,43.960,21.64
5050,26,S2,147.0,43.598,21.64
5051,26,S2,150.0,43.166,21.64
5052,26,S2,153.0,42.828,21.64
5053,26,S2,156.0,42.640,21.64
5054,26,S2,159.0,42.197,21.64
5055,26,S2,162.0,41.863,21.64
5056,26,S2,165.0,41.484,21.64
5057,26,S2,168.0,41.164,21.64
5058,26,S2,171.0,40.850,21.64
5059,26,S2,174.0,40.622,21.64
5060,26,S2,177.0,40.313,21.64
5061,26,S2,180.0,39.820,21.64
5062,26,S2,183.0,39.608,21.64
5063,26,S2,186.0,39.278,21.64
5064,26,S2,189.0,39.054,21.64
5065,26,S2,192.0,38.802,21.64
5066,26,S2,195.0,38.447,21.64
5067,26,S2,198.0,38.231,21.64
5068,26,S2,201.0,37.862,21.64
5069,26,S2,204.0,37.679,21.64
5070,26,S2,207.0,37.369,21.64
5071,26,S2,210.0,37.191,21.64
5072,26,S2,213.0,36.846,21.64
5073,26,S2,216.0,36.606,21.64
5074,26,S2,219.0,36.367,21.64
5075,26,S2,222.0,36.117,21.64
5076,26,S2,225.0,35.877,21.64
5077,26,S2,228.0,35.628,21.64
5078,26,S2,231.0,35.449,21.64
5079,26,S2,234.0,35.173,21.64
5080,26,S2,237.0,34.883,21.64
5081,26,S2,240.0,34.683,21.64
5082,26,S2,243.0,34.464,21.64
5083,26,S2,246.0,34.252,21.64
5084,26,S2,249.0,34.077,21.64
5085,26,S2,252.0,33.793,21.64
5086,26,S2,255.0,33.662,21.64
5087,26,S2,258.0,33.459,21.64
5088,26,S2,261.0,33.178,21.64
5089,26,S2,264.0,33.084,21.64
5090,26,S2,267.0,32.902,21.64
5091,26,S2,270.0,32.793,21.64
5092,26,S2,273.0,32.554,21.64
5093,26,S2,276.0,32.300,21.64
5094,26,S2,279.0,32.141,21.64
5095,26,S2,282.0,31.980,21.64
5096,26,S2,285.0,31.934,21.64
5097,26,S2,288.0,31.613,21.64
5098,26,S2,291.0,31.542,21.64
5099,26,S2,294.0,31.312,21.64
5100,26,S2,297.0,31.217,21.64
5101,26,S2,300.0,30.978,21.64
5102,26,S2,303.0,30.808,21.64
5103,26,S2,306.0,30.688,21.64
5104,26,S2,309.0,30.537,21.64
5105,26,S2,312.0,30.425,21.64
5106,26,S2,315.0,30.207,21.64
5107,26,S2,318.0,30.115,21.64
5108,26,S2,321.0,30.031,21.64
5109,26,S2,324.0,29.833,21.64
5110,26,S2,327.0,29.643,21.64
5111,26,S2,330.0,29.564,21.64
5112,26,S2,333.0,29.432,21.64
5113,26,S2,336.0,29.355,21.64
5114,26,S2,339.0,29.212,21.64
5115,26,S2,342.0,29.022,21.64
5116,26,S2,345.0,28.908,21.64
5117,26,S2,348.0,28.832,21.64
5118,26,S2,351.0,28.677,21.64
5119,26,S2,354.0,28.516,21.64
5120,26,S2,357.0,28.382,21.64
5121,26,S2,360.0,28.388,21.64
5122,26,S2,363.0,28.154,21.64
5123,26,S2,366.0,28.154,21.64
5124,26,S2,369.0,28.020,21.64
5125,26,S2,372.0,27.983,21.64
5126,26,S2,375.0,27.856,21.64
5127,26,S2,378.0,27.773,21.64
5128,26,S2,381.0,27.591,21.64
5129,26,S2,384.0,27.510,21.64
5130,26,S2,387.0,27.433,21.64
5131,26,S2,390.0,27.258,21.64
5132,26,S2,393.0,27.195,21.64
5133,26,S2,396.0,27.144,21.64
5134,26,S2,399.0,27.052,21.64
5135,26,S2,402.0,27.017,21.64
5136,26,S2,405.0,26.890,21.64
5137,26,S2,408.0,26.811,21.64
5138,26,S2,411.0,26.737,21.64
5139,26,S2,414.0,26.629,21.64
5140,26,S2,417.0,26.588,21.64
5141,26,S2,420.0,26.352,21.64
5142,26,S2,423.0,26.336,21.64
5143,26,S2,426.0,26.243,21.64
5144,26,S2,429.0,26.195,21.64
5145,26,S2,432.0,26.176,21.64
5146,26,S2,435.0,25.969,21.64
5147,26,S2,438.0,26.074,21.64
5148,26,S2,441.0,25.871,21.64
5149,26,S2,444.0,25.789,21.64
5150,26,S2,447.0,25.778,21.64
5151,26,S2,450.0,25.786,21.64
5152,26,S2,453.0,25.732,21.64
5153,26,S2,456.0,25.560,21.64
5154,26,S2,459.0,25.453,21.64
5155,26,S2,462.0,25.446,21.64
5156,26,S2,465.0,25.494,21.64
5157,26,S2,468.0,25.279,21.64
5158,26,S2,471.0,25.282,21.64
5159,26,S2,474.0,25.197,21.64
5160,26,S2,477.0,25.138,21.64
5161,26,S2,480.0,25.170,21.64
5162,26,S2,483.0,25.018,21.64
5163,26,S2,486.0,24.988,21.64
5164,26,S2,489.0,24.834,21.64
5165,26,S2,492.0,24.826,21.64
5166,26,S2,495.0,24.928,21.64
5167,26,S2,498.0,24.674,21.64
5168,26,S2,501.0,24.667,21.64
5169,26,S2,504.0,24.785,21.64
5170,26,S2,507.0,24.623,21.64
5171,26,S2,510.0,24.502,21.64
5172,26,S2,513.0,24.596,21.64
5173,26,S2,516.0,24.499,21.64
5174,26,S2,519.0,24.430,21.64
5175,26,S2,522.0,24.300,21.64
5176,26,S2,525.0,24.218,21.64
5177,26,S2,528.0,24.230,21.64
5178,26,S2,531.0,24.307,21.64
5179,26,S2,534.0,24.247,21.64
5180,26,S2,537.0,24.119,21.64
5181,26,S2,540.0,24.144,21.64
5182,26,S2,543.0,24.058,21.64
5183,26,S2,546.0,23.970,21.64
5184,26,S2,549.0,23.992,21.64
5185,26,S2,552.0,23.998,21.64
5186,26,S2,555.0,23.889,21.64
5187,26,S2,558.0,23.878,21.64
5188,26,S2,561.0,23.912,21.64
5189,26,S2,564.0,23.775,21.64
5190,26,S2,567.0,23.779,21.64
5191,26,S2,570.0,23.739,21.64
5192,26,S2,573.0,23.847,21.64
5193,26,S2,576.0,23.663,21.64
5194,26,S2,579.0,23.716,21.64
5195,26,S2,582.0,23.649,21.64
5196,26,S2,585.0,23.572,21.64
5197,26,S2,588.0,23.611,21.64
5198,26,S2,591.0,23.532,21.64
5199,26,S2,594.0,23.461,21.64
5200,26,S2,597.0,23.451,21.64
5201,27,S3,0.0,84.721,20.96
5202,27,S3,3.0,82.789,20.96
5203,27,S3,6.0,81.126,20.96
5204,27,S3,9.0,79.366,20.96
5205,27,S3,12.0,77.547,20.96
5206,27,S3,15.0,76.031,20.96
5207,27,S3,18.0,74.335,20.96
5208,27,S3,21.0,72.799,20.96
5209,27,S3,24.0,71.179,20.96
5210,27,S3,27.0,69.761,20.96
5211,27,S3,30.0,68.343,20.96
5212,27,S3,33.0,67.031,20.96
5213,27,S3,36.0,65.684,20.96
5214,27,S3,39.0,64.364,20.96
5215,27,S3,42.0,63.047,20.96
5216,27,S3,45.0,61.974,20.96
5217,27,S3,48.0,60.699,20.96
5218,27,S3,51.0,59.507,20.96
5219,27,S3,54.0,58.415,20.96
5220,27,S3,57.0,57.290,20.96
5221,27,S3,60.0,56.247,20.96
5222,27,S3,63.0,55.283,20.96
5223,27,S3,66.0,54.148,20.96
5224,27,S3,69.0,53.302,20.96
5225,27,S3,72.0,52.354,20.96
5226,27,S3,75.0,51.382,20.96
5227,27,S3,78.0,50.569,20.96
5228,27,S3,81.0,49.619,20.96
5229,27,S3,84.0,48.764,20.96
5230,27,S3,87.0,47.963,20.96
5231,27,S3,90.0,47.252,20.96
5232,27,S3,93.0,46.404,20.96
5233,27,S3,96.0,45.616,20.96
5234,27,S3,99.0,44.997,20.96
5235,27,S3,102.0,44.247,20.96
5236,27,S3,105.0,43.552,20.96
5237,27,S3,108.0,42.949,20.96
5238,27,S3,111.0,42.179,20.96
5239,27,S3,114.0,41.695,20.96
5240,27,S3,117.0,41.099,20.96
5241,27,S3,120.0,40.359,20.96
5242,27,S3,123.0,39.911,20.96
5243,27,S3,126.0,39.378,20.96
5244,27,S3,129.0,38.753,20.96
5245,27,S3,132.0,38.336,20.96
5246,27,S3,135.0,37.791,20.96
5247,27,S3,138.0,37.307,20.96
5248,27,S3,141.0,36.887,20.96
5249,27,S3,144.0,36.407,20.96
5250,27,S3,147.0,35.947,20.96
5251,27,S3,150.0,35.443,20.96
5252,27,S3,153.0,35.056,20.96
5253,27,S3,156.0,34.675,20.96
5254,27,S3,159.0,34.229,20.96
5255,27,S3,162.0,33.842,20.96
5256,27,S3,165.0,33.555,20.96
5257,27,S3,168.0,33.055,20.96
5258,27,S3,171.0,32.765,20.96
5259,27,S3,174.0,32.324,20.96
5260,27,S3,177.0,32.091,20.96
5261,27,S3,180.0,31.710,20.96
5262,27,S3,183.0,31.466,20.96
5263,27,S3,186.0,31.210,20.96
5264,27,S3,189.0,30.868,20.96
5265,27,S3,192.0,30.564,20.96
5266,27,S3,195.0,30.314,20.96
5267,27,S3,198.0,29.994,20.96
5268,27,S3,201.0,29.764,20.96
5269,27,S3,204.0,29.428,20.96
5270,27,S3,207.0,29.271,20.96
5271,27,S3,210.0,29.003,20.96
5272,27,S3,213.0,28.819,20.96
5273,27,S3,216.0,28.481,20.96
5274,27,S3,219.0,28.246,20.96
5275,27,S3,222.0,28.132,20.96
5276,27,S3,225.0,27.842,20.96
5277,27,S3,228.0,27.656,20.96
5278,27,S3,231.0,27.440,20.96
5279,27,S3,234.0,27.355,20.96
5280,27,S3,237.0,26.954,20.96
5281,27,S3,240.0,26.975,20.96
5282,27,S3,243.0,26.762,20.96
5283,27,S3,246.0,26.591,20.96
5284,27,S3,249.0,26.411,20.96
5285,27,S3,252.0,26.280,20.96
5286,27,S3,255.0,26.079,20.96
5287,27,S3,258.0,25.990,20.96
5288,27,S3,261.0,25.817,20.96
5289,27,S3,264.0,25.633,20.96
5290,27,S3,267.0,25.526,20.96
5291,27,S3,270.0,25.442,20.96
5292,27,S3,273.0,25.297,20.96
5293,27,S3,276.0,25.091,20.96
5294,27,S3,279.0,24.967,20.96
5295,27,S3,282.0,24.835,20.96
5296,27,S3,285.0,24.839,20.96
5297,27,S3,288.0,24.575,20.96
5298,27,S3,291.0,24.571,20.96
5299,27,S3,294.0,24.439,20.96
5300,27,S3,297.0,24.453,20.96
5301,27,S3,300.0,24.235,20.96
5302,27,S3,303.0,24.178,20.96
5303,27,S3,306.0,24.100,20.96
5304,27,S3,309.0,23.942,20.96
5305,27,S3,312.0,23.937,20.96
5306,27,S3,315.0,23.899,20.96
5307,27,S3,318.0,23.642,20.96
5308,27,S3,321.0,23.600,20.96
5309,27,S3,324.0,23.576,20.96
5310,27,S3,327.0,23.453,20.96
5311,27,S3,330.0,23.368,20.96
5312,27,S3,333.0,23.295,20.96
5313,27,S3,336.0,23.285,20.96
5314,27,S3,339.0,23.210,20.96
5315,27,S3,342.0,23.168,20.96
5316,27,S3,345.0,23.059,20.96
5317,27,S3,348.0,23.095,20.96
5318,27,S3,351.0,22.963,20.96
5319,27,S3,354.0,22.877,20.96
5320,27,S3,357.0,22.879,20.96
5321,27,S3,360.0,22.833,20.96
5322,27,S3,363.0,22.700,20.96
5323,27,S3,366.0,22.683,20.96
5324,27,S3,369.0,22.659,20.96
5325,27,S3,372.0,22.603,20.96
5326,27,S3,375.0,22.593,20.96
5327,27,S3,378.0,22.452,20.96
5328,27,S3,381.0,22.507,20.96
5329,27,S3,384.0,22.499,20.96
5330,27,S3,387.0,22.435,20.96
5331,27,S3,390.0,22.306,20.96
5332,27,S3,393.0,22.280,20.96
5333,27,S3,396.0,22.169,20.96
5334,27,S3,399.0,22.209,20.96
5335,27,S3,402.0,22.160,20.96
5336,27,S3,405.0,22.099,20.96
5337,27,S3,408.0,22.093,20.96
5338,27,S3,411.0,22.070,20.96
5339,27,S3,414.0,21.955,20.96
5340,27,S3,417.0,21.928,20.96
5341,27,S3,420.0,21.885,20.96
5342,27,S3,423.0,21.920,20.96
5343,27,S3,426.0,21.824,20.96
5344,27,S3,429.0,21.897,20.96
5345,27,S3,432.0,21.827,20.96
5346,27,S3,435.0,21.856,20.96
5347,27,S3,438.0,21.871,20.96
5348,27,S3,441.0,21.839,20.96
5349,27,S3,444.0,21.745,20.96
5350,27,S3,447.0,21.777,20.96
5351,27,S3,450.0,21.787,20.96
5352,27,S3,453.0,21.690,20.96
5353,27,S3,456.0,21.691,20.96
5354,27,S3,459.0,21.628,20.96
5355,27,S3,462.0,21.640,20.96
5356,27,S3,465.0,21.578,20.96
5357,27,S3,468.0,21.604,20.96
5358,27,S3,471.0,21.554,20.96
5359,27,S3,474.0,21.484,20.96
5360,27,S3,477.0,21.548,20.96
5361,27,S3,480.0,21.424,20.96
5362,27,S3,483.0,21.550,20.96
5363,27,S3,486.0,21.524,20.96
5364,27,S3,489.0,21.454,20.96
5365,27,S3,492.0,21.469,20.96
5366,27,S3,495.0,21.460,20.96
5367,27,S3,498.0,21.393,20.96
5368,27,S3,501.0,21.472,20.96
5369,27,S3,504.0,21.349,20.96
5370,27,S3,507.0,21.402,20.96
5371,27,S3,510.0,21.422,20.96
5372,27,S3,513.0,21.262,20.96
5373,27,S3,516.0,21.316,20.96
5374,27,S3,519.0,21.323,20.96
5375,27,S3,522.0,21.442,20.96
5376,27,S3,525.0,21.259,20.96
5377,27,S3,528.0,21.311,20.96
5378,27,S3,531.0,21.252,20.96
5379,27,S3,534.0,21.213,20.96
5380,27,S3,537.0,21.252,20.96
5381,27,S3,540.0,21.242,20.96
5382,27,S3,543.0,21.247,20.96
5383,27,S3,546.0,21.286,20.96
5384,27,S3,549.0,21.243,20.96
5385,27,S3,552.0,21.241,20.96
5386,27,S3,555.0,21.170,20.96
5387,27,S3,558.0,21.251,20.96
5388,27,S3,561.0,21.067,20.96
5389,27,S3,564.0,21.178,20.96
5390,27,S3,567.0,21.157,20.96
5391,27,S3,570.0,21.196,20.96
5392,27,S3,573.0,21.289,20.96
5393,27,S3,576.0,21.181,20.96
5394,27,S3,579.0,21.229,20.96
5395,27,S3,582.0,21.168,20.96
5396,27,S3,585.0,21.140,20.96
5397,27,S3,588.0,21.183,20.96
5398,27,S3,591.0,21.135,20.96
5399,27,S3,594.0,21.095,20.96
5400,27,S3,597.0,21.115,20.96
5401,28,S4,0.0,75.821,21.13
5402,28,S4,3.0,74.902,21.13
5403,28,S4,6.0,73.968,21.13
5404,28,S4,9.0,73.120,21.13
5405,28,S4,12.0,72.075,21.13
5406,28,S4,15.0,71.251,21.13
5407,28,S4,18.0,70.358,21.13
5408,28,S4,21.0,69.677,21.13
5409,28,S4,24.0,68.715,21.13
5410,28,S4,27.0,67.846,21.13
5411,28,S4,30.0,67.012,21.13
5412,28,S4,33.0,66.272,21.13
5413,28,S4,36.0,65.558,21.13
5414,28,S4,39.0,64.767,21.13
5415,28,S4,42.0,63.992,21.13
5416,28,S4,45.0,63.319,21.13
5417,28,S4,48.0,62.618,21.13
5418,28,S4,51.0,61.874,21.13
5419,28,S4,54.0,61.171,21.13
5420,28,S4,57.0,60.319,21.13
5421,28,S4,60.0,59.835,21.13
5422,28,S4,63.0,59.117,21.13
5423,28,S4,66.0,58.608,21.13
5424,28,S4,69.0,57.854,21.13
5425,28,S4,72.0,57.255,21.13
5426,28,S4,75.0,56.597,21.13
5427,28,S4,78.0,56.075,21.13
5428,28,S4,81.0,55.317,21.13
5429,28,S4,84.0,54.787,21.13
5430,28,S4,87.0,54.287,21.13
5431,28,S4,90.0,53.610,21.13
5432,28,S4,93.0,53.141,21.13
5433,28,S4,96.0,52.578,21.13
5434,28,S4,99.0,52.038,21.13
5435,28,S4,102.0,51.470,21.13
5436,28,S4,105.0,51.011,21.13
5437,28,S4,108.0,50.458,21.13
5438,28,S4,111.0,50.069,21.13
5439,28,S4,114.0,49.600,21.13
5440,28,S4,117.0,48.982,21.13
5441,28,S4,120.0,48.575,21.13
5442,28,S4,123.0,48.092,21.13
5443,28,S4,126.0,47.613,21.13
5444,28,S4,129.0,47.073,21.13
5445,28,S4,132.0,46.698,21.13
5446,28,S4,135.0,46.209,21.13
5447,28,S4,138.0,45.927,21.13
5448,28,S4,141.0,45.421,21.13
5449,28,S4,144.0,45.010,21.13
5450,28,S4,147.0,44.579,21.13
5451,28,S4,150.0,44.083,21.13
5452,28,S4,153.0,43.750,21.13
5453,28,S4,156.0,43.371,21.13
5454,28,S4,159.0,43.034,21.13
5455,28,S4,162.0,42.586,21.13
5456,28,S4,165.0,42.179,21.13
5457,28,S4,168.0,41.793,21.13
5458,28,S4,171.0,41.565,21.13
5459,28,S4,174.0,41.182,21.13
5460,28,S4,177.0,40.917,21.13
5461,28,S4,180.0,40.549,21.13
5462,28,S4,183.0,40.212,21.13
5463,28,S4,186.0,39.820,21.13
5464,28,S4,189.0,39.523,21.13
5465,28,S4,192.0,39.159,21.13
5466,28,S4,195.0,38.886,21.13
5467,28,S4,198.0,38.655,21.13
5468,28,S4,201.0,38.306,21.13
5469,28,S4,204.0,38.035,21.13
5470,28,S4,207.0,37.658,21.13
5471,28,S4,210.0,37.439,21.13
5472,28,S4,213.0,37.201,21.13
5473,28,S4,216.0,36.853,21.13
5474,28,S4,219.0,36.637,21.13
5475,28,S4,222.0,36.328,21.13
5476,28,S4,225.0,36.029,21.13
5477,28,S4,228.0,35.845,21.13
5478,28,S4,231.0,35.535,21.13
5479,28,S4,234.0,35.409,21.13
5480,28,S4,237.0,34.999,21.13
5481,28,S4,240.0,34.864,21.13
5482,28,S4,243.0,34.670,21.13
5483,28,S4,246.0,34.408,21.13
5484,28,S4,249.0,34.155,21.13
5485,28,S4,252.0,33.895,21.13
5486,28,S4,255.0,33.738,21.13
5487,28,S4,258.0,33.490,21.13
5488,28,S4,261.0,33.299,21.13
5489,28,S4,264.0,33.147,21.13
5490,28,S4,267.0,32.847,21.13
5491,28,S4,270.0,32.745,21.13
5492,28,S4,273.0,32.464,21.13
5493,28,S4,276.0,32.252,21.13
5494,28,S4,279.0,32.087,21.13
5495,28,S4,282.0,31.964,21.13
5496,28,S4,285.0,31.723,21.13
5497,28,S4,288.0,31.483,21.13
5498,28,S4,291.0,31.384,21.13
5499,28,S4,294.0,31.114,21.13
5500,28,S4,297.0,30.967,21.13
5501,28,S4,300.0,30.881,21.13
5502,28,S4,303.0,30.759,21.13
5503,28,S4,306.0,30.565,21.13
5504,28,S4,309.0,30.360,21.13
5505,28,S4,312.0,30.228,21.13
5506,28,S4,315.0,30.072,21.13
5507,28,S4,318.0,29.936,21.13
5508,28,S4,321.0,29.825,21.13
5509,28,S4,324.0,29.657,21.13
5510,28,S4,327.0,29.428,21.13
5511,28,S4,330.0,29.335,21.13
5512,28,S4,333.0,29.195,21.13
5513,28,S4,336.0,29.076,21.13
5514,28,S4,339.0,28.773,21.13
5515,28,S4,342.0,28.807,21.13
5516,28,S4,345.0,28.663,21.13
5517,28,S4,348.0,28.524,21.13
5518,28,S4,351.0,28.284,21.13
5519,28,S4,354.0,28.225,21.13
5520,28,S4,357.0,28.178,21.13
5521,28,S4,360.0,28.056,21.13
5522,28,S4,363.0,27.901,21.13
5523,28,S4,366.0,27.708,21.13
5524,28,S4,369.0,27.731,21.13
5525,28,S4,372.0,27.488,21.13
5526,28,S4,375.0,27.378,21.13
5527,28,S4,378.0,27.326,21.13
5528,28,S4,381.0,27.225,21.13
5529,28,S4,384.0,27.123,21.13
5530,28,S4,387.0,27.027,21.13
5531,28,S4,390.0,26.840,21.13
5532,28,S4,393.0,26.833,21.13
5533,28,S4,396.0,26.758,21.13
5534,28,S4,399.0,26.658,21.13
5535,28,S4,402.0,26.599,21.13
5536,28,S4,405.0,26.450,21.13
5537,28,S4,408.0,26.426,21.13
5538,28,S4,411.0,26.287,21.13
5539,28,S4,414.0,26.107,21.13
5540,28,S4,417.0,26.098,21.13
5541,28,S4,420.0,25.921,21.13
5542,28,S4,423.0,25.919,21.13
5543,28,S4,426.0,25.860,21.13
5544,28,S4,429.0,25.712,21.13
5545,28,S4,432.0,25.705,21.13
5546,28,S4,435.0,25.612,21.13
5547,28,S4,438.0,25.416,21.13
5548,28,S4,441.0,25.501,21.13
5549,28,S4,444.0,25.347,21.13
5550,28,S4,447.0,25.307,21.13
5551,28,S4,450.0,25.165,21.13
5552,28,S4,453.0,25.204,21.13
5553,28,S4,456.0,25.072,21.13
5554,28,S4,459.0,25.036,21.13
5555,28,S4,462.0,24.958,21.13
5556,28,S4,465.0,24.879,21.13
5557,28,S4,468.0,24.787,21.13
5558,28,S4,471.0,24.723,21.13
5559,28,S4,474.0,24.739,21.13
5560,28,S4,477.0,24.635,21.13
5561,28,S4,480.0,24.635,21.13
5562,28,S4,483.0,24.517,21.13
5563,28,S4,486.0,24.397,21.13
5564,28,S4,489.0,24.394,21.13
5565,28,S4,492.0,24.324,21.13
5566,28,S4,495.0,24.279,21.13
5567,28,S4,498.0,24.249,21.13
5568,28,S4,501.0,24.122,21.13
5569,28,S4,504.0,24.238,21.13
5570,28,S4,507.0,24.058,21.13
5571,28,S4,510.0,23.957,21.13
5572,28,S4,513.0,24.060,21.13
5573,28,S4,516.0,23.874,21.13
5574,28,S4,519.0,23.915,21.13
5575,28,S4,522.0,23.819,21.13
5576,28,S4,525.0,23.736,21.13
5577,28,S4,528.0,23.697,21.13
5578,28,S4,531.0,23.659,21.13
5579,28,S4,534.0,23.652,21.13
5580,28,S4,537.0,23.681,21.13
5581,28,S4,540.0,23.553,21.13
5582,28,S4,543.0,23.499,21.13
5583,28,S4,546.0,23.476,21.13
5584,28,S4,549.0,23.534,21.13
5585,28,S4,552.0,23.403,21.13
5586,28,S4,555.0,23.344,21.13
5587,28,S4,558.0,23.330,21.13
5588,28,S4,561.0,23.336,21.13
5589,28,S4,564.0,23.221,21.13
5590,28,S4,567.0,23.199,21.13
5591,28,S4,570.0,23.236,21.13
5592,28,S4,573.0,23.219,21.13
5593,28,S4,576.0,23.106,21.13
5594,28,S4,579.0,23.134,21.13
5595,28,S4,582.0,23.101,21.13
5596,28,S4,585.0,23.008,21.13
5597,28,S4,588.0,22.986,21.13
5598,28,S4,591.0,23.020,21.13
5599,28,S4,594.0,22.944,21.13
5600,28,S4,597.0,22.964,21.13
5601,29,S1,0.0,85.370,21.80
5602,29,S1,3.0,84.115,21.80
5603,29,S1,6.0,82.724,21.80
5604,29,S1,9.0,81.553,21.80
5605,29,S1,12.0,80.250,21.80
5606,29,S1,15.0,79.029,21.80
5607,29,S1,18.0,77.727,21.80
5608,29,S1,21.0,76.559,21.80
5609,29,S1,24.0,75.483,21.80
5610,29,S1,27.0,74.409,21.80
5611,29,S1,30.0,73.201,21.80
5612,29,S1,33.0,72.154,21.80
5613,29,S1,36.0,71.161,21.80
5614,29,S1,39.0,70.023,21.80
5615,29,S1,42.0,69.141,21.80
5616,29,S1,45.0,68.041,21.80
5617,29,S1,48.0,67.112,21.80
5618,29,S1,51.0,66.131,21.80
5619,29,S1,54.0,65.190,21.80
5620,29,S1,57.0,64.308,21.80
5621,29,S1,60.0,63.324,21.80
5622,29,S1,63.0,62.468,21.80
5623,29,S1,66.0,61.672,21.80
5624,29,S1,69.0,60.848,21.80
5625,29,S1,72.0,60.028,21.80
5626,29,S1,75.0,59.243,21.80
5627,29,S1,78.0,58.429,21.80
5628,29,S1,81.0,57.580,21.80
5629,29,S1,84.0,56.921,21.80
5630,29,S1,87.0,56.172,21.80
5631,29,S1,90.0,55.421,21.80
5632,29,S1,93.0,54.777,21.80
5633,29,S1,96.0,53.995,21.80
5634,29,S1,99.0,53.357,21.80
5635,29,S1,102.0,52.683,21.80
5636,29,S1,105.0,52.048,21.80
5637,29,S1,108.0,51.383,21.80
5638,29,S1,111.0,50.766,21.80
5639,29,S1,114.0,50.144,21.80
5640,29,S1,117.0,49.642,21.80
5641,29,S1,120.0,49.035,21.80
5642,29,S1,123.0,48.411,21.80
5643,29,S1,126.0,47.839,21.80
5644,29,S1,129.0,47.263,21.80
5645,29,S1,132.0,46.774,21.80
5646,29,S1,135.0,46.205,21.80
5647,29,S1,138.0,45.696,21.80
5648,29,S1,141.0,45.242,21.80
5649,29,S1,144.0,44.716,21.80
5650,29,S1,147.0,44.301,21.80
5651,29,S1,150.0,43.783,21.80
5652,29,S1,153.0,43.331,21.80
5653,29,S1,156.0,42.905,21.80
5654,29,S1,159.0,42.534,21.80
5655,29,S1,162.0,42.056,21.80
5656,29,S1,165.0,41.526,21.80
5657,29,S1,168.0,41.170,21.80
5658,29,S1,171.0,40.827,21.80
5659,29,S1,174.0,40.445,21.80
5660,29,S1,177.0,39.993,21.80
5661,29,S1,180.0,39.604,21.80
5662,29,S1,183.0,39.246,21.80
5663,29,S1,186.0,38.888,21.80
5664,29,S1,189.0,38.504,21.80
5665,29,S1,192.0,38.100,21.80
5666,29,S1,195.0,37.833,21.80
5667,29,S1,198.0,37.427,21.80
5668,29,S1,201.0,37.215,21.80
5669,29,S1,204.0,36.757,21.80
5670,29,S1,207.0,36.403,21.80
5671,29,S1,210.0,36.173,21.80
5672,29,S1,213.0,35.868,21.80
5673,29,S1,216.0,35.634,21.80
5674,29,S1,219.0,35.276,21.80
5675,29,S1,222.0,35.103,21.80
5676,29,S1,225.0,34.731,21.80
5677,29,S1,228.0,34.398,21.80
5678,29,S1,231.0,34.273,21.80
5679,29,S1,234.0,33.962,21.80
5680,29,S1,237.0,33.678,21.80
5681,29,S1,240.0,33.479,21.80
5682,29,S1,243.0,33.160,21.80
5683,29,S1,246.0,32.911,21.80
5684,29,S1,249.0,32.644,21.80
5685,29,S1,252.0,32.473,21.80
5686,29,S1,255.0,32.242,21.80
5687,29,S1,258.0,31.974,21.80
5688,29,S1,261.0,31.720,21.80
5689,29,S1,264.0,31.637,21.80
5690,29,S1,267.0,31.408,21.80
5691,29,S1,270.0,31.142,21.80
5692,29,S1,273.0,31.048,21.80
5693,29,S1,276.0,30.809,21.80
5694,29,S1,279.0,30.627,21.80
5695,29,S1,282.0,30.507,21.80
5696,29,S1,285.0,30.226,21.80
5697,29,S1,288.0,30.110,21.80
5698,29,S1,291.0,29.907,21.80
5699,29,S1,294.0,29.615,21.80
5700,29,S1,297.0,29.536,21.80
5701,29,S1,300.0,29.342,21.80
5702,29,S1,303.0,29.169,21.80
5703,29,S1,306.0,29.120,21.80
5704,29,S1,309.0,28.953,21.80
5705,29,S1,312.0,28.782,21.80
5706,29,S1,315.0,28.705,21.80
5707,29,S1,318.0,28.498,21.80
5708,29,S1,321.0,28.295,21.80
5709,29,S1,324.0,28.231,21.80
5710,29,S1,327.0,28.119,21.80
5711,29,S1,330.0,27.936,21.80
5712,29,S1,333.0,27.869,21.80
5713,29,S1,336.0,27.677,21.80
5714,29,S1,339.0,27.457,21.80
5715,29,S1,342.0,27.434,21.80
5716,29,S1,345.0,27.327,21.80
5717,29,S1,348.0,27.189,21.80
5718,29,S1,351.0,27.154,21.80
5719,29,S1,354.0,26.970,21.80
5720,29,S1,357.0,26.950,21.80
5721,29,S1,360.0,26.791,21.80
5722,29,S1,363.0,26.661,21.80
5723,29,S1,366.0,26.600,21.80
5724,29,S1,369.0,26.437,21.80
5725,29,S1,372.0,26.396,21.80
5726,29,S1,375.0,26.223,21.80
5727,29,S1,378.0,26.077,21.80
5728,29,S1,381.0,26.081,21.80
5729,29,S1,384.0,25.960,21.80
5730,29,S1,387.0,25.951,21.80
5731,29,S1,390.0,25.752,21.80
5732,29,S1,393.0,25.649,21.80
5733,29,S1,396.0,25.686,21.80
5734,29,S1,399.0,25.555,21.80
5735,29,S1,402.0,25.517,21.80
5736,29,S1,405.0,25.481,21.80
5737,29,S1,408.0,25.353,21.80
5738,29,S1,411.0,25.269,21.80
5739,29,S1,414.0,25.146,21.80
5740,29,S1,417.0,25.176,21.80
5741,29,S1,420.0,25.079,21.80
5742,29,S1,423.0,24.953,21.80
5743,29,S1,426.0,24.845,21.80
5744,29,S1,429.0,24.921,21.80
5745,29,S1,432.0,24.868,21.80
5746,29,S1,435.0,24.769,21.80
5747,29,S1,438.0,24.682,21.80
5748,29,S1,441.0,24.556,21.80
5749,29,S1,444.0,24.495,21.80
5750,29,S1,447.0,24.557,21.80
5751,29,S1,450.0,24.487,21.80
5752,29,S1,453.0,24.331,21.80
5753,29,S1,456.0,24.316,21.80
5754,29,S1,459.0,24.243,21.80
5755,29,S1,462.0,24.294,21.80
5756,29,S1,465.0,24.195,21.80
5757,29,S1,468.0,24.123,21.80
5758,29,S1,471.0,24.055,21.80
5759,29,S1,474.0,23.979,21.80
5760,29,S1,477.0,23.994,21.80
5761,29,S1,480.0,23.913,21.80
5762,29,S1,483.0,23.994,21.80
5763,29,S1,486.0,23.820,21.80
5764,29,S1,489.0,23.797,21.80
5765,29,S1,492.0,23.781,21.80
5766,29,S1,495.0,23.740,21.80
5767,29,S1,498.0,23.679,21.80
5768,29,S1,501.0,23.593,21.80
5769,29,S1,504.0,23.592,21.80
5770,29,S1,507.0,23.541,21.80
5771,29,S1,510.0,23.497,21.80
5772,29,S1,513.0,23.465,21.80
5773,29,S1,516.0,23.457,21.80
5774,29,S1,519.0,23.381,21.80
5775,29,S1,522.0,23.537,21.80
5776,29,S1,525.0,23.305,21.80
5777,29,S1,528.0,23.131,21.80
5778,29,S1,531.0,23.257,21.80
5779,29,S1,534.0,23.283,21.80
5780,29,S1,537.0,23.239,21.80
5781,29,S1,540.0,23.261,21.80
5782,29,S1,543.0,23.174,21.80
5783,29,S1,546.0,23.118,21.80
5784,29,S1,549.0,23.119,21.80
5785,29,S1,552.0,23.069,21.80
5786,29,S1,555.0,23.032,21.80
5787,29,S1,558.0,22.999,21.80
5788,29,S1,561.0,23.018,21.80
5789,29,S1,564.0,22.999,21.80
5790,29,S1,567.0,22.945,21.80
5791,29,S1,570.0,22.973,21.80
5792,29,S1,573.0,22.864,21.80
5793,29,S1,576.0,22.928,21.80
5794,29,S1,579.0,22.868,21.80
5795,29,S1,582.0,22.801,21.80
5796,29,S1,585.0,22.779,21.80
5797,29,S1,588.0,22.809,21.80
5798,29,S1,591.0,22.706,21.80
5799,29,S1,594.0,22.753,21.80
5800,29,S1,597.0,22.765,21.80
5801,30,S2,0.0,77.495,21.62
5802,30,S2,3.0,76.751,21.62
5803,30,S2,6.0,75.969,21.62
5804,30,S2,9.0,75.266,21.62
5805,30,S2,12.0,74.589,21.62
5806,30,S2,15.0,73.902,21.62
5807,30,S2,18.0,73.285,21.62
5808,30,S2,21.0,72.581,21.62
5809,30,S2,24.0,71.959,21.62
5810,30,S2,27.0,71.250,21.62
5811,30,S2,30.0,70.658,21.62
5812,30,S2,33.0,70.008,21.62
5813,30,S2,36.0,69.409,21.62
5814,30,S2,39.0,68.736,21.62
5815,30,S2,42.0,68.231,21.62
5816,30,S2,45.0,67.618,21.62
5817,30,S2,48.0,66.978,21.62
5818,30,S2,51.0,66.354,21.62
5819,30,S2,54.0,65.794,21.62
5820,30,S2,57.0,65.310,21.62
5821,30,S2,60.0,64.742,21.62
5822,30,S2,63.0,64.232,21.62
5823,30,S2,66.0,63.593,21.62
5824,30,S2,69.0,63.182,21.62
5825,30,S2,72.0,62.592,21.62
5826,30,S2,75.0,61.977,21.62
5827,30,S2,78.0,61.522,21.62
5828,30,S2,81.0,61.062,21.62
5829,30,S2,84.0,60.414,21.62
5830,30,S2,87.0,59.976,21.62
5831,30,S2,90.0,59.510,21.62
5832,30,S2,93.0,59.004,21.62
5833,30,S2,96.0,58.486,21.62
5834,30,S2,99.0,58.013,21.62
5835,30,S2,102.0,57.499,21.62
5836,30,S2,105.0,57.151,21.62
5837,30,S2,108.0,56.645,21.62
5838,30,S2,111.0,56.189,21.62
5839,30,S2,114.0,55.692,21.62
5840,30,S2,117.0,55.245,21.62
5841,30,S2,120.0,54.944,21.62
5842,30,S2,123.0,54.498,21.62
5843,30,S2,126.0,54.013,21.62
5844,30,S2,129.0,53.694,21.62
5845,30,S2,132.0,53.251,21.62
5846,30,S2,135.0,52.795,21.62
5847,30,S2,138.0,52.374,21.62
5848,30,S2,141.0,51.986,21.62
5849,30,S2,144.0,51.679,21.62
5850,30,S2,147.0,51.243,21.62
5851,30,S2,150.0,50.795,21.62
5852,30,S2,153.0,50.459,21.62
5853,30,S2,156.0,50.147,21.62
5854,30,S2,159.0,49.726,21.62
5855,30,S2,162.0,49.479,21.62
5856,30,S2,165.0,49.069,21.62
5857,30,S2,168.0,48.609,21.62
5858,30,S2,171.0,48.338,21.62
5859,30,S2,174.0,47.971,21.62
5860,30,S2,177.0,47.620,21.62
5861,30,S2,180.0,47.409,21.62
5862,30,S2,183.0,47.068,21.62
5863,30,S2,186.0,46.627,21.62
5864,30,S2,189.0,46.351,21.62
5865,30,S2,192.0,46.067,21.62
5866,30,S2,195.0,45.715,21.62
5867,30,S2,198.0,45.363,21.62
5868,30,S2,201.0,45.057,21.62
5869,30,S2,204.0,44.717,21.62
5870,30,S2,207.0,44.516,21.62
5871,30,S2,210.0,44.236,21.62
5872,30,S2,213.0,43.886,21.62
5873,30,S2,216.0,43.600,21.62
5874,30,S2,219.0,43.215,21.62
5875,30,S2,222.0,43.047,21.62
5876,30,S2,225.0,42.736,21.62
5877,30,S2,228.0,42.455,21.62
5878,30,S2,231.0,42.240,21.62
5879,30,S2,234.0,42.063,21.62
5880,30,S2,237.0,41.746,21.62
5881,30,S2,240.0,41.334,21.62
5882,30,S2,243.0,41.190,21.62
5883,30,S2,246.0,40.879,21.62
5884,30,S2,249.0,40.767,21.62
5885,30,S2,252.0,40.465,21.62
5886,30,S2,255.0,40.276,21.62
5887,30,S2,258.0,39.994,21.62
5888,30,S2,261.0,39.789,21.62
5889,30,S2,264.0,39.432,21.62
5890,30,S2,267.0,39.221,21.62
5891,30,S2,270.0,39.144,21.62
5892,30,S2,273.0,38.817,21.62
5893,30,S2,276.0,38.589,21.62
5894,30,S2,279.0,38.408,21.62
5895,30,S2,282.0,38.037,21.62
5896,30,S2,285.0,37.921,21.62
5897,30,S2,288.0,37.760,21.62
5898,30,S2,291.0,37.552,21.62
5899,30,S2,294.0,37.260,21.62
5900,30,S2,297.0,37.108,21.62
5901,30,S2,300.0,36.964,21.62
5902,30,S2,303.0,36.714,21.62
5903,30,S2,306.0,36.475,21.62
5904,30,S2,309.0,36.282,21.62
5905,30,S2,312.0,36.180,21.62
5906,30,S2,315.0,36.027,21.62
5907,30,S2,318.0,35.823,21.62
5908,30,S2,321.0,35.431,21.62
5909,30,S2,324.0,35.454,21.62
5910,30,S2,327.0,35.215,21.62
5911,30,S2,330.0,35.038,21.62
5912,30,S2,333.0,34.872,21.62
5913,30,S2,336.0,34.721,21.62
5914,30,S2,339.0,34.551,21.62
5915,30,S2,342.0,34.392,21.62
5916,30,S2,345.0,34.290,21.62
5917,30,S2,348.0,34.085,21.62
5918,30,S2,351.0,33.905,21.62
5919,30,S2,354.0,33.645,21.62
5920,30,S2,357.0,33.545,21.62
5921,30,S2,360.0,33.420,21.62
5922,30,S2,363.0,33.280,21.62
5923,30,S2,366.0,33.072,21.62
5924,30,S2,369.0,32.992,21.62
5925,30,S2,372.0,32.794,21.62
5926,30,S2,375.0,32.612,21.62
5927,30,S2,378.0,32.501,21.62
5928,30,S2,381.0,32.447,21.62
5929,30,S2,384.0,32.260,21.62
5930,30,S2,387.0,32.134,21.62
5931,30,S2,390.0,31.983,21.62
5932,30,S2,393.0,31.880,21.62
5933,30,S2,396.0,31.731,21.62
5934,30,S2,399.0,31.604,21.62
5935,30,S2,402.0,31.502,21.62
5936,30,S2,405.0,31.474,21.62
5937,30,S2,408.0,31.219,21.62
5938,30,S2,411.0,31.034,21.62
5939,30,S2,414.0,31.001,21.62
5940,30,S2,417.0,30.834,21.62
5941,30,S2,420.0,30.738,21.62
5942,30,S2,423.0,30.626,21.62
5943,30,S2,426.0,30.504,21.62
5944,30,S2,429.0,30.388,21.62
5945,30,S2,432.0,30.219,21.62
5946,30,S2,435.0,30.185,21.62
5947,30,S2,438.0,30.047,21.62
5948,30,S2,441.0,30.053,21.62
5949,30,S2,444.0,29.825,21.62
5950,30,S2,447.0,29.673,21.62
5951,30,S2,450.0,29.569,21.62
5952,30,S2,453.0,29.588,21.62
5953,30,S2,456.0,29.470,21.62
5954,30,S2,459.0,29.362,21.62
5955,30,S2,462.0,29.261,21.62
5956,30,S2,465.0,29.216,21.62
5957,30,S2,468.0,28.962,21.62
5958,30,S2,471.0,28.936,21.62
5959,30,S2,474.0,28.821,21.62
5960,30,S2,477.0,28.718,21.62
5961,30,S2,480.0,28.662,21.62
5962,30,S2,483.0,28.586,21.62
5963,30,S2,486.0,28.540,21.62
5964,30,S2,489.0,28.302,21.62
5965,30,S2,492.0,28.344,21.62
5966,30,S2,495.0,28.198,21.62
5967,30,S2,498.0,28.159,21.62
5968,30,S2,501.0,27.984,21.62
5969,30,S2,504.0,27.970,21.62
5970,30,S2,507.0,27.841,21.62
5971,30,S2,510.0,27.848,21.62
5972,30,S2,513.0,27.757,21.62
5973,30,S2,516.0,27.658,21.62
5974,30,S2,519.0,27.639,21.62
5975,30,S2,522.0,27.546,21.62
5976,30,S2,525.0,27.311,21.62
5977,30,S2,528.0,27.332,21.62
5978,30,S2,531.0,27.334,21.62
5979,30,S2,534.0,27.079,21.62
5980,30,S2,537.0,27.191,21.62
5981,30,S2,540.0,27.101,21.62
5982,30,S2,543.0,27.081,21.62
5983,30,S2,546.0,26.942,21.62
5984,30,S2,549.0,26.908,21.62
5985,30,S2,552.0,26.761,21.62
5986,30,S2,555.0,26.792,21.62
5987,30,S2,558.0,26.645,21.62
5988,30,S2,561.0,26.640,21.62
5989,30,S2,564.0,26.460,21.62
5990,30,S2,567.0,26.480,21.62
5991,30,S2,570.0,26.403,21.62
5992,30,S2,573.0,26.266,21.62
5993,30,S2,576.0,26.258,21.62
5994,30,S2,579.0,26.202,21.62
5995,30,S2,582.0,26.193,21.62
5996,30,S2,585.0,26.088,21.62
5997,30,S2,588.0,25.962,21.62
5998,30,S2,591.0,25.916,21.62
5999,30,S2,594.0,25.837,21.62
6000,30,S2,597.0,25.741,21.62
6001,31,S3,0.0,80.625,20.94
6002,31,S3,3.0,79.878,20.94
6003,31,S3,6.0,78.837,20.94
6004,31,S3,9.0,77.904,20.94
6005,31,S3,12.0,76.933,20.94
6006,31,S3,15.0,76.195,20.94
6007,31,S3,18.0,75.188,20.94
6008,31,S3,21.0,74.300,20.94
6009,31,S3,24.0,73.425,20.94
6010,31,S3,27.0,72.686,20.94
6011,31,S3,30.0,71.874,20.94
6012,31,S3,33.0,70.966,20.94
6013,31,S3,36.0,70.210,20.94
6014,31,S3,39.0,69.431,20.94
6015,31,S3,42.0,68.674,20.94
6016,31,S3,45.0,67.944,20.94
6017,31,S3,48.0,67.146,20.94
6018,31,S3,51.0,66.294,20.94
6019,31,S3,54.0,65.597,20.94
6020,31,S3,57.0,64.913,20.94
6021,31,S3,60.0,64.245,20.94
6022,31,S3,63.0,63.570,20.94
6023,31,S3,66.0,62.814,20.94
6024,31,S3,69.0,62.288,20.94
6025,31,S3,72.0,61.502,20.94
6026,31,S3,75.0,60.799,20.94
6027,31,S3,78.0,60.171,20.94
6028,31,S3,81.0,59.660,20.94
6029,31,S3,84.0,58.986,20.94
6030,31,S3,87.0,58.318,20.94
6031,31,S3,90.0,57.709,20.94
6032,31,S3,93.0,57.200,20.94
6033,31,S3,96.0,56.609,20.94
6034,31,S3,99.0,56.115,20.94
6035,31,S3,102.0,55.461,20.94
6036,31,S3,105.0,54.943,20.94
6037,31,S3,108.0,54.489,20.94
6038,31,S3,111.0,53.860,20.94
6039,31,S3,114.0,53.308,20.94
6040,31,S3,117.0,52.830,20.94
6041,31,S3,120.0,52.264,20.94
6042,31,S3,123.0,51.707,20.94
6043,31,S3,126.0,51.342,20.94
6044,31,S3,129.0,50.783,20.94
6045,31,S3,132.0,50.356,20.94
6046,31,S3,135.0,49.925,20.94
6047,31,S3,138.0,49.482,20.94
6048,31,S3,141.0,49.002,20.94
6049,31,S3,144.0,48.526,20.94
6050,31,S3,147.0,48.076,20.94
6051,31,S3,150.0,47.695,20.94
6052,31,S3,153.0,47.137,20.94
6053,31,S3,156.0,46.822,20.94
6054,31,S3,159.0,46.429,20.94
6055,31,S3,162.0,45.995,20.94
6056,31,S3,165.0,45.664,20.94
6057,31,S3,168.0,45.153,20.94
6058,31,S3,171.0,44.791,20.94
6059,31,S3,174.0,44.377,20.94
6060,31,S3,177.0,44.035,20.94
6061,31,S3,180.0,43.714,20.94
6062,31,S3,183.0,43.354,20.94
6063,31,S3,186.0,42.998,20.94
6064,31,S3,189.0,42.616,20.94
6065,31,S3,192.0,42.291,20.94
6066,31,S3,195.0,41.918,20.94
6067,31,S3,198.0,41.493,20.94
6068,31,S3,201.0,41.268,20.94
6069,31,S3,204.0,40.949,20.94
6070,31,S3,207.0,40.634,20.94
6071,31,S3,210.0,40.249,20.94
6072,31,S3,213.0,40.034,20.94
6073,31,S3,216.0,39.653,20.94
6074,31,S3,219.0,39.267,20.94
6075,31,S3,222.0,39.067,20.94
6076,31,S3,225.0,38.769,20.94
6077,31,S3,228.0,38.480,20.94
6078,31,S3,231.0,38.186,20.94
6079,31,S3,234.0,37.899,20.94
6080,31,S3,237.0,37.611,20.94
6081,31,S3,240.0,37.209,20.94
6082,31,S3,243.0,37.096,20.94
6083,31,S3,246.0,36.845,20.94
6084,31,S3,249.0,36.620,20.94
6085,31,S3,252.0,36.280,20.94
6086,31,S3,255.0,36.173,20.94
6087,31,S3,258.0,35.897,20.94
6088,31,S3,261.0,35.659,20.94
6089,31,S3,264.0,35.430,20.94
6090,31,S3,267.0,35.242,20.94
6091,31,S3,270.0,34.931,20.94
6092,31,S3,273.0,34.693,20.94
6093,31,S3,276.0,34.522,20.94
6094,31,S3,279.0,34.271,20.94
6095,31,S3,282.0,34.077,20.94
6096,31,S3,285.0,33.783,20.94
6097,31,S3,288.0,33.533,20.94
6098,31,S3,291.0,33.407,20.94
6099,31,S3,294.0,33.248,20.94
6100,31,S3,297.0,33.018,20.94
6101,31,S3,300.0,32.891,20.94
6102,31,S3,303.0,32.716,20.94
6103,31,S3,306.0,32.419,20.94
6104,31,S3,309.0,32.265,20.94
6105,31,S3,312.0,32.087,20.94
6106,31,S3,315.0,31.911,20.94
6107,31,S3,318.0,31.723,20.94
6108,31,S3,321.0,31.519,20.94
6109,31,S3,324.0,31.464,20.94
6110,31,S3,327.0,31.287,20.94
6111,31,S3,330.0,31.038,20.94
6112,31,S3,333.0,30.952,20.94
6113,31,S3,336.0,30.813,20.94
6114,31,S3,339.0,30.599,20.94
6115,31,S3,342.0,30.469,20.94
6116,31,S3,345.0,30.249,20.94
6117,31,S3,348.0,30.172,20.94
6118,31,S3,351.0,30.050,20.94
6119,31,S3,354.0,29.849,20.94
6120,31,S3,357.0,29.705,20.94
6121,31,S3,360.0,29.501,20.94
6122,31,S3,363.0,29.439,20.94
6123,31,S3,366.0,29.273,20.94
6124,31,S3,369.0,29.104,20.94
6125,31,S3,372.0,29.040,20.94
6126,31,S3,375.0,28.881,20.94
6127,31,S3,378.0,28.769,20.94
6128,31,S3,381.0,28.648,20.94
6129,31,S3,384.0,28.584,20.94
6130,31,S3,387.0,28.385,20.94
6131,31,S3,390.0,28.286,20.94
6132,31,S3,393.0,28.170,20.94
6133,31,S3,396.0,28.099,20.94
6134,31,S3,399.0,28.092,20.94
6135,31,S3,402.0,27.881,20.94
6136,31,S3,405.0,27.763,20.94
6137,31,S3,408.0,27.680,20.94
6138,31,S3,411.0,27.475,20.94
6139,31,S3,414.0,27.440,20.94
6140,31,S3,417.0,27.317,20.94
6141,31,S3,420.0,27.184,20.94
6142,31,S3,423.0,27.180,20.94
6143,31,S3,426.0,26.992,20.94
6144,31,S3,429.0,26.852,20.94
6145,31,S3,432.0,26.920,20.94
6146,31,S3,435.0,26.630,20.94
6147,31,S3,438.0,26.574,20.94
6148,31,S3,441.0,26.500,20.94
6149,31,S3,444.0,26.426,20.94
6150,31,S3,447.0,26.357,20.94
6151,31,S3,450.0,26.245,20.94
6152,31,S3,453.0,26.205,20.94
6153,31,S3,456.0,26.066,20.94
6154,31,S3,459.0,26.055,20.94
6155,31,S3,462.0,25.761,20.94
6156,31,S3,465.0,25.833,20.94
6157,31,S3,468.0,25.741,20.94
6158,31,S3,471.0,25.720,20.94
6159,31,S3,474.0,25.612,20.94
6160,31,S3,477.0,25.572,20.94
6161,31,S3,480.0,25.413,20.94
6162,31,S3,483.0,25.427,20.94
6163,31,S3,486.0,25.373,20.94
6164,31,S3,489.0,25.268,20.94
6165,31,S3,492.0,25.106,20.94
6166,31,S3,495.0,25.165,20.94
6167,31,S3,498.0,24.966,20.94
6168,31,S3,501.0,24.949,20.94
6169,31,S3,504.0,24.958,20.94
6170,31,S3,507.0,24.867,20.94
6171,31,S3,510.0,24.737,20.94
6172,31,S3,513.0,24.754,20.94
6173,31,S3,516.0,24.607,20.94
6174,31,S3,519.0,24.605,20.94
6175,31,S3,522.0,24.548,20.94
6176,31,S3,525.0,24.477,20.94
6177,31,S3,528.0,24.385,20.94
6178,31,S3,531.0,24.313,20.94
6179,31,S3,534.0,24.400,20.94
6180,31,S3,537.0,24.256,20.94
6181,31,S3,540.0,24.324,20.94
6182,31,S3,543.0,24.137,20.94
6183,31,S3,546.0,24.078,20.94
6184,31,S3,549.0,24.063,20.94
6185,31,S3,552.0,23.984,20.94
6186,31,S3,555.0,23.989,20.94
6187,31,S3,558.0,23.899,20.94
6188,31,S3,561.0,23.898,20.94
6189,31,S3,564.0,23.763,20.94
6190,31,S3,567.0,23.761,20.94
6191,31,S3,570.0,23.753,20.94
6192,31,S3,573.0,23.647,20.94
6193,31,S3,576.0,23.571,20.94
6194,31,S3,579.0,23.626,20.94
6195,31,S3,582.0,23.612,20.94
6196,31,S3,585.0,23.473,20.94
6197,31,S3,588.0,23.488,20.94
6198,31,S3,591.0,23.481,20.94
6199,31,S3,594.0,23.440,20.94
6200,31,S3,597.0,23.323,20.94
6201,32,S4,0.0,85.840,20.19
6202,32,S4,3.0,84.650,20.19
6203,32,S4,6.0,83.522,20.19
6204,32,S4,9.0,82.365,20.19
6205,32,S4,12.0,81.314,20.19
6206,32,S4,15.0,80.150,20.19
6207,32,S4,18.0,79.145,20.19
6208,32,S4,21.0,78.136,20.19
6209,32,S4,24.0,76.966,20.19
6210,32,S4,27.0,76.030,20.19
6211,32,S4,30.0,75.041,20.19
6212,32,S4,33.0,73.967,20.19
6213,32,S4,36.0,73.151,20.19
6214,32,S4,39.0,72.173,20.19
6215,32,S4,42.0,71.218,20.19
6216,32,S4,45.0,70.319,20.19
6217,32,S4,48.0,69.427,20.19
6218,32,S4,51.0,68.565,20.19
6219,32,S4,54.0,67.688,20.19
6220,32,S4,57.0,66.825,20.19
6221,32,S4,60.0,65.981,20.19
6222,32,S4,63.0,65.189,20.19
6223,32,S4,66.0,64.376,20.19
6224,32,S4,69.0,63.568,20.19
6225,32,S4,72.0,62.892,20.19
6226,32,S4,75.0,62.014,20.19
6227,32,S4,78.0,61.309,20.19
6228,32,S4,81.0,60.601,20.19
6229,32,S4,84.0,59.907,20.19
6230,32,S4,87.0,59.106,20.19
6231,32,S4,90.0,58.379,20.19
6232,32,S4,93.0,57.758,20.19
6233,32,S4,96.0,57.019,20.19
6234,32,S4,99.0,56.450,20.19
6235,32,S4,102.0,55.847,20.19
6236,32,S4,105.0,55.144,20.19
6237,32,S4,108.0,54.564,20.19
6238,32,S4,111.0,53.854,20.19
6239,32,S4,114.0,53.239,20.19
6240,32,S4,117.0,52.661,20.19
6241,32,S4,120.0,52.133,20.19
6242,32,S4,123.0,51.635,20.19
6243,32,S4,126.0,50.999,20.19
6244,32,S4,129.0,50.417,20.19
6245,32,S4,132.0,49.961,20.19
6246,32,S4,135.0,49.492,20.19
6247,32,S4,138.0,48.857,20.19
6248,32,S4,141.0,48.401,20.19
6249,32,S4,144.0,47.854,20.19
6250,32,S4,147.0,47.362,20.19
6251,32,S4,150.0,46.871,20.19
6252,32,S4,153.0,46.453,20.19
6253,32,S4,156.0,45.913,20.19
6254,32,S4,159.0,45.459,20.19
6255,32,S4,162.0,45.110,20.19
6256,32,S4,165.0,44.530,20.19
6257,32,S4,168.0,44.184,20.19
6258,32,S4,171.0,43.659,20.19
6259,32,S4,174.0,43.316,20.19
6260,32,S4,177.0,42.850,20.19
6261,32,S4,180.0,42.467,20.19
6262,32,S4,183.0,42.206,20.19
6263,32,S4,186.0,41.745,20.19
6264,32,S4,189.0,41.333,20.19
6265,32,S4,192.0,40.896,20.19
6266,32,S4,195.0,40.558,20.19
6267,32,S4,198.0,40.256,20.19
6268,32,S4,201.0,39.788,20.19
6269,32,S4,204.0,39.542,20.19
6270,32,S4,207.0,39.160,20.19
6271,32,S4,210.0,38.863,20.19
6272,32,S4,213.0,38.454,20.19
6273,32,S4,216.0,38.177,20.19
6274,32,S4,219.0,37.863,20.19
6275,32,S4,222.0,37.520,20.19
6276,32,S4,225.0,37.234,20.19
6277,32,S4,228.0,36.969,20.19
6278,32,S4,231.0,36.593,20.19
6279,32,S4,234.0,36.312,20.19
6280,32,S4,237.0,36.079,20.19
6281,32,S4,240.0,35.759,20.19
6282,32,S4,243.0,35.502,20.19
6283,32,S4,246.0,35.249,20.19
6284,32,S4,249.0,34.879,20.19
6285,32,S4,252.0,34.635,20.19
6286,32,S4,255.0,34.514,20.19
6287,32,S4,258.0,34.190,20.19
6288,32,S4,261.0,33.899,20.19
6289,32,S4,264.0,33.743,20.19
6290,32,S4,267.0,33.445,20.19
6291,32,S4,270.0,33.189,20.19
6292,32,S4,273.0,32.941,20.19
6293,32,S4,276.0,32.670,20.19
6294,32,S4,279.0,32.606,20.19
6295,32,S4,282.0,32.332,20.19
6296,32,S4,285.0,32.112,20.19
6297,32,S4,288.0,31.832,20.19
6298,32,S4,291.0,31.601,20.19
6299,32,S4,294.0,31.454,20.19
6300,32,S4,297.0,31.255,20.19
6301,32,S4,300.0,31.096,20.19
6302,32,S4,303.0,30.930,20.19
6303,32,S4,306.0,30.740,20.19
6304,32,S4,309.0,30.361,20.19
6305,32,S4,312.0,30.353,20.19
6306,32,S4,315.0,30.195,20.19
6307,32,S4,318.0,29.936,20.19
6308,32,S4,321.0,29.863,20.19
6309,32,S4,324.0,29.586,20.19
6310,32,S4,327.0,29.348,20.19
6311,32,S4,330.0,29.314,20.19
6312,32,S4,333.0,29.102,20.19
6313,32,S4,336.0,28.919,20.19
6314,32,S4,339.0,28.746,20.19
6315,32,S4,342.0,28.621,20.19
6316,32,S4,345.0,28.430,20.19
6317,32,S4,348.0,28.300,20.19
6318,32,S4,351.0,28.248,20.19
6319,32,S4,354.0,28.007,20.19
6320,32,S4,357.0,27.877,20.19
6321,32,S4,360.0,27.719,20.19
6322,32,S4,363.0,27.618,20.19
6323,32,S4,366.0,27.422,20.19
6324,32,S4,369.0,27.332,20.19
6325,32,S4,372.0,27.298,20.19
6326,32,S4,375.0,27.090,20.19
6327,32,S4,378.0,26.908,20.19
6328,32,S4,381.0,26.860,20.19
6329,32,S4,384.0,26.717,20.19
6330,32,S4,387.0,26.597,20.19
6331,32,S4,390.0,26.465,20.19
6332,32,S4,393.0,26.436,20.19
6333,32,S4,396.0,26.333,20.19
6334,32,S4,399.0,26.192,20.19
6335,32,S4,402.0,26.080,20.19
6336,32,S4,405.0,25.976,20.19
6337,32,S4,408.0,25.945,20.19
6338,32,S4,411.0,25.747,20.19
6339,32,S4,414.0,25.612,20.19
6340,32,S4,417.0,25.518,20.19
6341,32,S4,420.0,25.475,20.19
6342,32,S4,423.0,25.342,20.19
6343,32,S4,426.0,25.267,20.19
6344,32,S4,429.0,25.246,20.19
6345,32,S4,432.0,25.082,20.19
6346,32,S4,435.0,24.975,20.19
6347,32,S4,438.0,24.971,20.19
6348,32,S4,441.0,24.953,20.19
6349,32,S4,444.0,24.806,20.19
6350,32,S4,447.0,24.764,20.19
6351,32,S4,450.0,24.760,20.19
6352,32,S4,453.0,24.595,20.19
6353,32,S4,456.0,24.394,20.19
6354,32,S4,459.0,24.362,20.19
6355,32,S4,462.0,24.287,20.19
6356,32,S4,465.0,24.251,20.19
6357,32,S4,468.0,24.236,20.19
6358,32,S4,471.0,24.164,20.19
6359,32,S4,474.0,24.007,20.19
6360,32,S4,477.0,24.017,20.19
6361,32,S4,480.0,23.850,20.19
6362,32,S4,483.0,23.796,20.19
6363,32,S4,486.0,23.730,20.19
6364,32,S4,489.0,23.671,20.19
6365,32,S4,492.0,23.660,20.19
6366,32,S4,495.0,23.602,20.19
6367,32,S4,498.0,23.487,20.19
6368,32,S4,501.0,23.447,20.19
6369,32,S4,504.0,23.366,20.19
6370,32,S4,507.0,23.416,20.19
6371,32,S4,510.0,23.309,20.19
6372,32,S4,513.0,23.300,20.19
6373,32,S4,516.0,23.239,20.19
6374,32,S4,519.0,23.091,20.19
6375,32,S4,522.0,23.087,20.19
6376,32,S4,525.0,23.007,20.19
6377,32,S4,528.0,23.000,20.19
6378,32,S4,531.0,22.888,20.19
6379,32,S4,534.0,22.932,20.19
6380,32,S4,537.0,22.849,20.19
6381,32,S4,540.0,22.719,20.19
6382,32,S4,543.0,22.738,20.19
6383,32,S4,546.0,22.574,20.19
6384,32,S4,549.0,22.608,20.19
6385,32,S4,552.0,22.604,20.19
6386,32,S4,555.0,22.497,20.19
6387,32,S4,558.0,22.499,20.19
6388,32,S4,561.0,22.549,20.19
6389,32,S4,564.0,22.467,20.19
6390,32,S4,567.0,22.392,20.19
6391,32,S4,570.0,22.280,20.19
6392,32,S4,573.0,22.265,20.19
6393,32,S4,576.0,22.347,20.19
6394,32,S4,579.0,22.214,20.19
6395,32,S4,582.0,22.348,20.19
6396,32,S4,585.0,22.169,20.19
6397,32,S4,588.0,22.163,20.19
6398,32,S4,591.0,22.094,20.19
6399,32,S4,594.0,22.044,20.19
6400,32,S4,597.0,22.038,20.19
6401,33,S1,0.0,92.410,22.89
6402,33,S1,3.0,91.267,22.89
6403,33,S1,6.0,90.164,22.89
6404,33,S1,9.0,89.001,22.89
6405,33,S1,12.0,87.860,22.89
6406,33,S1,15.0,86.835,22.89
6407,33,S1,18.0,85.753,22.89
6408,33,S1,21.0,84.729,22.89
6409,33,S1,24.0,83.756,22.89
6410,33,S1,27.0,82.736,22.89
6411,33,S1,30.0,81.639,22.89
6412,33,S1,33.0,80.757,22.89
6413,33,S1,36.0,79.809,22.89
6414,33,S1,39.0,78.782,22.89
6415,33,S1,42.0,77.969,22.89
6416,33,S1,45.0,76.961,22.89
6417,33,S1,48.0,76.037,22.89
6418,33,S1,51.0,75.238,22.89
6419,33,S1,54.0,74.301,22.89
6420,33,S1,57.0,73.626,22.89
6421,33,S1,60.0,72.653,22.89
6422,33,S1,63.0,71.831,22.89
6423,33,S1,66.0,71.052,22.89
6424,33,S1,69.0,70.258,22.89
6425,33,S1,72.0,69.522,22.89
6426,33,S1,75.0,68.597,22.89
6427,33,S1,78.0,67.918,22.89
6428,33,S1,81.0,67.125,22.89
6429,33,S1,84.0,66.420,22.89
6430,33,S1,87.0,65.663,22.89
6431,33,S1,90.0,65.002,22.89
6432,33,S1,93.0,64.306,22.89
6433,33,S1,96.0,63.549,22.89
6434,33,S1,99.0,62.947,22.89
6435,33,S1,102.0,62.317,22.89
6436,33,S1,105.0,61.633,22.89
6437,33,S1,108.0,60.990,22.89
6438,33,S1,111.0,60.380,22.89
6439,33,S1,114.0,59.672,22.89
6440,33,S1,117.0,59.083,22.89
6441,33,S1,120.0,58.544,22.89
6442,33,S1,123.0,57.891,22.89
6443,33,S1,126.0,57.201,22.89
6444,33,S1,129.0,56.729,22.89
6445,33,S1,132.0,56.107,22.89
6446,33,S1,135.0,55.613,22.89
6447,33,S1,138.0,55.031,22.89
6448,33,S1,141.0,54.497,22.89
6449,33,S1,144.0,54.016,22.89
6450,33,S1,147.0,53.505,22.89
6451,33,S1,150.0,52.976,22.89
6452,33,S1,153.0,52.505,22.89
6453,33,S1,156.0,52.100,22.89
6454,33,S1,159.0,51.549,22.89
6455,33,S1,162.0,51.052,22.89
6456,33,S1,165.0,50.570,22.89
6457,33,S1,168.0,50.010,22.89
6458,33,S1,171.0,49.720,22.89
6459,33,S1,174.0,49.222,22.89
6460,33,S1,177.0,48.709,22.89
6461,33,S1,180.0,48.392,22.89
6462,33,S1,183.0,47.956,22.89
6463,33,S1,186.0,47.452,22.89
6464,33,S1,189.0,47.124,22.89
6465,33,S1,192.0,46.750,22.89
6466,33,S1,195.0,46.367,22.89
6467,33,S1,198.0,45.865,22.89
6468,33,S1,201.0,45.559,22.89
6469,33,S1,204.0,45.088,22.89
6470,33,S1,207.0,44.837,22.89
6471,33,S1,210.0,44.382,22.89
6472,33,S1,213.0,44.028,22.89
6473,33,S1,216.0,43.676,22.89
6474,33,S1,219.0,43.486,22.89
6475,33,S1,222.0,43.036,22.89
6476,33,S1,225.0,42.744,22.89
6477,33,S1,228.0,42.369,22.89
6478,33,S1,231.0,42.019,22.89
6479,33,S1,234.0,41.675,22.89
6480,33,S1,237.0,41.481,22.89
6481,33,S1,240.0,41.212,22.89
6482,33,S1,243.0,40.778,22.89
6483,33,S1,246.0,40.540,22.89
6484,33,S1,249.0,40.197,22.89
6485,33,S1,252.0,39.957,22.89
6486,33,S1,255.0,39.657,22.89
6487,33,S1,258.0,39.319,22.89
6488,33,S1,261.0,39.051,22.89
6489,33,S1,264.0,38.952,22.89
6490,33,S1,267.0,38.528,22.89
6491,33,S1,270.0,38.298,22.89
6492,33,S1,273.0,38.173,22.89
6493,33,S1,276.0,37.799,22.89
6494,33,S1,279.0,37.578,22.89
6495,33,S1,282.0,37.329,22.89
6496,33,S1,285.0,37.055,22.89
6497,33,S1,288.0,36.874,22.89
6498,33,S1,291.0,36.686,22.89
6499,33,S1,294.0,36.417,22.89
6500,33,S1,297.0,36.169,22.89
6501,33,S1,300.0,35.932,22.89
6502,33,S1,303.0,35.760,22.89
6503,33,S1,306.0,35.473,22.89
6504,33,S1,309.0,35.297,22.89
6505,33,S1,312.0,35.165,22.89
6506,33,S1,315.0,34.878,22.89
6507,33,S1,318.0,34.669,22.89
6508,33,S1,321.0,34.525,22.89
6509,33,S1,324.0,34.309,22.89
6510,33,S1,327.0,34.088,22.89
6511,33,S1,330.0,33.798,22.89
6512,33,S1,333.0,33.744,22.89
6513,33,S1,336.0,33.592,22.89
6514,33,S1,339.0,33.410,22.89
6515,33,S1,342.0,33.317,22.89
6516,33,S1,345.0,32.971,22.89
6517,33,S1,348.0,32.815,22.89
6518,33,S1,351.0,32.774,22.89
6519,33,S1,354.0,32.533,22.89
6520,33,S1,357.0,32.333,22.89
6521,33,S1,360.0,32.138,22.89
6522,33,S1,363.0,32.063,22.89
6523,33,S1,366.0,31.929,22.89
6524,33,S1,369.0,31.717,22.89
6525,33,S1,372.0,31.652,22.89
6526,33,S1,375.0,31.534,22.89
6527,33,S1,378.0,31.258,22.89
6528,33,S1,381.0,31.122,22.89
6529,33,S1,384.0,31.179,22.89
6530,33,S1,387.0,30.881,22.89
6531,33,S1,390.0,30.871,22.89
6532,33,S1,393.0,30.714,22.89
6533,33,S1,396.0,30.508,22.89
6534,33,S1,399.0,30.359,22.89
6535,33,S1,402.0,30.291,22.89
6536,33,S1,405.0,30.089,22.89
6537,33,S1,408.0,30.015,22.89
6538,33,S1,411.0,29.899,22.89
6539,33,S1,414.0,29.734,22.89
6540,33,S1,417.0,29.681,22.89
6541,33,S1,420.0,29.515,22.89
6542,33,S1,423.0,29.455,22.89
6543,33,S1,426.0,29.309,22.89
6544,33,S1,429.0,29.181,22.89
6545,33,S1,432.0,29.164,22.89
6546,33,S1,435.0,28.982,22.89
6547,33,S1,438.0,28.903,22.89
6548,33,S1,441.0,28.910,22.89
6549,33,S1,444.0,28.703,22.89
6550,33,S1,447.0,28.691,22.89
6551,33,S1,450.0,28.542,22.89
6552,33,S1,453.0,28.517,22.89
6553,33,S1,456.0,28.329,22.89
6554,33,S1,459.0,28.225,22.89
6555,33,S1,462.0,28.130,22.89
6556,33,S1,465.0,28.069,22.89
6557,33,S1,468.0,27.953,22.89
6558,33,S1,471.0,27.894,22.89
6559,33,S1,474.0,27.771,22.89
6560,33,S1,477.0,27.638,22.89
6561,33,S1,480.0,27.617,22.89
6562,33,S1,483.0,27.641,22.89
6563,33,S1,486.0,27.503,22.89
6564,33,S1,489.0,27.381,22.89
6565,33,S1,492.0,27.389,22.89
6566,33,S1,495.0,27.180,22.89
6567,33,S1,498.0,27.186,22.89
6568,33,S1,501.0,27.174,22.89
6569,33,S1,504.0,27.130,22.89
6570,33,S1,507.0,27.028,22.89
6571,33,S1,510.0,26.908,22.89
6572,33,S1,513.0,26.890,22.89
6573,33,S1,516.0,26.746,22.89
6574,33,S1,519.0,26.706,22.89
6575,33,S1,522.0,26.686,22.89
6576,33,S1,525.0,26.670,22.89
6577,33,S1,528.0,26.546,22.89
6578,33,S1,531.0,26.412,22.89
6579,33,S1,534.0,26.402,22.89
6580,33,S1,537.0,26.437,22.89
6581,33,S1,540.0,26.366,22.89
6582,33,S1,543.0,26.296,22.89
6583,33,S1,546.0,26.198,22.89
6584,33,S1,549.0,26.160,22.89
6585,33,S1,552.0,26.002,22.89
6586,33,S1,555.0,26.048,22.89
6587,33,S1,558.0,25.923,22.89
6588,33,S1,561.0,26.008,22.89
6589,33,S1,564.0,25.879,22.89
6590,33,S1,567.0,25.853,22.89
6591,33,S1,570.0,25.822,22.89
6592,33,S1,573.0,25.703,22.89
6593,33,S1,576.0,25.755,22.89
6594,33,S1,579.0,25.666,22.89
6595,33,S1,582.0,25.591,22.89
6596,33,S1,585.0,25.585,22.89
6597,33,S1,588.0,25.566,22.89
6598,33,S1,591.0,25.446,22.89
6599,33,S1,594.0,25.454,22.89
6600,33,S1,597.0,25.463,22.89
6601,34,S2,0.0,76.813,22.02
6602,34,S2,3.0,75.558,22.02
6603,34,S2,6.0,74.289,22.02
6604,34,S2,9.0,73.231,22.02
6605,34,S2,12.0,72.005,22.02
6606,34,S2,15.0,71.092,22.02
6607,34,S2,18.0,69.973,22.02
6608,34,S2,21.0,68.848,22.02
6609,34,S2,24.0,67.826,22.02
6610,34,S2,27.0,66.913,22.02
6611,34,S2,30.0,65.850,22.02
6612,34,S2,33.0,64.949,22.02
6613,34,S2,36.0,63.998,22.02
6614,34,S2,39.0,63.011,22.02
6615,34,S2,42.0,62.104,22.02
6616,34,S2,45.0,61.307,22.02
6617,34,S2,48.0,60.338,22.02
6618,34,S2,51.0,59.480,22.02
6619,34,S2,54.0,58.731,22.02
6620,34,S2,57.0,57.873,22.02
6621,34,S2,60.0,57.023,22.02
6622,34,S2,63.0,56.266,22.02
6623,34,S2,66.0,55.611,22.02
6624,34,S2,69.0,54.809,22.02
6625,34,S2,72.0,54.059,22.02
6626,34,S2,75.0,53.357,22.02
6627,34,S2,78.0,52.620,22.02
6628,34,S2,81.0,52.053,22.02
6629,34,S2,84.0,51.464,22.02
6630,34,S2,87.0,50.697,22.02
6631,34,S2,90.0,50.165,22.02
6632,34,S2,93.0,49.389,22.02
6633,34,S2,96.0,48.941,22.02
6634,34,S2,99.0,48.295,22.02
6635,34,S2,102.0,47.702,22.02
6636,34,S2,105.0,47.211,22.02
6637,34,S2,108.0,46.534,22.02
6638,34,S2,111.0,45.948,22.02
6639,34,S2,114.0,45.503,22.02
6640,34,S2,117.0,45.001,22.02
6641,34,S2,120.0,44.474,22.02
6642,34,S2,123.0,44.043,22.02
6643,34,S2,126.0,43.498,22.02
6644,34,S2,129.0,43.093,22.02
6645,34,S2,132.0,42.644,22.02
6646,34,S2,135.0,42.181,22.02
6647,34,S2,138.0,41.724,22.02
6648,34,S2,141.0,41.182,22.02
6649,34,S2,144.0,40.766,22.02
6650,34,S2,147.0,40.268,22.02
6651,34,S2,150.0,40.032,22.02
6652,34,S2,153.0,39.654,22.02
6653,34,S2,156.0,39.154,22.02
6654,34,S2,159.0,38.839,22.02
6655,34,S2,162.0,38.460,22.02
6656,34,S2,165.0,38.097,22.02
6657,34,S2,168.0,37.778,22.02
6658,34,S2,171.0,37.461,22.02
6659,34,S2,174.0,37.097,22.02
6660,34,S2,177.0,36.813,22.02
6661,34,S2,180.0,36.468,22.02
6662,34,S2,183.0,36.056,22.02
6663,34,S2,186.0,35.740,22.02
6664,34,S2,189.0,35.487,22.02
6665,34,S2,192.0,35.200,22.02
6666,34,S2,195.0,34.811,22.02
6667,34,S2,198.0,34.639,22.02
6668,34,S2,201.0,34.208,22.02
6669,34,S2,204.0,34.096,22.02
6670,34,S2,207.0,33.854,22.02
6671,34,S2,210.0,33.617,22.02
6672,34,S2,213.0,33.181,22.02
6673,34,S2,216.0,33.003,22.02
6674,34,S2,219.0,32.739,22.02
6675,34,S2,222.0,32.494,22.02
6676,34,S2,225.0,32.327,22.02
6677,34,S2,228.0,32.066,22.02
6678,34,S2,231.0,31.963,22.02
6679,34,S2,234.0,31.662,22.02
6680,34,S2,237.0,31.408,22.02
6681,34,S2,240.0,31.161,22.02
6682,34,S2,243.0,31.189,22.02
6683,34,S2,246.0,30.811,22.02
6684,34,S2,249.0,30.636,22.02
6685,34,S2,252.0,30.407,22.02
6686,34,S2,255.0,30.317,22.02
6687,34,S2,258.0,29.981,22.02
6688,34,S2,261.0,29.924,22.02
6689,34,S2,264.0,29.705,22.02
6690,34,S2,267.0,29.557,22.02
6691,34,S2,270.0,29.365,22.02
6692,34,S2,273.0,29.139,22.02
6693,34,S2,276.0,29.149,22.02
6694,34,S2,279.0,28.886,22.02
6695,34,S2,282.0,28.669,22.02
6696,34,S2,285.0,28.623,22.02
6697,34,S2,288.0,28.503,22.02
6698,34,S2,291.0,28.243,22.02
6699,34,S2,294.0,28.188,22.02
6700,34,S2,297.0,28.087,22.02
6701,34,S2,300.0,27.879,22.02
6702,34,S2,303.0,27.783,22.02
6703,34,S2,306.0,27.656,22.02
6704,34,S2,309.0,27.665,22.02
6705,34,S2,312.0,27.487,22.02
6706,34,S2,315.0,27.385,22.02
6707,34,S2,318.0,27.159,22.02
6708,34,S2,321.0,27.103,22.02
6709,34,S2,324.0,27.004,22.02
6710,34,S2,327.0,26.931,22.02
6711,34,S2,330.0,26.749,22.02
6712,34,S2,333.0,26.645,22.02
6713,34,S2,336.0,26.484,22.02
6714,34,S2,339.0,26.440,22.02
6715,34,S2,342.0,26.371,22.02
6716,34,S2,345.0,26.253,22.02
6717,34,S2,348.0,26.192,22.02
6718,34,S2,351.0,26.033,22.02
6719,34,S2,354.0,25.955,22.02
6720,34,S2,357.0,25.874,22.02
6721,34,S2,360.0,25.763,22.02
6722,34,S2,363.0,25.730,22.02
6723,34,S2,366.0,25.629,22.02
6724,34,S2,369.0,25.469,22.02
6725,34,S2,372.0,25.497,22.02
6726,34,S2,375.0,25.446,22.02
6727,34,S2,378.0,25.321,22.02
6728,34,S2,381.0,25.176,22.02
6729,34,S2,384.0,25.148,22.02
6730,34,S2,387.0,25.083,22.02
6731,34,S2,390.0,25.081,22.02
6732,34,S2,393.0,24.973,22.02
6733,34,S2,396.0,24.900,22.02
6734,34,S2,399.0,24.853,22.02
6735,34,S2,402.0,24.758,22.02
6736,34,S2,405.0,24.765,22.02
6737,34,S2,408.0,24.696,22.02
6738,34,S2,411.0,24.521,22.02
6739,34,S2,414.0,24.572,22.02
6740,34,S2,417.0,24.522,22.02
6741,34,S2,420.0,24.453,22.02
6742,34,S2,423.0,24.358,22.02
6743,34,S2,426.0,24.299,22.02
6744,34,S2,429.0,24.282,22.02
6745,34,S2,432.0,24.327,22.02
6746,34,S2,435.0,24.130,22.02
6747,34,S2,438.0,24.107,22.02
6748,34,S2,441.0,24.090,22.02
6749,34,S2,444.0,23.986,22.02
6750,34,S2,447.0,23.987,22.02
6751,34,S2,450.0,23.834,22.02
6752,34,S2,453.0,23.925,22.02
6753,34,S2,456.0,23.913,22.02
6754,34,S2,459.0,23.789,22.02
6755,34,S2,462.0,23.847,22.02
6756,34,S2,465.0,23.754,22.02
6757,34,S2,468.0,23.725,22.02
6758,34,S2,471.0,23.734,22.02
6759,34,S2,474.0,23.674,22.02
6760,34,S2,477.0,23.656,22.02
6761,34,S2,480.0,23.610,22.02
6762,34,S2,483.0,23.478,22.02
6763,34,S2,486.0,23.545,22.02
6764,34,S2,489.0,23.512,22.02
6765,34,S2,492.0,23.390,22.02
6766,34,S2,495.0,23.405,22.02
6767,34,S2,498.0,23.351,22.02
6768,34,S2,501.0,23.255,22.02
6769,34,S2,504.0,23.368,22.02
6770,34,S2,507.0,23.282,22.02
6771,34,S2,510.0,23.323,22.02
6772,34,S2,513.0,23.188,22.02
6773,34,S2,516.0,23.160,22.02
6774,34,S2,519.0,23.084,22.02
6775,34,S2,522.0,23.191,22.02
6776,34,S2,525.0,23.057,22.02
6777,34,S2,528.0,23.125,22.02
6778,34,S2,531.0,23.051,22.02
6779,34,S2,534.0,23.163,22.02
6780,34,S2,537.0,23.044,22.02
6781,34,S2,540.0,22.965,22.02
6782,34,S2,543.0,22.998,22.02
6783,34,S2,546.0,22.883,22.02
6784,34,S2,549.0,22.909,22.02
6785,34,S2,552.0,22.946,22.02
6786,34,S2,555.0,22.895,22.02
6787,34,S2,558.0,22.727,22.02
6788,34,S2,561.0,22.826,22.02
6789,34,S2,564.0,22.871,22.02
6790,34,S2,567.0,22.914,22.02
6791,34,S2,570.0,22.800,22.02
6792,34,S2,573.0,22.760,22.02
6793,34,S2,576.0,22.806,22.02
6794,34,S2,579.0,22.763,22.02
6795,34,S2,582.0,22.796,22.02
6796,34,S2,585.0,22.724,22.02
6797,34,S2,588.0,22.692,22.02
6798,34,S2,591.0,22.636,22.02
6799,34,S2,594.0,22.740,22.02
6800,34,S2,597.0,22.656,22.02
6801,35,S3,0.0,91.301,21.81
6802,35,S3,3.0,89.463,21.81
6803,35,S3,6.0,87.554,21.81
6804,35,S3,9.0,85.694,21.81
6805,35,S3,12.0,83.792,21.81
6806,35,S3,15.0,82.032,21.81
6807,35,S3,18.0,80.457,21.81
6808,35,S3,21.0,78.666,21.81
6809,35,S3,24.0,77.031,21.81
6810,35,S3,27.0,75.406,21.81
6811,35,S3,30.0,73.860,21.81
6812,35,S3,33.0,72.382,21.81
6813,35,S3,36.0,71.034,21.81
6814,35,S3,39.0,69.594,21.81
6815,35,S3,42.0,68.193,21.81
6816,35,S3,45.0,66.803,21.81
6817,35,S3,48.0,65.663,21.81
6818,35,S3,51.0,64.370,21.81
6819,35,S3,54.0,63.147,21.81
6820,35,S3,57.0,61.870,21.81
6821,35,S3,60.0,60.682,21.81
6822,35,S3,63.0,59.696,21.81
6823,35,S3,66.0,58.705,21.81
6824,35,S3,69.0,57.611,21.81
6825,35,S3,72.0,56.475,21.81
6826,35,S3,75.0,55.520,21.81
6827,35,S3,78.0,54.600,21.81
6828,35,S3,81.0,53.690,21.81
6829,35,S3,84.0,52.792,21.81
6830,35,S3,87.0,51.841,21.81
6831,35,S3,90.0,50.934,21.81
6832,35,S3,93.0,50.090,21.81
6833,35,S3,96.0,49.430,21.81
6834,35,S3,99.0,48.599,21.81
6835,35,S3,102.0,47.744,21.81
6836,35,S3,105.0,47.000,21.81
6837,35,S3,108.0,46.376,21.81
6838,35,S3,111.0,45.621,21.81
6839,35,S3,114.0,44.980,21.81
6840,35,S3,117.0,44.340,21.81
6841,35,S3,120.0,43.661,21.81
6842,35,S3,123.0,42.980,21.81
6843,35,S3,126.0,42.371,21.81
6844,35,S3,129.0,41.795,21.81
6845,35,S3,132.0,41.230,21.81
6846,35,S3,135.0,40.697,21.81
6847,35,S3,138.0,40.171,21.81
6848,35,S3,141.0,39.641,21.81
6849,35,S3,144.0,39.106,21.81
6850,35,S3,147.0,38.636,21.81
6851,35,S3,150.0,38.131,21.81
6852,35,S3,153.0,37.753,21.81
6853,35,S3,156.0,37.233,21.81
6854,35,S3,159.0,36.787,21.81
6855,35,S3,162.0,36.402,21.81
6856,35,S3,165.0,35.873,21.81
6857,35,S3,168.0,35.635,21.81
6858,35,S3,171.0,35.223,21.81
6859,35,S3,174.0,34.747,21.81
6860,35,S3,177.0,34.401,21.81
6861,35,S3,180.0,34.062,21.81
6862,35,S3,183.0,33.800,21.81
6863,35,S3,186.0,33.435,21.81
6864,35,S3,189.0,33.062,21.81
6865,35,S3,192.0,32.709,21.81
6866,35,S3,195.0,32.273,21.81
6867,35,S3,198.0,32.161,21.81
6868,35,S3,201.0,31.908,21.81
6869,35,S3,204.0,31.557,21.81
6870,35,S3,207.0,31.232,21.81
6871,35,S3,210.0,30.904,21.81
6872,35,S3,213.0,30.652,21.81
6873,35,S3,216.0,30.532,21.81
6874,35,S3,219.0,30.177,21.81
6875,35,S3,222.0,29.954,21.81
6876,35,S3,225.0,29.690,21.81
6877,35,S3,228.0,29.475,21.81
6878,35,S3,231.0,29.301,21.81
6879,35,S3,234.0,29.087,21.81
6880,35,S3,237.0,28.900,21.81
6881,35,S3,240.0,28.718,21.81
6882,35,S3,243.0,28.457,21.81
6883,35,S3,246.0,28.221,21.81
6884,35,S3,249.0,28.101,21.81
6885,35,S3,252.0,27.872,21.81
6886,35,S3,255.0,27.708,21.81
6887,35,S3,258.0,27.630,21.81
6888,35,S3,261.0,27.409,21.81
6889,35,S3,264.0,27.196,21.81
6890,35,S3,267.0,27.157,21.81
6891,35,S3,270.0,26.941,21.81
6892,35,S3,273.0,26.829,21.81
6893,35,S3,276.0,26.613,21.81
6894,35,S3,279.0,26.529,21.81
6895,35,S3,282.0,26.361,21.81
6896,35,S3,285.0,26.228,21.81
6897,35,S3,288.0,26.127,21.81
6898,35,S3,291.0,25.979,21.81
6899,35,S3,294.0,25.945,21.81
6900,35,S3,297.0,25.809,21.81
6901,35,S3,300.0,25.529,21.81
6902,35,S3,303.0,25.595,21.81
6903,35,S3,306.0,25.416,21.81
6904,35,S3,309.0,25.318,21.81
6905,35,S3,312.0,25.214,21.81
6906,35,S3,315.0,25.154,21.81
6907,35,S3,318.0,25.059,21.81
6908,35,S3,321.0,25.042,21.81
6909,35,S3,324.0,24.818,21.81
6910,35,S3,327.0,24.772,21.81
6911,35,S3,330.0,24.732,21.81
6912,35,S3,333.0,24.609,21.81
6913,35,S3,336.0,24.622,21.81
6914,35,S3,339.0,24.493,21.81
6915,35,S3,342.0,24.351,21.81
6916,35,S3,345.0,24.331,21.81
6917,35,S3,348.0,24.271,21.81
6918,35,S3,351.0,24.140,21.81
6919,35,S3,354.0,24.072,21.81
6920,35,S3,357.0,24.081,21.81
6921,35,S3,360.0,23.943,21.81
6922,35,S3,363.0,23.872,21.81
6923,35,S3,366.0,23.809,21.81
6924,35,S3,369.0,23.787,21.81
6925,35,S3,372.0,23.682,21.81
6926,35,S3,375.0,23.677,21.81
6927,35,S3,378.0,23.578,21.81
6928,35,S3,381.0,23.672,21.81
6929,35,S3,384.0,23.459,21.81
6930,35,S3,387.0,23.424,21.81
6931,35,S3,390.0,23.494,21.81
6932,35,S3,393.0,23.362,21.81
6933,35,S3,396.0,23.341,21.81
6934,35,S3,399.0,23.274,21.81
6935,35,S3,402.0,23.359,21.81
6936,35,S3,405.0,23.223,21.81
6937,35,S3,408.0,23.184,21.81
6938,35,S3,411.0,23.048,21.81
6939,35,S3,414.0,23.092,21.81
6940,35,S3,417.0,22.997,21.81
6941,35,S3,420.0,23.002,21.81
6942,35,S3,423.0,22.961,21.81
6943,35,S3,426.0,22.977,21.81
6944,35,S3,429.0,22.970,21.81
6945,35,S3,432.0,22.948,21.81
6946,35,S3,435.0,22.888,21.81
6947,35,S3,438.0,22.881,21.81
6948,35,S3,441.0,22.758,21.81
6949,35,S3,444.0,22.805,21.81
6950,35,S3,447.0,22.719,21.81
6951,35,S3,450.0,22.700,21.81
6952,35,S3,453.0,22.685,21.81
6953,35,S3,456.0,22.619,21.81
6954,35,S3,459.0,22.659,21.81
6955,35,S3,462.0,22.657,21.81
6956,35,S3,465.0,22.593,21.81
6957,35,S3,468.0,22.552,21.81
6958,35,S3,471.0,22.659,21.81
6959,35,S3,474.0,22.466,21.81
6960,35,S3,477.0,22.582,21.81
6961,35,S3,480.0,22.488,21.81
6962,35,S3,483.0,22.538,21.81
6963,35,S3,486.0,22.441,21.81
6964,35,S3,489.0,22.430,21.81
6965,35,S3,492.0,22.372,21.81
6966,35,S3,495.0,22.437,21.81
6967,35,S3,498.0,22.369,21.81
6968,35,S3,501.0,22.322,21.81
6969,35,S3,504.0,22.355,21.81
6970,35,S3,507.0,22.394,21.81
6971,35,S3,510.0,22.355,21.81
6972,35,S3,513.0,22.294,21.81
6973,35,S3,516.0,22.300,21.81
6974,35,S3,519.0,22.182,21.81
6975,35,S3,522.0,22.245,21.81
6976,35,S3,525.0,22.220,21.81
6977,35,S3,528.0,22.267,21.81
6978,35,S3,531.0,22.227,21.81
6979,35,S3,534.0,22.178,21.81
6980,35,S3,537.0,22.131,21.81
6981,35,S3,540.0,22.183,21.81
6982,35,S3,543.0,22.237,21.81
6983,35,S3,546.0,22.213,21.81
6984,35,S3,549.0,22.129,21.81
6985,35,S3,552.0,22.129,21.81
6986,35,S3,555.0,22.005,21.81
6987,35,S3,558.0,22.059,21.81
6988,35,S3,561.0,22.057,21.81
6989,35,S3,564.0,22.126,21.81
6990,35,S3,567.0,22.027,21.81
6991,35,S3,570.0,22.102,21.81
6992,35,S3,573.0,22.198,21.81
6993,35,S3,576.0,22.092,21.81
6994,35,S3,579.0,22.095,21.81
6995,35,S3,582.0,22.154,21.81
6996,35,S3,585.0,22.054,21.81
6997,35,S3,588.0,21.981,21.81
6998,35,S3,591.0,21.993,21.81
6999,35,S3,594.0,22.053,21.81
7000,35,S3,597.0,22.089,21.81
7001,36,S4,0.0,90.216,21.76
7002,36,S4,3.0,88.509,21.76
7003,36,S4,6.0,86.879,21.76
7004,36,S4,9.0,85.241,21.76
7005,36,S4,12.0,83.663,21.76
7006,36,S4,15.0,82.111,21.76
7007,36,S4,18.0,80.543,21.76
7008,36,S4,21.0,79.147,21.76
7009,36,S4,24.0,77.608,21.76
7010,36,S4,27.0,76.323,21.76
7011,36,S4,30.0,74.923,21.76
7012,36,S4,33.0,73.638,21.76
7013,36,S4,36.0,72.384,21.76
7014,36,S4,39.0,70.982,21.76
7015,36,S4,42.0,69.843,21.76
7016,36,S4,45.0,68.588,21.76
7017,36,S4,48.0,67.397,21.76
7018,36,S4,51.0,66.292,21.76
7019,36,S4,54.0,65.134,21.76
7020,36,S4,57.0,64.047,21.76
7021,36,S4,60.0,62.997,21.76
7022,36,S4,63.0,61.952,21.76
7023,36,S4,66.0,61.048,21.76
7024,36,S4,69.0,60.065,21.76
7025,36,S4,72.0,59.105,21.76
7026,36,S4,75.0,58.153,21.76
7027,36,S4,78.0,57.208,21.76
7028,36,S4,81.0,56.312,21.76
7029,36,S4,84.0,55.462,21.76
7030,36,S4,87.0,54.647,21.76
7031,36,S4,90.0,53.743,21.76
7032,36,S4,93.0,53.035,21.76
7033,36,S4,96.0,52.226,21.76
7034,36,S4,99.0,51.492,21.76
7035,36,S4,102.0,50.826,21.76
7036,36,S4,105.0,50.001,21.76
7037,36,S4,108.0,49.356,21.76
7038,36,S4,111.0,48.579,21.76
7039,36,S4,114.0,47.966,21.76
7040,36,S4,117.0,47.341,21.76
7041,36,S4,120.0,46.635,21.76
7042,36,S4,123.0,46.012,21.76
7043,36,S4,126.0,45.297,21.76
7044,36,S4,129.0,44.861,21.76
7045,36,S4,132.0,44.317,21.76
7046,36,S4,135.0,43.666,21.76
7047,36,S4,138.0,43.210,21.76
7048,36,S4,141.0,42.655,21.76
7049,36,S4,144.0,42.106,21.76
7050,36,S4,147.0,41.674,21.76
7051,36,S4,150.0,41.106,21.76
7052,36,S4,153.0,40.654,21.76
7053,36,S4,156.0,40.111,21.76
7054,36,S4,159.0,39.763,21.76
7055,36,S4,162.0,39.317,21.76
7056,36,S4,165.0,38.780,21.76
7057,36,S4,168.0,38.330,21.76
7058,36,S4,171.0,37.892,21.76
7059,36,S4,174.0,37.581,21.76
7060,36,S4,177.0,37.237,21.76
7061,36,S4,180.0,36.835,21.76
7062,36,S4,183.0,36.427,21.76
7063,36,S4,186.0,36.168,21.76
7064,36,S4,189.0,35.717,21.76
7065,36,S4,192.0,35.454,21.76
7066,36,S4,195.0,34.955,21.76
7067,36,S4,198.0,34.689,21.76
7068,36,S4,201.0,34.391,21.76
7069,36,S4,204.0,33.990,21.76
7070,36,S4,207.0,33.721,21.76
7071,36,S4,210.0,33.562,21.76
7072,36,S4,213.0,33.138,21.76
7073,36,S4,216.0,32.878,21.76
7074,36,S4,219.0,32.596,21.76
7075,36,S4,222.0,32.297,21.76
7076,36,S4,225.0,32.102,21.76
7077,36,S4,228.0,31.835,21.76
7078,36,S4,231.0,31.542,21.76
7079,36,S4,234.0,31.318,21.76
7080,36,S4,237.0,31.094,21.76
7081,36,S4,240.0,30.761,21.76
7082,36,S4,243.0,30.580,21.76
7083,36,S4,246.0,30.415,21.76
7084,36,S4,249.0,30.150,21.76
7085,36,S4,252.0,29.913,21.76
7086,36,S4,255.0,29.743,21.76
7087,36,S4,258.0,29.487,21.76
7088,36,S4,261.0,29.399,21.76
7089,36,S4,264.0,29.112,21.76
7090,36,S4,267.0,28.972,21.76
7091,36,S4,270.0,28.771,21.76
7092,36,S4,273.0,28.594,21.76
7093,36,S4,276.0,28.400,21.76
7094,36,S4,279.0,28.298,21.76
7095,36,S4,282.0,28.169,21.76
7096,36,S4,285.0,27.993,21.76
7097,36,S4,288.0,27.866,21.76
7098,36,S4,291.0,27.667,21.76
7099,36,S4,294.0,27.532,21.76
7100,36,S4,297.0,27.262,21.76
7101,36,S4,300.0,27.156,21.76
7102,36,S4,303.0,27.094,21.76
7103,36,S4,306.0,26.990,21.76
7104,36,S4,309.0,26.950,21.76
7105,36,S4,312.0,26.719,21.76
7106,36,S4,315.0,26.598,21.76
7107,36,S4,318.0,26.442,21.76
7108,36,S4,321.0,26.395,21.76
7109,36,S4,324.0,26.232,21.76
7110,36,S4,327.0,26.029,21.76
7111,36,S4,330.0,26.045,21.76
7112,36,S4,333.0,25.957,21.76
7113,36,S4,336.0,25.740,21.76
7114,36,S4,339.0,25.763,21.76
7115,36,S4,342.0,25.565,21.76
7116,36,S4,345.0,25.532,21.76
7117,36,S4,348.0,25.419,21.76
7118,36,S4,351.0,25.387,21.76
7119,36,S4,354.0,25.268,21.76
7120,36,S4,357.0,25.057,21.76
7121,36,S4,360.0,25.042,21.76
7122,36,S4,363.0,24.961,21.76
7123,36,S4,366.0,24.782,21.76
7124,36,S4,369.0,24.790,21.76
7125,36,S4,372.0,24.759,21.76
7126,36,S4,375.0,24.663,21.76
7127,36,S4,378.0,24.632,21.76
7128,36,S4,381.0,24.452,21.76
7129,36,S4,384.0,24.416,21.76
7130,36,S4,387.0,24.367,21.76
7131,36,S4,390.0,24.360,21.76
7132,36,S4,393.0,24.283,21.76
7133,36,S4,396.0,24.236,21.76
7134,36,S4,399.0,24.190,21.76
7135,36,S4,402.0,24.160,21.76
7136,36,S4,405.0,24.007,21.76
7137,36,S4,408.0,23.926,21.76
7138,36,S4,411.0,23.898,21.76
7139,36,S4,414.0,23.816,21.76
7140,36,S4,417.0,23.778,21.76
7141,36,S4,420.0,23.758,21.76
7142,36,S4,423.0,23.633,21.76
7143,36,S4,426.0,23.563,21.76
7144,36,S4,429.0,23.647,21.76
7145,36,S4,432.0,23.568,21.76
7146,36,S4,435.0,23.487,21.76
7147,36,S4,438.0,23.469,21.76
7148,36,S4,441.0,23.416,21.76
7149,36,S4,444.0,23.419,21.76
7150,36,S4,447.0,23.360,21.76
7151,36,S4,450.0,23.404,21.76
7152,36,S4,453.0,23.323,21.76
7153,36,S4,456.0,23.255,21.76
7154,36,S4,459.0,23.214,21.76
7155,36,S4,462.0,23.106,21.76
7156,36,S4,465.0,23.095,21.76
7157,36,S4,468.0,23.083,21.76
7158,36,S4,471.0,23.091,21.76
7159,36,S4,474.0,22.990,21.76
7160,36,S4,477.0,22.999,21.76
7161,36,S4,480.0,22.990,21.76
7162,36,S4,483.0,22.884,21.76
7163,36,S4,486.0,22.884,21.76
7164,36,S4,489.0,22.901,21.76
7165,36,S4,492.0,22.896,21.76
7166,36,S4,495.0,22.782,21.76
7167,36,S4,498.0,22.751,21.76
7168,36,S4,501.0,22.719,21.76
7169,36,S4,504.0,22.695,21.76
7170,36,S4,507.0,22.744,21.76
7171,36,S4,510.0,22.704,21.76
7172,36,S4,513.0,22.652,21.76
7173,36,S4,516.0,22.691,21.76
7174,36,S4,519.0,22.636,21.76
7175,36,S4,522.0,22.605,21.76
7176,36,S4,525.0,22.527,21.76
7177,36,S4,528.0,22.499,21.76
7178,36,S4,531.0,22.507,21.76
7179,36,S4,534.0,22.426,21.76
7180,36,S4,537.0,22.567,21.76
7181,36,S4,540.0,22.463,21.76
7182,36,S4,543.0,22.466,21.76
7183,36,S4,546.0,22.482,21.76
7184,36,S4,549.0,22.402,21.76
7185,36,S4,552.0,22.473,21.76
7186,36,S4,555.0,22.434,21.76
7187,36,S4,558.0,22.309,21.76
7188,36,S4,561.0,22.316,21.76
7189,36,S4,564.0,22.383,21.76
7190,36,S4,567.0,22.375,21.76
7191,36,S4,570.0,22.281,21.76
7192,36,S4,573.0,22.331,21.76
7193,36,S4,576.0,22.329,21.76
7194,36,S4,579.0,22.281,21.76
7195,36,S4,582.0,22.118,21.76
7196,36,S4,585.0,22.247,21.76
7197,36,S4,588.0,22.258,21.76
7198,36,S4,591.0,22.288,21.76
7199,36,S4,594.0,22.122,21.76
7200,36,S4,597.0,22.287,21.76
7201,37,S1,0.0,82.491,21.72
7202,37,S1,3.0,81.051,21.72
7203,37,S1,6.0,79.768,21.72
7204,37,S1,9.0,78.505,21.72
7205,37,S1,12.0,77.144,21.72
7206,37,S1,15.0,76.004,21.72
7207,37,S1,18.0,74.713,21.72
7208,37,S1,21.0,73.445,21.72
7209,37,S1,24.0,72.381,21.72
7210,37,S1,27.0,71.177,21.72
7211,37,S1,30.0,70.074,21.72
7212,37,S1,33.0,69.074,21.72
7213,37,S1,36.0,68.025,21.72
7214,37,S1,39.0,66.969,21.72
7215,37,S1,42.0,65.999,21.72
7216,37,S1,45.0,64.827,21.72
7217,37,S1,48.0,63.899,21.72
7218,37,S1,51.0,62.995,21.72
7219,37,S1,54.0,61.957,21.72
7220,37,S1,57.0,61.034,21.72
7221,37,S1,60.0,60.229,21.72
7222,37,S1,63.0,59.374,21.72
7223,37,S1,66.0,58.530,21.72
7224,37,S1,69.0,57.771,21.72
7225,37,S1,72.0,56.913,21.72
7226,37,S1,75.0,56.163,21.72
7227,37,S1,78.0,55.331,21.72
7228,37,S1,81.0,54.589,21.72
7229,37,S1,84.0,53.880,21.72
7230,37,S1,87.0,53.157,21.72
7231,37,S1,90.0,52.486,21.72
7232,37,S1,93.0,51.756,21.72
7233,37,S1,96.0,51.036,21.72
7234,37,S1,99.0,50.426,21.72
7235,37,S1,102.0,49.769,21.72
7236,37,S1,105.0,49.150,21.72
7237,37,S1,108.0,48.501,21.72
7238,37,S1,111.0,47.989,21.72
7239,37,S1,114.0,47.275,21.72
7240,37,S1,117.0,46.652,21.72
7241,37,S1,120.0,46.153,21.72
7242,37,S1,123.0,45.645,21.72
7243,37,S1,126.0,45.106,21.72
7244,37,S1,129.0,44.569,21.72
7245,37,S1,132.0,44.086,21.72
7246,37,S1,135.0,43.548,21.72
7247,37,S1,138.0,42.997,21.72
7248,37,S1,141.0,42.548,21.72
7249,37,S1,144.0,42.201,21.72
7250,37,S1,147.0,41.649,21.72
7251,37,S1,150.0,41.170,21.72
7252,37,S1,153.0,40.873,21.72
7253,37,S1,156.0,40.295,21.72
7254,37,S1,159.0,39.910,21.72
7255,37,S1,162.0,39.534,21.72
7256,37,S1,165.0,39.199,21.72
7257,37,S1,168.0,38.736,21.72
7258,37,S1,171.0,38.428,21.72
7259,37,S1,174.0,37.997,21.72
7260,37,S1,177.0,37.647,21.72
7261,37,S1,180.0,37.277,21.72
7262,37,S1,183.0,36.988,21.72
7263,37,S1,186.0,36.555,21.72
7264,37,S1,189.0,36.205,21.72
7265,37,S1,192.0,35.966,21.72
7266,37,S1,195.0,35.613,21.72
7267,37,S1,198.0,35.313,21.72
7268,37,S1,201.0,34.972,21.72
7269,37,S1,204.0,34.716,21.72
7270,37,S1,207.0,34.331,21.72
7271,37,S1,210.0,34.108,21.72
7272,37,S1,213.0,33.812,21.72
7273,37,S1,216.0,33.504,21.72
7274,37,S1,219.0,33.265,21.72
7275,37,S1,222.0,32.887,21.72
7276,37,S1,225.0,32.699,21.72
7277,37,S1,228.0,32.526,21.72
7278,37,S1,231.0,32.348,21.72
7279,37,S1,234.0,32.103,21.72
7280,37,S1,237.0,31.807,21.72
7281,37,S1,240.0,31.563,21.72
7282,37,S1,243.0,31.422,21.72
7283,37,S1,246.0,31.140,21.72
7284,37,S1,249.0,30.981,21.72
7285,37,S1,252.0,30.782,21.72
7286,37,S1,255.0,30.549,21.72
7287,37,S1,258.0,30.297,21.72
7288,37,S1,261.0,30.154,21.72
7289,37,S1,264.0,29.951,21.72
7290,37,S1,267.0,29.813,21.72
7291,37,S1,270.0,29.475,21.72
7292,37,S1,273.0,29.374,21.72
7293,37,S1,276.0,29.073,21.72
7294,37,S1,279.0,29.080,21.72
7295,37,S1,282.0,29.014,21.72
7296,37,S1,285.0,28.802,21.72
7297,37,S1,288.0,28.724,21.72
7298,37,S1,291.0,28.452,21.72
7299,37,S1,294.0,28.251,21.72
7300,37,S1,297.0,28.155,21.72
7301,37,S1,300.0,27.966,21.72
7302,37,S1,303.0,27.881,21.72
7303,37,S1,306.0,27.641,21.72
7304,37,S1,309.0,27.515,21.72
7305,37,S1,312.0,27.465,21.72
7306,37,S1,315.0,27.325,21.72
7307,37,S1,318.0,27.095,21.72
7308,37,S1,321.0,27.114,21.72
7309,37,S1,324.0,26.917,21.72
7310,37,S1,327.0,26.829,21.72
7311,37,S1,330.0,26.744,21.72
7312,37,S1,333.0,26.638,21.72
7313,37,S1,336.0,26.389,21.72
7314,37,S1,339.0,26.355,21.72
7315,37,S1,342.0,26.295,21.72
7316,37,S1,345.0,26.206,21.72
7317,37,S1,348.0,26.072,21.72
7318,37,S1,351.0,25.927,21.72
7319,37,S1,354.0,25.833,21.72
7320,37,S1,357.0,25.900,21.72
7321,37,S1,360.0,25.756,21.72
7322,37,S1,363.0,25.559,21.72
7323,37,S1,366.0,25.532,21.72
7324,37,S1,369.0,25.443,21.72
7325,37,S1,372.0,25.347,21.72
7326,37,S1,375.0,25.244,21.72
7327,37,S1,378.0,25.232,21.72
7328,37,S1,381.0,25.154,21.72
7329,37,S1,384.0,25.030,21.72
7330,37,S1,387.0,25.030,21.72
7331,37,S1,390.0,24.861,21.72
7332,37,S1,393.0,24.861,21.72
7333,37,S1,396.0,24.742,21.72
7334,37,S1,399.0,24.631,21.72
7335,37,S1,402.0,24.578,21.72
7336,37,S1,405.0,24.496,21.72
7337,37,S1,408.0,24.465,21.72
7338,37,S1,411.0,24.431,21.72
7339,37,S1,414.0,24.422,21.72
7340,37,S1,417.0,24.347,21.72
7341,37,S1,420.0,24.230,21.72
7342,37,S1,423.0,24.229,21.72
7343,37,S1,426.0,24.158,21.72
7344,37,S1,429.0,23.971,21.72
7345,37,S1,432.0,24.026,21.72
7346,37,S1,435.0,23.933,21.72
7347,37,S1,438.0,23.924,21.72
7348,37,S1,441.0,23.862,21.72
7349,37,S1,444.0,23.856,21.72
7350,37,S1,447.0,23.755,21.72
7351,37,S1,450.0,23.650,21.72
7352,37,S1,453.0,23.626,21.72
7353,37,S1,456.0,23.664,21.72
7354,37,S1,459.0,23.595,21.72
7355,37,S1,462.0,23.564,21.72
7356,37,S1,465.0,23.582,21.72
7357,37,S1,468.0,23.483,21.72
7358,37,S1,471.0,23.395,21.72
7359,37,S1,474.0,23.387,21.72
7360,37,S1,477.0,23.387,21.72
7361,37,S1,480.0,23.416,21.72
7362,37,S1,483.0,23.381,21.72
7363,37,S1,486.0,23.183,21.72
7364,37,S1,489.0,23.279,21.72
7365,37,S1,492.0,23.176,21.72
7366,37,S1,495.0,23.185,21.72
7367,37,S1,498.0,23.066,21.72
7368,37,S1,501.0,23.038,21.72
7369,37,S1,504.0,23.133,21.72
7370,37,S1,507.0,23.015,21.72
7371,37,S1,510.0,22.993,21.72
7372,37,S1,513.0,22.943,21.72
7373,37,S1,516.0,22.991,21.72
7374,37,S1,519.0,22.916,21.72
7375,37,S1,522.0,22.870,21.72
7376,37,S1,525.0,22.906,21.72
7377,37,S1,528.0,22.789,21.72
7378,37,S1,531.0,22.829,21.72
7379,37,S1,534.0,22.744,21.72
7380,37,S1,537.0,22.733,21.72
7381,37,S1,540.0,22.735,21.72
7382,37,S1,543.0,22.710,21.72
7383,37,S1,546.0,22.735,21.72
7384,37,S1,549.0,22.723,21.72
7385,37,S1,552.0,22.527,21.72
7386,37,S1,555.0,22.496,21.72
7387,37,S1,558.0,22.583,21.72
7388,37,S1,561.0,22.563,21.72
7389,37,S1,564.0,22.612,21.72
7390,37,S1,567.0,22.467,21.72
7391,37,S1,570.0,22.565,21.72
7392,37,S1,573.0,22.563,21.72
7393,37,S1,576.0,22.491,21.72
7394,37,S1,579.0,22.520,21.72
7395,37,S1,582.0,22.501,21.72
7396,37,S1,585.0,22.428,21.72
7397,37,S1,588.0,22.417,21.72
7398,37,S1,591.0,22.347,21.72
7399,37,S1,594.0,22.419,21.72
7400,37,S1,597.0,22.433,21.72
7401,38,S2,0.0,71.383,21.76
7402,38,S2,3.0,70.678,21.76
7403,38,S2,6.0,69.998,21.76
7404,38,S2,9.0,69.535,21.76
7405,38,S2,12.0,68.818,21.76
7406,38,S2,15.0,68.091,21.76
7407,38,S2,18.0,67.526,21.76
7408,38,S2,21.0,66.913,21.76
7409,38,S2,24.0,66.339,21.76
7410,38,S2,27.0,65.711,21.76
7411,38,S2,30.0,65.122,21.76
7412,38,S2,33.0,64.605,21.76
7413,38,S2,36.0,63.979,21.76
7414,38,S2,39.0,63.454,21.76
7415,38,S2,42.0,62.779,21.76
7416,38,S2,45.0,62.255,21.76
7417,38,S2,48.0,61.732,21.76
7418,38,S2,51.0,61.232,21.76
7419,38,S2,54.0,60.790,21.76
7420,38,S2,57.0,60.194,21.76
7421,38,S2,60.0,59.707,21.76
7422,38,S2,63.0,59.189,21.76
7423,38,S2,66.0,58.664,21.76
7424,38,S2,69.0,58.242,21.76
7425,38,S2,72.0,57.782,21.76
7426,38,S2,75.0,57.168,21.76
7427,38,S2,78.0,56.682,21.76
7428,38,S2,81.0,56.370,21.76
7429,38,S2,84.0,55.804,21.76
7430,38,S2,87.0,55.413,21.76
7431,38,S2,90.0,54.981,21.76
7432,38,S2,93.0,54.575,21.76
7433,38,S2,96.0,54.001,21.76
7434,38,S2,99.0,53.575,21.76
7435,38,S2,102.0,53.220,21.76
7436,38,S2,105.0,52.745,21.76
7437,38,S2,108.0,52.455,21.76
7438,38,S2,111.0,51.929,21.76
7439,38,S2,114.0,51.517,21.76
7440,38,S2,117.0,51.087,21.76
7441,38,S2,120.0,50.794,21.76
7442,38,S2,123.0,50.330,21.76
7443,38,S2,126.0,50.060,21.76
7444,38,S2,129.0,49.587,21.76
7445,38,S2,132.0,49.273,21.76
7446,38,S2,135.0,48.872,21.76
7447,38,S2,138.0,48.544,21.76
7448,38,S2,141.0,48.183,21.76
7449,38,S2,144.0,47.827,21.76
7450,38,S2,147.0,47.477,21.76
7451,38,S2,150.0,47.058,21.76
7452,38,S2,153.0,46.807,21.76
7453,38,S2,156.0,46.367,21.76
7454,38,S2,159.0,46.107,21.76
7455,38,S2,162.0,45.765,21.76
7456,38,S2,165.0,45.532,21.76
7457,38,S2,168.0,45.188,21.76
7458,38,S2,171.0,44.919,21.76
7459,38,S2,174.0,44.506,21.76
7460,38,S2,177.0,44.158,21.76
7461,38,S2,180.0,44.001,21.76
7462,38,S2,183.0,43.527,21.76
7463,38,S2,186.0,43.304,21.76
7464,38,S2,189.0,43.004,21.76
7465,38,S2,192.0,42.848,21.76
7466,38,S2,195.0,42.503,21.76
7467,38,S2,198.0,42.227,21.76
7468,38,S2,201.0,41.950,21.76
7469,38,S2,204.0,41.712,21.76
7470,38,S2,207.0,41.474,21.76
7471,38,S2,210.0,41.114,21.76
7472,38,S2,213.0,40.924,21.76
7473,38,S2,216.0,40.550,21.76
7474,38,S2,219.0,40.439,21.76
7475,38,S2,222.0,40.061,21.76
7476,38,S2,225.0,39.905,21.76
7477,38,S2,228.0,39.689,21.76
7478,38,S2,231.0,39.428,21.76
7479,38,S2,234.0,39.160,21.76
7480,38,S2,237.0,38.926,21.76
7481,38,S2,240.0,38.700,21.76
7482,38,S2,243.0,38.405,21.76
7483,38,S2,246.0,38.261,21.76
7484,38,S2,249.0,38.100,21.76
7485,38,S2,252.0,37.790,21.76
7486,38,S2,255.0,37.637,21.76
7487,38,S2,258.0,37.406,21.76
7488,38,S2,261.0,37.155,21.76
7489,38,S2,264.0,37.021,21.76
7490,38,S2,267.0,36.740,21.76
7491,38,S2,270.0,36.512,21.76
7492,38,S2,273.0,36.360,21.76
7493,38,S2,276.0,36.225,21.76
7494,38,S2,279.0,36.016,21.76
7495,38,S2,282.0,35.821,21.76
7496,38,S2,285.0,35.574,21.76
7497,38,S2,288.0,35.518,21.76
7498,38,S2,291.0,35.149,21.76
7499,38,S2,294.0,35.091,21.76
7500,38,S2,297.0,34.954,21.76
7501,38,S2,300.0,34.751,21.76
7502,38,S2,303.0,34.565,21.76
7503,38,S2,306.0,34.351,21.76
7504,38,S2,309.0,34.162,21.76
7505,38,S2,312.0,34.053,21.76
7506,38,S2,315.0,33.892,21.76
7507,38,S2,318.0,33.644,21.76
7508,38,S2,321.0,33.563,21.76
7509,38,S2,324.0,33.438,21.76
7510,38,S2,327.0,33.234,21.76
7511,38,S2,330.0,32.990,21.76
7512,38,S2,333.0,32.958,21.76
7513,38,S2,336.0,32.668,21.76
7514,38,S2,339.0,32.670,21.76
7515,38,S2,342.0,32.512,21.76
7516,38,S2,345.0,32.370,21.76
7517,38,S2,348.0,32.231,21.76
7518,38,S2,351.0,32.044,21.76
7519,38,S2,354.0,31.968,21.76
7520,38,S2,357.0,31.813,21.76
7521,38,S2,360.0,31.764,21.76
7522,38,S2,363.0,31.452,21.76
7523,38,S2,366.0,31.459,21.76
7524,38,S2,369.0,31.239,21.76
7525,38,S2,372.0,31.115,21.76
7526,38,S2,375.0,31.000,21.76
7527,38,S2,378.0,30.916,21.76
7528,38,S2,381.0,30.755,21.76
7529,38,S2,384.0,30.605,21.76
7530,38,S2,387.0,30.515,21.76
7531,38,S2,390.0,30.365,21.76
7532,38,S2,393.0,30.248,21.76
7533,38,S2,396.0,30.143,21.76
7534,38,S2,399.0,30.208,21.76
7535,38,S2,402.0,29.961,21.76
7536,38,S2,405.0,29.818,21.76
7537,38,S2,408.0,29.809,21.76
7538,38,S2,411.0,29.585,21.76
7539,38,S2,414.0,29.561,21.76
7540,38,S2,417.0,29.420,21.76
7541,38,S2,420.0,29.359,21.76
7542,38,S2,423.0,29.250,21.76
7543,38,S2,426.0,29.173,21.76
7544,38,S2,429.0,28.973,21.76
7545,38,S2,432.0,28.905,21.76
7546,38,S2,435.0,28.838,21.76
7547,38,S2,438.0,28.752,21.76
7548,38,S2,441.0,28.750,21.76
7549,38,S2,444.0,28.453,21.76
7550,38,S2,447.0,28.500,21.76
7551,38,S2,450.0,28.378,21.76
7552,38,S2,453.0,28.346,21.76
7553,38,S2,456.0,28.191,21.76
7554,38,S2,459.0,28.178,21.76
7555,38,S2,462.0,28.084,21.76
7556,38,S2,465.0,27.973,21.76
7557,38,S2,468.0,27.850,21.76
7558,38,S2,471.0,27.745,21.76
7559,38,S2,474.0,27.676,21.76
7560,38,S2,477.0,27.704,21.76
7561,38,S2,480.0,27.508,21.76
7562,38,S2,483.0,27.358,21.76
7563,38,S2,486.0,27.339,21.76
7564,38,S2,489.0,27.287,21.76
7565,38,S2,492.0,27.229,21.76
7566,38,S2,495.0,27.161,21.76
7567,38,S2,498.0,27.036,21.76
7568,38,S2,501.0,27.073,21.76
7569,38,S2,504.0,26.860,21.76
7570,38,S2,507.0,26.884,21.76
7571,38,S2,510.0,26.831,21.76
7572,38,S2,513.0,26.793,21.76
7573,38,S2,516.0,26.727,21.76
7574,38,S2,519.0,26.568,21.76
7575,38,S2,522.0,26.567,21.76
7576,38,S2,525.0,26.475,21.76
7577,38,S2,528.0,26.316,21.76
7578,38,S2,531.0,26.405,21.76
7579,38,S2,534.0,26.326,21.76
7580,38,S2,537.0,26.318,21.76
7581,38,S2,540.0,26.217,21.76
7582,38,S2,543.0,26.129,21.76
7583,38,S2,546.0,26.066,21.76
7584,38,S2,549.0,25.955,21.76
7585,38,S2,552.0,25.910,21.76
7586,38,S2,555.0,25.908,21.76
7587,38,S2,558.0,25.855,21.76
7588,38,S2,561.0,25.832,21.76
7589,38,S2,564.0,25.747,21.76
7590,38,S2,567.0,25.777,21.76
7591,38,S2,570.0,25.642,21.76
7592,38,S2,573.0,25.607,21.76
7593,38,S2,576.0,25.477,21.76
7594,38,S2,579.0,25.538,21.76
7595,38,S2,582.0,25.336,21.76
7596,38,S2,585.0,25.469,21.76
7597,38,S2,588.0,25.315,21.76
7598,38,S2,591.0,25.264,21.76
7599,38,S2,594.0,25.199,21.76
7600,38,S2,597.0,25.209,21.76
7601,39,S3,0.0,84.174,21.69
7602,39,S3,3.0,83.295,21.69
7603,39,S3,6.0,82.396,21.69
7604,39,S3,9.0,81.460,21.69
7605,39,S3,12.0,80.646,21.69
7606,39,S3,15.0,79.771,21.69
7607,39,S3,18.0,78.978,21.69
7608,39,S3,21.0,78.061,21.69
7609,39,S3,24.0,77.375,21.69
7610,39,S3,27.0,76.474,21.69
7611,39,S3,30.0,75.750,21.69
7612,39,S3,33.0,74.950,21.69
7613,39,S3,36.0,74.204,21.69
7614,39,S3,39.0,73.503,21.69
7615,39,S3,42.0,72.691,21.69
7616,39,S3,45.0,71.981,21.69
7617,39,S3,48.0,71.205,21.69
7618,39,S3,51.0,70.506,21.69
7619,39,S3,54.0,69.689,21.69
7620,39,S3,57.0,69.177,21.69
7621,39,S3,60.0,68.380,21.69
7622,39,S3,63.0,67.767,21.69
7623,39,S3,66.0,67.002,21.69
7624,39,S3,69.0,66.461,21.69
7625,39,S3,72.0,65.725,21.69
7626,39,S3,75.0,65.226,21.69
7627,39,S3,78.0,64.574,21.69
7628,39,S3,81.0,63.971,21.69
7629,39,S3,84.0,63.403,21.69
7630,39,S3,87.0,62.758,21.69
7631,39,S3,90.0,62.128,21.69
7632,39,S3,93.0,61.605,21.69
7633,39,S3,96.0,60.878,21.69
7634,39,S3,99.0,60.404,21.69
7635,39,S3,102.0,59.855,21.69
7636,39,S3,105.0,59.312,21.69
7637,39,S3,108.0,58.831,21.69
7638,39,S3,111.0,58.258,21.69
7639,39,S3,114.0,57.690,21.69
7640,39,S3,117.0,57.144,21.69
7641,39,S3,120.0,56.645,21.69
7642,39,S3,123.0,56.121,21.69
7643,39,S3,126.0,55.666,21.69
7644,39,S3,129.0,55.123,21.69
7645,39,S3,132.0,54.737,21.69
7646,39,S3,135.0,54.234,21.69
7647,39,S3,138.0,53.864,21.69
7648,39,S3,141.0,53.391,21.69
7649,39,S3,144.0,52.940,21.69
7650,39,S3,147.0,52.402,21.69
7651,39,S3,150.0,51.917,21.69
7652,39,S3,153.0,51.534,21.69
7653,39,S3,156.0,51.022,21.69
7654,39,S3,159.0,50.573,21.69
7655,39,S3,162.0,50.175,21.69
7656,39,S3,165.0,49.825,21.69
7657,39,S3,168.0,49.522,21.69
7658,39,S3,171.0,49.102,21.69
7659,39,S3,174.0,48.571,21.69
7660,39,S3,177.0,48.357,21.69
7661,39,S3,180.0,47.800,21.69
7662,39,S3,183.0,47.480,21.69
7663,39,S3,186.0,47.182,21.69
7664,39,S3,189.0,46.721,21.69
7665,39,S3,192.0,46.455,21.69
7666,39,S3,195.0,45.996,21.69
7667,39,S3,198.0,45.578,21.69
7668,39,S3,201.0,45.341,21.69
7669,39,S3,204.0,44.954,21.69
7670,39,S3,207.0,44.646,21.69
7671,39,S3,210.0,44.317,21.69
7672,39,S3,213.0,44.028,21.69
7673,39,S3,216.0,43.696,21.69
7674,39,S3,219.0,43.230,21.69
7675,39,S3,222.0,43.119,21.69
7676,39,S3,225.0,42.797,21.69
7677,39,S3,228.0,42.446,21.69
7678,39,S3,231.0,42.057,21.69
7679,39,S3,234.0,41.832,21.69
7680,39,S3,237.0,41.538,21.69
7681,39,S3,240.0,41.278,21.69
7682,39,S3,243.0,40.939,21.69
7683,39,S3,246.0,40.691,21.69
7684,39,S3,249.0,40.426,21.69
7685,39,S3,252.0,40.231,21.69
7686,39,S3,255.0,39.854,21.69
7687,39,S3,258.0,39.646,21.69
7688,39,S3,261.0,39.298,21.69
7689,39,S3,264.0,39.084,21.69
7690,39,S3,267.0,38.925,21.69
7691,39,S3,270.0,38.685,21.69
7692,39,S3,273.0,38.363,21.69
7693,39,S3,276.0,38.129,21.69
7694,39,S3,279.0,37.934,21.69
7695,39,S3,282.0,37.748,21.69
7696,39,S3,285.0,37.495,21.69
7697,39,S3,288.0,37.245,21.69
7698,39,S3,291.0,36.982,21.69
7699,39,S3,294.0,36.774,21.69
7700,39,S3,297.0,36.504,21.69
7701,39,S3,300.0,36.362,21.69
7702,39,S3,303.0,36.130,21.69
7703,39,S3,306.0,35.949,21.69
7704,39,S3,309.0,35.759,21.69
7705,39,S3,312.0,35.501,21.69
7706,39,S3,315.0,35.307,21.69
7707,39,S3,318.0,35.067,21.69
7708,39,S3,321.0,34.969,21.69
7709,39,S3,324.0,34.803,21.69
7710,39,S3,327.0,34.543,21.69
7711,39,S3,330.0,34.349,21.69
7712,39,S3,333.0,34.194,21.69
7713,39,S3,336.0,34.092,21.69
7714,39,S3,339.0,33.869,21.69
7715,39,S3,342.0,33.599,21.69
7716,39,S3,345.0,33.460,21.69
7717,39,S3,348.0,33.290,21.69
7718,39,S3,351.0,33.153,21.69
7719,39,S3,354.0,32.974,21.69
7720,39,S3,357.0,32.872,21.69
7721,39,S3,360.0,32.561,21.69
7722,39,S3,363.0,32.497,21.69
7723,39,S3,366.0,32.319,21.69
7724,39,S3,369.0,32.229,21.69
7725,39,S3,372.0,32.011,21.69
7726,39,S3,375.0,31.819,21.69
7727,39,S3,378.0,31.722,21.69
7728,39,S3,381.0,31.639,21.69
7729,39,S3,384.0,31.418,21.69
7730,39,S3,387.0,31.339,21.69
7731,39,S3,390.0,31.183,21.69
7732,39,S3,393.0,31.113,21.69
7733,39,S3,396.0,30.921,21.69
7734,39,S3,399.0,30.718,21.69
7735,39,S3,402.0,30.678,21.69
7736,39,S3,405.0,30.469,21.69
7737,39,S3,408.0,30.412,21.69
7738,39,S3,411.0,30.279,21.69
7739,39,S3,414.0,30.137,21.69
7740,39,S3,417.0,29.990,21.69
7741,39,S3,420.0,29.818,21.69
7742,39,S3,423.0,29.736,21.69
7743,39,S3,426.0,29.681,21.69
7744,39,S3,429.0,29.496,21.69
7745,39,S3,432.0,29.422,21.69
7746,39,S3,435.0,29.306,21.69
7747,39,S3,438.0,29.166,21.69
7748,39,S3,441.0,29.110,21.69
7749,39,S3,444.0,28.960,21.69
7750,39,S3,447.0,28.916,21.69
7751,39,S3,450.0,28.822,21.69
7752,39,S3,453.0,28.697,21.69
7753,39,S3,456.0,28.566,21.69
7754,39,S3,459.0,28.458,21.69
7755,39,S3,462.0,28.320,21.69
7756,39,S3,465.0,28.276,21.69
7757,39,S3,468.0,28.133,21.69
7758,39,S3,471.0,28.090,21.69
7759,39,S3,474.0,27.974,21.69
7760,39,S3,477.0,27.946,21.69
7761,39,S3,480.0,27.944,21.69
7762,39,S3,483.0,27.748,21.69
7763,39,S3,486.0,27.712,21.69
7764,39,S3,489.0,27.514,21.69
7765,39,S3,492.0,27.445,21.69
7766,39,S3,495.0,27.379,21.69
7767,39,S3,498.0,27.328,21.69
7768,39,S3,501.0,27.253,21.69
7769,39,S3,504.0,27.205,21.69
7770,39,S3,507.0,27.155,21.69
7771,39,S3,510.0,27.033,21.69
7772,39,S3,513.0,26.848,21.69
7773,39,S3,516.0,26.853,21.69
7774,39,S3,519.0,26.786,21.69
7775,39,S3,522.0,26.711,21.69
7776,39,S3,525.0,26.711,21.69
7777,39,S3,528.0,26.529,21.69
7778,39,S3,531.0,26.386,21.69
7779,39,S3,534.0,26.408,21.69
7780,39,S3,537.0,26.294,21.69
7781,39,S3,540.0,26.261,21.69
7782,39,S3,543.0,26.182,21.69
7783,39,S3,546.0,26.213,21.69
7784,39,S3,549.0,26.032,21.69
7785,39,S3,552.0,26.099,21.69
7786,39,S3,555.0,25.892,21.69
7787,39,S3,558.0,25.852,21.69
7788,39,S3,561.0,25.803,21.69
7789,39,S3,564.0,25.782,21.69
7790,39,S3,567.0,25.719,21.69
7791,39,S3,570.0,25.679,21.69
7792,39,S3,573.0,25.645,21.69
7793,39,S3,576.0,25.586,21.69
7794,39,S3,579.0,25.421,21.69
7795,39,S3,582.0,25.430,21.69
7796,39,S3,585.0,25.422,21.69
7797,39,S3,588.0,25.383,21.69
7798,39,S3,591.0,25.398,21.69
7799,39,S3,594.0,25.254,21.69
7800,39,S3,597.0,25.246,21.69
7801,40,S4,0.0,80.718,20.72
7802,40,S4,3.0,79.559,20.72
7803,40,S4,6.0,78.612,20.72
7804,40,S4,9.0,77.631,20.72
7805,40,S4,12.0,76.667,20.72
7806,40,S4,15.0,75.628,20.72
7807,40,S4,18.0,74.730,20.72
7808,40,S4,21.0,73.765,20.72
7809,40,S4,24.0,72.810,20.72
7810,40,S4,27.0,72.000,20.72
7811,40,S4,30.0,70.941,20.72
7812,40,S4,33.0,70.152,20.72
7813,40,S4,36.0,69.349,20.72
7814,40,S4,39.0,68.513,20.72
7815,40,S4,42.0,67.695,20.72
7816,40,S4,45.0,66.819,20.72
7817,40,S4,48.0,66.040,20.72
7818,40,S4,51.0,65.288,20.72
7819,40,S4,54.0,64.530,20.72
7820,40,S4,57.0,63.640,20.72
7821,40,S4,60.0,62.973,20.72
7822,40,S4,63.0,62.225,20.72
7823,40,S4,66.0,61.568,20.72
7824,40,S4,69.0,60.876,20.72
7825,40,S4,72.0,60.180,20.72
7826,40,S4,75.0,59.449,20.72
7827,40,S4,78.0,58.770,20.72
7828,40,S4,81.0,58.184,20.72
7829,40,S4,84.0,57.344,20.72
7830,40,S4,87.0,56.953,20.72
7831,40,S4,90.0,56.294,20.72
7832,40,S4,93.0,55.668,20.72
7833,40,S4,96.0,54.929,20.72
7834,40,S4,99.0,54.441,20.72
7835,40,S4,102.0,53.933,20.72
7836,40,S4,105.0,53.303,20.72
7837,40,S4,108.0,52.757,20.72
7838,40,S4,111.0,52.105,20.72
7839,40,S4,114.0,51.649,20.72
7840,40,S4,117.0,51.039,20.72
7841,40,S4,120.0,50.635,20.72
7842,40,S4,123.0,49.973,20.72
7843,40,S4,126.0,49.515,20.72
7844,40,S4,129.0,49.068,20.72
7845,40,S4,132.0,48.505,20.72
7846,40,S4,135.0,48.014,20.72
7847,40,S4,138.0,47.626,20.72
7848,40,S4,141.0,47.106,20.72
7849,40,S4,144.0,46.684,20.72
7850,40,S4,147.0,46.268,20.72
7851,40,S4,150.0,45.721,20.72
7852,40,S4,153.0,45.370,20.72
7853,40,S4,156.0,45.029,20.72
7854,40,S4,159.0,44.524,20.72
7855,40,S4,162.0,44.126,20.72
7856,40,S4,165.0,43.699,20.72
7857,40,S4,168.0,43.190,20.72
7858,40,S4,171.0,42.883,20.72
7859,40,S4,174.0,42.645,20.72
7860,40,S4,177.0,42.093,20.72
7861,40,S4,180.0,41.839,20.72
7862,40,S4,183.0,41.510,20.72
7863,40,S4,186.0,41.032,20.72
7864,40,S4,189.0,40.678,20.72
7865,40,S4,192.0,40.450,20.72
7866,40,S4,195.0,40.044,20.72
7867,40,S4,198.0,39.690,20.72
7868,40,S4,201.0,39.379,20.72
7869,40,S4,204.0,39.136,20.72
7870,40,S4,207.0,38.799,20.72
7871,40,S4,210.0,38.357,20.72
7872,40,S4,213.0,38.065,20.72
7873,40,S4,216.0,37.750,20.72
7874,40,S4,219.0,37.520,20.72
7875,40,S4,222.0,37.213,20.72
7876,40,S4,225.0,36.965,20.72
7877,40,S4,228.0,36.642,20.72
7878,40,S4,231.0,36.371,20.72
7879,40,S4,234.0,36.153,20.72
7880,40,S4,237.0,35.817,20.72
7881,40,S4,240.0,35.529,20.72
7882,40,S4,243.0,35.217,20.72
7883,40,S4,246.0,35.108,20.72
7884,40,S4,249.0,34.898,20.72
7885,40,S4,252.0,34.717,20.72
7886,40,S4,255.0,34.328,20.72
7887,40,S4,258.0,34.218,20.72
7888,40,S4,261.0,33.916,20.72
7889,40,S4,264.0,33.685,20.72
7890,40,S4,267.0,33.492,20.72
7891,40,S4,270.0,33.246,20.72
7892,40,S4,273.0,32.991,20.72
7893,40,S4,276.0,32.804,20.72
7894,40,S4,279.0,32.597,20.72
7895,40,S4,282.0,32.390,20.72
7896,40,S4,285.0,32.198,20.72
7897,40,S4,288.0,31.940,20.72
7898,40,S4,291.0,31.750,20.72
7899,40,S4,294.0,31.626,20.72
7900,40,S4,297.0,31.415,20.72
7901,40,S4,300.0,31.233,20.72
7902,40,S4,303.0,30.988,20.72
7903,40,S4,306.0,30.870,20.72
7904,40,S4,309.0,30.730,20.72
7905,40,S4,312.0,30.517,20.72
7906,40,S4,315.0,30.394,20.72
7907,40,S4,318.0,30.190,20.72
7908,40,S4,321.0,30.055,20.72
7909,40,S4,324.0,29.885,20.72
7910,40,S4,327.0,29.655,20.72
7911,40,S4,330.0,29.518,20.72
7912,40,S4,333.0,29.387,20.72
7913,40,S4,336.0,29.266,20.72
7914,40,S4,339.0,29.159,20.72
7915,40,S4,342.0,28.987,20.72
7916,40,S4,345.0,28.830,20.72
7917,40,S4,348.0,28.706,20.72
7918,40,S4,351.0,28.495,20.72
7919,40,S4,354.0,28.426,20.72
7920,40,S4,357.0,28.235,20.72
7921,40,S4,360.0,28.152,20.72
7922,40,S4,363.0,28.025,20.72
7923,40,S4,366.0,27.886,20.72
7924,40,S4,369.0,27.682,20.72
7925,40,S4,372.0,27.631,20.72
7926,40,S4,375.0,27.407,20.72
7927,40,S4,378.0,27.399,20.72
7928,40,S4,381.0,27.268,20.72
7929,40,S4,384.0,27.097,20.72
7930,40,S4,387.0,27.055,20.72
7931,40,S4,390.0,26.891,20.72
7932,40,S4,393.0,26.820,20.72
7933,40,S4,396.0,26.781,20.72
7934,40,S4,399.0,26.578,20.72
7935,40,S4,402.0,26.583,20.72
7936,40,S4,405.0,26.453,20.72
7937,40,S4,408.0,26.338,20.72
7938,40,S4,411.0,26.281,20.72
7939,40,S4,414.0,26.164,20.72
7940,40,S4,417.0,26.074,20.72
7941,40,S4,420.0,25.924,20.72
7942,40,S4,423.0,25.844,20.72
7943,40,S4,426.0,25.825,20.72
7944,40,S4,429.0,25.754,20.72
7945,40,S4,432.0,25.502,20.72
7946,40,S4,435.0,25.496,20.72
7947,40,S4,438.0,25.458,20.72
7948,40,S4,441.0,25.365,20.72
7949,40,S4,444.0,25.215,20.72
7950,40,S4,447.0,25.203,20.72
7951,40,S4,450.0,25.111,20.72
7952,40,S4,453.0,25.064,20.72
7953,40,S4,456.0,24.948,20.72
7954,40,S4,459.0,24.865,20.72
7955,40,S4,462.0,24.844,20.72
7956,40,S4,465.0,24.717,20.72
7957,40,S4,468.0,24.661,20.72
7958,40,S4,471.0,24.689,20.72
7959,40,S4,474.0,24.574,20.72
7960,40,S4,477.0,24.462,20.72
7961,40,S4,480.0,24.456,20.72
7962,40,S4,483.0,24.254,20.72
7963,40,S4,486.0,24.318,20.72
7964,40,S4,489.0,24.289,20.72
7965,40,S4,492.0,24.150,20.72
7966,40,S4,495.0,24.095,20.72
7967,40,S4,498.0,24.084,20.72
7968,40,S4,501.0,23.978,20.72
7969,40,S4,504.0,23.844,20.72
7970,40,S4,507.0,23.849,20.72
7971,40,S4,510.0,23.768,20.72
7972,40,S4,513.0,23.786,20.72
7973,40,S4,516.0,23.747,20.72
7974,40,S4,519.0,23.647,20.72
7975,40,S4,522.0,23.642,20.72
7976,40,S4,525.0,23.536,20.72
7977,40,S4,528.0,23.505,20.72
7978,40,S4,531.0,23.529,20.72
7979,40,S4,534.0,23.346,20.72
7980,40,S4,537.0,23.304,20.72
7981,40,S4,540.0,23.293,20.72
7982,40,S4,543.0,23.183,20.72
7983,40,S4,546.0,23.202,20.72
7984,40,S4,549.0,23.298,20.72
7985,40,S4,552.0,23.165,20.72
7986,40,S4,555.0,23.089,20.72
7987,40,S4,558.0,23.139,20.72
7988,40,S4,561.0,22.988,20.72
7989,40,S4,564.0,23.027,20.72
7990,40,S4,567.0,22.945,20.72
7991,40,S4,570.0,22.942,20.72
7992,40,S4,573.0,22.803,20.72
7993,40,S4,576.0,22.780,20.72
7994,40,S4,579.0,22.889,20.72
7995,40,S4,582.0,22.867,20.72
7996,40,S4,585.0,22.750,20.72
7997,40,S4,588.0,22.747,20.72
7998,40,S4,591.0,22.620,20.72
7999,40,S4,594.0,22.527,20.72
8000,40,S4,597.0,22.537,20.72
8001,41,S1,0.0,93.626,22.76
8002,41,S1,3.0,92.590,22.76
8003,41,S1,6.0,91.680,22.76
8004,41,S1,9.0,90.660,22.76
8005,41,S1,12.0,89.627,22.76
8006,41,S1,15.0,88.712,22.76
8007,41,S1,18.0,87.709,22.76
8008,41,S1,21.0,86.754,22.76
8009,41,S1,24.0,85.803,22.76
8010,41,S1,27.0,85.031,22.76
8011,41,S1,30.0,84.121,22.76
8012,41,S1,33.0,83.236,22.76
8013,41,S1,36.0,82.300,22.76
8014,41,S1,39.0,81.476,22.76
8015,41,S1,42.0,80.617,22.76
8016,41,S1,45.0,79.815,22.76
8017,41,S1,48.0,78.963,22.76
8018,41,S1,51.0,78.166,22.76
8019,41,S1,54.0,77.490,22.76
8020,41,S1,57.0,76.638,22.76
8021,41,S1,60.0,75.813,22.76
8022,41,S1,63.0,75.153,22.76
8023,41,S1,66.0,74.375,22.76
8024,41,S1,69.0,73.718,22.76
8025,41,S1,72.0,72.909,22.76
8026,41,S1,75.0,72.191,22.76
8027,41,S1,78.0,71.474,22.76
8028,41,S1,81.0,70.825,22.76
8029,41,S1,84.0,70.094,22.76
8030,41,S1,87.0,69.352,22.76
8031,41,S1,90.0,68.752,22.76
8032,41,S1,93.0,68.171,22.76
8033,41,S1,96.0,67.442,22.76
8034,41,S1,99.0,66.831,22.76
8035,41,S1,102.0,66.220,22.76
8036,41,S1,105.0,65.568,22.76
8037,41,S1,108.0,64.826,22.76
8038,41,S1,111.0,64.362,22.76
8039,41,S1,114.0,63.725,22.76
8040,41,S1,117.0,63.226,22.76
8041,41,S1,120.0,62.574,22.76
8042,41,S1,123.0,62.096,22.76
8043,41,S1,126.0,61.431,22.76
8044,41,S1,129.0,60.870,22.76
8045,41,S1,132.0,60.333,22.76
8046,41,S1,135.0,59.941,22.76
8047,41,S1,138.0,59.340,22.76
8048,41,S1,141.0,58.788,22.76
8049,41,S1,144.0,58.278,22.76
8050,41,S1,147.0,57.756,22.76
8051,41,S1,150.0,57.220,22.76
8052,41,S1,153.0,56.797,22.76
8053,41,S1,156.0,56.340,22.76
8054,41,S1,159.0,55.839,22.76
8055,41,S1,162.0,55.401,22.76
8056,41,S1,165.0,54.817,22.76
8057,41,S1,168.0,54.461,22.76
8058,41,S1,171.0,54.001,22.76
8059,41,S1,174.0,53.614,22.76
8060,41,S1,177.0,53.066,22.76
8061,41,S1,180.0,52.781,22.76
8062,41,S1,183.0,52.246,22.76
8063,41,S1,186.0,51.841,22.76
8064,41,S1,189.0,51.400,22.76
8065,41,S1,192.0,50.987,22.76
8066,41,S1,195.0,50.574,22.76
8067,41,S1,198.0,50.273,22.76
8068,41,S1,201.0,49.748,22.76
8069,41,S1,204.0,49.420,22.76
8070,41,S1,207.0,49.005,22.76
8071,41,S1,210.0,48.563,22.76
8072,41,S1,213.0,48.337,22.76
8073,41,S1,216.0,47.926,22.76
8074,41,S1,219.0,47.613,22.76
8075,41,S1,222.0,47.252,22.76
8076,41,S1,225.0,46.864,22.76
8077,41,S1,228.0,46.538,22.76
8078,41,S1,231.0,46.266,22.76
8079,41,S1,234.0,45.810,22.76
8080,41,S1,237.0,45.524,22.76
8081,41,S1,240.0,45.208,22.76
8082,41,S1,243.0,44.864,22.76
8083,41,S1,246.0,44.533,22.76
8084,41,S1,249.0,44.208,22.76
8085,41,S1,252.0,43.918,22.76
8086,41,S1,255.0,43.602,22.76
8087,41,S1,258.0,43.284,22.76
8088,41,S1,261.0,42.938,22.76
8089,41,S1,264.0,42.773,22.76
8090,41,S1,267.0,42.538,22.76
8091,41,S1,270.0,42.161,22.76
8092,41,S1,273.0,41.950,22.76
8093,41,S1,276.0,41.668,22.76
8094,41,S1,279.0,41.335,22.76
8095,41,S1,282.0,41.041,22.76
8096,41,S1,285.0,40.840,22.76
8097,41,S1,288.0,40.555,22.76
8098,41,S1,291.0,40.278,22.76
8099,41,S1,294.0,40.086,22.76
8100,41,S1,297.0,39.868,22.76
8101,41,S1,300.0,39.633,22.76
8102,41,S1,303.0,39.392,22.76
8103,41,S1,306.0,39.026,22.76
8104,41,S1,309.0,38.927,22.76
8105,41,S1,312.0,38.642,22.76
8106,41,S1,315.0,38.396,22.76
8107,41,S1,318.0,38.304,22.76
8108,41,S1,321.0,37.951,22.76
8109,41,S1,324.0,37.811,22.76
8110,41,S1,327.0,37.506,22.76
8111,41,S1,330.0,37.309,22.76
8112,41,S1,333.0,37.137,22.76
8113,41,S1,336.0,36.950,22.76
8114,41,S1,339.0,36.652,22.76
8115,41,S1,342.0,36.465,22.76
8116,41,S1,345.0,36.327,22.76
8117,41,S1,348.0,36.115,22.76
8118,41,S1,351.0,35.976,22.76
8119,41,S1,354.0,35.745,22.76
8120,41,S1,357.0,35.609,22.76
8121,41,S1,360.0,35.348,22.76
8122,41,S1,363.0,35.169,22.76
8123,41,S1,366.0,34.966,22.76
8124,41,S1,369.0,34.895,22.76
8125,41,S1,372.0,34.719,22.76
8126,41,S1,375.0,34.479,22.76
8127,41,S1,378.0,34.291,22.76
8128,41,S1,381.0,34.166,22.76
8129,41,S1,384.0,33.976,22.76
8130,41,S1,387.0,33.878,22.76
8131,41,S1,390.0,33.671,22.76
8132,41,S1,393.0,33.528,22.76
8133,41,S1,396.0,33.351,22.76
8134,41,S1,399.0,33.287,22.76
8135,41,S1,402.0,33.118,22.76
8136,41,S1,405.0,32.883,22.76
8137,41,S1,408.0,32.843,22.76
8138,41,S1,411.0,32.717,22.76
8139,41,S1,414.0,32.443,22.76
8140,41,S1,417.0,32.393,22.76
8141,41,S1,420.0,32.217,22.76
8142,41,S1,423.0,32.089,22.76
8143,41,S1,426.0,31.967,22.76
8144,41,S1,429.0,31.865,22.76
8145,41,S1,432.0,31.623,22.76
8146,41,S1,435.0,31.604,22.76
8147,41,S1,438.0,31.441,22.76
8148,41,S1,441.0,31.382,22.76
8149,41,S1,444.0,31.166,22.76
8150,41,S1,447.0,31.061,22.76
8151,41,S1,450.0,30.931,22.76
8152,41,S1,453.0,30.919,22.76
8153,41,S1,456.0,30.787,22.76
8154,41,S1,459.0,30.637,22.76
8155,41,S1,462.0,30.540,22.76
8156,41,S1,465.0,30.320,22.76
8157,41,S1,468.0,30.226,22.76
8158,41,S1,471.0,30.147,22.76
8159,41,S1,474.0,30.044,22.76
8160,41,S1,477.0,29.990,22.76
8161,41,S1,480.0,29.883,22.76
8162,41,S1,483.0,29.724,22.76
8163,41,S1,486.0,29.709,22.76
8164,41,S1,489.0,29.455,22.76
8165,41,S1,492.0,29.497,22.76
8166,41,S1,495.0,29.316,22.76
8167,41,S1,498.0,29.294,22.76
8168,41,S1,501.0,29.141,22.76
8169,41,S1,504.0,29.021,22.76
8170,41,S1,507.0,29.025,22.76
8171,41,S1,510.0,28.958,22.76
8172,41,S1,513.0,28.804,22.76
8173,41,S1,516.0,28.746,22.76
8174,41,S1,519.0,28.594,22.76
8175,41,S1,522.0,28.515,22.76
8176,41,S1,525.0,28.471,22.76
8177,41,S1,528.0,28.367,22.76
8178,41,S1,531.0,28.310,22.76
8179,41,S1,534.0,28.193,22.76
8180,41,S1,537.0,28.119,22.76
8181,41,S1,540.0,28.032,22.76
8182,41,S1,543.0,27.973,22.76
8183,41,S1,546.0,27.917,22.76
8184,41,S1,549.0,27.819,22.76
8185,41,S1,552.0,27.760,22.76
8186,41,S1,555.0,27.658,22.76
8187,41,S1,558.0,27.629,22.76
8188,41,S1,561.0,27.552,22.76
8189,41,S1,564.0,27.542,22.76
8190,41,S1,567.0,27.505,22.76
8191,41,S1,570.0,27.417,22.76
8192,41,S1,573.0,27.300,22.76
8193,41,S1,576.0,27.218,22.76
8194,41,S1,579.0,27.137,22.76
8195,41,S1,582.0,27.129,22.76
8196,41,S1,585.0,27.019,22.76
8197,41,S1,588.0,27.003,22.76
8198,41,S1,591.0,26.888,22.76
8199,41,S1,594.0,26.932,22.76
8200,41,S1,597.0,26.763,22.76
8201,42,S2,0.0,93.118,21.31
8202,42,S2,3.0,91.983,21.31
8203,42,S2,6.0,90.818,21.31
8204,42,S2,9.0,89.679,21.31
8205,42,S2,12.0,88.572,21.31
8206,42,S2,15.0,87.500,21.31
8207,42,S2,18.0,86.303,21.31
8208,42,S2,21.0,85.352,21.31
8209,42,S2,24.0,84.434,21.31
8210,42,S2,27.0,83.200,21.31
8211,42,S2,30.0,82.307,21.31
8212,42,S2,33.0,81.296,21.31
8213,42,S2,36.0,80.392,21.31
8214,42,S2,39.0,79.440,21.31
8215,42,S2,42.0,78.446,21.31
8216,42,S2,45.0,77.563,21.31
8217,42,S2,48.0,76.618,21.31
8218,42,S2,51.0,75.607,21.31
8219,42,S2,54.0,74.875,21.31
8220,42,S2,57.0,73.960,21.31
8221,42,S2,60.0,73.130,21.31
8222,42,S2,63.0,72.333,21.31
8223,42,S2,66.0,71.420,21.31
8224,42,S2,69.0,70.659,21.31
8225,42,S2,72.0,69.936,21.31
8226,42,S2,75.0,69.134,21.31
8227,42,S2,78.0,68.281,21.31
8228,42,S2,81.0,67.501,21.31
8229,42,S2,84.0,66.774,21.31
8230,42,S2,87.0,66.043,21.31
8231,42,S2,90.0,65.291,21.31
8232,42,S2,93.0,64.606,21.31
8233,42,S2,96.0,63.915,21.31
8234,42,S2,99.0,63.202,21.31
8235,42,S2,102.0,62.563,21.31
8236,42,S2,105.0,61.914,21.31
8237,42,S2,108.0,61.211,21.31
8238,42,S2,111.0,60.518,21.31
8239,42,S2,114.0,59.940,21.31
8240,42,S2,117.0,59.353,21.31
8241,42,S2,120.0,58.645,21.31
8242,42,S2,123.0,58.052,21.31
8243,42,S2,126.0,57.474,21.31
8244,42,S2,129.0,56.889,21.31
8245,42,S2,132.0,56.343,21.31
8246,42,S2,135.0,55.832,21.31
8247,42,S2,138.0,55.227,21.31
8248,42,S2,141.0,54.707,21.31
8249,42,S2,144.0,54.136,21.31
8250,42,S2,147.0,53.568,21.31
8251,42,S2,150.0,53.079,21.31
8252,42,S2,153.0,52.479,21.31
8253,42,S2,156.0,52.057,21.31
8254,42,S2,159.0,51.616,21.31
8255,42,S2,162.0,51.061,21.31
8256,42,S2,165.0,50.624,21.31
8257,42,S2,168.0,50.102,21.31
8258,42,S2,171.0,49.697,21.31
8259,42,S2,174.0,49.232,21.31
8260,42,S2,177.0,48.763,21.31
8261,42,S2,180.0,48.296,21.31
8262,42,S2,183.0,47.922,21.31
8263,42,S2,186.0,47.424,21.31
8264,42,S2,189.0,47.042,21.31
8265,42,S2,192.0,46.525,21.31
8266,42,S2,195.0,46.142,21.31
8267,42,S2,198.0,45.843,21.31
8268,42,S2,201.0,45.417,21.31
8269,42,S2,204.0,45.040,21.31
8270,42,S2,207.0,44.634,21.31
8271,42,S2,210.0,44.212,21.31
8272,42,S2,213.0,43.851,21.31
8273,42,S2,216.0,43.555,21.31
8274,42,S2,219.0,43.100,21.31
8275,42,S2,222.0,42.789,21.31
8276,42,S2,225.0,42.410,21.31
8277,42,S2,228.0,42.125,21.31
8278,42,S2,231.0,41.794,21.31
8279,42,S2,234.0,41.373,21.31
8280,42,S2,237.0,41.164,21.31
8281,42,S2,240.0,40.747,21.31
8282,42,S2,243.0,40.343,21.31
8283,42,S2,246.0,40.136,21.31
8284,42,S2,249.0,39.769,21.31
8285,42,S2,252.0,39.616,21.31
8286,42,S2,255.0,39.307,21.31
8287,42,S2,258.0,38.985,21.31
8288,42,S2,261.0,38.615,21.31
8289,42,S2,264.0,38.397,21.31
8290,42,S2,267.0,38.056,21.31
8291,42,S2,270.0,37.816,21.31
8292,42,S2,273.0,37.624,21.31
8293,42,S2,276.0,37.328,21.31
8294,42,S2,279.0,37.000,21.31
8295,42,S2,282.0,36.784,21.31
8296,42,S2,285.0,36.522,21.31
8297,42,S2,288.0,36.283,21.31
8298,42,S2,291.0,36.139,21.31
8299,42,S2,294.0,35.843,21.31
8300,42,S2,297.0,35.550,21.31
8301,42,S2,300.0,35.384,21.31
8302,42,S2,303.0,35.074,21.31
8303,42,S2,306.0,34.909,21.31
8304,42,S2,309.0,34.767,21.31
8305,42,S2,312.0,34.449,21.31
8306,42,S2,315.0,34.219,21.31
8307,42,S2,318.0,34.055,21.31
8308,42,S2,321.0,33.855,21.31
8309,42,S2,324.0,33.556,21.31
8310,42,S2,327.0,33.451,21.31
8311,42,S2,330.0,33.215,21.31
8312,42,S2,333.0,33.019,21.31
8313,42,S2,336.0,32.825,21.31
8314,42,S2,339.0,32.595,21.31
8315,42,S2,342.0,32.453,21.31
8316,42,S2,345.0,32.311,21.31
8317,42,S2,348.0,32.180,21.31
8318,42,S2,351.0,31.881,21.31
8319,42,S2,354.0,31.826,21.31
8320,42,S2,357.0,31.653,21.31
8321,42,S2,360.0,31.359,21.31
8322,42,S2,363.0,31.243,21.31
8323,42,S2,366.0,31.144,21.31
8324,42,S2,369.0,30.983,21.31
8325,42,S2,372.0,30.717,21.31
8326,42,S2,375.0,30.576,21.31
8327,42,S2,378.0,30.469,21.31
8328,42,S2,381.0,30.314,21.31
8329,42,S2,384.0,30.156,21.31
8330,42,S2,387.0,30.098,21.31
8331,42,S2,390.0,29.932,21.31
8332,42,S2,393.0,29.760,21.31
8333,42,S2,396.0,29.547,21.31
8334,42,S2,399.0,29.550,21.31
8335,42,S2,402.0,29.397,21.31
8336,42,S2,405.0,29.247,21.31
8337,42,S2,408.0,29.179,21.31
8338,42,S2,411.0,29.003,21.31
8339,42,S2,414.0,28.993,21.31
8340,42,S2,417.0,28.737,21.31
8341,42,S2,420.0,28.624,21.31
8342,42,S2,423.0,28.624,21.31
8343,42,S2,426.0,28.393,21.31
8344,42,S2,429.0,28.292,21.31
8345,42,S2,432.0,28.229,21.31
8346,42,S2,435.0,27.976,21.31
8347,42,S2,438.0,27.933,21.31
8348,42,S2,441.0,27.859,21.31
8349,42,S2,444.0,27.752,21.31
8350,42,S2,447.0,27.574,21.31
8351,42,S2,450.0,27.502,21.31
8352,42,S2,453.0,27.385,21.31
8353,42,S2,456.0,27.302,21.31
8354,42,S2,459.0,27.202,21.31
8355,42,S2,462.0,27.104,21.31
8356,42,S2,465.0,26.959,21.31
8357,42,S2,468.0,26.894,21.31
8358,42,S2,471.0,26.856,21.31
8359,42,S2,474.0,26.836,21.31
8360,42,S2,477.0,26.647,21.31
8361,42,S2,480.0,26.646,21.31
8362,42,S2,483.0,26.448,21.31
8363,42,S2,486.0,26.388,21.31
8364,42,S2,489.0,26.375,21.31
8365,42,S2,492.0,26.257,21.31
8366,42,S2,495.0,26.165,21.31
8367,42,S2,498.0,25.995,21.31
8368,42,S2,501.0,25.953,21.31
8369,42,S2,504.0,25.927,21.31
8370,42,S2,507.0,25.776,21.31
8371,42,S2,510.0,25.824,21.31
8372,42,S2,513.0,25.774,21.31
8373,42,S2,516.0,25.635,21.31
8374,42,S2,519.0,25.565,21.31
8375,42,S2,522.0,25.558,21.31
8376,42,S2,525.0,25.418,21.31
8377,42,S2,528.0,25.348,21.31
8378,42,S2,531.0,25.339,21.31
8379,42,S2,534.0,25.172,21.31
8380,42,S2,537.0,25.094,21.31
8381,42,S2,540.0,25.043,21.31
8382,42,S2,543.0,25.125,21.31
8383,42,S2,546.0,24.981,21.31
8384,42,S2,549.0,24.951,21.31
8385,42,S2,552.0,24.860,21.31
8386,42,S2,555.0,24.835,21.31
8387,42,S2,558.0,24.759,21.31
8388,42,S2,561.0,24.772,21.31
8389,42,S2,564.0,24.678,21.31
8390,42,S2,567.0,24.620,21.31
8391,42,S2,570.0,24.693,21.31
8392,42,S2,573.0,24.518,21.31
8393,42,S2,576.0,24.455,21.31
8394,42,S2,579.0,24.371,21.31
8395,42,S2,582.0,24.290,21.31
8396,42,S2,585.0,24.304,21.31
8397,42,S2,588.0,24.290,21.31
8398,42,S2,591.0,24.225,21.31
8399,42,S2,594.0,24.168,21.31
8400,42,S2,597.0,24.078,21.31
8401,43,S3,0.0,93.250,20.10
8402,43,S3,3.0,91.952,20.10
8403,43,S3,6.0,90.613,20.10
8404,43,S3,9.0,89.334,20.10
8405,43,S3,12.0,88.022,20.10
8406,43,S3,15.0,86.757,20.10
8407,43,S3,18.0,85.537,20.10
8408,43,S3,21.0,84.330,20.10
8409,43,S3,24.0,83.042,20.10
8410,43,S3,27.0,81.848,20.10
8411,43,S3,30.0,80.852,20.10
8412,43,S3,33.0,79.708,20.10
8413,43,S3,36.0,78.562,20.10
8414,43,S3,39.0,77.483,20.10
8415,43,S3,42.0,76.448,20.10
8416,43,S3,45.0,75.311,20.10
8417,43,S3,48.0,74.399,20.10
8418,43,S3,51.0,73.380,20.10
8419,43,S3,54.0,72.377,20.10
8420,43,S3,57.0,71.320,20.10
8421,43,S3,60.0,70.369,20.10
8422,43,S3,63.0,69.518,20.10
8423,43,S3,66.0,68.599,20.10
8424,43,S3,69.0,67.730,20.10
8425,43,S3,72.0,66.776,20.10
8426,43,S3,75.0,65.985,20.10
8427,43,S3,78.0,65.082,20.10
8428,43,S3,81.0,64.311,20.10
8429,43,S3,84.0,63.495,20.10
8430,43,S3,87.0,62.597,20.10
8431,43,S3,90.0,61.794,20.10
8432,43,S3,93.0,61.107,20.10
8433,43,S3,96.0,60.324,20.10
8434,43,S3,99.0,59.656,20.10
8435,43,S3,102.0,58.911,20.10
8436,43,S3,105.0,58.092,20.10
8437,43,S3,108.0,57.309,20.10
8438,43,S3,111.0,56.833,20.10
8439,43,S3,114.0,56.065,20.10
8440,43,S3,117.0,55.350,20.10
8441,43,S3,120.0,54.772,20.10
8442,43,S3,123.0,54.076,20.10
8443,43,S3,126.0,53.441,20.10
8444,43,S3,129.0,52.881,20.10
8445,43,S3,132.0,52.218,20.10
8446,43,S3,135.0,51.551,20.10
8447,43,S3,138.0,51.048,20.10
8448,43,S3,141.0,50.467,20.10
8449,43,S3,144.0,49.930,20.10
8450,43,S3,147.0,49.388,20.10
8451,43,S3,150.0,48.867,20.10
8452,43,S3,153.0,48.239,20.10
8453,43,S3,156.0,47.730,20.10
8454,43,S3,159.0,47.269,20.10
8455,43,S3,162.0,46.779,20.10
8456,43,S3,165.0,46.296,20.10
8457,43,S3,168.0,45.755,20.10
8458,43,S3,171.0,45.285,20.10
8459,43,S3,174.0,44.768,20.10
8460,43,S3,177.0,44.369,20.10
8461,43,S3,180.0,43.852,20.10
8462,43,S3,183.0,43.384,20.10
8463,43,S3,186.0,43.102,20.10
8464,43,S3,189.0,42.597,20.10
8465,43,S3,192.0,42.160,20.10
8466,43,S3,195.0,41.815,20.10
8467,43,S3,198.0,41.430,20.10
8468,43,S3,201.0,40.948,20.10
8469,43,S3,204.0,40.668,20.10
8470,43,S3,207.0,40.213,20.10
8471,43,S3,210.0,39.774,20.10
8472,43,S3,213.0,39.542,20.10
8473,43,S3,216.0,39.072,20.10
8474,43,S3,219.0,38.770,20.10
8475,43,S3,222.0,38.385,20.10
8476,43,S3,225.0,38.040,20.10
8477,43,S3,228.0,37.720,20.10
8478,43,S3,231.0,37.462,20.10
8479,43,S3,234.0,36.994,20.10
8480,43,S3,237.0,36.776,20.10
8481,43,S3,240.0,36.539,20.10
8482,43,S3,243.0,36.094,20.10
8483,43,S3,246.0,35.966,20.10
8484,43,S3,249.0,35.586,20.10
8485,43,S3,252.0,35.394,20.10
8486,43,S3,255.0,35.092,20.10
8487,43,S3,258.0,34.657,20.10
8488,43,S3,261.0,34.406,20.10
8489,43,S3,264.0,34.211,20.10
8490,43,S3,267.0,33.910,20.10
8491,43,S3,270.0,33.705,20.10
8492,43,S3,273.0,33.444,20.10
8493,43,S3,276.0,33.222,20.10
8494,43,S3,279.0,32.958,20.10
8495,43,S3,282.0,32.678,20.10
8496,43,S3,285.0,32.529,20.10
8497,43,S3,288.0,32.243,20.10
8498,43,S3,291.0,32.004,20.10
8499,43,S3,294.0,31.861,20.10
8500,43,S3,297.0,31.713,20.10
8501,43,S3,300.0,31.391,20.10
8502,43,S3,303.0,31.244,20.10
8503,43,S3,306.0,30.991,20.10
8504,43,S3,309.0,30.741,20.10
8505,43,S3,312.0,30.552,20.10
8506,43,S3,315.0,30.344,20.10
8507,43,S3,318.0,30.150,20.10
8508,43,S3,321.0,29.995,20.10
8509,43,S3,324.0,29.741,20.10
8510,43,S3,327.0,29.690,20.10
8511,43,S3,330.0,29.340,20.10
8512,43,S3,333.0,29.303,20.10
8513,43,S3,336.0,29.058,20.10
8514,43,S3,339.0,28.957,20.10
8515,43,S3,342.0,28.731,20.10
8516,43,S3,345.0,28.726,20.10
8517,43,S3,348.0,28.396,20.10
8518,43,S3,351.0,28.255,20.10
8519,43,S3,354.0,28.090,20.10
8520,43,S3,357.0,27.977,20.10
8521,43,S3,360.0,27.836,20.10
8522,43,S3,363.0,27.703,20.10
8523,43,S3,366.0,27.634,20.10
8524,43,S3,369.0,27.517,20.10
8525,43,S3,372.0,27.222,20.10
8526,43,S3,375.0,27.097,20.10
8527,43,S3,378.0,26.946,20.10
8528,43,S3,381.0,26.882,20.10
8529,43,S3,384.0,26.735,20.10
8530,43,S3,387.0,26.706,20.10
8531,43,S3,390.0,26.497,20.10
8532,43,S3,393.0,26.340,20.10
8533,43,S3,396.0,26.320,20.10
8534,43,S3,399.0,26.196,20.10
8535,43,S3,402.0,26.068,20.10
8536,43,S3,405.0,25.941,20.10
8537,43,S3,408.0,25.828,20.10
8538,43,S3,411.0,25.718,20.10
8539,43,S3,414.0,25.614,20.10
8540,43,S3,417.0,25.541,20.10
8541,43,S3,420.0,25.485,20.10
8542,43,S3,423.0,25.287,20.10
8543,43,S3,426.0,25.201,20.10
8544,43,S3,429.0,25.114,20.10
8545,43,S3,432.0,25.087,20.10
8546,43,S3,435.0,25.007,20.10
8547,43,S3,438.0,24.839,20.10
8548,43,S3,441.0,24.717,20.10
8549,43,S3,444.0,24.732,20.10
8550,43,S3,447.0,24.644,20.10
8551,43,S3,450.0,24.546,20.10
8552,43,S3,453.0,24.371,20.10
8553,43,S3,456.0,24.351,20.10
8554,43,S3,459.0,24.271,20.10
8555,43,S3,462.0,24.273,20.10
8556,43,S3,465.0,24.187,20.10
8557,43,S3,468.0,23.988,20.10
8558,43,S3,471.0,23.971,20.10
8559,43,S3,474.0,23.900,20.10
8560,43,S3,477.0,23.797,20.10
8561,43,S3,480.0,23.722,20.10
8562,43,S3,483.0,23.708,20.10
8563,43,S3,486.0,23.569,20.10
8564,43,S3,489.0,23.616,20.10
8565,43,S3,492.0,23.449,20.10
8566,43,S3,495.0,23.465,20.10
8567,43,S3,498.0,23.413,20.10
8568,43,S3,501.0,23.281,20.10
8569,43,S3,504.0,23.250,20.10
8570,43,S3,507.0,23.183,20.10
8571,43,S3,510.0,23.159,20.10
8572,43,S3,513.0,23.100,20.10
8573,43,S3,516.0,23.020,20.10
8574,43,S3,519.0,22.925,20.10
8575,43,S3,522.0,22.952,20.10
8576,43,S3,525.0,22.880,20.10
8577,43,S3,528.0,22.824,20.10
8578,43,S3,531.0,22.783,20.10
8579,43,S3,534.0,22.710,20.10
8580,43,S3,537.0,22.696,20.10
8581,43,S3,540.0,22.646,20.10
8582,43,S3,543.0,22.653,20.10
8583,43,S3,546.0,22.558,20.10
8584,43,S3,549.0,22.504,20.10
8585,43,S3,552.0,22.418,20.10
8586,43,S3,555.0,22.454,20.10
8587,43,S3,558.0,22.420,20.10
8588,43,S3,561.0,22.220,20.10
8589,43,S3,564.0,22.317,20.10
8590,43,S3,567.0,22.199,20.10
8591,43,S3,570.0,22.137,20.10
8592,43,S3,573.0,22.100,20.10
8593,43,S3,576.0,22.077,20.10
8594,43,S3,579.0,22.090,20.10
8595,43,S3,582.0,21.916,20.10
8596,43,S3,585.0,21.970,20.10
8597,43,S3,588.0,21.927,20.10
8598,43,S3,591.0,21.895,20.10
8599,43,S3,594.0,21.920,20.10
8600,43,S3,597.0,21.911,20.10
8601,44,S4,0.0,79.166,22.38
8602,44,S4,3.0,78.297,22.38
8603,44,S4,6.0,77.398,22.38
8604,44,S4,9.0,76.592,22.38
8605,44,S4,12.0,75.717,22.38
8606,44,S4,15.0,74.977,22.38
8607,44,S4,18.0,74.273,22.38
8608,44,S4,21.0,73.359,22.38
8609,44,S4,24.0,72.679,22.38
8610,44,S4,27.0,71.793,22.38
8611,44,S4,30.0,71.140,22.38
8612,44,S4,33.0,70.365,22.38
8613,44,S4,36.0,69.731,22.38
8614,44,S4,39.0,68.988,22.38
8615,44,S4,42.0,68.232,22.38
8616,44,S4,45.0,67.571,22.38
8617,44,S4,48.0,66.937,22.38
8618,44,S4,51.0,66.206,22.38
8619,44,S4,54.0,65.559,22.38
8620,44,S4,57.0,65.000,22.38
8621,44,S4,60.0,64.227,22.38
8622,44,S4,63.0,63.516,22.38
8623,44,S4,66.0,63.026,22.38
8624,44,S4,69.0,62.263,22.38
8625,44,S4,72.0,61.671,22.38
8626,44,S4,75.0,61.161,22.38
8627,44,S4,78.0,60.560,22.38
8628,44,S4,81.0,59.993,22.38
8629,44,S4,84.0,59.404,22.38
8630,44,S4,87.0,58.867,22.38
8631,44,S4,90.0,58.366,22.38
8632,44,S4,93.0,57.824,22.38
8633,44,S4,96.0,57.205,22.38
8634,44,S4,99.0,56.749,22.38
8635,44,S4,102.0,56.160,22.38
8636,44,S4,105.0,55.635,22.38
8637,44,S4,108.0,55.172,22.38
8638,44,S4,111.0,54.647,22.38
8639,44,S4,114.0,54.201,22.38
8640,44,S4,117.0,53.772,22.38
8641,44,S4,120.0,53.276,22.38
8642,44,S4,123.0,52.754,22.38
8643,44,S4,126.0,52.300,22.38
8644,44,S4,129.0,51.874,22.38
8645,44,S4,132.0,51.405,22.38
8646,44,S4,135.0,50.938,22.38
8647,44,S4,138.0,50.498,22.38
8648,44,S4,141.0,50.143,22.38
8649,44,S4,144.0,49.707,22.38
8650,44,S4,147.0,49.346,22.38
8651,44,S4,150.0,48.909,22.38
8652,44,S4,153.0,48.406,22.38
8653,44,S4,156.0,48.071,22.38
8654,44,S4,159.0,47.735,22.38
8655,44,S4,162.0,47.323,22.38
8656,44,S4,165.0,46.939,22.38
8657,44,S4,168.0,46.524,22.38
8658,44,S4,171.0,46.145,22.38
8659,44,S4,174.0,45.845,22.38
8660,44,S4,177.0,45.337,22.38
8661,44,S4,180.0,45.134,22.38
8662,44,S4,183.0,44.720,22.38
8663,44,S4,186.0,44.394,22.38
8664,44,S4,189.0,44.076,22.38
8665,44,S4,192.0,43.764,22.38
8666,44,S4,195.0,43.469,22.38
8667,44,S4,198.0,43.157,22.38
8668,44,S4,201.0,42.855,22.38
8669,44,S4,204.0,42.544,22.38
8670,44,S4,207.0,42.206,22.38
8671,44,S4,210.0,41.893,22.38
8672,44,S4,213.0,41.619,22.38
8673,44,S4,216.0,41.375,22.38
8674,44,S4,219.0,41.034,22.38
8675,44,S4,222.0,40.761,22.38
8676,44,S4,225.0,40.427,22.38
8677,44,S4,228.0,40.192,22.38
8678,44,S4,231.0,39.912,22.38
8679,44,S4,234.0,39.620,22.38
8680,44,S4,237.0,39.421,22.38
8681,44,S4,240.0,39.060,22.38
8682,44,S4,243.0,38.769,22.38
8683,44,S4,246.0,38.640,22.38
8684,44,S4,249.0,38.446,22.38
8685,44,S4,252.0,38.159,22.38
8686,44,S4,255.0,37.883,22.38
8687,44,S4,258.0,37.652,22.38
8688,44,S4,261.0,37.539,22.38
8689,44,S4,264.0,37.105,22.38
8690,44,S4,267.0,36.923,22.38
8691,44,S4,270.0,36.659,22.38
8692,44,S4,273.0,36.545,22.38
8693,44,S4,276.0,36.326,22.38
8694,44,S4,279.0,36.110,22.38
8695,44,S4,282.0,35.959,22.38
8696,44,S4,285.0,35.715,22.38
8697,44,S4,288.0,35.447,22.38
8698,44,S4,291.0,35.349,22.38
8699,44,S4,294.0,35.109,22.38
8700,44,S4,297.0,34.871,22.38
8701,44,S4,300.0,34.730,22.38
8702,44,S4,303.0,34.592,22.38
8703,44,S4,306.0,34.339,22.38
8704,44,S4,309.0,34.197,22.38
8705,44,S4,312.0,34.006,22.38
8706,44,S4,315.0,33.843,22.38
8707,44,S4,318.0,33.763,22.38
8708,44,S4,321.0,33.495,22.38
8709,44,S4,324.0,33.330,22.38
8710,44,S4,327.0,33.139,22.38
8711,44,S4,330.0,32.987,22.38
8712,44,S4,333.0,32.849,22.38
8713,44,S4,336.0,32.631,22.38
8714,44,S4,339.0,32.482,22.38
8715,44,S4,342.0,32.314,22.38
8716,44,S4,345.0,32.263,22.38
8717,44,S4,348.0,32.121,22.38
8718,44,S4,351.0,31.953,22.38
8719,44,S4,354.0,31.732,22.38
8720,44,S4,357.0,31.619,22.38
8721,44,S4,360.0,31.556,22.38
8722,44,S4,363.0,31.390,22.38
8723,44,S4,366.0,31.149,22.38
8724,44,S4,369.0,31.169,22.38
8725,44,S4,372.0,30.924,22.38
8726,44,S4,375.0,30.834,22.38
8727,44,S4,378.0,30.669,22.38
8728,44,S4,381.0,30.572,22.38
8729,44,S4,384.0,30.580,22.38
8730,44,S4,387.0,30.373,22.38
8731,44,S4,390.0,30.183,22.38
8732,44,S4,393.0,30.137,22.38
8733,44,S4,396.0,29.930,22.38
8734,44,S4,399.0,29.860,22.38
8735,44,S4,402.0,29.796,22.38
8736,44,S4,405.0,29.677,22.38
8737,44,S4,408.0,29.476,22.38
8738,44,S4,411.0,29.452,22.38
8739,44,S4,414.0,29.250,22.38
8740,44,S4,417.0,29.160,22.38
8741,44,S4,420.0,29.174,22.38
8742,44,S4,423.0,29.024,22.38
8743,44,S4,426.0,28.900,22.38
8744,44,S4,429.0,28.783,22.38
8745,44,S4,432.0,28.696,22.38
8746,44,S4,435.0,28.717,22.38
8747,44,S4,438.0,28.486,22.38
8748,44,S4,441.0,28.475,22.38
8749,44,S4,444.0,28.232,22.38
8750,44,S4,447.0,28.303,22.38
8751,44,S4,450.0,28.055,22.38
8752,44,S4,453.0,28.081,22.38
8753,44,S4,456.0,27.936,22.38
8754,44,S4,459.0,27.967,22.38
8755,44,S4,462.0,27.801,22.38
8756,44,S4,465.0,27.653,22.38
8757,44,S4,468.0,27.662,22.38
8758,44,S4,471.0,27.611,22.38
8759,44,S4,474.0,27.472,22.38
8760,44,S4,477.0,27.413,22.38
8761,44,S4,480.0,27.330,22.38
8762,44,S4,483.0,27.230,22.38
8763,44,S4,486.0,27.157,22.38
8764,44,S4,489.0,27.044,22.38
8765,44,S4,492.0,26.989,22.38
8766,44,S4,495.0,26.938,22.38
8767,44,S4,498.0,26.808,22.38
8768,44,S4,501.0,26.801,22.38
8769,44,S4,504.0,26.766,22.38
8770,44,S4,507.0,26.724,22.38
8771,44,S4,510.0,26.626,22.38
8772,44,S4,513.0,26.639,22.38
8773,44,S4,516.0,26.471,22.38
8774,44,S4,519.0,26.556,22.38
8775,44,S4,522.0,26.324,22.38
8776,44,S4,525.0,26.279,22.38
8777,44,S4,528.0,26.307,22.38
8778,44,S4,531.0,26.210,22.38
8779,44,S4,534.0,26.110,22.38
8780,44,S4,537.0,26.123,22.38
8781,44,S4,540.0,25.974,22.38
8782,44,S4,543.0,25.946,22.38
8783,44,S4,546.0,25.890,22.38
8784,44,S4,549.0,25.875,22.38
8785,44,S4,552.0,25.843,22.38
8786,44,S4,555.0,25.793,22.38
8787,44,S4,558.0,25.677,22.38
8788,44,S4,561.0,25.667,22.38
8789,44,S4,564.0,25.665,22.38
8790,44,S4,567.0,25.520,22.38
8791,44,S4,570.0,25.484,22.38
8792,44,S4,573.0,25.495,22.38
8793,44,S4,576.0,25.367,22.38
8794,44,S4,579.0,25.322,22.38
8795,44,S4,582.0,25.286,22.38
8796,44,S4,585.0,25.244,22.38
8797,44,S4,588.0,25.218,22.38
8798,44,S4,591.0,25.204,22.38
8799,44,S4,594.0,25.181,22.38
8800,44,S4,597.0,25.139,22.38
8801,45,S1,0.0,92.506,21.37
8802,45,S1,3.0,91.621,21.37
8803,45,S1,6.0,90.557,21.37
8804,45,S1,9.0,89.682,21.37
8805,45,S1,12.0,88.737,21.37
8806,45,S1,15.0,87.881,21.37
8807,45,S1,18.0,86.912,21.37
8808,45,S1,21.0,86.102,21.37
8809,45,S1,24.0,85.164,21.37
8810,45,S1,27.0,84.261,21.37
8811,45,S1,30.0,83.397,21.37
8812,45,S1,33.0,82.638,21.37
8813,45,S1,36.0,81.875,21.37
8814,45,S1,39.0,80.984,21.37
8815,45,S1,42.0,80.237,21.37
8816,45,S1,45.0,79.487,21.37
8817,45,S1,48.0,78.661,21.37
8818,45,S1,51.0,77.853,21.37
8819,45,S1,54.0,77.100,21.37
8820,45,S1,57.0,76.407,21.37
8821,45,S1,60.0,75.639,21.37
8822,45,S1,63.0,74.772,21.37
8823,45,S1,66.0,74.189,21.37
8824,45,S1,69.0,73.368,21.37
8825,45,S1,72.0,72.729,21.37
8826,45,S1,75.0,72.095,21.37
8827,45,S1,78.0,71.336,21.37
8828,45,S1,81.0,70.710,21.37
8829,45,S1,84.0,70.132,21.37
8830,45,S1,87.0,69.350,21.37
8831,45,S1,90.0,68.712,21.37
8832,45,S1,93.0,68.176,21.37
8833,45,S1,96.0,67.471,21.37
8834,45,S1,99.0,66.913,21.37
8835,45,S1,102.0,66.175,21.37
8836,45,S1,105.0,65.691,21.37
8837,45,S1,108.0,65.059,21.37
8838,45,S1,111.0,64.412,21.37
8839,45,S1,114.0,63.975,21.37
8840,45,S1,117.0,63.277,21.37
8841,45,S1,120.0,62.606,21.37
8842,45,S1,123.0,62.225,21.37
8843,45,S1,126.0,61.647,21.37
8844,45,S1,129.0,61.003,21.37
8845,45,S1,132.0,60.521,21.37
8846,45,S1,135.0,60.006,21.37
8847,45,S1,138.0,59.503,21.37
8848,45,S1,141.0,58.943,21.37
8849,45,S1,144.0,58.578,21.37
8850,45,S1,147.0,58.008,21.37
8851,45,S1,150.0,57.463,21.37
8852,45,S1,153.0,56.977,21.37
8853,45,S1,156.0,56.474,21.37
8854,45,S1,159.0,56.010,21.37
8855,45,S1,162.0,55.624,21.37
8856,45,S1,165.0,55.197,21.37
8857,45,S1,168.0,54.652,21.37
8858,45,S1,171.0,54.212,21.37
8859,45,S1,174.0,53.824,21.37
8860,45,S1,177.0,53.370,21.37
8861,45,S1,180.0,52.877,21.37
8862,45,S1,183.0,52.507,21.37
8863,45,S1,186.0,52.049,21.37
8864,45,S1,189.0,51.697,21.37
8865,45,S1,192.0,51.258,21.37
8866,45,S1,195.0,50.880,21.37
8867,45,S1,198.0,50.457,21.37
8868,45,S1,201.0,50.060,21.37
8869,45,S1,204.0,49.628,21.37
8870,45,S1,207.0,49.293,21.37
8871,45,S1,210.0,48.945,21.37
8872,45,S1,213.0,48.573,21.37
8873,45,S1,216.0,48.209,21.37
8874,45,S1,219.0,47.823,21.37
8875,45,S1,222.0,47.471,21.37
8876,45,S1,225.0,47.115,21.37
8877,45,S1,228.0,46.713,21.37
8878,45,S1,231.0,46.522,21.37
8879,45,S1,234.0,46.093,21.37
8880,45,S1,237.0,45.698,21.37
8881,45,S1,240.0,45.480,21.37
8882,45,S1,243.0,45.059,21.37
8883,45,S1,246.0,44.801,21.37
8884,45,S1,249.0,44.453,21.37
8885,45,S1,252.0,44.153,21.37
8886,45,S1,255.0,43.826,21.37
8887,45,S1,258.0,43.543,21.37
8888,45,S1,261.0,43.237,21.37
8889,45,S1,264.0,42.941,21.37
8890,45,S1,267.0,42.602,21.37
8891,45,S1,270.0,42.385,21.37
8892,45,S1,273.0,42.220,21.37
8893,45,S1,276.0,41.852,21.37
8894,45,S1,279.0,41.538,21.37
8895,45,S1,282.0,41.155,21.37
8896,45,S1,285.0,41.050,21.37
8897,45,S1,288.0,40.776,21.37
8898,45,S1,291.0,40.598,21.37
8899,45,S1,294.0,40.241,21.37
8900,45,S1,297.0,40.053,21.37
8901,45,S1,300.0,39.775,21.37
8902,45,S1,303.0,39.403,21.37
8903,45,S1,306.0,39.234,21.37
8904,45,S1,309.0,38.929,21.37
8905,45,S1,312.0,38.779,21.37
8906,45,S1,315.0,38.408,21.37
8907,45,S1,318.0,38.277,21.37
8908,45,S1,321.0,37.980,21.37
8909,45,S1,324.0,37.831,21.37
8910,45,S1,327.0,37.608,21.37
8911,45,S1,330.0,37.343,21.37
8912,45,S1,333.0,37.147,21.37
8913,45,S1,336.0,36.953,21.37
8914,45,S1,339.0,36.755,21.37
8915,45,S1,342.0,36.510,21.37
8916,45,S1,345.0,36.392,21.37
8917,45,S1,348.0,36.145,21.37
8918,45,S1,351.0,35.940,21.37
8919,45,S1,354.0,35.700,21.37
8920,45,S1,357.0,35.531,21.37
8921,45,S1,360.0,35.374,21.37
8922,45,S1,363.0,35.209,21.37
8923,45,S1,366.0,34.950,21.37
8924,45,S1,369.0,34.796,21.37
8925,45,S1,372.0,34.692,21.37
8926,45,S1,375.0,34.494,21.37
8927,45,S1,378.0,34.387,21.37
8928,45,S1,381.0,34.184,21.37
8929,45,S1,384.0,33.915,21.37
8930,45,S1,387.0,33.755,21.37
8931,45,S1,390.0,33.645,21.37
8932,45,S1,393.0,33.372,21.37
8933,45,S1,396.0,33.264,21.37
8934,45,S1,399.0,33.102,21.37
8935,45,S1,402.0,32.994,21.37
8936,45,S1,405.0,32.835,21.37
8937,45,S1,408.0,32.635,21.37
8938,45,S1,411.0,32.475,21.37
8939,45,S1,414.0,32.312,21.37
8940,45,S1,417.0,32.109,21.37
8941,45,S1,420.0,32.002,21.37
8942,45,S1,423.0,31.887,21.37
8943,45,S1,426.0,31.728,21.37
8944,45,S1,429.0,31.545,21.37
8945,45,S1,432.0,31.479,21.37
8946,45,S1,435.0,31.388,21.37
8947,45,S1,438.0,31.234,21.37
8948,45,S1,441.0,31.117,21.37
8949,45,S1,444.0,30.982,21.37
8950,45,S1,447.0,30.836,21.37
8951,45,S1,450.0,30.719,21.37
8952,45,S1,453.0,30.523,21.37
8953,45,S1,456.0,30.465,21.37
8954,45,S1,459.0,30.382,21.37
8955,45,S1,462.0,30.213,21.37
8956,45,S1,465.0,30.160,21.37
8957,45,S1,468.0,30.083,21.37
8958,45,S1,471.0,29.928,21.37
8959,45,S1,474.0,29.735,21.37
8960,45,S1,477.0,29.679,21.37
8961,45,S1,480.0,29.437,21.37
8962,45,S1,483.0,29.392,21.37
8963,45,S1,486.0,29.248,21.37
8964,45,S1,489.0,29.190,21.37
8965,45,S1,492.0,29.101,21.37
8966,45,S1,495.0,28.927,21.37
8967,45,S1,498.0,28.908,21.37
8968,45,S1,501.0,28.795,21.37
8969,45,S1,504.0,28.665,21.37
8970,45,S1,507.0,28.564,21.37
8971,45,S1,510.0,28.432,21.37
8972,45,S1,513.0,28.331,21.37
8973,45,S1,516.0,28.358,21.37
8974,45,S1,519.0,28.175,21.37
8975,45,S1,522.0,28.087,21.37
8976,45,S1,525.0,27.967,21.37
8977,45,S1,528.0,27.951,21.37
8978,45,S1,531.0,27.935,21.37
8979,45,S1,534.0,27.721,21.37
8980,45,S1,537.0,27.647,21.37
8981,45,S1,540.0,27.528,21.37
8982,45,S1,543.0,27.513,21.37
8983,45,S1,546.0,27.306,21.37
8984,45,S1,549.0,27.317,21.37
8985,45,S1,552.0,27.210,21.37
8986,45,S1,555.0,27.191,21.37
8987,45,S1,558.0,27.104,21.37
8988,45,S1,561.0,27.026,21.37
8989,45,S1,564.0,26.960,21.37
8990,45,S1,567.0,26.839,21.37
8991,45,S1,570.0,26.768,21.37
8992,45,S1,573.0,26.700,21.37
8993,45,S1,576.0,26.590,21.37
8994,45,S1,579.0,26.572,21.37
8995,45,S1,582.0,26.467,21.37
8996,45,S1,585.0,26.430,21.37
8997,45,S1,588.0,26.292,21.37
8998,45,S1,591.0,26.271,21.37
8999,45,S1,594.0,26.273,21.37
9000,45,S1,597.0,26.170,21.37
9001,46,S2,0.0,79.590,21.55
9002,46,S2,3.0,78.747,21.55
9003,46,S2,6.0,77.866,21.55
9004,46,S2,9.0,77.239,21.55
9005,46,S2,12.0,76.400,21.55
9006,46,S2,15.0,75.669,21.55
9007,46,S2,18.0,74.928,21.55
9008,46,S2,21.0,74.238,21.55
9009,46,S2,24.0,73.386,21.55
9010,46,S2,27.0,72.747,21.55
9011,46,S2,30.0,71.975,21.55
9012,46,S2,33.0,71.309,21.55
9013,46,S2,36.0,70.690,21.55
9014,46,S2,39.0,69.990,21.55
9015,46,S2,42.0,69.312,21.55
9016,46,S2,45.0,68.600,21.55
9017,46,S2,48.0,67.978,21.55
9018,46,S2,51.0,67.419,21.55
9019,46,S2,54.0,66.714,21.55
9020,46,S2,57.0,66.178,21.55
9021,46,S2,60.0,65.444,21.55
9022,46,S2,63.0,64.821,21.55
9023,46,S2,66.0,64.267,21.55
9024,46,S2,69.0,63.631,21.55
9025,46,S2,72.0,63.127,21.55
9026,46,S2,75.0,62.509,21.55
9027,46,S2,78.0,61.958,21.55
9028,46,S2,81.0,61.471,21.55
9029,46,S2,84.0,60.819,21.55
9030,46,S2,87.0,60.254,21.55
9031,46,S2,90.0,59.762,21.55
9032,46,S2,93.0,59.372,21.55
9033,46,S2,96.0,58.809,21.55
9034,46,S2,99.0,58.174,21.55
9035,46,S2,102.0,57.757,21.55
9036,46,S2,105.0,57.221,21.55
9037,46,S2,108.0,56.697,21.55
9038,46,S2,111.0,56.326,21.55
9039,46,S2,114.0,55.763,21.55
9040,46,S2,117.0,55.351,21.55
9041,46,S2,120.0,54.803,21.55
9042,46,S2,123.0,54.498,21.55
9043,46,S2,126.0,53.835,21.55
9044,46,S2,129.0,53.416,21.55
9045,46,S2,132.0,52.963,21.55
9046,46,S2,135.0,52.573,21.55
9047,46,S2,138.0,52.138,21.55
9048,46,S2,141.0,51.761,21.55
9049,46,S2,144.0,51.361,21.55
9050,46,S2,147.0,50.979,21.55
9051,46,S2,150.0,50.543,21.55
9052,46,S2,153.0,50.089,21.55
9053,46,S2,156.0,49.700,21.55
9054,46,S2,159.0,49.358,21.55
9055,46,S2,162.0,48.983,21.55
9056,46,S2,165.0,48.557,21.55
9057,46,S2,168.0,48.224,21.55
9058,46,S2,171.0,47.863,21.55
9059,46,S2,174.0,47.510,21.55
9060,46,S2,177.0,47.174,21.55
9061,46,S2,180.0,46.745,21.55
9062,46,S2,183.0,46.438,21.55
9063,46,S2,186.0,46.127,21.55
9064,46,S2,189.0,45.765,21.55
9065,46,S2,192.0,45.416,21.55
9066,46,S2,195.0,44.973,21.55
9067,46,S2,198.0,44.769,21.55
9068,46,S2,201.0,44.440,21.55
9069,46,S2,204.0,44.002,21.55
9070,46,S2,207.0,43.839,21.55
9071,46,S2,210.0,43.490,21.55
9072,46,S2,213.0,43.134,21.55
9073,46,S2,216.0,42.841,21.55
9074,46,S2,219.0,42.633,21.55
9075,46,S2,222.0,42.314,21.55
9076,46,S2,225.0,42.026,21.55
9077,46,S2,228.0,41.722,21.55
9078,46,S2,231.0,41.487,21.55
9079,46,S2,234.0,41.150,21.55
9080,46,S2,237.0,40.878,21.55
9081,46,S2,240.0,40.680,21.55
9082,46,S2,243.0,40.371,21.55
9083,46,S2,246.0,40.132,21.55
9084,46,S2,249.0,39.875,21.55
9085,46,S2,252.0,39.678,21.55
9086,46,S2,255.0,39.318,21.55
9087,46,S2,258.0,39.158,21.55
9088,46,S2,261.0,38.949,21.55
9089,46,S2,264.0,38.658,21.55
9090,46,S2,267.0,38.331,21.55
9091,46,S2,270.0,38.150,21.55
9092,46,S2,273.0,37.941,21.55
9093,46,S2,276.0,37.681,21.55
9094,46,S2,279.0,37.512,21.55
9095,46,S2,282.0,37.190,21.55
9096,46,S2,285.0,37.011,21.55
9097,46,S2,288.0,36.881,21.55
9098,46,S2,291.0,36.609,21.55
9099,46,S2,294.0,36.390,21.55
9100,46,S2,297.0,36.220,21.55
9101,46,S2,300.0,36.051,21.55
9102,46,S2,303.0,35.822,21.55
9103,46,S2,306.0,35.595,21.55
9104,46,S2,309.0,35.457,21.55
9105,46,S2,312.0,35.345,21.55
9106,46,S2,315.0,35.082,21.55
9107,46,S2,318.0,34.910,21.55
9108,46,S2,321.0,34.692,21.55
9109,46,S2,324.0,34.508,21.55
9110,46,S2,327.0,34.288,21.55
9111,46,S2,330.0,34.103,21.55
9112,46,S2,333.0,34.026,21.55
9113,46,S2,336.0,33.752,21.55
9114,46,S2,339.0,33.696,21.55
9115,46,S2,342.0,33.465,21.55
9116,46,S2,345.0,33.327,21.55
9117,46,S2,348.0,33.104,21.55
9118,46,S2,351.0,32.916,21.55
9119,46,S2,354.0,32.860,21.55
9120,46,S2,357.0,32.666,21.55
9121,46,S2,360.0,32.561,21.55
9122,46,S2,363.0,32.397,21.55
9123,46,S2,366.0,32.144,21.55
9124,46,S2,369.0,32.149,21.55
9125,46,S2,372.0,32.007,21.55
9126,46,S2,375.0,31.804,21.55
9127,46,S2,378.0,31.529,21.55
9128,46,S2,381.0,31.477,21.55
9129,46,S2,384.0,31.375,21.55
9130,46,S2,387.0,31.202,21.55
9131,46,S2,390.0,31.155,21.55
9132,46,S2,393.0,30.915,21.55
9133,46,S2,396.0,30.769,21.55
9134,46,S2,399.0,30.703,21.55
9135,46,S2,402.0,30.579,21.55
9136,46,S2,405.0,30.417,21.55
9137,46,S2,408.0,30.329,21.55
9138,46,S2,411.0,30.250,21.55
9139,46,S2,414.0,30.020,21.55
9140,46,S2,417.0,29.948,21.55
9141,46,S2,420.0,29.823,21.55
9142,46,S2,423.0,29.776,21.55
9143,46,S2,426.0,29.593,21.55
9144,46,S2,429.0,29.479,21.55
9145,46,S2,432.0,29.311,21.55
9146,46,S2,435.0,29.301,21.55
9147,46,S2,438.0,29.170,21.55
9148,46,S2,441.0,29.072,21.55
9149,46,S2,444.0,28.987,21.55
9150,46,S2,447.0,28.912,21.55
9151,46,S2,450.0,28.760,21.55
9152,46,S2,453.0,28.619,21.55
9153,46,S2,456.0,28.632,21.55
9154,46,S2,459.0,28.437,21.55
9155,46,S2,462.0,28.439,21.55
9156,46,S2,465.0,28.299,21.55
9157,46,S2,468.0,28.201,21.55
9158,46,S2,471.0,28.169,21.55
9159,46,S2,474.0,28.024,21.55
9160,46,S2,477.0,27.919,21.55
9161,46,S2,480.0,27.839,21.55
9162,46,S2,483.0,27.828,21.55
9163,46,S2,486.0,27.644,21.55
9164,46,S2,489.0,27.543,21.55
9165,46,S2,492.0,27.490,21.55
9166,46,S2,495.0,27.430,21.55
9167,46,S2,498.0,27.285,21.55
9168,46,S2,501.0,27.283,21.55
9169,46,S2,504.0,27.238,21.55
9170,46,S2,507.0,27.067,21.55
9171,46,S2,510.0,27.003,21.55
9172,46,S2,513.0,26.897,21.55
9173,46,S2,516.0,26.815,21.55
9174,46,S2,519.0,26.831,21.55
9175,46,S2,522.0,26.733,21.55
9176,46,S2,525.0,26.674,21.55
9177,46,S2,528.0,26.579,21.55
9178,46,S2,531.0,26.535,21.55
9179,46,S2,534.0,26.486,21.55
9180,46,S2,537.0,26.386,21.55
9181,46,S2,540.0,26.345,21.55
9182,46,S2,543.0,26.232,21.55
9183,46,S2,546.0,26.202,21.55
9184,46,S2,549.0,26.029,21.55
9185,46,S2,552.0,26.095,21.55
9186,46,S2,555.0,25.881,21.55
9187,46,S2,558.0,25.993,21.55
9188,46,S2,561.0,25.900,21.55
9189,46,S2,564.0,25.856,21.55
9190,46,S2,567.0,25.760,21.55
9191,46,S2,570.0,25.706,21.55
9192,46,S2,573.0,25.651,21.55
9193,46,S2,576.0,25.477,21.55
9194,46,S2,579.0,25.394,21.55
9195,46,S2,582.0,25.447,21.55
9196,46,S2,585.0,25.416,21.55
9197,46,S2,588.0,25.363,21.55
9198,46,S2,591.0,25.332,21.55
9199,46,S2,594.0,25.301,21.55
9200,46,S2,597.0,25.259,21.55
9201,47,S3,0.0,82.274,21.28
9202,47,S3,3.0,81.506,21.28
9203,47,S3,6.0,80.709,21.28
9204,47,S3,9.0,79.893,21.28
9205,47,S3,12.0,79.124,21.28
9206,47,S3,15.0,78.440,21.28
9207,47,S3,18.0,77.724,21.28
9208,47,S3,21.0,76.972,21.28
9209,47,S3,24.0,76.190,21.28
9210,47,S3,27.0,75.537,21.28
9211,47,S3,30.0,74.797,21.28
9212,47,S3,33.0,74.218,21.28
9213,47,S3,36.0,73.485,21.28
9214,47,S3,39.0,72.816,21.28
9215,47,S3,42.0,72.195,21.28
9216,47,S3,45.0,71.500,21.28
9217,47,S3,48.0,70.861,21.28
9218,47,S3,51.0,70.187,21.28
9219,47,S3,54.0,69.497,21.28
9220,47,S3,57.0,68.939,21.28
9221,47,S3,60.0,68.266,21.28
9222,47,S3,63.0,67.707,21.28
9223,47,S3,66.0,67.088,21.28
9224,47,S3,69.0,66.521,21.28
9225,47,S3,72.0,65.971,21.28
9226,47,S3,75.0,65.375,21.28
9227,47,S3,78.0,64.794,21.28
9228,47,S3,81.0,64.265,21.28
9229,47,S3,84.0,63.683,21.28
9230,47,S3,87.0,63.065,21.28
9231,47,S3,90.0,62.667,21.28
9232,47,S3,93.0,61.984,21.28
9233,47,S3,96.0,61.529,21.28
9234,47,S3,99.0,61.002,21.28
9235,47,S3,102.0,60.508,21.28
9236,47,S3,105.0,59.973,21.28
9237,47,S3,108.0,59.493,21.28
9238,47,S3,111.0,58.993,21.28
9239,47,S3,114.0,58.591,21.28
9240,47,S3,117.0,58.013,21.28
9241,47,S3,120.0,57.524,21.28
9242,47,S3,123.0,57.114,21.28
9243,47,S3,126.0,56.611,21.28
9244,47,S3,129.0,56.205,21.28
9245,47,S3,132.0,55.651,21.28
9246,47,S3,135.0,55.241,21.28
9247,47,S3,138.0,54.808,21.28
9248,47,S3,141.0,54.417,21.28
9249,47,S3,144.0,53.974,21.28
9250,47,S3,147.0,53.494,21.28
9251,47,S3,150.0,53.227,21.28
9252,47,S3,153.0,52.695,21.28
9253,47,S3,156.0,52.294,21.28
9254,47,S3,159.0,51.969,21.28
9255,47,S3,162.0,51.555,21.28
9256,47,S3,165.0,51.194,21.28
9257,47,S3,168.0,50.643,21.28
9258,47,S3,171.0,50.247,21.28
9259,47,S3,174.0,49.992,21.28
9260,47,S3,177.0,49.711,21.28
9261,47,S3,180.0,49.282,21.28
9262,47,S3,183.0,48.913,21.28
9263,47,S3,186.0,48.505,21.28
9264,47,S3,189.0,48.180,21.28
9265,47,S3,192.0,47.843,21.28
9266,47,S3,195.0,47.532,21.28
9267,47,S3,198.0,47.168,21.28
9268,47,S3,201.0,46.732,21.28
9269,47,S3,204.0,46.481,21.28
9270,47,S3,207.0,46.172,21.28
9271,47,S3,210.0,45.889,21.28
9272,47,S3,213.0,45.556,21.28
9273,47,S3,216.0,45.215,21.28
9274,47,S3,219.0,45.001,21.28
9275,47,S3,222.0,44.635,21.28
9276,47,S3,225.0,44.215,21.28
9277,47,S3,228.0,44.007,21.28
9278,47,S3,231.0,43.698,21.28
9279,47,S3,234.0,43.444,21.28
9280,47,S3,237.0,43.130,21.28
9281,47,S3,240.0,42.801,21.28
9282,47,S3,243.0,42.559,21.28
9283,47,S3,246.0,42.361,21.28
9284,47,S3,249.0,42.005,21.28
9285,47,S3,252.0,41.830,21.28
9286,47,S3,255.0,41.436,21.28
9287,47,S3,258.0,41.117,21.28
9288,47,S3,261.0,40.944,21.28
9289,47,S3,264.0,40.669,21.28
9290,47,S3,267.0,40.490,21.28
9291,47,S3,270.0,40.256,21.28
9292,47,S3,273.0,39.913,21.28
9293,47,S3,276.0,39.835,21.28
9294,47,S3,279.0,39.533,21.28
9295,47,S3,282.0,39.224,21.28
9296,47,S3,285.0,39.074,21.28
9297,47,S3,288.0,38.801,21.28
9298,47,S3,291.0,38.643,21.28
9299,47,S3,294.0,38.403,21.28
9300,47,S3,297.0,38.175,21.28
9301,47,S3,300.0,37.911,21.28
9302,47,S3,303.0,37.748,21.28
9303,47,S3,306.0,37.501,21.28
9304,47,S3,309.0,37.239,21.28
9305,47,S3,312.0,37.113,21.28
9306,47,S3,315.0,36.861,21.28
9307,47,S3,318.0,36.685,21.28
9308,47,S3,321.0,36.472,21.28
9309,47,S3,324.0,36.206,21.28
9310,47,S3,327.0,36.095,21.28
9311,47,S3,330.0,35.868,21.28
9312,47,S3,333.0,35.698,21.28
9313,47,S3,336.0,35.508,21.28
9314,47,S3,339.0,35.336,21.28
9315,47,S3,342.0,35.181,21.28
9316,47,S3,345.0,34.922,21.28
9317,47,S3,348.0,34.839,21.28
9318,47,S3,351.0,34.542,21.28
9319,47,S3,354.0,34.514,21.28
9320,47,S3,357.0,34.334,21.28
9321,47,S3,360.0,34.113,21.28
9322,47,S3,363.0,33.906,21.28
9323,47,S3,366.0,33.838,21.28
9324,47,S3,369.0,33.716,21.28
9325,47,S3,372.0,33.485,21.28
9326,47,S3,375.0,33.234,21.28
9327,47,S3,378.0,33.196,21.28
9328,47,S3,381.0,33.057,21.28
9329,47,S3,384.0,32.820,21.28
9330,47,S3,387.0,32.665,21.28
9331,47,S3,390.0,32.565,21.28
9332,47,S3,393.0,32.384,21.28
9333,47,S3,396.0,32.205,21.28
9334,47,S3,399.0,32.187,21.28
9335,47,S3,402.0,31.963,21.28
9336,47,S3,405.0,31.868,21.28
9337,47,S3,408.0,31.693,21.28
9338,47,S3,411.0,31.588,21.28
9339,47,S3,414.0,31.392,21.28
9340,47,S3,417.0,31.363,21.28
9341,47,S3,420.0,31.134,21.28
9342,47,S3,423.0,31.064,21.28
9343,47,S3,426.0,30.960,21.28
9344,47,S3,429.0,30.757,21.28
9345,47,S3,432.0,30.703,21.28
9346,47,S3,435.0,30.588,21.28
9347,47,S3,438.0,30.489,21.28
9348,47,S3,441.0,30.229,21.28
9349,47,S3,444.0,30.192,21.28
9350,47,S3,447.0,30.160,21.28
9351,47,S3,450.0,29.979,21.28
9352,47,S3,453.0,29.883,21.28
9353,47,S3,456.0,29.728,21.28
9354,47,S3,459.0,29.590,21.28
9355,47,S3,462.0,29.458,21.28
9356,47,S3,465.0,29.426,21.28
9357,47,S3,468.0,29.371,21.28
9358,47,S3,471.0,29.322,21.28
9359,47,S3,474.0,29.110,21.28
9360,47,S3,477.0,28.984,21.28
9361,47,S3,480.0,28.880,21.28
9362,47,S3,483.0,28.884,21.28
9363,47,S3,486.0,28.656,21.28
9364,47,S3,489.0,28.581,21.28
9365,47,S3,492.0,28.492,21.28
9366,47,S3,495.0,28.447,21.28
9367,47,S3,498.0,28.368,21.28
9368,47,S3,501.0,28.247,21.28
9369,47,S3,504.0,28.123,21.28
9370,47,S3,507.0,27.946,21.28
9371,47,S3,510.0,28.002,21.28
9372,47,S3,513.0,27.863,21.28
9373,47,S3,516.0,27.761,21.28
9374,47,S3,519.0,27.777,21.28
9375,47,S3,522.0,27.638,21.28
9376,47,S3,525.0,27.558,21.28
9377,47,S3,528.0,27.570,21.28
9378,47,S3,531.0,27.286,21.28
9379,47,S3,534.0,27.270,21.28
9380,47,S3,537.0,27.266,21.28
9381,47,S3,540.0,27.113,21.28
9382,47,S3,543.0,27.140,21.28
9383,47,S3,546.0,26.979,21.28
9384,47,S3,549.0,26.876,21.28
9385,47,S3,552.0,26.830,21.28
9386,47,S3,555.0,26.807,21.28
9387,47,S3,558.0,26.670,21.28
9388,47,S3,561.0,26.578,21.28
9389,47,S3,564.0,26.578,21.28
9390,47,S3,567.0,26.527,21.28
9391,47,S3,570.0,26.468,21.28
9392,47,S3,573.0,26.439,21.28
9393,47,S3,576.0,26.258,21.28
9394,47,S3,579.0,26.223,21.28
9395,47,S3,582.0,26.274,21.28
9396,47,S3,585.0,26.153,21.28
9397,47,S3,588.0,26.108,21.28
9398,47,S3,591.0,26.054,21.28
9399,47,S3,594.0,25.900,21.28
9400,47,S3,597.0,25.892,21.28
9401,48,S4,0.0,88.537,21.09
9402,48,S4,3.0,87.531,21.09
9403,48,S4,6.0,86.677,21.09
9404,48,S4,9.0,85.722,21.09
9405,48,S4,12.0,84.762,21.09
9406,48,S4,15.0,83.900,21.09
9407,48,S4,18.0,83.017,21.09
9408,48,S4,21.0,82.223,21.09
9409,48,S4,24.0,81.386,21.09
9410,48,S4,27.0,80.441,21.09
9411,48,S4,30.0,79.756,21.09
9412,48,S4,33.0,78.839,21.09
9413,48,S4,36.0,77.993,21.09
9414,48,S4,39.0,77.201,21.09
9415,48,S4,42.0,76.475,21.09
9416,48,S4,45.0,75.693,21.09
9417,48,S4,48.0,74.897,21.09
9418,48,S4,51.0,74.209,21.09
9419,48,S4,54.0,73.417,21.09
9420,48,S4,57.0,72.745,21.09
9421,48,S4,60.0,71.960,21.09
9422,48,S4,63.0,71.250,21.09
9423,48,S4,66.0,70.649,21.09
9424,48,S4,69.0,69.867,21.09
9425,48,S4,72.0,69.222,21.09
9426,48,S4,75.0,68.608,21.09
9427,48,S4,78.0,67.873,21.09
9428,48,S4,81.0,67.286,21.09
9429,48,S4,84.0,66.714,21.09
9430,48,S4,87.0,66.040,21.09
9431,48,S4,90.0,65.383,21.09
9432,48,S4,93.0,64.722,21.09
9433,48,S4,96.0,64.059,21.09
9434,48,S4,99.0,63.484,21.09
9435,48,S4,102.0,62.915,21.09
9436,48,S4,105.0,62.194,21.09
9437,48,S4,108.0,61.743,21.09
9438,48,S4,111.0,61.143,21.09
9439,48,S4,114.0,60.706,21.09
9440,48,S4,117.0,60.098,21.09
9441,48,S4,120.0,59.588,21.09
9442,48,S4,123.0,59.027,21.09
9443,48,S4,126.0,58.519,21.09
9444,48,S4,129.0,57.897,21.09
9445,48,S4,132.0,57.370,21.09
9446,48,S4,135.0,56.944,21.09
9447,48,S4,138.0,56.498,21.09
9448,48,S4,141.0,55.933,21.09
9449,48,S4,144.0,55.490,21.09
9450,48,S4,147.0,54.954,21.09
9451,48,S4,150.0,54.476,21.09
9452,48,S4,153.0,53.973,21.09
9453,48,S4,156.0,53.495,21.09
9454,48,S4,159.0,53.087,21.09
9455,48,S4,162.0,52.724,21.09
9456,48,S4,165.0,52.180,21.09
9457,48,S4,168.0,51.738,21.09
9458,48,S4,171.0,51.403,21.09
9459,48,S4,174.0,50.921,21.09
9460,48,S4,177.0,50.433,21.09
9461,48,S4,180.0,50.102,21.09
9462,48,S4,183.0,49.762,21.09
9463,48,S4,186.0,49.369,21.09
9464,48,S4,189.0,48.909,21.09
9465,48,S4,192.0,48.549,21.09
9466,48,S4,195.0,48.123,21.09
9467,48,S4,198.0,47.775,21.09
9468,48,S4,201.0,47.320,21.09
9469,48,S4,204.0,46.961,21.09
9470,48,S4,207.0,46.678,21.09
9471,48,S4,210.0,46.296,21.09
9472,48,S4,213.0,46.024,21.09
9473,48,S4,216.0,45.510,21.09
9474,48,S4,219.0,45.178,21.09
9475,48,S4,222.0,44.935,21.09
9476,48,S4,225.0,44.514,21.09
9477,48,S4,228.0,44.196,21.09
9478,48,S4,231.0,43.974,21.09
9479,48,S4,234.0,43.622,21.09
9480,48,S4,237.0,43.336,21.09
9481,48,S4,240.0,43.015,21.09
9482,48,S4,243.0,42.742,21.09
9483,48,S4,246.0,42.355,21.09
9484,48,S4,249.0,42.042,21.09
9485,48,S4,252.0,41.813,21.09
9486,48,S4,255.0,41.555,21.09
9487,48,S4,258.0,41.164,21.09
9488,48,S4,261.0,40.883,21.09
9489,48,S4,264.0,40.652,21.09
9490,48,S4,267.0,40.390,21.09
9491,48,S4,270.0,40.063,21.09
9492,48,S4,273.0,39.922,21.09
9493,48,S4,276.0,39.598,21.09
9494,48,S4,279.0,39.301,21.09
9495,48,S4,282.0,39.065,21.09
9496,48,S4,285.0,38.855,21.09
9497,48,S4,288.0,38.682,21.09
9498,48,S4,291.0,38.422,21.09
9499,48,S4,294.0,38.007,21.09
9500,48,S4,297.0,37.904,21.09
9501,48,S4,300.0,37.651,21.09
9502,48,S4,303.0,37.388,21.09
9503,48,S4,306.0,37.178,21.09
9504,48,S4,309.0,36.920,21.09
9505,48,S4,312.0,36.767,21.09
9506,48,S4,315.0,36.572,21.09
9507,48,S4,318.0,36.345,21.09
9508,48,S4,321.0,36.134,21.09
9509,48,S4,324.0,35.919,21.09
9510,48,S4,327.0,35.629,21.09
9511,48,S4,330.0,35.480,21.09
9512,48,S4,333.0,35.355,21.09
9513,48,S4,336.0,35.042,21.09
9514,48,S4,339.0,34.998,21.09
9515,48,S4,342.0,34.669,21.09
9516,48,S4,345.0,34.571,21.09
9517,48,S4,348.0,34.328,21.09
9518,48,S4,351.0,34.154,21.09
9519,48,S4,354.0,33.986,21.09
9520,48,S4,357.0,33.738,21.09
9521,48,S4,360.0,33.665,21.09
9522,48,S4,363.0,33.422,21.09
9523,48,S4,366.0,33.179,21.09
9524,48,S4,369.0,33.048,21.09
9525,48,S4,372.0,32.885,21.09
9526,48,S4,375.0,32.818,21.09
9527,48,S4,378.0,32.579,21.09
9528,48,S4,381.0,32.408,21.09
9529,48,S4,384.0,32.278,21.09
9530,48,S4,387.0,32.119,21.09
9531,48,S4,390.0,31.903,21.09
9532,48,S4,393.0,31.842,21.09
9533,48,S4,396.0,31.634,21.09
9534,48,S4,399.0,31.482,21.09
9535,48,S4,402.0,31.334,21.09
9536,48,S4,405.0,31.156,21.09
9537,48,S4,408.0,31.004,21.09
9538,48,S4,411.0,30.795,21.09
9539,48,S4,414.0,30.789,21.09
9540,48,S4,417.0,30.678,21.09
9541,48,S4,420.0,30.473,21.09
9542,48,S4,423.0,30.375,21.09
9543,48,S4,426.0,30.348,21.09
9544,48,S4,429.0,30.153,21.09
9545,48,S4,432.0,30.115,21.09
9546,48,S4,435.0,29.922,21.09
9547,48,S4,438.0,29.793,21.09
9548,48,S4,441.0,29.636,21.09
9549,48,S4,444.0,29.537,21.09
9550,48,S4,447.0,29.360,21.09
9551,48,S4,450.0,29.248,21.09
9552,48,S4,453.0,29.233,21.09
9553,48,S4,456.0,28.992,21.09
9554,48,S4,459.0,28.996,21.09
9555,48,S4,462.0,28.875,21.09
9556,48,S4,465.0,28.695,21.09
9557,48,S4,468.0,28.579,21.09
9558,48,S4,471.0,28.480,21.09
9559,48,S4,474.0,28.380,21.09
9560,48,S4,477.0,28.348,21.09
9561,48,S4,480.0,28.290,21.09
9562,48,S4,483.0,28.045,21.09
9563,48,S4,486.0,28.023,21.09
9564,48,S4,489.0,27.910,21.09
9565,48,S4,492.0,27.833,21.09
9566,48,S4,495.0,27.709,21.09
9567,48,S4,498.0,27.674,21.09
9568,48,S4,501.0,27.416,21.09
9569,48,S4,504.0,27.505,21.09
9570,48,S4,507.0,27.292,21.09
9571,48,S4,510.0,27.310,21.09
9572,48,S4,513.0,27.126,21.09
9573,48,S4,516.0,27.179,21.09
9574,48,S4,519.0,27.066,21.09
9575,48,S4,522.0,26.981,21.09
9576,48,S4,525.0,26.842,21.09
9577,48,S4,528.0,26.798,21.09
9578,48,S4,531.0,26.611,21.09
9579,48,S4,534.0,26.626,21.09
9580,48,S4,537.0,26.508,21.09
9581,48,S4,540.0,26.390,21.09
9582,48,S4,543.0,26.344,21.09
9583,48,S4,546.0,26.425,21.09
9584,48,S4,549.0,26.244,21.09
9585,48,S4,552.0,26.144,21.09
9586,48,S4,555.0,26.029,21.09
9587,48,S4,558.0,26.027,21.09
9588,48,S4,561.0,25.916,21.09
9589,48,S4,564.0,25.996,21.09
9590,48,S4,567.0,25.842,21.09
9591,48,S4,570.0,25.727,21.09
9592,48,S4,573.0,25.693,21.09
9593,48,S4,576.0,25.601,21.09
9594,48,S4,579.0,25.553,21.09
9595,48,S4,582.0,25.596,21.09
9596,48,S4,585.0,25.407,21.09
9597,48,S4,588.0,25.368,21.09
9598,48,S4,591.0,25.194,21.09
9599,48,S4,594.0,25.262,21.09
9600,48,S4,597.0,25.129,21.09
9601,49,S1,0.0,73.441,22.09
9602,49,S1,3.0,72.077,22.09
9603,49,S1,6.0,70.598,22.09
9604,49,S1,9.0,69.379,22.09
9605,49,S1,12.0,68.035,22.09
9606,49,S1,15.0,66.768,22.09
9607,49,S1,18.0,65.425,22.09
9608,49,S1,21.0,64.259,22.09
9609,49,S1,24.0,63.155,22.09
9610,49,S1,27.0,62.029,22.09
9611,49,S1,30.0,60.880,22.09
9612,49,S1,33.0,59.804,22.09
9613,49,S1,36.0,58.690,22.09
9614,49,S1,39.0,57.763,22.09
9615,49,S1,42.0,56.698,22.09
9616,49,S1,45.0,55.846,22.09
9617,49,S1,48.0,54.819,22.09
9618,49,S1,51.0,53.964,22.09
9619,49,S1,54.0,53.099,22.09
9620,49,S1,57.0,52.299,22.09
9621,49,S1,60.0,51.409,22.09
9622,49,S1,63.0,50.581,22.09
9623,49,S1,66.0,49.772,22.09
9624,49,S1,69.0,49.041,22.09
9625,49,S1,72.0,48.279,22.09
9626,49,S1,75.0,47.618,22.09
9627,49,S1,78.0,46.818,22.09
9628,49,S1,81.0,46.155,22.09
9629,49,S1,84.0,45.503,22.09
9630,49,S1,87.0,44.841,22.09
9631,49,S1,90.0,44.220,22.09
9632,49,S1,93.0,43.585,22.09
9633,49,S1,96.0,42.995,22.09
9634,49,S1,99.0,42.431,22.09
9635,49,S1,102.0,41.883,22.09
9636,49,S1,105.0,41.211,22.09
9637,49,S1,108.0,40.821,22.09
9638,49,S1,111.0,40.305,22.09
9639,49,S1,114.0,39.752,22.09
9640,49,S1,117.0,39.324,22.09
9641,49,S1,120.0,38.793,22.09
9642,49,S1,123.0,38.352,22.09
9643,49,S1,126.0,37.741,22.09
9644,49,S1,129.0,37.446,22.09
9645,49,S1,132.0,37.038,22.09
9646,49,S1,135.0,36.631,22.09
9647,49,S1,138.0,36.159,22.09
9648,49,S1,141.0,35.775,22.09
9649,49,S1,144.0,35.434,22.09
9650,49,S1,147.0,35.049,22.09
9651,49,S1,150.0,34.689,22.09
9652,49,S1,153.0,34.351,22.09
9653,49,S1,156.0,34.107,22.09
9654,49,S1,159.0,33.759,22.09
9655,49,S1,162.0,33.330,22.09
9656,49,S1,165.0,33.106,22.09
9657,49,S1,168.0,32.702,22.09
9658,49,S1,171.0,32.392,22.09
9659,49,S1,174.0,32.127,22.09
9660,49,S1,177.0,31.964,22.09
9661,49,S1,180.0,31.600,22.09
9662,49,S1,183.0,31.342,22.09
9663,49,S1,186.0,31.108,22.09
9664,49,S1,189.0,30.882,22.09
9665,49,S1,192.0,30.624,22.09
9666,49,S1,195.0,30.284,22.09
9667,49,S1,198.0,30.164,22.09
9668,49,S1,201.0,29.967,22.09
9669,49,S1,204.0,29.718,22.09
9670,49,S1,207.0,29.405,22.09
9671,49,S1,210.0,29.297,22.09
9672,49,S1,213.0,29.138,22.09
9673,49,S1,216.0,28.881,22.09
9674,49,S1,219.0,28.672,22.09
9675,49,S1,222.0,28.540,22.09
9676,49,S1,225.0,28.286,22.09
9677,49,S1,228.0,28.036,22.09
9678,49,S1,231.0,27.919,22.09
9679,49,S1,234.0,27.883,22.09
9680,49,S1,237.0,27.668,22.09
9681,49,S1,240.0,27.439,22.09
9682,49,S1,243.0,27.346,22.09
9683,49,S1,246.0,27.208,22.09
9684,49,S1,249.0,27.067,22.09
9685,49,S1,252.0,26.904,22.09
9686,49,S1,255.0,26.744,22.09
9687,49,S1,258.0,26.634,22.09
9688,49,S1,261.0,26.683,22.09
9689,49,S1,264.0,26.456,22.09
9690,49,S1,267.0,26.314,22.09
9691,49,S1,270.0,26.168,22.09
9692,49,S1,273.0,25.981,22.09
9693,49,S1,276.0,25.979,22.09
9694,49,S1,279.0,25.853,22.09
9695,49,S1,282.0,25.729,22.09
9696,49,S1,285.0,25.671,22.09
9697,49,S1,288.0,25.549,22.09
9698,49,S1,291.0,25.426,22.09
9699,49,S1,294.0,25.383,22.09
9700,49,S1,297.0,25.240,22.09
9701,49,S1,300.0,25.196,22.09
9702,49,S1,303.0,25.112,22.09
9703,49,S1,306.0,25.005,22.09
9704,49,S1,309.0,24.996,22.09
9705,49,S1,312.0,24.819,22.09
9706,49,S1,315.0,24.765,22.09
9707,49,S1,318.0,24.668,22.09
9708,49,S1,321.0,24.591,22.09
9709,49,S1,324.0,24.467,22.09
9710,49,S1,327.0,24.535,22.09
9711,49,S1,330.0,24.433,22.09
9712,49,S1,333.0,24.450,22.09
9713,49,S1,336.0,24.353,22.09
9714,49,S1,339.0,24.217,22.09
9715,49,S1,342.0,24.122,22.09
9716,49,S1,345.0,24.100,22.09
9717,49,S1,348.0,24.091,22.09
9718,49,S1,351.0,23.971,22.09
9719,49,S1,354.0,23.900,22.09
9720,49,S1,357.0,23.823,22.09
9721,49,S1,360.0,23.803,22.09
9722,49,S1,363.0,23.836,22.09
9723,49,S1,366.0,23.748,22.09
9724,49,S1,369.0,23.789,22.09
9725,49,S1,372.0,23.619,22.09
9726,49,S1,375.0,23.642,22.09
9727,49,S1,378.0,23.567,22.09
9728,49,S1,381.0,23.453,22.09
9729,49,S1,384.0,23.531,22.09
9730,49,S1,387.0,23.456,22.09
9731,49,S1,390.0,23.431,22.09
9732,49,S1,393.0,23.294,22.09
9733,49,S1,396.0,23.328,22.09
9734,49,S1,399.0,23.327,22.09
9735,49,S1,402.0,23.225,22.09
9736,49,S1,405.0,23.257,22.09
9737,49,S1,408.0,23.183,22.09
9738,49,S1,411.0,23.210,22.09
9739,49,S1,414.0,23.099,22.09
9740,49,S1,417.0,23.112,22.09
9741,49,S1,420.0,23.152,22.09
9742,49,S1,423.0,23.042,22.09
9743,49,S1,426.0,23.042,22.09
9744,49,S1,429.0,23.044,22.09
9745,49,S1,432.0,23.041,22.09
9746,49,S1,435.0,22.994,22.09
9747,49,S1,438.0,22.999,22.09
9748,49,S1,441.0,22.970,22.09
9749,49,S1,444.0,22.940,22.09
9750,49,S1,447.0,22.887,22.09
9751,49,S1,450.0,22.834,22.09
9752,49,S1,453.0,22.830,22.09
9753,49,S1,456.0,22.819,22.09
9754,49,S1,459.0,22.922,22.09
9755,49,S1,462.0,22.769,22.09
9756,49,S1,465.0,22.757,22.09
9757,49,S1,468.0,22.757,22.09
9758,49,S1,471.0,22.784,22.09
9759,49,S1,474.0,22.671,22.09
9760,49,S1,477.0,22.658,22.09
9761,49,S1,480.0,22.639,22.09
9762,49,S1,483.0,22.706,22.09
9763,49,S1,486.0,22.649,22.09
9764,49,S1,489.0,22.613,22.09
9765,49,S1,492.0,22.508,22.09
9766,49,S1,495.0,22.612,22.09
9767,49,S1,498.0,22.595,22.09
9768,49,S1,501.0,22.516,22.09
9769,49,S1,504.0,22.468,22.09
9770,49,S1,507.0,22.413,22.09
9771,49,S1,510.0,22.588,22.09
9772,49,S1,513.0,22.504,22.09
9773,49,S1,516.0,22.410,22.09
9774,49,S1,519.0,22.432,22.09
9775,49,S1,522.0,22.543,22.09
9776,49,S1,525.0,22.410,22.09
9777,49,S1,528.0,22.511,22.09
9778,49,S1,531.0,22.480,22.09
9779,49,S1,534.0,22.455,22.09
9780,49,S1,537.0,22.392,22.09
9781,49,S1,540.0,22.396,22.09
9782,49,S1,543.0,22.517,22.09
9783,49,S1,546.0,22.410,22.09
9784,49,S1,549.0,22.360,22.09
9785,49,S1,552.0,22.310,22.09
9786,49,S1,555.0,22.361,22.09
9787,49,S1,558.0,22.300,22.09
9788,49,S1,561.0,22.459,22.09
9789,49,S1,564.0,22.376,22.09
9790,49,S1,567.0,22.358,22.09
9791,49,S1,570.0,22.282,22.09
9792,49,S1,573.0,22.270,22.09
9793,49,S1,576.0,22.212,22.09
9794,49,S1,579.0,22.323,22.09
9795,49,S1,582.0,22.202,22.09
9796,49,S1,585.0,22.331,22.09
9797,49,S1,588.0,22.355,22.09
9798,49,S1,591.0,22.268,22.09
9799,49,S1,594.0,22.283,22.09
9800,49,S1,597.0,22.354,22.09
9801,50,S2,0.0,72.712,20.74
9802,50,S2,3.0,71.765,20.74
9803,50,S2,6.0,70.721,20.74
9804,50,S2,9.0,69.988,20.74
9805,50,S2,12.0,68.910,20.74
9806,50,S2,15.0,67.995,20.74
9807,50,S2,18.0,67.127,20.74
9808,50,S2,21.0,66.265,20.74
9809,50,S2,24.0,65.552,20.74
9810,50,S2,27.0,64.639,20.74
9811,50,S2,30.0,63.871,20.74
9812,50,S2,33.0,62.930,20.74
9813,50,S2,36.0,62.310,20.74
9814,50,S2,39.0,61.417,20.74
9815,50,S2,42.0,60.745,20.74
9816,50,S2,45.0,59.946,20.74
9817,50,S2,48.0,59.259,20.74
9818,50,S2,51.0,58.581,20.74
9819,50,S2,54.0,57.799,20.74
9820,50,S2,57.0,57.246,20.74
9821,50,S2,60.0,56.507,20.74
9822,50,S2,63.0,55.777,20.74
9823,50,S2,66.0,55.112,20.74
9824,50,S2,69.0,54.491,20.74
9825,50,S2,72.0,53.901,20.74
9826,50,S2,75.0,53.206,20.74
9827,50,S2,78.0,52.599,20.74
9828,50,S2,81.0,51.970,20.74
9829,50,S2,84.0,51.517,20.74
9830,50,S2,87.0,50.895,20.74
9831,50,S2,90.0,50.409,20.74
9832,50,S2,93.0,49.785,20.74
9833,50,S2,96.0,49.229,20.74
9834,50,S2,99.0,48.786,20.74
9835,50,S2,102.0,48.209,20.74
9836,50,S2,105.0,47.731,20.74
9837,50,S2,108.0,47.198,20.74
9838,50,S2,111.0,46.655,20.74
9839,50,S2,114.0,46.336,20.74
9840,50,S2,117.0,45.770,20.74
9841,50,S2,120.0,45.315,20.74
9842,50,S2,123.0,44.828,20.74
9843,50,S2,126.0,44.419,20.74
9844,50,S2,129.0,43.957,20.74
9845,50,S2,132.0,43.493,20.74
9846,50,S2,135.0,43.062,20.74
9847,50,S2,138.0,42.697,20.74
9848,50,S2,141.0,42.313,20.74
9849,50,S2,144.0,41.819,20.74
9850,50,S2,147.0,41.463,20.74
9851,50,S2,150.0,41.032,20.74
9852,50,S2,153.0,40.763,20.74
9853,50,S2,156.0,40.328,20.74
9854,50,S2,159.0,39.940,20.74
9855,50,S2,162.0,39.634,20.74
9856,50,S2,165.0,39.205,20.74
9857,50,S2,168.0,38.849,20.74
9858,50,S2,171.0,38.634,20.74
9859,50,S2,174.0,38.247,20.74
9860,50,S2,177.0,37.836,20.74
9861,50,S2,180.0,37.565,20.74
9862,50,S2,183.0,37.304,20.74
9863,50,S2,186.0,36.992,20.74
9864,50,S2,189.0,36.619,20.74
9865,50,S2,192.0,36.362,20.74
9866,50,S2,195.0,36.001,20.74
9867,50,S2,198.0,35.755,20.74
9868,50,S2,201.0,35.569,20.74
9869,50,S2,204.0,35.267,20.74
9870,50,S2,207.0,35.031,20.74
9871,50,S2,210.0,34.643,20.74
9872,50,S2,213.0,34.387,20.74
9873,50,S2,216.0,34.203,20.74
9874,50,S2,219.0,33.964,20.74
9875,50,S2,222.0,33.642,20.74
9876,50,S2,225.0,33.492,20.74
9877,50,S2,228.0,33.209,20.74
9878,50,S2,231.0,33.050,20.74
9879,50,S2,234.0,32.649,20.74
9880,50,S2,237.0,32.632,20.74
9881,50,S2,240.0,32.403,20.74
9882,50,S2,243.0,32.136,20.74
9883,50,S2,246.0,31.885,20.74
9884,50,S2,249.0,31.667,20.74
9885,50,S2,252.0,31.446,20.74
9886,50,S2,255.0,31.144,20.74
9887,50,S2,258.0,31.041,20.74
9888,50,S2,261.0,30.838,20.74
9889,50,S2,264.0,30.714,20.74
9890,50,S2,267.0,30.433,20.74
9891,50,S2,270.0,30.390,20.74
9892,50,S2,273.0,30.236,20.74
9893,50,S2,276.0,29.953,20.74
9894,50,S2,279.0,29.872,20.74
9895,50,S2,282.0,29.610,20.74
9896,50,S2,285.0,29.569,20.74
9897,50,S2,288.0,29.263,20.74
9898,50,S2,291.0,29.127,20.74
9899,50,S2,294.0,28.976,20.74
9900,50,S2,297.0,28.848,20.74
9901,50,S2,300.0,28.671,20.74
9902,50,S2,303.0,28.504,20.74
9903,50,S2,306.0,28.508,20.74
9904,50,S2,309.0,28.270,20.74
9905,50,S2,312.0,28.147,20.74
9906,50,S2,315.0,27.995,20.74
9907,50,S2,318.0,27.848,20.74
9908,50,S2,321.0,27.706,20.74
9909,50,S2,324.0,27.628,20.74
9910,50,S2,327.0,27.502,20.74
9911,50,S2,330.0,27.284,20.74
9912,50,S2,333.0,27.249,20.74
9913,50,S2,336.0,27.000,20.74
9914,50,S2,339.0,27.047,20.74
9915,50,S2,342.0,26.706,20.74
9916,50,S2,345.0,26.735,20.74
9917,50,S2,348.0,26.617,20.74
9918,50,S2,351.0,26.508,20.74
9919,50,S2,354.0,26.352,20.74
9920,50,S2,357.0,26.324,20.74
9921,50,S2,360.0,26.273,20.74
9922,50,S2,363.0,26.146,20.74
9923,50,S2,366.0,26.018,20.74
9924,50,S2,369.0,25.869,20.74
9925,50,S2,372.0,25.857,20.74
9926,50,S2,375.0,25.658,20.74
9927,50,S2,378.0,25.704,20.74
9928,50,S2,381.0,25.631,20.74
9929,50,S2,384.0,25.420,20.74
9930,50,S2,387.0,25.384,20.74
9931,50,S2,390.0,25.273,20.74
9932,50,S2,393.0,25.175,20.74
9933,50,S2,396.0,25.028,20.74
9934,50,S2,399.0,25.072,20.74
9935,50,S2,402.0,24.986,20.74
9936,50,S2,405.0,24.800,20.74
9937,50,S2,408.0,24.763,20.74
9938,50,S2,411.0,24.689,20.74
9939,50,S2,414.0,24.665,20.74
9940,50,S2,417.0,24.564,20.74
9941,50,S2,420.0,24.478,20.74
9942,50,S2,423.0,24.376,20.74
9943,50,S2,426.0,24.280,20.74
9944,50,S2,429.0,24.297,20.74
9945,50,S2,432.0,24.277,20.74
9946,50,S2,435.0,24.189,20.74
9947,50,S2,438.0,24.047,20.74
9948,50,S2,441.0,24.064,20.74
9949,50,S2,444.0,23.948,20.74
9950,50,S2,447.0,23.954,20.74
9951,50,S2,450.0,23.976,20.74
9952,50,S2,453.0,23.853,20.74
9953,50,S2,456.0,23.713,20.74
9954,50,S2,459.0,23.661,20.74
9955,50,S2,462.0,23.669,20.74
9956,50,S2,465.0,23.559,20.74
9957,50,S2,468.0,23.541,20.74
9958,50,S2,471.0,23.551,20.74
9959,50,S2,474.0,23.363,20.74
9960,50,S2,477.0,23.398,20.74
9961,50,S2,480.0,23.357,20.74
9962,50,S2,483.0,23.194,20.74
9963,50,S2,486.0,23.280,20.74
9964,50,S2,489.0,23.202,20.74
9965,50,S2,492.0,23.109,20.74
9966,50,S2,495.0,23.114,20.74
9967,50,S2,498.0,23.055,20.74
9968,50,S2,501.0,22.996,20.74
9969,50,S2,504.0,22.971,20.74
9970,50,S2,507.0,23.024,20.74
9971,50,S2,510.0,22.893,20.74
9972,50,S2,513.0,22.795,20.74
9973,50,S2,516.0,22.770,20.74
9974,50,S2,519.0,22.698,20.74
9975,50,S2,522.0,22.762,20.74
9976,50,S2,525.0,22.725,20.74
9977,50,S2,528.0,22.658,20.74
9978,50,S2,531.0,22.593,20.74
9979,50,S2,534.0,22.631,20.74
9980,50,S2,537.0,22.473,20.74
9981,50,S2,540.0,22.522,20.74
9982,50,S2,543.0,22.406,20.74
9983,50,S2,546.0,22.461,20.74
9984,50,S2,549.0,22.457,20.74
9985,50,S2,552.0,22.401,20.74
9986,50,S2,555.0,22.407,20.74
9987,50,S2,558.0,22.330,20.74
9988,50,S2,561.0,22.394,20.74
9989,50,S2,564.0,22.187,20.74
9990,50,S2,567.0,22.226,20.74
9991,50,S2,570.0,22.297,20.74
9992,50,S2,573.0,22.187,20.74
9993,50,S2,576.0,22.225,20.74
9994,50,S2,579.0,22.154,20.74
9995,50,S2,582.0,22.104,20.74
9996,50,S2,585.0,22.071,20.74
9997,50,S2,588.0,21.985,20.74
9998,50,S2,591.0,22.002,20.74
