measurement_id,run_id,sensor_id,t_seconds,temperature_c,ambient_c
84984,425,S1,549.0,23.335,20.52
84985,425,S1,552.0,23.338,20.52
84986,425,S1,555.0,23.226,20.52
84987,425,S1,558.0,23.248,20.52
84988,425,S1,561.0,23.217,20.52
84989,425,S1,564.0,23.225,20.52
84990,425,S1,567.0,23.092,20.52
84991,425,S1,570.0,23.147,20.52
84992,425,S1,573.0,23.037,20.52
84993,425,S1,576.0,23.027,20.52
84994,425,S1,579.0,22.899,20.52
84995,425,S1,582.0,22.896,20.52
84996,425,S1,585.0,22.854,20.52
84997,425,S1,588.0,22.836,20.52
84998,425,S1,591.0,22.845,20.52
84999,425,S1,594.0,22.718,20.52
85000,425,S1,597.0,22.714,20.52
85001,426,S2,0.0,94.437,21.57
85002,426,S2,3.0,93.109,21.57
85003,426,S2,6.0,91.961,21.57
85004,426,S2,9.0,90.765,21.57
85005,426,S2,12.0,89.479,21.57
85006,426,S2,15.0,88.372,21.57
85007,426,S2,18.0,87.209,21.57
85008,426,S2,21.0,85.953,21.57
85009,426,S2,24.0,84.935,21.57
85010,426,S2,27.0,83.744,21.57
85011,426,S2,30.0,82.665,21.57
85012,426,S2,33.0,81.697,21.57
85013,426,S2,36.0,80.590,21.57
85014,426,S2,39.0,79.583,21.57
85015,426,S2,42.0,78.524,21.57
85016,426,S2,45.0,77.576,21.57
85017,426,S2,48.0,76.595,21.57
85018,426,S2,51.0,75.721,21.57
85019,426,S2,54.0,74.732,21.57
85020,426,S2,57.0,73.885,21.57
85021,426,S2,60.0,72.910,21.57
85022,426,S2,63.0,72.050,21.57
85023,426,S2,66.0,71.109,21.57
85024,426,S2,69.0,70.232,21.57
85025,426,S2,72.0,69.435,21.57
85026,426,S2,75.0,68.632,21.57
85027,426,S2,78.0,67.795,21.57
85028,426,S2,81.0,66.951,21.57
85029,426,S2,84.0,66.189,21.57
85030,426,S2,87.0,65.424,21.57
85031,426,S2,90.0,64.669,21.57
85032,426,S2,93.0,63.824,21.57
85033,426,S2,96.0,63.149,21.57
85034,426,S2,99.0,62.539,21.57
85035,426,S2,102.0,61.757,21.57
85036,426,S2,105.0,61.067,21.57
85037,426,S2,108.0,60.371,21.57
85038,426,S2,111.0,59.701,21.57
85039,426,S2,114.0,58.946,21.57
85040,426,S2,117.0,58.347,21.57
85041,426,S2,120.0,57.704,21.57
85042,426,S2,123.0,57.047,21.57
85043,426,S2,126.0,56.455,21.57
85044,426,S2,129.0,55.844,21.57
85045,426,S2,132.0,55.245,21.57
85046,426,S2,135.0,54.675,21.57
85047,426,S2,138.0,54.107,21.57
85048,426,S2,141.0,53.500,21.57
85049,426,S2,144.0,53.011,21.57
85050,426,S2,147.0,52.403,21.57
85051,426,S2,150.0,51.908,21.57
85052,426,S2,153.0,51.513,21.57
85053,426,S2,156.0,50.807,21.57
85054,426,S2,159.0,50.267,21.57
85055,426,S2,162.0,49.886,21.57
85056,426,S2,165.0,49.326,21.57
85057,426,S2,168.0,48.850,21.57
85058,426,S2,171.0,48.428,21.57
85059,426,S2,174.0,47.916,21.57
85060,426,S2,177.0,47.559,21.57
85061,426,S2,180.0,46.998,21.57
85062,426,S2,183.0,46.528,21.57
85063,426,S2,186.0,46.186,21.57
85064,426,S2,189.0,45.776,21.57
85065,426,S2,192.0,45.345,21.57
85066,426,S2,195.0,44.916,21.57
85067,426,S2,198.0,44.454,21.57
85068,426,S2,201.0,44.097,21.57
85069,426,S2,204.0,43.679,21.57
85070,426,S2,207.0,43.395,21.57
85071,426,S2,210.0,42.948,21.57
85072,426,S2,213.0,42.533,21.57
85073,426,S2,216.0,42.346,21.57
85074,426,S2,219.0,41.867,21.57
85075,426,S2,222.0,41.546,21.57
85076,426,S2,225.0,41.110,21.57
85077,426,S2,228.0,40.851,21.57
85078,426,S2,231.0,40.503,21.57
85079,426,S2,234.0,40.214,21.57
85080,426,S2,237.0,39.692,21.57
85081,426,S2,240.0,39.545,21.57
85082,426,S2,243.0,39.300,21.57
85083,426,S2,246.0,38.895,21.57
85084,426,S2,249.0,38.558,21.57
85085,426,S2,252.0,38.274,21.57
85086,426,S2,255.0,38.006,21.57
85087,426,S2,258.0,37.746,21.57
85088,426,S2,261.0,37.467,21.57
85089,426,S2,264.0,37.244,21.57
85090,426,S2,267.0,36.882,21.57
85091,426,S2,270.0,36.691,21.57
85092,426,S2,273.0,36.361,21.57
85093,426,S2,276.0,36.079,21.57
85094,426,S2,279.0,35.845,21.57
85095,426,S2,282.0,35.615,21.57
85096,426,S2,285.0,35.258,21.57
85097,426,S2,288.0,35.166,21.57
85098,426,S2,291.0,34.871,21.57
85099,426,S2,294.0,34.676,21.57
85100,426,S2,297.0,34.360,21.57
85101,426,S2,300.0,34.197,21.57
85102,426,S2,303.0,33.987,21.57
85103,426,S2,306.0,33.801,21.57
85104,426,S2,309.0,33.608,21.57
85105,426,S2,312.0,33.402,21.57
85106,426,S2,315.0,33.074,21.57
85107,426,S2,318.0,32.999,21.57
85108,426,S2,321.0,32.755,21.57
85109,426,S2,324.0,32.506,21.57
85110,426,S2,327.0,32.404,21.57
85111,426,S2,330.0,32.240,21.57
85112,426,S2,333.0,31.991,21.57
85113,426,S2,336.0,31.864,21.57
85114,426,S2,339.0,31.564,21.57
85115,426,S2,342.0,31.413,21.57
85116,426,S2,345.0,31.303,21.57
85117,426,S2,348.0,31.138,21.57
85118,426,S2,351.0,30.949,21.57
85119,426,S2,354.0,30.734,21.57
85120,426,S2,357.0,30.590,21.57
85121,426,S2,360.0,30.376,21.57
85122,426,S2,363.0,30.257,21.57
85123,426,S2,366.0,30.029,21.57
85124,426,S2,369.0,29.959,21.57
85125,426,S2,372.0,29.827,21.57
85126,426,S2,375.0,29.813,21.57
85127,426,S2,378.0,29.626,21.57
85128,426,S2,381.0,29.466,21.57
85129,426,S2,384.0,29.225,21.57
85130,426,S2,387.0,29.212,21.57
85131,426,S2,390.0,29.027,21.57
85132,426,S2,393.0,28.854,21.57
85133,426,S2,396.0,28.780,21.57
85134,426,S2,399.0,28.671,21.57
85135,426,S2,402.0,28.471,21.57
85136,426,S2,405.0,28.454,21.57
85137,426,S2,408.0,28.361,21.57
85138,426,S2,411.0,28.126,21.57
85139,426,S2,414.0,28.075,21.57
85140,426,S2,417.0,28.020,21.57
85141,426,S2,420.0,27.906,21.57
85142,426,S2,423.0,27.808,21.57
85143,426,S2,426.0,27.700,21.57
85144,426,S2,429.0,27.492,21.57
85145,426,S2,432.0,27.383,21.57
85146,426,S2,435.0,27.301,21.57
85147,426,S2,438.0,27.169,21.57
85148,426,S2,441.0,27.016,21.57
85149,426,S2,444.0,26.915,21.57
85150,426,S2,447.0,26.848,21.57
85151,426,S2,450.0,26.876,21.57
85152,426,S2,453.0,26.796,21.57
85153,426,S2,456.0,26.610,21.57
85154,426,S2,459.0,26.547,21.57
85155,426,S2,462.0,26.398,21.57
85156,426,S2,465.0,26.351,21.57
85157,426,S2,468.0,26.345,21.57
85158,426,S2,471.0,26.296,21.57
85159,426,S2,474.0,26.085,21.57
85160,426,S2,477.0,26.017,21.57
85161,426,S2,480.0,26.067,21.57
85162,426,S2,483.0,25.913,21.57
85163,426,S2,486.0,25.867,21.57
85164,426,S2,489.0,25.826,21.57
85165,426,S2,492.0,25.743,21.57
85166,426,S2,495.0,25.661,21.57
85167,426,S2,498.0,25.563,21.57
85168,426,S2,501.0,25.510,21.57
85169,426,S2,504.0,25.389,21.57
85170,426,S2,507.0,25.380,21.57
85171,426,S2,510.0,25.293,21.57
85172,426,S2,513.0,25.173,21.57
85173,426,S2,516.0,25.123,21.57
85174,426,S2,519.0,25.078,21.57
85175,426,S2,522.0,25.058,21.57
85176,426,S2,525.0,25.011,21.57
85177,426,S2,528.0,24.832,21.57
85178,426,S2,531.0,24.861,21.57
85179,426,S2,534.0,24.808,21.57
85180,426,S2,537.0,24.694,21.57
85181,426,S2,540.0,24.692,21.57
85182,426,S2,543.0,24.640,21.57
85183,426,S2,546.0,24.548,21.57
85184,426,S2,549.0,24.588,21.57
85185,426,S2,552.0,24.463,21.57
85186,426,S2,555.0,24.377,21.57
85187,426,S2,558.0,24.342,21.57
85188,426,S2,561.0,24.343,21.57
85189,426,S2,564.0,24.149,21.57
85190,426,S2,567.0,24.328,21.57
85191,426,S2,570.0,24.226,21.57
85192,426,S2,573.0,24.113,21.57
85193,426,S2,576.0,24.109,21.57
85194,426,S2,579.0,24.036,21.57
85195,426,S2,582.0,23.982,21.57
85196,426,S2,585.0,23.938,21.57
85197,426,S2,588.0,23.984,21.57
85198,426,S2,591.0,23.921,21.57
85199,426,S2,594.0,23.851,21.57
85200,426,S2,597.0,23.782,21.57
85201,427,S3,0.0,84.791,20.11
85202,427,S3,3.0,83.945,20.11
85203,427,S3,6.0,82.965,20.11
85204,427,S3,9.0,82.174,20.11
85205,427,S3,12.0,81.376,20.11
85206,427,S3,15.0,80.505,20.11
85207,427,S3,18.0,79.653,20.11
85208,427,S3,21.0,78.779,20.11
85209,427,S3,24.0,77.908,20.11
85210,427,S3,27.0,77.137,20.11
85211,427,S3,30.0,76.296,20.11
85212,427,S3,33.0,75.532,20.11
85213,427,S3,36.0,74.816,20.11
85214,427,S3,39.0,74.032,20.11
85215,427,S3,42.0,73.213,20.11
85216,427,S3,45.0,72.558,20.11
85217,427,S3,48.0,71.777,20.11
85218,427,S3,51.0,71.106,20.11
85219,427,S3,54.0,70.437,20.11
85220,427,S3,57.0,69.688,20.11
85221,427,S3,60.0,68.957,20.11
85222,427,S3,63.0,68.276,20.11
85223,427,S3,66.0,67.656,20.11
85224,427,S3,69.0,67.021,20.11
85225,427,S3,72.0,66.292,20.11
85226,427,S3,75.0,65.611,20.11
85227,427,S3,78.0,65.095,20.11
85228,427,S3,81.0,64.420,20.11
85229,427,S3,84.0,63.814,20.11
85230,427,S3,87.0,63.283,20.11
85231,427,S3,90.0,62.628,20.11
85232,427,S3,93.0,61.965,20.11
85233,427,S3,96.0,61.468,20.11
85234,427,S3,99.0,60.770,20.11
85235,427,S3,102.0,60.292,20.11
85236,427,S3,105.0,59.746,20.11
85237,427,S3,108.0,59.239,20.11
85238,427,S3,111.0,58.595,20.11
85239,427,S3,114.0,58.069,20.11
85240,427,S3,117.0,57.476,20.11
85241,427,S3,120.0,57.133,20.11
85242,427,S3,123.0,56.487,20.11
85243,427,S3,126.0,56.064,20.11
85244,427,S3,129.0,55.494,20.11
85245,427,S3,132.0,54.953,20.11
85246,427,S3,135.0,54.540,20.11
85247,427,S3,138.0,53.999,20.11
85248,427,S3,141.0,53.478,20.11
85249,427,S3,144.0,53.186,20.11
85250,427,S3,147.0,52.729,20.11
85251,427,S3,150.0,52.193,20.11
85252,427,S3,153.0,51.683,20.11
85253,427,S3,156.0,51.344,20.11
85254,427,S3,159.0,50.839,20.11
85255,427,S3,162.0,50.467,20.11
85256,427,S3,165.0,49.956,20.11
85257,427,S3,168.0,49.624,20.11
85258,427,S3,171.0,49.175,20.11
85259,427,S3,174.0,48.772,20.11
85260,427,S3,177.0,48.375,20.11
85261,427,S3,180.0,47.933,20.11
85262,427,S3,183.0,47.580,20.11
85263,427,S3,186.0,47.182,20.11
85264,427,S3,189.0,46.900,20.11
85265,427,S3,192.0,46.338,20.11
85266,427,S3,195.0,46.120,20.11
85267,427,S3,198.0,45.661,20.11
85268,427,S3,201.0,45.458,20.11
85269,427,S3,204.0,44.971,20.11
85270,427,S3,207.0,44.708,20.11
85271,427,S3,210.0,44.333,20.11
85272,427,S3,213.0,43.949,20.11
85273,427,S3,216.0,43.634,20.11
85274,427,S3,219.0,43.366,20.11
85275,427,S3,222.0,42.986,20.11
85276,427,S3,225.0,42.709,20.11
85277,427,S3,228.0,42.360,20.11
85278,427,S3,231.0,42.051,20.11
85279,427,S3,234.0,41.735,20.11
85280,427,S3,237.0,41.482,20.11
85281,427,S3,240.0,41.190,20.11
85282,427,S3,243.0,40.836,20.11
85283,427,S3,246.0,40.638,20.11
85284,427,S3,249.0,40.332,20.11
85285,427,S3,252.0,40.124,20.11
85286,427,S3,255.0,39.823,20.11
85287,427,S3,258.0,39.380,20.11
85288,427,S3,261.0,39.091,20.11
85289,427,S3,264.0,38.943,20.11
85290,427,S3,267.0,38.608,20.11
85291,427,S3,270.0,38.419,20.11
85292,427,S3,273.0,38.137,20.11
85293,427,S3,276.0,37.846,20.11
85294,427,S3,279.0,37.586,20.11
85295,427,S3,282.0,37.438,20.11
85296,427,S3,285.0,37.040,20.11
85297,427,S3,288.0,36.897,20.11
85298,427,S3,291.0,36.644,20.11
85299,427,S3,294.0,36.416,20.11
85300,427,S3,297.0,36.240,20.11
85301,427,S3,300.0,35.842,20.11
85302,427,S3,303.0,35.811,20.11
85303,427,S3,306.0,35.571,20.11
85304,427,S3,309.0,35.302,20.11
85305,427,S3,312.0,35.147,20.11
85306,427,S3,315.0,35.002,20.11
85307,427,S3,318.0,34.813,20.11
85308,427,S3,321.0,34.518,20.11
85309,427,S3,324.0,34.303,20.11
85310,427,S3,327.0,34.050,20.11
85311,427,S3,330.0,33.887,20.11
85312,427,S3,333.0,33.677,20.11
85313,427,S3,336.0,33.532,20.11
85314,427,S3,339.0,33.252,20.11
85315,427,S3,342.0,33.129,20.11
85316,427,S3,345.0,33.017,20.11
85317,427,S3,348.0,32.821,20.11
85318,427,S3,351.0,32.667,20.11
85319,427,S3,354.0,32.573,20.11
85320,427,S3,357.0,32.296,20.11
85321,427,S3,360.0,32.011,20.11
85322,427,S3,363.0,31.957,20.11
85323,427,S3,366.0,31.779,20.11
85324,427,S3,369.0,31.551,20.11
85325,427,S3,372.0,31.494,20.11
85326,427,S3,375.0,31.355,20.11
85327,427,S3,378.0,31.075,20.11
85328,427,S3,381.0,30.927,20.11
85329,427,S3,384.0,30.897,20.11
85330,427,S3,387.0,30.789,20.11
85331,427,S3,390.0,30.558,20.11
85332,427,S3,393.0,30.429,20.11
85333,427,S3,396.0,30.217,20.11
85334,427,S3,399.0,30.097,20.11
85335,427,S3,402.0,29.946,20.11
85336,427,S3,405.0,29.768,20.11
85337,427,S3,408.0,29.658,20.11
85338,427,S3,411.0,29.467,20.11
85339,427,S3,414.0,29.380,20.11
85340,427,S3,417.0,29.244,20.11
85341,427,S3,420.0,29.130,20.11
85342,427,S3,423.0,28.984,20.11
85343,427,S3,426.0,28.951,20.11
85344,427,S3,429.0,28.776,20.11
85345,427,S3,432.0,28.652,20.11
85346,427,S3,435.0,28.557,20.11
85347,427,S3,438.0,28.454,20.11
85348,427,S3,441.0,28.428,20.11
85349,427,S3,444.0,28.209,20.11
85350,427,S3,447.0,28.154,20.11
85351,427,S3,450.0,27.951,20.11
85352,427,S3,453.0,27.832,20.11
85353,427,S3,456.0,27.787,20.11
85354,427,S3,459.0,27.773,20.11
85355,427,S3,462.0,27.596,20.11
85356,427,S3,465.0,27.444,20.11
85357,427,S3,468.0,27.298,20.11
85358,427,S3,471.0,27.241,20.11
85359,427,S3,474.0,27.122,20.11
85360,427,S3,477.0,26.970,20.11
85361,427,S3,480.0,26.983,20.11
85362,427,S3,483.0,26.895,20.11
85363,427,S3,486.0,26.877,20.11
85364,427,S3,489.0,26.632,20.11
85365,427,S3,492.0,26.574,20.11
85366,427,S3,495.0,26.430,20.11
85367,427,S3,498.0,26.420,20.11
85368,427,S3,501.0,26.303,20.11
85369,427,S3,504.0,26.229,20.11
85370,427,S3,507.0,26.118,20.11
85371,427,S3,510.0,26.006,20.11
85372,427,S3,513.0,25.914,20.11
85373,427,S3,516.0,25.853,20.11
85374,427,S3,519.0,25.858,20.11
85375,427,S3,522.0,25.678,20.11
85376,427,S3,525.0,25.644,20.11
85377,427,S3,528.0,25.428,20.11
85378,427,S3,531.0,25.401,20.11
85379,427,S3,534.0,25.358,20.11
85380,427,S3,537.0,25.287,20.11
85381,427,S3,540.0,25.412,20.11
85382,427,S3,543.0,25.264,20.11
85383,427,S3,546.0,25.117,20.11
85384,427,S3,549.0,25.099,20.11
85385,427,S3,552.0,25.033,20.11
85386,427,S3,555.0,24.928,20.11
85387,427,S3,558.0,24.786,20.11
85388,427,S3,561.0,24.794,20.11
85389,427,S3,564.0,24.770,20.11
85390,427,S3,567.0,24.677,20.11
85391,427,S3,570.0,24.688,20.11
85392,427,S3,573.0,24.498,20.11
85393,427,S3,576.0,24.424,20.11
85394,427,S3,579.0,24.519,20.11
85395,427,S3,582.0,24.374,20.11
85396,427,S3,585.0,24.340,20.11
85397,427,S3,588.0,24.247,20.11
85398,427,S3,591.0,24.176,20.11
85399,427,S3,594.0,24.109,20.11
85400,427,S3,597.0,24.115,20.11
85401,428,S4,0.0,77.139,21.79
85402,428,S4,3.0,76.340,21.79
85403,428,S4,6.0,75.417,21.79
85404,428,S4,9.0,74.667,21.79
85405,428,S4,12.0,73.825,21.79
85406,428,S4,15.0,72.965,21.79
85407,428,S4,18.0,72.143,21.79
85408,428,S4,21.0,71.389,21.79
85409,428,S4,24.0,70.521,21.79
85410,428,S4,27.0,69.882,21.79
85411,428,S4,30.0,69.085,21.79
85412,428,S4,33.0,68.339,21.79
85413,428,S4,36.0,67.599,21.79
85414,428,S4,39.0,66.879,21.79
85415,428,S4,42.0,66.127,21.79
85416,428,S4,45.0,65.561,21.79
85417,428,S4,48.0,64.867,21.79
85418,428,S4,51.0,64.115,21.79
85419,428,S4,54.0,63.513,21.79
85420,428,S4,57.0,62.739,21.79
85421,428,S4,60.0,62.168,21.79
85422,428,S4,63.0,61.477,21.79
85423,428,S4,66.0,60.892,21.79
85424,428,S4,69.0,60.278,21.79
85425,428,S4,72.0,59.680,21.79
85426,428,S4,75.0,59.065,21.79
85427,428,S4,78.0,58.494,21.79
85428,428,S4,81.0,57.901,21.79
85429,428,S4,84.0,57.443,21.79
85430,428,S4,87.0,56.889,21.79
85431,428,S4,90.0,56.248,21.79
85432,428,S4,93.0,55.634,21.79
85433,428,S4,96.0,55.203,21.79
85434,428,S4,99.0,54.613,21.79
85435,428,S4,102.0,54.051,21.79
85436,428,S4,105.0,53.603,21.79
85437,428,S4,108.0,53.169,21.79
85438,428,S4,111.0,52.572,21.79
85439,428,S4,114.0,52.188,21.79
85440,428,S4,117.0,51.604,21.79
85441,428,S4,120.0,51.108,21.79
85442,428,S4,123.0,50.746,21.79
85443,428,S4,126.0,50.271,21.79
85444,428,S4,129.0,49.801,21.79
85445,428,S4,132.0,49.363,21.79
85446,428,S4,135.0,48.874,21.79
85447,428,S4,138.0,48.533,21.79
85448,428,S4,141.0,48.136,21.79
85449,428,S4,144.0,47.701,21.79
85450,428,S4,147.0,47.179,21.79
85451,428,S4,150.0,46.859,21.79
85452,428,S4,153.0,46.443,21.79
85453,428,S4,156.0,46.083,21.79
85454,428,S4,159.0,45.648,21.79
85455,428,S4,162.0,45.366,21.79
85456,428,S4,165.0,45.043,21.79
85457,428,S4,168.0,44.549,21.79
85458,428,S4,171.0,44.264,21.79
85459,428,S4,174.0,43.898,21.79
85460,428,S4,177.0,43.532,21.79
85461,428,S4,180.0,43.138,21.79
85462,428,S4,183.0,43.010,21.79
85463,428,S4,186.0,42.531,21.79
85464,428,S4,189.0,42.269,21.79
85465,428,S4,192.0,41.896,21.79
85466,428,S4,195.0,41.517,21.79
85467,428,S4,198.0,41.225,21.79
85468,428,S4,201.0,40.812,21.79
85469,428,S4,204.0,40.618,21.79
85470,428,S4,207.0,40.334,21.79
85471,428,S4,210.0,40.016,21.79
85472,428,S4,213.0,39.722,21.79
85473,428,S4,216.0,39.404,21.79
85474,428,S4,219.0,39.246,21.79
85475,428,S4,222.0,38.984,21.79
85476,428,S4,225.0,38.668,21.79
85477,428,S4,228.0,38.452,21.79
85478,428,S4,231.0,38.166,21.79
85479,428,S4,234.0,37.811,21.79
85480,428,S4,237.0,37.598,21.79
85481,428,S4,240.0,37.365,21.79
85482,428,S4,243.0,37.076,21.79
85483,428,S4,246.0,36.858,21.79
85484,428,S4,249.0,36.616,21.79
85485,428,S4,252.0,36.468,21.79
85486,428,S4,255.0,36.182,21.79
85487,428,S4,258.0,35.980,21.79
85488,428,S4,261.0,35.674,21.79
85489,428,S4,264.0,35.546,21.79
85490,428,S4,267.0,35.389,21.79
85491,428,S4,270.0,35.009,21.79
85492,428,S4,273.0,34.799,21.79
85493,428,S4,276.0,34.644,21.79
85494,428,S4,279.0,34.446,21.79
85495,428,S4,282.0,34.261,21.79
85496,428,S4,285.0,34.032,21.79
85497,428,S4,288.0,33.834,21.79
85498,428,S4,291.0,33.701,21.79
85499,428,S4,294.0,33.489,21.79
85500,428,S4,297.0,33.285,21.79
85501,428,S4,300.0,33.153,21.79
85502,428,S4,303.0,32.907,21.79
85503,428,S4,306.0,32.750,21.79
85504,428,S4,309.0,32.627,21.79
85505,428,S4,312.0,32.439,21.79
85506,428,S4,315.0,32.268,21.79
85507,428,S4,318.0,32.123,21.79
85508,428,S4,321.0,31.933,21.79
85509,428,S4,324.0,31.817,21.79
85510,428,S4,327.0,31.662,21.79
85511,428,S4,330.0,31.446,21.79
85512,428,S4,333.0,31.248,21.79
85513,428,S4,336.0,31.173,21.79
85514,428,S4,339.0,31.046,21.79
85515,428,S4,342.0,30.757,21.79
85516,428,S4,345.0,30.675,21.79
85517,428,S4,348.0,30.648,21.79
85518,428,S4,351.0,30.461,21.79
85519,428,S4,354.0,30.379,21.79
85520,428,S4,357.0,30.127,21.79
85521,428,S4,360.0,30.048,21.79
85522,428,S4,363.0,29.952,21.79
85523,428,S4,366.0,29.859,21.79
85524,428,S4,369.0,29.704,21.79
85525,428,S4,372.0,29.473,21.79
85526,428,S4,375.0,29.383,21.79
85527,428,S4,378.0,29.249,21.79
85528,428,S4,381.0,29.166,21.79
85529,428,S4,384.0,29.058,21.79
85530,428,S4,387.0,28.954,21.79
85531,428,S4,390.0,28.797,21.79
85532,428,S4,393.0,28.771,21.79
85533,428,S4,396.0,28.589,21.79
85534,428,S4,399.0,28.534,21.79
85535,428,S4,402.0,28.424,21.79
85536,428,S4,405.0,28.409,21.79
85537,428,S4,408.0,28.100,21.79
85538,428,S4,411.0,28.115,21.79
85539,428,S4,414.0,28.012,21.79
85540,428,S4,417.0,27.844,21.79
85541,428,S4,420.0,27.814,21.79
85542,428,S4,423.0,27.747,21.79
85543,428,S4,426.0,27.577,21.79
85544,428,S4,429.0,27.582,21.79
85545,428,S4,432.0,27.408,21.79
85546,428,S4,435.0,27.389,21.79
85547,428,S4,438.0,27.313,21.79
85548,428,S4,441.0,27.203,21.79
85549,428,S4,444.0,27.113,21.79
85550,428,S4,447.0,27.087,21.79
85551,428,S4,450.0,26.931,21.79
85552,428,S4,453.0,26.798,21.79
85553,428,S4,456.0,26.746,21.79
85554,428,S4,459.0,26.619,21.79
85555,428,S4,462.0,26.610,21.79
85556,428,S4,465.0,26.443,21.79
85557,428,S4,468.0,26.419,21.79
85558,428,S4,471.0,26.353,21.79
85559,428,S4,474.0,26.368,21.79
85560,428,S4,477.0,26.300,21.79
85561,428,S4,480.0,26.131,21.79
85562,428,S4,483.0,26.042,21.79
85563,428,S4,486.0,25.988,21.79
85564,428,S4,489.0,25.993,21.79
85565,428,S4,492.0,25.975,21.79
85566,428,S4,495.0,25.745,21.79
85567,428,S4,498.0,25.802,21.79
85568,428,S4,501.0,25.735,21.79
85569,428,S4,504.0,25.660,21.79
85570,428,S4,507.0,25.559,21.79
85571,428,S4,510.0,25.417,21.79
85572,428,S4,513.0,25.445,21.79
85573,428,S4,516.0,25.321,21.79
85574,428,S4,519.0,25.384,21.79
85575,428,S4,522.0,25.272,21.79
85576,428,S4,525.0,25.298,21.79
85577,428,S4,528.0,25.218,21.79
85578,428,S4,531.0,25.117,21.79
85579,428,S4,534.0,24.985,21.79
85580,428,S4,537.0,25.097,21.79
85581,428,S4,540.0,24.939,21.79
85582,428,S4,543.0,24.977,21.79
85583,428,S4,546.0,24.854,21.79
85584,428,S4,549.0,24.795,21.79
85585,428,S4,552.0,24.746,21.79
85586,428,S4,555.0,24.745,21.79
85587,428,S4,558.0,24.689,21.79
85588,428,S4,561.0,24.658,21.79
85589,428,S4,564.0,24.616,21.79
85590,428,S4,567.0,24.574,21.79
85591,428,S4,570.0,24.494,21.79
85592,428,S4,573.0,24.453,21.79
85593,428,S4,576.0,24.341,21.79
85594,428,S4,579.0,24.329,21.79
85595,428,S4,582.0,24.344,21.79
85596,428,S4,585.0,24.184,21.79
85597,428,S4,588.0,24.254,21.79
85598,428,S4,591.0,24.231,21.79
85599,428,S4,594.0,24.281,21.79
85600,428,S4,597.0,24.101,21.79
85601,429,S1,0.0,88.327,21.50
85602,429,S1,3.0,86.918,21.50
85603,429,S1,6.0,85.553,21.50
85604,429,S1,9.0,84.092,21.50
85605,429,S1,12.0,82.923,21.50
85606,429,S1,15.0,81.613,21.50
85607,429,S1,18.0,80.466,21.50
85608,429,S1,21.0,79.213,21.50
85609,429,S1,24.0,77.933,21.50
85610,429,S1,27.0,76.846,21.50
85611,429,S1,30.0,75.639,21.50
85612,429,S1,33.0,74.544,21.50
85613,429,S1,36.0,73.342,21.50
85614,429,S1,39.0,72.347,21.50
85615,429,S1,42.0,71.298,21.50
85616,429,S1,45.0,70.216,21.50
85617,429,S1,48.0,69.297,21.50
85618,429,S1,51.0,68.222,21.50
85619,429,S1,54.0,67.274,21.50
85620,429,S1,57.0,66.271,21.50
85621,429,S1,60.0,65.412,21.50
85622,429,S1,63.0,64.492,21.50
85623,429,S1,66.0,63.647,21.50
85624,429,S1,69.0,62.719,21.50
85625,429,S1,72.0,61.957,21.50
85626,429,S1,75.0,61.034,21.50
85627,429,S1,78.0,60.241,21.50
85628,429,S1,81.0,59.428,21.50
85629,429,S1,84.0,58.586,21.50
85630,429,S1,87.0,57.856,21.50
85631,429,S1,90.0,57.089,21.50
85632,429,S1,93.0,56.308,21.50
85633,429,S1,96.0,55.699,21.50
85634,429,S1,99.0,54.955,21.50
85635,429,S1,102.0,54.288,21.50
85636,429,S1,105.0,53.568,21.50
85637,429,S1,108.0,52.909,21.50
85638,429,S1,111.0,52.188,21.50
85639,429,S1,114.0,51.546,21.50
85640,429,S1,117.0,51.009,21.50
85641,429,S1,120.0,50.345,21.50
85642,429,S1,123.0,49.731,21.50
85643,429,S1,126.0,49.123,21.50
85644,429,S1,129.0,48.564,21.50
85645,429,S1,132.0,48.127,21.50
85646,429,S1,135.0,47.421,21.50
85647,429,S1,138.0,47.029,21.50
85648,429,S1,141.0,46.344,21.50
85649,429,S1,144.0,45.821,21.50
85650,429,S1,147.0,45.443,21.50
85651,429,S1,150.0,44.891,21.50
85652,429,S1,153.0,44.368,21.50
85653,429,S1,156.0,43.907,21.50
85654,429,S1,159.0,43.517,21.50
85655,429,S1,162.0,43.011,21.50
85656,429,S1,165.0,42.513,21.50
85657,429,S1,168.0,42.109,21.50
85658,429,S1,171.0,41.763,21.50
85659,429,S1,174.0,41.287,21.50
85660,429,S1,177.0,40.885,21.50
85661,429,S1,180.0,40.418,21.50
85662,429,S1,183.0,40.000,21.50
85663,429,S1,186.0,39.758,21.50
85664,429,S1,189.0,39.364,21.50
85665,429,S1,192.0,38.996,21.50
85666,429,S1,195.0,38.591,21.50
85667,429,S1,198.0,38.239,21.50
85668,429,S1,201.0,37.779,21.50
85669,429,S1,204.0,37.488,21.50
85670,429,S1,207.0,37.191,21.50
85671,429,S1,210.0,36.855,21.50
85672,429,S1,213.0,36.594,21.50
85673,429,S1,216.0,36.236,21.50
85674,429,S1,219.0,35.964,21.50
85675,429,S1,222.0,35.557,21.50
85676,429,S1,225.0,35.307,21.50
85677,429,S1,228.0,34.976,21.50
85678,429,S1,231.0,34.653,21.50
85679,429,S1,234.0,34.518,21.50
85680,429,S1,237.0,34.138,21.50
85681,429,S1,240.0,33.986,21.50
85682,429,S1,243.0,33.674,21.50
85683,429,S1,246.0,33.423,21.50
85684,429,S1,249.0,33.175,21.50
85685,429,S1,252.0,32.994,21.50
85686,429,S1,255.0,32.651,21.50
85687,429,S1,258.0,32.463,21.50
85688,429,S1,261.0,32.242,21.50
85689,429,S1,264.0,31.985,21.50
85690,429,S1,267.0,31.840,21.50
85691,429,S1,270.0,31.642,21.50
85692,429,S1,273.0,31.390,21.50
85693,429,S1,276.0,31.226,21.50
85694,429,S1,279.0,31.038,21.50
85695,429,S1,282.0,30.745,21.50
85696,429,S1,285.0,30.593,21.50
85697,429,S1,288.0,30.450,21.50
85698,429,S1,291.0,30.227,21.50
85699,429,S1,294.0,30.005,21.50
85700,429,S1,297.0,29.925,21.50
85701,429,S1,300.0,29.679,21.50
85702,429,S1,303.0,29.471,21.50
85703,429,S1,306.0,29.432,21.50
85704,429,S1,309.0,29.132,21.50
85705,429,S1,312.0,29.011,21.50
85706,429,S1,315.0,28.854,21.50
85707,429,S1,318.0,28.721,21.50
85708,429,S1,321.0,28.666,21.50
85709,429,S1,324.0,28.456,21.50
85710,429,S1,327.0,28.294,21.50
85711,429,S1,330.0,28.131,21.50
85712,429,S1,333.0,28.032,21.50
85713,429,S1,336.0,27.794,21.50
85714,429,S1,339.0,27.671,21.50
85715,429,S1,342.0,27.631,21.50
85716,429,S1,345.0,27.558,21.50
85717,429,S1,348.0,27.411,21.50
85718,429,S1,351.0,27.203,21.50
85719,429,S1,354.0,27.094,21.50
85720,429,S1,357.0,26.975,21.50
85721,429,S1,360.0,26.798,21.50
85722,429,S1,363.0,26.784,21.50
85723,429,S1,366.0,26.732,21.50
85724,429,S1,369.0,26.540,21.50
85725,429,S1,372.0,26.445,21.50
85726,429,S1,375.0,26.281,21.50
85727,429,S1,378.0,26.236,21.50
85728,429,S1,381.0,26.070,21.50
85729,429,S1,384.0,25.981,21.50
85730,429,S1,387.0,25.898,21.50
85731,429,S1,390.0,25.823,21.50
85732,429,S1,393.0,25.783,21.50
85733,429,S1,396.0,25.686,21.50
85734,429,S1,399.0,25.598,21.50
85735,429,S1,402.0,25.549,21.50
85736,429,S1,405.0,25.430,21.50
85737,429,S1,408.0,25.328,21.50
85738,429,S1,411.0,25.251,21.50
85739,429,S1,414.0,25.169,21.50
85740,429,S1,417.0,25.199,21.50
85741,429,S1,420.0,25.093,21.50
85742,429,S1,423.0,24.944,21.50
85743,429,S1,426.0,24.935,21.50
85744,429,S1,429.0,24.844,21.50
85745,429,S1,432.0,24.768,21.50
85746,429,S1,435.0,24.597,21.50
85747,429,S1,438.0,24.704,21.50
85748,429,S1,441.0,24.574,21.50
85749,429,S1,444.0,24.440,21.50
85750,429,S1,447.0,24.448,21.50
85751,429,S1,450.0,24.401,21.50
85752,429,S1,453.0,24.359,21.50
85753,429,S1,456.0,24.219,21.50
85754,429,S1,459.0,24.184,21.50
85755,429,S1,462.0,24.159,21.50
85756,429,S1,465.0,24.068,21.50
85757,429,S1,468.0,24.026,21.50
85758,429,S1,471.0,24.047,21.50
85759,429,S1,474.0,23.862,21.50
85760,429,S1,477.0,23.874,21.50
85761,429,S1,480.0,23.866,21.50
85762,429,S1,483.0,23.767,21.50
85763,429,S1,486.0,23.736,21.50
85764,429,S1,489.0,23.675,21.50
85765,429,S1,492.0,23.641,21.50
85766,429,S1,495.0,23.551,21.50
85767,429,S1,498.0,23.595,21.50
85768,429,S1,501.0,23.459,21.50
85769,429,S1,504.0,23.475,21.50
85770,429,S1,507.0,23.337,21.50
85771,429,S1,510.0,23.448,21.50
85772,429,S1,513.0,23.363,21.50
85773,429,S1,516.0,23.213,21.50
85774,429,S1,519.0,23.285,21.50
85775,429,S1,522.0,23.251,21.50
85776,429,S1,525.0,23.195,21.50
85777,429,S1,528.0,23.206,21.50
85778,429,S1,531.0,23.119,21.50
85779,429,S1,534.0,22.995,21.50
85780,429,S1,537.0,23.010,21.50
85781,429,S1,540.0,23.026,21.50
85782,429,S1,543.0,22.989,21.50
85783,429,S1,546.0,22.929,21.50
85784,429,S1,549.0,22.948,21.50
85785,429,S1,552.0,23.018,21.50
85786,429,S1,555.0,22.898,21.50
85787,429,S1,558.0,22.847,21.50
85788,429,S1,561.0,22.950,21.50
85789,429,S1,564.0,22.854,21.50
85790,429,S1,567.0,22.809,21.50
85791,429,S1,570.0,22.756,21.50
85792,429,S1,573.0,22.777,21.50
85793,429,S1,576.0,22.813,21.50
85794,429,S1,579.0,22.607,21.50
85795,429,S1,582.0,22.626,21.50
85796,429,S1,585.0,22.541,21.50
85797,429,S1,588.0,22.603,21.50
85798,429,S1,591.0,22.574,21.50
85799,429,S1,594.0,22.434,21.50
85800,429,S1,597.0,22.504,21.50
85801,430,S2,0.0,81.468,22.46
85802,430,S2,3.0,80.326,22.46
85803,430,S2,6.0,78.812,22.46
85804,430,S2,9.0,77.557,22.46
85805,430,S2,12.0,76.232,22.46
85806,430,S2,15.0,75.063,22.46
85807,430,S2,18.0,73.772,22.46
85808,430,S2,21.0,72.547,22.46
85809,430,S2,24.0,71.403,22.46
85810,430,S2,27.0,70.197,22.46
85811,430,S2,30.0,69.136,22.46
85812,430,S2,33.0,68.078,22.46
85813,430,S2,36.0,66.904,22.46
85814,430,S2,39.0,65.908,22.46
85815,430,S2,42.0,64.884,22.46
85816,430,S2,45.0,63.862,22.46
85817,430,S2,48.0,62.881,22.46
85818,430,S2,51.0,62.074,22.46
85819,430,S2,54.0,61.092,22.46
85820,430,S2,57.0,60.154,22.46
85821,430,S2,60.0,59.336,22.46
85822,430,S2,63.0,58.401,22.46
85823,430,S2,66.0,57.635,22.46
85824,430,S2,69.0,56.776,22.46
85825,430,S2,72.0,55.973,22.46
85826,430,S2,75.0,55.216,22.46
85827,430,S2,78.0,54.403,22.46
85828,430,S2,81.0,53.754,22.46
85829,430,S2,84.0,52.872,22.46
85830,430,S2,87.0,52.228,22.46
85831,430,S2,90.0,51.582,22.46
85832,430,S2,93.0,50.812,22.46
85833,430,S2,96.0,50.217,22.46
85834,430,S2,99.0,49.561,22.46
85835,430,S2,102.0,48.842,22.46
85836,430,S2,105.0,48.238,22.46
85837,430,S2,108.0,47.721,22.46
85838,430,S2,111.0,47.144,22.46
85839,430,S2,114.0,46.553,22.46
85840,430,S2,117.0,46.072,22.46
85841,430,S2,120.0,45.530,22.46
85842,430,S2,123.0,44.912,22.46
85843,430,S2,126.0,44.519,22.46
85844,430,S2,129.0,43.932,22.46
85845,430,S2,132.0,43.407,22.46
85846,430,S2,135.0,42.913,22.46
85847,430,S2,138.0,42.422,22.46
85848,430,S2,141.0,41.969,22.46
85849,430,S2,144.0,41.482,22.46
85850,430,S2,147.0,41.140,22.46
85851,430,S2,150.0,40.506,22.46
85852,430,S2,153.0,40.131,22.46
85853,430,S2,156.0,39.701,22.46
85854,430,S2,159.0,39.257,22.46
85855,430,S2,162.0,38.952,22.46
85856,430,S2,165.0,38.520,22.46
85857,430,S2,168.0,38.127,22.46
85858,430,S2,171.0,37.907,22.46
85859,430,S2,174.0,37.458,22.46
85860,430,S2,177.0,37.142,22.46
85861,430,S2,180.0,36.712,22.46
85862,430,S2,183.0,36.462,22.46
85863,430,S2,186.0,36.143,22.46
85864,430,S2,189.0,35.836,22.46
85865,430,S2,192.0,35.540,22.46
85866,430,S2,195.0,35.216,22.46
85867,430,S2,198.0,34.875,22.46
85868,430,S2,201.0,34.597,22.46
85869,430,S2,204.0,34.432,22.46
85870,430,S2,207.0,33.999,22.46
85871,430,S2,210.0,33.799,22.46
85872,430,S2,213.0,33.574,22.46
85873,430,S2,216.0,33.278,22.46
85874,430,S2,219.0,33.016,22.46
85875,430,S2,222.0,32.857,22.46
85876,430,S2,225.0,32.629,22.46
85877,430,S2,228.0,32.342,22.46
85878,430,S2,231.0,31.988,22.46
85879,430,S2,234.0,31.808,22.46
85880,430,S2,237.0,31.587,22.46
85881,430,S2,240.0,31.448,22.46
85882,430,S2,243.0,31.072,22.46
85883,430,S2,246.0,31.009,22.46
85884,430,S2,249.0,30.823,22.46
85885,430,S2,252.0,30.560,22.46
85886,430,S2,255.0,30.439,22.46
85887,430,S2,258.0,30.225,22.46
85888,430,S2,261.0,30.085,22.46
85889,430,S2,264.0,29.888,22.46
85890,430,S2,267.0,29.620,22.46
85891,430,S2,270.0,29.533,22.46
85892,430,S2,273.0,29.344,22.46
85893,430,S2,276.0,29.101,22.46
85894,430,S2,279.0,29.050,22.46
85895,430,S2,282.0,28.830,22.46
85896,430,S2,285.0,28.734,22.46
85897,430,S2,288.0,28.687,22.46
85898,430,S2,291.0,28.370,22.46
85899,430,S2,294.0,28.212,22.46
85900,430,S2,297.0,28.142,22.46
85901,430,S2,300.0,27.979,22.46
85902,430,S2,303.0,27.926,22.46
85903,430,S2,306.0,27.785,22.46
85904,430,S2,309.0,27.779,22.46
85905,430,S2,312.0,27.581,22.46
85906,430,S2,315.0,27.505,22.46
85907,430,S2,318.0,27.237,22.46
85908,430,S2,321.0,27.146,22.46
85909,430,S2,324.0,27.071,22.46
85910,430,S2,327.0,26.966,22.46
85911,430,S2,330.0,26.800,22.46
85912,430,S2,333.0,26.810,22.46
85913,430,S2,336.0,26.682,22.46
85914,430,S2,339.0,26.499,22.46
85915,430,S2,342.0,26.435,22.46
85916,430,S2,345.0,26.374,22.46
85917,430,S2,348.0,26.212,22.46
85918,430,S2,351.0,26.247,22.46
85919,430,S2,354.0,26.095,22.46
85920,430,S2,357.0,25.983,22.46
85921,430,S2,360.0,25.822,22.46
85922,430,S2,363.0,25.877,22.46
85923,430,S2,366.0,25.752,22.46
85924,430,S2,369.0,25.777,22.46
85925,430,S2,372.0,25.624,22.46
85926,430,S2,375.0,25.582,22.46
85927,430,S2,378.0,25.461,22.46
85928,430,S2,381.0,25.413,22.46
85929,430,S2,384.0,25.353,22.46
85930,430,S2,387.0,25.287,22.46
85931,430,S2,390.0,25.210,22.46
85932,430,S2,393.0,25.143,22.46
85933,430,S2,396.0,24.976,22.46
85934,430,S2,399.0,25.013,22.46
85935,430,S2,402.0,24.897,22.46
85936,430,S2,405.0,24.911,22.46
85937,430,S2,408.0,24.885,22.46
85938,430,S2,411.0,24.800,22.46
85939,430,S2,414.0,24.664,22.46
85940,430,S2,417.0,24.678,22.46
85941,430,S2,420.0,24.660,22.46
85942,430,S2,423.0,24.591,22.46
85943,430,S2,426.0,24.551,22.46
85944,430,S2,429.0,24.405,22.46
85945,430,S2,432.0,24.357,22.46
85946,430,S2,435.0,24.397,22.46
85947,430,S2,438.0,24.342,22.46
85948,430,S2,441.0,24.332,22.46
85949,430,S2,444.0,24.305,22.46
85950,430,S2,447.0,24.195,22.46
85951,430,S2,450.0,24.176,22.46
85952,430,S2,453.0,24.084,22.46
85953,430,S2,456.0,24.110,22.46
85954,430,S2,459.0,24.055,22.46
85955,430,S2,462.0,24.086,22.46
85956,430,S2,465.0,23.962,22.46
85957,430,S2,468.0,23.870,22.46
85958,430,S2,471.0,23.983,22.46
85959,430,S2,474.0,23.844,22.46
85960,430,S2,477.0,23.788,22.46
85961,430,S2,480.0,23.746,22.46
85962,430,S2,483.0,23.743,22.46
85963,430,S2,486.0,23.876,22.46
85964,430,S2,489.0,23.729,22.46
85965,430,S2,492.0,23.604,22.46
85966,430,S2,495.0,23.684,22.46
85967,430,S2,498.0,23.622,22.46
85968,430,S2,501.0,23.588,22.46
85969,430,S2,504.0,23.554,22.46
85970,430,S2,507.0,23.483,22.46
85971,430,S2,510.0,23.471,22.46
85972,430,S2,513.0,23.508,22.46
85973,430,S2,516.0,23.530,22.46
85974,430,S2,519.0,23.407,22.46
85975,430,S2,522.0,23.485,22.46
85976,430,S2,525.0,23.367,22.46
85977,430,S2,528.0,23.402,22.46
85978,430,S2,531.0,23.369,22.46
85979,430,S2,534.0,23.357,22.46
85980,430,S2,537.0,23.325,22.46
85981,430,S2,540.0,23.282,22.46
85982,430,S2,543.0,23.262,22.46
85983,430,S2,546.0,23.260,22.46
85984,430,S2,549.0,23.269,22.46
85985,430,S2,552.0,23.293,22.46
85986,430,S2,555.0,23.248,22.46
85987,430,S2,558.0,23.249,22.46
85988,430,S2,561.0,23.169,22.46
85989,430,S2,564.0,23.181,22.46
85990,430,S2,567.0,23.151,22.46
85991,430,S2,570.0,23.117,22.46
85992,430,S2,573.0,23.140,22.46
85993,430,S2,576.0,23.095,22.46
85994,430,S2,579.0,23.123,22.46
85995,430,S2,582.0,23.040,22.46
85996,430,S2,585.0,23.019,22.46
85997,430,S2,588.0,23.029,22.46
85998,430,S2,591.0,23.016,22.46
85999,430,S2,594.0,22.989,22.46
86000,430,S2,597.0,22.871,22.46
86001,431,S3,0.0,90.449,21.28
86002,431,S3,3.0,88.686,21.28
86003,431,S3,6.0,87.020,21.28
86004,431,S3,9.0,85.448,21.28
86005,431,S3,12.0,83.948,21.28
86006,431,S3,15.0,82.233,21.28
86007,431,S3,18.0,80.750,21.28
86008,431,S3,21.0,79.283,21.28
86009,431,S3,24.0,77.856,21.28
86010,431,S3,27.0,76.405,21.28
86011,431,S3,30.0,75.140,21.28
86012,431,S3,33.0,73.783,21.28
86013,431,S3,36.0,72.412,21.28
86014,431,S3,39.0,71.194,21.28
86015,431,S3,42.0,69.966,21.28
86016,431,S3,45.0,68.762,21.28
86017,431,S3,48.0,67.677,21.28
86018,431,S3,51.0,66.484,21.28
86019,431,S3,54.0,65.356,21.28
86020,431,S3,57.0,64.263,21.28
86021,431,S3,60.0,63.219,21.28
86022,431,S3,63.0,62.123,21.28
86023,431,S3,66.0,61.143,21.28
86024,431,S3,69.0,60.130,21.28
86025,431,S3,72.0,59.133,21.28
86026,431,S3,75.0,58.277,21.28
86027,431,S3,78.0,57.418,21.28
86028,431,S3,81.0,56.436,21.28
86029,431,S3,84.0,55.501,21.28
86030,431,S3,87.0,54.790,21.28
86031,431,S3,90.0,53.919,21.28
86032,431,S3,93.0,53.165,21.28
86033,431,S3,96.0,52.187,21.28
86034,431,S3,99.0,51.534,21.28
86035,431,S3,102.0,50.843,21.28
86036,431,S3,105.0,50.118,21.28
86037,431,S3,108.0,49.297,21.28
86038,431,S3,111.0,48.598,21.28
86039,431,S3,114.0,48.045,21.28
86040,431,S3,117.0,47.347,21.28
86041,431,S3,120.0,46.658,21.28
86042,431,S3,123.0,46.014,21.28
86043,431,S3,126.0,45.441,21.28
86044,431,S3,129.0,44.843,21.28
86045,431,S3,132.0,44.194,21.28
86046,431,S3,135.0,43.640,21.28
86047,431,S3,138.0,43.123,21.28
86048,431,S3,141.0,42.583,21.28
86049,431,S3,144.0,42.093,21.28
86050,431,S3,147.0,41.587,21.28
86051,431,S3,150.0,41.072,21.28
86052,431,S3,153.0,40.543,21.28
86053,431,S3,156.0,40.158,21.28
86054,431,S3,159.0,39.526,21.28
86055,431,S3,162.0,39.225,21.28
86056,431,S3,165.0,38.662,21.28
86057,431,S3,168.0,38.319,21.28
86058,431,S3,171.0,37.858,21.28
86059,431,S3,174.0,37.459,21.28
86060,431,S3,177.0,36.997,21.28
86061,431,S3,180.0,36.583,21.28
86062,431,S3,183.0,36.346,21.28
86063,431,S3,186.0,36.028,21.28
86064,431,S3,189.0,35.514,21.28
86065,431,S3,192.0,35.286,21.28
86066,431,S3,195.0,34.774,21.28
86067,431,S3,198.0,34.473,21.28
86068,431,S3,201.0,34.169,21.28
86069,431,S3,204.0,33.806,21.28
86070,431,S3,207.0,33.566,21.28
86071,431,S3,210.0,33.283,21.28
86072,431,S3,213.0,32.968,21.28
86073,431,S3,216.0,32.688,21.28
86074,431,S3,219.0,32.367,21.28
86075,431,S3,222.0,32.111,21.28
86076,431,S3,225.0,31.927,21.28
86077,431,S3,228.0,31.637,21.28
86078,431,S3,231.0,31.294,21.28
86079,431,S3,234.0,31.046,21.28
86080,431,S3,237.0,30.885,21.28
86081,431,S3,240.0,30.617,21.28
86082,431,S3,243.0,30.327,21.28
86083,431,S3,246.0,30.187,21.28
86084,431,S3,249.0,30.003,21.28
86085,431,S3,252.0,29.681,21.28
86086,431,S3,255.0,29.621,21.28
86087,431,S3,258.0,29.273,21.28
86088,431,S3,261.0,29.082,21.28
86089,431,S3,264.0,28.940,21.28
86090,431,S3,267.0,28.742,21.28
86091,431,S3,270.0,28.576,21.28
86092,431,S3,273.0,28.482,21.28
86093,431,S3,276.0,28.240,21.28
86094,431,S3,279.0,28.000,21.28
86095,431,S3,282.0,27.935,21.28
86096,431,S3,285.0,27.767,21.28
86097,431,S3,288.0,27.535,21.28
86098,431,S3,291.0,27.423,21.28
86099,431,S3,294.0,27.172,21.28
86100,431,S3,297.0,27.097,21.28
86101,431,S3,300.0,26.854,21.28
86102,431,S3,303.0,26.837,21.28
86103,431,S3,306.0,26.580,21.28
86104,431,S3,309.0,26.516,21.28
86105,431,S3,312.0,26.341,21.28
86106,431,S3,315.0,26.345,21.28
86107,431,S3,318.0,26.071,21.28
86108,431,S3,321.0,26.065,21.28
86109,431,S3,324.0,25.894,21.28
86110,431,S3,327.0,25.781,21.28
86111,431,S3,330.0,25.660,21.28
86112,431,S3,333.0,25.459,21.28
86113,431,S3,336.0,25.465,21.28
86114,431,S3,339.0,25.282,21.28
86115,431,S3,342.0,25.276,21.28
86116,431,S3,345.0,25.263,21.28
86117,431,S3,348.0,25.083,21.28
86118,431,S3,351.0,24.958,21.28
86119,431,S3,354.0,24.885,21.28
86120,431,S3,357.0,24.863,21.28
86121,431,S3,360.0,24.714,21.28
86122,431,S3,363.0,24.628,21.28
86123,431,S3,366.0,24.519,21.28
86124,431,S3,369.0,24.460,21.28
86125,431,S3,372.0,24.368,21.28
86126,431,S3,375.0,24.222,21.28
86127,431,S3,378.0,24.173,21.28
86128,431,S3,381.0,24.230,21.28
86129,431,S3,384.0,24.090,21.28
86130,431,S3,387.0,24.087,21.28
86131,431,S3,390.0,23.959,21.28
86132,431,S3,393.0,23.906,21.28
86133,431,S3,396.0,23.835,21.28
86134,431,S3,399.0,23.704,21.28
86135,431,S3,402.0,23.678,21.28
86136,431,S3,405.0,23.708,21.28
86137,431,S3,408.0,23.581,21.28
86138,431,S3,411.0,23.466,21.28
86139,431,S3,414.0,23.505,21.28
86140,431,S3,417.0,23.466,21.28
86141,431,S3,420.0,23.351,21.28
86142,431,S3,423.0,23.335,21.28
86143,431,S3,426.0,23.233,21.28
86144,431,S3,429.0,23.249,21.28
86145,431,S3,432.0,23.084,21.28
86146,431,S3,435.0,23.096,21.28
86147,431,S3,438.0,23.052,21.28
86148,431,S3,441.0,22.991,21.28
86149,431,S3,444.0,22.947,21.28
86150,431,S3,447.0,22.990,21.28
86151,431,S3,450.0,22.863,21.28
86152,431,S3,453.0,22.854,21.28
86153,431,S3,456.0,22.852,21.28
86154,431,S3,459.0,22.857,21.28
86155,431,S3,462.0,22.747,21.28
86156,431,S3,465.0,22.621,21.28
86157,431,S3,468.0,22.690,21.28
86158,431,S3,471.0,22.668,21.28
86159,431,S3,474.0,22.604,21.28
86160,431,S3,477.0,22.625,21.28
86161,431,S3,480.0,22.510,21.28
86162,431,S3,483.0,22.498,21.28
86163,431,S3,486.0,22.455,21.28
86164,431,S3,489.0,22.444,21.28
86165,431,S3,492.0,22.442,21.28
86166,431,S3,495.0,22.369,21.28
86167,431,S3,498.0,22.398,21.28
86168,431,S3,501.0,22.332,21.28
86169,431,S3,504.0,22.278,21.28
86170,431,S3,507.0,22.277,21.28
86171,431,S3,510.0,22.312,21.28
86172,431,S3,513.0,22.316,21.28
86173,431,S3,516.0,22.318,21.28
86174,431,S3,519.0,22.160,21.28
86175,431,S3,522.0,22.193,21.28
86176,431,S3,525.0,22.080,21.28
86177,431,S3,528.0,22.155,21.28
86178,431,S3,531.0,22.195,21.28
86179,431,S3,534.0,22.082,21.28
86180,431,S3,537.0,22.030,21.28
86181,431,S3,540.0,22.049,21.28
86182,431,S3,543.0,21.953,21.28
86183,431,S3,546.0,21.984,21.28
86184,431,S3,549.0,21.975,21.28
86185,431,S3,552.0,21.969,21.28
86186,431,S3,555.0,22.025,21.28
86187,431,S3,558.0,21.870,21.28
86188,431,S3,561.0,21.930,21.28
86189,431,S3,564.0,21.862,21.28
86190,431,S3,567.0,21.832,21.28
86191,431,S3,570.0,21.794,21.28
86192,431,S3,573.0,21.814,21.28
86193,431,S3,576.0,21.861,21.28
86194,431,S3,579.0,21.889,21.28
86195,431,S3,582.0,21.777,21.28
86196,431,S3,585.0,21.797,21.28
86197,431,S3,588.0,21.691,21.28
86198,431,S3,591.0,21.766,21.28
86199,431,S3,594.0,21.813,21.28
86200,431,S3,597.0,21.760,21.28
86201,432,S4,0.0,91.308,20.49
86202,432,S4,3.0,89.815,20.49
86203,432,S4,6.0,88.421,20.49
86204,432,S4,9.0,86.857,20.49
86205,432,S4,12.0,85.649,20.49
86206,432,S4,15.0,84.325,20.49
86207,432,S4,18.0,82.791,20.49
86208,432,S4,21.0,81.624,20.49
86209,432,S4,24.0,80.192,20.49
86210,432,S4,27.0,78.931,20.49
86211,432,S4,30.0,77.811,20.49
86212,432,S4,33.0,76.580,20.49
86213,432,S4,36.0,75.470,20.49
86214,432,S4,39.0,74.157,20.49
86215,432,S4,42.0,73.106,20.49
86216,432,S4,45.0,71.963,20.49
86217,432,S4,48.0,70.881,20.49
86218,432,S4,51.0,69.906,20.49
86219,432,S4,54.0,68.872,20.49
86220,432,S4,57.0,67.830,20.49
86221,432,S4,60.0,66.877,20.49
86222,432,S4,63.0,65.772,20.49
86223,432,S4,66.0,64.857,20.49
86224,432,S4,69.0,63.921,20.49
86225,432,S4,72.0,63.059,20.49
86226,432,S4,75.0,62.133,20.49
86227,432,S4,78.0,61.223,20.49
86228,432,S4,81.0,60.374,20.49
86229,432,S4,84.0,59.544,20.49
86230,432,S4,87.0,58.762,20.49
86231,432,S4,90.0,57.932,20.49
86232,432,S4,93.0,57.102,20.49
86233,432,S4,96.0,56.414,20.49
86234,432,S4,99.0,55.639,20.49
86235,432,S4,102.0,54.954,20.49
86236,432,S4,105.0,54.123,20.49
86237,432,S4,108.0,53.438,20.49
86238,432,S4,111.0,52.741,20.49
86239,432,S4,114.0,52.097,20.49
86240,432,S4,117.0,51.297,20.49
86241,432,S4,120.0,50.800,20.49
86242,432,S4,123.0,50.125,20.49
86243,432,S4,126.0,49.545,20.49
86244,432,S4,129.0,48.975,20.49
86245,432,S4,132.0,48.246,20.49
86246,432,S4,135.0,47.702,20.49
86247,432,S4,138.0,47.149,20.49
86248,432,S4,141.0,46.559,20.49
86249,432,S4,144.0,46.126,20.49
86250,432,S4,147.0,45.470,20.49
86251,432,S4,150.0,44.986,20.49
86252,432,S4,153.0,44.547,20.49
86253,432,S4,156.0,44.021,20.49
86254,432,S4,159.0,43.469,20.49
86255,432,S4,162.0,42.982,20.49
86256,432,S4,165.0,42.533,20.49
86257,432,S4,168.0,42.035,20.49
86258,432,S4,171.0,41.565,20.49
86259,432,S4,174.0,41.068,20.49
86260,432,S4,177.0,40.705,20.49
86261,432,S4,180.0,40.392,20.49
86262,432,S4,183.0,39.826,20.49
86263,432,S4,186.0,39.458,20.49
86264,432,S4,189.0,39.090,20.49
86265,432,S4,192.0,38.716,20.49
86266,432,S4,195.0,38.263,20.49
86267,432,S4,198.0,37.831,20.49
86268,432,S4,201.0,37.542,20.49
86269,432,S4,204.0,37.226,20.49
86270,432,S4,207.0,36.804,20.49
86271,432,S4,210.0,36.456,20.49
86272,432,S4,213.0,36.112,20.49
86273,432,S4,216.0,35.836,20.49
86274,432,S4,219.0,35.384,20.49
86275,432,S4,222.0,35.201,20.49
86276,432,S4,225.0,34.865,20.49
86277,432,S4,228.0,34.551,20.49
86278,432,S4,231.0,34.309,20.49
86279,432,S4,234.0,34.030,20.49
86280,432,S4,237.0,33.715,20.49
86281,432,S4,240.0,33.489,20.49
86282,432,S4,243.0,33.126,20.49
86283,432,S4,246.0,32.971,20.49
86284,432,S4,249.0,32.591,20.49
86285,432,S4,252.0,32.393,20.49
86286,432,S4,255.0,32.000,20.49
86287,432,S4,258.0,31.882,20.49
86288,432,S4,261.0,31.662,20.49
86289,432,S4,264.0,31.463,20.49
86290,432,S4,267.0,31.081,20.49
86291,432,S4,270.0,30.949,20.49
86292,432,S4,273.0,30.759,20.49
86293,432,S4,276.0,30.543,20.49
86294,432,S4,279.0,30.333,20.49
86295,432,S4,282.0,30.134,20.49
86296,432,S4,285.0,29.840,20.49
86297,432,S4,288.0,29.703,20.49
86298,432,S4,291.0,29.459,20.49
86299,432,S4,294.0,29.318,20.49
86300,432,S4,297.0,29.113,20.49
86301,432,S4,300.0,29.009,20.49
86302,432,S4,303.0,28.870,20.49
86303,432,S4,306.0,28.552,20.49
86304,432,S4,309.0,28.406,20.49
86305,432,S4,312.0,28.207,20.49
86306,432,S4,315.0,28.045,20.49
86307,432,S4,318.0,27.896,20.49
86308,432,S4,321.0,27.790,20.49
86309,432,S4,324.0,27.531,20.49
86310,432,S4,327.0,27.440,20.49
86311,432,S4,330.0,27.335,20.49
86312,432,S4,333.0,27.240,20.49
86313,432,S4,336.0,27.046,20.49
86314,432,S4,339.0,26.891,20.49
86315,432,S4,342.0,26.672,20.49
86316,432,S4,345.0,26.621,20.49
86317,432,S4,348.0,26.573,20.49
86318,432,S4,351.0,26.392,20.49
86319,432,S4,354.0,26.288,20.49
86320,432,S4,357.0,26.220,20.49
86321,432,S4,360.0,26.034,20.49
86322,432,S4,363.0,25.891,20.49
86323,432,S4,366.0,25.801,20.49
86324,432,S4,369.0,25.688,20.49
86325,432,S4,372.0,25.518,20.49
86326,432,S4,375.0,25.431,20.49
86327,432,S4,378.0,25.295,20.49
86328,432,S4,381.0,25.238,20.49
86329,432,S4,384.0,25.071,20.49
86330,432,S4,387.0,25.015,20.49
86331,432,S4,390.0,24.973,20.49
86332,432,S4,393.0,24.872,20.49
86333,432,S4,396.0,24.818,20.49
86334,432,S4,399.0,24.534,20.49
86335,432,S4,402.0,24.693,20.49
86336,432,S4,405.0,24.463,20.49
86337,432,S4,408.0,24.447,20.49
86338,432,S4,411.0,24.334,20.49
86339,432,S4,414.0,24.272,20.49
86340,432,S4,417.0,24.219,20.49
86341,432,S4,420.0,24.110,20.49
86342,432,S4,423.0,24.015,20.49
86343,432,S4,426.0,23.962,20.49
86344,432,S4,429.0,23.878,20.49
86345,432,S4,432.0,23.774,20.49
86346,432,S4,435.0,23.750,20.49
86347,432,S4,438.0,23.595,20.49
86348,432,S4,441.0,23.601,20.49
86349,432,S4,444.0,23.569,20.49
86350,432,S4,447.0,23.535,20.49
86351,432,S4,450.0,23.445,20.49
86352,432,S4,453.0,23.387,20.49
86353,432,S4,456.0,23.340,20.49
86354,432,S4,459.0,23.291,20.49
86355,432,S4,462.0,23.166,20.49
86356,432,S4,465.0,23.168,20.49
86357,432,S4,468.0,23.001,20.49
86358,432,S4,471.0,23.035,20.49
86359,432,S4,474.0,22.989,20.49
86360,432,S4,477.0,22.910,20.49
86361,432,S4,480.0,22.800,20.49
86362,432,S4,483.0,22.851,20.49
86363,432,S4,486.0,22.863,20.49
86364,432,S4,489.0,22.634,20.49
86365,432,S4,492.0,22.690,20.49
86366,432,S4,495.0,22.634,20.49
86367,432,S4,498.0,22.445,20.49
86368,432,S4,501.0,22.449,20.49
86369,432,S4,504.0,22.489,20.49
86370,432,S4,507.0,22.381,20.49
86371,432,S4,510.0,22.350,20.49
86372,432,S4,513.0,22.342,20.49
86373,432,S4,516.0,22.323,20.49
86374,432,S4,519.0,22.329,20.49
86375,432,S4,522.0,22.322,20.49
86376,432,S4,525.0,22.216,20.49
86377,432,S4,528.0,22.197,20.49
86378,432,S4,531.0,22.130,20.49
86379,432,S4,534.0,21.992,20.49
86380,432,S4,537.0,22.001,20.49
86381,432,S4,540.0,21.966,20.49
86382,432,S4,543.0,22.082,20.49
86383,432,S4,546.0,21.988,20.49
86384,432,S4,549.0,21.983,20.49
86385,432,S4,552.0,21.900,20.49
86386,432,S4,555.0,21.874,20.49
86387,432,S4,558.0,21.877,20.49
86388,432,S4,561.0,21.812,20.49
86389,432,S4,564.0,21.799,20.49
86390,432,S4,567.0,21.838,20.49
86391,432,S4,570.0,21.801,20.49
86392,432,S4,573.0,21.665,20.49
86393,432,S4,576.0,21.701,20.49
86394,432,S4,579.0,21.610,20.49
86395,432,S4,582.0,21.593,20.49
86396,432,S4,585.0,21.569,20.49
86397,432,S4,588.0,21.554,20.49
86398,432,S4,591.0,21.620,20.49
86399,432,S4,594.0,21.451,20.49
86400,432,S4,597.0,21.466,20.49
86401,433,S1,0.0,73.459,21.82
86402,433,S1,3.0,72.806,21.82
86403,433,S1,6.0,72.204,21.82
86404,433,S1,9.0,71.572,21.82
86405,433,S1,12.0,70.787,21.82
86406,433,S1,15.0,70.179,21.82
86407,433,S1,18.0,69.647,21.82
86408,433,S1,21.0,69.062,21.82
86409,433,S1,24.0,68.361,21.82
86410,433,S1,27.0,67.814,21.82
86411,433,S1,30.0,67.134,21.82
86412,433,S1,33.0,66.615,21.82
86413,433,S1,36.0,66.093,21.82
86414,433,S1,39.0,65.646,21.82
86415,433,S1,42.0,64.960,21.82
86416,433,S1,45.0,64.391,21.82
86417,433,S1,48.0,63.819,21.82
86418,433,S1,51.0,63.217,21.82
86419,433,S1,54.0,62.836,21.82
86420,433,S1,57.0,62.205,21.82
86421,433,S1,60.0,61.755,21.82
86422,433,S1,63.0,61.234,21.82
86423,433,S1,66.0,60.599,21.82
86424,433,S1,69.0,60.233,21.82
86425,433,S1,72.0,59.711,21.82
86426,433,S1,75.0,59.200,21.82
86427,433,S1,78.0,58.786,21.82
86428,433,S1,81.0,58.324,21.82
86429,433,S1,84.0,57.764,21.82
86430,433,S1,87.0,57.397,21.82
86431,433,S1,90.0,56.894,21.82
86432,433,S1,93.0,56.522,21.82
86433,433,S1,96.0,56.052,21.82
86434,433,S1,99.0,55.608,21.82
86435,433,S1,102.0,55.125,21.82
86436,433,S1,105.0,54.636,21.82
86437,433,S1,108.0,54.309,21.82
86438,433,S1,111.0,53.861,21.82
86439,433,S1,114.0,53.458,21.82
86440,433,S1,117.0,53.191,21.82
86441,433,S1,120.0,52.670,21.82
86442,433,S1,123.0,52.308,21.82
86443,433,S1,126.0,51.770,21.82
86444,433,S1,129.0,51.550,21.82
86445,433,S1,132.0,51.125,21.82
86446,433,S1,135.0,50.739,21.82
86447,433,S1,138.0,50.431,21.82
86448,433,S1,141.0,49.978,21.82
86449,433,S1,144.0,49.678,21.82
86450,433,S1,147.0,49.301,21.82
86451,433,S1,150.0,48.915,21.82
86452,433,S1,153.0,48.663,21.82
86453,433,S1,156.0,48.161,21.82
86454,433,S1,159.0,47.880,21.82
86455,433,S1,162.0,47.550,21.82
86456,433,S1,165.0,47.309,21.82
86457,433,S1,168.0,46.864,21.82
86458,433,S1,171.0,46.578,21.82
86459,433,S1,174.0,46.261,21.82
86460,433,S1,177.0,45.918,21.82
86461,433,S1,180.0,45.718,21.82
86462,433,S1,183.0,45.329,21.82
86463,433,S1,186.0,45.045,21.82
86464,433,S1,189.0,44.797,21.82
86465,433,S1,192.0,44.394,21.82
86466,433,S1,195.0,44.033,21.82
86467,433,S1,198.0,43.865,21.82
86468,433,S1,201.0,43.632,21.82
86469,433,S1,204.0,43.295,21.82
86470,433,S1,207.0,43.004,21.82
86471,433,S1,210.0,42.772,21.82
86472,433,S1,213.0,42.490,21.82
86473,433,S1,216.0,42.299,21.82
86474,433,S1,219.0,41.977,21.82
86475,433,S1,222.0,41.701,21.82
86476,433,S1,225.0,41.463,21.82
86477,433,S1,228.0,41.335,21.82
86478,433,S1,231.0,40.948,21.82
86479,433,S1,234.0,40.671,21.82
86480,433,S1,237.0,40.492,21.82
86481,433,S1,240.0,40.166,21.82
86482,433,S1,243.0,40.042,21.82
86483,433,S1,246.0,39.757,21.82
86484,433,S1,249.0,39.576,21.82
86485,433,S1,252.0,39.260,21.82
86486,433,S1,255.0,39.002,21.82
86487,433,S1,258.0,38.863,21.82
86488,433,S1,261.0,38.606,21.82
86489,433,S1,264.0,38.479,21.82
86490,433,S1,267.0,38.157,21.82
86491,433,S1,270.0,37.996,21.82
86492,433,S1,273.0,37.771,21.82
86493,433,S1,276.0,37.520,21.82
86494,433,S1,279.0,37.371,21.82
86495,433,S1,282.0,37.235,21.82
86496,433,S1,285.0,36.999,21.82
86497,433,S1,288.0,36.751,21.82
86498,433,S1,291.0,36.633,21.82
86499,433,S1,294.0,36.456,21.82
86500,433,S1,297.0,36.223,21.82
86501,433,S1,300.0,36.033,21.82
86502,433,S1,303.0,35.851,21.82
86503,433,S1,306.0,35.678,21.82
86504,433,S1,309.0,35.527,21.82
86505,433,S1,312.0,35.283,21.82
86506,433,S1,315.0,35.214,21.82
86507,433,S1,318.0,34.979,21.82
86508,433,S1,321.0,34.847,21.82
86509,433,S1,324.0,34.714,21.82
86510,433,S1,327.0,34.478,21.82
86511,433,S1,330.0,34.344,21.82
86512,433,S1,333.0,34.280,21.82
86513,433,S1,336.0,34.013,21.82
86514,433,S1,339.0,33.779,21.82
86515,433,S1,342.0,33.697,21.82
86516,433,S1,345.0,33.574,21.82
86517,433,S1,348.0,33.370,21.82
86518,433,S1,351.0,33.278,21.82
86519,433,S1,354.0,33.080,21.82
86520,433,S1,357.0,32.973,21.82
86521,433,S1,360.0,32.844,21.82
86522,433,S1,363.0,32.612,21.82
86523,433,S1,366.0,32.511,21.82
86524,433,S1,369.0,32.330,21.82
86525,433,S1,372.0,32.347,21.82
86526,433,S1,375.0,32.191,21.82
86527,433,S1,378.0,31.975,21.82
86528,433,S1,381.0,31.817,21.82
86529,433,S1,384.0,31.761,21.82
86530,433,S1,387.0,31.595,21.82
86531,433,S1,390.0,31.391,21.82
86532,433,S1,393.0,31.427,21.82
86533,433,S1,396.0,31.324,21.82
86534,433,S1,399.0,31.165,21.82
86535,433,S1,402.0,31.092,21.82
86536,433,S1,405.0,30.940,21.82
86537,433,S1,408.0,30.786,21.82
86538,433,S1,411.0,30.723,21.82
86539,433,S1,414.0,30.575,21.82
86540,433,S1,417.0,30.408,21.82
86541,433,S1,420.0,30.366,21.82
86542,433,S1,423.0,30.203,21.82
86543,433,S1,426.0,30.016,21.82
86544,433,S1,429.0,29.962,21.82
86545,433,S1,432.0,29.861,21.82
86546,433,S1,435.0,29.768,21.82
86547,433,S1,438.0,29.525,21.82
86548,433,S1,441.0,29.587,21.82
86549,433,S1,444.0,29.428,21.82
86550,433,S1,447.0,29.389,21.82
86551,433,S1,450.0,29.331,21.82
86552,433,S1,453.0,29.119,21.82
86553,433,S1,456.0,29.140,21.82
86554,433,S1,459.0,29.036,21.82
86555,433,S1,462.0,28.909,21.82
86556,433,S1,465.0,28.840,21.82
86557,433,S1,468.0,28.764,21.82
86558,433,S1,471.0,28.610,21.82
86559,433,S1,474.0,28.551,21.82
86560,433,S1,477.0,28.307,21.82
86561,433,S1,480.0,28.259,21.82
86562,433,S1,483.0,28.313,21.82
86563,433,S1,486.0,28.172,21.82
86564,433,S1,489.0,28.106,21.82
86565,433,S1,492.0,28.007,21.82
86566,433,S1,495.0,27.959,21.82
86567,433,S1,498.0,28.027,21.82
86568,433,S1,501.0,27.729,21.82
86569,433,S1,504.0,27.759,21.82
86570,433,S1,507.0,27.660,21.82
86571,433,S1,510.0,27.613,21.82
86572,433,S1,513.0,27.536,21.82
86573,433,S1,516.0,27.400,21.82
86574,433,S1,519.0,27.329,21.82
86575,433,S1,522.0,27.296,21.82
86576,433,S1,525.0,27.143,21.82
86577,433,S1,528.0,27.215,21.82
86578,433,S1,531.0,27.061,21.82
86579,433,S1,534.0,27.011,21.82
86580,433,S1,537.0,26.933,21.82
86581,433,S1,540.0,26.886,21.82
86582,433,S1,543.0,26.740,21.82
86583,433,S1,546.0,26.732,21.82
86584,433,S1,549.0,26.758,21.82
86585,433,S1,552.0,26.654,21.82
86586,433,S1,555.0,26.546,21.82
86587,433,S1,558.0,26.577,21.82
86588,433,S1,561.0,26.454,21.82
86589,433,S1,564.0,26.411,21.82
86590,433,S1,567.0,26.318,21.82
86591,433,S1,570.0,26.257,21.82
86592,433,S1,573.0,26.224,21.82
86593,433,S1,576.0,26.232,21.82
86594,433,S1,579.0,26.103,21.82
86595,433,S1,582.0,26.078,21.82
86596,433,S1,585.0,26.075,21.82
86597,433,S1,588.0,26.029,21.82
86598,433,S1,591.0,25.790,21.82
86599,433,S1,594.0,25.798,21.82
86600,433,S1,597.0,25.798,21.82
86601,434,S2,0.0,93.539,20.18
86602,434,S2,3.0,92.025,20.18
86603,434,S2,6.0,90.301,20.18
86604,434,S2,9.0,88.757,20.18
86605,434,S2,12.0,87.327,20.18
86606,434,S2,15.0,85.730,20.18
86607,434,S2,18.0,84.361,20.18
86608,434,S2,21.0,82.909,20.18
86609,434,S2,24.0,81.504,20.18
86610,434,S2,27.0,80.178,20.18
86611,434,S2,30.0,78.879,20.18
86612,434,S2,33.0,77.552,20.18
86613,434,S2,36.0,76.274,20.18
86614,434,S2,39.0,75.067,20.18
86615,434,S2,42.0,73.834,20.18
86616,434,S2,45.0,72.827,20.18
86617,434,S2,48.0,71.446,20.18
86618,434,S2,51.0,70.516,20.18
86619,434,S2,54.0,69.314,20.18
86620,434,S2,57.0,68.131,20.18
86621,434,S2,60.0,67.167,20.18
86622,434,S2,63.0,66.147,20.18
86623,434,S2,66.0,65.079,20.18
86624,434,S2,69.0,64.070,20.18
86625,434,S2,72.0,63.058,20.18
86626,434,S2,75.0,62.171,20.18
86627,434,S2,78.0,61.342,20.18
86628,434,S2,81.0,60.288,20.18
86629,434,S2,84.0,59.459,20.18
86630,434,S2,87.0,58.512,20.18
86631,434,S2,90.0,57.783,20.18
86632,434,S2,93.0,56.914,20.18
86633,434,S2,96.0,56.085,20.18
86634,434,S2,99.0,55.224,20.18
86635,434,S2,102.0,54.495,20.18
86636,434,S2,105.0,53.747,20.18
86637,434,S2,108.0,53.036,20.18
86638,434,S2,111.0,52.263,20.18
86639,434,S2,114.0,51.502,20.18
86640,434,S2,117.0,50.875,20.18
86641,434,S2,120.0,50.233,20.18
86642,434,S2,123.0,49.557,20.18
86643,434,S2,126.0,48.877,20.18
86644,434,S2,129.0,48.266,20.18
86645,434,S2,132.0,47.649,20.18
86646,434,S2,135.0,47.086,20.18
86647,434,S2,138.0,46.379,20.18
86648,434,S2,141.0,45.918,20.18
86649,434,S2,144.0,45.307,20.18
86650,434,S2,147.0,44.672,20.18
86651,434,S2,150.0,44.264,20.18
86652,434,S2,153.0,43.654,20.18
86653,434,S2,156.0,43.158,20.18
86654,434,S2,159.0,42.709,20.18
86655,434,S2,162.0,42.149,20.18
86656,434,S2,165.0,41.673,20.18
86657,434,S2,168.0,41.273,20.18
86658,434,S2,171.0,40.778,20.18
86659,434,S2,174.0,40.221,20.18
86660,434,S2,177.0,39.833,20.18
86661,434,S2,180.0,39.352,20.18
86662,434,S2,183.0,38.926,20.18
86663,434,S2,186.0,38.592,20.18
86664,434,S2,189.0,38.198,20.18
86665,434,S2,192.0,37.690,20.18
86666,434,S2,195.0,37.358,20.18
86667,434,S2,198.0,37.004,20.18
86668,434,S2,201.0,36.564,20.18
86669,434,S2,204.0,36.222,20.18
86670,434,S2,207.0,35.836,20.18
86671,434,S2,210.0,35.523,20.18
86672,434,S2,213.0,35.244,20.18
86673,434,S2,216.0,34.828,20.18
86674,434,S2,219.0,34.618,20.18
86675,434,S2,222.0,34.168,20.18
86676,434,S2,225.0,33.912,20.18
86677,434,S2,228.0,33.673,20.18
86678,434,S2,231.0,33.218,20.18
86679,434,S2,234.0,33.094,20.18
86680,434,S2,237.0,32.740,20.18
86681,434,S2,240.0,32.478,20.18
86682,434,S2,243.0,32.135,20.18
86683,434,S2,246.0,31.984,20.18
86684,434,S2,249.0,31.612,20.18
86685,434,S2,252.0,31.373,20.18
86686,434,S2,255.0,31.153,20.18
86687,434,S2,258.0,30.958,20.18
86688,434,S2,261.0,30.645,20.18
86689,434,S2,264.0,30.420,20.18
86690,434,S2,267.0,30.250,20.18
86691,434,S2,270.0,29.975,20.18
86692,434,S2,273.0,29.708,20.18
86693,434,S2,276.0,29.569,20.18
86694,434,S2,279.0,29.369,20.18
86695,434,S2,282.0,29.276,20.18
86696,434,S2,285.0,28.892,20.18
86697,434,S2,288.0,28.792,20.18
86698,434,S2,291.0,28.597,20.18
86699,434,S2,294.0,28.293,20.18
86700,434,S2,297.0,28.274,20.18
86701,434,S2,300.0,28.134,20.18
86702,434,S2,303.0,27.852,20.18
86703,434,S2,306.0,27.710,20.18
86704,434,S2,309.0,27.572,20.18
86705,434,S2,312.0,27.424,20.18
86706,434,S2,315.0,27.224,20.18
86707,434,S2,318.0,27.070,20.18
86708,434,S2,321.0,26.908,20.18
86709,434,S2,324.0,26.776,20.18
86710,434,S2,327.0,26.576,20.18
86711,434,S2,330.0,26.476,20.18
86712,434,S2,333.0,26.339,20.18
86713,434,S2,336.0,26.213,20.18
86714,434,S2,339.0,26.045,20.18
86715,434,S2,342.0,25.939,20.18
86716,434,S2,345.0,25.766,20.18
86717,434,S2,348.0,25.630,20.18
86718,434,S2,351.0,25.478,20.18
86719,434,S2,354.0,25.475,20.18
86720,434,S2,357.0,25.307,20.18
86721,434,S2,360.0,25.138,20.18
86722,434,S2,363.0,25.098,20.18
86723,434,S2,366.0,25.021,20.18
86724,434,S2,369.0,24.968,20.18
86725,434,S2,372.0,24.789,20.18
86726,434,S2,375.0,24.642,20.18
86727,434,S2,378.0,24.524,20.18
86728,434,S2,381.0,24.407,20.18
86729,434,S2,384.0,24.403,20.18
86730,434,S2,387.0,24.220,20.18
86731,434,S2,390.0,24.209,20.18
86732,434,S2,393.0,24.106,20.18
86733,434,S2,396.0,24.046,20.18
86734,434,S2,399.0,24.001,20.18
86735,434,S2,402.0,23.901,20.18
86736,434,S2,405.0,23.747,20.18
86737,434,S2,408.0,23.697,20.18
86738,434,S2,411.0,23.624,20.18
86739,434,S2,414.0,23.415,20.18
86740,434,S2,417.0,23.499,20.18
86741,434,S2,420.0,23.333,20.18
86742,434,S2,423.0,23.285,20.18
86743,434,S2,426.0,23.274,20.18
86744,434,S2,429.0,23.244,20.18
86745,434,S2,432.0,23.253,20.18
86746,434,S2,435.0,23.055,20.18
86747,434,S2,438.0,22.969,20.18
86748,434,S2,441.0,22.911,20.18
86749,434,S2,444.0,22.829,20.18
86750,434,S2,447.0,22.848,20.18
86751,434,S2,450.0,22.710,20.18
86752,434,S2,453.0,22.771,20.18
86753,434,S2,456.0,22.650,20.18
86754,434,S2,459.0,22.566,20.18
86755,434,S2,462.0,22.548,20.18
86756,434,S2,465.0,22.566,20.18
86757,434,S2,468.0,22.492,20.18
86758,434,S2,471.0,22.447,20.18
86759,434,S2,474.0,22.309,20.18
86760,434,S2,477.0,22.315,20.18
86761,434,S2,480.0,22.291,20.18
86762,434,S2,483.0,22.241,20.18
86763,434,S2,486.0,22.099,20.18
86764,434,S2,489.0,21.986,20.18
86765,434,S2,492.0,22.083,20.18
86766,434,S2,495.0,21.939,20.18
86767,434,S2,498.0,22.081,20.18
86768,434,S2,501.0,21.902,20.18
86769,434,S2,504.0,21.891,20.18
86770,434,S2,507.0,21.845,20.18
86771,434,S2,510.0,21.775,20.18
86772,434,S2,513.0,21.837,20.18
86773,434,S2,516.0,21.811,20.18
86774,434,S2,519.0,21.618,20.18
86775,434,S2,522.0,21.678,20.18
86776,434,S2,525.0,21.654,20.18
86777,434,S2,528.0,21.659,20.18
86778,434,S2,531.0,21.558,20.18
86779,434,S2,534.0,21.644,20.18
86780,434,S2,537.0,21.588,20.18
86781,434,S2,540.0,21.409,20.18
86782,434,S2,543.0,21.476,20.18
86783,434,S2,546.0,21.377,20.18
86784,434,S2,549.0,21.385,20.18
86785,434,S2,552.0,21.482,20.18
86786,434,S2,555.0,21.342,20.18
86787,434,S2,558.0,21.325,20.18
86788,434,S2,561.0,21.402,20.18
86789,434,S2,564.0,21.284,20.18
86790,434,S2,567.0,21.221,20.18
86791,434,S2,570.0,21.214,20.18
86792,434,S2,573.0,21.231,20.18
86793,434,S2,576.0,21.156,20.18
86794,434,S2,579.0,21.130,20.18
86795,434,S2,582.0,21.259,20.18
86796,434,S2,585.0,21.121,20.18
86797,434,S2,588.0,21.046,20.18
86798,434,S2,591.0,21.103,20.18
86799,434,S2,594.0,21.013,20.18
86800,434,S2,597.0,21.028,20.18
86801,435,S3,0.0,81.643,20.13
86802,435,S3,3.0,80.495,20.13
86803,435,S3,6.0,79.273,20.13
86804,435,S3,9.0,78.308,20.13
86805,435,S3,12.0,77.142,20.13
86806,435,S3,15.0,76.097,20.13
86807,435,S3,18.0,74.914,20.13
86808,435,S3,21.0,73.886,20.13
86809,435,S3,24.0,72.881,20.13
86810,435,S3,27.0,71.877,20.13
86811,435,S3,30.0,70.855,20.13
86812,435,S3,33.0,69.937,20.13
86813,435,S3,36.0,69.033,20.13
86814,435,S3,39.0,68.142,20.13
86815,435,S3,42.0,67.174,20.13
86816,435,S3,45.0,66.261,20.13
86817,435,S3,48.0,65.374,20.13
86818,435,S3,51.0,64.553,20.13
86819,435,S3,54.0,63.697,20.13
86820,435,S3,57.0,62.841,20.13
86821,435,S3,60.0,61.984,20.13
86822,435,S3,63.0,61.197,20.13
86823,435,S3,66.0,60.433,20.13
86824,435,S3,69.0,59.744,20.13
86825,435,S3,72.0,58.943,20.13
86826,435,S3,75.0,58.143,20.13
86827,435,S3,78.0,57.448,20.13
86828,435,S3,81.0,56.715,20.13
86829,435,S3,84.0,56.077,20.13
86830,435,S3,87.0,55.348,20.13
86831,435,S3,90.0,54.771,20.13
86832,435,S3,93.0,53.998,20.13
86833,435,S3,96.0,53.436,20.13
86834,435,S3,99.0,52.875,20.13
86835,435,S3,102.0,52.212,20.13
86836,435,S3,105.0,51.525,20.13
86837,435,S3,108.0,50.912,20.13
86838,435,S3,111.0,50.326,20.13
86839,435,S3,114.0,49.860,20.13
86840,435,S3,117.0,49.257,20.13
86841,435,S3,120.0,48.709,20.13
86842,435,S3,123.0,48.149,20.13
86843,435,S3,126.0,47.503,20.13
86844,435,S3,129.0,47.056,20.13
86845,435,S3,132.0,46.650,20.13
86846,435,S3,135.0,45.983,20.13
86847,435,S3,138.0,45.616,20.13
86848,435,S3,141.0,45.113,20.13
86849,435,S3,144.0,44.598,20.13
86850,435,S3,147.0,44.146,20.13
86851,435,S3,150.0,43.600,20.13
86852,435,S3,153.0,43.183,20.13
86853,435,S3,156.0,42.818,20.13
86854,435,S3,159.0,42.466,20.13
86855,435,S3,162.0,41.918,20.13
86856,435,S3,165.0,41.645,20.13
86857,435,S3,168.0,41.191,20.13
86858,435,S3,171.0,40.737,20.13
86859,435,S3,174.0,40.289,20.13
86860,435,S3,177.0,39.901,20.13
86861,435,S3,180.0,39.555,20.13
86862,435,S3,183.0,39.209,20.13
86863,435,S3,186.0,38.886,20.13
86864,435,S3,189.0,38.421,20.13
86865,435,S3,192.0,38.124,20.13
86866,435,S3,195.0,37.765,20.13
86867,435,S3,198.0,37.446,20.13
86868,435,S3,201.0,37.160,20.13
86869,435,S3,204.0,36.830,20.13
86870,435,S3,207.0,36.471,20.13
86871,435,S3,210.0,36.110,20.13
86872,435,S3,213.0,35.894,20.13
86873,435,S3,216.0,35.545,20.13
86874,435,S3,219.0,35.255,20.13
86875,435,S3,222.0,34.981,20.13
86876,435,S3,225.0,34.691,20.13
86877,435,S3,228.0,34.454,20.13
86878,435,S3,231.0,34.159,20.13
86879,435,S3,234.0,33.985,20.13
86880,435,S3,237.0,33.611,20.13
86881,435,S3,240.0,33.461,20.13
86882,435,S3,243.0,33.024,20.13
86883,435,S3,246.0,32.710,20.13
86884,435,S3,249.0,32.656,20.13
86885,435,S3,252.0,32.415,20.13
86886,435,S3,255.0,32.167,20.13
86887,435,S3,258.0,31.905,20.13
86888,435,S3,261.0,31.758,20.13
86889,435,S3,264.0,31.498,20.13
86890,435,S3,267.0,31.270,20.13
86891,435,S3,270.0,31.089,20.13
86892,435,S3,273.0,30.855,20.13
86893,435,S3,276.0,30.673,20.13
86894,435,S3,279.0,30.447,20.13
86895,435,S3,282.0,30.214,20.13
86896,435,S3,285.0,30.049,20.13
86897,435,S3,288.0,29.851,20.13
86898,435,S3,291.0,29.734,20.13
86899,435,S3,294.0,29.488,20.13
86900,435,S3,297.0,29.218,20.13
86901,435,S3,300.0,29.091,20.13
86902,435,S3,303.0,29.026,20.13
86903,435,S3,306.0,28.801,20.13
86904,435,S3,309.0,28.654,20.13
86905,435,S3,312.0,28.430,20.13
86906,435,S3,315.0,28.446,20.13
86907,435,S3,318.0,28.139,20.13
86908,435,S3,321.0,28.018,20.13
86909,435,S3,324.0,27.823,20.13
86910,435,S3,327.0,27.752,20.13
86911,435,S3,330.0,27.600,20.13
86912,435,S3,333.0,27.409,20.13
86913,435,S3,336.0,27.206,20.13
86914,435,S3,339.0,27.171,20.13
86915,435,S3,342.0,26.990,20.13
86916,435,S3,345.0,26.828,20.13
86917,435,S3,348.0,26.741,20.13
86918,435,S3,351.0,26.568,20.13
86919,435,S3,354.0,26.547,20.13
86920,435,S3,357.0,26.385,20.13
86921,435,S3,360.0,26.292,20.13
86922,435,S3,363.0,26.092,20.13
86923,435,S3,366.0,26.065,20.13
86924,435,S3,369.0,25.962,20.13
86925,435,S3,372.0,25.731,20.13
86926,435,S3,375.0,25.685,20.13
86927,435,S3,378.0,25.550,20.13
86928,435,S3,381.0,25.493,20.13
86929,435,S3,384.0,25.419,20.13
86930,435,S3,387.0,25.328,20.13
86931,435,S3,390.0,25.119,20.13
86932,435,S3,393.0,25.035,20.13
86933,435,S3,396.0,25.050,20.13
86934,435,S3,399.0,24.909,20.13
86935,435,S3,402.0,24.825,20.13
86936,435,S3,405.0,24.790,20.13
86937,435,S3,408.0,24.723,20.13
86938,435,S3,411.0,24.512,20.13
86939,435,S3,414.0,24.510,20.13
86940,435,S3,417.0,24.391,20.13
86941,435,S3,420.0,24.390,20.13
86942,435,S3,423.0,24.252,20.13
86943,435,S3,426.0,24.191,20.13
86944,435,S3,429.0,24.049,20.13
86945,435,S3,432.0,23.974,20.13
86946,435,S3,435.0,23.953,20.13
86947,435,S3,438.0,23.979,20.13
86948,435,S3,441.0,23.825,20.13
86949,435,S3,444.0,23.774,20.13
86950,435,S3,447.0,23.592,20.13
86951,435,S3,450.0,23.645,20.13
86952,435,S3,453.0,23.515,20.13
86953,435,S3,456.0,23.489,20.13
86954,435,S3,459.0,23.444,20.13
86955,435,S3,462.0,23.263,20.13
86956,435,S3,465.0,23.297,20.13
86957,435,S3,468.0,23.255,20.13
86958,435,S3,471.0,23.205,20.13
86959,435,S3,474.0,23.142,20.13
86960,435,S3,477.0,23.039,20.13
86961,435,S3,480.0,22.894,20.13
86962,435,S3,483.0,22.896,20.13
86963,435,S3,486.0,22.874,20.13
86964,435,S3,489.0,22.818,20.13
86965,435,S3,492.0,22.812,20.13
86966,435,S3,495.0,22.753,20.13
86967,435,S3,498.0,22.601,20.13
86968,435,S3,501.0,22.651,20.13
86969,435,S3,504.0,22.604,20.13
86970,435,S3,507.0,22.523,20.13
86971,435,S3,510.0,22.460,20.13
86972,435,S3,513.0,22.451,20.13
86973,435,S3,516.0,22.367,20.13
86974,435,S3,519.0,22.390,20.13
86975,435,S3,522.0,22.259,20.13
86976,435,S3,525.0,22.306,20.13
86977,435,S3,528.0,22.270,20.13
86978,435,S3,531.0,22.249,20.13
86979,435,S3,534.0,22.147,20.13
86980,435,S3,537.0,22.136,20.13
86981,435,S3,540.0,22.128,20.13
86982,435,S3,543.0,22.002,20.13
86983,435,S3,546.0,22.089,20.13
86984,435,S3,549.0,21.919,20.13
86985,435,S3,552.0,21.913,20.13
86986,435,S3,555.0,21.796,20.13
86987,435,S3,558.0,21.829,20.13
86988,435,S3,561.0,21.874,20.13
86989,435,S3,564.0,21.727,20.13
86990,435,S3,567.0,21.683,20.13
86991,435,S3,570.0,21.682,20.13
86992,435,S3,573.0,21.708,20.13
86993,435,S3,576.0,21.678,20.13
86994,435,S3,579.0,21.581,20.13
86995,435,S3,582.0,21.609,20.13
86996,435,S3,585.0,21.609,20.13
86997,435,S3,588.0,21.580,20.13
86998,435,S3,591.0,21.600,20.13
86999,435,S3,594.0,21.616,20.13
87000,435,S3,597.0,21.476,20.13
87001,436,S4,0.0,74.391,22.42
87002,436,S4,3.0,72.912,22.42
87003,436,S4,6.0,71.567,22.42
87004,436,S4,9.0,70.242,22.42
87005,436,S4,12.0,68.908,22.42
87006,436,S4,15.0,67.548,22.42
87007,436,S4,18.0,66.299,22.42
87008,436,S4,21.0,65.073,22.42
87009,436,S4,24.0,63.949,22.42
87010,436,S4,27.0,62.740,22.42
87011,436,S4,30.0,61.581,22.42
87012,436,S4,33.0,60.584,22.42
87013,436,S4,36.0,59.469,22.42
87014,436,S4,39.0,58.526,22.42
87015,436,S4,42.0,57.485,22.42
87016,436,S4,45.0,56.543,22.42
87017,436,S4,48.0,55.622,22.42
87018,436,S4,51.0,54.638,22.42
87019,436,S4,54.0,53.689,22.42
87020,436,S4,57.0,52.894,22.42
87021,436,S4,60.0,52.021,22.42
87022,436,S4,63.0,51.249,22.42
87023,436,S4,66.0,50.422,22.42
87024,436,S4,69.0,49.747,22.42
87025,436,S4,72.0,48.941,22.42
87026,436,S4,75.0,48.169,22.42
87027,436,S4,78.0,47.470,22.42
87028,436,S4,81.0,46.772,22.42
87029,436,S4,84.0,46.018,22.42
87030,436,S4,87.0,45.480,22.42
87031,436,S4,90.0,44.711,22.42
87032,436,S4,93.0,44.061,22.42
87033,436,S4,96.0,43.635,22.42
87034,436,S4,99.0,42.921,22.42
87035,436,S4,102.0,42.456,22.42
87036,436,S4,105.0,41.781,22.42
87037,436,S4,108.0,41.266,22.42
87038,436,S4,111.0,40.796,22.42
87039,436,S4,114.0,40.301,22.42
87040,436,S4,117.0,39.810,22.42
87041,436,S4,120.0,39.290,22.42
87042,436,S4,123.0,38.882,22.42
87043,436,S4,126.0,38.340,22.42
87044,436,S4,129.0,37.958,22.42
87045,436,S4,132.0,37.431,22.42
87046,436,S4,135.0,37.032,22.42
87047,436,S4,138.0,36.639,22.42
87048,436,S4,141.0,36.284,22.42
87049,436,S4,144.0,35.922,22.42
87050,436,S4,147.0,35.436,22.42
87051,436,S4,150.0,35.184,22.42
87052,436,S4,153.0,34.802,22.42
87053,436,S4,156.0,34.473,22.42
87054,436,S4,159.0,34.107,22.42
87055,436,S4,162.0,33.834,22.42
87056,436,S4,165.0,33.546,22.42
87057,436,S4,168.0,33.148,22.42
87058,436,S4,171.0,32.881,22.42
87059,436,S4,174.0,32.641,22.42
87060,436,S4,177.0,32.297,22.42
87061,436,S4,180.0,32.063,22.42
87062,436,S4,183.0,31.823,22.42
87063,436,S4,186.0,31.535,22.42
87064,436,S4,189.0,31.212,22.42
87065,436,S4,192.0,30.992,22.42
87066,436,S4,195.0,30.776,22.42
87067,436,S4,198.0,30.559,22.42
87068,436,S4,201.0,30.315,22.42
87069,436,S4,204.0,30.117,22.42
87070,436,S4,207.0,29.856,22.42
87071,436,S4,210.0,29.698,22.42
87072,436,S4,213.0,29.563,22.42
87073,436,S4,216.0,29.280,22.42
87074,436,S4,219.0,28.992,22.42
87075,436,S4,222.0,28.925,22.42
87076,436,S4,225.0,28.726,22.42
87077,436,S4,228.0,28.430,22.42
87078,436,S4,231.0,28.359,22.42
87079,436,S4,234.0,28.187,22.42
87080,436,S4,237.0,28.066,22.42
87081,436,S4,240.0,27.827,22.42
87082,436,S4,243.0,27.735,22.42
87083,436,S4,246.0,27.630,22.42
87084,436,S4,249.0,27.414,22.42
87085,436,S4,252.0,27.293,22.42
87086,436,S4,255.0,27.159,22.42
87087,436,S4,258.0,27.090,22.42
87088,436,S4,261.0,26.917,22.42
87089,436,S4,264.0,26.767,22.42
87090,436,S4,267.0,26.709,22.42
87091,436,S4,270.0,26.567,22.42
87092,436,S4,273.0,26.480,22.42
87093,436,S4,276.0,26.229,22.42
87094,436,S4,279.0,26.278,22.42
87095,436,S4,282.0,26.119,22.42
87096,436,S4,285.0,26.016,22.42
87097,436,S4,288.0,25.884,22.42
87098,436,S4,291.0,25.898,22.42
87099,436,S4,294.0,25.708,22.42
87100,436,S4,297.0,25.616,22.42
87101,436,S4,300.0,25.517,22.42
87102,436,S4,303.0,25.426,22.42
87103,436,S4,306.0,25.307,22.42
87104,436,S4,309.0,25.302,22.42
87105,436,S4,312.0,25.230,22.42
87106,436,S4,315.0,25.172,22.42
87107,436,S4,318.0,25.046,22.42
87108,436,S4,321.0,25.001,22.42
87109,436,S4,324.0,24.816,22.42
87110,436,S4,327.0,24.886,22.42
87111,436,S4,330.0,24.881,22.42
87112,436,S4,333.0,24.683,22.42
87113,436,S4,336.0,24.675,22.42
87114,436,S4,339.0,24.569,22.42
87115,436,S4,342.0,24.501,22.42
87116,436,S4,345.0,24.396,22.42
87117,436,S4,348.0,24.383,22.42
87118,436,S4,351.0,24.366,22.42
87119,436,S4,354.0,24.402,22.42
87120,436,S4,357.0,24.276,22.42
87121,436,S4,360.0,24.239,22.42
87122,436,S4,363.0,24.196,22.42
87123,436,S4,366.0,24.071,22.42
87124,436,S4,369.0,24.084,22.42
87125,436,S4,372.0,24.014,22.42
87126,436,S4,375.0,23.993,22.42
87127,436,S4,378.0,23.896,22.42
87128,436,S4,381.0,23.950,22.42
87129,436,S4,384.0,23.899,22.42
87130,436,S4,387.0,23.731,22.42
87131,436,S4,390.0,23.834,22.42
87132,436,S4,393.0,23.698,22.42
87133,436,S4,396.0,23.706,22.42
87134,436,S4,399.0,23.581,22.42
87135,436,S4,402.0,23.691,22.42
87136,436,S4,405.0,23.535,22.42
87137,436,S4,408.0,23.630,22.42
87138,436,S4,411.0,23.539,22.42
87139,436,S4,414.0,23.553,22.42
87140,436,S4,417.0,23.556,22.42
87141,436,S4,420.0,23.408,22.42
87142,436,S4,423.0,23.475,22.42
87143,436,S4,426.0,23.378,22.42
87144,436,S4,429.0,23.386,22.42
87145,436,S4,432.0,23.333,22.42
87146,436,S4,435.0,23.286,22.42
87147,436,S4,438.0,23.361,22.42
87148,436,S4,441.0,23.191,22.42
87149,436,S4,444.0,23.216,22.42
87150,436,S4,447.0,23.185,22.42
87151,436,S4,450.0,23.119,22.42
87152,436,S4,453.0,23.210,22.42
87153,436,S4,456.0,23.184,22.42
87154,436,S4,459.0,23.174,22.42
87155,436,S4,462.0,23.132,22.42
87156,436,S4,465.0,23.055,22.42
87157,436,S4,468.0,23.139,22.42
87158,436,S4,471.0,23.029,22.42
87159,436,S4,474.0,23.074,22.42
87160,436,S4,477.0,22.885,22.42
87161,436,S4,480.0,23.008,22.42
87162,436,S4,483.0,22.964,22.42
87163,436,S4,486.0,22.869,22.42
87164,436,S4,489.0,22.932,22.42
87165,436,S4,492.0,22.942,22.42
87166,436,S4,495.0,22.887,22.42
87167,436,S4,498.0,22.961,22.42
87168,436,S4,501.0,22.935,22.42
87169,436,S4,504.0,22.810,22.42
87170,436,S4,507.0,22.856,22.42
87171,436,S4,510.0,22.834,22.42
87172,436,S4,513.0,22.875,22.42
87173,436,S4,516.0,22.806,22.42
87174,436,S4,519.0,22.902,22.42
87175,436,S4,522.0,22.852,22.42
87176,436,S4,525.0,22.740,22.42
87177,436,S4,528.0,22.811,22.42
87178,436,S4,531.0,22.736,22.42
87179,436,S4,534.0,22.721,22.42
87180,436,S4,537.0,22.748,22.42
87181,436,S4,540.0,22.730,22.42
87182,436,S4,543.0,22.775,22.42
87183,436,S4,546.0,22.780,22.42
87184,436,S4,549.0,22.781,22.42
87185,436,S4,552.0,22.669,22.42
87186,436,S4,555.0,22.669,22.42
87187,436,S4,558.0,22.700,22.42
87188,436,S4,561.0,22.725,22.42
87189,436,S4,564.0,22.722,22.42
87190,436,S4,567.0,22.657,22.42
87191,436,S4,570.0,22.818,22.42
87192,436,S4,573.0,22.648,22.42
87193,436,S4,576.0,22.737,22.42
87194,436,S4,579.0,22.607,22.42
87195,436,S4,582.0,22.686,22.42
87196,436,S4,585.0,22.647,22.42
87197,436,S4,588.0,22.625,22.42
87198,436,S4,591.0,22.592,22.42
87199,436,S4,594.0,22.634,22.42
87200,436,S4,597.0,22.653,22.42
87201,437,S1,0.0,88.570,22.30
87202,437,S1,3.0,87.785,22.30
87203,437,S1,6.0,86.879,22.30
87204,437,S1,9.0,86.017,22.30
87205,437,S1,12.0,85.217,22.30
87206,437,S1,15.0,84.392,22.30
87207,437,S1,18.0,83.514,22.30
87208,437,S1,21.0,82.841,22.30
87209,437,S1,24.0,81.972,22.30
87210,437,S1,27.0,81.174,22.30
87211,437,S1,30.0,80.422,22.30
87212,437,S1,33.0,79.590,22.30
87213,437,S1,36.0,78.903,22.30
87214,437,S1,39.0,78.151,22.30
87215,437,S1,42.0,77.497,22.30
87216,437,S1,45.0,76.724,22.30
87217,437,S1,48.0,75.972,22.30
87218,437,S1,51.0,75.358,22.30
87219,437,S1,54.0,74.539,22.30
87220,437,S1,57.0,73.967,22.30
87221,437,S1,60.0,73.201,22.30
87222,437,S1,63.0,72.534,22.30
87223,437,S1,66.0,71.987,22.30
87224,437,S1,69.0,71.289,22.30
87225,437,S1,72.0,70.562,22.30
87226,437,S1,75.0,69.939,22.30
87227,437,S1,78.0,69.368,22.30
87228,437,S1,81.0,68.662,22.30
87229,437,S1,84.0,68.018,22.30
87230,437,S1,87.0,67.574,22.30
87231,437,S1,90.0,66.979,22.30
87232,437,S1,93.0,66.357,22.30
87233,437,S1,96.0,65.704,22.30
87234,437,S1,99.0,65.125,22.30
87235,437,S1,102.0,64.772,22.30
87236,437,S1,105.0,64.033,22.30
87237,437,S1,108.0,63.493,22.30
87238,437,S1,111.0,62.981,22.30
87239,437,S1,114.0,62.541,22.30
87240,437,S1,117.0,61.970,22.30
87241,437,S1,120.0,61.451,22.30
87242,437,S1,123.0,60.911,22.30
87243,437,S1,126.0,60.405,22.30
87244,437,S1,129.0,59.917,22.30
87245,437,S1,132.0,59.397,22.30
87246,437,S1,135.0,58.917,22.30
87247,437,S1,138.0,58.476,22.30
87248,437,S1,141.0,57.941,22.30
87249,437,S1,144.0,57.481,22.30
87250,437,S1,147.0,56.999,22.30
87251,437,S1,150.0,56.664,22.30
87252,437,S1,153.0,56.127,22.30
87253,437,S1,156.0,55.667,22.30
87254,437,S1,159.0,55.229,22.30
87255,437,S1,162.0,54.823,22.30
87256,437,S1,165.0,54.423,22.30
87257,437,S1,168.0,54.006,22.30
87258,437,S1,171.0,53.562,22.30
87259,437,S1,174.0,53.156,22.30
87260,437,S1,177.0,52.777,22.30
87261,437,S1,180.0,52.396,22.30
87262,437,S1,183.0,52.030,22.30
87263,437,S1,186.0,51.530,22.30
87264,437,S1,189.0,51.195,22.30
87265,437,S1,192.0,50.792,22.30
87266,437,S1,195.0,50.448,22.30
87267,437,S1,198.0,49.959,22.30
87268,437,S1,201.0,49.731,22.30
87269,437,S1,204.0,49.311,22.30
87270,437,S1,207.0,48.975,22.30
87271,437,S1,210.0,48.577,22.30
87272,437,S1,213.0,48.256,22.30
87273,437,S1,216.0,47.871,22.30
87274,437,S1,219.0,47.541,22.30
87275,437,S1,222.0,47.181,22.30
87276,437,S1,225.0,46.983,22.30
87277,437,S1,228.0,46.649,22.30
87278,437,S1,231.0,46.326,22.30
87279,437,S1,234.0,45.987,22.30
87280,437,S1,237.0,45.623,22.30
87281,437,S1,240.0,45.365,22.30
87282,437,S1,243.0,45.084,22.30
87283,437,S1,246.0,44.886,22.30
87284,437,S1,249.0,44.435,22.30
87285,437,S1,252.0,44.207,22.30
87286,437,S1,255.0,43.892,22.30
87287,437,S1,258.0,43.600,22.30
87288,437,S1,261.0,43.309,22.30
87289,437,S1,264.0,43.051,22.30
87290,437,S1,267.0,42.839,22.30
87291,437,S1,270.0,42.511,22.30
87292,437,S1,273.0,42.307,22.30
87293,437,S1,276.0,42.080,22.30
87294,437,S1,279.0,41.649,22.30
87295,437,S1,282.0,41.488,22.30
87296,437,S1,285.0,41.214,22.30
87297,437,S1,288.0,40.891,22.30
87298,437,S1,291.0,40.772,22.30
87299,437,S1,294.0,40.495,22.30
87300,437,S1,297.0,40.268,22.30
87301,437,S1,300.0,40.023,22.30
87302,437,S1,303.0,39.804,22.30
87303,437,S1,306.0,39.612,22.30
87304,437,S1,309.0,39.269,22.30
87305,437,S1,312.0,38.971,22.30
87306,437,S1,315.0,38.924,22.30
87307,437,S1,318.0,38.655,22.30
87308,437,S1,321.0,38.446,22.30
87309,437,S1,324.0,38.201,22.30
87310,437,S1,327.0,38.045,22.30
87311,437,S1,330.0,37.830,22.30
87312,437,S1,333.0,37.609,22.30
87313,437,S1,336.0,37.467,22.30
87314,437,S1,339.0,37.244,22.30
87315,437,S1,342.0,36.910,22.30
87316,437,S1,345.0,36.869,22.30
87317,437,S1,348.0,36.611,22.30
87318,437,S1,351.0,36.498,22.30
87319,437,S1,354.0,36.358,22.30
87320,437,S1,357.0,36.168,22.30
87321,437,S1,360.0,35.955,22.30
87322,437,S1,363.0,35.693,22.30
87323,437,S1,366.0,35.510,22.30
87324,437,S1,369.0,35.424,22.30
87325,437,S1,372.0,35.245,22.30
87326,437,S1,375.0,35.023,22.30
87327,437,S1,378.0,35.010,22.30
87328,437,S1,381.0,34.693,22.30
87329,437,S1,384.0,34.497,22.30
87330,437,S1,387.0,34.327,22.30
87331,437,S1,390.0,34.287,22.30
87332,437,S1,393.0,34.000,22.30
87333,437,S1,396.0,33.932,22.30
87334,437,S1,399.0,33.713,22.30
87335,437,S1,402.0,33.515,22.30
87336,437,S1,405.0,33.402,22.30
87337,437,S1,408.0,33.280,22.30
87338,437,S1,411.0,33.106,22.30
87339,437,S1,414.0,32.982,22.30
87340,437,S1,417.0,32.828,22.30
87341,437,S1,420.0,32.770,22.30
87342,437,S1,423.0,32.623,22.30
87343,437,S1,426.0,32.427,22.30
87344,437,S1,429.0,32.359,22.30
87345,437,S1,432.0,32.132,22.30
87346,437,S1,435.0,32.035,22.30
87347,437,S1,438.0,31.967,22.30
87348,437,S1,441.0,31.842,22.30
87349,437,S1,444.0,31.757,22.30
87350,437,S1,447.0,31.621,22.30
87351,437,S1,450.0,31.510,22.30
87352,437,S1,453.0,31.404,22.30
87353,437,S1,456.0,31.119,22.30
87354,437,S1,459.0,31.103,22.30
87355,437,S1,462.0,31.026,22.30
87356,437,S1,465.0,30.889,22.30
87357,437,S1,468.0,30.806,22.30
87358,437,S1,471.0,30.652,22.30
87359,437,S1,474.0,30.433,22.30
87360,437,S1,477.0,30.421,22.30
87361,437,S1,480.0,30.413,22.30
87362,437,S1,483.0,30.283,22.30
87363,437,S1,486.0,30.085,22.30
87364,437,S1,489.0,30.009,22.30
87365,437,S1,492.0,29.895,22.30
87366,437,S1,495.0,29.817,22.30
87367,437,S1,498.0,29.600,22.30
87368,437,S1,501.0,29.709,22.30
87369,437,S1,504.0,29.629,22.30
87370,437,S1,507.0,29.492,22.30
87371,437,S1,510.0,29.316,22.30
87372,437,S1,513.0,29.274,22.30
87373,437,S1,516.0,29.080,22.30
87374,437,S1,519.0,29.131,22.30
87375,437,S1,522.0,28.960,22.30
87376,437,S1,525.0,28.919,22.30
87377,437,S1,528.0,28.773,22.30
87378,437,S1,531.0,28.696,22.30
87379,437,S1,534.0,28.734,22.30
87380,437,S1,537.0,28.622,22.30
87381,437,S1,540.0,28.531,22.30
87382,437,S1,543.0,28.378,22.30
87383,437,S1,546.0,28.314,22.30
87384,437,S1,549.0,28.172,22.30
87385,437,S1,552.0,28.156,22.30
87386,437,S1,555.0,28.087,22.30
87387,437,S1,558.0,27.967,22.30
87388,437,S1,561.0,27.870,22.30
87389,437,S1,564.0,27.880,22.30
87390,437,S1,567.0,27.722,22.30
87391,437,S1,570.0,27.650,22.30
87392,437,S1,573.0,27.565,22.30
87393,437,S1,576.0,27.559,22.30
87394,437,S1,579.0,27.515,22.30
87395,437,S1,582.0,27.408,22.30
87396,437,S1,585.0,27.412,22.30
87397,437,S1,588.0,27.270,22.30
87398,437,S1,591.0,27.187,22.30
87399,437,S1,594.0,27.101,22.30
87400,437,S1,597.0,27.129,22.30
87401,438,S2,0.0,93.974,21.61
87402,438,S2,3.0,93.033,21.61
87403,438,S2,6.0,92.176,21.61
87404,438,S2,9.0,91.212,21.61
87405,438,S2,12.0,90.370,21.61
87406,438,S2,15.0,89.582,21.61
87407,438,S2,18.0,88.644,21.61
87408,438,S2,21.0,87.830,21.61
87409,438,S2,24.0,86.923,21.61
87410,438,S2,27.0,86.016,21.61
87411,438,S2,30.0,85.301,21.61
87412,438,S2,33.0,84.616,21.61
87413,438,S2,36.0,83.772,21.61
87414,438,S2,39.0,82.962,21.61
87415,438,S2,42.0,82.121,21.61
87416,438,S2,45.0,81.408,21.61
87417,438,S2,48.0,80.661,21.61
87418,438,S2,51.0,79.945,21.61
87419,438,S2,54.0,79.241,21.61
87420,438,S2,57.0,78.478,21.61
87421,438,S2,60.0,77.827,21.61
87422,438,S2,63.0,77.018,21.61
87423,438,S2,66.0,76.451,21.61
87424,438,S2,69.0,75.695,21.61
87425,438,S2,72.0,75.037,21.61
87426,438,S2,75.0,74.381,21.61
87427,438,S2,78.0,73.654,21.61
87428,438,S2,81.0,73.071,21.61
87429,438,S2,84.0,72.433,21.61
87430,438,S2,87.0,71.766,21.61
87431,438,S2,90.0,71.133,21.61
87432,438,S2,93.0,70.567,21.61
87433,438,S2,96.0,69.774,21.61
87434,438,S2,99.0,69.346,21.61
87435,438,S2,102.0,68.601,21.61
87436,438,S2,105.0,68.000,21.61
87437,438,S2,108.0,67.459,21.61
87438,438,S2,111.0,67.038,21.61
87439,438,S2,114.0,66.341,21.61
87440,438,S2,117.0,65.794,21.61
87441,438,S2,120.0,65.265,21.61
87442,438,S2,123.0,64.819,21.61
87443,438,S2,126.0,64.196,21.61
87444,438,S2,129.0,63.681,21.61
87445,438,S2,132.0,63.091,21.61
87446,438,S2,135.0,62.587,21.61
87447,438,S2,138.0,62.025,21.61
87448,438,S2,141.0,61.503,21.61
87449,438,S2,144.0,60.991,21.61
87450,438,S2,147.0,60.529,21.61
87451,438,S2,150.0,60.011,21.61
87452,438,S2,153.0,59.628,21.61
87453,438,S2,156.0,59.060,21.61
87454,438,S2,159.0,58.663,21.61
87455,438,S2,162.0,58.180,21.61
87456,438,S2,165.0,57.773,21.61
87457,438,S2,168.0,57.285,21.61
87458,438,S2,171.0,56.786,21.61
87459,438,S2,174.0,56.399,21.61
87460,438,S2,177.0,55.935,21.61
87461,438,S2,180.0,55.520,21.61
87462,438,S2,183.0,55.082,21.61
87463,438,S2,186.0,54.600,21.61
87464,438,S2,189.0,54.211,21.61
87465,438,S2,192.0,53.847,21.61
87466,438,S2,195.0,53.377,21.61
87467,438,S2,198.0,53.095,21.61
87468,438,S2,201.0,52.624,21.61
87469,438,S2,204.0,52.165,21.61
87470,438,S2,207.0,51.856,21.61
87471,438,S2,210.0,51.521,21.61
87472,438,S2,213.0,51.097,21.61
87473,438,S2,216.0,50.729,21.61
87474,438,S2,219.0,50.282,21.61
87475,438,S2,222.0,50.054,21.61
87476,438,S2,225.0,49.714,21.61
87477,438,S2,228.0,49.237,21.61
87478,438,S2,231.0,48.937,21.61
87479,438,S2,234.0,48.630,21.61
87480,438,S2,237.0,48.300,21.61
87481,438,S2,240.0,47.963,21.61
87482,438,S2,243.0,47.708,21.61
87483,438,S2,246.0,47.346,21.61
87484,438,S2,249.0,46.964,21.61
87485,438,S2,252.0,46.688,21.61
87486,438,S2,255.0,46.304,21.61
87487,438,S2,258.0,46.005,21.61
87488,438,S2,261.0,45.729,21.61
87489,438,S2,264.0,45.356,21.61
87490,438,S2,267.0,45.099,21.61
87491,438,S2,270.0,44.705,21.61
87492,438,S2,273.0,44.531,21.61
87493,438,S2,276.0,44.231,21.61
87494,438,S2,279.0,44.036,21.61
87495,438,S2,282.0,43.680,21.61
87496,438,S2,285.0,43.380,21.61
87497,438,S2,288.0,43.189,21.61
87498,438,S2,291.0,42.871,21.61
87499,438,S2,294.0,42.615,21.61
87500,438,S2,297.0,42.285,21.61
87501,438,S2,300.0,42.106,21.61
87502,438,S2,303.0,41.740,21.61
87503,438,S2,306.0,41.478,21.61
87504,438,S2,309.0,41.352,21.61
87505,438,S2,312.0,41.027,21.61
87506,438,S2,315.0,40.817,21.61
87507,438,S2,318.0,40.610,21.61
87508,438,S2,321.0,40.432,21.61
87509,438,S2,324.0,40.118,21.61
87510,438,S2,327.0,39.898,21.61
87511,438,S2,330.0,39.660,21.61
87512,438,S2,333.0,39.431,21.61
87513,438,S2,336.0,39.203,21.61
87514,438,S2,339.0,38.983,21.61
87515,438,S2,342.0,38.692,21.61
87516,438,S2,345.0,38.597,21.61
87517,438,S2,348.0,38.334,21.61
87518,438,S2,351.0,38.156,21.61
87519,438,S2,354.0,37.950,21.61
87520,438,S2,357.0,37.681,21.61
87521,438,S2,360.0,37.577,21.61
87522,438,S2,363.0,37.363,21.61
87523,438,S2,366.0,37.056,21.61
87524,438,S2,369.0,36.939,21.61
87525,438,S2,372.0,36.720,21.61
87526,438,S2,375.0,36.418,21.61
87527,438,S2,378.0,36.311,21.61
87528,438,S2,381.0,36.180,21.61
87529,438,S2,384.0,36.027,21.61
87530,438,S2,387.0,35.757,21.61
87531,438,S2,390.0,35.618,21.61
87532,438,S2,393.0,35.439,21.61
87533,438,S2,396.0,35.283,21.61
87534,438,S2,399.0,35.116,21.61
87535,438,S2,402.0,34.934,21.61
87536,438,S2,405.0,34.736,21.61
87537,438,S2,408.0,34.651,21.61
87538,438,S2,411.0,34.367,21.61
87539,438,S2,414.0,34.261,21.61
87540,438,S2,417.0,34.158,21.61
87541,438,S2,420.0,33.887,21.61
87542,438,S2,423.0,33.867,21.61
87543,438,S2,426.0,33.659,21.61
87544,438,S2,429.0,33.510,21.61
87545,438,S2,432.0,33.386,21.61
87546,438,S2,435.0,33.192,21.61
87547,438,S2,438.0,33.083,21.61
87548,438,S2,441.0,32.998,21.61
87549,438,S2,444.0,32.844,21.61
87550,438,S2,447.0,32.598,21.61
87551,438,S2,450.0,32.404,21.61
87552,438,S2,453.0,32.214,21.61
87553,438,S2,456.0,32.248,21.61
87554,438,S2,459.0,32.135,21.61
87555,438,S2,462.0,31.968,21.61
87556,438,S2,465.0,31.774,21.61
87557,438,S2,468.0,31.686,21.61
87558,438,S2,471.0,31.617,21.61
87559,438,S2,474.0,31.463,21.61
87560,438,S2,477.0,31.374,21.61
87561,438,S2,480.0,31.164,21.61
87562,438,S2,483.0,31.143,21.61
87563,438,S2,486.0,30.920,21.61
87564,438,S2,489.0,30.885,21.61
87565,438,S2,492.0,30.746,21.61
87566,438,S2,495.0,30.547,21.61
87567,438,S2,498.0,30.457,21.61
87568,438,S2,501.0,30.383,21.61
87569,438,S2,504.0,30.205,21.61
87570,438,S2,507.0,30.248,21.61
87571,438,S2,510.0,30.088,21.61
87572,438,S2,513.0,29.986,21.61
87573,438,S2,516.0,29.798,21.61
87574,438,S2,519.0,29.767,21.61
87575,438,S2,522.0,29.648,21.61
87576,438,S2,525.0,29.446,21.61
87577,438,S2,528.0,29.382,21.61
87578,438,S2,531.0,29.361,21.61
87579,438,S2,534.0,29.238,21.61
87580,438,S2,537.0,29.096,21.61
87581,438,S2,540.0,29.110,21.61
87582,438,S2,543.0,28.973,21.61
87583,438,S2,546.0,28.899,21.61
87584,438,S2,549.0,28.686,21.61
87585,438,S2,552.0,28.626,21.61
87586,438,S2,555.0,28.616,21.61
87587,438,S2,558.0,28.437,21.61
87588,438,S2,561.0,28.418,21.61
87589,438,S2,564.0,28.434,21.61
87590,438,S2,567.0,28.279,21.61
87591,438,S2,570.0,28.168,21.61
87592,438,S2,573.0,28.013,21.61
87593,438,S2,576.0,28.090,21.61
87594,438,S2,579.0,27.969,21.61
87595,438,S2,582.0,27.887,21.61
87596,438,S2,585.0,27.652,21.61
87597,438,S2,588.0,27.704,21.61
87598,438,S2,591.0,27.685,21.61
87599,438,S2,594.0,27.547,21.61
87600,438,S2,597.0,27.372,21.61
87601,439,S3,0.0,73.571,20.32
87602,439,S3,3.0,72.655,20.32
87603,439,S3,6.0,71.709,20.32
87604,439,S3,9.0,70.839,20.32
87605,439,S3,12.0,69.896,20.32
87606,439,S3,15.0,68.974,20.32
87607,439,S3,18.0,68.064,20.32
87608,439,S3,21.0,67.193,20.32
87609,439,S3,24.0,66.384,20.32
87610,439,S3,27.0,65.547,20.32
87611,439,S3,30.0,64.781,20.32
87612,439,S3,33.0,63.884,20.32
87613,439,S3,36.0,63.197,20.32
87614,439,S3,39.0,62.477,20.32
87615,439,S3,42.0,61.560,20.32
87616,439,S3,45.0,60.785,20.32
87617,439,S3,48.0,60.149,20.32
87618,439,S3,51.0,59.377,20.32
87619,439,S3,54.0,58.769,20.32
87620,439,S3,57.0,57.993,20.32
87621,439,S3,60.0,57.347,20.32
87622,439,S3,63.0,56.592,20.32
87623,439,S3,66.0,55.952,20.32
87624,439,S3,69.0,55.315,20.32
87625,439,S3,72.0,54.828,20.32
87626,439,S3,75.0,54.167,20.32
87627,439,S3,78.0,53.534,20.32
87628,439,S3,81.0,52.850,20.32
87629,439,S3,84.0,52.347,20.32
87630,439,S3,87.0,51.804,20.32
87631,439,S3,90.0,51.191,20.32
87632,439,S3,93.0,50.570,20.32
87633,439,S3,96.0,49.977,20.32
87634,439,S3,99.0,49.477,20.32
87635,439,S3,102.0,48.943,20.32
87636,439,S3,105.0,48.445,20.32
87637,439,S3,108.0,47.951,20.32
87638,439,S3,111.0,47.452,20.32
87639,439,S3,114.0,46.926,20.32
87640,439,S3,117.0,46.520,20.32
87641,439,S3,120.0,45.985,20.32
87642,439,S3,123.0,45.565,20.32
87643,439,S3,126.0,45.045,20.32
87644,439,S3,129.0,44.683,20.32
87645,439,S3,132.0,44.167,20.32
87646,439,S3,135.0,43.749,20.32
87647,439,S3,138.0,43.303,20.32
87648,439,S3,141.0,42.888,20.32
87649,439,S3,144.0,42.538,20.32
87650,439,S3,147.0,42.066,20.32
87651,439,S3,150.0,41.668,20.32
87652,439,S3,153.0,41.352,20.32
87653,439,S3,156.0,40.959,20.32
87654,439,S3,159.0,40.623,20.32
87655,439,S3,162.0,40.185,20.32
87656,439,S3,165.0,39.849,20.32
87657,439,S3,168.0,39.474,20.32
87658,439,S3,171.0,39.156,20.32
87659,439,S3,174.0,38.842,20.32
87660,439,S3,177.0,38.470,20.32
87661,439,S3,180.0,38.106,20.32
87662,439,S3,183.0,37.879,20.32
87663,439,S3,186.0,37.452,20.32
87664,439,S3,189.0,37.108,20.32
87665,439,S3,192.0,36.818,20.32
87666,439,S3,195.0,36.560,20.32
87667,439,S3,198.0,36.238,20.32
87668,439,S3,201.0,36.042,20.32
87669,439,S3,204.0,35.838,20.32
87670,439,S3,207.0,35.379,20.32
87671,439,S3,210.0,35.209,20.32
87672,439,S3,213.0,34.852,20.32
87673,439,S3,216.0,34.682,20.32
87674,439,S3,219.0,34.326,20.32
87675,439,S3,222.0,34.162,20.32
87676,439,S3,225.0,33.877,20.32
87677,439,S3,228.0,33.644,20.32
87678,439,S3,231.0,33.499,20.32
87679,439,S3,234.0,33.157,20.32
87680,439,S3,237.0,32.977,20.32
87681,439,S3,240.0,32.720,20.32
87682,439,S3,243.0,32.485,20.32
87683,439,S3,246.0,32.231,20.32
87684,439,S3,249.0,32.007,20.32
87685,439,S3,252.0,31.818,20.32
87686,439,S3,255.0,31.659,20.32
87687,439,S3,258.0,31.430,20.32
87688,439,S3,261.0,31.273,20.32
87689,439,S3,264.0,31.049,20.32
87690,439,S3,267.0,30.847,20.32
87691,439,S3,270.0,30.676,20.32
87692,439,S3,273.0,30.473,20.32
87693,439,S3,276.0,30.169,20.32
87694,439,S3,279.0,30.012,20.32
87695,439,S3,282.0,29.854,20.32
87696,439,S3,285.0,29.772,20.32
87697,439,S3,288.0,29.570,20.32
87698,439,S3,291.0,29.402,20.32
87699,439,S3,294.0,29.241,20.32
87700,439,S3,297.0,28.985,20.32
87701,439,S3,300.0,28.898,20.32
87702,439,S3,303.0,28.650,20.32
87703,439,S3,306.0,28.563,20.32
87704,439,S3,309.0,28.487,20.32
87705,439,S3,312.0,28.282,20.32
87706,439,S3,315.0,28.201,20.32
87707,439,S3,318.0,28.009,20.32
87708,439,S3,321.0,27.892,20.32
87709,439,S3,324.0,27.689,20.32
87710,439,S3,327.0,27.570,20.32
87711,439,S3,330.0,27.498,20.32
87712,439,S3,333.0,27.398,20.32
87713,439,S3,336.0,27.237,20.32
87714,439,S3,339.0,27.017,20.32
87715,439,S3,342.0,26.885,20.32
87716,439,S3,345.0,26.836,20.32
87717,439,S3,348.0,26.727,20.32
87718,439,S3,351.0,26.667,20.32
87719,439,S3,354.0,26.479,20.32
87720,439,S3,357.0,26.437,20.32
87721,439,S3,360.0,26.217,20.32
87722,439,S3,363.0,26.224,20.32
87723,439,S3,366.0,26.087,20.32
87724,439,S3,369.0,25.923,20.32
87725,439,S3,372.0,25.768,20.32
87726,439,S3,375.0,25.772,20.32
87727,439,S3,378.0,25.591,20.32
87728,439,S3,381.0,25.531,20.32
87729,439,S3,384.0,25.466,20.32
87730,439,S3,387.0,25.362,20.32
87731,439,S3,390.0,25.237,20.32
87732,439,S3,393.0,25.137,20.32
87733,439,S3,396.0,25.062,20.32
87734,439,S3,399.0,24.957,20.32
87735,439,S3,402.0,24.811,20.32
87736,439,S3,405.0,24.808,20.32
87737,439,S3,408.0,24.787,20.32
87738,439,S3,411.0,24.653,20.32
87739,439,S3,414.0,24.537,20.32
87740,439,S3,417.0,24.622,20.32
87741,439,S3,420.0,24.442,20.32
87742,439,S3,423.0,24.238,20.32
87743,439,S3,426.0,24.371,20.32
87744,439,S3,429.0,24.109,20.32
87745,439,S3,432.0,24.125,20.32
87746,439,S3,435.0,24.037,20.32
87747,439,S3,438.0,23.978,20.32
87748,439,S3,441.0,23.982,20.32
87749,439,S3,444.0,23.827,20.32
87750,439,S3,447.0,23.737,20.32
87751,439,S3,450.0,23.887,20.32
87752,439,S3,453.0,23.708,20.32
87753,439,S3,456.0,23.650,20.32
87754,439,S3,459.0,23.594,20.32
87755,439,S3,462.0,23.430,20.32
87756,439,S3,465.0,23.532,20.32
87757,439,S3,468.0,23.371,20.32
87758,439,S3,471.0,23.277,20.32
87759,439,S3,474.0,23.278,20.32
87760,439,S3,477.0,23.222,20.32
87761,439,S3,480.0,23.227,20.32
87762,439,S3,483.0,23.098,20.32
87763,439,S3,486.0,23.100,20.32
87764,439,S3,489.0,23.090,20.32
87765,439,S3,492.0,22.938,20.32
87766,439,S3,495.0,22.934,20.32
87767,439,S3,498.0,22.999,20.32
87768,439,S3,501.0,22.792,20.32
87769,439,S3,504.0,22.887,20.32
87770,439,S3,507.0,22.681,20.32
87771,439,S3,510.0,22.709,20.32
87772,439,S3,513.0,22.651,20.32
87773,439,S3,516.0,22.539,20.32
87774,439,S3,519.0,22.570,20.32
87775,439,S3,522.0,22.550,20.32
87776,439,S3,525.0,22.493,20.32
87777,439,S3,528.0,22.430,20.32
87778,439,S3,531.0,22.381,20.32
87779,439,S3,534.0,22.365,20.32
87780,439,S3,537.0,22.350,20.32
87781,439,S3,540.0,22.206,20.32
87782,439,S3,543.0,22.177,20.32
87783,439,S3,546.0,22.294,20.32
87784,439,S3,549.0,22.237,20.32
87785,439,S3,552.0,22.159,20.32
87786,439,S3,555.0,22.240,20.32
87787,439,S3,558.0,22.181,20.32
87788,439,S3,561.0,22.092,20.32
87789,439,S3,564.0,22.072,20.32
87790,439,S3,567.0,21.937,20.32
87791,439,S3,570.0,21.900,20.32
87792,439,S3,573.0,21.952,20.32
87793,439,S3,576.0,21.909,20.32
87794,439,S3,579.0,21.862,20.32
87795,439,S3,582.0,21.861,20.32
87796,439,S3,585.0,21.866,20.32
87797,439,S3,588.0,21.776,20.32
87798,439,S3,591.0,21.860,20.32
87799,439,S3,594.0,21.793,20.32
87800,439,S3,597.0,21.717,20.32
87801,440,S4,0.0,90.917,20.44
87802,440,S4,3.0,89.000,20.44
87803,440,S4,6.0,87.187,20.44
87804,440,S4,9.0,85.451,20.44
87805,440,S4,12.0,83.714,20.44
87806,440,S4,15.0,81.966,20.44
87807,440,S4,18.0,80.415,20.44
87808,440,S4,21.0,78.766,20.44
87809,440,S4,24.0,77.303,20.44
87810,440,S4,27.0,75.600,20.44
87811,440,S4,30.0,74.302,20.44
87812,440,S4,33.0,72.795,20.44
87813,440,S4,36.0,71.368,20.44
87814,440,S4,39.0,70.111,20.44
87815,440,S4,42.0,68.779,20.44
87816,440,S4,45.0,67.459,20.44
87817,440,S4,48.0,66.233,20.44
87818,440,S4,51.0,65.025,20.44
87819,440,S4,54.0,63.769,20.44
87820,440,S4,57.0,62.661,20.44
87821,440,S4,60.0,61.518,20.44
87822,440,S4,63.0,60.444,20.44
87823,440,S4,66.0,59.402,20.44
87824,440,S4,69.0,58.408,20.44
87825,440,S4,72.0,57.425,20.44
87826,440,S4,75.0,56.322,20.44
87827,440,S4,78.0,55.410,20.44
87828,440,S4,81.0,54.443,20.44
87829,440,S4,84.0,53.611,20.44
87830,440,S4,87.0,52.626,20.44
87831,440,S4,90.0,51.890,20.44
87832,440,S4,93.0,51.037,20.44
87833,440,S4,96.0,50.156,20.44
87834,440,S4,99.0,49.393,20.44
87835,440,S4,102.0,48.589,20.44
87836,440,S4,105.0,47.914,20.44
87837,440,S4,108.0,47.092,20.44
87838,440,S4,111.0,46.382,20.44
87839,440,S4,114.0,45.631,20.44
87840,440,S4,117.0,45.009,20.44
87841,440,S4,120.0,44.264,20.44
87842,440,S4,123.0,43.704,20.44
87843,440,S4,126.0,43.189,20.44
87844,440,S4,129.0,42.536,20.44
87845,440,S4,132.0,41.916,20.44
87846,440,S4,135.0,41.382,20.44
87847,440,S4,138.0,40.824,20.44
87848,440,S4,141.0,40.294,20.44
87849,440,S4,144.0,39.764,20.44
87850,440,S4,147.0,39.200,20.44
87851,440,S4,150.0,38.658,20.44
87852,440,S4,153.0,38.240,20.44
87853,440,S4,156.0,37.684,20.44
87854,440,S4,159.0,37.265,20.44
87855,440,S4,162.0,36.886,20.44
87856,440,S4,165.0,36.431,20.44
87857,440,S4,168.0,35.971,20.44
87858,440,S4,171.0,35.613,20.44
87859,440,S4,174.0,35.182,20.44
87860,440,S4,177.0,34.823,20.44
87861,440,S4,180.0,34.385,20.44
87862,440,S4,183.0,34.029,20.44
87863,440,S4,186.0,33.610,20.44
87864,440,S4,189.0,33.400,20.44
87865,440,S4,192.0,32.964,20.44
87866,440,S4,195.0,32.695,20.44
87867,440,S4,198.0,32.356,20.44
87868,440,S4,201.0,32.027,20.44
87869,440,S4,204.0,31.780,20.44
87870,440,S4,207.0,31.364,20.44
87871,440,S4,210.0,31.190,20.44
87872,440,S4,213.0,30.762,20.44
87873,440,S4,216.0,30.540,20.44
87874,440,S4,219.0,30.350,20.44
87875,440,S4,222.0,30.057,20.44
87876,440,S4,225.0,29.742,20.44
87877,440,S4,228.0,29.607,20.44
87878,440,S4,231.0,29.357,20.44
87879,440,S4,234.0,29.060,20.44
87880,440,S4,237.0,28.845,20.44
87881,440,S4,240.0,28.651,20.44
87882,440,S4,243.0,28.410,20.44
87883,440,S4,246.0,28.209,20.44
87884,440,S4,249.0,28.027,20.44
87885,440,S4,252.0,27.695,20.44
87886,440,S4,255.0,27.596,20.44
87887,440,S4,258.0,27.406,20.44
87888,440,S4,261.0,27.205,20.44
87889,440,S4,264.0,26.997,20.44
87890,440,S4,267.0,26.829,20.44
87891,440,S4,270.0,26.611,20.44
87892,440,S4,273.0,26.477,20.44
87893,440,S4,276.0,26.337,20.44
87894,440,S4,279.0,26.196,20.44
87895,440,S4,282.0,26.030,20.44
87896,440,S4,285.0,25.853,20.44
87897,440,S4,288.0,25.711,20.44
87898,440,S4,291.0,25.566,20.44
87899,440,S4,294.0,25.508,20.44
87900,440,S4,297.0,25.244,20.44
87901,440,S4,300.0,25.147,20.44
87902,440,S4,303.0,25.058,20.44
87903,440,S4,306.0,24.965,20.44
87904,440,S4,309.0,24.724,20.44
87905,440,S4,312.0,24.689,20.44
87906,440,S4,315.0,24.511,20.44
87907,440,S4,318.0,24.517,20.44
87908,440,S4,321.0,24.423,20.44
87909,440,S4,324.0,24.268,20.44
87910,440,S4,327.0,24.254,20.44
87911,440,S4,330.0,24.123,20.44
87912,440,S4,333.0,23.927,20.44
87913,440,S4,336.0,23.913,20.44
87914,440,S4,339.0,23.777,20.44
87915,440,S4,342.0,23.650,20.44
87916,440,S4,345.0,23.633,20.44
87917,440,S4,348.0,23.571,20.44
87918,440,S4,351.0,23.422,20.44
87919,440,S4,354.0,23.309,20.44
87920,440,S4,357.0,23.329,20.44
87921,440,S4,360.0,23.237,20.44
87922,440,S4,363.0,23.055,20.44
87923,440,S4,366.0,23.046,20.44
87924,440,S4,369.0,22.973,20.44
87925,440,S4,372.0,22.970,20.44
87926,440,S4,375.0,22.901,20.44
87927,440,S4,378.0,22.838,20.44
87928,440,S4,381.0,22.645,20.44
87929,440,S4,384.0,22.698,20.44
87930,440,S4,387.0,22.585,20.44
87931,440,S4,390.0,22.611,20.44
87932,440,S4,393.0,22.547,20.44
87933,440,S4,396.0,22.431,20.44
87934,440,S4,399.0,22.390,20.44
87935,440,S4,402.0,22.360,20.44
87936,440,S4,405.0,22.325,20.44
87937,440,S4,408.0,22.253,20.44
87938,440,S4,411.0,22.209,20.44
87939,440,S4,414.0,22.148,20.44
87940,440,S4,417.0,22.189,20.44
87941,440,S4,420.0,22.016,20.44
87942,440,S4,423.0,22.107,20.44
87943,440,S4,426.0,21.999,20.44
87944,440,S4,429.0,21.895,20.44
87945,440,S4,432.0,21.838,20.44
87946,440,S4,435.0,21.825,20.44
87947,440,S4,438.0,21.852,20.44
87948,440,S4,441.0,21.836,20.44
87949,440,S4,444.0,21.664,20.44
87950,440,S4,447.0,21.688,20.44
87951,440,S4,450.0,21.651,20.44
87952,440,S4,453.0,21.614,20.44
87953,440,S4,456.0,21.649,20.44
87954,440,S4,459.0,21.568,20.44
87955,440,S4,462.0,21.593,20.44
87956,440,S4,465.0,21.561,20.44
87957,440,S4,468.0,21.529,20.44
87958,440,S4,471.0,21.472,20.44
87959,440,S4,474.0,21.477,20.44
87960,440,S4,477.0,21.509,20.44
87961,440,S4,480.0,21.428,20.44
87962,440,S4,483.0,21.399,20.44
87963,440,S4,486.0,21.281,20.44
87964,440,S4,489.0,21.254,20.44
87965,440,S4,492.0,21.347,20.44
87966,440,S4,495.0,21.189,20.44
87967,440,S4,498.0,21.244,20.44
87968,440,S4,501.0,21.189,20.44
87969,440,S4,504.0,21.181,20.44
87970,440,S4,507.0,21.170,20.44
87971,440,S4,510.0,21.121,20.44
87972,440,S4,513.0,21.120,20.44
87973,440,S4,516.0,21.112,20.44
87974,440,S4,519.0,21.176,20.44
87975,440,S4,522.0,21.083,20.44
87976,440,S4,525.0,21.081,20.44
87977,440,S4,528.0,21.083,20.44
87978,440,S4,531.0,21.037,20.44
87979,440,S4,534.0,21.057,20.44
87980,440,S4,537.0,21.009,20.44
87981,440,S4,540.0,21.057,20.44
87982,440,S4,543.0,21.036,20.44
87983,440,S4,546.0,20.856,20.44
87984,440,S4,549.0,20.992,20.44
87985,440,S4,552.0,20.956,20.44
87986,440,S4,555.0,20.987,20.44
87987,440,S4,558.0,20.936,20.44
87988,440,S4,561.0,20.908,20.44
87989,440,S4,564.0,20.870,20.44
87990,440,S4,567.0,20.896,20.44
87991,440,S4,570.0,20.892,20.44
87992,440,S4,573.0,20.928,20.44
87993,440,S4,576.0,20.800,20.44
87994,440,S4,579.0,20.832,20.44
87995,440,S4,582.0,20.839,20.44
87996,440,S4,585.0,20.773,20.44
87997,440,S4,588.0,20.789,20.44
87998,440,S4,591.0,20.840,20.44
87999,440,S4,594.0,20.838,20.44
88000,440,S4,597.0,20.801,20.44
88001,441,S1,0.0,86.996,21.27
88002,441,S1,3.0,85.298,21.27
88003,441,S1,6.0,83.692,21.27
88004,441,S1,9.0,82.081,21.27
88005,441,S1,12.0,80.453,21.27
88006,441,S1,15.0,78.947,21.27
88007,441,S1,18.0,77.442,21.27
88008,441,S1,21.0,76.014,21.27
88009,441,S1,24.0,74.583,21.27
88010,441,S1,27.0,73.167,21.27
88011,441,S1,30.0,71.818,21.27
88012,441,S1,33.0,70.527,21.27
88013,441,S1,36.0,69.208,21.27
88014,441,S1,39.0,67.962,21.27
88015,441,S1,42.0,66.775,21.27
88016,441,S1,45.0,65.580,21.27
88017,441,S1,48.0,64.466,21.27
88018,441,S1,51.0,63.399,21.27
88019,441,S1,54.0,62.186,21.27
88020,441,S1,57.0,61.146,21.27
88021,441,S1,60.0,60.159,21.27
88022,441,S1,63.0,59.176,21.27
88023,441,S1,66.0,58.164,21.27
88024,441,S1,69.0,57.209,21.27
88025,441,S1,72.0,56.253,21.27
88026,441,S1,75.0,55.426,21.27
88027,441,S1,78.0,54.492,21.27
88028,441,S1,81.0,53.623,21.27
88029,441,S1,84.0,52.861,21.27
88030,441,S1,87.0,51.990,21.27
88031,441,S1,90.0,51.158,21.27
88032,441,S1,93.0,50.378,21.27
88033,441,S1,96.0,49.637,21.27
88034,441,S1,99.0,48.920,21.27
88035,441,S1,102.0,48.183,21.27
88036,441,S1,105.0,47.502,21.27
88037,441,S1,108.0,46.808,21.27
88038,441,S1,111.0,46.152,21.27
88039,441,S1,114.0,45.540,21.27
88040,441,S1,117.0,44.898,21.27
88041,441,S1,120.0,44.225,21.27
88042,441,S1,123.0,43.497,21.27
88043,441,S1,126.0,43.091,21.27
88044,441,S1,129.0,42.466,21.27
88045,441,S1,132.0,42.043,21.27
88046,441,S1,135.0,41.467,21.27
88047,441,S1,138.0,40.855,21.27
88048,441,S1,141.0,40.360,21.27
88049,441,S1,144.0,39.807,21.27
88050,441,S1,147.0,39.366,21.27
88051,441,S1,150.0,38.888,21.27
88052,441,S1,153.0,38.497,21.27
88053,441,S1,156.0,37.909,21.27
88054,441,S1,159.0,37.668,21.27
88055,441,S1,162.0,37.151,21.27
88056,441,S1,165.0,36.736,21.27
88057,441,S1,168.0,36.387,21.27
88058,441,S1,171.0,36.023,21.27
88059,441,S1,174.0,35.617,21.27
88060,441,S1,177.0,35.257,21.27
88061,441,S1,180.0,34.896,21.27
88062,441,S1,183.0,34.517,21.27
88063,441,S1,186.0,34.142,21.27
88064,441,S1,189.0,33.807,21.27
88065,441,S1,192.0,33.398,21.27
88066,441,S1,195.0,33.170,21.27
88067,441,S1,198.0,32.858,21.27
88068,441,S1,201.0,32.546,21.27
88069,441,S1,204.0,32.324,21.27
88070,441,S1,207.0,31.936,21.27
88071,441,S1,210.0,31.698,21.27
88072,441,S1,213.0,31.445,21.27
88073,441,S1,216.0,31.196,21.27
88074,441,S1,219.0,30.906,21.27
88075,441,S1,222.0,30.718,21.27
88076,441,S1,225.0,30.515,21.27
88077,441,S1,228.0,30.142,21.27
88078,441,S1,231.0,29.939,21.27
88079,441,S1,234.0,29.746,21.27
88080,441,S1,237.0,29.526,21.27
88081,441,S1,240.0,29.267,21.27
88082,441,S1,243.0,29.049,21.27
88083,441,S1,246.0,28.900,21.27
88084,441,S1,249.0,28.672,21.27
88085,441,S1,252.0,28.515,21.27
88086,441,S1,255.0,28.345,21.27
88087,441,S1,258.0,28.063,21.27
88088,441,S1,261.0,27.915,21.27
88089,441,S1,264.0,27.643,21.27
88090,441,S1,267.0,27.550,21.27
88091,441,S1,270.0,27.491,21.27
88092,441,S1,273.0,27.264,21.27
88093,441,S1,276.0,27.115,21.27
88094,441,S1,279.0,26.971,21.27
88095,441,S1,282.0,26.764,21.27
88096,441,S1,285.0,26.666,21.27
88097,441,S1,288.0,26.538,21.27
88098,441,S1,291.0,26.460,21.27
88099,441,S1,294.0,26.260,21.27
88100,441,S1,297.0,26.118,21.27
88101,441,S1,300.0,25.989,21.27
88102,441,S1,303.0,25.891,21.27
88103,441,S1,306.0,25.734,21.27
88104,441,S1,309.0,25.664,21.27
88105,441,S1,312.0,25.443,21.27
88106,441,S1,315.0,25.443,21.27
88107,441,S1,318.0,25.298,21.27
88108,441,S1,321.0,25.140,21.27
88109,441,S1,324.0,25.170,21.27
88110,441,S1,327.0,24.992,21.27
88111,441,S1,330.0,24.853,21.27
88112,441,S1,333.0,24.922,21.27
88113,441,S1,336.0,24.702,21.27
88114,441,S1,339.0,24.666,21.27
88115,441,S1,342.0,24.496,21.27
88116,441,S1,345.0,24.540,21.27
88117,441,S1,348.0,24.333,21.27
88118,441,S1,351.0,24.320,21.27
88119,441,S1,354.0,24.217,21.27
88120,441,S1,357.0,24.231,21.27
88121,441,S1,360.0,24.099,21.27
88122,441,S1,363.0,23.989,21.27
88123,441,S1,366.0,23.856,21.27
88124,441,S1,369.0,23.797,21.27
88125,441,S1,372.0,23.790,21.27
88126,441,S1,375.0,23.768,21.27
88127,441,S1,378.0,23.655,21.27
88128,441,S1,381.0,23.548,21.27
88129,441,S1,384.0,23.433,21.27
88130,441,S1,387.0,23.427,21.27
88131,441,S1,390.0,23.462,21.27
88132,441,S1,393.0,23.457,21.27
88133,441,S1,396.0,23.246,21.27
88134,441,S1,399.0,23.285,21.27
88135,441,S1,402.0,23.157,21.27
88136,441,S1,405.0,23.095,21.27
88137,441,S1,408.0,23.099,21.27
88138,441,S1,411.0,23.003,21.27
88139,441,S1,414.0,22.895,21.27
88140,441,S1,417.0,23.030,21.27
88141,441,S1,420.0,22.918,21.27
88142,441,S1,423.0,22.972,21.27
88143,441,S1,426.0,22.803,21.27
88144,441,S1,429.0,22.896,21.27
88145,441,S1,432.0,22.757,21.27
88146,441,S1,435.0,22.799,21.27
88147,441,S1,438.0,22.738,21.27
88148,441,S1,441.0,22.597,21.27
88149,441,S1,444.0,22.662,21.27
88150,441,S1,447.0,22.558,21.27
88151,441,S1,450.0,22.554,21.27
88152,441,S1,453.0,22.486,21.27
88153,441,S1,456.0,22.417,21.27
88154,441,S1,459.0,22.384,21.27
88155,441,S1,462.0,22.456,21.27
88156,441,S1,465.0,22.413,21.27
88157,441,S1,468.0,22.432,21.27
88158,441,S1,471.0,22.315,21.27
88159,441,S1,474.0,22.321,21.27
88160,441,S1,477.0,22.242,21.27
88161,441,S1,480.0,22.249,21.27
88162,441,S1,483.0,22.219,21.27
88163,441,S1,486.0,22.210,21.27
88164,441,S1,489.0,22.209,21.27
88165,441,S1,492.0,22.165,21.27
88166,441,S1,495.0,22.150,21.27
88167,441,S1,498.0,22.006,21.27
88168,441,S1,501.0,22.091,21.27
88169,441,S1,504.0,22.094,21.27
88170,441,S1,507.0,22.041,21.27
88171,441,S1,510.0,21.943,21.27
88172,441,S1,513.0,21.938,21.27
88173,441,S1,516.0,21.972,21.27
88174,441,S1,519.0,21.947,21.27
88175,441,S1,522.0,21.969,21.27
88176,441,S1,525.0,22.007,21.27
88177,441,S1,528.0,21.967,21.27
88178,441,S1,531.0,21.900,21.27
88179,441,S1,534.0,21.888,21.27
88180,441,S1,537.0,21.895,21.27
88181,441,S1,540.0,21.775,21.27
88182,441,S1,543.0,21.887,21.27
88183,441,S1,546.0,21.834,21.27
88184,441,S1,549.0,21.874,21.27
88185,441,S1,552.0,21.767,21.27
88186,441,S1,555.0,21.717,21.27
88187,441,S1,558.0,21.698,21.27
88188,441,S1,561.0,21.755,21.27
88189,441,S1,564.0,21.785,21.27
88190,441,S1,567.0,21.709,21.27
88191,441,S1,570.0,21.705,21.27
88192,441,S1,573.0,21.691,21.27
88193,441,S1,576.0,21.777,21.27
88194,441,S1,579.0,21.727,21.27
88195,441,S1,582.0,21.665,21.27
88196,441,S1,585.0,21.775,21.27
88197,441,S1,588.0,21.653,21.27
88198,441,S1,591.0,21.534,21.27
88199,441,S1,594.0,21.582,21.27
88200,441,S1,597.0,21.673,21.27
88201,442,S2,0.0,89.708,20.39
88202,442,S2,3.0,89.009,20.39
88203,442,S2,6.0,87.985,20.39
88204,442,S2,9.0,87.188,20.39
88205,442,S2,12.0,86.306,20.39
88206,442,S2,15.0,85.459,20.39
88207,442,S2,18.0,84.788,20.39
88208,442,S2,21.0,83.806,20.39
88209,442,S2,24.0,83.078,20.39
88210,442,S2,27.0,82.241,20.39
88211,442,S2,30.0,81.568,20.39
88212,442,S2,33.0,80.801,20.39
88213,442,S2,36.0,80.017,20.39
88214,442,S2,39.0,79.186,20.39
88215,442,S2,42.0,78.520,20.39
88216,442,S2,45.0,77.709,20.39
88217,442,S2,48.0,77.003,20.39
88218,442,S2,51.0,76.330,20.39
88219,442,S2,54.0,75.594,20.39
88220,442,S2,57.0,74.889,20.39
88221,442,S2,60.0,74.318,20.39
88222,442,S2,63.0,73.543,20.39
88223,442,S2,66.0,72.908,20.39
88224,442,S2,69.0,72.227,20.39
88225,442,S2,72.0,71.671,20.39
88226,442,S2,75.0,70.899,20.39
88227,442,S2,78.0,70.294,20.39
88228,442,S2,81.0,69.701,20.39
88229,442,S2,84.0,69.070,20.39
88230,442,S2,87.0,68.454,20.39
88231,442,S2,90.0,67.808,20.39
88232,442,S2,93.0,67.225,20.39
88233,442,S2,96.0,66.699,20.39
88234,442,S2,99.0,65.959,20.39
88235,442,S2,102.0,65.569,20.39
88236,442,S2,105.0,64.897,20.39
88237,442,S2,108.0,64.332,20.39
88238,442,S2,111.0,63.837,20.39
88239,442,S2,114.0,63.204,20.39
88240,442,S2,117.0,62.678,20.39
88241,442,S2,120.0,62.231,20.39
88242,442,S2,123.0,61.723,20.39
88243,442,S2,126.0,61.168,20.39
88244,442,S2,129.0,60.587,20.39
88245,442,S2,132.0,60.216,20.39
88246,442,S2,135.0,59.747,20.39
88247,442,S2,138.0,59.093,20.39
88248,442,S2,141.0,58.703,20.39
88249,442,S2,144.0,58.138,20.39
88250,442,S2,147.0,57.647,20.39
88251,442,S2,150.0,57.175,20.39
88252,442,S2,153.0,56.750,20.39
88253,442,S2,156.0,56.398,20.39
88254,442,S2,159.0,55.819,20.39
88255,442,S2,162.0,55.394,20.39
88256,442,S2,165.0,54.918,20.39
88257,442,S2,168.0,54.549,20.39
88258,442,S2,171.0,54.011,20.39
88259,442,S2,174.0,53.747,20.39
88260,442,S2,177.0,53.296,20.39
88261,442,S2,180.0,52.917,20.39
88262,442,S2,183.0,52.378,20.39
88263,442,S2,186.0,52.058,20.39
88264,442,S2,189.0,51.694,20.39
88265,442,S2,192.0,51.209,20.39
88266,442,S2,195.0,50.794,20.39
88267,442,S2,198.0,50.413,20.39
88268,442,S2,201.0,50.044,20.39
88269,442,S2,204.0,49.830,20.39
88270,442,S2,207.0,49.404,20.39
88271,442,S2,210.0,48.897,20.39
88272,442,S2,213.0,48.606,20.39
88273,442,S2,216.0,48.281,20.39
88274,442,S2,219.0,47.902,20.39
88275,442,S2,222.0,47.525,20.39
88276,442,S2,225.0,47.245,20.39
88277,442,S2,228.0,46.933,20.39
88278,442,S2,231.0,46.472,20.39
88279,442,S2,234.0,46.240,20.39
88280,442,S2,237.0,45.931,20.39
88281,442,S2,240.0,45.638,20.39
88282,442,S2,243.0,45.250,20.39
88283,442,S2,246.0,44.911,20.39
88284,442,S2,249.0,44.704,20.39
88285,442,S2,252.0,44.340,20.39
88286,442,S2,255.0,43.964,20.39
88287,442,S2,258.0,43.705,20.39
88288,442,S2,261.0,43.484,20.39
88289,442,S2,264.0,43.208,20.39
88290,442,S2,267.0,42.880,20.39
88291,442,S2,270.0,42.592,20.39
88292,442,S2,273.0,42.290,20.39
88293,442,S2,276.0,42.026,20.39
88294,442,S2,279.0,41.763,20.39
88295,442,S2,282.0,41.480,20.39
88296,442,S2,285.0,41.260,20.39
88297,442,S2,288.0,40.980,20.39
88298,442,S2,291.0,40.748,20.39
88299,442,S2,294.0,40.465,20.39
88300,442,S2,297.0,40.143,20.39
88301,442,S2,300.0,40.008,20.39
88302,442,S2,303.0,39.707,20.39
88303,442,S2,306.0,39.494,20.39
88304,442,S2,309.0,39.190,20.39
88305,442,S2,312.0,39.015,20.39
88306,442,S2,315.0,38.834,20.39
88307,442,S2,318.0,38.571,20.39
88308,442,S2,321.0,38.302,20.39
88309,442,S2,324.0,37.953,20.39
88310,442,S2,327.0,37.843,20.39
88311,442,S2,330.0,37.694,20.39
88312,442,S2,333.0,37.370,20.39
88313,442,S2,336.0,37.167,20.39
88314,442,S2,339.0,36.940,20.39
88315,442,S2,342.0,36.709,20.39
88316,442,S2,345.0,36.486,20.39
88317,442,S2,348.0,36.346,20.39
88318,442,S2,351.0,36.176,20.39
88319,442,S2,354.0,35.942,20.39
88320,442,S2,357.0,35.738,20.39
88321,442,S2,360.0,35.619,20.39
88322,442,S2,363.0,35.286,20.39
88323,442,S2,366.0,35.225,20.39
88324,442,S2,369.0,35.042,20.39
88325,442,S2,372.0,34.736,20.39
88326,442,S2,375.0,34.677,20.39
88327,442,S2,378.0,34.480,20.39
88328,442,S2,381.0,34.377,20.39
88329,442,S2,384.0,34.091,20.39
88330,442,S2,387.0,33.979,20.39
88331,442,S2,390.0,33.788,20.39
88332,442,S2,393.0,33.670,20.39
88333,442,S2,396.0,33.388,20.39
88334,442,S2,399.0,33.293,20.39
88335,442,S2,402.0,33.199,20.39
88336,442,S2,405.0,32.868,20.39
88337,442,S2,408.0,32.754,20.39
88338,442,S2,411.0,32.659,20.39
88339,442,S2,414.0,32.545,20.39
88340,442,S2,417.0,32.349,20.39
88341,442,S2,420.0,32.139,20.39
88342,442,S2,423.0,32.058,20.39
88343,442,S2,426.0,31.936,20.39
88344,442,S2,429.0,31.741,20.39
88345,442,S2,432.0,31.542,20.39
88346,442,S2,435.0,31.519,20.39
88347,442,S2,438.0,31.311,20.39
88348,442,S2,441.0,31.114,20.39
88349,442,S2,444.0,31.027,20.39
88350,442,S2,447.0,30.896,20.39
88351,442,S2,450.0,30.832,20.39
88352,442,S2,453.0,30.612,20.39
88353,442,S2,456.0,30.478,20.39
88354,442,S2,459.0,30.362,20.39
88355,442,S2,462.0,30.198,20.39
88356,442,S2,465.0,30.153,20.39
88357,442,S2,468.0,30.022,20.39
88358,442,S2,471.0,29.993,20.39
88359,442,S2,474.0,29.798,20.39
88360,442,S2,477.0,29.541,20.39
88361,442,S2,480.0,29.452,20.39
88362,442,S2,483.0,29.413,20.39
88363,442,S2,486.0,29.329,20.39
88364,442,S2,489.0,29.198,20.39
88365,442,S2,492.0,28.980,20.39
88366,442,S2,495.0,28.967,20.39
88367,442,S2,498.0,28.903,20.39
88368,442,S2,501.0,28.722,20.39
88369,442,S2,504.0,28.608,20.39
88370,442,S2,507.0,28.574,20.39
88371,442,S2,510.0,28.425,20.39
88372,442,S2,513.0,28.402,20.39
88373,442,S2,516.0,28.282,20.39
88374,442,S2,519.0,28.147,20.39
88375,442,S2,522.0,28.091,20.39
88376,442,S2,525.0,27.989,20.39
88377,442,S2,528.0,27.806,20.39
88378,442,S2,531.0,27.776,20.39
88379,442,S2,534.0,27.631,20.39
88380,442,S2,537.0,27.631,20.39
88381,442,S2,540.0,27.515,20.39
88382,442,S2,543.0,27.407,20.39
88383,442,S2,546.0,27.258,20.39
88384,442,S2,549.0,27.240,20.39
88385,442,S2,552.0,27.129,20.39
88386,442,S2,555.0,27.180,20.39
88387,442,S2,558.0,27.003,20.39
88388,442,S2,561.0,26.795,20.39
88389,442,S2,564.0,26.826,20.39
88390,442,S2,567.0,26.734,20.39
88391,442,S2,570.0,26.647,20.39
88392,442,S2,573.0,26.538,20.39
88393,442,S2,576.0,26.586,20.39
88394,442,S2,579.0,26.441,20.39
88395,442,S2,582.0,26.291,20.39
88396,442,S2,585.0,26.329,20.39
88397,442,S2,588.0,26.198,20.39
88398,442,S2,591.0,26.074,20.39
88399,442,S2,594.0,26.056,20.39
88400,442,S2,597.0,25.928,20.39
88401,443,S3,0.0,85.907,21.12
88402,443,S3,3.0,85.072,21.12
88403,443,S3,6.0,84.210,21.12
88404,443,S3,9.0,83.443,21.12
88405,443,S3,12.0,82.608,21.12
88406,443,S3,15.0,81.847,21.12
88407,443,S3,18.0,81.006,21.12
88408,443,S3,21.0,80.268,21.12
88409,443,S3,24.0,79.456,21.12
88410,443,S3,27.0,78.786,21.12
88411,443,S3,30.0,78.027,21.12
88412,443,S3,33.0,77.189,21.12
88413,443,S3,36.0,76.589,21.12
88414,443,S3,39.0,75.752,21.12
88415,443,S3,42.0,75.056,21.12
88416,443,S3,45.0,74.450,21.12
88417,443,S3,48.0,73.707,21.12
88418,443,S3,51.0,72.997,21.12
88419,443,S3,54.0,72.348,21.12
88420,443,S3,57.0,71.708,21.12
88421,443,S3,60.0,71.016,21.12
88422,443,S3,63.0,70.299,21.12
88423,443,S3,66.0,69.726,21.12
88424,443,S3,69.0,69.144,21.12
88425,443,S3,72.0,68.493,21.12
88426,443,S3,75.0,67.863,21.12
88427,443,S3,78.0,67.366,21.12
88428,443,S3,81.0,66.677,21.12
88429,443,S3,84.0,66.039,21.12
88430,443,S3,87.0,65.496,21.12
88431,443,S3,90.0,64.927,21.12
88432,443,S3,93.0,64.321,21.12
88433,443,S3,96.0,63.780,21.12
88434,443,S3,99.0,63.288,21.12
88435,443,S3,102.0,62.700,21.12
88436,443,S3,105.0,62.183,21.12
88437,443,S3,108.0,61.569,21.12
88438,443,S3,111.0,61.125,21.12
88439,443,S3,114.0,60.644,21.12
88440,443,S3,117.0,60.096,21.12
88441,443,S3,120.0,59.568,21.12
88442,443,S3,123.0,59.116,21.12
88443,443,S3,126.0,58.643,21.12
88444,443,S3,129.0,58.137,21.12
88445,443,S3,132.0,57.587,21.12
88446,443,S3,135.0,57.125,21.12
88447,443,S3,138.0,56.586,21.12
88448,443,S3,141.0,56.119,21.12
88449,443,S3,144.0,55.789,21.12
88450,443,S3,147.0,55.400,21.12
88451,443,S3,150.0,54.915,21.12
88452,443,S3,153.0,54.497,21.12
88453,443,S3,156.0,54.122,21.12
88454,443,S3,159.0,53.597,21.12
88455,443,S3,162.0,53.181,21.12
88456,443,S3,165.0,52.808,21.12
88457,443,S3,168.0,52.282,21.12
88458,443,S3,171.0,51.919,21.12
88459,443,S3,174.0,51.524,21.12
88460,443,S3,177.0,51.094,21.12
88461,443,S3,180.0,50.766,21.12
88462,443,S3,183.0,50.339,21.12
88463,443,S3,186.0,50.045,21.12
88464,443,S3,189.0,49.646,21.12
88465,443,S3,192.0,49.259,21.12
88466,443,S3,195.0,48.821,21.12
88467,443,S3,198.0,48.444,21.12
88468,443,S3,201.0,48.108,21.12
88469,443,S3,204.0,47.821,21.12
88470,443,S3,207.0,47.494,21.12
88471,443,S3,210.0,47.225,21.12
88472,443,S3,213.0,46.744,21.12
88473,443,S3,216.0,46.474,21.12
88474,443,S3,219.0,46.014,21.12
88475,443,S3,222.0,45.803,21.12
88476,443,S3,225.0,45.535,21.12
88477,443,S3,228.0,45.206,21.12
88478,443,S3,231.0,44.856,21.12
88479,443,S3,234.0,44.532,21.12
88480,443,S3,237.0,44.272,21.12
88481,443,S3,240.0,43.964,21.12
88482,443,S3,243.0,43.578,21.12
88483,443,S3,246.0,43.359,21.12
88484,443,S3,249.0,43.097,21.12
88485,443,S3,252.0,42.800,21.12
88486,443,S3,255.0,42.482,21.12
88487,443,S3,258.0,42.232,21.12
88488,443,S3,261.0,41.951,21.12
88489,443,S3,264.0,41.661,21.12
88490,443,S3,267.0,41.486,21.12
88491,443,S3,270.0,41.117,21.12
88492,443,S3,273.0,40.888,21.12
88493,443,S3,276.0,40.737,21.12
88494,443,S3,279.0,40.304,21.12
88495,443,S3,282.0,40.099,21.12
88496,443,S3,285.0,39.930,21.12
88497,443,S3,288.0,39.694,21.12
88498,443,S3,291.0,39.387,21.12
88499,443,S3,294.0,39.177,21.12
88500,443,S3,297.0,38.982,21.12
88501,443,S3,300.0,38.637,21.12
88502,443,S3,303.0,38.389,21.12
88503,443,S3,306.0,38.225,21.12
88504,443,S3,309.0,38.074,21.12
88505,443,S3,312.0,37.828,21.12
88506,443,S3,315.0,37.690,21.12
88507,443,S3,318.0,37.417,21.12
88508,443,S3,321.0,37.202,21.12
88509,443,S3,324.0,36.915,21.12
88510,443,S3,327.0,36.758,21.12
88511,443,S3,330.0,36.544,21.12
88512,443,S3,333.0,36.328,21.12
88513,443,S3,336.0,36.148,21.12
88514,443,S3,339.0,35.916,21.12
88515,443,S3,342.0,35.815,21.12
88516,443,S3,345.0,35.554,21.12
88517,443,S3,348.0,35.368,21.12
88518,443,S3,351.0,35.195,21.12
88519,443,S3,354.0,34.998,21.12
88520,443,S3,357.0,34.843,21.12
88521,443,S3,360.0,34.729,21.12
88522,443,S3,363.0,34.567,21.12
88523,443,S3,366.0,34.323,21.12
88524,443,S3,369.0,34.210,21.12
88525,443,S3,372.0,34.008,21.12
88526,443,S3,375.0,33.733,21.12
88527,443,S3,378.0,33.712,21.12
88528,443,S3,381.0,33.511,21.12
88529,443,S3,384.0,33.317,21.12
88530,443,S3,387.0,33.094,21.12
88531,443,S3,390.0,32.884,21.12
88532,443,S3,393.0,32.844,21.12
88533,443,S3,396.0,32.787,21.12
88534,443,S3,399.0,32.576,21.12
88535,443,S3,402.0,32.503,21.12
88536,443,S3,405.0,32.231,21.12
88537,443,S3,408.0,32.135,21.12
88538,443,S3,411.0,31.991,21.12
88539,443,S3,414.0,31.805,21.12
88540,443,S3,417.0,31.752,21.12
88541,443,S3,420.0,31.600,21.12
88542,443,S3,423.0,31.414,21.12
88543,443,S3,426.0,31.217,21.12
88544,443,S3,429.0,31.149,21.12
88545,443,S3,432.0,31.048,21.12
88546,443,S3,435.0,30.962,21.12
88547,443,S3,438.0,30.773,21.12
88548,443,S3,441.0,30.646,21.12
88549,443,S3,444.0,30.508,21.12
88550,443,S3,447.0,30.463,21.12
88551,443,S3,450.0,30.283,21.12
88552,443,S3,453.0,30.277,21.12
88553,443,S3,456.0,30.110,21.12
88554,443,S3,459.0,29.951,21.12
88555,443,S3,462.0,29.843,21.12
88556,443,S3,465.0,29.618,21.12
88557,443,S3,468.0,29.588,21.12
88558,443,S3,471.0,29.469,21.12
88559,443,S3,474.0,29.377,21.12
88560,443,S3,477.0,29.244,21.12
88561,443,S3,480.0,29.201,21.12
88562,443,S3,483.0,29.162,21.12
88563,443,S3,486.0,29.016,21.12
88564,443,S3,489.0,28.726,21.12
88565,443,S3,492.0,28.716,21.12
88566,443,S3,495.0,28.635,21.12
88567,443,S3,498.0,28.597,21.12
88568,443,S3,501.0,28.482,21.12
88569,443,S3,504.0,28.361,21.12
88570,443,S3,507.0,28.289,21.12
88571,443,S3,510.0,28.158,21.12
88572,443,S3,513.0,28.052,21.12
88573,443,S3,516.0,27.978,21.12
88574,443,S3,519.0,27.895,21.12
88575,443,S3,522.0,27.791,21.12
88576,443,S3,525.0,27.771,21.12
88577,443,S3,528.0,27.650,21.12
88578,443,S3,531.0,27.652,21.12
88579,443,S3,534.0,27.463,21.12
88580,443,S3,537.0,27.342,21.12
88581,443,S3,540.0,27.311,21.12
88582,443,S3,543.0,27.239,21.12
88583,443,S3,546.0,27.124,21.12
88584,443,S3,549.0,26.951,21.12
88585,443,S3,552.0,27.057,21.12
88586,443,S3,555.0,26.985,21.12
88587,443,S3,558.0,26.800,21.12
88588,443,S3,561.0,26.773,21.12
88589,443,S3,564.0,26.696,21.12
88590,443,S3,567.0,26.695,21.12
88591,443,S3,570.0,26.569,21.12
88592,443,S3,573.0,26.443,21.12
88593,443,S3,576.0,26.419,21.12
88594,443,S3,579.0,26.360,21.12
88595,443,S3,582.0,26.248,21.12
88596,443,S3,585.0,26.210,21.12
88597,443,S3,588.0,26.132,21.12
88598,443,S3,591.0,26.090,21.12
88599,443,S3,594.0,25.977,21.12
88600,443,S3,597.0,25.862,21.12
88601,444,S4,0.0,70.661,22.37
88602,444,S4,3.0,69.943,22.37
88603,444,S4,6.0,69.209,22.37
88604,444,S4,9.0,68.548,22.37
88605,444,S4,12.0,67.808,22.37
88606,444,S4,15.0,67.262,22.37
88607,444,S4,18.0,66.543,22.37
88608,444,S4,21.0,65.773,22.37
88609,444,S4,24.0,65.304,22.37
88610,444,S4,27.0,64.655,22.37
88611,444,S4,30.0,64.005,22.37
88612,444,S4,33.0,63.320,22.37
88613,444,S4,36.0,62.907,22.37
88614,444,S4,39.0,62.165,22.37
88615,444,S4,42.0,61.521,22.37
88616,444,S4,45.0,61.046,22.37
88617,444,S4,48.0,60.475,22.37
88618,444,S4,51.0,59.891,22.37
88619,444,S4,54.0,59.285,22.37
88620,444,S4,57.0,58.804,22.37
88621,444,S4,60.0,58.234,22.37
88622,444,S4,63.0,57.774,22.37
88623,444,S4,66.0,57.178,22.37
88624,444,S4,69.0,56.631,22.37
88625,444,S4,72.0,56.156,22.37
88626,444,S4,75.0,55.699,22.37
88627,444,S4,78.0,55.166,22.37
88628,444,S4,81.0,54.679,22.37
88629,444,S4,84.0,54.153,22.37
88630,444,S4,87.0,53.722,22.37
88631,444,S4,90.0,53.296,22.37
88632,444,S4,93.0,52.813,22.37
88633,444,S4,96.0,52.453,22.37
88634,444,S4,99.0,51.919,22.37
88635,444,S4,102.0,51.626,22.37
88636,444,S4,105.0,51.061,22.37
88637,444,S4,108.0,50.658,22.37
88638,444,S4,111.0,50.253,22.37
88639,444,S4,114.0,49.723,22.37
88640,444,S4,117.0,49.445,22.37
88641,444,S4,120.0,48.961,22.37
88642,444,S4,123.0,48.630,22.37
88643,444,S4,126.0,48.226,22.37
88644,444,S4,129.0,47.790,22.37
88645,444,S4,132.0,47.430,22.37
88646,444,S4,135.0,47.137,22.37
88647,444,S4,138.0,46.753,22.37
88648,444,S4,141.0,46.319,22.37
88649,444,S4,144.0,45.999,22.37
88650,444,S4,147.0,45.696,22.37
88651,444,S4,150.0,45.320,22.37
88652,444,S4,153.0,44.922,22.37
88653,444,S4,156.0,44.503,22.37
88654,444,S4,159.0,44.283,22.37
88655,444,S4,162.0,44.099,22.37
88656,444,S4,165.0,43.641,22.37
88657,444,S4,168.0,43.350,22.37
88658,444,S4,171.0,43.041,22.37
88659,444,S4,174.0,42.730,22.37
88660,444,S4,177.0,42.371,22.37
88661,444,S4,180.0,42.257,22.37
88662,444,S4,183.0,41.809,22.37
88663,444,S4,186.0,41.563,22.37
88664,444,S4,189.0,41.244,22.37
88665,444,S4,192.0,40.988,22.37
88666,444,S4,195.0,40.719,22.37
88667,444,S4,198.0,40.493,22.37
88668,444,S4,201.0,40.232,22.37
88669,444,S4,204.0,39.928,22.37
88670,444,S4,207.0,39.629,22.37
88671,444,S4,210.0,39.511,22.37
88672,444,S4,213.0,39.159,22.37
88673,444,S4,216.0,38.925,22.37
88674,444,S4,219.0,38.660,22.37
88675,444,S4,222.0,38.394,22.37
88676,444,S4,225.0,38.223,22.37
88677,444,S4,228.0,37.911,22.37
88678,444,S4,231.0,37.727,22.37
88679,444,S4,234.0,37.440,22.37
88680,444,S4,237.0,37.247,22.37
88681,444,S4,240.0,37.075,22.37
88682,444,S4,243.0,36.840,22.37
88683,444,S4,246.0,36.549,22.37
88684,444,S4,249.0,36.447,22.37
88685,444,S4,252.0,36.170,22.37
88686,444,S4,255.0,35.926,22.37
88687,444,S4,258.0,35.815,22.37
88688,444,S4,261.0,35.557,22.37
88689,444,S4,264.0,35.331,22.37
88690,444,S4,267.0,35.238,22.37
88691,444,S4,270.0,35.071,22.37
88692,444,S4,273.0,34.820,22.37
88693,444,S4,276.0,34.638,22.37
88694,444,S4,279.0,34.512,22.37
88695,444,S4,282.0,34.295,22.37
88696,444,S4,285.0,34.143,22.37
88697,444,S4,288.0,33.932,22.37
88698,444,S4,291.0,33.769,22.37
88699,444,S4,294.0,33.615,22.37
88700,444,S4,297.0,33.428,22.37
88701,444,S4,300.0,33.358,22.37
88702,444,S4,303.0,33.101,22.37
88703,444,S4,306.0,32.973,22.37
88704,444,S4,309.0,32.756,22.37
88705,444,S4,312.0,32.618,22.37
88706,444,S4,315.0,32.418,22.37
88707,444,S4,318.0,32.338,22.37
88708,444,S4,321.0,32.257,22.37
88709,444,S4,324.0,31.971,22.37
88710,444,S4,327.0,31.901,22.37
88711,444,S4,330.0,31.708,22.37
88712,444,S4,333.0,31.665,22.37
88713,444,S4,336.0,31.526,22.37
88714,444,S4,339.0,31.362,22.37
88715,444,S4,342.0,31.171,22.37
88716,444,S4,345.0,31.168,22.37
88717,444,S4,348.0,30.909,22.37
88718,444,S4,351.0,30.913,22.37
88719,444,S4,354.0,30.808,22.37
88720,444,S4,357.0,30.589,22.37
88721,444,S4,360.0,30.405,22.37
88722,444,S4,363.0,30.350,22.37
88723,444,S4,366.0,30.221,22.37
88724,444,S4,369.0,30.093,22.37
88725,444,S4,372.0,30.018,22.37
88726,444,S4,375.0,29.959,22.37
88727,444,S4,378.0,29.714,22.37
88728,444,S4,381.0,29.618,22.37
88729,444,S4,384.0,29.593,22.37
88730,444,S4,387.0,29.501,22.37
88731,444,S4,390.0,29.350,22.37
88732,444,S4,393.0,29.227,22.37
88733,444,S4,396.0,29.133,22.37
88734,444,S4,399.0,29.024,22.37
88735,444,S4,402.0,28.911,22.37
88736,444,S4,405.0,28.802,22.37
88737,444,S4,408.0,28.795,22.37
88738,444,S4,411.0,28.670,22.37
88739,444,S4,414.0,28.627,22.37
88740,444,S4,417.0,28.403,22.37
88741,444,S4,420.0,28.413,22.37
88742,444,S4,423.0,28.291,22.37
88743,444,S4,426.0,28.119,22.37
88744,444,S4,429.0,28.101,22.37
88745,444,S4,432.0,27.941,22.37
88746,444,S4,435.0,27.952,22.37
88747,444,S4,438.0,27.849,22.37
88748,444,S4,441.0,27.794,22.37
88749,444,S4,444.0,27.691,22.37
88750,444,S4,447.0,27.628,22.37
88751,444,S4,450.0,27.637,22.37
88752,444,S4,453.0,27.442,22.37
88753,444,S4,456.0,27.364,22.37
88754,444,S4,459.0,27.320,22.37
88755,444,S4,462.0,27.204,22.37
88756,444,S4,465.0,27.139,22.37
88757,444,S4,468.0,27.068,22.37
88758,444,S4,471.0,26.923,22.37
88759,444,S4,474.0,26.905,22.37
88760,444,S4,477.0,26.902,22.37
88761,444,S4,480.0,26.846,22.37
88762,444,S4,483.0,26.781,22.37
88763,444,S4,486.0,26.675,22.37
88764,444,S4,489.0,26.516,22.37
88765,444,S4,492.0,26.488,22.37
88766,444,S4,495.0,26.530,22.37
88767,444,S4,498.0,26.391,22.37
88768,444,S4,501.0,26.480,22.37
88769,444,S4,504.0,26.311,22.37
88770,444,S4,507.0,26.281,22.37
88771,444,S4,510.0,26.235,22.37
88772,444,S4,513.0,26.139,22.37
88773,444,S4,516.0,26.138,22.37
88774,444,S4,519.0,26.011,22.37
88775,444,S4,522.0,26.033,22.37
88776,444,S4,525.0,25.942,22.37
88777,444,S4,528.0,25.820,22.37
88778,444,S4,531.0,25.833,22.37
88779,444,S4,534.0,25.800,22.37
88780,444,S4,537.0,25.657,22.37
88781,444,S4,540.0,25.700,22.37
88782,444,S4,543.0,25.601,22.37
88783,444,S4,546.0,25.612,22.37
88784,444,S4,549.0,25.536,22.37
88785,444,S4,552.0,25.500,22.37
88786,444,S4,555.0,25.448,22.37
88787,444,S4,558.0,25.449,22.37
88788,444,S4,561.0,25.385,22.37
88789,444,S4,564.0,25.297,22.37
88790,444,S4,567.0,25.107,22.37
88791,444,S4,570.0,25.165,22.37
88792,444,S4,573.0,25.200,22.37
88793,444,S4,576.0,25.142,22.37
88794,444,S4,579.0,25.040,22.37
88795,444,S4,582.0,25.077,22.37
88796,444,S4,585.0,24.980,22.37
88797,444,S4,588.0,25.018,22.37
88798,444,S4,591.0,24.851,22.37
88799,444,S4,594.0,24.893,22.37
88800,444,S4,597.0,24.880,22.37
88801,445,S1,0.0,76.910,20.67
88802,445,S1,3.0,75.334,20.67
88803,445,S1,6.0,73.837,20.67
88804,445,S1,9.0,72.215,20.67
88805,445,S1,12.0,70.895,20.67
88806,445,S1,15.0,69.341,20.67
88807,445,S1,18.0,67.884,20.67
88808,445,S1,21.0,66.530,20.67
88809,445,S1,24.0,65.217,20.67
88810,445,S1,27.0,63.931,20.67
88811,445,S1,30.0,62.800,20.67
88812,445,S1,33.0,61.513,20.67
88813,445,S1,36.0,60.322,20.67
88814,445,S1,39.0,59.048,20.67
88815,445,S1,42.0,58.071,20.67
88816,445,S1,45.0,56.976,20.67
88817,445,S1,48.0,56.008,20.67
88818,445,S1,51.0,54.975,20.67
88819,445,S1,54.0,53.919,20.67
88820,445,S1,57.0,52.971,20.67
88821,445,S1,60.0,52.015,20.67
88822,445,S1,63.0,51.121,20.67
88823,445,S1,66.0,50.219,20.67
88824,445,S1,69.0,49.428,20.67
88825,445,S1,72.0,48.583,20.67
88826,445,S1,75.0,47.826,20.67
88827,445,S1,78.0,46.931,20.67
88828,445,S1,81.0,46.264,20.67
88829,445,S1,84.0,45.449,20.67
88830,445,S1,87.0,44.622,20.67
88831,445,S1,90.0,44.037,20.67
88832,445,S1,93.0,43.389,20.67
88833,445,S1,96.0,42.775,20.67
88834,445,S1,99.0,42.119,20.67
88835,445,S1,102.0,41.449,20.67
88836,445,S1,105.0,40.916,20.67
88837,445,S1,108.0,40.289,20.67
88838,445,S1,111.0,39.765,20.67
88839,445,S1,114.0,39.170,20.67
88840,445,S1,117.0,38.616,20.67
88841,445,S1,120.0,38.138,20.67
88842,445,S1,123.0,37.602,20.67
88843,445,S1,126.0,37.165,20.67
88844,445,S1,129.0,36.670,20.67
88845,445,S1,132.0,36.216,20.67
88846,445,S1,135.0,35.760,20.67
88847,445,S1,138.0,35.254,20.67
88848,445,S1,141.0,34.845,20.67
88849,445,S1,144.0,34.538,20.67
88850,445,S1,147.0,34.077,20.67
88851,445,S1,150.0,33.783,20.67
88852,445,S1,153.0,33.320,20.67
88853,445,S1,156.0,32.940,20.67
88854,445,S1,159.0,32.674,20.67
88855,445,S1,162.0,32.267,20.67
88856,445,S1,165.0,31.895,20.67
88857,445,S1,168.0,31.644,20.67
88858,445,S1,171.0,31.284,20.67
88859,445,S1,174.0,30.940,20.67
88860,445,S1,177.0,30.713,20.67
88861,445,S1,180.0,30.447,20.67
88862,445,S1,183.0,30.102,20.67
88863,445,S1,186.0,29.877,20.67
88864,445,S1,189.0,29.573,20.67
88865,445,S1,192.0,29.447,20.67
88866,445,S1,195.0,29.103,20.67
88867,445,S1,198.0,28.830,20.67
88868,445,S1,201.0,28.573,20.67
88869,445,S1,204.0,28.377,20.67
88870,445,S1,207.0,28.085,20.67
88871,445,S1,210.0,28.010,20.67
88872,445,S1,213.0,27.735,20.67
88873,445,S1,216.0,27.556,20.67
88874,445,S1,219.0,27.392,20.67
88875,445,S1,222.0,27.150,20.67
88876,445,S1,225.0,27.004,20.67
88877,445,S1,228.0,26.687,20.67
88878,445,S1,231.0,26.526,20.67
88879,445,S1,234.0,26.391,20.67
88880,445,S1,237.0,26.247,20.67
88881,445,S1,240.0,26.095,20.67
88882,445,S1,243.0,25.919,20.67
88883,445,S1,246.0,25.781,20.67
88884,445,S1,249.0,25.569,20.67
88885,445,S1,252.0,25.469,20.67
88886,445,S1,255.0,25.334,20.67
88887,445,S1,258.0,25.130,20.67
88888,445,S1,261.0,25.047,20.67
88889,445,S1,264.0,24.939,20.67
88890,445,S1,267.0,24.845,20.67
88891,445,S1,270.0,24.762,20.67
88892,445,S1,273.0,24.570,20.67
88893,445,S1,276.0,24.455,20.67
88894,445,S1,279.0,24.383,20.67
88895,445,S1,282.0,24.372,20.67
88896,445,S1,285.0,24.134,20.67
88897,445,S1,288.0,24.018,20.67
88898,445,S1,291.0,24.038,20.67
88899,445,S1,294.0,23.808,20.67
88900,445,S1,297.0,23.679,20.67
88901,445,S1,300.0,23.679,20.67
88902,445,S1,303.0,23.608,20.67
88903,445,S1,306.0,23.564,20.67
88904,445,S1,309.0,23.366,20.67
88905,445,S1,312.0,23.375,20.67
88906,445,S1,315.0,23.198,20.67
88907,445,S1,318.0,23.199,20.67
88908,445,S1,321.0,23.145,20.67
88909,445,S1,324.0,23.032,20.67
88910,445,S1,327.0,23.001,20.67
88911,445,S1,330.0,22.937,20.67
88912,445,S1,333.0,22.884,20.67
88913,445,S1,336.0,22.809,20.67
88914,445,S1,339.0,22.765,20.67
88915,445,S1,342.0,22.629,20.67
88916,445,S1,345.0,22.697,20.67
88917,445,S1,348.0,22.640,20.67
88918,445,S1,351.0,22.552,20.67
88919,445,S1,354.0,22.439,20.67
88920,445,S1,357.0,22.429,20.67
88921,445,S1,360.0,22.298,20.67
88922,445,S1,363.0,22.280,20.67
88923,445,S1,366.0,22.284,20.67
88924,445,S1,369.0,22.123,20.67
88925,445,S1,372.0,22.201,20.67
88926,445,S1,375.0,22.114,20.67
88927,445,S1,378.0,22.087,20.67
88928,445,S1,381.0,22.065,20.67
88929,445,S1,384.0,21.914,20.67
88930,445,S1,387.0,21.878,20.67
88931,445,S1,390.0,21.963,20.67
88932,445,S1,393.0,21.945,20.67
88933,445,S1,396.0,21.843,20.67
88934,445,S1,399.0,21.772,20.67
88935,445,S1,402.0,21.758,20.67
88936,445,S1,405.0,21.740,20.67
88937,445,S1,408.0,21.803,20.67
88938,445,S1,411.0,21.715,20.67
88939,445,S1,414.0,21.738,20.67
88940,445,S1,417.0,21.701,20.67
88941,445,S1,420.0,21.649,20.67
88942,445,S1,423.0,21.646,20.67
88943,445,S1,426.0,21.490,20.67
88944,445,S1,429.0,21.511,20.67
88945,445,S1,432.0,21.536,20.67
88946,445,S1,435.0,21.512,20.67
88947,445,S1,438.0,21.533,20.67
88948,445,S1,441.0,21.384,20.67
88949,445,S1,444.0,21.460,20.67
88950,445,S1,447.0,21.364,20.67
88951,445,S1,450.0,21.339,20.67
88952,445,S1,453.0,21.236,20.67
88953,445,S1,456.0,21.330,20.67
88954,445,S1,459.0,21.281,20.67
88955,445,S1,462.0,21.249,20.67
88956,445,S1,465.0,21.327,20.67
88957,445,S1,468.0,21.290,20.67
88958,445,S1,471.0,21.189,20.67
88959,445,S1,474.0,21.215,20.67
88960,445,S1,477.0,21.190,20.67
88961,445,S1,480.0,21.232,20.67
88962,445,S1,483.0,21.191,20.67
88963,445,S1,486.0,21.178,20.67
88964,445,S1,489.0,21.197,20.67
88965,445,S1,492.0,21.219,20.67
88966,445,S1,495.0,21.115,20.67
88967,445,S1,498.0,21.119,20.67
88968,445,S1,501.0,21.082,20.67
88969,445,S1,504.0,21.076,20.67
88970,445,S1,507.0,21.080,20.67
88971,445,S1,510.0,21.097,20.67
88972,445,S1,513.0,21.055,20.67
88973,445,S1,516.0,20.997,20.67
88974,445,S1,519.0,21.017,20.67
88975,445,S1,522.0,20.935,20.67
88976,445,S1,525.0,21.067,20.67
88977,445,S1,528.0,21.017,20.67
88978,445,S1,531.0,21.027,20.67
88979,445,S1,534.0,21.011,20.67
88980,445,S1,537.0,21.011,20.67
88981,445,S1,540.0,20.932,20.67
88982,445,S1,543.0,21.007,20.67
88983,445,S1,546.0,20.891,20.67
88984,445,S1,549.0,20.930,20.67
88985,445,S1,552.0,20.950,20.67
88986,445,S1,555.0,20.938,20.67
88987,445,S1,558.0,20.985,20.67
88988,445,S1,561.0,20.888,20.67
88989,445,S1,564.0,20.834,20.67
88990,445,S1,567.0,20.923,20.67
88991,445,S1,570.0,20.985,20.67
88992,445,S1,573.0,20.875,20.67
88993,445,S1,576.0,20.918,20.67
88994,445,S1,579.0,20.788,20.67
88995,445,S1,582.0,20.787,20.67
88996,445,S1,585.0,20.872,20.67
88997,445,S1,588.0,20.807,20.67
88998,445,S1,591.0,20.787,20.67
88999,445,S1,594.0,20.906,20.67
89000,445,S1,597.0,20.795,20.67
89001,446,S2,0.0,93.710,20.81
89002,446,S2,3.0,92.872,20.81
89003,446,S2,6.0,91.915,20.81
89004,446,S2,9.0,91.090,20.81
89005,446,S2,12.0,90.234,20.81
89006,446,S2,15.0,89.322,20.81
89007,446,S2,18.0,88.365,20.81
89008,446,S2,21.0,87.656,20.81
89009,446,S2,24.0,86.766,20.81
89010,446,S2,27.0,85.909,20.81
89011,446,S2,30.0,85.096,20.81
89012,446,S2,33.0,84.285,20.81
89013,446,S2,36.0,83.554,20.81
89014,446,S2,39.0,82.756,20.81
89015,446,S2,42.0,81.927,20.81
89016,446,S2,45.0,81.209,20.81
89017,446,S2,48.0,80.507,20.81
89018,446,S2,51.0,79.627,20.81
89019,446,S2,54.0,78.981,20.81
89020,446,S2,57.0,78.205,20.81
89021,446,S2,60.0,77.536,20.81
89022,446,S2,63.0,76.844,20.81
89023,446,S2,66.0,76.161,20.81
89024,446,S2,69.0,75.642,20.81
89025,446,S2,72.0,74.820,20.81
89026,446,S2,75.0,74.079,20.81
89027,446,S2,78.0,73.361,20.81
89028,446,S2,81.0,72.873,20.81
89029,446,S2,84.0,72.236,20.81
89030,446,S2,87.0,71.456,20.81
89031,446,S2,90.0,70.795,20.81
89032,446,S2,93.0,70.120,20.81
89033,446,S2,96.0,69.651,20.81
89034,446,S2,99.0,69.005,20.81
89035,446,S2,102.0,68.384,20.81
89036,446,S2,105.0,67.789,20.81
89037,446,S2,108.0,67.187,20.81
89038,446,S2,111.0,66.587,20.81
89039,446,S2,114.0,65.947,20.81
89040,446,S2,117.0,65.542,20.81
89041,446,S2,120.0,64.999,20.81
89042,446,S2,123.0,64.351,20.81
89043,446,S2,126.0,63.722,20.81
89044,446,S2,129.0,63.475,20.81
89045,446,S2,132.0,62.712,20.81
89046,446,S2,135.0,62.276,20.81
89047,446,S2,138.0,61.722,20.81
89048,446,S2,141.0,61.190,20.81
89049,446,S2,144.0,60.645,20.81
89050,446,S2,147.0,60.242,20.81
89051,446,S2,150.0,59.612,20.81
89052,446,S2,153.0,59.260,20.81
89053,446,S2,156.0,58.770,20.81
89054,446,S2,159.0,58.232,20.81
89055,446,S2,162.0,57.818,20.81
89056,446,S2,165.0,57.288,20.81
89057,446,S2,168.0,56.888,20.81
89058,446,S2,171.0,56.491,20.81
89059,446,S2,174.0,56.000,20.81
89060,446,S2,177.0,55.566,20.81
89061,446,S2,180.0,55.032,20.81
89062,446,S2,183.0,54.770,20.81
89063,446,S2,186.0,54.373,20.81
89064,446,S2,189.0,53.874,20.81
89065,446,S2,192.0,53.433,20.81
89066,446,S2,195.0,52.964,20.81
89067,446,S2,198.0,52.617,20.81
89068,446,S2,201.0,52.163,20.81
89069,446,S2,204.0,51.810,20.81
89070,446,S2,207.0,51.405,20.81
89071,446,S2,210.0,51.047,20.81
89072,446,S2,213.0,50.667,20.81
89073,446,S2,216.0,50.240,20.81
89074,446,S2,219.0,49.956,20.81
89075,446,S2,222.0,49.575,20.81
89076,446,S2,225.0,49.238,20.81
89077,446,S2,228.0,48.859,20.81
89078,446,S2,231.0,48.543,20.81
89079,446,S2,234.0,48.136,20.81
89080,446,S2,237.0,47.896,20.81
89081,446,S2,240.0,47.570,20.81
89082,446,S2,243.0,47.284,20.81
89083,446,S2,246.0,46.863,20.81
89084,446,S2,249.0,46.515,20.81
89085,446,S2,252.0,46.213,20.81
89086,446,S2,255.0,45.904,20.81
89087,446,S2,258.0,45.514,20.81
89088,446,S2,261.0,45.252,20.81
89089,446,S2,264.0,44.944,20.81
89090,446,S2,267.0,44.590,20.81
89091,446,S2,270.0,44.272,20.81
89092,446,S2,273.0,44.013,20.81
89093,446,S2,276.0,43.844,20.81
89094,446,S2,279.0,43.491,20.81
89095,446,S2,282.0,43.158,20.81
89096,446,S2,285.0,42.937,20.81
89097,446,S2,288.0,42.633,20.81
89098,446,S2,291.0,42.430,20.81
89099,446,S2,294.0,42.141,20.81
89100,446,S2,297.0,41.820,20.81
89101,446,S2,300.0,41.537,20.81
89102,446,S2,303.0,41.306,20.81
89103,446,S2,306.0,41.041,20.81
89104,446,S2,309.0,40.771,20.81
89105,446,S2,312.0,40.434,20.81
89106,446,S2,315.0,40.279,20.81
89107,446,S2,318.0,40.091,20.81
89108,446,S2,321.0,39.840,20.81
89109,446,S2,324.0,39.568,20.81
89110,446,S2,327.0,39.325,20.81
89111,446,S2,330.0,39.185,20.81
89112,446,S2,333.0,38.924,20.81
89113,446,S2,336.0,38.663,20.81
89114,446,S2,339.0,38.473,20.81
89115,446,S2,342.0,38.323,20.81
89116,446,S2,345.0,37.961,20.81
89117,446,S2,348.0,37.710,20.81
89118,446,S2,351.0,37.581,20.81
89119,446,S2,354.0,37.313,20.81
89120,446,S2,357.0,37.131,20.81
89121,446,S2,360.0,37.036,20.81
89122,446,S2,363.0,36.725,20.81
89123,446,S2,366.0,36.593,20.81
89124,446,S2,369.0,36.305,20.81
89125,446,S2,372.0,36.250,20.81
89126,446,S2,375.0,35.904,20.81
89127,446,S2,378.0,35.830,20.81
89128,446,S2,381.0,35.645,20.81
89129,446,S2,384.0,35.451,20.81
89130,446,S2,387.0,35.233,20.81
89131,446,S2,390.0,34.991,20.81
89132,446,S2,393.0,34.822,20.81
89133,446,S2,396.0,34.745,20.81
89134,446,S2,399.0,34.556,20.81
89135,446,S2,402.0,34.319,20.81
89136,446,S2,405.0,34.258,20.81
89137,446,S2,408.0,34.071,20.81
89138,446,S2,411.0,33.843,20.81
89139,446,S2,414.0,33.649,20.81
89140,446,S2,417.0,33.587,20.81
89141,446,S2,420.0,33.346,20.81
89142,446,S2,423.0,33.098,20.81
89143,446,S2,426.0,33.091,20.81
89144,446,S2,429.0,32.894,20.81
89145,446,S2,432.0,32.797,20.81
89146,446,S2,435.0,32.616,20.81
89147,446,S2,438.0,32.345,20.81
89148,446,S2,441.0,32.396,20.81
89149,446,S2,444.0,32.233,20.81
89150,446,S2,447.0,32.013,20.81
89151,446,S2,450.0,31.866,20.81
89152,446,S2,453.0,31.753,20.81
89153,446,S2,456.0,31.665,20.81
89154,446,S2,459.0,31.457,20.81
89155,446,S2,462.0,31.275,20.81
89156,446,S2,465.0,31.274,20.81
89157,446,S2,468.0,31.130,20.81
89158,446,S2,471.0,30.966,20.81
89159,446,S2,474.0,30.838,20.81
89160,446,S2,477.0,30.730,20.81
89161,446,S2,480.0,30.562,20.81
89162,446,S2,483.0,30.448,20.81
89163,446,S2,486.0,30.249,20.81
89164,446,S2,489.0,30.192,20.81
89165,446,S2,492.0,30.087,20.81
89166,446,S2,495.0,29.911,20.81
89167,446,S2,498.0,29.901,20.81
89168,446,S2,501.0,29.692,20.81
89169,446,S2,504.0,29.663,20.81
89170,446,S2,507.0,29.560,20.81
89171,446,S2,510.0,29.407,20.81
89172,446,S2,513.0,29.273,20.81
89173,446,S2,516.0,29.111,20.81
89174,446,S2,519.0,29.201,20.81
89175,446,S2,522.0,29.019,20.81
89176,446,S2,525.0,28.933,20.81
89177,446,S2,528.0,28.761,20.81
89178,446,S2,531.0,28.658,20.81
89179,446,S2,534.0,28.595,20.81
89180,446,S2,537.0,28.496,20.81
89181,446,S2,540.0,28.445,20.81
89182,446,S2,543.0,28.291,20.81
89183,446,S2,546.0,28.150,20.81
89184,446,S2,549.0,28.175,20.81
89185,446,S2,552.0,28.042,20.81
89186,446,S2,555.0,27.841,20.81
89187,446,S2,558.0,27.918,20.81
89188,446,S2,561.0,27.880,20.81
89189,446,S2,564.0,27.673,20.81
89190,446,S2,567.0,27.658,20.81
89191,446,S2,570.0,27.437,20.81
89192,446,S2,573.0,27.466,20.81
89193,446,S2,576.0,27.388,20.81
89194,446,S2,579.0,27.298,20.81
89195,446,S2,582.0,27.251,20.81
89196,446,S2,585.0,27.069,20.81
89197,446,S2,588.0,27.104,20.81
89198,446,S2,591.0,27.028,20.81
89199,446,S2,594.0,26.820,20.81
89200,446,S2,597.0,26.744,20.81
89201,447,S3,0.0,87.042,21.69
89202,447,S3,3.0,84.936,21.69
89203,447,S3,6.0,82.820,21.69
89204,447,S3,9.0,80.916,21.69
89205,447,S3,12.0,78.938,21.69
89206,447,S3,15.0,77.034,21.69
89207,447,S3,18.0,75.262,21.69
89208,447,S3,21.0,73.420,21.69
89209,447,S3,24.0,71.737,21.69
89210,447,S3,27.0,70.065,21.69
89211,447,S3,30.0,68.443,21.69
89212,447,S3,33.0,67.081,21.69
89213,447,S3,36.0,65.477,21.69
89214,447,S3,39.0,64.069,21.69
89215,447,S3,42.0,62.684,21.69
89216,447,S3,45.0,61.390,21.69
89217,447,S3,48.0,60.049,21.69
89218,447,S3,51.0,58.821,21.69
89219,447,S3,54.0,57.528,21.69
89220,447,S3,57.0,56.362,21.69
89221,447,S3,60.0,55.334,21.69
89222,447,S3,63.0,54.136,21.69
89223,447,S3,66.0,53.081,21.69
89224,447,S3,69.0,52.132,21.69
89225,447,S3,72.0,51.072,21.69
89226,447,S3,75.0,50.065,21.69
89227,447,S3,78.0,49.155,21.69
89228,447,S3,81.0,48.230,21.69
89229,447,S3,84.0,47.358,21.69
89230,447,S3,87.0,46.559,21.69
89231,447,S3,90.0,45.736,21.69
89232,447,S3,93.0,44.912,21.69
89233,447,S3,96.0,44.269,21.69
89234,447,S3,99.0,43.458,21.69
89235,447,S3,102.0,42.792,21.69
89236,447,S3,105.0,42.053,21.69
89237,447,S3,108.0,41.391,21.69
89238,447,S3,111.0,40.683,21.69
89239,447,S3,114.0,40.143,21.69
89240,447,S3,117.0,39.489,21.69
89241,447,S3,120.0,38.873,21.69
89242,447,S3,123.0,38.366,21.69
89243,447,S3,126.0,37.842,21.69
89244,447,S3,129.0,37.294,21.69
89245,447,S3,132.0,36.751,21.69
89246,447,S3,135.0,36.223,21.69
89247,447,S3,138.0,35.772,21.69
89248,447,S3,141.0,35.289,21.69
89249,447,S3,144.0,34.919,21.69
89250,447,S3,147.0,34.427,21.69
89251,447,S3,150.0,34.016,21.69
89252,447,S3,153.0,33.621,21.69
89253,447,S3,156.0,33.237,21.69
89254,447,S3,159.0,32.908,21.69
89255,447,S3,162.0,32.503,21.69
89256,447,S3,165.0,32.135,21.69
89257,447,S3,168.0,31.741,21.69
89258,447,S3,171.0,31.413,21.69
89259,447,S3,174.0,31.178,21.69
89260,447,S3,177.0,30.823,21.69
89261,447,S3,180.0,30.481,21.69
89262,447,S3,183.0,30.308,21.69
89263,447,S3,186.0,30.004,21.69
89264,447,S3,189.0,29.812,21.69
89265,447,S3,192.0,29.466,21.69
89266,447,S3,195.0,29.222,21.69
89267,447,S3,198.0,28.925,21.69
89268,447,S3,201.0,28.798,21.69
89269,447,S3,204.0,28.448,21.69
89270,447,S3,207.0,28.277,21.69
89271,447,S3,210.0,28.010,21.69
89272,447,S3,213.0,27.871,21.69
89273,447,S3,216.0,27.573,21.69
89274,447,S3,219.0,27.458,21.69
89275,447,S3,222.0,27.257,21.69
89276,447,S3,225.0,27.035,21.69
89277,447,S3,228.0,26.898,21.69
89278,447,S3,231.0,26.709,21.69
89279,447,S3,234.0,26.586,21.69
89280,447,S3,237.0,26.317,21.69
89281,447,S3,240.0,26.196,21.69
89282,447,S3,243.0,26.065,21.69
89283,447,S3,246.0,25.908,21.69
89284,447,S3,249.0,25.717,21.69
89285,447,S3,252.0,25.745,21.69
89286,447,S3,255.0,25.530,21.69
89287,447,S3,258.0,25.461,21.69
89288,447,S3,261.0,25.305,21.69
89289,447,S3,264.0,25.149,21.69
89290,447,S3,267.0,25.038,21.69
89291,447,S3,270.0,24.865,21.69
89292,447,S3,273.0,24.884,21.69
89293,447,S3,276.0,24.651,21.69
89294,447,S3,279.0,24.609,21.69
89295,447,S3,282.0,24.603,21.69
89296,447,S3,285.0,24.419,21.69
89297,447,S3,288.0,24.350,21.69
89298,447,S3,291.0,24.350,21.69
89299,447,S3,294.0,24.238,21.69
89300,447,S3,297.0,23.988,21.69
89301,447,S3,300.0,23.948,21.69
89302,447,S3,303.0,23.897,21.69
89303,447,S3,306.0,23.875,21.69
89304,447,S3,309.0,23.895,21.69
89305,447,S3,312.0,23.699,21.69
89306,447,S3,315.0,23.755,21.69
89307,447,S3,318.0,23.495,21.69
89308,447,S3,321.0,23.415,21.69
89309,447,S3,324.0,23.407,21.69
89310,447,S3,327.0,23.407,21.69
89311,447,S3,330.0,23.287,21.69
89312,447,S3,333.0,23.321,21.69
89313,447,S3,336.0,23.295,21.69
89314,447,S3,339.0,23.266,21.69
89315,447,S3,342.0,23.138,21.69
89316,447,S3,345.0,23.068,21.69
89317,447,S3,348.0,23.017,21.69
89318,447,S3,351.0,23.107,21.69
89319,447,S3,354.0,22.965,21.69
89320,447,S3,357.0,22.819,21.69
89321,447,S3,360.0,22.878,21.69
89322,447,S3,363.0,22.868,21.69
89323,447,S3,366.0,22.800,21.69
89324,447,S3,369.0,22.772,21.69
89325,447,S3,372.0,22.752,21.69
89326,447,S3,375.0,22.831,21.69
89327,447,S3,378.0,22.648,21.69
89328,447,S3,381.0,22.579,21.69
89329,447,S3,384.0,22.674,21.69
89330,447,S3,387.0,22.548,21.69
89331,447,S3,390.0,22.462,21.69
89332,447,S3,393.0,22.533,21.69
89333,447,S3,396.0,22.489,21.69
89334,447,S3,399.0,22.418,21.69
89335,447,S3,402.0,22.451,21.69
89336,447,S3,405.0,22.370,21.69
89337,447,S3,408.0,22.342,21.69
89338,447,S3,411.0,22.441,21.69
89339,447,S3,414.0,22.415,21.69
89340,447,S3,417.0,22.367,21.69
89341,447,S3,420.0,22.325,21.69
89342,447,S3,423.0,22.292,21.69
89343,447,S3,426.0,22.287,21.69
89344,447,S3,429.0,22.271,21.69
89345,447,S3,432.0,22.180,21.69
89346,447,S3,435.0,22.260,21.69
89347,447,S3,438.0,22.236,21.69
89348,447,S3,441.0,22.141,21.69
89349,447,S3,444.0,22.172,21.69
89350,447,S3,447.0,22.061,21.69
89351,447,S3,450.0,22.084,21.69
89352,447,S3,453.0,22.084,21.69
89353,447,S3,456.0,22.110,21.69
89354,447,S3,459.0,22.033,21.69
89355,447,S3,462.0,22.078,21.69
89356,447,S3,465.0,21.983,21.69
89357,447,S3,468.0,22.116,21.69
89358,447,S3,471.0,22.082,21.69
89359,447,S3,474.0,22.008,21.69
89360,447,S3,477.0,22.051,21.69
89361,447,S3,480.0,22.022,21.69
89362,447,S3,483.0,22.004,21.69
89363,447,S3,486.0,22.015,21.69
89364,447,S3,489.0,22.023,21.69
89365,447,S3,492.0,21.904,21.69
89366,447,S3,495.0,21.952,21.69
89367,447,S3,498.0,21.963,21.69
89368,447,S3,501.0,21.923,21.69
89369,447,S3,504.0,21.911,21.69
89370,447,S3,507.0,21.924,21.69
89371,447,S3,510.0,21.934,21.69
89372,447,S3,513.0,21.906,21.69
89373,447,S3,516.0,21.881,21.69
89374,447,S3,519.0,21.852,21.69
89375,447,S3,522.0,21.843,21.69
89376,447,S3,525.0,21.984,21.69
89377,447,S3,528.0,21.848,21.69
89378,447,S3,531.0,21.706,21.69
89379,447,S3,534.0,21.848,21.69
89380,447,S3,537.0,21.862,21.69
89381,447,S3,540.0,21.855,21.69
89382,447,S3,543.0,21.955,21.69
89383,447,S3,546.0,21.931,21.69
89384,447,S3,549.0,21.871,21.69
89385,447,S3,552.0,21.808,21.69
89386,447,S3,555.0,21.850,21.69
89387,447,S3,558.0,21.849,21.69
89388,447,S3,561.0,21.840,21.69
89389,447,S3,564.0,21.804,21.69
89390,447,S3,567.0,21.830,21.69
89391,447,S3,570.0,21.851,21.69
89392,447,S3,573.0,21.784,21.69
89393,447,S3,576.0,21.849,21.69
89394,447,S3,579.0,21.892,21.69
89395,447,S3,582.0,21.824,21.69
89396,447,S3,585.0,21.774,21.69
89397,447,S3,588.0,21.733,21.69
89398,447,S3,591.0,21.829,21.69
89399,447,S3,594.0,21.685,21.69
89400,447,S3,597.0,21.725,21.69
89401,448,S4,0.0,70.568,21.91
89402,448,S4,3.0,69.519,21.91
89403,448,S4,6.0,68.444,21.91
89404,448,S4,9.0,67.524,21.91
89405,448,S4,12.0,66.420,21.91
89406,448,S4,15.0,65.550,21.91
89407,448,S4,18.0,64.608,21.91
89408,448,S4,21.0,63.820,21.91
89409,448,S4,24.0,62.848,21.91
89410,448,S4,27.0,62.040,21.91
89411,448,S4,30.0,61.097,21.91
89412,448,S4,33.0,60.309,21.91
89413,448,S4,36.0,59.646,21.91
89414,448,S4,39.0,58.718,21.91
89415,448,S4,42.0,57.982,21.91
89416,448,S4,45.0,57.269,21.91
89417,448,S4,48.0,56.456,21.91
89418,448,S4,51.0,55.717,21.91
89419,448,S4,54.0,55.055,21.91
89420,448,S4,57.0,54.343,21.91
89421,448,S4,60.0,53.627,21.91
89422,448,S4,63.0,52.933,21.91
89423,448,S4,66.0,52.406,21.91
89424,448,S4,69.0,51.684,21.91
89425,448,S4,72.0,51.050,21.91
89426,448,S4,75.0,50.419,21.91
89427,448,S4,78.0,49.754,21.91
89428,448,S4,81.0,49.307,21.91
89429,448,S4,84.0,48.654,21.91
89430,448,S4,87.0,48.060,21.91
89431,448,S4,90.0,47.567,21.91
89432,448,S4,93.0,46.990,21.91
89433,448,S4,96.0,46.472,21.91
89434,448,S4,99.0,45.926,21.91
89435,448,S4,102.0,45.450,21.91
89436,448,S4,105.0,44.995,21.91
89437,448,S4,108.0,44.403,21.91
89438,448,S4,111.0,43.943,21.91
89439,448,S4,114.0,43.428,21.91
89440,448,S4,117.0,42.971,21.91
89441,448,S4,120.0,42.598,21.91
89442,448,S4,123.0,42.149,21.91
89443,448,S4,126.0,41.775,21.91
89444,448,S4,129.0,41.261,21.91
89445,448,S4,132.0,40.884,21.91
89446,448,S4,135.0,40.553,21.91
89447,448,S4,138.0,40.170,21.91
89448,448,S4,141.0,39.720,21.91
89449,448,S4,144.0,39.244,21.91
89450,448,S4,147.0,38.969,21.91
89451,448,S4,150.0,38.579,21.91
89452,448,S4,153.0,38.316,21.91
89453,448,S4,156.0,37.863,21.91
89454,448,S4,159.0,37.608,21.91
89455,448,S4,162.0,37.387,21.91
89456,448,S4,165.0,37.031,21.91
89457,448,S4,168.0,36.632,21.91
89458,448,S4,171.0,36.244,21.91
89459,448,S4,174.0,36.017,21.91
89460,448,S4,177.0,35.781,21.91
89461,448,S4,180.0,35.449,21.91
89462,448,S4,183.0,35.171,21.91
89463,448,S4,186.0,34.950,21.91
89464,448,S4,189.0,34.587,21.91
89465,448,S4,192.0,34.333,21.91
89466,448,S4,195.0,34.105,21.91
89467,448,S4,198.0,33.801,21.91
89468,448,S4,201.0,33.525,21.91
89469,448,S4,204.0,33.203,21.91
89470,448,S4,207.0,33.031,21.91
89471,448,S4,210.0,32.881,21.91
89472,448,S4,213.0,32.664,21.91
89473,448,S4,216.0,32.406,21.91
89474,448,S4,219.0,32.206,21.91
89475,448,S4,222.0,31.970,21.91
89476,448,S4,225.0,31.658,21.91
89477,448,S4,228.0,31.547,21.91
89478,448,S4,231.0,31.348,21.91
89479,448,S4,234.0,31.084,21.91
89480,448,S4,237.0,30.886,21.91
89481,448,S4,240.0,30.746,21.91
89482,448,S4,243.0,30.495,21.91
89483,448,S4,246.0,30.367,21.91
89484,448,S4,249.0,30.216,21.91
89485,448,S4,252.0,30.016,21.91
89486,448,S4,255.0,29.860,21.91
89487,448,S4,258.0,29.631,21.91
89488,448,S4,261.0,29.462,21.91
89489,448,S4,264.0,29.342,21.91
89490,448,S4,267.0,29.219,21.91
89491,448,S4,270.0,29.012,21.91
89492,448,S4,273.0,28.926,21.91
89493,448,S4,276.0,28.687,21.91
89494,448,S4,279.0,28.630,21.91
89495,448,S4,282.0,28.533,21.91
89496,448,S4,285.0,28.382,21.91
89497,448,S4,288.0,28.191,21.91
89498,448,S4,291.0,28.077,21.91
89499,448,S4,294.0,27.887,21.91
89500,448,S4,297.0,27.854,21.91
89501,448,S4,300.0,27.639,21.91
89502,448,S4,303.0,27.469,21.91
89503,448,S4,306.0,27.453,21.91
89504,448,S4,309.0,27.383,21.91
89505,448,S4,312.0,27.247,21.91
89506,448,S4,315.0,27.057,21.91
89507,448,S4,318.0,26.966,21.91
89508,448,S4,321.0,26.874,21.91
89509,448,S4,324.0,26.819,21.91
89510,448,S4,327.0,26.676,21.91
89511,448,S4,330.0,26.557,21.91
89512,448,S4,333.0,26.472,21.91
89513,448,S4,336.0,26.350,21.91
89514,448,S4,339.0,26.279,21.91
89515,448,S4,342.0,26.131,21.91
89516,448,S4,345.0,26.012,21.91
89517,448,S4,348.0,26.072,21.91
89518,448,S4,351.0,25.980,21.91
89519,448,S4,354.0,25.814,21.91
89520,448,S4,357.0,25.723,21.91
89521,448,S4,360.0,25.687,21.91
89522,448,S4,363.0,25.513,21.91
89523,448,S4,366.0,25.561,21.91
89524,448,S4,369.0,25.501,21.91
89525,448,S4,372.0,25.272,21.91
89526,448,S4,375.0,25.332,21.91
89527,448,S4,378.0,25.233,21.91
89528,448,S4,381.0,25.101,21.91
89529,448,S4,384.0,25.019,21.91
89530,448,S4,387.0,24.948,21.91
89531,448,S4,390.0,24.933,21.91
89532,448,S4,393.0,24.834,21.91
89533,448,S4,396.0,24.722,21.91
89534,448,S4,399.0,24.731,21.91
89535,448,S4,402.0,24.644,21.91
89536,448,S4,405.0,24.663,21.91
89537,448,S4,408.0,24.659,21.91
89538,448,S4,411.0,24.533,21.91
89539,448,S4,414.0,24.533,21.91
89540,448,S4,417.0,24.447,21.91
89541,448,S4,420.0,24.360,21.91
89542,448,S4,423.0,24.361,21.91
89543,448,S4,426.0,24.279,21.91
89544,448,S4,429.0,24.203,21.91
89545,448,S4,432.0,24.131,21.91
89546,448,S4,435.0,24.134,21.91
89547,448,S4,438.0,24.102,21.91
89548,448,S4,441.0,24.008,21.91
89549,448,S4,444.0,23.997,21.91
89550,448,S4,447.0,23.977,21.91
89551,448,S4,450.0,23.945,21.91
89552,448,S4,453.0,23.841,21.91
89553,448,S4,456.0,23.790,21.91
89554,448,S4,459.0,23.795,21.91
89555,448,S4,462.0,23.749,21.91
89556,448,S4,465.0,23.793,21.91
89557,448,S4,468.0,23.695,21.91
89558,448,S4,471.0,23.701,21.91
89559,448,S4,474.0,23.666,21.91
89560,448,S4,477.0,23.609,21.91
89561,448,S4,480.0,23.552,21.91
89562,448,S4,483.0,23.511,21.91
89563,448,S4,486.0,23.429,21.91
89564,448,S4,489.0,23.336,21.91
89565,448,S4,492.0,23.423,21.91
89566,448,S4,495.0,23.354,21.91
89567,448,S4,498.0,23.268,21.91
89568,448,S4,501.0,23.237,21.91
89569,448,S4,504.0,23.341,21.91
89570,448,S4,507.0,23.273,21.91
89571,448,S4,510.0,23.266,21.91
89572,448,S4,513.0,23.180,21.91
89573,448,S4,516.0,23.092,21.91
89574,448,S4,519.0,23.144,21.91
89575,448,S4,522.0,22.995,21.91
89576,448,S4,525.0,23.058,21.91
89577,448,S4,528.0,23.025,21.91
89578,448,S4,531.0,23.012,21.91
89579,448,S4,534.0,23.017,21.91
89580,448,S4,537.0,22.966,21.91
89581,448,S4,540.0,22.994,21.91
89582,448,S4,543.0,22.989,21.91
89583,448,S4,546.0,22.898,21.91
89584,448,S4,549.0,22.909,21.91
89585,448,S4,552.0,22.900,21.91
89586,448,S4,555.0,22.883,21.91
89587,448,S4,558.0,22.826,21.91
89588,448,S4,561.0,22.868,21.91
89589,448,S4,564.0,22.764,21.91
89590,448,S4,567.0,22.700,21.91
89591,448,S4,570.0,22.703,21.91
89592,448,S4,573.0,22.760,21.91
89593,448,S4,576.0,22.826,21.91
89594,448,S4,579.0,22.601,21.91
89595,448,S4,582.0,22.741,21.91
89596,448,S4,585.0,22.644,21.91
89597,448,S4,588.0,22.631,21.91
89598,448,S4,591.0,22.636,21.91
89599,448,S4,594.0,22.624,21.91
89600,448,S4,597.0,22.683,21.91
89601,449,S1,0.0,80.146,22.84
89602,449,S1,3.0,78.962,22.84
89603,449,S1,6.0,77.979,22.84
89604,449,S1,9.0,76.953,22.84
89605,449,S1,12.0,76.097,22.84
89606,449,S1,15.0,75.049,22.84
89607,449,S1,18.0,74.052,22.84
89608,449,S1,21.0,73.198,22.84
89609,449,S1,24.0,72.146,22.84
89610,449,S1,27.0,71.263,22.84
89611,449,S1,30.0,70.413,22.84
89612,449,S1,33.0,69.540,22.84
89613,449,S1,36.0,68.665,22.84
89614,449,S1,39.0,67.835,22.84
89615,449,S1,42.0,67.019,22.84
89616,449,S1,45.0,66.143,22.84
89617,449,S1,48.0,65.279,22.84
89618,449,S1,51.0,64.605,22.84
89619,449,S1,54.0,63.867,22.84
89620,449,S1,57.0,63.109,22.84
89621,449,S1,60.0,62.279,22.84
89622,449,S1,63.0,61.595,22.84
89623,449,S1,66.0,60.819,22.84
89624,449,S1,69.0,60.155,22.84
89625,449,S1,72.0,59.494,22.84
89626,449,S1,75.0,58.724,22.84
89627,449,S1,78.0,58.105,22.84
89628,449,S1,81.0,57.441,22.84
89629,449,S1,84.0,56.830,22.84
89630,449,S1,87.0,56.201,22.84
89631,449,S1,90.0,55.515,22.84
89632,449,S1,93.0,55.029,22.84
89633,449,S1,96.0,54.460,22.84
89634,449,S1,99.0,53.838,22.84
89635,449,S1,102.0,53.277,22.84
89636,449,S1,105.0,52.645,22.84
89637,449,S1,108.0,52.148,22.84
89638,449,S1,111.0,51.609,22.84
89639,449,S1,114.0,51.138,22.84
89640,449,S1,117.0,50.536,22.84
89641,449,S1,120.0,49.993,22.84
89642,449,S1,123.0,49.499,22.84
89643,449,S1,126.0,49.037,22.84
89644,449,S1,129.0,48.601,22.84
89645,449,S1,132.0,48.083,22.84
89646,449,S1,135.0,47.549,22.84
89647,449,S1,138.0,47.225,22.84
89648,449,S1,141.0,46.674,22.84
89649,449,S1,144.0,46.277,22.84
89650,449,S1,147.0,45.877,22.84
89651,449,S1,150.0,45.442,22.84
89652,449,S1,153.0,44.907,22.84
89653,449,S1,156.0,44.609,22.84
89654,449,S1,159.0,44.206,22.84
89655,449,S1,162.0,43.830,22.84
89656,449,S1,165.0,43.462,22.84
89657,449,S1,168.0,42.915,22.84
89658,449,S1,171.0,42.672,22.84
89659,449,S1,174.0,42.278,22.84
89660,449,S1,177.0,41.918,22.84
89661,449,S1,180.0,41.653,22.84
89662,449,S1,183.0,41.254,22.84
89663,449,S1,186.0,40.799,22.84
89664,449,S1,189.0,40.555,22.84
89665,449,S1,192.0,40.204,22.84
89666,449,S1,195.0,39.972,22.84
89667,449,S1,198.0,39.662,22.84
89668,449,S1,201.0,39.387,22.84
89669,449,S1,204.0,38.886,22.84
89670,449,S1,207.0,38.589,22.84
89671,449,S1,210.0,38.383,22.84
89672,449,S1,213.0,38.097,22.84
89673,449,S1,216.0,37.825,22.84
89674,449,S1,219.0,37.558,22.84
89675,449,S1,222.0,37.215,22.84
89676,449,S1,225.0,37.081,22.84
89677,449,S1,228.0,36.748,22.84
89678,449,S1,231.0,36.442,22.84
89679,449,S1,234.0,36.281,22.84
89680,449,S1,237.0,36.035,22.84
89681,449,S1,240.0,35.797,22.84
89682,449,S1,243.0,35.500,22.84
89683,449,S1,246.0,35.328,22.84
89684,449,S1,249.0,35.078,22.84
89685,449,S1,252.0,34.844,22.84
89686,449,S1,255.0,34.562,22.84
89687,449,S1,258.0,34.432,22.84
89688,449,S1,261.0,34.245,22.84
89689,449,S1,264.0,33.989,22.84
89690,449,S1,267.0,33.798,22.84
89691,449,S1,270.0,33.549,22.84
89692,449,S1,273.0,33.380,22.84
89693,449,S1,276.0,33.180,22.84
89694,449,S1,279.0,32.981,22.84
89695,449,S1,282.0,32.802,22.84
89696,449,S1,285.0,32.517,22.84
89697,449,S1,288.0,32.395,22.84
89698,449,S1,291.0,32.274,22.84
89699,449,S1,294.0,32.053,22.84
89700,449,S1,297.0,31.973,22.84
89701,449,S1,300.0,31.697,22.84
89702,449,S1,303.0,31.552,22.84
89703,449,S1,306.0,31.413,22.84
89704,449,S1,309.0,31.286,22.84
89705,449,S1,312.0,31.165,22.84
89706,449,S1,315.0,30.986,22.84
89707,449,S1,318.0,30.772,22.84
89708,449,S1,321.0,30.673,22.84
89709,449,S1,324.0,30.551,22.84
89710,449,S1,327.0,30.322,22.84
89711,449,S1,330.0,30.178,22.84
89712,449,S1,333.0,29.980,22.84
89713,449,S1,336.0,29.938,22.84
89714,449,S1,339.0,29.853,22.84
89715,449,S1,342.0,29.743,22.84
89716,449,S1,345.0,29.589,22.84
89717,449,S1,348.0,29.393,22.84
89718,449,S1,351.0,29.380,22.84
89719,449,S1,354.0,29.200,22.84
89720,449,S1,357.0,29.116,22.84
89721,449,S1,360.0,28.956,22.84
89722,449,S1,363.0,28.771,22.84
89723,449,S1,366.0,28.729,22.84
89724,449,S1,369.0,28.674,22.84
89725,449,S1,372.0,28.533,22.84
89726,449,S1,375.0,28.458,22.84
89727,449,S1,378.0,28.309,22.84
89728,449,S1,381.0,28.208,22.84
89729,449,S1,384.0,28.088,22.84
89730,449,S1,387.0,27.998,22.84
89731,449,S1,390.0,27.972,22.84
89732,449,S1,393.0,27.858,22.84
89733,449,S1,396.0,27.747,22.84
89734,449,S1,399.0,27.631,22.84
89735,449,S1,402.0,27.594,22.84
89736,449,S1,405.0,27.470,22.84
89737,449,S1,408.0,27.408,22.84
89738,449,S1,411.0,27.285,22.84
89739,449,S1,414.0,27.227,22.84
89740,449,S1,417.0,27.233,22.84
89741,449,S1,420.0,27.051,22.84
89742,449,S1,423.0,26.936,22.84
89743,449,S1,426.0,26.896,22.84
89744,449,S1,429.0,26.750,22.84
89745,449,S1,432.0,26.689,22.84
89746,449,S1,435.0,26.659,22.84
89747,449,S1,438.0,26.592,22.84
89748,449,S1,441.0,26.492,22.84
89749,449,S1,444.0,26.502,22.84
89750,449,S1,447.0,26.458,22.84
89751,449,S1,450.0,26.360,22.84
89752,449,S1,453.0,26.215,22.84
89753,449,S1,456.0,26.248,22.84
89754,449,S1,459.0,26.147,22.84
89755,449,S1,462.0,26.142,22.84
89756,449,S1,465.0,26.087,22.84
89757,449,S1,468.0,26.021,22.84
89758,449,S1,471.0,25.948,22.84
89759,449,S1,474.0,25.954,22.84
89760,449,S1,477.0,25.862,22.84
89761,449,S1,480.0,25.762,22.84
89762,449,S1,483.0,25.824,22.84
89763,449,S1,486.0,25.543,22.84
89764,449,S1,489.0,25.576,22.84
89765,449,S1,492.0,25.512,22.84
89766,449,S1,495.0,25.514,22.84
89767,449,S1,498.0,25.409,22.84
89768,449,S1,501.0,25.340,22.84
89769,449,S1,504.0,25.353,22.84
89770,449,S1,507.0,25.260,22.84
89771,449,S1,510.0,25.262,22.84
89772,449,S1,513.0,25.267,22.84
89773,449,S1,516.0,25.200,22.84
89774,449,S1,519.0,25.113,22.84
89775,449,S1,522.0,25.129,22.84
89776,449,S1,525.0,25.020,22.84
89777,449,S1,528.0,25.000,22.84
89778,449,S1,531.0,25.000,22.84
89779,449,S1,534.0,24.911,22.84
89780,449,S1,537.0,24.844,22.84
89781,449,S1,540.0,24.854,22.84
89782,449,S1,543.0,24.784,22.84
89783,449,S1,546.0,24.812,22.84
89784,449,S1,549.0,24.792,22.84
89785,449,S1,552.0,24.641,22.84
89786,449,S1,555.0,24.669,22.84
89787,449,S1,558.0,24.621,22.84
89788,449,S1,561.0,24.589,22.84
89789,449,S1,564.0,24.535,22.84
89790,449,S1,567.0,24.509,22.84
89791,449,S1,570.0,24.430,22.84
89792,449,S1,573.0,24.456,22.84
89793,449,S1,576.0,24.443,22.84
89794,449,S1,579.0,24.345,22.84
89795,449,S1,582.0,24.355,22.84
89796,449,S1,585.0,24.290,22.84
89797,449,S1,588.0,24.196,22.84
89798,449,S1,591.0,24.327,22.84
89799,449,S1,594.0,24.359,22.84
89800,449,S1,597.0,24.210,22.84
89801,450,S2,0.0,86.728,21.95
89802,450,S2,3.0,85.578,21.95
89803,450,S2,6.0,84.464,21.95
89804,450,S2,9.0,83.372,21.95
89805,450,S2,12.0,82.360,21.95
89806,450,S2,15.0,81.334,21.95
89807,450,S2,18.0,80.222,21.95
89808,450,S2,21.0,79.189,21.95
89809,450,S2,24.0,78.122,21.95
89810,450,S2,27.0,77.222,21.95
89811,450,S2,30.0,76.207,21.95
89812,450,S2,33.0,75.255,21.95
89813,450,S2,36.0,74.341,21.95
89814,450,S2,39.0,73.485,21.95
89815,450,S2,42.0,72.578,21.95
89816,450,S2,45.0,71.652,21.95
89817,450,S2,48.0,70.781,21.95
89818,450,S2,51.0,69.948,21.95
89819,450,S2,54.0,69.063,21.95
89820,450,S2,57.0,68.268,21.95
89821,450,S2,60.0,67.411,21.95
89822,450,S2,63.0,66.529,21.95
89823,450,S2,66.0,65.941,21.95
89824,450,S2,69.0,65.072,21.95
89825,450,S2,72.0,64.265,21.95
89826,450,S2,75.0,63.558,21.95
89827,450,S2,78.0,62.795,21.95
89828,450,S2,81.0,62.181,21.95
89829,450,S2,84.0,61.498,21.95
89830,450,S2,87.0,60.793,21.95
89831,450,S2,90.0,60.031,21.95
89832,450,S2,93.0,59.401,21.95
89833,450,S2,96.0,58.649,21.95
89834,450,S2,99.0,58.104,21.95
89835,450,S2,102.0,57.510,21.95
89836,450,S2,105.0,56.892,21.95
89837,450,S2,108.0,56.288,21.95
89838,450,S2,111.0,55.656,21.95
89839,450,S2,114.0,55.076,21.95
89840,450,S2,117.0,54.400,21.95
89841,450,S2,120.0,53.946,21.95
89842,450,S2,123.0,53.453,21.95
89843,450,S2,126.0,52.756,21.95
89844,450,S2,129.0,52.235,21.95
89845,450,S2,132.0,51.608,21.95
89846,450,S2,135.0,51.235,21.95
89847,450,S2,138.0,50.741,21.95
89848,450,S2,141.0,50.260,21.95
89849,450,S2,144.0,49.675,21.95
89850,450,S2,147.0,49.109,21.95
89851,450,S2,150.0,48.701,21.95
89852,450,S2,153.0,48.249,21.95
89853,450,S2,156.0,47.847,21.95
89854,450,S2,159.0,47.393,21.95
89855,450,S2,162.0,46.944,21.95
89856,450,S2,165.0,46.390,21.95
89857,450,S2,168.0,46.081,21.95
89858,450,S2,171.0,45.694,21.95
89859,450,S2,174.0,45.200,21.95
89860,450,S2,177.0,44.842,21.95
89861,450,S2,180.0,44.446,21.95
89862,450,S2,183.0,43.928,21.95
89863,450,S2,186.0,43.589,21.95
89864,450,S2,189.0,43.217,21.95
89865,450,S2,192.0,42.815,21.95
89866,450,S2,195.0,42.547,21.95
89867,450,S2,198.0,42.136,21.95
89868,450,S2,201.0,41.869,21.95
89869,450,S2,204.0,41.387,21.95
89870,450,S2,207.0,41.065,21.95
89871,450,S2,210.0,40.677,21.95
89872,450,S2,213.0,40.447,21.95
89873,450,S2,216.0,40.044,21.95
89874,450,S2,219.0,39.778,21.95
89875,450,S2,222.0,39.560,21.95
89876,450,S2,225.0,39.100,21.95
89877,450,S2,228.0,38.756,21.95
89878,450,S2,231.0,38.558,21.95
89879,450,S2,234.0,38.245,21.95
89880,450,S2,237.0,38.027,21.95
89881,450,S2,240.0,37.692,21.95
89882,450,S2,243.0,37.375,21.95
89883,450,S2,246.0,37.275,21.95
89884,450,S2,249.0,36.832,21.95
89885,450,S2,252.0,36.664,21.95
89886,450,S2,255.0,36.417,21.95
89887,450,S2,258.0,36.056,21.95
89888,450,S2,261.0,35.865,21.95
89889,450,S2,264.0,35.574,21.95
89890,450,S2,267.0,35.475,21.95
89891,450,S2,270.0,35.143,21.95
89892,450,S2,273.0,34.914,21.95
89893,450,S2,276.0,34.722,21.95
89894,450,S2,279.0,34.435,21.95
89895,450,S2,282.0,34.304,21.95
89896,450,S2,285.0,34.068,21.95
89897,450,S2,288.0,33.790,21.95
89898,450,S2,291.0,33.620,21.95
89899,450,S2,294.0,33.344,21.95
89900,450,S2,297.0,33.142,21.95
89901,450,S2,300.0,32.962,21.95
89902,450,S2,303.0,32.717,21.95
89903,450,S2,306.0,32.565,21.95
89904,450,S2,309.0,32.439,21.95
89905,450,S2,312.0,32.286,21.95
89906,450,S2,315.0,32.098,21.95
89907,450,S2,318.0,31.854,21.95
89908,450,S2,321.0,31.716,21.95
89909,450,S2,324.0,31.579,21.95
89910,450,S2,327.0,31.396,21.95
89911,450,S2,330.0,31.203,21.95
89912,450,S2,333.0,31.075,21.95
89913,450,S2,336.0,30.880,21.95
89914,450,S2,339.0,30.818,21.95
89915,450,S2,342.0,30.490,21.95
89916,450,S2,345.0,30.481,21.95
89917,450,S2,348.0,30.235,21.95
89918,450,S2,351.0,30.104,21.95
89919,450,S2,354.0,30.017,21.95
89920,450,S2,357.0,29.854,21.95
89921,450,S2,360.0,29.658,21.95
89922,450,S2,363.0,29.537,21.95
89923,450,S2,366.0,29.383,21.95
89924,450,S2,369.0,29.326,21.95
89925,450,S2,372.0,29.221,21.95
89926,450,S2,375.0,28.988,21.95
89927,450,S2,378.0,28.991,21.95
89928,450,S2,381.0,28.861,21.95
89929,450,S2,384.0,28.677,21.95
89930,450,S2,387.0,28.535,21.95
89931,450,S2,390.0,28.498,21.95
89932,450,S2,393.0,28.289,21.95
89933,450,S2,396.0,28.275,21.95
89934,450,S2,399.0,28.218,21.95
89935,450,S2,402.0,28.028,21.95
89936,450,S2,405.0,27.951,21.95
89937,450,S2,408.0,27.764,21.95
89938,450,S2,411.0,27.807,21.95
89939,450,S2,414.0,27.608,21.95
89940,450,S2,417.0,27.431,21.95
89941,450,S2,420.0,27.362,21.95
89942,450,S2,423.0,27.345,21.95
89943,450,S2,426.0,27.221,21.95
89944,450,S2,429.0,27.226,21.95
89945,450,S2,432.0,27.036,21.95
89946,450,S2,435.0,26.847,21.95
89947,450,S2,438.0,26.883,21.95
89948,450,S2,441.0,26.730,21.95
89949,450,S2,444.0,26.725,21.95
89950,450,S2,447.0,26.638,21.95
89951,450,S2,450.0,26.526,21.95
89952,450,S2,453.0,26.437,21.95
89953,450,S2,456.0,26.343,21.95
89954,450,S2,459.0,26.288,21.95
89955,450,S2,462.0,26.149,21.95
89956,450,S2,465.0,26.144,21.95
89957,450,S2,468.0,26.110,21.95
89958,450,S2,471.0,26.072,21.95
89959,450,S2,474.0,25.841,21.95
89960,450,S2,477.0,25.841,21.95
89961,450,S2,480.0,25.696,21.95
89962,450,S2,483.0,25.758,21.95
89963,450,S2,486.0,25.699,21.95
89964,450,S2,489.0,25.614,21.95
89965,450,S2,492.0,25.494,21.95
89966,450,S2,495.0,25.475,21.95
89967,450,S2,498.0,25.309,21.95
89968,450,S2,501.0,25.377,21.95
89969,450,S2,504.0,25.302,21.95
89970,450,S2,507.0,25.274,21.95
89971,450,S2,510.0,25.210,21.95
89972,450,S2,513.0,25.157,21.95
89973,450,S2,516.0,24.989,21.95
89974,450,S2,519.0,24.968,21.95
89975,450,S2,522.0,24.959,21.95
89976,450,S2,525.0,24.793,21.95
89977,450,S2,528.0,24.785,21.95
89978,450,S2,531.0,24.729,21.95
89979,450,S2,534.0,24.784,21.95
89980,450,S2,537.0,24.825,21.95
89981,450,S2,540.0,24.623,21.95
89982,450,S2,543.0,24.532,21.95
