measurement_id,run_id,sensor_id,t_seconds,temperature_c,ambient_c
34994,175,S3,579.0,23.226,21.49
34995,175,S3,582.0,23.251,21.49
34996,175,S3,585.0,23.171,21.49
34997,175,S3,588.0,23.161,21.49
34998,175,S3,591.0,23.173,21.49
34999,175,S3,594.0,23.076,21.49
35000,175,S3,597.0,23.081,21.49
35001,176,S4,0.0,77.475,22.23
35002,176,S4,3.0,76.220,22.23
35003,176,S4,6.0,74.877,22.23
35004,176,S4,9.0,73.534,22.23
35005,176,S4,12.0,72.259,22.23
35006,176,S4,15.0,71.003,22.23
35007,176,S4,18.0,69.808,22.23
35008,176,S4,21.0,68.745,22.23
35009,176,S4,24.0,67.489,22.23
35010,176,S4,27.0,66.372,22.23
35011,176,S4,30.0,65.371,22.23
35012,176,S4,33.0,64.177,22.23
35013,176,S4,36.0,63.176,22.23
35014,176,S4,39.0,62.189,22.23
35015,176,S4,42.0,61.113,22.23
35016,176,S4,45.0,60.198,22.23
35017,176,S4,48.0,59.276,22.23
35018,176,S4,51.0,58.413,22.23
35019,176,S4,54.0,57.404,22.23
35020,176,S4,57.0,56.543,22.23
35021,176,S4,60.0,55.775,22.23
35022,176,S4,63.0,54.957,22.23
35023,176,S4,66.0,54.095,22.23
35024,176,S4,69.0,53.436,22.23
35025,176,S4,72.0,52.589,22.23
35026,176,S4,75.0,51.880,22.23
35027,176,S4,78.0,51.151,22.23
35028,176,S4,81.0,50.368,22.23
35029,176,S4,84.0,49.747,22.23
35030,176,S4,87.0,49.025,22.23
35031,176,S4,90.0,48.394,22.23
35032,176,S4,93.0,47.698,22.23
35033,176,S4,96.0,47.067,22.23
35034,176,S4,99.0,46.533,22.23
35035,176,S4,102.0,45.855,22.23
35036,176,S4,105.0,45.253,22.23
35037,176,S4,108.0,44.792,22.23
35038,176,S4,111.0,44.199,22.23
35039,176,S4,114.0,43.751,22.23
35040,176,S4,117.0,43.087,22.23
35041,176,S4,120.0,42.671,22.23
35042,176,S4,123.0,41.999,22.23
35043,176,S4,126.0,41.599,22.23
35044,176,S4,129.0,41.149,22.23
35045,176,S4,132.0,40.664,22.23
35046,176,S4,135.0,40.282,22.23
35047,176,S4,138.0,39.763,22.23
35048,176,S4,141.0,39.245,22.23
35049,176,S4,144.0,38.883,22.23
35050,176,S4,147.0,38.564,22.23
35051,176,S4,150.0,38.049,22.23
35052,176,S4,153.0,37.750,22.23
35053,176,S4,156.0,37.277,22.23
35054,176,S4,159.0,36.939,22.23
35055,176,S4,162.0,36.630,22.23
35056,176,S4,165.0,36.265,22.23
35057,176,S4,168.0,35.886,22.23
35058,176,S4,171.0,35.555,22.23
35059,176,S4,174.0,35.251,22.23
35060,176,S4,177.0,34.906,22.23
35061,176,S4,180.0,34.544,22.23
35062,176,S4,183.0,34.245,22.23
35063,176,S4,186.0,34.051,22.23
35064,176,S4,189.0,33.700,22.23
35065,176,S4,192.0,33.363,22.23
35066,176,S4,195.0,33.155,22.23
35067,176,S4,198.0,32.830,22.23
35068,176,S4,201.0,32.577,22.23
35069,176,S4,204.0,32.314,22.23
35070,176,S4,207.0,32.096,22.23
35071,176,S4,210.0,31.826,22.23
35072,176,S4,213.0,31.642,22.23
35073,176,S4,216.0,31.390,22.23
35074,176,S4,219.0,31.163,22.23
35075,176,S4,222.0,31.012,22.23
35076,176,S4,225.0,30.841,22.23
35077,176,S4,228.0,30.441,22.23
35078,176,S4,231.0,30.318,22.23
35079,176,S4,234.0,30.091,22.23
35080,176,S4,237.0,29.873,22.23
35081,176,S4,240.0,29.781,22.23
35082,176,S4,243.0,29.463,22.23
35083,176,S4,246.0,29.430,22.23
35084,176,S4,249.0,29.230,22.23
35085,176,S4,252.0,29.021,22.23
35086,176,S4,255.0,28.807,22.23
35087,176,S4,258.0,28.673,22.23
35088,176,S4,261.0,28.541,22.23
35089,176,S4,264.0,28.341,22.23
35090,176,S4,267.0,28.178,22.23
35091,176,S4,270.0,28.094,22.23
35092,176,S4,273.0,27.980,22.23
35093,176,S4,276.0,27.846,22.23
35094,176,S4,279.0,27.688,22.23
35095,176,S4,282.0,27.565,22.23
35096,176,S4,285.0,27.316,22.23
35097,176,S4,288.0,27.265,22.23
35098,176,S4,291.0,27.161,22.23
35099,176,S4,294.0,27.091,22.23
35100,176,S4,297.0,26.857,22.23
35101,176,S4,300.0,26.770,22.23
35102,176,S4,303.0,26.679,22.23
35103,176,S4,306.0,26.576,22.23
35104,176,S4,309.0,26.505,22.23
35105,176,S4,312.0,26.274,22.23
35106,176,S4,315.0,26.285,22.23
35107,176,S4,318.0,26.199,22.23
35108,176,S4,321.0,26.048,22.23
35109,176,S4,324.0,26.031,22.23
35110,176,S4,327.0,25.846,22.23
35111,176,S4,330.0,25.823,22.23
35112,176,S4,333.0,25.663,22.23
35113,176,S4,336.0,25.650,22.23
35114,176,S4,339.0,25.530,22.23
35115,176,S4,342.0,25.579,22.23
35116,176,S4,345.0,25.314,22.23
35117,176,S4,348.0,25.268,22.23
35118,176,S4,351.0,25.151,22.23
35119,176,S4,354.0,25.154,22.23
35120,176,S4,357.0,25.105,22.23
35121,176,S4,360.0,24.943,22.23
35122,176,S4,363.0,24.862,22.23
35123,176,S4,366.0,24.881,22.23
35124,176,S4,369.0,24.839,22.23
35125,176,S4,372.0,24.787,22.23
35126,176,S4,375.0,24.698,22.23
35127,176,S4,378.0,24.650,22.23
35128,176,S4,381.0,24.558,22.23
35129,176,S4,384.0,24.486,22.23
35130,176,S4,387.0,24.390,22.23
35131,176,S4,390.0,24.358,22.23
35132,176,S4,393.0,24.286,22.23
35133,176,S4,396.0,24.273,22.23
35134,176,S4,399.0,24.273,22.23
35135,176,S4,402.0,24.069,22.23
35136,176,S4,405.0,24.156,22.23
35137,176,S4,408.0,24.050,22.23
35138,176,S4,411.0,24.003,22.23
35139,176,S4,414.0,23.987,22.23
35140,176,S4,417.0,23.978,22.23
35141,176,S4,420.0,23.906,22.23
35142,176,S4,423.0,23.848,22.23
35143,176,S4,426.0,23.878,22.23
35144,176,S4,429.0,23.876,22.23
35145,176,S4,432.0,23.741,22.23
35146,176,S4,435.0,23.705,22.23
35147,176,S4,438.0,23.709,22.23
35148,176,S4,441.0,23.639,22.23
35149,176,S4,444.0,23.683,22.23
35150,176,S4,447.0,23.536,22.23
35151,176,S4,450.0,23.555,22.23
35152,176,S4,453.0,23.466,22.23
35153,176,S4,456.0,23.505,22.23
35154,176,S4,459.0,23.408,22.23
35155,176,S4,462.0,23.347,22.23
35156,176,S4,465.0,23.374,22.23
35157,176,S4,468.0,23.453,22.23
35158,176,S4,471.0,23.368,22.23
35159,176,S4,474.0,23.374,22.23
35160,176,S4,477.0,23.260,22.23
35161,176,S4,480.0,23.211,22.23
35162,176,S4,483.0,23.293,22.23
35163,176,S4,486.0,23.230,22.23
35164,176,S4,489.0,23.112,22.23
35165,176,S4,492.0,23.158,22.23
35166,176,S4,495.0,23.084,22.23
35167,176,S4,498.0,23.102,22.23
35168,176,S4,501.0,23.152,22.23
35169,176,S4,504.0,23.077,22.23
35170,176,S4,507.0,23.062,22.23
35171,176,S4,510.0,23.097,22.23
35172,176,S4,513.0,22.986,22.23
35173,176,S4,516.0,23.032,22.23
35174,176,S4,519.0,22.976,22.23
35175,176,S4,522.0,22.932,22.23
35176,176,S4,525.0,22.872,22.23
35177,176,S4,528.0,22.868,22.23
35178,176,S4,531.0,22.849,22.23
35179,176,S4,534.0,22.898,22.23
35180,176,S4,537.0,22.834,22.23
35181,176,S4,540.0,22.941,22.23
35182,176,S4,543.0,22.777,22.23
35183,176,S4,546.0,22.780,22.23
35184,176,S4,549.0,22.862,22.23
35185,176,S4,552.0,22.744,22.23
35186,176,S4,555.0,22.831,22.23
35187,176,S4,558.0,22.707,22.23
35188,176,S4,561.0,22.863,22.23
35189,176,S4,564.0,22.746,22.23
35190,176,S4,567.0,22.707,22.23
35191,176,S4,570.0,22.658,22.23
35192,176,S4,573.0,22.703,22.23
35193,176,S4,576.0,22.681,22.23
35194,176,S4,579.0,22.744,22.23
35195,176,S4,582.0,22.729,22.23
35196,176,S4,585.0,22.718,22.23
35197,176,S4,588.0,22.715,22.23
35198,176,S4,591.0,22.708,22.23
35199,176,S4,594.0,22.570,22.23
35200,176,S4,597.0,22.588,22.23
35201,177,S1,0.0,84.124,20.00
35202,177,S1,3.0,82.585,20.00
35203,177,S1,6.0,81.031,20.00
35204,177,S1,9.0,79.505,20.00
35205,177,S1,12.0,78.229,20.00
35206,177,S1,15.0,76.781,20.00
35207,177,S1,18.0,75.314,20.00
35208,177,S1,21.0,74.030,20.00
35209,177,S1,24.0,72.764,20.00
35210,177,S1,27.0,71.507,20.00
35211,177,S1,30.0,70.252,20.00
35212,177,S1,33.0,68.960,20.00
35213,177,S1,36.0,67.866,20.00
35214,177,S1,39.0,66.604,20.00
35215,177,S1,42.0,65.448,20.00
35216,177,S1,45.0,64.520,20.00
35217,177,S1,48.0,63.339,20.00
35218,177,S1,51.0,62.278,20.00
35219,177,S1,54.0,61.411,20.00
35220,177,S1,57.0,60.228,20.00
35221,177,S1,60.0,59.302,20.00
35222,177,S1,63.0,58.368,20.00
35223,177,S1,66.0,57.432,20.00
35224,177,S1,69.0,56.524,20.00
35225,177,S1,72.0,55.602,20.00
35226,177,S1,75.0,54.726,20.00
35227,177,S1,78.0,53.890,20.00
35228,177,S1,81.0,53.135,20.00
35229,177,S1,84.0,52.317,20.00
35230,177,S1,87.0,51.494,20.00
35231,177,S1,90.0,50.713,20.00
35232,177,S1,93.0,50.024,20.00
35233,177,S1,96.0,49.271,20.00
35234,177,S1,99.0,48.640,20.00
35235,177,S1,102.0,47.886,20.00
35236,177,S1,105.0,47.207,20.00
35237,177,S1,108.0,46.533,20.00
35238,177,S1,111.0,45.940,20.00
35239,177,S1,114.0,45.186,20.00
35240,177,S1,117.0,44.631,20.00
35241,177,S1,120.0,44.149,20.00
35242,177,S1,123.0,43.544,20.00
35243,177,S1,126.0,42.875,20.00
35244,177,S1,129.0,42.415,20.00
35245,177,S1,132.0,41.767,20.00
35246,177,S1,135.0,41.258,20.00
35247,177,S1,138.0,40.799,20.00
35248,177,S1,141.0,40.297,20.00
35249,177,S1,144.0,39.638,20.00
35250,177,S1,147.0,39.264,20.00
35251,177,S1,150.0,38.864,20.00
35252,177,S1,153.0,38.432,20.00
35253,177,S1,156.0,37.939,20.00
35254,177,S1,159.0,37.531,20.00
35255,177,S1,162.0,37.055,20.00
35256,177,S1,165.0,36.683,20.00
35257,177,S1,168.0,36.164,20.00
35258,177,S1,171.0,35.873,20.00
35259,177,S1,174.0,35.465,20.00
35260,177,S1,177.0,35.080,20.00
35261,177,S1,180.0,34.754,20.00
35262,177,S1,183.0,34.332,20.00
35263,177,S1,186.0,34.035,20.00
35264,177,S1,189.0,33.720,20.00
35265,177,S1,192.0,33.356,20.00
35266,177,S1,195.0,33.029,20.00
35267,177,S1,198.0,32.715,20.00
35268,177,S1,201.0,32.360,20.00
35269,177,S1,204.0,32.093,20.00
35270,177,S1,207.0,31.865,20.00
35271,177,S1,210.0,31.451,20.00
35272,177,S1,213.0,31.135,20.00
35273,177,S1,216.0,30.954,20.00
35274,177,S1,219.0,30.678,20.00
35275,177,S1,222.0,30.497,20.00
35276,177,S1,225.0,30.194,20.00
35277,177,S1,228.0,29.866,20.00
35278,177,S1,231.0,29.742,20.00
35279,177,S1,234.0,29.460,20.00
35280,177,S1,237.0,29.251,20.00
35281,177,S1,240.0,28.976,20.00
35282,177,S1,243.0,28.763,20.00
35283,177,S1,246.0,28.513,20.00
35284,177,S1,249.0,28.396,20.00
35285,177,S1,252.0,28.200,20.00
35286,177,S1,255.0,27.945,20.00
35287,177,S1,258.0,27.730,20.00
35288,177,S1,261.0,27.507,20.00
35289,177,S1,264.0,27.466,20.00
35290,177,S1,267.0,27.301,20.00
35291,177,S1,270.0,26.999,20.00
35292,177,S1,273.0,26.924,20.00
35293,177,S1,276.0,26.790,20.00
35294,177,S1,279.0,26.502,20.00
35295,177,S1,282.0,26.369,20.00
35296,177,S1,285.0,26.311,20.00
35297,177,S1,288.0,26.041,20.00
35298,177,S1,291.0,25.939,20.00
35299,177,S1,294.0,25.836,20.00
35300,177,S1,297.0,25.661,20.00
35301,177,S1,300.0,25.558,20.00
35302,177,S1,303.0,25.411,20.00
35303,177,S1,306.0,25.289,20.00
35304,177,S1,309.0,25.062,20.00
35305,177,S1,312.0,24.965,20.00
35306,177,S1,315.0,25.001,20.00
35307,177,S1,318.0,24.651,20.00
35308,177,S1,321.0,24.608,20.00
35309,177,S1,324.0,24.549,20.00
35310,177,S1,327.0,24.428,20.00
35311,177,S1,330.0,24.309,20.00
35312,177,S1,333.0,24.284,20.00
35313,177,S1,336.0,24.027,20.00
35314,177,S1,339.0,24.058,20.00
35315,177,S1,342.0,23.952,20.00
35316,177,S1,345.0,23.821,20.00
35317,177,S1,348.0,23.711,20.00
35318,177,S1,351.0,23.703,20.00
35319,177,S1,354.0,23.515,20.00
35320,177,S1,357.0,23.324,20.00
35321,177,S1,360.0,23.377,20.00
35322,177,S1,363.0,23.349,20.00
35323,177,S1,366.0,23.208,20.00
35324,177,S1,369.0,23.138,20.00
35325,177,S1,372.0,23.087,20.00
35326,177,S1,375.0,22.975,20.00
35327,177,S1,378.0,22.869,20.00
35328,177,S1,381.0,22.841,20.00
35329,177,S1,384.0,22.688,20.00
35330,177,S1,387.0,22.735,20.00
35331,177,S1,390.0,22.600,20.00
35332,177,S1,393.0,22.593,20.00
35333,177,S1,396.0,22.543,20.00
35334,177,S1,399.0,22.528,20.00
35335,177,S1,402.0,22.430,20.00
35336,177,S1,405.0,22.386,20.00
35337,177,S1,408.0,22.237,20.00
35338,177,S1,411.0,22.155,20.00
35339,177,S1,414.0,22.186,20.00
35340,177,S1,417.0,22.134,20.00
35341,177,S1,420.0,22.023,20.00
35342,177,S1,423.0,22.107,20.00
35343,177,S1,426.0,21.820,20.00
35344,177,S1,429.0,21.984,20.00
35345,177,S1,432.0,21.853,20.00
35346,177,S1,435.0,21.799,20.00
35347,177,S1,438.0,21.770,20.00
35348,177,S1,441.0,21.766,20.00
35349,177,S1,444.0,21.652,20.00
35350,177,S1,447.0,21.584,20.00
35351,177,S1,450.0,21.605,20.00
35352,177,S1,453.0,21.474,20.00
35353,177,S1,456.0,21.601,20.00
35354,177,S1,459.0,21.517,20.00
35355,177,S1,462.0,21.511,20.00
35356,177,S1,465.0,21.528,20.00
35357,177,S1,468.0,21.411,20.00
35358,177,S1,471.0,21.424,20.00
35359,177,S1,474.0,21.278,20.00
35360,177,S1,477.0,21.227,20.00
35361,177,S1,480.0,21.253,20.00
35362,177,S1,483.0,21.270,20.00
35363,177,S1,486.0,21.147,20.00
35364,177,S1,489.0,21.212,20.00
35365,177,S1,492.0,21.136,20.00
35366,177,S1,495.0,21.109,20.00
35367,177,S1,498.0,21.063,20.00
35368,177,S1,501.0,21.061,20.00
35369,177,S1,504.0,21.025,20.00
35370,177,S1,507.0,21.028,20.00
35371,177,S1,510.0,21.054,20.00
35372,177,S1,513.0,20.948,20.00
35373,177,S1,516.0,20.991,20.00
35374,177,S1,519.0,20.959,20.00
35375,177,S1,522.0,20.915,20.00
35376,177,S1,525.0,20.815,20.00
35377,177,S1,528.0,20.775,20.00
35378,177,S1,531.0,20.852,20.00
35379,177,S1,534.0,20.827,20.00
35380,177,S1,537.0,20.860,20.00
35381,177,S1,540.0,20.835,20.00
35382,177,S1,543.0,20.746,20.00
35383,177,S1,546.0,20.798,20.00
35384,177,S1,549.0,20.695,20.00
35385,177,S1,552.0,20.766,20.00
35386,177,S1,555.0,20.716,20.00
35387,177,S1,558.0,20.620,20.00
35388,177,S1,561.0,20.596,20.00
35389,177,S1,564.0,20.698,20.00
35390,177,S1,567.0,20.652,20.00
35391,177,S1,570.0,20.575,20.00
35392,177,S1,573.0,20.601,20.00
35393,177,S1,576.0,20.578,20.00
35394,177,S1,579.0,20.595,20.00
35395,177,S1,582.0,20.585,20.00
35396,177,S1,585.0,20.544,20.00
35397,177,S1,588.0,20.505,20.00
35398,177,S1,591.0,20.559,20.00
35399,177,S1,594.0,20.498,20.00
35400,177,S1,597.0,20.491,20.00
35401,178,S2,0.0,73.218,20.57
35402,178,S2,3.0,72.364,20.57
35403,178,S2,6.0,71.364,20.57
35404,178,S2,9.0,70.448,20.57
35405,178,S2,12.0,69.496,20.57
35406,178,S2,15.0,68.669,20.57
35407,178,S2,18.0,67.887,20.57
35408,178,S2,21.0,66.930,20.57
35409,178,S2,24.0,66.151,20.57
35410,178,S2,27.0,65.371,20.57
35411,178,S2,30.0,64.414,20.57
35412,178,S2,33.0,63.707,20.57
35413,178,S2,36.0,63.004,20.57
35414,178,S2,39.0,62.162,20.57
35415,178,S2,42.0,61.470,20.57
35416,178,S2,45.0,60.655,20.57
35417,178,S2,48.0,60.012,20.57
35418,178,S2,51.0,59.177,20.57
35419,178,S2,54.0,58.612,20.57
35420,178,S2,57.0,57.848,20.57
35421,178,S2,60.0,57.252,20.57
35422,178,S2,63.0,56.508,20.57
35423,178,S2,66.0,55.950,20.57
35424,178,S2,69.0,55.256,20.57
35425,178,S2,72.0,54.638,20.57
35426,178,S2,75.0,54.065,20.57
35427,178,S2,78.0,53.472,20.57
35428,178,S2,81.0,52.873,20.57
35429,178,S2,84.0,52.242,20.57
35430,178,S2,87.0,51.686,20.57
35431,178,S2,90.0,51.171,20.57
35432,178,S2,93.0,50.585,20.57
35433,178,S2,96.0,50.010,20.57
35434,178,S2,99.0,49.544,20.57
35435,178,S2,102.0,49.051,20.57
35436,178,S2,105.0,48.474,20.57
35437,178,S2,108.0,47.972,20.57
35438,178,S2,111.0,47.571,20.57
35439,178,S2,114.0,47.012,20.57
35440,178,S2,117.0,46.478,20.57
35441,178,S2,120.0,46.051,20.57
35442,178,S2,123.0,45.623,20.57
35443,178,S2,126.0,45.189,20.57
35444,178,S2,129.0,44.787,20.57
35445,178,S2,132.0,44.320,20.57
35446,178,S2,135.0,43.864,20.57
35447,178,S2,138.0,43.504,20.57
35448,178,S2,141.0,42.994,20.57
35449,178,S2,144.0,42.563,20.57
35450,178,S2,147.0,42.239,20.57
35451,178,S2,150.0,41.850,20.57
35452,178,S2,153.0,41.531,20.57
35453,178,S2,156.0,41.023,20.57
35454,178,S2,159.0,40.694,20.57
35455,178,S2,162.0,40.421,20.57
35456,178,S2,165.0,39.958,20.57
35457,178,S2,168.0,39.590,20.57
35458,178,S2,171.0,39.279,20.57
35459,178,S2,174.0,39.007,20.57
35460,178,S2,177.0,38.618,20.57
35461,178,S2,180.0,38.286,20.57
35462,178,S2,183.0,37.999,20.57
35463,178,S2,186.0,37.693,20.57
35464,178,S2,189.0,37.303,20.57
35465,178,S2,192.0,37.109,20.57
35466,178,S2,195.0,36.731,20.57
35467,178,S2,198.0,36.493,20.57
35468,178,S2,201.0,36.240,20.57
35469,178,S2,204.0,35.930,20.57
35470,178,S2,207.0,35.637,20.57
35471,178,S2,210.0,35.361,20.57
35472,178,S2,213.0,35.158,20.57
35473,178,S2,216.0,34.826,20.57
35474,178,S2,219.0,34.590,20.57
35475,178,S2,222.0,34.355,20.57
35476,178,S2,225.0,34.175,20.57
35477,178,S2,228.0,33.776,20.57
35478,178,S2,231.0,33.614,20.57
35479,178,S2,234.0,33.410,20.57
35480,178,S2,237.0,33.050,20.57
35481,178,S2,240.0,32.888,20.57
35482,178,S2,243.0,32.670,20.57
35483,178,S2,246.0,32.458,20.57
35484,178,S2,249.0,32.292,20.57
35485,178,S2,252.0,32.083,20.57
35486,178,S2,255.0,31.883,20.57
35487,178,S2,258.0,31.606,20.57
35488,178,S2,261.0,31.412,20.57
35489,178,S2,264.0,31.221,20.57
35490,178,S2,267.0,31.061,20.57
35491,178,S2,270.0,30.888,20.57
35492,178,S2,273.0,30.671,20.57
35493,178,S2,276.0,30.480,20.57
35494,178,S2,279.0,30.321,20.57
35495,178,S2,282.0,30.199,20.57
35496,178,S2,285.0,30.002,20.57
35497,178,S2,288.0,29.829,20.57
35498,178,S2,291.0,29.658,20.57
35499,178,S2,294.0,29.405,20.57
35500,178,S2,297.0,29.267,20.57
35501,178,S2,300.0,29.193,20.57
35502,178,S2,303.0,29.044,20.57
35503,178,S2,306.0,28.902,20.57
35504,178,S2,309.0,28.688,20.57
35505,178,S2,312.0,28.468,20.57
35506,178,S2,315.0,28.431,20.57
35507,178,S2,318.0,28.296,20.57
35508,178,S2,321.0,28.164,20.57
35509,178,S2,324.0,27.953,20.57
35510,178,S2,327.0,27.788,20.57
35511,178,S2,330.0,27.684,20.57
35512,178,S2,333.0,27.566,20.57
35513,178,S2,336.0,27.477,20.57
35514,178,S2,339.0,27.444,20.57
35515,178,S2,342.0,27.169,20.57
35516,178,S2,345.0,27.100,20.57
35517,178,S2,348.0,26.949,20.57
35518,178,S2,351.0,26.894,20.57
35519,178,S2,354.0,26.821,20.57
35520,178,S2,357.0,26.710,20.57
35521,178,S2,360.0,26.569,20.57
35522,178,S2,363.0,26.344,20.57
35523,178,S2,366.0,26.267,20.57
35524,178,S2,369.0,26.186,20.57
35525,178,S2,372.0,26.085,20.57
35526,178,S2,375.0,26.014,20.57
35527,178,S2,378.0,25.903,20.57
35528,178,S2,381.0,25.779,20.57
35529,178,S2,384.0,25.818,20.57
35530,178,S2,387.0,25.671,20.57
35531,178,S2,390.0,25.596,20.57
35532,178,S2,393.0,25.543,20.57
35533,178,S2,396.0,25.352,20.57
35534,178,S2,399.0,25.285,20.57
35535,178,S2,402.0,25.225,20.57
35536,178,S2,405.0,25.088,20.57
35537,178,S2,408.0,24.926,20.57
35538,178,S2,411.0,24.885,20.57
35539,178,S2,414.0,24.807,20.57
35540,178,S2,417.0,24.833,20.57
35541,178,S2,420.0,24.771,20.57
35542,178,S2,423.0,24.681,20.57
35543,178,S2,426.0,24.600,20.57
35544,178,S2,429.0,24.609,20.57
35545,178,S2,432.0,24.443,20.57
35546,178,S2,435.0,24.354,20.57
35547,178,S2,438.0,24.296,20.57
35548,178,S2,441.0,24.206,20.57
35549,178,S2,444.0,24.142,20.57
35550,178,S2,447.0,24.206,20.57
35551,178,S2,450.0,23.977,20.57
35552,178,S2,453.0,23.988,20.57
35553,178,S2,456.0,23.953,20.57
35554,178,S2,459.0,23.919,20.57
35555,178,S2,462.0,23.778,20.57
35556,178,S2,465.0,23.755,20.57
35557,178,S2,468.0,23.685,20.57
35558,178,S2,471.0,23.590,20.57
35559,178,S2,474.0,23.584,20.57
35560,178,S2,477.0,23.560,20.57
35561,178,S2,480.0,23.486,20.57
35562,178,S2,483.0,23.325,20.57
35563,178,S2,486.0,23.495,20.57
35564,178,S2,489.0,23.330,20.57
35565,178,S2,492.0,23.310,20.57
35566,178,S2,495.0,23.252,20.57
35567,178,S2,498.0,23.165,20.57
35568,178,S2,501.0,23.151,20.57
35569,178,S2,504.0,23.056,20.57
35570,178,S2,507.0,22.977,20.57
35571,178,S2,510.0,23.065,20.57
35572,178,S2,513.0,22.898,20.57
35573,178,S2,516.0,22.969,20.57
35574,178,S2,519.0,22.833,20.57
35575,178,S2,522.0,22.805,20.57
35576,178,S2,525.0,22.734,20.57
35577,178,S2,528.0,22.632,20.57
35578,178,S2,531.0,22.708,20.57
35579,178,S2,534.0,22.640,20.57
35580,178,S2,537.0,22.637,20.57
35581,178,S2,540.0,22.602,20.57
35582,178,S2,543.0,22.515,20.57
35583,178,S2,546.0,22.512,20.57
35584,178,S2,549.0,22.355,20.57
35585,178,S2,552.0,22.440,20.57
35586,178,S2,555.0,22.376,20.57
35587,178,S2,558.0,22.379,20.57
35588,178,S2,561.0,22.420,20.57
35589,178,S2,564.0,22.333,20.57
35590,178,S2,567.0,22.268,20.57
35591,178,S2,570.0,22.317,20.57
35592,178,S2,573.0,22.265,20.57
35593,178,S2,576.0,22.146,20.57
35594,178,S2,579.0,22.145,20.57
35595,178,S2,582.0,22.157,20.57
35596,178,S2,585.0,22.069,20.57
35597,178,S2,588.0,22.047,20.57
35598,178,S2,591.0,22.105,20.57
35599,178,S2,594.0,22.008,20.57
35600,178,S2,597.0,22.031,20.57
35601,179,S3,0.0,79.777,21.91
35602,179,S3,3.0,78.630,21.91
35603,179,S3,6.0,77.252,21.91
35604,179,S3,9.0,76.159,21.91
35605,179,S3,12.0,74.864,21.91
35606,179,S3,15.0,73.704,21.91
35607,179,S3,18.0,72.507,21.91
35608,179,S3,21.0,71.578,21.91
35609,179,S3,24.0,70.418,21.91
35610,179,S3,27.0,69.417,21.91
35611,179,S3,30.0,68.359,21.91
35612,179,S3,33.0,67.274,21.91
35613,179,S3,36.0,66.322,21.91
35614,179,S3,39.0,65.367,21.91
35615,179,S3,42.0,64.332,21.91
35616,179,S3,45.0,63.415,21.91
35617,179,S3,48.0,62.480,21.91
35618,179,S3,51.0,61.639,21.91
35619,179,S3,54.0,60.735,21.91
35620,179,S3,57.0,59.899,21.91
35621,179,S3,60.0,59.160,21.91
35622,179,S3,63.0,58.264,21.91
35623,179,S3,66.0,57.425,21.91
35624,179,S3,69.0,56.633,21.91
35625,179,S3,72.0,55.977,21.91
35626,179,S3,75.0,55.198,21.91
35627,179,S3,78.0,54.536,21.91
35628,179,S3,81.0,53.680,21.91
35629,179,S3,84.0,52.966,21.91
35630,179,S3,87.0,52.368,21.91
35631,179,S3,90.0,51.704,21.91
35632,179,S3,93.0,51.019,21.91
35633,179,S3,96.0,50.335,21.91
35634,179,S3,99.0,49.771,21.91
35635,179,S3,102.0,49.139,21.91
35636,179,S3,105.0,48.616,21.91
35637,179,S3,108.0,47.987,21.91
35638,179,S3,111.0,47.449,21.91
35639,179,S3,114.0,46.864,21.91
35640,179,S3,117.0,46.274,21.91
35641,179,S3,120.0,45.885,21.91
35642,179,S3,123.0,45.209,21.91
35643,179,S3,126.0,44.724,21.91
35644,179,S3,129.0,44.246,21.91
35645,179,S3,132.0,43.742,21.91
35646,179,S3,135.0,43.238,21.91
35647,179,S3,138.0,42.800,21.91
35648,179,S3,141.0,42.337,21.91
35649,179,S3,144.0,41.771,21.91
35650,179,S3,147.0,41.458,21.91
35651,179,S3,150.0,40.972,21.91
35652,179,S3,153.0,40.534,21.91
35653,179,S3,156.0,40.119,21.91
35654,179,S3,159.0,39.917,21.91
35655,179,S3,162.0,39.456,21.91
35656,179,S3,165.0,39.017,21.91
35657,179,S3,168.0,38.661,21.91
35658,179,S3,171.0,38.295,21.91
35659,179,S3,174.0,37.928,21.91
35660,179,S3,177.0,37.591,21.91
35661,179,S3,180.0,37.236,21.91
35662,179,S3,183.0,36.952,21.91
35663,179,S3,186.0,36.538,21.91
35664,179,S3,189.0,36.215,21.91
35665,179,S3,192.0,35.980,21.91
35666,179,S3,195.0,35.557,21.91
35667,179,S3,198.0,35.248,21.91
35668,179,S3,201.0,34.980,21.91
35669,179,S3,204.0,34.669,21.91
35670,179,S3,207.0,34.492,21.91
35671,179,S3,210.0,34.182,21.91
35672,179,S3,213.0,33.931,21.91
35673,179,S3,216.0,33.657,21.91
35674,179,S3,219.0,33.451,21.91
35675,179,S3,222.0,33.105,21.91
35676,179,S3,225.0,32.868,21.91
35677,179,S3,228.0,32.656,21.91
35678,179,S3,231.0,32.504,21.91
35679,179,S3,234.0,32.203,21.91
35680,179,S3,237.0,31.923,21.91
35681,179,S3,240.0,31.731,21.91
35682,179,S3,243.0,31.512,21.91
35683,179,S3,246.0,31.371,21.91
35684,179,S3,249.0,31.068,21.91
35685,179,S3,252.0,30.894,21.91
35686,179,S3,255.0,30.736,21.91
35687,179,S3,258.0,30.475,21.91
35688,179,S3,261.0,30.269,21.91
35689,179,S3,264.0,30.212,21.91
35690,179,S3,267.0,29.922,21.91
35691,179,S3,270.0,29.755,21.91
35692,179,S3,273.0,29.641,21.91
35693,179,S3,276.0,29.351,21.91
35694,179,S3,279.0,29.326,21.91
35695,179,S3,282.0,29.080,21.91
35696,179,S3,285.0,28.942,21.91
35697,179,S3,288.0,28.812,21.91
35698,179,S3,291.0,28.570,21.91
35699,179,S3,294.0,28.495,21.91
35700,179,S3,297.0,28.300,21.91
35701,179,S3,300.0,28.157,21.91
35702,179,S3,303.0,28.093,21.91
35703,179,S3,306.0,27.960,21.91
35704,179,S3,309.0,27.781,21.91
35705,179,S3,312.0,27.710,21.91
35706,179,S3,315.0,27.598,21.91
35707,179,S3,318.0,27.449,21.91
35708,179,S3,321.0,27.248,21.91
35709,179,S3,324.0,27.312,21.91
35710,179,S3,327.0,27.051,21.91
35711,179,S3,330.0,26.967,21.91
35712,179,S3,333.0,26.847,21.91
35713,179,S3,336.0,26.632,21.91
35714,179,S3,339.0,26.727,21.91
35715,179,S3,342.0,26.487,21.91
35716,179,S3,345.0,26.527,21.91
35717,179,S3,348.0,26.337,21.91
35718,179,S3,351.0,26.209,21.91
35719,179,S3,354.0,26.150,21.91
35720,179,S3,357.0,26.035,21.91
35721,179,S3,360.0,25.936,21.91
35722,179,S3,363.0,25.851,21.91
35723,179,S3,366.0,25.715,21.91
35724,179,S3,369.0,25.789,21.91
35725,179,S3,372.0,25.594,21.91
35726,179,S3,375.0,25.458,21.91
35727,179,S3,378.0,25.468,21.91
35728,179,S3,381.0,25.341,21.91
35729,179,S3,384.0,25.284,21.91
35730,179,S3,387.0,25.232,21.91
35731,179,S3,390.0,25.077,21.91
35732,179,S3,393.0,25.131,21.91
35733,179,S3,396.0,24.948,21.91
35734,179,S3,399.0,24.897,21.91
35735,179,S3,402.0,24.977,21.91
35736,179,S3,405.0,24.842,21.91
35737,179,S3,408.0,24.750,21.91
35738,179,S3,411.0,24.698,21.91
35739,179,S3,414.0,24.652,21.91
35740,179,S3,417.0,24.542,21.91
35741,179,S3,420.0,24.560,21.91
35742,179,S3,423.0,24.479,21.91
35743,179,S3,426.0,24.420,21.91
35744,179,S3,429.0,24.305,21.91
35745,179,S3,432.0,24.144,21.91
35746,179,S3,435.0,24.249,21.91
35747,179,S3,438.0,24.173,21.91
35748,179,S3,441.0,24.134,21.91
35749,179,S3,444.0,24.073,21.91
35750,179,S3,447.0,24.048,21.91
35751,179,S3,450.0,24.047,21.91
35752,179,S3,453.0,23.969,21.91
35753,179,S3,456.0,23.998,21.91
35754,179,S3,459.0,23.926,21.91
35755,179,S3,462.0,23.776,21.91
35756,179,S3,465.0,23.761,21.91
35757,179,S3,468.0,23.698,21.91
35758,179,S3,471.0,23.664,21.91
35759,179,S3,474.0,23.727,21.91
35760,179,S3,477.0,23.581,21.91
35761,179,S3,480.0,23.608,21.91
35762,179,S3,483.0,23.478,21.91
35763,179,S3,486.0,23.491,21.91
35764,179,S3,489.0,23.457,21.91
35765,179,S3,492.0,23.422,21.91
35766,179,S3,495.0,23.401,21.91
35767,179,S3,498.0,23.410,21.91
35768,179,S3,501.0,23.396,21.91
35769,179,S3,504.0,23.344,21.91
35770,179,S3,507.0,23.288,21.91
35771,179,S3,510.0,23.191,21.91
35772,179,S3,513.0,23.309,21.91
35773,179,S3,516.0,23.240,21.91
35774,179,S3,519.0,23.201,21.91
35775,179,S3,522.0,23.124,21.91
35776,179,S3,525.0,23.171,21.91
35777,179,S3,528.0,23.124,21.91
35778,179,S3,531.0,22.904,21.91
35779,179,S3,534.0,23.004,21.91
35780,179,S3,537.0,22.941,21.91
35781,179,S3,540.0,22.926,21.91
35782,179,S3,543.0,22.982,21.91
35783,179,S3,546.0,22.919,21.91
35784,179,S3,549.0,22.939,21.91
35785,179,S3,552.0,22.970,21.91
35786,179,S3,555.0,22.831,21.91
35787,179,S3,558.0,22.870,21.91
35788,179,S3,561.0,22.786,21.91
35789,179,S3,564.0,22.776,21.91
35790,179,S3,567.0,22.779,21.91
35791,179,S3,570.0,22.831,21.91
35792,179,S3,573.0,22.742,21.91
35793,179,S3,576.0,22.812,21.91
35794,179,S3,579.0,22.674,21.91
35795,179,S3,582.0,22.715,21.91
35796,179,S3,585.0,22.723,21.91
35797,179,S3,588.0,22.657,21.91
35798,179,S3,591.0,22.740,21.91
35799,179,S3,594.0,22.661,21.91
35800,179,S3,597.0,22.621,21.91
35801,180,S4,0.0,91.348,22.80
35802,180,S4,3.0,90.091,22.80
35803,180,S4,6.0,88.957,22.80
35804,180,S4,9.0,87.910,22.80
35805,180,S4,12.0,86.767,22.80
35806,180,S4,15.0,85.809,22.80
35807,180,S4,18.0,84.660,22.80
35808,180,S4,21.0,83.631,22.80
35809,180,S4,24.0,82.581,22.80
35810,180,S4,27.0,81.531,22.80
35811,180,S4,30.0,80.613,22.80
35812,180,S4,33.0,79.710,22.80
35813,180,S4,36.0,78.736,22.80
35814,180,S4,39.0,77.681,22.80
35815,180,S4,42.0,76.877,22.80
35816,180,S4,45.0,75.984,22.80
35817,180,S4,48.0,75.035,22.80
35818,180,S4,51.0,74.109,22.80
35819,180,S4,54.0,73.363,22.80
35820,180,S4,57.0,72.507,22.80
35821,180,S4,60.0,71.718,22.80
35822,180,S4,63.0,70.865,22.80
35823,180,S4,66.0,69.882,22.80
35824,180,S4,69.0,69.259,22.80
35825,180,S4,72.0,68.481,22.80
35826,180,S4,75.0,67.712,22.80
35827,180,S4,78.0,66.793,22.80
35828,180,S4,81.0,66.223,22.80
35829,180,S4,84.0,65.460,22.80
35830,180,S4,87.0,64.796,22.80
35831,180,S4,90.0,64.068,22.80
35832,180,S4,93.0,63.417,22.80
35833,180,S4,96.0,62.726,22.80
35834,180,S4,99.0,62.060,22.80
35835,180,S4,102.0,61.408,22.80
35836,180,S4,105.0,60.695,22.80
35837,180,S4,108.0,60.093,22.80
35838,180,S4,111.0,59.446,22.80
35839,180,S4,114.0,58.873,22.80
35840,180,S4,117.0,58.245,22.80
35841,180,S4,120.0,57.686,22.80
35842,180,S4,123.0,57.101,22.80
35843,180,S4,126.0,56.419,22.80
35844,180,S4,129.0,55.872,22.80
35845,180,S4,132.0,55.308,22.80
35846,180,S4,135.0,54.770,22.80
35847,180,S4,138.0,54.343,22.80
35848,180,S4,141.0,53.844,22.80
35849,180,S4,144.0,53.270,22.80
35850,180,S4,147.0,52.842,22.80
35851,180,S4,150.0,52.244,22.80
35852,180,S4,153.0,51.790,22.80
35853,180,S4,156.0,51.180,22.80
35854,180,S4,159.0,50.790,22.80
35855,180,S4,162.0,50.274,22.80
35856,180,S4,165.0,49.852,22.80
35857,180,S4,168.0,49.420,22.80
35858,180,S4,171.0,48.951,22.80
35859,180,S4,174.0,48.487,22.80
35860,180,S4,177.0,48.146,22.80
35861,180,S4,180.0,47.639,22.80
35862,180,S4,183.0,47.358,22.80
35863,180,S4,186.0,46.828,22.80
35864,180,S4,189.0,46.403,22.80
35865,180,S4,192.0,46.101,22.80
35866,180,S4,195.0,45.569,22.80
35867,180,S4,198.0,45.253,22.80
35868,180,S4,201.0,44.955,22.80
35869,180,S4,204.0,44.517,22.80
35870,180,S4,207.0,44.143,22.80
35871,180,S4,210.0,43.831,22.80
35872,180,S4,213.0,43.506,22.80
35873,180,S4,216.0,43.156,22.80
35874,180,S4,219.0,42.795,22.80
35875,180,S4,222.0,42.420,22.80
35876,180,S4,225.0,42.082,22.80
35877,180,S4,228.0,41.797,22.80
35878,180,S4,231.0,41.411,22.80
35879,180,S4,234.0,41.240,22.80
35880,180,S4,237.0,40.892,22.80
35881,180,S4,240.0,40.631,22.80
35882,180,S4,243.0,40.183,22.80
35883,180,S4,246.0,39.915,22.80
35884,180,S4,249.0,39.693,22.80
35885,180,S4,252.0,39.457,22.80
35886,180,S4,255.0,39.028,22.80
35887,180,S4,258.0,38.830,22.80
35888,180,S4,261.0,38.536,22.80
35889,180,S4,264.0,38.260,22.80
35890,180,S4,267.0,37.990,22.80
35891,180,S4,270.0,37.835,22.80
35892,180,S4,273.0,37.456,22.80
35893,180,S4,276.0,37.297,22.80
35894,180,S4,279.0,37.010,22.80
35895,180,S4,282.0,36.763,22.80
35896,180,S4,285.0,36.575,22.80
35897,180,S4,288.0,36.354,22.80
35898,180,S4,291.0,36.221,22.80
35899,180,S4,294.0,35.886,22.80
35900,180,S4,297.0,35.684,22.80
35901,180,S4,300.0,35.449,22.80
35902,180,S4,303.0,35.272,22.80
35903,180,S4,306.0,35.148,22.80
35904,180,S4,309.0,34.845,22.80
35905,180,S4,312.0,34.599,22.80
35906,180,S4,315.0,34.547,22.80
35907,180,S4,318.0,34.229,22.80
35908,180,S4,321.0,34.025,22.80
35909,180,S4,324.0,33.876,22.80
35910,180,S4,327.0,33.662,22.80
35911,180,S4,330.0,33.540,22.80
35912,180,S4,333.0,33.276,22.80
35913,180,S4,336.0,33.121,22.80
35914,180,S4,339.0,33.029,22.80
35915,180,S4,342.0,32.804,22.80
35916,180,S4,345.0,32.638,22.80
35917,180,S4,348.0,32.447,22.80
35918,180,S4,351.0,32.341,22.80
35919,180,S4,354.0,32.089,22.80
35920,180,S4,357.0,32.059,22.80
35921,180,S4,360.0,31.896,22.80
35922,180,S4,363.0,31.685,22.80
35923,180,S4,366.0,31.527,22.80
35924,180,S4,369.0,31.337,22.80
35925,180,S4,372.0,31.270,22.80
35926,180,S4,375.0,31.180,22.80
35927,180,S4,378.0,30.941,22.80
35928,180,S4,381.0,30.833,22.80
35929,180,S4,384.0,30.681,22.80
35930,180,S4,387.0,30.556,22.80
35931,180,S4,390.0,30.490,22.80
35932,180,S4,393.0,30.325,22.80
35933,180,S4,396.0,30.204,22.80
35934,180,S4,399.0,30.007,22.80
35935,180,S4,402.0,29.925,22.80
35936,180,S4,405.0,29.822,22.80
35937,180,S4,408.0,29.575,22.80
35938,180,S4,411.0,29.615,22.80
35939,180,S4,414.0,29.509,22.80
35940,180,S4,417.0,29.391,22.80
35941,180,S4,420.0,29.243,22.80
35942,180,S4,423.0,29.075,22.80
35943,180,S4,426.0,29.063,22.80
35944,180,S4,429.0,29.006,22.80
35945,180,S4,432.0,28.814,22.80
35946,180,S4,435.0,28.709,22.80
35947,180,S4,438.0,28.630,22.80
35948,180,S4,441.0,28.537,22.80
35949,180,S4,444.0,28.350,22.80
35950,180,S4,447.0,28.414,22.80
35951,180,S4,450.0,28.289,22.80
35952,180,S4,453.0,28.114,22.80
35953,180,S4,456.0,28.174,22.80
35954,180,S4,459.0,28.024,22.80
35955,180,S4,462.0,27.854,22.80
35956,180,S4,465.0,27.765,22.80
35957,180,S4,468.0,27.815,22.80
35958,180,S4,471.0,27.784,22.80
35959,180,S4,474.0,27.586,22.80
35960,180,S4,477.0,27.554,22.80
35961,180,S4,480.0,27.383,22.80
35962,180,S4,483.0,27.332,22.80
35963,180,S4,486.0,27.228,22.80
35964,180,S4,489.0,27.191,22.80
35965,180,S4,492.0,27.113,22.80
35966,180,S4,495.0,27.013,22.80
35967,180,S4,498.0,26.888,22.80
35968,180,S4,501.0,26.855,22.80
35969,180,S4,504.0,26.854,22.80
35970,180,S4,507.0,26.747,22.80
35971,180,S4,510.0,26.705,22.80
35972,180,S4,513.0,26.572,22.80
35973,180,S4,516.0,26.556,22.80
35974,180,S4,519.0,26.503,22.80
35975,180,S4,522.0,26.509,22.80
35976,180,S4,525.0,26.288,22.80
35977,180,S4,528.0,26.299,22.80
35978,180,S4,531.0,26.172,22.80
35979,180,S4,534.0,26.224,22.80
35980,180,S4,537.0,26.219,22.80
35981,180,S4,540.0,26.040,22.80
35982,180,S4,543.0,25.953,22.80
35983,180,S4,546.0,25.893,22.80
35984,180,S4,549.0,25.948,22.80
35985,180,S4,552.0,25.977,22.80
35986,180,S4,555.0,25.733,22.80
35987,180,S4,558.0,25.708,22.80
35988,180,S4,561.0,25.816,22.80
35989,180,S4,564.0,25.621,22.80
35990,180,S4,567.0,25.593,22.80
35991,180,S4,570.0,25.639,22.80
35992,180,S4,573.0,25.508,22.80
35993,180,S4,576.0,25.516,22.80
35994,180,S4,579.0,25.342,22.80
35995,180,S4,582.0,25.412,22.80
35996,180,S4,585.0,25.377,22.80
35997,180,S4,588.0,25.313,22.80
35998,180,S4,591.0,25.217,22.80
35999,180,S4,594.0,25.269,22.80
36000,180,S4,597.0,25.188,22.80
36001,181,S1,0.0,79.888,21.81
36002,181,S1,3.0,78.762,21.81
36003,181,S1,6.0,77.589,21.81
36004,181,S1,9.0,76.605,21.81
36005,181,S1,12.0,75.455,21.81
36006,181,S1,15.0,74.491,21.81
36007,181,S1,18.0,73.411,21.81
36008,181,S1,21.0,72.424,21.81
36009,181,S1,24.0,71.522,21.81
36010,181,S1,27.0,70.571,21.81
36011,181,S1,30.0,69.656,21.81
36012,181,S1,33.0,68.749,21.81
36013,181,S1,36.0,67.895,21.81
36014,181,S1,39.0,67.023,21.81
36015,181,S1,42.0,66.075,21.81
36016,181,S1,45.0,65.144,21.81
36017,181,S1,48.0,64.445,21.81
36018,181,S1,51.0,63.525,21.81
36019,181,S1,54.0,62.758,21.81
36020,181,S1,57.0,61.989,21.81
36021,181,S1,60.0,61.203,21.81
36022,181,S1,63.0,60.471,21.81
36023,181,S1,66.0,59.781,21.81
36024,181,S1,69.0,59.051,21.81
36025,181,S1,72.0,58.331,21.81
36026,181,S1,75.0,57.559,21.81
36027,181,S1,78.0,56.911,21.81
36028,181,S1,81.0,56.240,21.81
36029,181,S1,84.0,55.594,21.81
36030,181,S1,87.0,54.931,21.81
36031,181,S1,90.0,54.173,21.81
36032,181,S1,93.0,53.615,21.81
36033,181,S1,96.0,53.012,21.81
36034,181,S1,99.0,52.456,21.81
36035,181,S1,102.0,51.804,21.81
36036,181,S1,105.0,51.236,21.81
36037,181,S1,108.0,50.601,21.81
36038,181,S1,111.0,50.109,21.81
36039,181,S1,114.0,49.611,21.81
36040,181,S1,117.0,49.066,21.81
36041,181,S1,120.0,48.579,21.81
36042,181,S1,123.0,48.046,21.81
36043,181,S1,126.0,47.545,21.81
36044,181,S1,129.0,46.988,21.81
36045,181,S1,132.0,46.528,21.81
36046,181,S1,135.0,46.050,21.81
36047,181,S1,138.0,45.552,21.81
36048,181,S1,141.0,45.059,21.81
36049,181,S1,144.0,44.573,21.81
36050,181,S1,147.0,44.161,21.81
36051,181,S1,150.0,43.734,21.81
36052,181,S1,153.0,43.417,21.81
36053,181,S1,156.0,43.008,21.81
36054,181,S1,159.0,42.631,21.81
36055,181,S1,162.0,42.234,21.81
36056,181,S1,165.0,41.825,21.81
36057,181,S1,168.0,41.386,21.81
36058,181,S1,171.0,41.035,21.81
36059,181,S1,174.0,40.595,21.81
36060,181,S1,177.0,40.354,21.81
36061,181,S1,180.0,39.994,21.81
36062,181,S1,183.0,39.572,21.81
36063,181,S1,186.0,39.292,21.81
36064,181,S1,189.0,38.907,21.81
36065,181,S1,192.0,38.564,21.81
36066,181,S1,195.0,38.249,21.81
36067,181,S1,198.0,37.963,21.81
36068,181,S1,201.0,37.700,21.81
36069,181,S1,204.0,37.298,21.81
36070,181,S1,207.0,37.040,21.81
36071,181,S1,210.0,36.892,21.81
36072,181,S1,213.0,36.513,21.81
36073,181,S1,216.0,36.257,21.81
36074,181,S1,219.0,35.918,21.81
36075,181,S1,222.0,35.664,21.81
36076,181,S1,225.0,35.479,21.81
36077,181,S1,228.0,35.040,21.81
36078,181,S1,231.0,34.836,21.81
36079,181,S1,234.0,34.693,21.81
36080,181,S1,237.0,34.334,21.81
36081,181,S1,240.0,34.070,21.81
36082,181,S1,243.0,33.851,21.81
36083,181,S1,246.0,33.734,21.81
36084,181,S1,249.0,33.419,21.81
36085,181,S1,252.0,33.157,21.81
36086,181,S1,255.0,33.000,21.81
36087,181,S1,258.0,32.744,21.81
36088,181,S1,261.0,32.596,21.81
36089,181,S1,264.0,32.409,21.81
36090,181,S1,267.0,32.086,21.81
36091,181,S1,270.0,31.801,21.81
36092,181,S1,273.0,31.732,21.81
36093,181,S1,276.0,31.539,21.81
36094,181,S1,279.0,31.346,21.81
36095,181,S1,282.0,31.221,21.81
36096,181,S1,285.0,30.938,21.81
36097,181,S1,288.0,30.917,21.81
36098,181,S1,291.0,30.674,21.81
36099,181,S1,294.0,30.550,21.81
36100,181,S1,297.0,30.301,21.81
36101,181,S1,300.0,30.085,21.81
36102,181,S1,303.0,29.989,21.81
36103,181,S1,306.0,29.887,21.81
36104,181,S1,309.0,29.628,21.81
36105,181,S1,312.0,29.547,21.81
36106,181,S1,315.0,29.421,21.81
36107,181,S1,318.0,29.208,21.81
36108,181,S1,321.0,29.099,21.81
36109,181,S1,324.0,28.934,21.81
36110,181,S1,327.0,28.826,21.81
36111,181,S1,330.0,28.722,21.81
36112,181,S1,333.0,28.487,21.81
36113,181,S1,336.0,28.495,21.81
36114,181,S1,339.0,28.273,21.81
36115,181,S1,342.0,28.120,21.81
36116,181,S1,345.0,28.097,21.81
36117,181,S1,348.0,27.966,21.81
36118,181,S1,351.0,27.791,21.81
36119,181,S1,354.0,27.724,21.81
36120,181,S1,357.0,27.496,21.81
36121,181,S1,360.0,27.608,21.81
36122,181,S1,363.0,27.393,21.81
36123,181,S1,366.0,27.257,21.81
36124,181,S1,369.0,27.104,21.81
36125,181,S1,372.0,27.097,21.81
36126,181,S1,375.0,26.929,21.81
36127,181,S1,378.0,26.865,21.81
36128,181,S1,381.0,26.666,21.81
36129,181,S1,384.0,26.624,21.81
36130,181,S1,387.0,26.551,21.81
36131,181,S1,390.0,26.508,21.81
36132,181,S1,393.0,26.484,21.81
36133,181,S1,396.0,26.197,21.81
36134,181,S1,399.0,26.203,21.81
36135,181,S1,402.0,26.017,21.81
36136,181,S1,405.0,26.098,21.81
36137,181,S1,408.0,26.034,21.81
36138,181,S1,411.0,25.963,21.81
36139,181,S1,414.0,25.770,21.81
36140,181,S1,417.0,25.692,21.81
36141,181,S1,420.0,25.641,21.81
36142,181,S1,423.0,25.645,21.81
36143,181,S1,426.0,25.520,21.81
36144,181,S1,429.0,25.477,21.81
36145,181,S1,432.0,25.292,21.81
36146,181,S1,435.0,25.263,21.81
36147,181,S1,438.0,25.171,21.81
36148,181,S1,441.0,25.255,21.81
36149,181,S1,444.0,25.008,21.81
36150,181,S1,447.0,25.054,21.81
36151,181,S1,450.0,25.011,21.81
36152,181,S1,453.0,24.924,21.81
36153,181,S1,456.0,24.892,21.81
36154,181,S1,459.0,24.853,21.81
36155,181,S1,462.0,24.662,21.81
36156,181,S1,465.0,24.680,21.81
36157,181,S1,468.0,24.609,21.81
36158,181,S1,471.0,24.542,21.81
36159,181,S1,474.0,24.487,21.81
36160,181,S1,477.0,24.435,21.81
36161,181,S1,480.0,24.410,21.81
36162,181,S1,483.0,24.388,21.81
36163,181,S1,486.0,24.326,21.81
36164,181,S1,489.0,24.338,21.81
36165,181,S1,492.0,24.201,21.81
36166,181,S1,495.0,24.116,21.81
36167,181,S1,498.0,24.069,21.81
36168,181,S1,501.0,24.091,21.81
36169,181,S1,504.0,23.950,21.81
36170,181,S1,507.0,24.024,21.81
36171,181,S1,510.0,23.994,21.81
36172,181,S1,513.0,23.790,21.81
36173,181,S1,516.0,23.867,21.81
36174,181,S1,519.0,23.862,21.81
36175,181,S1,522.0,23.829,21.81
36176,181,S1,525.0,23.749,21.81
36177,181,S1,528.0,23.792,21.81
36178,181,S1,531.0,23.779,21.81
36179,181,S1,534.0,23.648,21.81
36180,181,S1,537.0,23.661,21.81
36181,181,S1,540.0,23.496,21.81
36182,181,S1,543.0,23.628,21.81
36183,181,S1,546.0,23.618,21.81
36184,181,S1,549.0,23.399,21.81
36185,181,S1,552.0,23.507,21.81
36186,181,S1,555.0,23.423,21.81
36187,181,S1,558.0,23.333,21.81
36188,181,S1,561.0,23.361,21.81
36189,181,S1,564.0,23.304,21.81
36190,181,S1,567.0,23.320,21.81
36191,181,S1,570.0,23.278,21.81
36192,181,S1,573.0,23.281,21.81
36193,181,S1,576.0,23.201,21.81
36194,181,S1,579.0,23.158,21.81
36195,181,S1,582.0,23.206,21.81
36196,181,S1,585.0,23.197,21.81
36197,181,S1,588.0,23.092,21.81
36198,181,S1,591.0,23.065,21.81
36199,181,S1,594.0,23.035,21.81
36200,181,S1,597.0,22.990,21.81
36201,182,S2,0.0,85.112,20.58
36202,182,S2,3.0,83.193,20.58
36203,182,S2,6.0,81.319,20.58
36204,182,S2,9.0,79.481,20.58
36205,182,S2,12.0,77.603,20.58
36206,182,S2,15.0,75.869,20.58
36207,182,S2,18.0,74.271,20.58
36208,182,S2,21.0,72.561,20.58
36209,182,S2,24.0,70.873,20.58
36210,182,S2,27.0,69.370,20.58
36211,182,S2,30.0,67.859,20.58
36212,182,S2,33.0,66.376,20.58
36213,182,S2,36.0,64.945,20.58
36214,182,S2,39.0,63.573,20.58
36215,182,S2,42.0,62.265,20.58
36216,182,S2,45.0,61.015,20.58
36217,182,S2,48.0,59.771,20.58
36218,182,S2,51.0,58.536,20.58
36219,182,S2,54.0,57.346,20.58
36220,182,S2,57.0,56.247,20.58
36221,182,S2,60.0,55.247,20.58
36222,182,S2,63.0,54.140,20.58
36223,182,S2,66.0,53.181,20.58
36224,182,S2,69.0,52.108,20.58
36225,182,S2,72.0,51.111,20.58
36226,182,S2,75.0,50.173,20.58
36227,182,S2,78.0,49.266,20.58
36228,182,S2,81.0,48.379,20.58
36229,182,S2,84.0,47.534,20.58
36230,182,S2,87.0,46.687,20.58
36231,182,S2,90.0,45.881,20.58
36232,182,S2,93.0,45.011,20.58
36233,182,S2,96.0,44.355,20.58
36234,182,S2,99.0,43.564,20.58
36235,182,S2,102.0,42.903,20.58
36236,182,S2,105.0,42.229,20.58
36237,182,S2,108.0,41.490,20.58
36238,182,S2,111.0,40.964,20.58
36239,182,S2,114.0,40.301,20.58
36240,182,S2,117.0,39.633,20.58
36241,182,S2,120.0,39.052,20.58
36242,182,S2,123.0,38.513,20.58
36243,182,S2,126.0,38.020,20.58
36244,182,S2,129.0,37.507,20.58
36245,182,S2,132.0,36.988,20.58
36246,182,S2,135.0,36.490,20.58
36247,182,S2,138.0,35.974,20.58
36248,182,S2,141.0,35.399,20.58
36249,182,S2,144.0,35.008,20.58
36250,182,S2,147.0,34.560,20.58
36251,182,S2,150.0,34.122,20.58
36252,182,S2,153.0,33.700,20.58
36253,182,S2,156.0,33.286,20.58
36254,182,S2,159.0,32.958,20.58
36255,182,S2,162.0,32.618,20.58
36256,182,S2,165.0,32.179,20.58
36257,182,S2,168.0,31.804,20.58
36258,182,S2,171.0,31.436,20.58
36259,182,S2,174.0,31.089,20.58
36260,182,S2,177.0,30.718,20.58
36261,182,S2,180.0,30.523,20.58
36262,182,S2,183.0,30.203,20.58
36263,182,S2,186.0,29.903,20.58
36264,182,S2,189.0,29.660,20.58
36265,182,S2,192.0,29.344,20.58
36266,182,S2,195.0,29.020,20.58
36267,182,S2,198.0,28.833,20.58
36268,182,S2,201.0,28.577,20.58
36269,182,S2,204.0,28.367,20.58
36270,182,S2,207.0,28.071,20.58
36271,182,S2,210.0,27.915,20.58
36272,182,S2,213.0,27.602,20.58
36273,182,S2,216.0,27.412,20.58
36274,182,S2,219.0,27.171,20.58
36275,182,S2,222.0,27.088,20.58
36276,182,S2,225.0,26.817,20.58
36277,182,S2,228.0,26.636,20.58
36278,182,S2,231.0,26.437,20.58
36279,182,S2,234.0,26.236,20.58
36280,182,S2,237.0,26.005,20.58
36281,182,S2,240.0,25.850,20.58
36282,182,S2,243.0,25.753,20.58
36283,182,S2,246.0,25.661,20.58
36284,182,S2,249.0,25.442,20.58
36285,182,S2,252.0,25.200,20.58
36286,182,S2,255.0,25.111,20.58
36287,182,S2,258.0,24.937,20.58
36288,182,S2,261.0,24.934,20.58
36289,182,S2,264.0,24.732,20.58
36290,182,S2,267.0,24.641,20.58
36291,182,S2,270.0,24.524,20.58
36292,182,S2,273.0,24.372,20.58
36293,182,S2,276.0,24.152,20.58
36294,182,S2,279.0,24.183,20.58
36295,182,S2,282.0,24.054,20.58
36296,182,S2,285.0,23.932,20.58
36297,182,S2,288.0,23.797,20.58
36298,182,S2,291.0,23.715,20.58
36299,182,S2,294.0,23.539,20.58
36300,182,S2,297.0,23.458,20.58
36301,182,S2,300.0,23.368,20.58
36302,182,S2,303.0,23.361,20.58
36303,182,S2,306.0,23.320,20.58
36304,182,S2,309.0,23.111,20.58
36305,182,S2,312.0,23.059,20.58
36306,182,S2,315.0,23.070,20.58
36307,182,S2,318.0,22.960,20.58
36308,182,S2,321.0,22.862,20.58
36309,182,S2,324.0,22.830,20.58
36310,182,S2,327.0,22.708,20.58
36311,182,S2,330.0,22.693,20.58
36312,182,S2,333.0,22.554,20.58
36313,182,S2,336.0,22.461,20.58
36314,182,S2,339.0,22.471,20.58
36315,182,S2,342.0,22.320,20.58
36316,182,S2,345.0,22.414,20.58
36317,182,S2,348.0,22.222,20.58
36318,182,S2,351.0,22.190,20.58
36319,182,S2,354.0,22.231,20.58
36320,182,S2,357.0,22.179,20.58
36321,182,S2,360.0,22.011,20.58
36322,182,S2,363.0,22.128,20.58
36323,182,S2,366.0,22.092,20.58
36324,182,S2,369.0,21.979,20.58
36325,182,S2,372.0,22.024,20.58
36326,182,S2,375.0,21.863,20.58
36327,182,S2,378.0,21.751,20.58
36328,182,S2,381.0,21.866,20.58
36329,182,S2,384.0,21.713,20.58
36330,182,S2,387.0,21.759,20.58
36331,182,S2,390.0,21.709,20.58
36332,182,S2,393.0,21.626,20.58
36333,182,S2,396.0,21.714,20.58
36334,182,S2,399.0,21.598,20.58
36335,182,S2,402.0,21.572,20.58
36336,182,S2,405.0,21.587,20.58
36337,182,S2,408.0,21.493,20.58
36338,182,S2,411.0,21.464,20.58
36339,182,S2,414.0,21.535,20.58
36340,182,S2,417.0,21.472,20.58
36341,182,S2,420.0,21.449,20.58
36342,182,S2,423.0,21.417,20.58
36343,182,S2,426.0,21.331,20.58
36344,182,S2,429.0,21.365,20.58
36345,182,S2,432.0,21.214,20.58
36346,182,S2,435.0,21.292,20.58
36347,182,S2,438.0,21.220,20.58
36348,182,S2,441.0,21.152,20.58
36349,182,S2,444.0,21.250,20.58
36350,182,S2,447.0,21.239,20.58
36351,182,S2,450.0,21.156,20.58
36352,182,S2,453.0,21.131,20.58
36353,182,S2,456.0,21.162,20.58
36354,182,S2,459.0,21.179,20.58
36355,182,S2,462.0,21.224,20.58
36356,182,S2,465.0,21.164,20.58
36357,182,S2,468.0,21.023,20.58
36358,182,S2,471.0,21.047,20.58
36359,182,S2,474.0,20.948,20.58
36360,182,S2,477.0,21.043,20.58
36361,182,S2,480.0,20.958,20.58
36362,182,S2,483.0,20.887,20.58
36363,182,S2,486.0,21.029,20.58
36364,182,S2,489.0,20.956,20.58
36365,182,S2,492.0,20.898,20.58
36366,182,S2,495.0,21.001,20.58
36367,182,S2,498.0,20.965,20.58
36368,182,S2,501.0,20.849,20.58
36369,182,S2,504.0,20.917,20.58
36370,182,S2,507.0,20.990,20.58
36371,182,S2,510.0,20.894,20.58
36372,182,S2,513.0,20.943,20.58
36373,182,S2,516.0,20.899,20.58
36374,182,S2,519.0,20.897,20.58
36375,182,S2,522.0,20.843,20.58
36376,182,S2,525.0,20.827,20.58
36377,182,S2,528.0,20.888,20.58
36378,182,S2,531.0,20.857,20.58
36379,182,S2,534.0,20.800,20.58
36380,182,S2,537.0,20.778,20.58
36381,182,S2,540.0,20.822,20.58
36382,182,S2,543.0,20.873,20.58
36383,182,S2,546.0,20.769,20.58
36384,182,S2,549.0,20.756,20.58
36385,182,S2,552.0,20.774,20.58
36386,182,S2,555.0,20.614,20.58
36387,182,S2,558.0,20.750,20.58
36388,182,S2,561.0,20.738,20.58
36389,182,S2,564.0,20.738,20.58
36390,182,S2,567.0,20.834,20.58
36391,182,S2,570.0,20.784,20.58
36392,182,S2,573.0,20.722,20.58
36393,182,S2,576.0,20.759,20.58
36394,182,S2,579.0,20.705,20.58
36395,182,S2,582.0,20.787,20.58
36396,182,S2,585.0,20.740,20.58
36397,182,S2,588.0,20.779,20.58
36398,182,S2,591.0,20.707,20.58
36399,182,S2,594.0,20.675,20.58
36400,182,S2,597.0,20.666,20.58
36401,183,S3,0.0,75.630,20.82
36402,183,S3,3.0,74.230,20.82
36403,183,S3,6.0,72.864,20.82
36404,183,S3,9.0,71.439,20.82
36405,183,S3,12.0,70.016,20.82
36406,183,S3,15.0,68.750,20.82
36407,183,S3,18.0,67.629,20.82
36408,183,S3,21.0,66.363,20.82
36409,183,S3,24.0,65.089,20.82
36410,183,S3,27.0,63.933,20.82
36411,183,S3,30.0,62.843,20.82
36412,183,S3,33.0,61.648,20.82
36413,183,S3,36.0,60.637,20.82
36414,183,S3,39.0,59.506,20.82
36415,183,S3,42.0,58.542,20.82
36416,183,S3,45.0,57.401,20.82
36417,183,S3,48.0,56.526,20.82
36418,183,S3,51.0,55.529,20.82
36419,183,S3,54.0,54.560,20.82
36420,183,S3,57.0,53.829,20.82
36421,183,S3,60.0,52.905,20.82
36422,183,S3,63.0,52.040,20.82
36423,183,S3,66.0,51.217,20.82
36424,183,S3,69.0,50.432,20.82
36425,183,S3,72.0,49.562,20.82
36426,183,S3,75.0,48.857,20.82
36427,183,S3,78.0,48.171,20.82
36428,183,S3,81.0,47.455,20.82
36429,183,S3,84.0,46.799,20.82
36430,183,S3,87.0,46.056,20.82
36431,183,S3,90.0,45.333,20.82
36432,183,S3,93.0,44.604,20.82
36433,183,S3,96.0,44.089,20.82
36434,183,S3,99.0,43.470,20.82
36435,183,S3,102.0,42.823,20.82
36436,183,S3,105.0,42.182,20.82
36437,183,S3,108.0,41.631,20.82
36438,183,S3,111.0,41.157,20.82
36439,183,S3,114.0,40.537,20.82
36440,183,S3,117.0,40.007,20.82
36441,183,S3,120.0,39.627,20.82
36442,183,S3,123.0,39.059,20.82
36443,183,S3,126.0,38.612,20.82
36444,183,S3,129.0,38.120,20.82
36445,183,S3,132.0,37.623,20.82
36446,183,S3,135.0,37.196,20.82
36447,183,S3,138.0,36.809,20.82
36448,183,S3,141.0,36.322,20.82
36449,183,S3,144.0,35.957,20.82
36450,183,S3,147.0,35.557,20.82
36451,183,S3,150.0,35.196,20.82
36452,183,S3,153.0,34.788,20.82
36453,183,S3,156.0,34.401,20.82
36454,183,S3,159.0,34.054,20.82
36455,183,S3,162.0,33.741,20.82
36456,183,S3,165.0,33.391,20.82
36457,183,S3,168.0,32.947,20.82
36458,183,S3,171.0,32.695,20.82
36459,183,S3,174.0,32.302,20.82
36460,183,S3,177.0,32.091,20.82
36461,183,S3,180.0,31.640,20.82
36462,183,S3,183.0,31.519,20.82
36463,183,S3,186.0,31.251,20.82
36464,183,S3,189.0,30.916,20.82
36465,183,S3,192.0,30.742,20.82
36466,183,S3,195.0,30.314,20.82
36467,183,S3,198.0,30.269,20.82
36468,183,S3,201.0,29.924,20.82
36469,183,S3,204.0,29.579,20.82
36470,183,S3,207.0,29.456,20.82
36471,183,S3,210.0,29.192,20.82
36472,183,S3,213.0,29.068,20.82
36473,183,S3,216.0,28.773,20.82
36474,183,S3,219.0,28.513,20.82
36475,183,S3,222.0,28.354,20.82
36476,183,S3,225.0,28.146,20.82
36477,183,S3,228.0,27.923,20.82
36478,183,S3,231.0,27.850,20.82
36479,183,S3,234.0,27.505,20.82
36480,183,S3,237.0,27.408,20.82
36481,183,S3,240.0,27.219,20.82
36482,183,S3,243.0,27.080,20.82
36483,183,S3,246.0,26.846,20.82
36484,183,S3,249.0,26.749,20.82
36485,183,S3,252.0,26.569,20.82
36486,183,S3,255.0,26.414,20.82
36487,183,S3,258.0,26.293,20.82
36488,183,S3,261.0,26.236,20.82
36489,183,S3,264.0,25.922,20.82
36490,183,S3,267.0,25.798,20.82
36491,183,S3,270.0,25.653,20.82
36492,183,S3,273.0,25.623,20.82
36493,183,S3,276.0,25.456,20.82
36494,183,S3,279.0,25.345,20.82
36495,183,S3,282.0,25.213,20.82
36496,183,S3,285.0,25.072,20.82
36497,183,S3,288.0,25.054,20.82
36498,183,S3,291.0,24.961,20.82
36499,183,S3,294.0,24.716,20.82
36500,183,S3,297.0,24.656,20.82
36501,183,S3,300.0,24.534,20.82
36502,183,S3,303.0,24.506,20.82
36503,183,S3,306.0,24.394,20.82
36504,183,S3,309.0,24.325,20.82
36505,183,S3,312.0,24.185,20.82
36506,183,S3,315.0,24.071,20.82
36507,183,S3,318.0,24.051,20.82
36508,183,S3,321.0,24.047,20.82
36509,183,S3,324.0,23.801,20.82
36510,183,S3,327.0,23.668,20.82
36511,183,S3,330.0,23.592,20.82
36512,183,S3,333.0,23.674,20.82
36513,183,S3,336.0,23.494,20.82
36514,183,S3,339.0,23.415,20.82
36515,183,S3,342.0,23.415,20.82
36516,183,S3,345.0,23.393,20.82
36517,183,S3,348.0,23.190,20.82
36518,183,S3,351.0,23.126,20.82
36519,183,S3,354.0,23.138,20.82
36520,183,S3,357.0,23.058,20.82
36521,183,S3,360.0,22.962,20.82
36522,183,S3,363.0,22.958,20.82
36523,183,S3,366.0,22.937,20.82
36524,183,S3,369.0,22.791,20.82
36525,183,S3,372.0,22.698,20.82
36526,183,S3,375.0,22.675,20.82
36527,183,S3,378.0,22.685,20.82
36528,183,S3,381.0,22.539,20.82
36529,183,S3,384.0,22.447,20.82
36530,183,S3,387.0,22.526,20.82
36531,183,S3,390.0,22.475,20.82
36532,183,S3,393.0,22.378,20.82
36533,183,S3,396.0,22.297,20.82
36534,183,S3,399.0,22.338,20.82
36535,183,S3,402.0,22.357,20.82
36536,183,S3,405.0,22.343,20.82
36537,183,S3,408.0,22.293,20.82
36538,183,S3,411.0,22.161,20.82
36539,183,S3,414.0,22.130,20.82
36540,183,S3,417.0,22.197,20.82
36541,183,S3,420.0,22.116,20.82
36542,183,S3,423.0,21.974,20.82
36543,183,S3,426.0,22.076,20.82
36544,183,S3,429.0,21.922,20.82
36545,183,S3,432.0,21.995,20.82
36546,183,S3,435.0,22.008,20.82
36547,183,S3,438.0,21.896,20.82
36548,183,S3,441.0,21.818,20.82
36549,183,S3,444.0,21.874,20.82
36550,183,S3,447.0,21.822,20.82
36551,183,S3,450.0,21.805,20.82
36552,183,S3,453.0,21.713,20.82
36553,183,S3,456.0,21.836,20.82
36554,183,S3,459.0,21.780,20.82
36555,183,S3,462.0,21.710,20.82
36556,183,S3,465.0,21.633,20.82
36557,183,S3,468.0,21.626,20.82
36558,183,S3,471.0,21.655,20.82
36559,183,S3,474.0,21.635,20.82
36560,183,S3,477.0,21.593,20.82
36561,183,S3,480.0,21.666,20.82
36562,183,S3,483.0,21.506,20.82
36563,183,S3,486.0,21.565,20.82
36564,183,S3,489.0,21.528,20.82
36565,183,S3,492.0,21.509,20.82
36566,183,S3,495.0,21.380,20.82
36567,183,S3,498.0,21.431,20.82
36568,183,S3,501.0,21.507,20.82
36569,183,S3,504.0,21.381,20.82
36570,183,S3,507.0,21.390,20.82
36571,183,S3,510.0,21.363,20.82
36572,183,S3,513.0,21.410,20.82
36573,183,S3,516.0,21.364,20.82
36574,183,S3,519.0,21.296,20.82
36575,183,S3,522.0,21.336,20.82
36576,183,S3,525.0,21.343,20.82
36577,183,S3,528.0,21.175,20.82
36578,183,S3,531.0,21.198,20.82
36579,183,S3,534.0,21.277,20.82
36580,183,S3,537.0,21.223,20.82
36581,183,S3,540.0,21.235,20.82
36582,183,S3,543.0,21.309,20.82
36583,183,S3,546.0,21.263,20.82
36584,183,S3,549.0,21.169,20.82
36585,183,S3,552.0,21.241,20.82
36586,183,S3,555.0,21.174,20.82
36587,183,S3,558.0,21.181,20.82
36588,183,S3,561.0,21.137,20.82
36589,183,S3,564.0,21.232,20.82
36590,183,S3,567.0,21.197,20.82
36591,183,S3,570.0,21.078,20.82
36592,183,S3,573.0,21.142,20.82
36593,183,S3,576.0,21.163,20.82
36594,183,S3,579.0,21.102,20.82
36595,183,S3,582.0,21.111,20.82
36596,183,S3,585.0,21.197,20.82
36597,183,S3,588.0,21.151,20.82
36598,183,S3,591.0,21.017,20.82
36599,183,S3,594.0,21.060,20.82
36600,183,S3,597.0,21.075,20.82
36601,184,S4,0.0,85.714,20.73
36602,184,S4,3.0,84.485,20.73
36603,184,S4,6.0,83.222,20.73
36604,184,S4,9.0,81.926,20.73
36605,184,S4,12.0,80.862,20.73
36606,184,S4,15.0,79.607,20.73
36607,184,S4,18.0,78.442,20.73
36608,184,S4,21.0,77.241,20.73
36609,184,S4,24.0,76.209,20.73
36610,184,S4,27.0,75.098,20.73
36611,184,S4,30.0,74.083,20.73
36612,184,S4,33.0,73.067,20.73
36613,184,S4,36.0,71.952,20.73
36614,184,S4,39.0,70.939,20.73
36615,184,S4,42.0,70.005,20.73
36616,184,S4,45.0,68.981,20.73
36617,184,S4,48.0,68.069,20.73
36618,184,S4,51.0,67.120,20.73
36619,184,S4,54.0,66.242,20.73
36620,184,S4,57.0,65.378,20.73
36621,184,S4,60.0,64.495,20.73
36622,184,S4,63.0,63.549,20.73
36623,184,S4,66.0,62.716,20.73
36624,184,S4,69.0,61.930,20.73
36625,184,S4,72.0,61.257,20.73
36626,184,S4,75.0,60.281,20.73
36627,184,S4,78.0,59.468,20.73
36628,184,S4,81.0,58.760,20.73
36629,184,S4,84.0,58.046,20.73
36630,184,S4,87.0,57.293,20.73
36631,184,S4,90.0,56.524,20.73
36632,184,S4,93.0,55.783,20.73
36633,184,S4,96.0,55.144,20.73
36634,184,S4,99.0,54.598,20.73
36635,184,S4,102.0,53.792,20.73
36636,184,S4,105.0,53.143,20.73
36637,184,S4,108.0,52.510,20.73
36638,184,S4,111.0,51.926,20.73
36639,184,S4,114.0,51.351,20.73
36640,184,S4,117.0,50.710,20.73
36641,184,S4,120.0,50.196,20.73
36642,184,S4,123.0,49.555,20.73
36643,184,S4,126.0,48.997,20.73
36644,184,S4,129.0,48.419,20.73
36645,184,S4,132.0,47.890,20.73
36646,184,S4,135.0,47.308,20.73
36647,184,S4,138.0,46.803,20.73
36648,184,S4,141.0,46.363,20.73
36649,184,S4,144.0,45.795,20.73
36650,184,S4,147.0,45.320,20.73
36651,184,S4,150.0,44.838,20.73
36652,184,S4,153.0,44.295,20.73
36653,184,S4,156.0,43.863,20.73
36654,184,S4,159.0,43.524,20.73
36655,184,S4,162.0,43.054,20.73
36656,184,S4,165.0,42.557,20.73
36657,184,S4,168.0,42.194,20.73
36658,184,S4,171.0,41.709,20.73
36659,184,S4,174.0,41.221,20.73
36660,184,S4,177.0,40.957,20.73
36661,184,S4,180.0,40.491,20.73
36662,184,S4,183.0,40.142,20.73
36663,184,S4,186.0,39.669,20.73
36664,184,S4,189.0,39.368,20.73
36665,184,S4,192.0,38.945,20.73
36666,184,S4,195.0,38.575,20.73
36667,184,S4,198.0,38.280,20.73
36668,184,S4,201.0,37.953,20.73
36669,184,S4,204.0,37.640,20.73
36670,184,S4,207.0,37.273,20.73
36671,184,S4,210.0,36.913,20.73
36672,184,S4,213.0,36.610,20.73
36673,184,S4,216.0,36.281,20.73
36674,184,S4,219.0,35.937,20.73
36675,184,S4,222.0,35.668,20.73
36676,184,S4,225.0,35.370,20.73
36677,184,S4,228.0,35.125,20.73
36678,184,S4,231.0,34.811,20.73
36679,184,S4,234.0,34.551,20.73
36680,184,S4,237.0,34.239,20.73
36681,184,S4,240.0,34.033,20.73
36682,184,S4,243.0,33.750,20.73
36683,184,S4,246.0,33.425,20.73
36684,184,S4,249.0,33.239,20.73
36685,184,S4,252.0,33.095,20.73
36686,184,S4,255.0,32.680,20.73
36687,184,S4,258.0,32.445,20.73
36688,184,S4,261.0,32.294,20.73
36689,184,S4,264.0,31.996,20.73
36690,184,S4,267.0,31.812,20.73
36691,184,S4,270.0,31.587,20.73
36692,184,S4,273.0,31.422,20.73
36693,184,S4,276.0,31.167,20.73
36694,184,S4,279.0,31.023,20.73
36695,184,S4,282.0,30.735,20.73
36696,184,S4,285.0,30.612,20.73
36697,184,S4,288.0,30.476,20.73
36698,184,S4,291.0,30.210,20.73
36699,184,S4,294.0,30.085,20.73
36700,184,S4,297.0,29.834,20.73
36701,184,S4,300.0,29.620,20.73
36702,184,S4,303.0,29.466,20.73
36703,184,S4,306.0,29.268,20.73
36704,184,S4,309.0,29.110,20.73
36705,184,S4,312.0,28.980,20.73
36706,184,S4,315.0,28.845,20.73
36707,184,S4,318.0,28.659,20.73
36708,184,S4,321.0,28.487,20.73
36709,184,S4,324.0,28.217,20.73
36710,184,S4,327.0,28.214,20.73
36711,184,S4,330.0,28.108,20.73
36712,184,S4,333.0,27.846,20.73
36713,184,S4,336.0,27.765,20.73
36714,184,S4,339.0,27.580,20.73
36715,184,S4,342.0,27.441,20.73
36716,184,S4,345.0,27.292,20.73
36717,184,S4,348.0,27.291,20.73
36718,184,S4,351.0,27.104,20.73
36719,184,S4,354.0,27.002,20.73
36720,184,S4,357.0,26.782,20.73
36721,184,S4,360.0,26.744,20.73
36722,184,S4,363.0,26.698,20.73
36723,184,S4,366.0,26.454,20.73
36724,184,S4,369.0,26.397,20.73
36725,184,S4,372.0,26.327,20.73
36726,184,S4,375.0,26.143,20.73
36727,184,S4,378.0,26.074,20.73
36728,184,S4,381.0,25.994,20.73
36729,184,S4,384.0,25.863,20.73
36730,184,S4,387.0,25.799,20.73
36731,184,S4,390.0,25.721,20.73
36732,184,S4,393.0,25.487,20.73
36733,184,S4,396.0,25.453,20.73
36734,184,S4,399.0,25.354,20.73
36735,184,S4,402.0,25.319,20.73
36736,184,S4,405.0,25.115,20.73
36737,184,S4,408.0,25.072,20.73
36738,184,S4,411.0,25.054,20.73
36739,184,S4,414.0,24.896,20.73
36740,184,S4,417.0,24.944,20.73
36741,184,S4,420.0,24.713,20.73
36742,184,S4,423.0,24.697,20.73
36743,184,S4,426.0,24.630,20.73
36744,184,S4,429.0,24.560,20.73
36745,184,S4,432.0,24.391,20.73
36746,184,S4,435.0,24.344,20.73
36747,184,S4,438.0,24.389,20.73
36748,184,S4,441.0,24.225,20.73
36749,184,S4,444.0,24.166,20.73
36750,184,S4,447.0,24.103,20.73
36751,184,S4,450.0,24.103,20.73
36752,184,S4,453.0,24.033,20.73
36753,184,S4,456.0,23.989,20.73
36754,184,S4,459.0,23.914,20.73
36755,184,S4,462.0,23.724,20.73
36756,184,S4,465.0,23.815,20.73
36757,184,S4,468.0,23.760,20.73
36758,184,S4,471.0,23.669,20.73
36759,184,S4,474.0,23.539,20.73
36760,184,S4,477.0,23.459,20.73
36761,184,S4,480.0,23.368,20.73
36762,184,S4,483.0,23.379,20.73
36763,184,S4,486.0,23.258,20.73
36764,184,S4,489.0,23.340,20.73
36765,184,S4,492.0,23.167,20.73
36766,184,S4,495.0,23.189,20.73
36767,184,S4,498.0,23.171,20.73
36768,184,S4,501.0,23.194,20.73
36769,184,S4,504.0,22.991,20.73
36770,184,S4,507.0,23.016,20.73
36771,184,S4,510.0,22.999,20.73
36772,184,S4,513.0,22.983,20.73
36773,184,S4,516.0,22.911,20.73
36774,184,S4,519.0,22.810,20.73
36775,184,S4,522.0,22.774,20.73
36776,184,S4,525.0,22.656,20.73
36777,184,S4,528.0,22.694,20.73
36778,184,S4,531.0,22.661,20.73
36779,184,S4,534.0,22.640,20.73
36780,184,S4,537.0,22.620,20.73
36781,184,S4,540.0,22.541,20.73
36782,184,S4,543.0,22.494,20.73
36783,184,S4,546.0,22.465,20.73
36784,184,S4,549.0,22.368,20.73
36785,184,S4,552.0,22.430,20.73
36786,184,S4,555.0,22.333,20.73
36787,184,S4,558.0,22.354,20.73
36788,184,S4,561.0,22.277,20.73
36789,184,S4,564.0,22.252,20.73
36790,184,S4,567.0,22.241,20.73
36791,184,S4,570.0,22.189,20.73
36792,184,S4,573.0,22.196,20.73
36793,184,S4,576.0,22.117,20.73
36794,184,S4,579.0,22.135,20.73
36795,184,S4,582.0,22.002,20.73
36796,184,S4,585.0,22.051,20.73
36797,184,S4,588.0,22.046,20.73
36798,184,S4,591.0,21.975,20.73
36799,184,S4,594.0,21.975,20.73
36800,184,S4,597.0,22.002,20.73
36801,185,S1,0.0,74.189,20.16
36802,185,S1,3.0,72.466,20.16
36803,185,S1,6.0,70.805,20.16
36804,185,S1,9.0,69.143,20.16
36805,185,S1,12.0,67.535,20.16
36806,185,S1,15.0,65.942,20.16
36807,185,S1,18.0,64.497,20.16
36808,185,S1,21.0,63.076,20.16
36809,185,S1,24.0,61.682,20.16
36810,185,S1,27.0,60.381,20.16
36811,185,S1,30.0,59.105,20.16
36812,185,S1,33.0,57.834,20.16
36813,185,S1,36.0,56.598,20.16
36814,185,S1,39.0,55.450,20.16
36815,185,S1,42.0,54.248,20.16
36816,185,S1,45.0,53.244,20.16
36817,185,S1,48.0,52.069,20.16
36818,185,S1,51.0,51.024,20.16
36819,185,S1,54.0,50.082,20.16
36820,185,S1,57.0,49.092,20.16
36821,185,S1,60.0,48.216,20.16
36822,185,S1,63.0,47.242,20.16
36823,185,S1,66.0,46.360,20.16
36824,185,S1,69.0,45.559,20.16
36825,185,S1,72.0,44.744,20.16
36826,185,S1,75.0,43.957,20.16
36827,185,S1,78.0,43.167,20.16
36828,185,S1,81.0,42.378,20.16
36829,185,S1,84.0,41.662,20.16
36830,185,S1,87.0,40.991,20.16
36831,185,S1,90.0,40.301,20.16
36832,185,S1,93.0,39.596,20.16
36833,185,S1,96.0,38.966,20.16
36834,185,S1,99.0,38.405,20.16
36835,185,S1,102.0,37.824,20.16
36836,185,S1,105.0,37.279,20.16
36837,185,S1,108.0,36.589,20.16
36838,185,S1,111.0,36.207,20.16
36839,185,S1,114.0,35.630,20.16
36840,185,S1,117.0,35.091,20.16
36841,185,S1,120.0,34.687,20.16
36842,185,S1,123.0,34.085,20.16
36843,185,S1,126.0,33.727,20.16
36844,185,S1,129.0,33.261,20.16
36845,185,S1,132.0,32.920,20.16
36846,185,S1,135.0,32.488,20.16
36847,185,S1,138.0,32.098,20.16
36848,185,S1,141.0,31.718,20.16
36849,185,S1,144.0,31.278,20.16
36850,185,S1,147.0,30.921,20.16
36851,185,S1,150.0,30.643,20.16
36852,185,S1,153.0,30.233,20.16
36853,185,S1,156.0,29.912,20.16
36854,185,S1,159.0,29.635,20.16
36855,185,S1,162.0,29.258,20.16
36856,185,S1,165.0,28.998,20.16
36857,185,S1,168.0,28.706,20.16
36858,185,S1,171.0,28.415,20.16
36859,185,S1,174.0,28.067,20.16
36860,185,S1,177.0,27.892,20.16
36861,185,S1,180.0,27.631,20.16
36862,185,S1,183.0,27.450,20.16
36863,185,S1,186.0,27.169,20.16
36864,185,S1,189.0,26.883,20.16
36865,185,S1,192.0,26.798,20.16
36866,185,S1,195.0,26.453,20.16
36867,185,S1,198.0,26.340,20.16
36868,185,S1,201.0,26.114,20.16
36869,185,S1,204.0,25.915,20.16
36870,185,S1,207.0,25.672,20.16
36871,185,S1,210.0,25.564,20.16
36872,185,S1,213.0,25.395,20.16
36873,185,S1,216.0,25.279,20.16
36874,185,S1,219.0,25.099,20.16
36875,185,S1,222.0,24.820,20.16
36876,185,S1,225.0,24.686,20.16
36877,185,S1,228.0,24.570,20.16
36878,185,S1,231.0,24.476,20.16
36879,185,S1,234.0,24.308,20.16
36880,185,S1,237.0,24.186,20.16
36881,185,S1,240.0,24.127,20.16
36882,185,S1,243.0,23.982,20.16
36883,185,S1,246.0,23.830,20.16
36884,185,S1,249.0,23.694,20.16
36885,185,S1,252.0,23.536,20.16
36886,185,S1,255.0,23.457,20.16
36887,185,S1,258.0,23.359,20.16
36888,185,S1,261.0,23.285,20.16
36889,185,S1,264.0,23.100,20.16
36890,185,S1,267.0,23.059,20.16
36891,185,S1,270.0,22.980,20.16
36892,185,S1,273.0,22.771,20.16
36893,185,S1,276.0,22.785,20.16
36894,185,S1,279.0,22.681,20.16
36895,185,S1,282.0,22.585,20.16
36896,185,S1,285.0,22.493,20.16
36897,185,S1,288.0,22.437,20.16
36898,185,S1,291.0,22.351,20.16
36899,185,S1,294.0,22.252,20.16
36900,185,S1,297.0,22.269,20.16
36901,185,S1,300.0,22.141,20.16
36902,185,S1,303.0,22.210,20.16
36903,185,S1,306.0,21.908,20.16
36904,185,S1,309.0,21.966,20.16
36905,185,S1,312.0,21.915,20.16
36906,185,S1,315.0,21.823,20.16
36907,185,S1,318.0,21.798,20.16
36908,185,S1,321.0,21.739,20.16
36909,185,S1,324.0,21.749,20.16
36910,185,S1,327.0,21.646,20.16
36911,185,S1,330.0,21.641,20.16
36912,185,S1,333.0,21.550,20.16
36913,185,S1,336.0,21.528,20.16
36914,185,S1,339.0,21.479,20.16
36915,185,S1,342.0,21.410,20.16
36916,185,S1,345.0,21.392,20.16
36917,185,S1,348.0,21.303,20.16
36918,185,S1,351.0,21.303,20.16
36919,185,S1,354.0,21.216,20.16
36920,185,S1,357.0,21.175,20.16
36921,185,S1,360.0,21.184,20.16
36922,185,S1,363.0,21.164,20.16
36923,185,S1,366.0,21.130,20.16
36924,185,S1,369.0,21.151,20.16
36925,185,S1,372.0,21.047,20.16
36926,185,S1,375.0,21.014,20.16
36927,185,S1,378.0,20.957,20.16
36928,185,S1,381.0,21.078,20.16
36929,185,S1,384.0,20.994,20.16
36930,185,S1,387.0,20.881,20.16
36931,185,S1,390.0,20.885,20.16
36932,185,S1,393.0,20.886,20.16
36933,185,S1,396.0,20.901,20.16
36934,185,S1,399.0,20.828,20.16
36935,185,S1,402.0,20.813,20.16
36936,185,S1,405.0,20.781,20.16
36937,185,S1,408.0,20.780,20.16
36938,185,S1,411.0,20.687,20.16
36939,185,S1,414.0,20.753,20.16
36940,185,S1,417.0,20.792,20.16
36941,185,S1,420.0,20.628,20.16
36942,185,S1,423.0,20.709,20.16
36943,185,S1,426.0,20.610,20.16
36944,185,S1,429.0,20.694,20.16
36945,185,S1,432.0,20.594,20.16
36946,185,S1,435.0,20.631,20.16
36947,185,S1,438.0,20.558,20.16
36948,185,S1,441.0,20.637,20.16
36949,185,S1,444.0,20.567,20.16
36950,185,S1,447.0,20.667,20.16
36951,185,S1,450.0,20.641,20.16
36952,185,S1,453.0,20.585,20.16
36953,185,S1,456.0,20.493,20.16
36954,185,S1,459.0,20.462,20.16
36955,185,S1,462.0,20.590,20.16
36956,185,S1,465.0,20.488,20.16
36957,185,S1,468.0,20.461,20.16
36958,185,S1,471.0,20.493,20.16
36959,185,S1,474.0,20.476,20.16
36960,185,S1,477.0,20.424,20.16
36961,185,S1,480.0,20.468,20.16
36962,185,S1,483.0,20.381,20.16
36963,185,S1,486.0,20.399,20.16
36964,185,S1,489.0,20.449,20.16
36965,185,S1,492.0,20.365,20.16
36966,185,S1,495.0,20.381,20.16
36967,185,S1,498.0,20.346,20.16
36968,185,S1,501.0,20.378,20.16
36969,185,S1,504.0,20.324,20.16
36970,185,S1,507.0,20.358,20.16
36971,185,S1,510.0,20.387,20.16
36972,185,S1,513.0,20.405,20.16
36973,185,S1,516.0,20.361,20.16
36974,185,S1,519.0,20.326,20.16
36975,185,S1,522.0,20.261,20.16
36976,185,S1,525.0,20.409,20.16
36977,185,S1,528.0,20.306,20.16
36978,185,S1,531.0,20.324,20.16
36979,185,S1,534.0,20.340,20.16
36980,185,S1,537.0,20.325,20.16
36981,185,S1,540.0,20.369,20.16
36982,185,S1,543.0,20.374,20.16
36983,185,S1,546.0,20.265,20.16
36984,185,S1,549.0,20.361,20.16
36985,185,S1,552.0,20.203,20.16
36986,185,S1,555.0,20.354,20.16
36987,185,S1,558.0,20.247,20.16
36988,185,S1,561.0,20.251,20.16
36989,185,S1,564.0,20.197,20.16
36990,185,S1,567.0,20.259,20.16
36991,185,S1,570.0,20.337,20.16
36992,185,S1,573.0,20.211,20.16
36993,185,S1,576.0,20.279,20.16
36994,185,S1,579.0,20.304,20.16
36995,185,S1,582.0,20.182,20.16
36996,185,S1,585.0,20.299,20.16
36997,185,S1,588.0,20.276,20.16
36998,185,S1,591.0,20.275,20.16
36999,185,S1,594.0,20.218,20.16
37000,185,S1,597.0,20.262,20.16
37001,186,S2,0.0,78.424,21.91
37002,186,S2,3.0,77.496,21.91
37003,186,S2,6.0,76.561,21.91
37004,186,S2,9.0,75.735,21.91
37005,186,S2,12.0,75.063,21.91
37006,186,S2,15.0,74.081,21.91
37007,186,S2,18.0,73.318,21.91
37008,186,S2,21.0,72.482,21.91
37009,186,S2,24.0,71.705,21.91
37010,186,S2,27.0,70.964,21.91
37011,186,S2,30.0,70.222,21.91
37012,186,S2,33.0,69.370,21.91
37013,186,S2,36.0,68.672,21.91
37014,186,S2,39.0,67.890,21.91
37015,186,S2,42.0,67.206,21.91
37016,186,S2,45.0,66.525,21.91
37017,186,S2,48.0,65.788,21.91
37018,186,S2,51.0,65.177,21.91
37019,186,S2,54.0,64.414,21.91
37020,186,S2,57.0,63.820,21.91
37021,186,S2,60.0,63.164,21.91
37022,186,S2,63.0,62.553,21.91
37023,186,S2,66.0,61.826,21.91
37024,186,S2,69.0,61.243,21.91
37025,186,S2,72.0,60.513,21.91
37026,186,S2,75.0,60.004,21.91
37027,186,S2,78.0,59.375,21.91
37028,186,S2,81.0,58.803,21.91
37029,186,S2,84.0,58.223,21.91
37030,186,S2,87.0,57.611,21.91
37031,186,S2,90.0,57.110,21.91
37032,186,S2,93.0,56.529,21.91
37033,186,S2,96.0,56.030,21.91
37034,186,S2,99.0,55.531,21.91
37035,186,S2,102.0,54.953,21.91
37036,186,S2,105.0,54.515,21.91
37037,186,S2,108.0,53.937,21.91
37038,186,S2,111.0,53.443,21.91
37039,186,S2,114.0,52.964,21.91
37040,186,S2,117.0,52.461,21.91
37041,186,S2,120.0,51.979,21.91
37042,186,S2,123.0,51.534,21.91
37043,186,S2,126.0,51.066,21.91
37044,186,S2,129.0,50.534,21.91
37045,186,S2,132.0,50.151,21.91
37046,186,S2,135.0,49.724,21.91
37047,186,S2,138.0,49.210,21.91
37048,186,S2,141.0,48.836,21.91
37049,186,S2,144.0,48.447,21.91
37050,186,S2,147.0,48.074,21.91
37051,186,S2,150.0,47.439,21.91
37052,186,S2,153.0,47.118,21.91
37053,186,S2,156.0,46.806,21.91
37054,186,S2,159.0,46.446,21.91
37055,186,S2,162.0,45.991,21.91
37056,186,S2,165.0,45.621,21.91
37057,186,S2,168.0,45.290,21.91
37058,186,S2,171.0,44.932,21.91
37059,186,S2,174.0,44.540,21.91
37060,186,S2,177.0,44.203,21.91
37061,186,S2,180.0,43.887,21.91
37062,186,S2,183.0,43.480,21.91
37063,186,S2,186.0,43.098,21.91
37064,186,S2,189.0,42.865,21.91
37065,186,S2,192.0,42.378,21.91
37066,186,S2,195.0,42.235,21.91
37067,186,S2,198.0,41.858,21.91
37068,186,S2,201.0,41.607,21.91
37069,186,S2,204.0,41.279,21.91
37070,186,S2,207.0,41.045,21.91
37071,186,S2,210.0,40.614,21.91
37072,186,S2,213.0,40.368,21.91
37073,186,S2,216.0,40.015,21.91
37074,186,S2,219.0,39.762,21.91
37075,186,S2,222.0,39.500,21.91
37076,186,S2,225.0,39.246,21.91
37077,186,S2,228.0,38.954,21.91
37078,186,S2,231.0,38.706,21.91
37079,186,S2,234.0,38.364,21.91
37080,186,S2,237.0,38.143,21.91
37081,186,S2,240.0,37.853,21.91
37082,186,S2,243.0,37.702,21.91
37083,186,S2,246.0,37.414,21.91
37084,186,S2,249.0,37.203,21.91
37085,186,S2,252.0,36.921,21.91
37086,186,S2,255.0,36.657,21.91
37087,186,S2,258.0,36.410,21.91
37088,186,S2,261.0,36.281,21.91
37089,186,S2,264.0,35.998,21.91
37090,186,S2,267.0,35.761,21.91
37091,186,S2,270.0,35.637,21.91
37092,186,S2,273.0,35.323,21.91
37093,186,S2,276.0,35.190,21.91
37094,186,S2,279.0,34.890,21.91
37095,186,S2,282.0,34.730,21.91
37096,186,S2,285.0,34.529,21.91
37097,186,S2,288.0,34.323,21.91
37098,186,S2,291.0,34.123,21.91
37099,186,S2,294.0,33.945,21.91
37100,186,S2,297.0,33.735,21.91
37101,186,S2,300.0,33.449,21.91
37102,186,S2,303.0,33.357,21.91
37103,186,S2,306.0,33.185,21.91
37104,186,S2,309.0,33.010,21.91
37105,186,S2,312.0,32.944,21.91
37106,186,S2,315.0,32.612,21.91
37107,186,S2,318.0,32.590,21.91
37108,186,S2,321.0,32.458,21.91
37109,186,S2,324.0,32.102,21.91
37110,186,S2,327.0,32.050,21.91
37111,186,S2,330.0,31.822,21.91
37112,186,S2,333.0,31.739,21.91
37113,186,S2,336.0,31.631,21.91
37114,186,S2,339.0,31.421,21.91
37115,186,S2,342.0,31.312,21.91
37116,186,S2,345.0,31.091,21.91
37117,186,S2,348.0,30.969,21.91
37118,186,S2,351.0,30.780,21.91
37119,186,S2,354.0,30.724,21.91
37120,186,S2,357.0,30.533,21.91
37121,186,S2,360.0,30.389,21.91
37122,186,S2,363.0,30.268,21.91
37123,186,S2,366.0,30.076,21.91
37124,186,S2,369.0,30.022,21.91
37125,186,S2,372.0,29.930,21.91
37126,186,S2,375.0,29.770,21.91
37127,186,S2,378.0,29.672,21.91
37128,186,S2,381.0,29.434,21.91
37129,186,S2,384.0,29.445,21.91
37130,186,S2,387.0,29.338,21.91
37131,186,S2,390.0,29.248,21.91
37132,186,S2,393.0,29.020,21.91
37133,186,S2,396.0,28.987,21.91
37134,186,S2,399.0,28.754,21.91
37135,186,S2,402.0,28.741,21.91
37136,186,S2,405.0,28.569,21.91
37137,186,S2,408.0,28.508,21.91
37138,186,S2,411.0,28.360,21.91
37139,186,S2,414.0,28.297,21.91
37140,186,S2,417.0,28.312,21.91
37141,186,S2,420.0,28.129,21.91
37142,186,S2,423.0,28.077,21.91
37143,186,S2,426.0,27.966,21.91
37144,186,S2,429.0,27.817,21.91
37145,186,S2,432.0,27.742,21.91
37146,186,S2,435.0,27.663,21.91
37147,186,S2,438.0,27.593,21.91
37148,186,S2,441.0,27.554,21.91
37149,186,S2,444.0,27.395,21.91
37150,186,S2,447.0,27.213,21.91
37151,186,S2,450.0,27.259,21.91
37152,186,S2,453.0,27.112,21.91
37153,186,S2,456.0,27.046,21.91
37154,186,S2,459.0,26.979,21.91
37155,186,S2,462.0,26.896,21.91
37156,186,S2,465.0,26.864,21.91
37157,186,S2,468.0,26.729,21.91
37158,186,S2,471.0,26.699,21.91
37159,186,S2,474.0,26.583,21.91
37160,186,S2,477.0,26.486,21.91
37161,186,S2,480.0,26.394,21.91
37162,186,S2,483.0,26.363,21.91
37163,186,S2,486.0,26.417,21.91
37164,186,S2,489.0,26.188,21.91
37165,186,S2,492.0,26.238,21.91
37166,186,S2,495.0,26.103,21.91
37167,186,S2,498.0,25.945,21.91
37168,186,S2,501.0,25.918,21.91
37169,186,S2,504.0,25.866,21.91
37170,186,S2,507.0,25.842,21.91
37171,186,S2,510.0,25.731,21.91
37172,186,S2,513.0,25.702,21.91
37173,186,S2,516.0,25.652,21.91
37174,186,S2,519.0,25.572,21.91
37175,186,S2,522.0,25.506,21.91
37176,186,S2,525.0,25.493,21.91
37177,186,S2,528.0,25.516,21.91
37178,186,S2,531.0,25.367,21.91
37179,186,S2,534.0,25.298,21.91
37180,186,S2,537.0,25.224,21.91
37181,186,S2,540.0,25.221,21.91
37182,186,S2,543.0,25.102,21.91
37183,186,S2,546.0,25.200,21.91
37184,186,S2,549.0,25.071,21.91
37185,186,S2,552.0,25.084,21.91
37186,186,S2,555.0,24.954,21.91
37187,186,S2,558.0,24.921,21.91
37188,186,S2,561.0,24.823,21.91
37189,186,S2,564.0,24.787,21.91
37190,186,S2,567.0,24.769,21.91
37191,186,S2,570.0,24.683,21.91
37192,186,S2,573.0,24.680,21.91
37193,186,S2,576.0,24.687,21.91
37194,186,S2,579.0,24.604,21.91
37195,186,S2,582.0,24.563,21.91
37196,186,S2,585.0,24.527,21.91
37197,186,S2,588.0,24.541,21.91
37198,186,S2,591.0,24.483,21.91
37199,186,S2,594.0,24.355,21.91
37200,186,S2,597.0,24.321,21.91
37201,187,S3,0.0,75.637,20.54
37202,187,S3,3.0,74.939,20.54
37203,187,S3,6.0,74.329,20.54
37204,187,S3,9.0,73.462,20.54
37205,187,S3,12.0,72.832,20.54
37206,187,S3,15.0,72.071,20.54
37207,187,S3,18.0,71.430,20.54
37208,187,S3,21.0,70.770,20.54
37209,187,S3,24.0,70.136,20.54
37210,187,S3,27.0,69.391,20.54
37211,187,S3,30.0,68.813,20.54
37212,187,S3,33.0,68.057,20.54
37213,187,S3,36.0,67.458,20.54
37214,187,S3,39.0,66.777,20.54
37215,187,S3,42.0,66.280,20.54
37216,187,S3,45.0,65.667,20.54
37217,187,S3,48.0,65.084,20.54
37218,187,S3,51.0,64.516,20.54
37219,187,S3,54.0,63.891,20.54
37220,187,S3,57.0,63.302,20.54
37221,187,S3,60.0,62.831,20.54
37222,187,S3,63.0,62.194,20.54
37223,187,S3,66.0,61.665,20.54
37224,187,S3,69.0,61.040,20.54
37225,187,S3,72.0,60.601,20.54
37226,187,S3,75.0,59.989,20.54
37227,187,S3,78.0,59.536,20.54
37228,187,S3,81.0,59.014,20.54
37229,187,S3,84.0,58.497,20.54
37230,187,S3,87.0,58.000,20.54
37231,187,S3,90.0,57.526,20.54
37232,187,S3,93.0,57.030,20.54
37233,187,S3,96.0,56.514,20.54
37234,187,S3,99.0,56.021,20.54
37235,187,S3,102.0,55.522,20.54
37236,187,S3,105.0,55.093,20.54
37237,187,S3,108.0,54.626,20.54
37238,187,S3,111.0,54.163,20.54
37239,187,S3,114.0,53.713,20.54
37240,187,S3,117.0,53.333,20.54
37241,187,S3,120.0,52.943,20.54
37242,187,S3,123.0,52.481,20.54
37243,187,S3,126.0,52.031,20.54
37244,187,S3,129.0,51.648,20.54
37245,187,S3,132.0,51.218,20.54
37246,187,S3,135.0,50.864,20.54
37247,187,S3,138.0,50.352,20.54
37248,187,S3,141.0,49.967,20.54
37249,187,S3,144.0,49.703,20.54
37250,187,S3,147.0,49.320,20.54
37251,187,S3,150.0,48.808,20.54
37252,187,S3,153.0,48.440,20.54
37253,187,S3,156.0,48.136,20.54
37254,187,S3,159.0,47.814,20.54
37255,187,S3,162.0,47.445,20.54
37256,187,S3,165.0,47.004,20.54
37257,187,S3,168.0,46.664,20.54
37258,187,S3,171.0,46.323,20.54
37259,187,S3,174.0,45.941,20.54
37260,187,S3,177.0,45.678,20.54
37261,187,S3,180.0,45.406,20.54
37262,187,S3,183.0,45.041,20.54
37263,187,S3,186.0,44.627,20.54
37264,187,S3,189.0,44.410,20.54
37265,187,S3,192.0,44.059,20.54
37266,187,S3,195.0,43.781,20.54
37267,187,S3,198.0,43.441,20.54
37268,187,S3,201.0,43.136,20.54
37269,187,S3,204.0,42.857,20.54
37270,187,S3,207.0,42.630,20.54
37271,187,S3,210.0,42.274,20.54
37272,187,S3,213.0,41.999,20.54
37273,187,S3,216.0,41.744,20.54
37274,187,S3,219.0,41.402,20.54
37275,187,S3,222.0,41.196,20.54
37276,187,S3,225.0,40.840,20.54
37277,187,S3,228.0,40.640,20.54
37278,187,S3,231.0,40.363,20.54
37279,187,S3,234.0,40.095,20.54
37280,187,S3,237.0,39.704,20.54
37281,187,S3,240.0,39.529,20.54
37282,187,S3,243.0,39.392,20.54
37283,187,S3,246.0,39.132,20.54
37284,187,S3,249.0,38.842,20.54
37285,187,S3,252.0,38.504,20.54
37286,187,S3,255.0,38.309,20.54
37287,187,S3,258.0,38.054,20.54
37288,187,S3,261.0,37.876,20.54
37289,187,S3,264.0,37.732,20.54
37290,187,S3,267.0,37.484,20.54
37291,187,S3,270.0,37.192,20.54
37292,187,S3,273.0,37.010,20.54
37293,187,S3,276.0,36.762,20.54
37294,187,S3,279.0,36.405,20.54
37295,187,S3,282.0,36.294,20.54
37296,187,S3,285.0,36.171,20.54
37297,187,S3,288.0,35.841,20.54
37298,187,S3,291.0,35.654,20.54
37299,187,S3,294.0,35.512,20.54
37300,187,S3,297.0,35.381,20.54
37301,187,S3,300.0,35.133,20.54
37302,187,S3,303.0,34.904,20.54
37303,187,S3,306.0,34.682,20.54
37304,187,S3,309.0,34.536,20.54
37305,187,S3,312.0,34.354,20.54
37306,187,S3,315.0,34.127,20.54
37307,187,S3,318.0,33.983,20.54
37308,187,S3,321.0,33.768,20.54
37309,187,S3,324.0,33.647,20.54
37310,187,S3,327.0,33.460,20.54
37311,187,S3,330.0,33.218,20.54
37312,187,S3,333.0,33.152,20.54
37313,187,S3,336.0,32.951,20.54
37314,187,S3,339.0,32.823,20.54
37315,187,S3,342.0,32.606,20.54
37316,187,S3,345.0,32.483,20.54
37317,187,S3,348.0,32.278,20.54
37318,187,S3,351.0,32.109,20.54
37319,187,S3,354.0,32.070,20.54
37320,187,S3,357.0,31.843,20.54
37321,187,S3,360.0,31.659,20.54
37322,187,S3,363.0,31.489,20.54
37323,187,S3,366.0,31.427,20.54
37324,187,S3,369.0,31.238,20.54
37325,187,S3,372.0,31.163,20.54
37326,187,S3,375.0,31.003,20.54
37327,187,S3,378.0,30.846,20.54
37328,187,S3,381.0,30.702,20.54
37329,187,S3,384.0,30.571,20.54
37330,187,S3,387.0,30.472,20.54
37331,187,S3,390.0,30.312,20.54
37332,187,S3,393.0,30.185,20.54
37333,187,S3,396.0,30.092,20.54
37334,187,S3,399.0,30.030,20.54
37335,187,S3,402.0,29.811,20.54
37336,187,S3,405.0,29.768,20.54
37337,187,S3,408.0,29.591,20.54
37338,187,S3,411.0,29.439,20.54
37339,187,S3,414.0,29.315,20.54
37340,187,S3,417.0,29.196,20.54
37341,187,S3,420.0,29.154,20.54
37342,187,S3,423.0,28.965,20.54
37343,187,S3,426.0,28.806,20.54
37344,187,S3,429.0,28.787,20.54
37345,187,S3,432.0,28.599,20.54
37346,187,S3,435.0,28.454,20.54
37347,187,S3,438.0,28.432,20.54
37348,187,S3,441.0,28.336,20.54
37349,187,S3,444.0,28.300,20.54
37350,187,S3,447.0,28.122,20.54
37351,187,S3,450.0,28.040,20.54
37352,187,S3,453.0,27.939,20.54
37353,187,S3,456.0,27.863,20.54
37354,187,S3,459.0,27.754,20.54
37355,187,S3,462.0,27.672,20.54
37356,187,S3,465.0,27.612,20.54
37357,187,S3,468.0,27.458,20.54
37358,187,S3,471.0,27.346,20.54
37359,187,S3,474.0,27.299,20.54
37360,187,S3,477.0,27.240,20.54
37361,187,S3,480.0,27.167,20.54
37362,187,S3,483.0,27.027,20.54
37363,187,S3,486.0,26.925,20.54
37364,187,S3,489.0,26.938,20.54
37365,187,S3,492.0,26.706,20.54
37366,187,S3,495.0,26.723,20.54
37367,187,S3,498.0,26.666,20.54
37368,187,S3,501.0,26.603,20.54
37369,187,S3,504.0,26.477,20.54
37370,187,S3,507.0,26.343,20.54
37371,187,S3,510.0,26.284,20.54
37372,187,S3,513.0,26.170,20.54
37373,187,S3,516.0,26.158,20.54
37374,187,S3,519.0,26.033,20.54
37375,187,S3,522.0,26.020,20.54
37376,187,S3,525.0,25.977,20.54
37377,187,S3,528.0,25.812,20.54
37378,187,S3,531.0,25.729,20.54
37379,187,S3,534.0,25.682,20.54
37380,187,S3,537.0,25.584,20.54
37381,187,S3,540.0,25.573,20.54
37382,187,S3,543.0,25.531,20.54
37383,187,S3,546.0,25.497,20.54
37384,187,S3,549.0,25.345,20.54
37385,187,S3,552.0,25.352,20.54
37386,187,S3,555.0,25.178,20.54
37387,187,S3,558.0,25.198,20.54
37388,187,S3,561.0,25.067,20.54
37389,187,S3,564.0,25.052,20.54
37390,187,S3,567.0,25.044,20.54
37391,187,S3,570.0,24.878,20.54
37392,187,S3,573.0,24.856,20.54
37393,187,S3,576.0,24.773,20.54
37394,187,S3,579.0,24.755,20.54
37395,187,S3,582.0,24.767,20.54
37396,187,S3,585.0,24.572,20.54
37397,187,S3,588.0,24.674,20.54
37398,187,S3,591.0,24.561,20.54
37399,187,S3,594.0,24.510,20.54
37400,187,S3,597.0,24.464,20.54
37401,188,S4,0.0,78.372,20.43
37402,188,S4,3.0,77.556,20.43
37403,188,S4,6.0,76.725,20.43
37404,188,S4,9.0,76.066,20.43
37405,188,S4,12.0,75.285,20.43
37406,188,S4,15.0,74.476,20.43
37407,188,S4,18.0,73.832,20.43
37408,188,S4,21.0,73.196,20.43
37409,188,S4,24.0,72.306,20.43
37410,188,S4,27.0,71.689,20.43
37411,188,S4,30.0,70.907,20.43
37412,188,S4,33.0,70.169,20.43
37413,188,S4,36.0,69.537,20.43
37414,188,S4,39.0,68.903,20.43
37415,188,S4,42.0,68.173,20.43
37416,188,S4,45.0,67.564,20.43
37417,188,S4,48.0,66.892,20.43
37418,188,S4,51.0,66.222,20.43
37419,188,S4,54.0,65.601,20.43
37420,188,S4,57.0,65.001,20.43
37421,188,S4,60.0,64.382,20.43
37422,188,S4,63.0,63.826,20.43
37423,188,S4,66.0,63.240,20.43
37424,188,S4,69.0,62.724,20.43
37425,188,S4,72.0,62.144,20.43
37426,188,S4,75.0,61.550,20.43
37427,188,S4,78.0,60.928,20.43
37428,188,S4,81.0,60.460,20.43
37429,188,S4,84.0,59.799,20.43
37430,188,S4,87.0,59.319,20.43
37431,188,S4,90.0,58.742,20.43
37432,188,S4,93.0,58.147,20.43
37433,188,S4,96.0,57.735,20.43
37434,188,S4,99.0,57.230,20.43
37435,188,S4,102.0,56.688,20.43
37436,188,S4,105.0,56.209,20.43
37437,188,S4,108.0,55.664,20.43
37438,188,S4,111.0,55.139,20.43
37439,188,S4,114.0,54.782,20.43
37440,188,S4,117.0,54.335,20.43
37441,188,S4,120.0,53.805,20.43
37442,188,S4,123.0,53.354,20.43
37443,188,S4,126.0,52.965,20.43
37444,188,S4,129.0,52.439,20.43
37445,188,S4,132.0,52.006,20.43
37446,188,S4,135.0,51.470,20.43
37447,188,S4,138.0,51.156,20.43
37448,188,S4,141.0,50.771,20.43
37449,188,S4,144.0,50.354,20.43
37450,188,S4,147.0,49.966,20.43
37451,188,S4,150.0,49.420,20.43
37452,188,S4,153.0,49.189,20.43
37453,188,S4,156.0,48.788,20.43
37454,188,S4,159.0,48.409,20.43
37455,188,S4,162.0,47.908,20.43
37456,188,S4,165.0,47.639,20.43
37457,188,S4,168.0,47.202,20.43
37458,188,S4,171.0,46.888,20.43
37459,188,S4,174.0,46.441,20.43
37460,188,S4,177.0,46.107,20.43
37461,188,S4,180.0,45.744,20.43
37462,188,S4,183.0,45.443,20.43
37463,188,S4,186.0,44.952,20.43
37464,188,S4,189.0,44.818,20.43
37465,188,S4,192.0,44.413,20.43
37466,188,S4,195.0,44.151,20.43
37467,188,S4,198.0,43.775,20.43
37468,188,S4,201.0,43.419,20.43
37469,188,S4,204.0,43.155,20.43
37470,188,S4,207.0,42.866,20.43
37471,188,S4,210.0,42.507,20.43
37472,188,S4,213.0,42.272,20.43
37473,188,S4,216.0,41.902,20.43
37474,188,S4,219.0,41.627,20.43
37475,188,S4,222.0,41.341,20.43
37476,188,S4,225.0,41.153,20.43
37477,188,S4,228.0,40.800,20.43
37478,188,S4,231.0,40.504,20.43
37479,188,S4,234.0,40.183,20.43
37480,188,S4,237.0,39.914,20.43
37481,188,S4,240.0,39.772,20.43
37482,188,S4,243.0,39.462,20.43
37483,188,S4,246.0,39.085,20.43
37484,188,S4,249.0,38.938,20.43
37485,188,S4,252.0,38.628,20.43
37486,188,S4,255.0,38.395,20.43
37487,188,S4,258.0,38.158,20.43
37488,188,S4,261.0,37.878,20.43
37489,188,S4,264.0,37.712,20.43
37490,188,S4,267.0,37.522,20.43
37491,188,S4,270.0,37.192,20.43
37492,188,S4,273.0,36.935,20.43
37493,188,S4,276.0,36.769,20.43
37494,188,S4,279.0,36.554,20.43
37495,188,S4,282.0,36.444,20.43
37496,188,S4,285.0,36.072,20.43
37497,188,S4,288.0,35.830,20.43
37498,188,S4,291.0,35.609,20.43
37499,188,S4,294.0,35.493,20.43
37500,188,S4,297.0,35.265,20.43
37501,188,S4,300.0,35.008,20.43
37502,188,S4,303.0,34.844,20.43
37503,188,S4,306.0,34.697,20.43
37504,188,S4,309.0,34.428,20.43
37505,188,S4,312.0,34.283,20.43
37506,188,S4,315.0,34.109,20.43
37507,188,S4,318.0,34.012,20.43
37508,188,S4,321.0,33.561,20.43
37509,188,S4,324.0,33.603,20.43
37510,188,S4,327.0,33.403,20.43
37511,188,S4,330.0,33.216,20.43
37512,188,S4,333.0,32.929,20.43
37513,188,S4,336.0,32.842,20.43
37514,188,S4,339.0,32.645,20.43
37515,188,S4,342.0,32.493,20.43
37516,188,S4,345.0,32.315,20.43
37517,188,S4,348.0,32.101,20.43
37518,188,S4,351.0,32.087,20.43
37519,188,S4,354.0,31.849,20.43
37520,188,S4,357.0,31.621,20.43
37521,188,S4,360.0,31.548,20.43
37522,188,S4,363.0,31.351,20.43
37523,188,S4,366.0,31.297,20.43
37524,188,S4,369.0,31.197,20.43
37525,188,S4,372.0,30.961,20.43
37526,188,S4,375.0,30.794,20.43
37527,188,S4,378.0,30.682,20.43
37528,188,S4,381.0,30.598,20.43
37529,188,S4,384.0,30.339,20.43
37530,188,S4,387.0,30.258,20.43
37531,188,S4,390.0,30.128,20.43
37532,188,S4,393.0,29.988,20.43
37533,188,S4,396.0,29.810,20.43
37534,188,S4,399.0,29.791,20.43
37535,188,S4,402.0,29.547,20.43
37536,188,S4,405.0,29.448,20.43
37537,188,S4,408.0,29.320,20.43
37538,188,S4,411.0,29.233,20.43
37539,188,S4,414.0,29.033,20.43
37540,188,S4,417.0,28.957,20.43
37541,188,S4,420.0,28.918,20.43
37542,188,S4,423.0,28.752,20.43
37543,188,S4,426.0,28.683,20.43
37544,188,S4,429.0,28.540,20.43
37545,188,S4,432.0,28.459,20.43
37546,188,S4,435.0,28.279,20.43
37547,188,S4,438.0,28.181,20.43
37548,188,S4,441.0,28.029,20.43
37549,188,S4,444.0,28.018,20.43
37550,188,S4,447.0,27.921,20.43
37551,188,S4,450.0,27.798,20.43
37552,188,S4,453.0,27.685,20.43
37553,188,S4,456.0,27.580,20.43
37554,188,S4,459.0,27.427,20.43
37555,188,S4,462.0,27.324,20.43
37556,188,S4,465.0,27.310,20.43
37557,188,S4,468.0,27.172,20.43
37558,188,S4,471.0,27.111,20.43
37559,188,S4,474.0,26.895,20.43
37560,188,S4,477.0,26.959,20.43
37561,188,S4,480.0,26.854,20.43
37562,188,S4,483.0,26.804,20.43
37563,188,S4,486.0,26.743,20.43
37564,188,S4,489.0,26.555,20.43
37565,188,S4,492.0,26.494,20.43
37566,188,S4,495.0,26.423,20.43
37567,188,S4,498.0,26.345,20.43
37568,188,S4,501.0,26.253,20.43
37569,188,S4,504.0,26.080,20.43
37570,188,S4,507.0,26.157,20.43
37571,188,S4,510.0,26.006,20.43
37572,188,S4,513.0,25.877,20.43
37573,188,S4,516.0,25.860,20.43
37574,188,S4,519.0,25.845,20.43
37575,188,S4,522.0,25.643,20.43
37576,188,S4,525.0,25.603,20.43
37577,188,S4,528.0,25.579,20.43
37578,188,S4,531.0,25.511,20.43
37579,188,S4,534.0,25.465,20.43
37580,188,S4,537.0,25.395,20.43
37581,188,S4,540.0,25.339,20.43
37582,188,S4,543.0,25.090,20.43
37583,188,S4,546.0,25.165,20.43
37584,188,S4,549.0,25.125,20.43
37585,188,S4,552.0,25.179,20.43
37586,188,S4,555.0,25.010,20.43
37587,188,S4,558.0,24.859,20.43
37588,188,S4,561.0,24.767,20.43
37589,188,S4,564.0,24.846,20.43
37590,188,S4,567.0,24.671,20.43
37591,188,S4,570.0,24.564,20.43
37592,188,S4,573.0,24.551,20.43
37593,188,S4,576.0,24.589,20.43
37594,188,S4,579.0,24.467,20.43
37595,188,S4,582.0,24.432,20.43
37596,188,S4,585.0,24.444,20.43
37597,188,S4,588.0,24.251,20.43
37598,188,S4,591.0,24.335,20.43
37599,188,S4,594.0,24.175,20.43
37600,188,S4,597.0,24.154,20.43
37601,189,S1,0.0,85.931,21.88
37602,189,S1,3.0,84.953,21.88
37603,189,S1,6.0,84.194,21.88
37604,189,S1,9.0,83.243,21.88
37605,189,S1,12.0,82.420,21.88
37606,189,S1,15.0,81.637,21.88
37607,189,S1,18.0,80.721,21.88
37608,189,S1,21.0,80.130,21.88
37609,189,S1,24.0,79.141,21.88
37610,189,S1,27.0,78.464,21.88
37611,189,S1,30.0,77.702,21.88
37612,189,S1,33.0,76.924,21.88
37613,189,S1,36.0,76.193,21.88
37614,189,S1,39.0,75.442,21.88
37615,189,S1,42.0,74.750,21.88
37616,189,S1,45.0,73.974,21.88
37617,189,S1,48.0,73.229,21.88
37618,189,S1,51.0,72.506,21.88
37619,189,S1,54.0,71.951,21.88
37620,189,S1,57.0,71.212,21.88
37621,189,S1,60.0,70.516,21.88
37622,189,S1,63.0,69.826,21.88
37623,189,S1,66.0,69.097,21.88
37624,189,S1,69.0,68.625,21.88
37625,189,S1,72.0,67.827,21.88
37626,189,S1,75.0,67.330,21.88
37627,189,S1,78.0,66.790,21.88
37628,189,S1,81.0,66.049,21.88
37629,189,S1,84.0,65.438,21.88
37630,189,S1,87.0,64.916,21.88
37631,189,S1,90.0,64.327,21.88
37632,189,S1,93.0,63.756,21.88
37633,189,S1,96.0,63.257,21.88
37634,189,S1,99.0,62.566,21.88
37635,189,S1,102.0,62.091,21.88
37636,189,S1,105.0,61.526,21.88
37637,189,S1,108.0,60.981,21.88
37638,189,S1,111.0,60.470,21.88
37639,189,S1,114.0,59.952,21.88
37640,189,S1,117.0,59.447,21.88
37641,189,S1,120.0,58.889,21.88
37642,189,S1,123.0,58.401,21.88
37643,189,S1,126.0,57.955,21.88
37644,189,S1,129.0,57.486,21.88
37645,189,S1,132.0,56.914,21.88
37646,189,S1,135.0,56.508,21.88
37647,189,S1,138.0,55.968,21.88
37648,189,S1,141.0,55.439,21.88
37649,189,S1,144.0,55.023,21.88
37650,189,S1,147.0,54.669,21.88
37651,189,S1,150.0,54.140,21.88
37652,189,S1,153.0,53.734,21.88
37653,189,S1,156.0,53.331,21.88
37654,189,S1,159.0,52.906,21.88
37655,189,S1,162.0,52.464,21.88
37656,189,S1,165.0,52.043,21.88
37657,189,S1,168.0,51.656,21.88
37658,189,S1,171.0,51.233,21.88
37659,189,S1,174.0,50.776,21.88
37660,189,S1,177.0,50.450,21.88
37661,189,S1,180.0,50.050,21.88
37662,189,S1,183.0,49.684,21.88
37663,189,S1,186.0,49.358,21.88
37664,189,S1,189.0,48.921,21.88
37665,189,S1,192.0,48.523,21.88
37666,189,S1,195.0,48.090,21.88
37667,189,S1,198.0,47.786,21.88
37668,189,S1,201.0,47.462,21.88
37669,189,S1,204.0,47.102,21.88
37670,189,S1,207.0,46.812,21.88
37671,189,S1,210.0,46.432,21.88
37672,189,S1,213.0,46.055,21.88
37673,189,S1,216.0,45.695,21.88
37674,189,S1,219.0,45.469,21.88
37675,189,S1,222.0,45.071,21.88
37676,189,S1,225.0,44.718,21.88
37677,189,S1,228.0,44.580,21.88
37678,189,S1,231.0,44.226,21.88
37679,189,S1,234.0,43.914,21.88
37680,189,S1,237.0,43.586,21.88
37681,189,S1,240.0,43.273,21.88
37682,189,S1,243.0,42.919,21.88
37683,189,S1,246.0,42.768,21.88
37684,189,S1,249.0,42.362,21.88
37685,189,S1,252.0,42.170,21.88
37686,189,S1,255.0,41.862,21.88
37687,189,S1,258.0,41.583,21.88
37688,189,S1,261.0,41.329,21.88
37689,189,S1,264.0,41.108,21.88
37690,189,S1,267.0,40.840,21.88
37691,189,S1,270.0,40.575,21.88
37692,189,S1,273.0,40.298,21.88
37693,189,S1,276.0,40.114,21.88
37694,189,S1,279.0,39.636,21.88
37695,189,S1,282.0,39.490,21.88
37696,189,S1,285.0,39.319,21.88
37697,189,S1,288.0,39.083,21.88
37698,189,S1,291.0,38.835,21.88
37699,189,S1,294.0,38.628,21.88
37700,189,S1,297.0,38.457,21.88
37701,189,S1,300.0,38.209,21.88
37702,189,S1,303.0,38.000,21.88
37703,189,S1,306.0,37.720,21.88
37704,189,S1,309.0,37.543,21.88
37705,189,S1,312.0,37.286,21.88
37706,189,S1,315.0,37.119,21.88
37707,189,S1,318.0,36.925,21.88
37708,189,S1,321.0,36.751,21.88
37709,189,S1,324.0,36.473,21.88
37710,189,S1,327.0,36.213,21.88
37711,189,S1,330.0,36.133,21.88
37712,189,S1,333.0,35.908,21.88
37713,189,S1,336.0,35.723,21.88
37714,189,S1,339.0,35.556,21.88
37715,189,S1,342.0,35.267,21.88
37716,189,S1,345.0,35.117,21.88
37717,189,S1,348.0,35.024,21.88
37718,189,S1,351.0,34.736,21.88
37719,189,S1,354.0,34.671,21.88
37720,189,S1,357.0,34.572,21.88
37721,189,S1,360.0,34.228,21.88
37722,189,S1,363.0,34.135,21.88
37723,189,S1,366.0,33.901,21.88
37724,189,S1,369.0,33.728,21.88
37725,189,S1,372.0,33.624,21.88
37726,189,S1,375.0,33.427,21.88
37727,189,S1,378.0,33.304,21.88
37728,189,S1,381.0,33.079,21.88
37729,189,S1,384.0,32.950,21.88
37730,189,S1,387.0,32.884,21.88
37731,189,S1,390.0,32.723,21.88
37732,189,S1,393.0,32.494,21.88
37733,189,S1,396.0,32.459,21.88
37734,189,S1,399.0,32.294,21.88
37735,189,S1,402.0,32.008,21.88
37736,189,S1,405.0,31.951,21.88
37737,189,S1,408.0,31.800,21.88
37738,189,S1,411.0,31.719,21.88
37739,189,S1,414.0,31.546,21.88
37740,189,S1,417.0,31.389,21.88
37741,189,S1,420.0,31.310,21.88
37742,189,S1,423.0,31.151,21.88
37743,189,S1,426.0,31.083,21.88
37744,189,S1,429.0,30.944,21.88
37745,189,S1,432.0,30.776,21.88
37746,189,S1,435.0,30.742,21.88
37747,189,S1,438.0,30.569,21.88
37748,189,S1,441.0,30.496,21.88
37749,189,S1,444.0,30.371,21.88
37750,189,S1,447.0,30.245,21.88
37751,189,S1,450.0,30.228,21.88
37752,189,S1,453.0,29.960,21.88
37753,189,S1,456.0,29.948,21.88
37754,189,S1,459.0,29.713,21.88
37755,189,S1,462.0,29.672,21.88
37756,189,S1,465.0,29.511,21.88
37757,189,S1,468.0,29.422,21.88
37758,189,S1,471.0,29.261,21.88
37759,189,S1,474.0,29.244,21.88
37760,189,S1,477.0,29.170,21.88
37761,189,S1,480.0,29.004,21.88
37762,189,S1,483.0,29.001,21.88
37763,189,S1,486.0,28.914,21.88
37764,189,S1,489.0,28.765,21.88
37765,189,S1,492.0,28.624,21.88
37766,189,S1,495.0,28.624,21.88
37767,189,S1,498.0,28.480,21.88
37768,189,S1,501.0,28.365,21.88
37769,189,S1,504.0,28.178,21.88
37770,189,S1,507.0,28.248,21.88
37771,189,S1,510.0,28.067,21.88
37772,189,S1,513.0,27.977,21.88
37773,189,S1,516.0,27.889,21.88
37774,189,S1,519.0,28.017,21.88
37775,189,S1,522.0,27.840,21.88
37776,189,S1,525.0,27.668,21.88
37777,189,S1,528.0,27.608,21.88
37778,189,S1,531.0,27.596,21.88
37779,189,S1,534.0,27.456,21.88
37780,189,S1,537.0,27.491,21.88
37781,189,S1,540.0,27.266,21.88
37782,189,S1,543.0,27.222,21.88
37783,189,S1,546.0,27.145,21.88
37784,189,S1,549.0,27.109,21.88
37785,189,S1,552.0,27.074,21.88
37786,189,S1,555.0,26.978,21.88
37787,189,S1,558.0,26.935,21.88
37788,189,S1,561.0,26.783,21.88
37789,189,S1,564.0,26.813,21.88
37790,189,S1,567.0,26.693,21.88
37791,189,S1,570.0,26.695,21.88
37792,189,S1,573.0,26.539,21.88
37793,189,S1,576.0,26.551,21.88
37794,189,S1,579.0,26.456,21.88
37795,189,S1,582.0,26.425,21.88
37796,189,S1,585.0,26.333,21.88
37797,189,S1,588.0,26.172,21.88
37798,189,S1,591.0,26.236,21.88
37799,189,S1,594.0,26.133,21.88
37800,189,S1,597.0,26.081,21.88
37801,190,S2,0.0,77.932,21.35
37802,190,S2,3.0,76.806,21.35
37803,190,S2,6.0,75.584,21.35
37804,190,S2,9.0,74.483,21.35
37805,190,S2,12.0,73.467,21.35
37806,190,S2,15.0,72.534,21.35
37807,190,S2,18.0,71.480,21.35
37808,190,S2,21.0,70.478,21.35
37809,190,S2,24.0,69.478,21.35
37810,190,S2,27.0,68.502,21.35
37811,190,S2,30.0,67.546,21.35
37812,190,S2,33.0,66.656,21.35
37813,190,S2,36.0,65.769,21.35
37814,190,S2,39.0,64.900,21.35
37815,190,S2,42.0,64.038,21.35
37816,190,S2,45.0,63.191,21.35
37817,190,S2,48.0,62.412,21.35
37818,190,S2,51.0,61.547,21.35
37819,190,S2,54.0,60.688,21.35
37820,190,S2,57.0,59.994,21.35
37821,190,S2,60.0,59.181,21.35
37822,190,S2,63.0,58.505,21.35
37823,190,S2,66.0,57.613,21.35
37824,190,S2,69.0,56.853,21.35
37825,190,S2,72.0,56.361,21.35
37826,190,S2,75.0,55.676,21.35
37827,190,S2,78.0,54.908,21.35
37828,190,S2,81.0,54.189,21.35
37829,190,S2,84.0,53.591,21.35
37830,190,S2,87.0,52.854,21.35
37831,190,S2,90.0,52.298,21.35
37832,190,S2,93.0,51.721,21.35
37833,190,S2,96.0,51.161,21.35
37834,190,S2,99.0,50.511,21.35
37835,190,S2,102.0,49.864,21.35
37836,190,S2,105.0,49.340,21.35
37837,190,S2,108.0,48.831,21.35
37838,190,S2,111.0,48.286,21.35
37839,190,S2,114.0,47.708,21.35
37840,190,S2,117.0,47.107,21.35
37841,190,S2,120.0,46.559,21.35
37842,190,S2,123.0,46.177,21.35
37843,190,S2,126.0,45.645,21.35
37844,190,S2,129.0,45.189,21.35
37845,190,S2,132.0,44.761,21.35
37846,190,S2,135.0,44.277,21.35
37847,190,S2,138.0,43.755,21.35
37848,190,S2,141.0,43.294,21.35
37849,190,S2,144.0,43.050,21.35
37850,190,S2,147.0,42.488,21.35
37851,190,S2,150.0,42.044,21.35
37852,190,S2,153.0,41.696,21.35
37853,190,S2,156.0,41.231,21.35
37854,190,S2,159.0,40.938,21.35
37855,190,S2,162.0,40.429,21.35
37856,190,S2,165.0,40.027,21.35
37857,190,S2,168.0,39.645,21.35
37858,190,S2,171.0,39.371,21.35
37859,190,S2,174.0,38.995,21.35
37860,190,S2,177.0,38.627,21.35
37861,190,S2,180.0,38.204,21.35
37862,190,S2,183.0,37.862,21.35
37863,190,S2,186.0,37.648,21.35
37864,190,S2,189.0,37.219,21.35
37865,190,S2,192.0,37.068,21.35
37866,190,S2,195.0,36.635,21.35
37867,190,S2,198.0,36.289,21.35
37868,190,S2,201.0,36.102,21.35
37869,190,S2,204.0,35.850,21.35
37870,190,S2,207.0,35.461,21.35
37871,190,S2,210.0,35.337,21.35
37872,190,S2,213.0,35.009,21.35
37873,190,S2,216.0,34.693,21.35
37874,190,S2,219.0,34.346,21.35
37875,190,S2,222.0,34.044,21.35
37876,190,S2,225.0,33.847,21.35
37877,190,S2,228.0,33.620,21.35
37878,190,S2,231.0,33.394,21.35
37879,190,S2,234.0,33.244,21.35
37880,190,S2,237.0,32.870,21.35
37881,190,S2,240.0,32.688,21.35
37882,190,S2,243.0,32.493,21.35
37883,190,S2,246.0,32.134,21.35
37884,190,S2,249.0,31.973,21.35
37885,190,S2,252.0,31.875,21.35
37886,190,S2,255.0,31.626,21.35
37887,190,S2,258.0,31.358,21.35
37888,190,S2,261.0,31.181,21.35
37889,190,S2,264.0,30.950,21.35
37890,190,S2,267.0,30.823,21.35
37891,190,S2,270.0,30.644,21.35
37892,190,S2,273.0,30.492,21.35
37893,190,S2,276.0,30.319,21.35
37894,190,S2,279.0,30.101,21.35
37895,190,S2,282.0,29.863,21.35
37896,190,S2,285.0,29.681,21.35
37897,190,S2,288.0,29.578,21.35
37898,190,S2,291.0,29.461,21.35
37899,190,S2,294.0,29.115,21.35
37900,190,S2,297.0,29.153,21.35
37901,190,S2,300.0,28.969,21.35
37902,190,S2,303.0,28.808,21.35
37903,190,S2,306.0,28.687,21.35
37904,190,S2,309.0,28.540,21.35
37905,190,S2,312.0,28.350,21.35
37906,190,S2,315.0,28.206,21.35
37907,190,S2,318.0,28.132,21.35
37908,190,S2,321.0,27.854,21.35
37909,190,S2,324.0,27.887,21.35
37910,190,S2,327.0,27.774,21.35
37911,190,S2,330.0,27.549,21.35
37912,190,S2,333.0,27.422,21.35
37913,190,S2,336.0,27.332,21.35
37914,190,S2,339.0,27.228,21.35
37915,190,S2,342.0,27.077,21.35
37916,190,S2,345.0,26.967,21.35
37917,190,S2,348.0,26.822,21.35
37918,190,S2,351.0,26.790,21.35
37919,190,S2,354.0,26.566,21.35
37920,190,S2,357.0,26.482,21.35
37921,190,S2,360.0,26.395,21.35
37922,190,S2,363.0,26.267,21.35
37923,190,S2,366.0,26.265,21.35
37924,190,S2,369.0,26.147,21.35
37925,190,S2,372.0,26.013,21.35
37926,190,S2,375.0,25.925,21.35
37927,190,S2,378.0,25.816,21.35
37928,190,S2,381.0,25.784,21.35
37929,190,S2,384.0,25.700,21.35
37930,190,S2,387.0,25.718,21.35
37931,190,S2,390.0,25.443,21.35
37932,190,S2,393.0,25.390,21.35
37933,190,S2,396.0,25.278,21.35
37934,190,S2,399.0,25.286,21.35
37935,190,S2,402.0,25.267,21.35
37936,190,S2,405.0,25.071,21.35
37937,190,S2,408.0,24.971,21.35
37938,190,S2,411.0,24.983,21.35
37939,190,S2,414.0,24.803,21.35
37940,190,S2,417.0,24.783,21.35
37941,190,S2,420.0,24.741,21.35
37942,190,S2,423.0,24.631,21.35
37943,190,S2,426.0,24.605,21.35
37944,190,S2,429.0,24.571,21.35
37945,190,S2,432.0,24.555,21.35
37946,190,S2,435.0,24.473,21.35
37947,190,S2,438.0,24.400,21.35
37948,190,S2,441.0,24.240,21.35
37949,190,S2,444.0,24.255,21.35
37950,190,S2,447.0,24.150,21.35
37951,190,S2,450.0,24.164,21.35
37952,190,S2,453.0,24.118,21.35
37953,190,S2,456.0,23.972,21.35
37954,190,S2,459.0,24.050,21.35
37955,190,S2,462.0,23.862,21.35
37956,190,S2,465.0,23.950,21.35
37957,190,S2,468.0,23.842,21.35
37958,190,S2,471.0,23.795,21.35
37959,190,S2,474.0,23.671,21.35
37960,190,S2,477.0,23.703,21.35
37961,190,S2,480.0,23.482,21.35
37962,190,S2,483.0,23.533,21.35
37963,190,S2,486.0,23.463,21.35
37964,190,S2,489.0,23.460,21.35
37965,190,S2,492.0,23.441,21.35
37966,190,S2,495.0,23.340,21.35
37967,190,S2,498.0,23.476,21.35
37968,190,S2,501.0,23.331,21.35
37969,190,S2,504.0,23.283,21.35
37970,190,S2,507.0,23.209,21.35
37971,190,S2,510.0,23.222,21.35
37972,190,S2,513.0,23.173,21.35
37973,190,S2,516.0,23.190,21.35
37974,190,S2,519.0,23.152,21.35
37975,190,S2,522.0,23.041,21.35
37976,190,S2,525.0,22.924,21.35
37977,190,S2,528.0,22.965,21.35
37978,190,S2,531.0,22.835,21.35
37979,190,S2,534.0,22.913,21.35
37980,190,S2,537.0,22.876,21.35
37981,190,S2,540.0,22.855,21.35
37982,190,S2,543.0,22.912,21.35
37983,190,S2,546.0,22.785,21.35
37984,190,S2,549.0,22.727,21.35
37985,190,S2,552.0,22.791,21.35
37986,190,S2,555.0,22.724,21.35
37987,190,S2,558.0,22.676,21.35
37988,190,S2,561.0,22.661,21.35
37989,190,S2,564.0,22.676,21.35
37990,190,S2,567.0,22.561,21.35
37991,190,S2,570.0,22.602,21.35
37992,190,S2,573.0,22.627,21.35
37993,190,S2,576.0,22.500,21.35
37994,190,S2,579.0,22.571,21.35
37995,190,S2,582.0,22.534,21.35
37996,190,S2,585.0,22.359,21.35
37997,190,S2,588.0,22.373,21.35
37998,190,S2,591.0,22.490,21.35
37999,190,S2,594.0,22.421,21.35
38000,190,S2,597.0,22.322,21.35
38001,191,S3,0.0,71.160,22.99
38002,191,S3,3.0,70.546,22.99
38003,191,S3,6.0,69.938,22.99
38004,191,S3,9.0,69.135,22.99
38005,191,S3,12.0,68.515,22.99
38006,191,S3,15.0,67.906,22.99
38007,191,S3,18.0,67.251,22.99
38008,191,S3,21.0,66.533,22.99
38009,191,S3,24.0,65.963,22.99
38010,191,S3,27.0,65.339,22.99
38011,191,S3,30.0,64.699,22.99
38012,191,S3,33.0,64.160,22.99
38013,191,S3,36.0,63.614,22.99
38014,191,S3,39.0,63.004,22.99
38015,191,S3,42.0,62.324,22.99
38016,191,S3,45.0,61.922,22.99
38017,191,S3,48.0,61.313,22.99
38018,191,S3,51.0,60.783,22.99
38019,191,S3,54.0,60.267,22.99
38020,191,S3,57.0,59.737,22.99
38021,191,S3,60.0,59.187,22.99
38022,191,S3,63.0,58.599,22.99
38023,191,S3,66.0,58.132,22.99
38024,191,S3,69.0,57.610,22.99
38025,191,S3,72.0,57.142,22.99
38026,191,S3,75.0,56.738,22.99
38027,191,S3,78.0,56.150,22.99
38028,191,S3,81.0,55.735,22.99
38029,191,S3,84.0,55.259,22.99
38030,191,S3,87.0,54.779,22.99
38031,191,S3,90.0,54.346,22.99
38032,191,S3,93.0,53.882,22.99
38033,191,S3,96.0,53.451,22.99
38034,191,S3,99.0,52.999,22.99
38035,191,S3,102.0,52.616,22.99
38036,191,S3,105.0,52.104,22.99
38037,191,S3,108.0,51.764,22.99
38038,191,S3,111.0,51.329,22.99
38039,191,S3,114.0,50.943,22.99
38040,191,S3,117.0,50.516,22.99
38041,191,S3,120.0,50.140,22.99
38042,191,S3,123.0,49.650,22.99
38043,191,S3,126.0,49.409,22.99
38044,191,S3,129.0,49.010,22.99
38045,191,S3,132.0,48.474,22.99
38046,191,S3,135.0,48.216,22.99
38047,191,S3,138.0,47.862,22.99
38048,191,S3,141.0,47.542,22.99
38049,191,S3,144.0,47.285,22.99
38050,191,S3,147.0,46.848,22.99
38051,191,S3,150.0,46.501,22.99
38052,191,S3,153.0,46.166,22.99
38053,191,S3,156.0,45.822,22.99
38054,191,S3,159.0,45.501,22.99
38055,191,S3,162.0,45.236,22.99
38056,191,S3,165.0,44.945,22.99
38057,191,S3,168.0,44.569,22.99
38058,191,S3,171.0,44.255,22.99
38059,191,S3,174.0,43.977,22.99
38060,191,S3,177.0,43.572,22.99
38061,191,S3,180.0,43.411,22.99
38062,191,S3,183.0,43.032,22.99
38063,191,S3,186.0,42.754,22.99
38064,191,S3,189.0,42.590,22.99
38065,191,S3,192.0,42.184,22.99
38066,191,S3,195.0,41.902,22.99
38067,191,S3,198.0,41.732,22.99
38068,191,S3,201.0,41.336,22.99
38069,191,S3,204.0,41.059,22.99
38070,191,S3,207.0,40.946,22.99
38071,191,S3,210.0,40.676,22.99
38072,191,S3,213.0,40.438,22.99
38073,191,S3,216.0,40.117,22.99
38074,191,S3,219.0,39.798,22.99
38075,191,S3,222.0,39.624,22.99
38076,191,S3,225.0,39.443,22.99
38077,191,S3,228.0,39.123,22.99
38078,191,S3,231.0,38.985,22.99
38079,191,S3,234.0,38.694,22.99
38080,191,S3,237.0,38.505,22.99
38081,191,S3,240.0,38.227,22.99
38082,191,S3,243.0,38.092,22.99
38083,191,S3,246.0,37.802,22.99
38084,191,S3,249.0,37.634,22.99
38085,191,S3,252.0,37.372,22.99
38086,191,S3,255.0,37.217,22.99
38087,191,S3,258.0,37.016,22.99
38088,191,S3,261.0,36.820,22.99
38089,191,S3,264.0,36.585,22.99
38090,191,S3,267.0,36.368,22.99
38091,191,S3,270.0,36.232,22.99
38092,191,S3,273.0,36.036,22.99
38093,191,S3,276.0,35.821,22.99
38094,191,S3,279.0,35.673,22.99
38095,191,S3,282.0,35.519,22.99
38096,191,S3,285.0,35.397,22.99
38097,191,S3,288.0,35.107,22.99
38098,191,S3,291.0,34.934,22.99
38099,191,S3,294.0,34.795,22.99
38100,191,S3,297.0,34.586,22.99
38101,191,S3,300.0,34.468,22.99
38102,191,S3,303.0,34.234,22.99
38103,191,S3,306.0,34.156,22.99
38104,191,S3,309.0,33.967,22.99
38105,191,S3,312.0,33.803,22.99
38106,191,S3,315.0,33.771,22.99
38107,191,S3,318.0,33.528,22.99
38108,191,S3,321.0,33.351,22.99
38109,191,S3,324.0,33.112,22.99
38110,191,S3,327.0,33.090,22.99
38111,191,S3,330.0,32.847,22.99
38112,191,S3,333.0,32.754,22.99
38113,191,S3,336.0,32.690,22.99
38114,191,S3,339.0,32.549,22.99
38115,191,S3,342.0,32.368,22.99
38116,191,S3,345.0,32.235,22.99
38117,191,S3,348.0,32.069,22.99
38118,191,S3,351.0,31.913,22.99
38119,191,S3,354.0,31.896,22.99
38120,191,S3,357.0,31.734,22.99
38121,191,S3,360.0,31.605,22.99
38122,191,S3,363.0,31.517,22.99
38123,191,S3,366.0,31.375,22.99
38124,191,S3,369.0,31.242,22.99
38125,191,S3,372.0,31.117,22.99
38126,191,S3,375.0,31.001,22.99
38127,191,S3,378.0,30.901,22.99
38128,191,S3,381.0,30.798,22.99
38129,191,S3,384.0,30.635,22.99
38130,191,S3,387.0,30.582,22.99
38131,191,S3,390.0,30.443,22.99
38132,191,S3,393.0,30.286,22.99
38133,191,S3,396.0,30.249,22.99
38134,191,S3,399.0,30.049,22.99
38135,191,S3,402.0,30.036,22.99
38136,191,S3,405.0,30.002,22.99
38137,191,S3,408.0,29.935,22.99
38138,191,S3,411.0,29.730,22.99
38139,191,S3,414.0,29.563,22.99
38140,191,S3,417.0,29.578,22.99
38141,191,S3,420.0,29.402,22.99
38142,191,S3,423.0,29.360,22.99
38143,191,S3,426.0,29.224,22.99
38144,191,S3,429.0,29.137,22.99
38145,191,S3,432.0,29.130,22.99
38146,191,S3,435.0,29.023,22.99
38147,191,S3,438.0,28.969,22.99
38148,191,S3,441.0,28.772,22.99
38149,191,S3,444.0,28.795,22.99
38150,191,S3,447.0,28.682,22.99
38151,191,S3,450.0,28.603,22.99
38152,191,S3,453.0,28.436,22.99
38153,191,S3,456.0,28.368,22.99
38154,191,S3,459.0,28.337,22.99
38155,191,S3,462.0,28.271,22.99
38156,191,S3,465.0,28.175,22.99
38157,191,S3,468.0,28.136,22.99
38158,191,S3,471.0,28.058,22.99
38159,191,S3,474.0,27.949,22.99
38160,191,S3,477.0,27.954,22.99
38161,191,S3,480.0,27.873,22.99
38162,191,S3,483.0,27.768,22.99
38163,191,S3,486.0,27.662,22.99
38164,191,S3,489.0,27.701,22.99
38165,191,S3,492.0,27.569,22.99
38166,191,S3,495.0,27.609,22.99
38167,191,S3,498.0,27.464,22.99
38168,191,S3,501.0,27.509,22.99
38169,191,S3,504.0,27.280,22.99
38170,191,S3,507.0,27.339,22.99
38171,191,S3,510.0,27.218,22.99
38172,191,S3,513.0,27.126,22.99
38173,191,S3,516.0,27.085,22.99
38174,191,S3,519.0,27.026,22.99
38175,191,S3,522.0,27.019,22.99
38176,191,S3,525.0,26.951,22.99
38177,191,S3,528.0,26.819,22.99
38178,191,S3,531.0,26.871,22.99
38179,191,S3,534.0,26.741,22.99
38180,191,S3,537.0,26.682,22.99
38181,191,S3,540.0,26.638,22.99
38182,191,S3,543.0,26.557,22.99
38183,191,S3,546.0,26.622,22.99
38184,191,S3,549.0,26.475,22.99
38185,191,S3,552.0,26.412,22.99
38186,191,S3,555.0,26.350,22.99
38187,191,S3,558.0,26.183,22.99
38188,191,S3,561.0,26.254,22.99
38189,191,S3,564.0,26.242,22.99
38190,191,S3,567.0,26.101,22.99
38191,191,S3,570.0,26.089,22.99
38192,191,S3,573.0,26.123,22.99
38193,191,S3,576.0,25.996,22.99
38194,191,S3,579.0,26.032,22.99
38195,191,S3,582.0,26.033,22.99
38196,191,S3,585.0,25.939,22.99
38197,191,S3,588.0,25.844,22.99
38198,191,S3,591.0,25.896,22.99
38199,191,S3,594.0,25.822,22.99
38200,191,S3,597.0,25.680,22.99
38201,192,S4,0.0,70.239,22.64
38202,192,S4,3.0,68.992,22.64
38203,192,S4,6.0,67.982,22.64
38204,192,S4,9.0,66.811,22.64
38205,192,S4,12.0,65.750,22.64
38206,192,S4,15.0,64.603,22.64
38207,192,S4,18.0,63.630,22.64
38208,192,S4,21.0,62.566,22.64
38209,192,S4,24.0,61.530,22.64
38210,192,S4,27.0,60.601,22.64
38211,192,S4,30.0,59.771,22.64
38212,192,S4,33.0,58.820,22.64
38213,192,S4,36.0,57.896,22.64
38214,192,S4,39.0,57.089,22.64
38215,192,S4,42.0,56.199,22.64
38216,192,S4,45.0,55.497,22.64
38217,192,S4,48.0,54.641,22.64
38218,192,S4,51.0,53.782,22.64
38219,192,S4,54.0,52.940,22.64
38220,192,S4,57.0,52.318,22.64
38221,192,S4,60.0,51.557,22.64
38222,192,S4,63.0,50.831,22.64
38223,192,S4,66.0,50.230,22.64
38224,192,S4,69.0,49.483,22.64
38225,192,S4,72.0,48.847,22.64
38226,192,S4,75.0,48.138,22.64
38227,192,S4,78.0,47.597,22.64
38228,192,S4,81.0,46.782,22.64
38229,192,S4,84.0,46.202,22.64
38230,192,S4,87.0,45.738,22.64
38231,192,S4,90.0,45.203,22.64
38232,192,S4,93.0,44.565,22.64
38233,192,S4,96.0,44.053,22.64
38234,192,S4,99.0,43.511,22.64
38235,192,S4,102.0,42.987,22.64
38236,192,S4,105.0,42.554,22.64
38237,192,S4,108.0,42.169,22.64
38238,192,S4,111.0,41.540,22.64
38239,192,S4,114.0,41.166,22.64
38240,192,S4,117.0,40.610,22.64
38241,192,S4,120.0,40.255,22.64
38242,192,S4,123.0,39.866,22.64
38243,192,S4,126.0,39.343,22.64
38244,192,S4,129.0,38.958,22.64
38245,192,S4,132.0,38.521,22.64
38246,192,S4,135.0,38.243,22.64
38247,192,S4,138.0,37.768,22.64
38248,192,S4,141.0,37.471,22.64
38249,192,S4,144.0,37.060,22.64
38250,192,S4,147.0,36.664,22.64
38251,192,S4,150.0,36.302,22.64
38252,192,S4,153.0,35.969,22.64
38253,192,S4,156.0,35.619,22.64
38254,192,S4,159.0,35.368,22.64
38255,192,S4,162.0,35.036,22.64
38256,192,S4,165.0,34.694,22.64
38257,192,S4,168.0,34.456,22.64
38258,192,S4,171.0,34.026,22.64
38259,192,S4,174.0,33.898,22.64
38260,192,S4,177.0,33.626,22.64
38261,192,S4,180.0,33.350,22.64
38262,192,S4,183.0,33.011,22.64
38263,192,S4,186.0,32.844,22.64
38264,192,S4,189.0,32.538,22.64
38265,192,S4,192.0,32.374,22.64
38266,192,S4,195.0,32.037,22.64
38267,192,S4,198.0,31.889,22.64
38268,192,S4,201.0,31.714,22.64
38269,192,S4,204.0,31.399,22.64
38270,192,S4,207.0,31.146,22.64
38271,192,S4,210.0,30.956,22.64
38272,192,S4,213.0,30.746,22.64
38273,192,S4,216.0,30.601,22.64
38274,192,S4,219.0,30.475,22.64
38275,192,S4,222.0,30.225,22.64
38276,192,S4,225.0,30.005,22.64
38277,192,S4,228.0,29.783,22.64
38278,192,S4,231.0,29.610,22.64
38279,192,S4,234.0,29.443,22.64
38280,192,S4,237.0,29.231,22.64
38281,192,S4,240.0,29.229,22.64
38282,192,S4,243.0,29.036,22.64
38283,192,S4,246.0,28.864,22.64
38284,192,S4,249.0,28.584,22.64
38285,192,S4,252.0,28.485,22.64
38286,192,S4,255.0,28.399,22.64
38287,192,S4,258.0,28.222,22.64
38288,192,S4,261.0,28.098,22.64
38289,192,S4,264.0,27.957,22.64
38290,192,S4,267.0,27.822,22.64
38291,192,S4,270.0,27.643,22.64
38292,192,S4,273.0,27.452,22.64
38293,192,S4,276.0,27.492,22.64
38294,192,S4,279.0,27.427,22.64
38295,192,S4,282.0,27.146,22.64
38296,192,S4,285.0,26.970,22.64
38297,192,S4,288.0,26.954,22.64
38298,192,S4,291.0,26.893,22.64
38299,192,S4,294.0,26.819,22.64
38300,192,S4,297.0,26.692,22.64
38301,192,S4,300.0,26.633,22.64
38302,192,S4,303.0,26.490,22.64
38303,192,S4,306.0,26.495,22.64
38304,192,S4,309.0,26.307,22.64
38305,192,S4,312.0,26.231,22.64
38306,192,S4,315.0,26.087,22.64
38307,192,S4,318.0,26.028,22.64
38308,192,S4,321.0,25.923,22.64
38309,192,S4,324.0,25.833,22.64
38310,192,S4,327.0,25.838,22.64
38311,192,S4,330.0,25.740,22.64
38312,192,S4,333.0,25.672,22.64
38313,192,S4,336.0,25.478,22.64
38314,192,S4,339.0,25.508,22.64
38315,192,S4,342.0,25.423,22.64
38316,192,S4,345.0,25.404,22.64
38317,192,S4,348.0,25.282,22.64
38318,192,S4,351.0,25.257,22.64
38319,192,S4,354.0,25.140,22.64
38320,192,S4,357.0,25.136,22.64
38321,192,S4,360.0,24.991,22.64
38322,192,S4,363.0,24.910,22.64
38323,192,S4,366.0,24.882,22.64
38324,192,S4,369.0,24.865,22.64
38325,192,S4,372.0,24.819,22.64
38326,192,S4,375.0,24.786,22.64
38327,192,S4,378.0,24.707,22.64
38328,192,S4,381.0,24.739,22.64
38329,192,S4,384.0,24.648,22.64
38330,192,S4,387.0,24.525,22.64
38331,192,S4,390.0,24.468,22.64
38332,192,S4,393.0,24.533,22.64
38333,192,S4,396.0,24.384,22.64
38334,192,S4,399.0,24.389,22.64
38335,192,S4,402.0,24.334,22.64
38336,192,S4,405.0,24.295,22.64
38337,192,S4,408.0,24.298,22.64
38338,192,S4,411.0,24.200,22.64
38339,192,S4,414.0,24.226,22.64
38340,192,S4,417.0,24.134,22.64
38341,192,S4,420.0,24.044,22.64
38342,192,S4,423.0,24.126,22.64
38343,192,S4,426.0,24.029,22.64
38344,192,S4,429.0,24.019,22.64
38345,192,S4,432.0,23.934,22.64
38346,192,S4,435.0,23.962,22.64
38347,192,S4,438.0,23.863,22.64
38348,192,S4,441.0,23.903,22.64
38349,192,S4,444.0,23.862,22.64
38350,192,S4,447.0,23.741,22.64
38351,192,S4,450.0,23.771,22.64
38352,192,S4,453.0,23.749,22.64
38353,192,S4,456.0,23.704,22.64
38354,192,S4,459.0,23.688,22.64
38355,192,S4,462.0,23.644,22.64
38356,192,S4,465.0,23.676,22.64
38357,192,S4,468.0,23.545,22.64
38358,192,S4,471.0,23.654,22.64
38359,192,S4,474.0,23.611,22.64
38360,192,S4,477.0,23.598,22.64
38361,192,S4,480.0,23.482,22.64
38362,192,S4,483.0,23.496,22.64
38363,192,S4,486.0,23.521,22.64
38364,192,S4,489.0,23.448,22.64
38365,192,S4,492.0,23.366,22.64
38366,192,S4,495.0,23.513,22.64
38367,192,S4,498.0,23.371,22.64
38368,192,S4,501.0,23.405,22.64
38369,192,S4,504.0,23.442,22.64
38370,192,S4,507.0,23.277,22.64
38371,192,S4,510.0,23.363,22.64
38372,192,S4,513.0,23.366,22.64
38373,192,S4,516.0,23.320,22.64
38374,192,S4,519.0,23.234,22.64
38375,192,S4,522.0,23.250,22.64
38376,192,S4,525.0,23.216,22.64
38377,192,S4,528.0,23.351,22.64
38378,192,S4,531.0,23.276,22.64
38379,192,S4,534.0,23.252,22.64
38380,192,S4,537.0,23.255,22.64
38381,192,S4,540.0,23.205,22.64
38382,192,S4,543.0,23.103,22.64
38383,192,S4,546.0,23.102,22.64
38384,192,S4,549.0,23.201,22.64
38385,192,S4,552.0,23.042,22.64
38386,192,S4,555.0,23.107,22.64
38387,192,S4,558.0,23.144,22.64
38388,192,S4,561.0,23.133,22.64
38389,192,S4,564.0,23.050,22.64
38390,192,S4,567.0,23.136,22.64
38391,192,S4,570.0,23.069,22.64
38392,192,S4,573.0,23.016,22.64
38393,192,S4,576.0,23.094,22.64
38394,192,S4,579.0,23.204,22.64
38395,192,S4,582.0,23.016,22.64
38396,192,S4,585.0,23.039,22.64
38397,192,S4,588.0,23.023,22.64
38398,192,S4,591.0,22.994,22.64
38399,192,S4,594.0,23.035,22.64
38400,192,S4,597.0,23.108,22.64
38401,193,S1,0.0,87.749,21.28
38402,193,S1,3.0,86.825,21.28
38403,193,S1,6.0,85.763,21.28
38404,193,S1,9.0,84.734,21.28
38405,193,S1,12.0,83.965,21.28
38406,193,S1,15.0,83.163,21.28
38407,193,S1,18.0,82.181,21.28
38408,193,S1,21.0,81.318,21.28
38409,193,S1,24.0,80.406,21.28
38410,193,S1,27.0,79.578,21.28
38411,193,S1,30.0,78.718,21.28
38412,193,S1,33.0,78.038,21.28
38413,193,S1,36.0,77.223,21.28
38414,193,S1,39.0,76.355,21.28
38415,193,S1,42.0,75.644,21.28
38416,193,S1,45.0,74.694,21.28
38417,193,S1,48.0,74.054,21.28
38418,193,S1,51.0,73.222,21.28
38419,193,S1,54.0,72.570,21.28
38420,193,S1,57.0,71.770,21.28
38421,193,S1,60.0,71.083,21.28
38422,193,S1,63.0,70.365,21.28
38423,193,S1,66.0,69.615,21.28
38424,193,S1,69.0,68.900,21.28
38425,193,S1,72.0,68.266,21.28
38426,193,S1,75.0,67.544,21.28
38427,193,S1,78.0,66.960,21.28
38428,193,S1,81.0,66.293,21.28
38429,193,S1,84.0,65.589,21.28
38430,193,S1,87.0,64.995,21.28
38431,193,S1,90.0,64.409,21.28
38432,193,S1,93.0,63.657,21.28
38433,193,S1,96.0,63.133,21.28
38434,193,S1,99.0,62.595,21.28
38435,193,S1,102.0,61.871,21.28
38436,193,S1,105.0,61.292,21.28
38437,193,S1,108.0,60.769,21.28
38438,193,S1,111.0,60.199,21.28
38439,193,S1,114.0,59.660,21.28
38440,193,S1,117.0,59.087,21.28
38441,193,S1,120.0,58.577,21.28
38442,193,S1,123.0,57.994,21.28
38443,193,S1,126.0,57.564,21.28
38444,193,S1,129.0,57.030,21.28
38445,193,S1,132.0,56.480,21.28
38446,193,S1,135.0,55.988,21.28
38447,193,S1,138.0,55.518,21.28
38448,193,S1,141.0,55.036,21.28
38449,193,S1,144.0,54.439,21.28
38450,193,S1,147.0,54.004,21.28
38451,193,S1,150.0,53.599,21.28
38452,193,S1,153.0,53.157,21.28
38453,193,S1,156.0,52.665,21.28
38454,193,S1,159.0,52.217,21.28
38455,193,S1,162.0,51.758,21.28
38456,193,S1,165.0,51.421,21.28
38457,193,S1,168.0,50.820,21.28
38458,193,S1,171.0,50.503,21.28
38459,193,S1,174.0,50.109,21.28
38460,193,S1,177.0,49.704,21.28
38461,193,S1,180.0,49.289,21.28
38462,193,S1,183.0,48.908,21.28
38463,193,S1,186.0,48.357,21.28
38464,193,S1,189.0,48.079,21.28
38465,193,S1,192.0,47.645,21.28
38466,193,S1,195.0,47.299,21.28
38467,193,S1,198.0,46.935,21.28
38468,193,S1,201.0,46.631,21.28
38469,193,S1,204.0,46.246,21.28
38470,193,S1,207.0,45.763,21.28
38471,193,S1,210.0,45.326,21.28
38472,193,S1,213.0,45.248,21.28
38473,193,S1,216.0,44.745,21.28
38474,193,S1,219.0,44.499,21.28
38475,193,S1,222.0,44.150,21.28
38476,193,S1,225.0,43.802,21.28
38477,193,S1,228.0,43.466,21.28
38478,193,S1,231.0,43.115,21.28
38479,193,S1,234.0,42.868,21.28
38480,193,S1,237.0,42.539,21.28
38481,193,S1,240.0,42.226,21.28
38482,193,S1,243.0,41.934,21.28
38483,193,S1,246.0,41.657,21.28
38484,193,S1,249.0,41.319,21.28
38485,193,S1,252.0,41.037,21.28
38486,193,S1,255.0,40.822,21.28
38487,193,S1,258.0,40.574,21.28
38488,193,S1,261.0,40.221,21.28
38489,193,S1,264.0,39.998,21.28
38490,193,S1,267.0,39.718,21.28
38491,193,S1,270.0,39.396,21.28
38492,193,S1,273.0,39.105,21.28
38493,193,S1,276.0,38.887,21.28
38494,193,S1,279.0,38.638,21.28
38495,193,S1,282.0,38.401,21.28
38496,193,S1,285.0,38.047,21.28
38497,193,S1,288.0,37.810,21.28
38498,193,S1,291.0,37.680,21.28
38499,193,S1,294.0,37.434,21.28
38500,193,S1,297.0,37.290,21.28
38501,193,S1,300.0,37.014,21.28
38502,193,S1,303.0,36.703,21.28
38503,193,S1,306.0,36.673,21.28
38504,193,S1,309.0,36.290,21.28
38505,193,S1,312.0,36.106,21.28
38506,193,S1,315.0,35.826,21.28
38507,193,S1,318.0,35.654,21.28
38508,193,S1,321.0,35.524,21.28
38509,193,S1,324.0,35.224,21.28
38510,193,S1,327.0,35.001,21.28
38511,193,S1,330.0,34.849,21.28
38512,193,S1,333.0,34.703,21.28
38513,193,S1,336.0,34.475,21.28
38514,193,S1,339.0,34.304,21.28
38515,193,S1,342.0,34.152,21.28
38516,193,S1,345.0,33.862,21.28
38517,193,S1,348.0,33.728,21.28
38518,193,S1,351.0,33.507,21.28
38519,193,S1,354.0,33.451,21.28
38520,193,S1,357.0,33.305,21.28
38521,193,S1,360.0,33.080,21.28
38522,193,S1,363.0,32.928,21.28
38523,193,S1,366.0,32.741,21.28
38524,193,S1,369.0,32.559,21.28
38525,193,S1,372.0,32.345,21.28
38526,193,S1,375.0,32.197,21.28
38527,193,S1,378.0,32.139,21.28
38528,193,S1,381.0,31.813,21.28
38529,193,S1,384.0,31.793,21.28
38530,193,S1,387.0,31.627,21.28
38531,193,S1,390.0,31.442,21.28
38532,193,S1,393.0,31.393,21.28
38533,193,S1,396.0,31.139,21.28
38534,193,S1,399.0,31.123,21.28
38535,193,S1,402.0,30.932,21.28
38536,193,S1,405.0,30.749,21.28
38537,193,S1,408.0,30.625,21.28
38538,193,S1,411.0,30.530,21.28
38539,193,S1,414.0,30.367,21.28
38540,193,S1,417.0,30.136,21.28
38541,193,S1,420.0,30.063,21.28
38542,193,S1,423.0,29.855,21.28
38543,193,S1,426.0,29.825,21.28
38544,193,S1,429.0,29.720,21.28
38545,193,S1,432.0,29.594,21.28
38546,193,S1,435.0,29.446,21.28
38547,193,S1,438.0,29.367,21.28
38548,193,S1,441.0,29.268,21.28
38549,193,S1,444.0,29.078,21.28
38550,193,S1,447.0,29.006,21.28
38551,193,S1,450.0,28.899,21.28
38552,193,S1,453.0,28.768,21.28
38553,193,S1,456.0,28.751,21.28
38554,193,S1,459.0,28.651,21.28
38555,193,S1,462.0,28.480,21.28
38556,193,S1,465.0,28.331,21.28
38557,193,S1,468.0,28.266,21.28
38558,193,S1,471.0,28.083,21.28
38559,193,S1,474.0,28.064,21.28
38560,193,S1,477.0,27.901,21.28
38561,193,S1,480.0,27.824,21.28
38562,193,S1,483.0,27.782,21.28
38563,193,S1,486.0,27.765,21.28
38564,193,S1,489.0,27.587,21.28
38565,193,S1,492.0,27.523,21.28
38566,193,S1,495.0,27.508,21.28
38567,193,S1,498.0,27.473,21.28
38568,193,S1,501.0,27.282,21.28
38569,193,S1,504.0,27.013,21.28
38570,193,S1,507.0,27.109,21.28
38571,193,S1,510.0,27.021,21.28
38572,193,S1,513.0,26.992,21.28
38573,193,S1,516.0,26.862,21.28
38574,193,S1,519.0,26.728,21.28
38575,193,S1,522.0,26.650,21.28
38576,193,S1,525.0,26.540,21.28
38577,193,S1,528.0,26.397,21.28
38578,193,S1,531.0,26.418,21.28
38579,193,S1,534.0,26.354,21.28
38580,193,S1,537.0,26.377,21.28
38581,193,S1,540.0,26.180,21.28
38582,193,S1,543.0,26.142,21.28
38583,193,S1,546.0,26.048,21.28
38584,193,S1,549.0,26.023,21.28
38585,193,S1,552.0,25.893,21.28
38586,193,S1,555.0,25.879,21.28
38587,193,S1,558.0,25.799,21.28
38588,193,S1,561.0,25.641,21.28
38589,193,S1,564.0,25.657,21.28
38590,193,S1,567.0,25.606,21.28
38591,193,S1,570.0,25.636,21.28
38592,193,S1,573.0,25.548,21.28
38593,193,S1,576.0,25.352,21.28
38594,193,S1,579.0,25.347,21.28
38595,193,S1,582.0,25.376,21.28
38596,193,S1,585.0,25.256,21.28
38597,193,S1,588.0,25.170,21.28
38598,193,S1,591.0,25.124,21.28
38599,193,S1,594.0,25.141,21.28
38600,193,S1,597.0,25.075,21.28
38601,194,S2,0.0,90.280,20.42
38602,194,S2,3.0,89.523,20.42
38603,194,S2,6.0,88.702,20.42
38604,194,S2,9.0,87.805,20.42
38605,194,S2,12.0,86.886,20.42
38606,194,S2,15.0,86.000,20.42
38607,194,S2,18.0,85.256,20.42
38608,194,S2,21.0,84.329,20.42
38609,194,S2,24.0,83.502,20.42
38610,194,S2,27.0,82.752,20.42
38611,194,S2,30.0,81.905,20.42
38612,194,S2,33.0,81.179,20.42
38613,194,S2,36.0,80.349,20.42
38614,194,S2,39.0,79.670,20.42
38615,194,S2,42.0,78.862,20.42
38616,194,S2,45.0,78.099,20.42
38617,194,S2,48.0,77.339,20.42
38618,194,S2,51.0,76.657,20.42
38619,194,S2,54.0,75.946,20.42
38620,194,S2,57.0,75.197,20.42
38621,194,S2,60.0,74.477,20.42
38622,194,S2,63.0,73.871,20.42
38623,194,S2,66.0,73.239,20.42
38624,194,S2,69.0,72.389,20.42
38625,194,S2,72.0,71.816,20.42
38626,194,S2,75.0,71.180,20.42
38627,194,S2,78.0,70.422,20.42
38628,194,S2,81.0,69.800,20.42
38629,194,S2,84.0,69.203,20.42
38630,194,S2,87.0,68.602,20.42
38631,194,S2,90.0,68.000,20.42
38632,194,S2,93.0,67.376,20.42
38633,194,S2,96.0,66.775,20.42
38634,194,S2,99.0,66.140,20.42
38635,194,S2,102.0,65.518,20.42
38636,194,S2,105.0,65.015,20.42
38637,194,S2,108.0,64.502,20.42
38638,194,S2,111.0,63.880,20.42
38639,194,S2,114.0,63.288,20.42
38640,194,S2,117.0,62.687,20.42
38641,194,S2,120.0,62.202,20.42
38642,194,S2,123.0,61.700,20.42
38643,194,S2,126.0,61.221,20.42
38644,194,S2,129.0,60.576,20.42
38645,194,S2,132.0,60.179,20.42
38646,194,S2,135.0,59.595,20.42
38647,194,S2,138.0,59.075,20.42
38648,194,S2,141.0,58.659,20.42
38649,194,S2,144.0,58.147,20.42
38650,194,S2,147.0,57.652,20.42
38651,194,S2,150.0,57.113,20.42
38652,194,S2,153.0,56.632,20.42
38653,194,S2,156.0,56.160,20.42
38654,194,S2,159.0,55.740,20.42
38655,194,S2,162.0,55.372,20.42
38656,194,S2,165.0,54.978,20.42
38657,194,S2,168.0,54.313,20.42
38658,194,S2,171.0,53.910,20.42
38659,194,S2,174.0,53.540,20.42
38660,194,S2,177.0,53.155,20.42
38661,194,S2,180.0,52.702,20.42
38662,194,S2,183.0,52.326,20.42
38663,194,S2,186.0,51.938,20.42
38664,194,S2,189.0,51.483,20.42
38665,194,S2,192.0,51.081,20.42
38666,194,S2,195.0,50.736,20.42
38667,194,S2,198.0,50.323,20.42
38668,194,S2,201.0,49.956,20.42
38669,194,S2,204.0,49.624,20.42
38670,194,S2,207.0,49.101,20.42
38671,194,S2,210.0,48.836,20.42
38672,194,S2,213.0,48.467,20.42
38673,194,S2,216.0,48.137,20.42
38674,194,S2,219.0,47.770,20.42
38675,194,S2,222.0,47.336,20.42
38676,194,S2,225.0,47.091,20.42
38677,194,S2,228.0,46.764,20.42
38678,194,S2,231.0,46.373,20.42
38679,194,S2,234.0,46.020,20.42
38680,194,S2,237.0,45.797,20.42
38681,194,S2,240.0,45.332,20.42
38682,194,S2,243.0,45.148,20.42
38683,194,S2,246.0,44.791,20.42
38684,194,S2,249.0,44.529,20.42
38685,194,S2,252.0,44.160,20.42
38686,194,S2,255.0,43.818,20.42
38687,194,S2,258.0,43.568,20.42
38688,194,S2,261.0,43.242,20.42
38689,194,S2,264.0,42.953,20.42
38690,194,S2,267.0,42.652,20.42
38691,194,S2,270.0,42.355,20.42
38692,194,S2,273.0,42.160,20.42
38693,194,S2,276.0,41.683,20.42
38694,194,S2,279.0,41.512,20.42
38695,194,S2,282.0,41.287,20.42
38696,194,S2,285.0,40.990,20.42
38697,194,S2,288.0,40.708,20.42
38698,194,S2,291.0,40.531,20.42
38699,194,S2,294.0,40.267,20.42
38700,194,S2,297.0,39.993,20.42
38701,194,S2,300.0,39.725,20.42
38702,194,S2,303.0,39.501,20.42
38703,194,S2,306.0,39.225,20.42
38704,194,S2,309.0,38.928,20.42
38705,194,S2,312.0,38.677,20.42
38706,194,S2,315.0,38.445,20.42
38707,194,S2,318.0,38.214,20.42
38708,194,S2,321.0,38.104,20.42
38709,194,S2,324.0,37.805,20.42
38710,194,S2,327.0,37.607,20.42
38711,194,S2,330.0,37.343,20.42
38712,194,S2,333.0,37.233,20.42
38713,194,S2,336.0,36.892,20.42
38714,194,S2,339.0,36.755,20.42
38715,194,S2,342.0,36.509,20.42
38716,194,S2,345.0,36.261,20.42
38717,194,S2,348.0,36.116,20.42
38718,194,S2,351.0,35.860,20.42
38719,194,S2,354.0,35.655,20.42
38720,194,S2,357.0,35.589,20.42
38721,194,S2,360.0,35.343,20.42
38722,194,S2,363.0,35.071,20.42
38723,194,S2,366.0,35.054,20.42
38724,194,S2,369.0,34.792,20.42
38725,194,S2,372.0,34.569,20.42
38726,194,S2,375.0,34.429,20.42
38727,194,S2,378.0,34.156,20.42
38728,194,S2,381.0,34.055,20.42
38729,194,S2,384.0,33.853,20.42
38730,194,S2,387.0,33.704,20.42
38731,194,S2,390.0,33.538,20.42
38732,194,S2,393.0,33.358,20.42
38733,194,S2,396.0,33.275,20.42
38734,194,S2,399.0,33.012,20.42
38735,194,S2,402.0,32.958,20.42
38736,194,S2,405.0,32.742,20.42
38737,194,S2,408.0,32.485,20.42
38738,194,S2,411.0,32.330,20.42
38739,194,S2,414.0,32.302,20.42
38740,194,S2,417.0,32.007,20.42
38741,194,S2,420.0,31.964,20.42
38742,194,S2,423.0,31.779,20.42
38743,194,S2,426.0,31.695,20.42
38744,194,S2,429.0,31.446,20.42
38745,194,S2,432.0,31.359,20.42
38746,194,S2,435.0,31.157,20.42
38747,194,S2,438.0,31.053,20.42
38748,194,S2,441.0,30.977,20.42
38749,194,S2,444.0,30.801,20.42
38750,194,S2,447.0,30.714,20.42
38751,194,S2,450.0,30.499,20.42
38752,194,S2,453.0,30.418,20.42
38753,194,S2,456.0,30.226,20.42
38754,194,S2,459.0,30.174,20.42
38755,194,S2,462.0,30.031,20.42
38756,194,S2,465.0,29.971,20.42
38757,194,S2,468.0,29.752,20.42
38758,194,S2,471.0,29.687,20.42
38759,194,S2,474.0,29.554,20.42
38760,194,S2,477.0,29.553,20.42
38761,194,S2,480.0,29.302,20.42
38762,194,S2,483.0,29.290,20.42
38763,194,S2,486.0,29.112,20.42
38764,194,S2,489.0,28.928,20.42
38765,194,S2,492.0,28.962,20.42
38766,194,S2,495.0,28.729,20.42
38767,194,S2,498.0,28.610,20.42
38768,194,S2,501.0,28.527,20.42
38769,194,S2,504.0,28.404,20.42
38770,194,S2,507.0,28.419,20.42
38771,194,S2,510.0,28.235,20.42
38772,194,S2,513.0,28.146,20.42
38773,194,S2,516.0,27.993,20.42
38774,194,S2,519.0,27.968,20.42
38775,194,S2,522.0,27.782,20.42
38776,194,S2,525.0,27.736,20.42
38777,194,S2,528.0,27.638,20.42
38778,194,S2,531.0,27.519,20.42
38779,194,S2,534.0,27.417,20.42
38780,194,S2,537.0,27.369,20.42
38781,194,S2,540.0,27.288,20.42
38782,194,S2,543.0,27.191,20.42
38783,194,S2,546.0,27.069,20.42
38784,194,S2,549.0,27.048,20.42
38785,194,S2,552.0,26.935,20.42
38786,194,S2,555.0,26.921,20.42
38787,194,S2,558.0,26.746,20.42
38788,194,S2,561.0,26.638,20.42
38789,194,S2,564.0,26.617,20.42
38790,194,S2,567.0,26.505,20.42
38791,194,S2,570.0,26.556,20.42
38792,194,S2,573.0,26.439,20.42
38793,194,S2,576.0,26.335,20.42
38794,194,S2,579.0,26.207,20.42
38795,194,S2,582.0,26.189,20.42
38796,194,S2,585.0,26.108,20.42
38797,194,S2,588.0,25.986,20.42
38798,194,S2,591.0,25.990,20.42
38799,194,S2,594.0,25.848,20.42
38800,194,S2,597.0,25.806,20.42
38801,195,S3,0.0,91.226,21.87
38802,195,S3,3.0,90.262,21.87
38803,195,S3,6.0,89.327,21.87
38804,195,S3,9.0,88.419,21.87
38805,195,S3,12.0,87.415,21.87
38806,195,S3,15.0,86.451,21.87
38807,195,S3,18.0,85.532,21.87
38808,195,S3,21.0,84.571,21.87
38809,195,S3,24.0,83.736,21.87
38810,195,S3,27.0,82.833,21.87
38811,195,S3,30.0,81.941,21.87
38812,195,S3,33.0,81.065,21.87
38813,195,S3,36.0,80.265,21.87
38814,195,S3,39.0,79.416,21.87
38815,195,S3,42.0,78.532,21.87
38816,195,S3,45.0,77.910,21.87
38817,195,S3,48.0,76.961,21.87
38818,195,S3,51.0,76.276,21.87
38819,195,S3,54.0,75.475,21.87
38820,195,S3,57.0,74.616,21.87
38821,195,S3,60.0,73.872,21.87
38822,195,S3,63.0,73.141,21.87
38823,195,S3,66.0,72.312,21.87
38824,195,S3,69.0,71.760,21.87
38825,195,S3,72.0,70.945,21.87
38826,195,S3,75.0,70.330,21.87
38827,195,S3,78.0,69.530,21.87
38828,195,S3,81.0,68.838,21.87
38829,195,S3,84.0,68.250,21.87
38830,195,S3,87.0,67.530,21.87
38831,195,S3,90.0,67.000,21.87
38832,195,S3,93.0,66.363,21.87
38833,195,S3,96.0,65.674,21.87
38834,195,S3,99.0,65.080,21.87
38835,195,S3,102.0,64.349,21.87
38836,195,S3,105.0,63.810,21.87
38837,195,S3,108.0,63.184,21.87
38838,195,S3,111.0,62.632,21.87
38839,195,S3,114.0,62.075,21.87
38840,195,S3,117.0,61.407,21.87
38841,195,S3,120.0,60.865,21.87
38842,195,S3,123.0,60.363,21.87
38843,195,S3,126.0,59.835,21.87
38844,195,S3,129.0,59.303,21.87
38845,195,S3,132.0,58.760,21.87
38846,195,S3,135.0,58.213,21.87
38847,195,S3,138.0,57.609,21.87
38848,195,S3,141.0,57.046,21.87
38849,195,S3,144.0,56.636,21.87
38850,195,S3,147.0,56.137,21.87
38851,195,S3,150.0,55.679,21.87
38852,195,S3,153.0,55.145,21.87
38853,195,S3,156.0,54.790,21.87
38854,195,S3,159.0,54.212,21.87
38855,195,S3,162.0,53.871,21.87
38856,195,S3,165.0,53.402,21.87
38857,195,S3,168.0,52.857,21.87
38858,195,S3,171.0,52.328,21.87
38859,195,S3,174.0,51.964,21.87
38860,195,S3,177.0,51.604,21.87
38861,195,S3,180.0,51.126,21.87
38862,195,S3,183.0,50.679,21.87
38863,195,S3,186.0,50.265,21.87
38864,195,S3,189.0,49.880,21.87
38865,195,S3,192.0,49.464,21.87
38866,195,S3,195.0,49.180,21.87
38867,195,S3,198.0,48.724,21.87
38868,195,S3,201.0,48.352,21.87
38869,195,S3,204.0,47.960,21.87
38870,195,S3,207.0,47.591,21.87
38871,195,S3,210.0,47.174,21.87
38872,195,S3,213.0,46.783,21.87
38873,195,S3,216.0,46.467,21.87
38874,195,S3,219.0,46.136,21.87
38875,195,S3,222.0,45.776,21.87
38876,195,S3,225.0,45.511,21.87
38877,195,S3,228.0,45.104,21.87
38878,195,S3,231.0,44.752,21.87
38879,195,S3,234.0,44.504,21.87
38880,195,S3,237.0,44.155,21.87
38881,195,S3,240.0,43.943,21.87
38882,195,S3,243.0,43.526,21.87
38883,195,S3,246.0,43.147,21.87
38884,195,S3,249.0,42.822,21.87
38885,195,S3,252.0,42.636,21.87
38886,195,S3,255.0,42.278,21.87
38887,195,S3,258.0,41.938,21.87
38888,195,S3,261.0,41.558,21.87
38889,195,S3,264.0,41.456,21.87
38890,195,S3,267.0,41.148,21.87
38891,195,S3,270.0,40.937,21.87
38892,195,S3,273.0,40.656,21.87
38893,195,S3,276.0,40.419,21.87
38894,195,S3,279.0,40.038,21.87
38895,195,S3,282.0,39.841,21.87
38896,195,S3,285.0,39.511,21.87
38897,195,S3,288.0,39.304,21.87
38898,195,S3,291.0,39.050,21.87
38899,195,S3,294.0,38.822,21.87
38900,195,S3,297.0,38.618,21.87
38901,195,S3,300.0,38.331,21.87
38902,195,S3,303.0,38.108,21.87
38903,195,S3,306.0,37.795,21.87
38904,195,S3,309.0,37.613,21.87
38905,195,S3,312.0,37.361,21.87
38906,195,S3,315.0,37.078,21.87
38907,195,S3,318.0,36.943,21.87
38908,195,S3,321.0,36.784,21.87
38909,195,S3,324.0,36.549,21.87
38910,195,S3,327.0,36.393,21.87
38911,195,S3,330.0,36.063,21.87
38912,195,S3,333.0,35.879,21.87
38913,195,S3,336.0,35.686,21.87
38914,195,S3,339.0,35.501,21.87
38915,195,S3,342.0,35.234,21.87
38916,195,S3,345.0,35.236,21.87
38917,195,S3,348.0,35.022,21.87
38918,195,S3,351.0,34.794,21.87
38919,195,S3,354.0,34.516,21.87
38920,195,S3,357.0,34.372,21.87
38921,195,S3,360.0,34.259,21.87
38922,195,S3,363.0,34.110,21.87
38923,195,S3,366.0,33.849,21.87
38924,195,S3,369.0,33.623,21.87
38925,195,S3,372.0,33.514,21.87
38926,195,S3,375.0,33.354,21.87
38927,195,S3,378.0,33.165,21.87
38928,195,S3,381.0,32.960,21.87
38929,195,S3,384.0,32.777,21.87
38930,195,S3,387.0,32.754,21.87
38931,195,S3,390.0,32.521,21.87
38932,195,S3,393.0,32.451,21.87
38933,195,S3,396.0,32.178,21.87
38934,195,S3,399.0,32.127,21.87
38935,195,S3,402.0,31.950,21.87
38936,195,S3,405.0,31.824,21.87
38937,195,S3,408.0,31.721,21.87
38938,195,S3,411.0,31.521,21.87
38939,195,S3,414.0,31.411,21.87
38940,195,S3,417.0,31.283,21.87
38941,195,S3,420.0,31.118,21.87
38942,195,S3,423.0,31.044,21.87
38943,195,S3,426.0,30.882,21.87
38944,195,S3,429.0,30.633,21.87
38945,195,S3,432.0,30.540,21.87
38946,195,S3,435.0,30.494,21.87
38947,195,S3,438.0,30.346,21.87
38948,195,S3,441.0,30.322,21.87
38949,195,S3,444.0,30.105,21.87
38950,195,S3,447.0,29.980,21.87
38951,195,S3,450.0,29.855,21.87
38952,195,S3,453.0,29.696,21.87
38953,195,S3,456.0,29.727,21.87
38954,195,S3,459.0,29.519,21.87
38955,195,S3,462.0,29.395,21.87
38956,195,S3,465.0,29.307,21.87
38957,195,S3,468.0,29.184,21.87
38958,195,S3,471.0,29.079,21.87
38959,195,S3,474.0,28.987,21.87
38960,195,S3,477.0,28.934,21.87
38961,195,S3,480.0,28.739,21.87
38962,195,S3,483.0,28.632,21.87
38963,195,S3,486.0,28.687,21.87
38964,195,S3,489.0,28.423,21.87
38965,195,S3,492.0,28.410,21.87
38966,195,S3,495.0,28.298,21.87
38967,195,S3,498.0,28.242,21.87
38968,195,S3,501.0,28.098,21.87
38969,195,S3,504.0,28.061,21.87
38970,195,S3,507.0,27.910,21.87
38971,195,S3,510.0,27.896,21.87
38972,195,S3,513.0,27.808,21.87
38973,195,S3,516.0,27.706,21.87
38974,195,S3,519.0,27.578,21.87
38975,195,S3,522.0,27.563,21.87
38976,195,S3,525.0,27.534,21.87
38977,195,S3,528.0,27.449,21.87
38978,195,S3,531.0,27.245,21.87
38979,195,S3,534.0,27.300,21.87
38980,195,S3,537.0,27.077,21.87
38981,195,S3,540.0,27.034,21.87
38982,195,S3,543.0,26.946,21.87
38983,195,S3,546.0,26.916,21.87
38984,195,S3,549.0,26.953,21.87
38985,195,S3,552.0,26.714,21.87
38986,195,S3,555.0,26.679,21.87
38987,195,S3,558.0,26.582,21.87
38988,195,S3,561.0,26.601,21.87
38989,195,S3,564.0,26.485,21.87
38990,195,S3,567.0,26.437,21.87
38991,195,S3,570.0,26.402,21.87
38992,195,S3,573.0,26.322,21.87
38993,195,S3,576.0,26.343,21.87
38994,195,S3,579.0,26.192,21.87
38995,195,S3,582.0,26.111,21.87
38996,195,S3,585.0,26.106,21.87
38997,195,S3,588.0,26.083,21.87
38998,195,S3,591.0,25.831,21.87
38999,195,S3,594.0,25.854,21.87
39000,195,S3,597.0,25.831,21.87
39001,196,S4,0.0,76.107,21.67
39002,196,S4,3.0,75.127,21.67
39003,196,S4,6.0,73.991,21.67
39004,196,S4,9.0,72.970,21.67
39005,196,S4,12.0,71.956,21.67
39006,196,S4,15.0,70.953,21.67
39007,196,S4,18.0,69.989,21.67
39008,196,S4,21.0,68.987,21.67
39009,196,S4,24.0,68.051,21.67
39010,196,S4,27.0,67.007,21.67
39011,196,S4,30.0,66.111,21.67
39012,196,S4,33.0,65.263,21.67
39013,196,S4,36.0,64.358,21.67
39014,196,S4,39.0,63.574,21.67
39015,196,S4,42.0,62.747,21.67
39016,196,S4,45.0,61.879,21.67
39017,196,S4,48.0,61.153,21.67
39018,196,S4,51.0,60.300,21.67
39019,196,S4,54.0,59.455,21.67
39020,196,S4,57.0,58.754,21.67
39021,196,S4,60.0,57.929,21.67
39022,196,S4,63.0,57.230,21.67
39023,196,S4,66.0,56.524,21.67
39024,196,S4,69.0,55.806,21.67
39025,196,S4,72.0,55.068,21.67
39026,196,S4,75.0,54.456,21.67
39027,196,S4,78.0,53.813,21.67
39028,196,S4,81.0,53.181,21.67
39029,196,S4,84.0,52.515,21.67
39030,196,S4,87.0,51.863,21.67
39031,196,S4,90.0,51.244,21.67
39032,196,S4,93.0,50.766,21.67
39033,196,S4,96.0,50.047,21.67
39034,196,S4,99.0,49.589,21.67
39035,196,S4,102.0,48.961,21.67
39036,196,S4,105.0,48.462,21.67
39037,196,S4,108.0,47.877,21.67
39038,196,S4,111.0,47.435,21.67
39039,196,S4,114.0,46.828,21.67
39040,196,S4,117.0,46.352,21.67
39041,196,S4,120.0,45.853,21.67
39042,196,S4,123.0,45.307,21.67
39043,196,S4,126.0,44.852,21.67
39044,196,S4,129.0,44.438,21.67
39045,196,S4,132.0,43.929,21.67
39046,196,S4,135.0,43.472,21.67
39047,196,S4,138.0,43.039,21.67
39048,196,S4,141.0,42.703,21.67
39049,196,S4,144.0,42.218,21.67
39050,196,S4,147.0,41.799,21.67
39051,196,S4,150.0,41.393,21.67
39052,196,S4,153.0,40.941,21.67
39053,196,S4,156.0,40.583,21.67
39054,196,S4,159.0,40.188,21.67
39055,196,S4,162.0,39.797,21.67
39056,196,S4,165.0,39.411,21.67
39057,196,S4,168.0,39.136,21.67
39058,196,S4,171.0,38.752,21.67
39059,196,S4,174.0,38.378,21.67
39060,196,S4,177.0,38.117,21.67
39061,196,S4,180.0,37.821,21.67
39062,196,S4,183.0,37.385,21.67
39063,196,S4,186.0,37.093,21.67
39064,196,S4,189.0,36.829,21.67
39065,196,S4,192.0,36.458,21.67
39066,196,S4,195.0,36.210,21.67
39067,196,S4,198.0,36.002,21.67
39068,196,S4,201.0,35.597,21.67
39069,196,S4,204.0,35.288,21.67
39070,196,S4,207.0,34.993,21.67
39071,196,S4,210.0,34.784,21.67
39072,196,S4,213.0,34.502,21.67
39073,196,S4,216.0,34.252,21.67
39074,196,S4,219.0,34.019,21.67
39075,196,S4,222.0,33.788,21.67
39076,196,S4,225.0,33.476,21.67
39077,196,S4,228.0,33.258,21.67
39078,196,S4,231.0,33.067,21.67
39079,196,S4,234.0,32.833,21.67
39080,196,S4,237.0,32.704,21.67
39081,196,S4,240.0,32.369,21.67
39082,196,S4,243.0,32.292,21.67
39083,196,S4,246.0,31.924,21.67
39084,196,S4,249.0,31.669,21.67
39085,196,S4,252.0,31.533,21.67
39086,196,S4,255.0,31.226,21.67
39087,196,S4,258.0,31.163,21.67
39088,196,S4,261.0,31.014,21.67
39089,196,S4,264.0,30.763,21.67
39090,196,S4,267.0,30.584,21.67
39091,196,S4,270.0,30.429,21.67
39092,196,S4,273.0,30.235,21.67
39093,196,S4,276.0,30.017,21.67
39094,196,S4,279.0,29.916,21.67
39095,196,S4,282.0,29.758,21.67
39096,196,S4,285.0,29.577,21.67
39097,196,S4,288.0,29.388,21.67
39098,196,S4,291.0,29.219,21.67
39099,196,S4,294.0,29.059,21.67
39100,196,S4,297.0,29.012,21.67
39101,196,S4,300.0,28.727,21.67
39102,196,S4,303.0,28.608,21.67
39103,196,S4,306.0,28.516,21.67
39104,196,S4,309.0,28.358,21.67
39105,196,S4,312.0,28.262,21.67
39106,196,S4,315.0,28.147,21.67
39107,196,S4,318.0,28.043,21.67
39108,196,S4,321.0,27.819,21.67
39109,196,S4,324.0,27.680,21.67
39110,196,S4,327.0,27.542,21.67
39111,196,S4,330.0,27.426,21.67
39112,196,S4,333.0,27.279,21.67
39113,196,S4,336.0,27.260,21.67
39114,196,S4,339.0,27.133,21.67
39115,196,S4,342.0,27.082,21.67
39116,196,S4,345.0,27.066,21.67
39117,196,S4,348.0,26.816,21.67
39118,196,S4,351.0,26.745,21.67
39119,196,S4,354.0,26.568,21.67
39120,196,S4,357.0,26.558,21.67
39121,196,S4,360.0,26.443,21.67
39122,196,S4,363.0,26.310,21.67
39123,196,S4,366.0,26.332,21.67
39124,196,S4,369.0,26.068,21.67
39125,196,S4,372.0,26.063,21.67
39126,196,S4,375.0,25.907,21.67
39127,196,S4,378.0,25.880,21.67
39128,196,S4,381.0,25.821,21.67
39129,196,S4,384.0,25.639,21.67
39130,196,S4,387.0,25.680,21.67
39131,196,S4,390.0,25.484,21.67
39132,196,S4,393.0,25.538,21.67
39133,196,S4,396.0,25.393,21.67
39134,196,S4,399.0,25.302,21.67
39135,196,S4,402.0,25.273,21.67
39136,196,S4,405.0,25.200,21.67
39137,196,S4,408.0,25.096,21.67
39138,196,S4,411.0,25.057,21.67
39139,196,S4,414.0,24.935,21.67
39140,196,S4,417.0,24.938,21.67
39141,196,S4,420.0,24.803,21.67
39142,196,S4,423.0,24.672,21.67
39143,196,S4,426.0,24.662,21.67
39144,196,S4,429.0,24.612,21.67
39145,196,S4,432.0,24.578,21.67
39146,196,S4,435.0,24.506,21.67
39147,196,S4,438.0,24.403,21.67
39148,196,S4,441.0,24.394,21.67
39149,196,S4,444.0,24.273,21.67
39150,196,S4,447.0,24.292,21.67
39151,196,S4,450.0,24.257,21.67
39152,196,S4,453.0,24.257,21.67
39153,196,S4,456.0,24.182,21.67
39154,196,S4,459.0,24.062,21.67
39155,196,S4,462.0,24.066,21.67
39156,196,S4,465.0,23.981,21.67
39157,196,S4,468.0,23.848,21.67
39158,196,S4,471.0,23.911,21.67
39159,196,S4,474.0,23.909,21.67
39160,196,S4,477.0,23.825,21.67
39161,196,S4,480.0,23.718,21.67
39162,196,S4,483.0,23.701,21.67
39163,196,S4,486.0,23.669,21.67
39164,196,S4,489.0,23.631,21.67
39165,196,S4,492.0,23.703,21.67
39166,196,S4,495.0,23.603,21.67
39167,196,S4,498.0,23.516,21.67
39168,196,S4,501.0,23.550,21.67
39169,196,S4,504.0,23.359,21.67
39170,196,S4,507.0,23.388,21.67
39171,196,S4,510.0,23.325,21.67
39172,196,S4,513.0,23.374,21.67
39173,196,S4,516.0,23.344,21.67
39174,196,S4,519.0,23.233,21.67
39175,196,S4,522.0,23.341,21.67
39176,196,S4,525.0,23.163,21.67
39177,196,S4,528.0,23.187,21.67
39178,196,S4,531.0,23.177,21.67
39179,196,S4,534.0,23.071,21.67
39180,196,S4,537.0,23.122,21.67
39181,196,S4,540.0,23.045,21.67
39182,196,S4,543.0,23.031,21.67
39183,196,S4,546.0,22.998,21.67
39184,196,S4,549.0,23.044,21.67
39185,196,S4,552.0,22.826,21.67
39186,196,S4,555.0,22.980,21.67
39187,196,S4,558.0,22.950,21.67
39188,196,S4,561.0,22.952,21.67
39189,196,S4,564.0,22.816,21.67
39190,196,S4,567.0,22.787,21.67
39191,196,S4,570.0,22.762,21.67
39192,196,S4,573.0,22.880,21.67
39193,196,S4,576.0,22.763,21.67
39194,196,S4,579.0,22.676,21.67
39195,196,S4,582.0,22.736,21.67
39196,196,S4,585.0,22.703,21.67
39197,196,S4,588.0,22.749,21.67
39198,196,S4,591.0,22.675,21.67
39199,196,S4,594.0,22.671,21.67
39200,196,S4,597.0,22.629,21.67
39201,197,S1,0.0,91.960,22.36
39202,197,S1,3.0,90.376,22.36
39203,197,S1,6.0,88.752,22.36
39204,197,S1,9.0,87.275,22.36
39205,197,S1,12.0,85.863,22.36
39206,197,S1,15.0,84.443,22.36
39207,197,S1,18.0,83.011,22.36
39208,197,S1,21.0,81.623,22.36
39209,197,S1,24.0,80.258,22.36
39210,197,S1,27.0,78.952,22.36
39211,197,S1,30.0,77.719,22.36
39212,197,S1,33.0,76.409,22.36
39213,197,S1,36.0,75.184,22.36
39214,197,S1,39.0,74.039,22.36
39215,197,S1,42.0,72.799,22.36
39216,197,S1,45.0,71.681,22.36
39217,197,S1,48.0,70.531,22.36
39218,197,S1,51.0,69.329,22.36
39219,197,S1,54.0,68.411,22.36
39220,197,S1,57.0,67.386,22.36
39221,197,S1,60.0,66.347,22.36
39222,197,S1,63.0,65.335,22.36
39223,197,S1,66.0,64.355,22.36
39224,197,S1,69.0,63.482,22.36
39225,197,S1,72.0,62.413,22.36
39226,197,S1,75.0,61.521,22.36
39227,197,S1,78.0,60.678,22.36
39228,197,S1,81.0,59.866,22.36
39229,197,S1,84.0,58.963,22.36
39230,197,S1,87.0,58.064,22.36
39231,197,S1,90.0,57.354,22.36
39232,197,S1,93.0,56.519,22.36
39233,197,S1,96.0,55.784,22.36
39234,197,S1,99.0,54.982,22.36
39235,197,S1,102.0,54.150,22.36
39236,197,S1,105.0,53.557,22.36
39237,197,S1,108.0,52.855,22.36
39238,197,S1,111.0,52.119,22.36
39239,197,S1,114.0,51.475,22.36
39240,197,S1,117.0,50.833,22.36
39241,197,S1,120.0,50.236,22.36
39242,197,S1,123.0,49.536,22.36
39243,197,S1,126.0,49.013,22.36
39244,197,S1,129.0,48.199,22.36
39245,197,S1,132.0,47.704,22.36
39246,197,S1,135.0,47.101,22.36
39247,197,S1,138.0,46.732,22.36
39248,197,S1,141.0,46.052,22.36
39249,197,S1,144.0,45.442,22.36
39250,197,S1,147.0,44.974,22.36
39251,197,S1,150.0,44.544,22.36
39252,197,S1,153.0,43.973,22.36
39253,197,S1,156.0,43.622,22.36
39254,197,S1,159.0,42.877,22.36
39255,197,S1,162.0,42.478,22.36
39256,197,S1,165.0,42.066,22.36
39257,197,S1,168.0,41.572,22.36
39258,197,S1,171.0,41.152,22.36
39259,197,S1,174.0,40.712,22.36
39260,197,S1,177.0,40.312,22.36
39261,197,S1,180.0,39.877,22.36
39262,197,S1,183.0,39.491,22.36
39263,197,S1,186.0,39.087,22.36
39264,197,S1,189.0,38.785,22.36
39265,197,S1,192.0,38.406,22.36
39266,197,S1,195.0,37.936,22.36
39267,197,S1,198.0,37.605,22.36
39268,197,S1,201.0,37.322,22.36
39269,197,S1,204.0,36.981,22.36
39270,197,S1,207.0,36.647,22.36
39271,197,S1,210.0,36.337,22.36
39272,197,S1,213.0,36.030,22.36
39273,197,S1,216.0,35.749,22.36
39274,197,S1,219.0,35.306,22.36
39275,197,S1,222.0,35.102,22.36
39276,197,S1,225.0,34.785,22.36
39277,197,S1,228.0,34.544,22.36
39278,197,S1,231.0,34.238,22.36
39279,197,S1,234.0,34.042,22.36
39280,197,S1,237.0,33.549,22.36
39281,197,S1,240.0,33.515,22.36
39282,197,S1,243.0,33.242,22.36
39283,197,S1,246.0,32.990,22.36
39284,197,S1,249.0,32.642,22.36
39285,197,S1,252.0,32.455,22.36
39286,197,S1,255.0,32.222,22.36
39287,197,S1,258.0,32.046,22.36
39288,197,S1,261.0,31.812,22.36
39289,197,S1,264.0,31.687,22.36
39290,197,S1,267.0,31.430,22.36
39291,197,S1,270.0,31.125,22.36
39292,197,S1,273.0,30.949,22.36
39293,197,S1,276.0,30.843,22.36
39294,197,S1,279.0,30.620,22.36
39295,197,S1,282.0,30.368,22.36
39296,197,S1,285.0,30.274,22.36
39297,197,S1,288.0,29.999,22.36
39298,197,S1,291.0,29.844,22.36
39299,197,S1,294.0,29.689,22.36
39300,197,S1,297.0,29.586,22.36
39301,197,S1,300.0,29.376,22.36
39302,197,S1,303.0,29.314,22.36
39303,197,S1,306.0,29.083,22.36
39304,197,S1,309.0,28.896,22.36
39305,197,S1,312.0,28.749,22.36
39306,197,S1,315.0,28.623,22.36
39307,197,S1,318.0,28.408,22.36
39308,197,S1,321.0,28.249,22.36
39309,197,S1,324.0,28.141,22.36
39310,197,S1,327.0,28.013,22.36
39311,197,S1,330.0,27.901,22.36
39312,197,S1,333.0,27.778,22.36
39313,197,S1,336.0,27.726,22.36
39314,197,S1,339.0,27.615,22.36
39315,197,S1,342.0,27.398,22.36
39316,197,S1,345.0,27.357,22.36
39317,197,S1,348.0,27.205,22.36
39318,197,S1,351.0,27.130,22.36
39319,197,S1,354.0,27.007,22.36
39320,197,S1,357.0,26.902,22.36
39321,197,S1,360.0,26.761,22.36
39322,197,S1,363.0,26.607,22.36
39323,197,S1,366.0,26.516,22.36
39324,197,S1,369.0,26.483,22.36
39325,197,S1,372.0,26.369,22.36
39326,197,S1,375.0,26.320,22.36
39327,197,S1,378.0,26.380,22.36
39328,197,S1,381.0,26.087,22.36
39329,197,S1,384.0,26.058,22.36
39330,197,S1,387.0,25.996,22.36
39331,197,S1,390.0,25.786,22.36
39332,197,S1,393.0,25.841,22.36
39333,197,S1,396.0,25.746,22.36
39334,197,S1,399.0,25.560,22.36
39335,197,S1,402.0,25.562,22.36
39336,197,S1,405.0,25.475,22.36
39337,197,S1,408.0,25.467,22.36
39338,197,S1,411.0,25.363,22.36
39339,197,S1,414.0,25.329,22.36
39340,197,S1,417.0,25.308,22.36
39341,197,S1,420.0,25.198,22.36
39342,197,S1,423.0,25.069,22.36
39343,197,S1,426.0,24.953,22.36
39344,197,S1,429.0,24.982,22.36
39345,197,S1,432.0,24.989,22.36
39346,197,S1,435.0,24.858,22.36
39347,197,S1,438.0,24.840,22.36
39348,197,S1,441.0,24.661,22.36
39349,197,S1,444.0,24.627,22.36
39350,197,S1,447.0,24.584,22.36
39351,197,S1,450.0,24.598,22.36
39352,197,S1,453.0,24.521,22.36
39353,197,S1,456.0,24.510,22.36
39354,197,S1,459.0,24.351,22.36
39355,197,S1,462.0,24.385,22.36
39356,197,S1,465.0,24.303,22.36
39357,197,S1,468.0,24.319,22.36
39358,197,S1,471.0,24.220,22.36
39359,197,S1,474.0,24.160,22.36
39360,197,S1,477.0,24.186,22.36
39361,197,S1,480.0,24.148,22.36
39362,197,S1,483.0,24.108,22.36
39363,197,S1,486.0,24.012,22.36
39364,197,S1,489.0,24.005,22.36
39365,197,S1,492.0,24.041,22.36
39366,197,S1,495.0,23.956,22.36
39367,197,S1,498.0,23.895,22.36
39368,197,S1,501.0,23.843,22.36
39369,197,S1,504.0,23.790,22.36
39370,197,S1,507.0,23.736,22.36
39371,197,S1,510.0,23.836,22.36
39372,197,S1,513.0,23.730,22.36
39373,197,S1,516.0,23.737,22.36
39374,197,S1,519.0,23.710,22.36
39375,197,S1,522.0,23.651,22.36
39376,197,S1,525.0,23.535,22.36
39377,197,S1,528.0,23.603,22.36
39378,197,S1,531.0,23.570,22.36
39379,197,S1,534.0,23.513,22.36
39380,197,S1,537.0,23.460,22.36
39381,197,S1,540.0,23.484,22.36
39382,197,S1,543.0,23.376,22.36
39383,197,S1,546.0,23.369,22.36
39384,197,S1,549.0,23.334,22.36
39385,197,S1,552.0,23.370,22.36
39386,197,S1,555.0,23.352,22.36
39387,197,S1,558.0,23.345,22.36
39388,197,S1,561.0,23.280,22.36
39389,197,S1,564.0,23.414,22.36
39390,197,S1,567.0,23.246,22.36
39391,197,S1,570.0,23.302,22.36
39392,197,S1,573.0,23.196,22.36
39393,197,S1,576.0,23.113,22.36
39394,197,S1,579.0,23.197,22.36
39395,197,S1,582.0,23.067,22.36
39396,197,S1,585.0,23.192,22.36
39397,197,S1,588.0,23.138,22.36
39398,197,S1,591.0,23.168,22.36
39399,197,S1,594.0,23.125,22.36
39400,197,S1,597.0,23.101,22.36
39401,198,S2,0.0,75.813,20.56
39402,198,S2,3.0,74.521,20.56
39403,198,S2,6.0,73.270,20.56
39404,198,S2,9.0,72.056,20.56
39405,198,S2,12.0,70.876,20.56
39406,198,S2,15.0,69.644,20.56
39407,198,S2,18.0,68.581,20.56
39408,198,S2,21.0,67.379,20.56
39409,198,S2,24.0,66.323,20.56
39410,198,S2,27.0,65.329,20.56
39411,198,S2,30.0,64.204,20.56
39412,198,S2,33.0,63.109,20.56
39413,198,S2,36.0,62.270,20.56
39414,198,S2,39.0,61.204,20.56
39415,198,S2,42.0,60.240,20.56
39416,198,S2,45.0,59.390,20.56
39417,198,S2,48.0,58.511,20.56
39418,198,S2,51.0,57.562,20.56
39419,198,S2,54.0,56.744,20.56
39420,198,S2,57.0,55.910,20.56
39421,198,S2,60.0,55.153,20.56
39422,198,S2,63.0,54.279,20.56
39423,198,S2,66.0,53.549,20.56
39424,198,S2,69.0,52.626,20.56
39425,198,S2,72.0,51.923,20.56
39426,198,S2,75.0,51.120,20.56
39427,198,S2,78.0,50.446,20.56
39428,198,S2,81.0,49.800,20.56
39429,198,S2,84.0,49.172,20.56
39430,198,S2,87.0,48.478,20.56
39431,198,S2,90.0,47.887,20.56
39432,198,S2,93.0,47.208,20.56
39433,198,S2,96.0,46.566,20.56
39434,198,S2,99.0,45.875,20.56
39435,198,S2,102.0,45.384,20.56
39436,198,S2,105.0,44.728,20.56
39437,198,S2,108.0,44.268,20.56
39438,198,S2,111.0,43.692,20.56
39439,198,S2,114.0,43.070,20.56
39440,198,S2,117.0,42.682,20.56
39441,198,S2,120.0,42.181,20.56
39442,198,S2,123.0,41.544,20.56
39443,198,S2,126.0,41.095,20.56
39444,198,S2,129.0,40.644,20.56
39445,198,S2,132.0,40.207,20.56
39446,198,S2,135.0,39.648,20.56
39447,198,S2,138.0,39.280,20.56
39448,198,S2,141.0,38.862,20.56
39449,198,S2,144.0,38.413,20.56
39450,198,S2,147.0,38.012,20.56
39451,198,S2,150.0,37.649,20.56
39452,198,S2,153.0,37.136,20.56
39453,198,S2,156.0,36.831,20.56
39454,198,S2,159.0,36.492,20.56
39455,198,S2,162.0,36.145,20.56
39456,198,S2,165.0,35.644,20.56
39457,198,S2,168.0,35.256,20.56
39458,198,S2,171.0,34.964,20.56
39459,198,S2,174.0,34.731,20.56
39460,198,S2,177.0,34.315,20.56
39461,198,S2,180.0,33.981,20.56
39462,198,S2,183.0,33.612,20.56
39463,198,S2,186.0,33.445,20.56
39464,198,S2,189.0,33.166,20.56
39465,198,S2,192.0,32.743,20.56
39466,198,S2,195.0,32.552,20.56
39467,198,S2,198.0,32.203,20.56
39468,198,S2,201.0,31.915,20.56
39469,198,S2,204.0,31.658,20.56
39470,198,S2,207.0,31.422,20.56
39471,198,S2,210.0,31.185,20.56
39472,198,S2,213.0,30.936,20.56
39473,198,S2,216.0,30.601,20.56
39474,198,S2,219.0,30.494,20.56
39475,198,S2,222.0,30.334,20.56
39476,198,S2,225.0,30.097,20.56
39477,198,S2,228.0,29.736,20.56
39478,198,S2,231.0,29.584,20.56
39479,198,S2,234.0,29.352,20.56
39480,198,S2,237.0,29.123,20.56
39481,198,S2,240.0,28.893,20.56
39482,198,S2,243.0,28.743,20.56
39483,198,S2,246.0,28.490,20.56
39484,198,S2,249.0,28.457,20.56
39485,198,S2,252.0,28.138,20.56
39486,198,S2,255.0,27.979,20.56
39487,198,S2,258.0,27.785,20.56
39488,198,S2,261.0,27.784,20.56
39489,198,S2,264.0,27.489,20.56
39490,198,S2,267.0,27.318,20.56
39491,198,S2,270.0,27.180,20.56
39492,198,S2,273.0,27.089,20.56
39493,198,S2,276.0,26.906,20.56
39494,198,S2,279.0,26.799,20.56
39495,198,S2,282.0,26.565,20.56
39496,198,S2,285.0,26.489,20.56
39497,198,S2,288.0,26.307,20.56
39498,198,S2,291.0,26.192,20.56
39499,198,S2,294.0,26.083,20.56
39500,198,S2,297.0,25.993,20.56
39501,198,S2,300.0,25.712,20.56
39502,198,S2,303.0,25.626,20.56
39503,198,S2,306.0,25.587,20.56
39504,198,S2,309.0,25.425,20.56
39505,198,S2,312.0,25.288,20.56
39506,198,S2,315.0,25.204,20.56
39507,198,S2,318.0,25.115,20.56
39508,198,S2,321.0,25.043,20.56
39509,198,S2,324.0,24.932,20.56
39510,198,S2,327.0,24.800,20.56
39511,198,S2,330.0,24.710,20.56
39512,198,S2,333.0,24.650,20.56
39513,198,S2,336.0,24.605,20.56
39514,198,S2,339.0,24.456,20.56
39515,198,S2,342.0,24.319,20.56
39516,198,S2,345.0,24.233,20.56
39517,198,S2,348.0,24.195,20.56
39518,198,S2,351.0,24.104,20.56
39519,198,S2,354.0,23.970,20.56
39520,198,S2,357.0,23.912,20.56
39521,198,S2,360.0,23.829,20.56
39522,198,S2,363.0,23.688,20.56
39523,198,S2,366.0,23.636,20.56
39524,198,S2,369.0,23.607,20.56
39525,198,S2,372.0,23.531,20.56
39526,198,S2,375.0,23.483,20.56
39527,198,S2,378.0,23.388,20.56
39528,198,S2,381.0,23.414,20.56
39529,198,S2,384.0,23.235,20.56
39530,198,S2,387.0,23.230,20.56
39531,198,S2,390.0,23.144,20.56
39532,198,S2,393.0,23.103,20.56
39533,198,S2,396.0,23.047,20.56
39534,198,S2,399.0,22.959,20.56
39535,198,S2,402.0,22.971,20.56
39536,198,S2,405.0,22.894,20.56
39537,198,S2,408.0,22.784,20.56
39538,198,S2,411.0,22.748,20.56
39539,198,S2,414.0,22.689,20.56
39540,198,S2,417.0,22.632,20.56
39541,198,S2,420.0,22.601,20.56
39542,198,S2,423.0,22.492,20.56
39543,198,S2,426.0,22.463,20.56
39544,198,S2,429.0,22.445,20.56
39545,198,S2,432.0,22.401,20.56
39546,198,S2,435.0,22.308,20.56
39547,198,S2,438.0,22.384,20.56
39548,198,S2,441.0,22.290,20.56
39549,198,S2,444.0,22.164,20.56
39550,198,S2,447.0,22.293,20.56
39551,198,S2,450.0,22.063,20.56
39552,198,S2,453.0,22.147,20.56
39553,198,S2,456.0,22.063,20.56
39554,198,S2,459.0,22.050,20.56
39555,198,S2,462.0,22.017,20.56
39556,198,S2,465.0,22.036,20.56
39557,198,S2,468.0,21.942,20.56
39558,198,S2,471.0,21.943,20.56
39559,198,S2,474.0,21.889,20.56
39560,198,S2,477.0,21.841,20.56
39561,198,S2,480.0,21.803,20.56
39562,198,S2,483.0,21.792,20.56
39563,198,S2,486.0,21.762,20.56
39564,198,S2,489.0,21.697,20.56
39565,198,S2,492.0,21.654,20.56
39566,198,S2,495.0,21.571,20.56
39567,198,S2,498.0,21.705,20.56
39568,198,S2,501.0,21.661,20.56
39569,198,S2,504.0,21.666,20.56
39570,198,S2,507.0,21.612,20.56
39571,198,S2,510.0,21.516,20.56
39572,198,S2,513.0,21.498,20.56
39573,198,S2,516.0,21.515,20.56
39574,198,S2,519.0,21.475,20.56
39575,198,S2,522.0,21.415,20.56
39576,198,S2,525.0,21.527,20.56
39577,198,S2,528.0,21.402,20.56
39578,198,S2,531.0,21.356,20.56
39579,198,S2,534.0,21.406,20.56
39580,198,S2,537.0,21.337,20.56
39581,198,S2,540.0,21.356,20.56
39582,198,S2,543.0,21.407,20.56
39583,198,S2,546.0,21.302,20.56
39584,198,S2,549.0,21.305,20.56
39585,198,S2,552.0,21.217,20.56
39586,198,S2,555.0,21.225,20.56
39587,198,S2,558.0,21.241,20.56
39588,198,S2,561.0,21.224,20.56
39589,198,S2,564.0,21.157,20.56
39590,198,S2,567.0,21.198,20.56
39591,198,S2,570.0,21.222,20.56
39592,198,S2,573.0,21.199,20.56
39593,198,S2,576.0,21.164,20.56
39594,198,S2,579.0,21.077,20.56
39595,198,S2,582.0,21.190,20.56
39596,198,S2,585.0,21.186,20.56
39597,198,S2,588.0,21.048,20.56
39598,198,S2,591.0,21.112,20.56
39599,198,S2,594.0,21.089,20.56
39600,198,S2,597.0,21.038,20.56
39601,199,S3,0.0,70.142,22.12
39602,199,S3,3.0,69.430,22.12
39603,199,S3,6.0,68.671,22.12
39604,199,S3,9.0,67.871,22.12
39605,199,S3,12.0,67.185,22.12
39606,199,S3,15.0,66.500,22.12
39607,199,S3,18.0,65.711,22.12
39608,199,S3,21.0,65.125,22.12
39609,199,S3,24.0,64.448,22.12
39610,199,S3,27.0,63.699,22.12
39611,199,S3,30.0,63.132,22.12
39612,199,S3,33.0,62.376,22.12
39613,199,S3,36.0,61.812,22.12
39614,199,S3,39.0,61.148,22.12
39615,199,S3,42.0,60.613,22.12
39616,199,S3,45.0,60.049,22.12
39617,199,S3,48.0,59.386,22.12
39618,199,S3,51.0,58.790,22.12
39619,199,S3,54.0,58.239,22.12
39620,199,S3,57.0,57.782,22.12
39621,199,S3,60.0,57.174,22.12
39622,199,S3,63.0,56.639,22.12
39623,199,S3,66.0,56.043,22.12
39624,199,S3,69.0,55.463,22.12
39625,199,S3,72.0,55.053,22.12
39626,199,S3,75.0,54.485,22.12
39627,199,S3,78.0,53.990,22.12
39628,199,S3,81.0,53.504,22.12
39629,199,S3,84.0,53.024,22.12
39630,199,S3,87.0,52.526,22.12
39631,199,S3,90.0,52.110,22.12
39632,199,S3,93.0,51.569,22.12
39633,199,S3,96.0,51.125,22.12
39634,199,S3,99.0,50.678,22.12
39635,199,S3,102.0,50.243,22.12
39636,199,S3,105.0,49.756,22.12
39637,199,S3,108.0,49.304,22.12
39638,199,S3,111.0,48.961,22.12
39639,199,S3,114.0,48.545,22.12
39640,199,S3,117.0,48.047,22.12
39641,199,S3,120.0,47.718,22.12
39642,199,S3,123.0,47.189,22.12
39643,199,S3,126.0,46.864,22.12
39644,199,S3,129.0,46.493,22.12
39645,199,S3,132.0,46.117,22.12
39646,199,S3,135.0,45.730,22.12
39647,199,S3,138.0,45.418,22.12
39648,199,S3,141.0,45.016,22.12
39649,199,S3,144.0,44.641,22.12
39650,199,S3,147.0,44.396,22.12
39651,199,S3,150.0,43.917,22.12
39652,199,S3,153.0,43.540,22.12
39653,199,S3,156.0,43.259,22.12
39654,199,S3,159.0,42.920,22.12
39655,199,S3,162.0,42.563,22.12
39656,199,S3,165.0,42.303,22.12
39657,199,S3,168.0,42.043,22.12
39658,199,S3,171.0,41.624,22.12
39659,199,S3,174.0,41.339,22.12
39660,199,S3,177.0,40.992,22.12
39661,199,S3,180.0,40.720,22.12
39662,199,S3,183.0,40.475,22.12
39663,199,S3,186.0,40.249,22.12
39664,199,S3,189.0,39.921,22.12
39665,199,S3,192.0,39.721,22.12
39666,199,S3,195.0,39.370,22.12
39667,199,S3,198.0,39.167,22.12
39668,199,S3,201.0,38.836,22.12
39669,199,S3,204.0,38.509,22.12
39670,199,S3,207.0,38.242,22.12
39671,199,S3,210.0,38.100,22.12
39672,199,S3,213.0,37.791,22.12
39673,199,S3,216.0,37.611,22.12
39674,199,S3,219.0,37.361,22.12
39675,199,S3,222.0,37.029,22.12
39676,199,S3,225.0,36.907,22.12
39677,199,S3,228.0,36.654,22.12
39678,199,S3,231.0,36.444,22.12
39679,199,S3,234.0,36.214,22.12
39680,199,S3,237.0,35.954,22.12
39681,199,S3,240.0,35.723,22.12
39682,199,S3,243.0,35.603,22.12
39683,199,S3,246.0,35.313,22.12
39684,199,S3,249.0,35.104,22.12
39685,199,S3,252.0,34.987,22.12
39686,199,S3,255.0,34.686,22.12
39687,199,S3,258.0,34.598,22.12
39688,199,S3,261.0,34.270,22.12
39689,199,S3,264.0,34.158,22.12
39690,199,S3,267.0,33.853,22.12
39691,199,S3,270.0,33.808,22.12
39692,199,S3,273.0,33.708,22.12
39693,199,S3,276.0,33.401,22.12
39694,199,S3,279.0,33.228,22.12
39695,199,S3,282.0,33.043,22.12
39696,199,S3,285.0,32.850,22.12
39697,199,S3,288.0,32.745,22.12
39698,199,S3,291.0,32.557,22.12
39699,199,S3,294.0,32.343,22.12
39700,199,S3,297.0,32.260,22.12
39701,199,S3,300.0,32.095,22.12
39702,199,S3,303.0,31.902,22.12
39703,199,S3,306.0,31.735,22.12
39704,199,S3,309.0,31.604,22.12
39705,199,S3,312.0,31.442,22.12
39706,199,S3,315.0,31.362,22.12
39707,199,S3,318.0,31.139,22.12
39708,199,S3,321.0,31.031,22.12
39709,199,S3,324.0,30.939,22.12
39710,199,S3,327.0,30.759,22.12
39711,199,S3,330.0,30.640,22.12
39712,199,S3,333.0,30.521,22.12
39713,199,S3,336.0,30.325,22.12
39714,199,S3,339.0,30.180,22.12
39715,199,S3,342.0,30.093,22.12
39716,199,S3,345.0,29.989,22.12
39717,199,S3,348.0,29.849,22.12
39718,199,S3,351.0,29.787,22.12
39719,199,S3,354.0,29.647,22.12
39720,199,S3,357.0,29.520,22.12
39721,199,S3,360.0,29.358,22.12
39722,199,S3,363.0,29.290,22.12
39723,199,S3,366.0,29.120,22.12
39724,199,S3,369.0,29.041,22.12
39725,199,S3,372.0,28.952,22.12
39726,199,S3,375.0,28.862,22.12
39727,199,S3,378.0,28.677,22.12
39728,199,S3,381.0,28.681,22.12
39729,199,S3,384.0,28.486,22.12
39730,199,S3,387.0,28.417,22.12
39731,199,S3,390.0,28.305,22.12
39732,199,S3,393.0,28.216,22.12
39733,199,S3,396.0,28.151,22.12
39734,199,S3,399.0,28.124,22.12
39735,199,S3,402.0,27.916,22.12
39736,199,S3,405.0,27.779,22.12
39737,199,S3,408.0,27.774,22.12
39738,199,S3,411.0,27.727,22.12
39739,199,S3,414.0,27.587,22.12
39740,199,S3,417.0,27.564,22.12
39741,199,S3,420.0,27.421,22.12
39742,199,S3,423.0,27.271,22.12
39743,199,S3,426.0,27.307,22.12
39744,199,S3,429.0,27.202,22.12
39745,199,S3,432.0,27.088,22.12
39746,199,S3,435.0,26.976,22.12
39747,199,S3,438.0,26.988,22.12
39748,199,S3,441.0,26.839,22.12
39749,199,S3,444.0,26.739,22.12
39750,199,S3,447.0,26.735,22.12
39751,199,S3,450.0,26.633,22.12
39752,199,S3,453.0,26.698,22.12
39753,199,S3,456.0,26.470,22.12
39754,199,S3,459.0,26.391,22.12
39755,199,S3,462.0,26.375,22.12
39756,199,S3,465.0,26.413,22.12
39757,199,S3,468.0,26.247,22.12
39758,199,S3,471.0,26.114,22.12
39759,199,S3,474.0,26.007,22.12
39760,199,S3,477.0,26.136,22.12
39761,199,S3,480.0,25.889,22.12
39762,199,S3,483.0,25.974,22.12
39763,199,S3,486.0,25.944,22.12
39764,199,S3,489.0,25.885,22.12
39765,199,S3,492.0,25.766,22.12
39766,199,S3,495.0,25.621,22.12
39767,199,S3,498.0,25.626,22.12
39768,199,S3,501.0,25.500,22.12
39769,199,S3,504.0,25.469,22.12
39770,199,S3,507.0,25.491,22.12
39771,199,S3,510.0,25.509,22.12
39772,199,S3,513.0,25.352,22.12
39773,199,S3,516.0,25.316,22.12
39774,199,S3,519.0,25.225,22.12
39775,199,S3,522.0,25.249,22.12
39776,199,S3,525.0,25.113,22.12
39777,199,S3,528.0,25.068,22.12
39778,199,S3,531.0,25.102,22.12
39779,199,S3,534.0,24.975,22.12
39780,199,S3,537.0,24.859,22.12
39781,199,S3,540.0,25.050,22.12
39782,199,S3,543.0,24.919,22.12
39783,199,S3,546.0,24.781,22.12
39784,199,S3,549.0,24.830,22.12
39785,199,S3,552.0,24.725,22.12
39786,199,S3,555.0,24.681,22.12
39787,199,S3,558.0,24.652,22.12
39788,199,S3,561.0,24.588,22.12
39789,199,S3,564.0,24.618,22.12
39790,199,S3,567.0,24.610,22.12
39791,199,S3,570.0,24.549,22.12
39792,199,S3,573.0,24.596,22.12
39793,199,S3,576.0,24.447,22.12
39794,199,S3,579.0,24.407,22.12
39795,199,S3,582.0,24.448,22.12
39796,199,S3,585.0,24.327,22.12
39797,199,S3,588.0,24.383,22.12
39798,199,S3,591.0,24.244,22.12
39799,199,S3,594.0,24.236,22.12
39800,199,S3,597.0,24.187,22.12
39801,200,S4,0.0,76.469,21.42
39802,200,S4,3.0,75.500,21.42
39803,200,S4,6.0,74.531,21.42
39804,200,S4,9.0,73.591,21.42
39805,200,S4,12.0,72.571,21.42
39806,200,S4,15.0,71.578,21.42
39807,200,S4,18.0,70.598,21.42
39808,200,S4,21.0,69.768,21.42
39809,200,S4,24.0,68.855,21.42
39810,200,S4,27.0,68.010,21.42
39811,200,S4,30.0,67.082,21.42
39812,200,S4,33.0,66.224,21.42
39813,200,S4,36.0,65.260,21.42
39814,200,S4,39.0,64.622,21.42
39815,200,S4,42.0,63.852,21.42
39816,200,S4,45.0,62.949,21.42
39817,200,S4,48.0,62.231,21.42
39818,200,S4,51.0,61.360,21.42
39819,200,S4,54.0,60.717,21.42
39820,200,S4,57.0,59.985,21.42
39821,200,S4,60.0,59.189,21.42
39822,200,S4,63.0,58.511,21.42
39823,200,S4,66.0,57.731,21.42
39824,200,S4,69.0,57.293,21.42
39825,200,S4,72.0,56.540,21.42
39826,200,S4,75.0,55.898,21.42
39827,200,S4,78.0,55.125,21.42
39828,200,S4,81.0,54.585,21.42
39829,200,S4,84.0,53.870,21.42
39830,200,S4,87.0,53.318,21.42
39831,200,S4,90.0,52.715,21.42
39832,200,S4,93.0,52.068,21.42
39833,200,S4,96.0,51.514,21.42
39834,200,S4,99.0,50.976,21.42
39835,200,S4,102.0,50.367,21.42
39836,200,S4,105.0,49.911,21.42
39837,200,S4,108.0,49.403,21.42
39838,200,S4,111.0,48.791,21.42
39839,200,S4,114.0,48.358,21.42
39840,200,S4,117.0,47.818,21.42
39841,200,S4,120.0,47.362,21.42
39842,200,S4,123.0,46.860,21.42
39843,200,S4,126.0,46.408,21.42
39844,200,S4,129.0,45.980,21.42
39845,200,S4,132.0,45.388,21.42
39846,200,S4,135.0,45.085,21.42
39847,200,S4,138.0,44.505,21.42
39848,200,S4,141.0,44.039,21.42
39849,200,S4,144.0,43.706,21.42
39850,200,S4,147.0,43.222,21.42
39851,200,S4,150.0,42.883,21.42
39852,200,S4,153.0,42.461,21.42
39853,200,S4,156.0,42.045,21.42
39854,200,S4,159.0,41.744,21.42
39855,200,S4,162.0,41.370,21.42
39856,200,S4,165.0,40.904,21.42
39857,200,S4,168.0,40.523,21.42
39858,200,S4,171.0,40.197,21.42
39859,200,S4,174.0,39.805,21.42
39860,200,S4,177.0,39.599,21.42
39861,200,S4,180.0,39.151,21.42
39862,200,S4,183.0,38.872,21.42
39863,200,S4,186.0,38.428,21.42
39864,200,S4,189.0,38.203,21.42
39865,200,S4,192.0,37.943,21.42
39866,200,S4,195.0,37.648,21.42
39867,200,S4,198.0,37.342,21.42
39868,200,S4,201.0,36.970,21.42
39869,200,S4,204.0,36.684,21.42
39870,200,S4,207.0,36.452,21.42
39871,200,S4,210.0,36.158,21.42
39872,200,S4,213.0,35.791,21.42
39873,200,S4,216.0,35.554,21.42
39874,200,S4,219.0,35.356,21.42
39875,200,S4,222.0,35.067,21.42
39876,200,S4,225.0,34.847,21.42
39877,200,S4,228.0,34.528,21.42
39878,200,S4,231.0,34.285,21.42
39879,200,S4,234.0,34.117,21.42
39880,200,S4,237.0,33.868,21.42
39881,200,S4,240.0,33.637,21.42
39882,200,S4,243.0,33.390,21.42
39883,200,S4,246.0,33.188,21.42
39884,200,S4,249.0,32.923,21.42
39885,200,S4,252.0,32.759,21.42
39886,200,S4,255.0,32.416,21.42
39887,200,S4,258.0,32.292,21.42
39888,200,S4,261.0,32.143,21.42
39889,200,S4,264.0,31.879,21.42
39890,200,S4,267.0,31.686,21.42
39891,200,S4,270.0,31.490,21.42
39892,200,S4,273.0,31.292,21.42
39893,200,S4,276.0,31.181,21.42
39894,200,S4,279.0,30.910,21.42
39895,200,S4,282.0,30.846,21.42
39896,200,S4,285.0,30.518,21.42
39897,200,S4,288.0,30.472,21.42
39898,200,S4,291.0,30.353,21.42
39899,200,S4,294.0,30.103,21.42
39900,200,S4,297.0,29.960,21.42
39901,200,S4,300.0,29.649,21.42
39902,200,S4,303.0,29.623,21.42
39903,200,S4,306.0,29.466,21.42
39904,200,S4,309.0,29.367,21.42
39905,200,S4,312.0,29.219,21.42
39906,200,S4,315.0,28.971,21.42
39907,200,S4,318.0,28.923,21.42
39908,200,S4,321.0,28.735,21.42
39909,200,S4,324.0,28.613,21.42
39910,200,S4,327.0,28.464,21.42
39911,200,S4,330.0,28.353,21.42
39912,200,S4,333.0,28.183,21.42
39913,200,S4,336.0,28.095,21.42
39914,200,S4,339.0,27.896,21.42
39915,200,S4,342.0,27.821,21.42
39916,200,S4,345.0,27.807,21.42
39917,200,S4,348.0,27.634,21.42
39918,200,S4,351.0,27.496,21.42
39919,200,S4,354.0,27.365,21.42
39920,200,S4,357.0,27.347,21.42
39921,200,S4,360.0,27.176,21.42
39922,200,S4,363.0,26.977,21.42
39923,200,S4,366.0,26.908,21.42
39924,200,S4,369.0,26.832,21.42
39925,200,S4,372.0,26.690,21.42
39926,200,S4,375.0,26.603,21.42
39927,200,S4,378.0,26.522,21.42
39928,200,S4,381.0,26.421,21.42
39929,200,S4,384.0,26.334,21.42
39930,200,S4,387.0,26.239,21.42
39931,200,S4,390.0,26.142,21.42
39932,200,S4,393.0,26.066,21.42
39933,200,S4,396.0,26.042,21.42
39934,200,S4,399.0,25.969,21.42
39935,200,S4,402.0,25.759,21.42
39936,200,S4,405.0,25.706,21.42
39937,200,S4,408.0,25.528,21.42
39938,200,S4,411.0,25.657,21.42
39939,200,S4,414.0,25.502,21.42
39940,200,S4,417.0,25.309,21.42
39941,200,S4,420.0,25.324,21.42
39942,200,S4,423.0,25.253,21.42
39943,200,S4,426.0,25.221,21.42
39944,200,S4,429.0,25.173,21.42
39945,200,S4,432.0,25.042,21.42
39946,200,S4,435.0,24.973,21.42
39947,200,S4,438.0,24.913,21.42
39948,200,S4,441.0,24.876,21.42
39949,200,S4,444.0,24.839,21.42
39950,200,S4,447.0,24.721,21.42
39951,200,S4,450.0,24.683,21.42
39952,200,S4,453.0,24.629,21.42
39953,200,S4,456.0,24.531,21.42
39954,200,S4,459.0,24.479,21.42
39955,200,S4,462.0,24.524,21.42
39956,200,S4,465.0,24.383,21.42
39957,200,S4,468.0,24.315,21.42
39958,200,S4,471.0,24.323,21.42
39959,200,S4,474.0,24.240,21.42
39960,200,S4,477.0,24.186,21.42
39961,200,S4,480.0,24.176,21.42
39962,200,S4,483.0,24.047,21.42
39963,200,S4,486.0,23.961,21.42
39964,200,S4,489.0,23.996,21.42
39965,200,S4,492.0,23.850,21.42
39966,200,S4,495.0,23.755,21.42
39967,200,S4,498.0,23.776,21.42
39968,200,S4,501.0,23.702,21.42
39969,200,S4,504.0,23.711,21.42
39970,200,S4,507.0,23.725,21.42
39971,200,S4,510.0,23.645,21.42
39972,200,S4,513.0,23.541,21.42
39973,200,S4,516.0,23.646,21.42
39974,200,S4,519.0,23.637,21.42
39975,200,S4,522.0,23.603,21.42
39976,200,S4,525.0,23.373,21.42
39977,200,S4,528.0,23.389,21.42
39978,200,S4,531.0,23.397,21.42
39979,200,S4,534.0,23.311,21.42
39980,200,S4,537.0,23.240,21.42
39981,200,S4,540.0,23.322,21.42
39982,200,S4,543.0,23.268,21.42
39983,200,S4,546.0,23.215,21.42
39984,200,S4,549.0,23.147,21.42
39985,200,S4,552.0,23.114,21.42
39986,200,S4,555.0,23.143,21.42
39987,200,S4,558.0,23.172,21.42
39988,200,S4,561.0,23.120,21.42
39989,200,S4,564.0,23.023,21.42
39990,200,S4,567.0,22.879,21.42
39991,200,S4,570.0,23.035,21.42
39992,200,S4,573.0,22.990,21.42
