measurement_id,run_id,sensor_id,t_seconds,temperature_c,ambient_c
94982,475,S3,543.0,26.365,22.36
94983,475,S3,546.0,26.259,22.36
94984,475,S3,549.0,26.257,22.36
94985,475,S3,552.0,26.213,22.36
94986,475,S3,555.0,26.171,22.36
94987,475,S3,558.0,26.097,22.36
94988,475,S3,561.0,26.099,22.36
94989,475,S3,564.0,25.882,22.36
94990,475,S3,567.0,25.924,22.36
94991,475,S3,570.0,25.841,22.36
94992,475,S3,573.0,25.836,22.36
94993,475,S3,576.0,25.779,22.36
94994,475,S3,579.0,25.733,22.36
94995,475,S3,582.0,25.669,22.36
94996,475,S3,585.0,25.580,22.36
94997,475,S3,588.0,25.540,22.36
94998,475,S3,591.0,25.465,22.36
94999,475,S3,594.0,25.407,22.36
95000,475,S3,597.0,25.484,22.36
95001,476,S4,0.0,70.997,21.82
95002,476,S4,3.0,69.526,21.82
95003,476,S4,6.0,68.041,21.82
95004,476,S4,9.0,66.519,21.82
95005,476,S4,12.0,65.079,21.82
95006,476,S4,15.0,63.640,21.82
95007,476,S4,18.0,62.315,21.82
95008,476,S4,21.0,61.052,21.82
95009,476,S4,24.0,59.751,21.82
95010,476,S4,27.0,58.533,21.82
95011,476,S4,30.0,57.254,21.82
95012,476,S4,33.0,56.254,21.82
95013,476,S4,36.0,55.112,21.82
95014,476,S4,39.0,54.035,21.82
95015,476,S4,42.0,52.960,21.82
95016,476,S4,45.0,51.976,21.82
95017,476,S4,48.0,51.010,21.82
95018,476,S4,51.0,50.040,21.82
95019,476,S4,54.0,49.163,21.82
95020,476,S4,57.0,48.279,21.82
95021,476,S4,60.0,47.426,21.82
95022,476,S4,63.0,46.544,21.82
95023,476,S4,66.0,45.708,21.82
95024,476,S4,69.0,45.001,21.82
95025,476,S4,72.0,44.238,21.82
95026,476,S4,75.0,43.508,21.82
95027,476,S4,78.0,42.909,21.82
95028,476,S4,81.0,42.090,21.82
95029,476,S4,84.0,41.470,21.82
95030,476,S4,87.0,40.827,21.82
95031,476,S4,90.0,40.200,21.82
95032,476,S4,93.0,39.701,21.82
95033,476,S4,96.0,39.071,21.82
95034,476,S4,99.0,38.473,21.82
95035,476,S4,102.0,37.900,21.82
95036,476,S4,105.0,37.442,21.82
95037,476,S4,108.0,36.911,21.82
95038,476,S4,111.0,36.420,21.82
95039,476,S4,114.0,35.926,21.82
95040,476,S4,117.0,35.520,21.82
95041,476,S4,120.0,35.058,21.82
95042,476,S4,123.0,34.704,21.82
95043,476,S4,126.0,34.280,21.82
95044,476,S4,129.0,33.855,21.82
95045,476,S4,132.0,33.503,21.82
95046,476,S4,135.0,33.103,21.82
95047,476,S4,138.0,32.767,21.82
95048,476,S4,141.0,32.384,21.82
95049,476,S4,144.0,32.071,21.82
95050,476,S4,147.0,31.668,21.82
95051,476,S4,150.0,31.344,21.82
95052,476,S4,153.0,31.116,21.82
95053,476,S4,156.0,30.801,21.82
95054,476,S4,159.0,30.518,21.82
95055,476,S4,162.0,30.268,21.82
95056,476,S4,165.0,29.953,21.82
95057,476,S4,168.0,29.709,21.82
95058,476,S4,171.0,29.429,21.82
95059,476,S4,174.0,29.242,21.82
95060,476,S4,177.0,28.911,21.82
95061,476,S4,180.0,28.726,21.82
95062,476,S4,183.0,28.398,21.82
95063,476,S4,186.0,28.309,21.82
95064,476,S4,189.0,28.079,21.82
95065,476,S4,192.0,27.827,21.82
95066,476,S4,195.0,27.658,21.82
95067,476,S4,198.0,27.560,21.82
95068,476,S4,201.0,27.243,21.82
95069,476,S4,204.0,27.193,21.82
95070,476,S4,207.0,26.980,21.82
95071,476,S4,210.0,26.809,21.82
95072,476,S4,213.0,26.631,21.82
95073,476,S4,216.0,26.517,21.82
95074,476,S4,219.0,26.326,21.82
95075,476,S4,222.0,26.164,21.82
95076,476,S4,225.0,26.020,21.82
95077,476,S4,228.0,25.862,21.82
95078,476,S4,231.0,25.664,21.82
95079,476,S4,234.0,25.530,21.82
95080,476,S4,237.0,25.527,21.82
95081,476,S4,240.0,25.425,21.82
95082,476,S4,243.0,25.405,21.82
95083,476,S4,246.0,25.226,21.82
95084,476,S4,249.0,25.146,21.82
95085,476,S4,252.0,25.015,21.82
95086,476,S4,255.0,24.875,21.82
95087,476,S4,258.0,24.825,21.82
95088,476,S4,261.0,24.644,21.82
95089,476,S4,264.0,24.525,21.82
95090,476,S4,267.0,24.512,21.82
95091,476,S4,270.0,24.435,21.82
95092,476,S4,273.0,24.324,21.82
95093,476,S4,276.0,24.238,21.82
95094,476,S4,279.0,24.087,21.82
95095,476,S4,282.0,23.940,21.82
95096,476,S4,285.0,23.966,21.82
95097,476,S4,288.0,23.961,21.82
95098,476,S4,291.0,23.859,21.82
95099,476,S4,294.0,23.814,21.82
95100,476,S4,297.0,23.724,21.82
95101,476,S4,300.0,23.672,21.82
95102,476,S4,303.0,23.613,21.82
95103,476,S4,306.0,23.572,21.82
95104,476,S4,309.0,23.536,21.82
95105,476,S4,312.0,23.463,21.82
95106,476,S4,315.0,23.349,21.82
95107,476,S4,318.0,23.438,21.82
95108,476,S4,321.0,23.310,21.82
95109,476,S4,324.0,23.220,21.82
95110,476,S4,327.0,23.208,21.82
95111,476,S4,330.0,23.121,21.82
95112,476,S4,333.0,23.162,21.82
95113,476,S4,336.0,22.973,21.82
95114,476,S4,339.0,22.984,21.82
95115,476,S4,342.0,22.954,21.82
95116,476,S4,345.0,23.061,21.82
95117,476,S4,348.0,22.841,21.82
95118,476,S4,351.0,22.904,21.82
95119,476,S4,354.0,22.914,21.82
95120,476,S4,357.0,22.808,21.82
95121,476,S4,360.0,22.720,21.82
95122,476,S4,363.0,22.739,21.82
95123,476,S4,366.0,22.751,21.82
95124,476,S4,369.0,22.731,21.82
95125,476,S4,372.0,22.667,21.82
95126,476,S4,375.0,22.577,21.82
95127,476,S4,378.0,22.590,21.82
95128,476,S4,381.0,22.485,21.82
95129,476,S4,384.0,22.570,21.82
95130,476,S4,387.0,22.534,21.82
95131,476,S4,390.0,22.513,21.82
95132,476,S4,393.0,22.476,21.82
95133,476,S4,396.0,22.538,21.82
95134,476,S4,399.0,22.439,21.82
95135,476,S4,402.0,22.364,21.82
95136,476,S4,405.0,22.415,21.82
95137,476,S4,408.0,22.397,21.82
95138,476,S4,411.0,22.364,21.82
95139,476,S4,414.0,22.443,21.82
95140,476,S4,417.0,22.295,21.82
95141,476,S4,420.0,22.352,21.82
95142,476,S4,423.0,22.342,21.82
95143,476,S4,426.0,22.304,21.82
95144,476,S4,429.0,22.286,21.82
95145,476,S4,432.0,22.266,21.82
95146,476,S4,435.0,22.215,21.82
95147,476,S4,438.0,22.265,21.82
95148,476,S4,441.0,22.214,21.82
95149,476,S4,444.0,22.228,21.82
95150,476,S4,447.0,22.271,21.82
95151,476,S4,450.0,22.229,21.82
95152,476,S4,453.0,22.190,21.82
95153,476,S4,456.0,22.175,21.82
95154,476,S4,459.0,22.213,21.82
95155,476,S4,462.0,22.119,21.82
95156,476,S4,465.0,22.148,21.82
95157,476,S4,468.0,22.083,21.82
95158,476,S4,471.0,22.200,21.82
95159,476,S4,474.0,22.039,21.82
95160,476,S4,477.0,22.089,21.82
95161,476,S4,480.0,22.143,21.82
95162,476,S4,483.0,22.025,21.82
95163,476,S4,486.0,22.127,21.82
95164,476,S4,489.0,22.078,21.82
95165,476,S4,492.0,21.976,21.82
95166,476,S4,495.0,22.126,21.82
95167,476,S4,498.0,22.024,21.82
95168,476,S4,501.0,22.029,21.82
95169,476,S4,504.0,22.042,21.82
95170,476,S4,507.0,21.960,21.82
95171,476,S4,510.0,22.080,21.82
95172,476,S4,513.0,22.010,21.82
95173,476,S4,516.0,22.075,21.82
95174,476,S4,519.0,21.989,21.82
95175,476,S4,522.0,22.016,21.82
95176,476,S4,525.0,21.992,21.82
95177,476,S4,528.0,22.034,21.82
95178,476,S4,531.0,21.955,21.82
95179,476,S4,534.0,21.995,21.82
95180,476,S4,537.0,21.931,21.82
95181,476,S4,540.0,21.973,21.82
95182,476,S4,543.0,21.882,21.82
95183,476,S4,546.0,22.012,21.82
95184,476,S4,549.0,21.927,21.82
95185,476,S4,552.0,21.936,21.82
95186,476,S4,555.0,21.876,21.82
95187,476,S4,558.0,21.954,21.82
95188,476,S4,561.0,21.928,21.82
95189,476,S4,564.0,21.972,21.82
95190,476,S4,567.0,21.991,21.82
95191,476,S4,570.0,21.993,21.82
95192,476,S4,573.0,21.913,21.82
95193,476,S4,576.0,21.957,21.82
95194,476,S4,579.0,21.851,21.82
95195,476,S4,582.0,21.946,21.82
95196,476,S4,585.0,21.865,21.82
95197,476,S4,588.0,21.952,21.82
95198,476,S4,591.0,21.894,21.82
95199,476,S4,594.0,21.812,21.82
95200,476,S4,597.0,21.900,21.82
95201,477,S1,0.0,83.090,21.96
95202,477,S1,3.0,82.359,21.96
95203,477,S1,6.0,81.504,21.96
95204,477,S1,9.0,80.666,21.96
95205,477,S1,12.0,79.991,21.96
95206,477,S1,15.0,79.172,21.96
95207,477,S1,18.0,78.499,21.96
95208,477,S1,21.0,77.791,21.96
95209,477,S1,24.0,76.960,21.96
95210,477,S1,27.0,76.329,21.96
95211,477,S1,30.0,75.642,21.96
95212,477,S1,33.0,74.931,21.96
95213,477,S1,36.0,74.213,21.96
95214,477,S1,39.0,73.518,21.96
95215,477,S1,42.0,72.827,21.96
95216,477,S1,45.0,72.171,21.96
95217,477,S1,48.0,71.588,21.96
95218,477,S1,51.0,70.913,21.96
95219,477,S1,54.0,70.217,21.96
95220,477,S1,57.0,69.717,21.96
95221,477,S1,60.0,69.058,21.96
95222,477,S1,63.0,68.345,21.96
95223,477,S1,66.0,67.792,21.96
95224,477,S1,69.0,67.159,21.96
95225,477,S1,72.0,66.618,21.96
95226,477,S1,75.0,66.011,21.96
95227,477,S1,78.0,65.382,21.96
95228,477,S1,81.0,64.950,21.96
95229,477,S1,84.0,64.371,21.96
95230,477,S1,87.0,63.809,21.96
95231,477,S1,90.0,63.187,21.96
95232,477,S1,93.0,62.559,21.96
95233,477,S1,96.0,62.154,21.96
95234,477,S1,99.0,61.612,21.96
95235,477,S1,102.0,61.062,21.96
95236,477,S1,105.0,60.561,21.96
95237,477,S1,108.0,60.062,21.96
95238,477,S1,111.0,59.573,21.96
95239,477,S1,114.0,59.036,21.96
95240,477,S1,117.0,58.594,21.96
95241,477,S1,120.0,58.083,21.96
95242,477,S1,123.0,57.655,21.96
95243,477,S1,126.0,57.194,21.96
95244,477,S1,129.0,56.888,21.96
95245,477,S1,132.0,56.221,21.96
95246,477,S1,135.0,55.816,21.96
95247,477,S1,138.0,55.396,21.96
95248,477,S1,141.0,55.030,21.96
95249,477,S1,144.0,54.432,21.96
95250,477,S1,147.0,54.141,21.96
95251,477,S1,150.0,53.675,21.96
95252,477,S1,153.0,53.295,21.96
95253,477,S1,156.0,52.848,21.96
95254,477,S1,159.0,52.560,21.96
95255,477,S1,162.0,52.011,21.96
95256,477,S1,165.0,51.685,21.96
95257,477,S1,168.0,51.291,21.96
95258,477,S1,171.0,50.954,21.96
95259,477,S1,174.0,50.452,21.96
95260,477,S1,177.0,50.136,21.96
95261,477,S1,180.0,49.769,21.96
95262,477,S1,183.0,49.537,21.96
95263,477,S1,186.0,49.042,21.96
95264,477,S1,189.0,48.685,21.96
95265,477,S1,192.0,48.346,21.96
95266,477,S1,195.0,48.081,21.96
95267,477,S1,198.0,47.706,21.96
95268,477,S1,201.0,47.337,21.96
95269,477,S1,204.0,46.890,21.96
95270,477,S1,207.0,46.639,21.96
95271,477,S1,210.0,46.346,21.96
95272,477,S1,213.0,46.068,21.96
95273,477,S1,216.0,45.665,21.96
95274,477,S1,219.0,45.470,21.96
95275,477,S1,222.0,45.080,21.96
95276,477,S1,225.0,44.763,21.96
95277,477,S1,228.0,44.552,21.96
95278,477,S1,231.0,44.221,21.96
95279,477,S1,234.0,43.926,21.96
95280,477,S1,237.0,43.655,21.96
95281,477,S1,240.0,43.310,21.96
95282,477,S1,243.0,43.177,21.96
95283,477,S1,246.0,42.948,21.96
95284,477,S1,249.0,42.594,21.96
95285,477,S1,252.0,42.238,21.96
95286,477,S1,255.0,41.997,21.96
95287,477,S1,258.0,41.747,21.96
95288,477,S1,261.0,41.500,21.96
95289,477,S1,264.0,41.241,21.96
95290,477,S1,267.0,41.011,21.96
95291,477,S1,270.0,40.718,21.96
95292,477,S1,273.0,40.421,21.96
95293,477,S1,276.0,40.217,21.96
95294,477,S1,279.0,40.027,21.96
95295,477,S1,282.0,39.927,21.96
95296,477,S1,285.0,39.487,21.96
95297,477,S1,288.0,39.281,21.96
95298,477,S1,291.0,39.141,21.96
95299,477,S1,294.0,38.821,21.96
95300,477,S1,297.0,38.539,21.96
95301,477,S1,300.0,38.456,21.96
95302,477,S1,303.0,38.218,21.96
95303,477,S1,306.0,37.984,21.96
95304,477,S1,309.0,37.741,21.96
95305,477,S1,312.0,37.563,21.96
95306,477,S1,315.0,37.386,21.96
95307,477,S1,318.0,37.222,21.96
95308,477,S1,321.0,37.002,21.96
95309,477,S1,324.0,36.857,21.96
95310,477,S1,327.0,36.587,21.96
95311,477,S1,330.0,36.403,21.96
95312,477,S1,333.0,36.157,21.96
95313,477,S1,336.0,35.969,21.96
95314,477,S1,339.0,35.865,21.96
95315,477,S1,342.0,35.523,21.96
95316,477,S1,345.0,35.506,21.96
95317,477,S1,348.0,35.313,21.96
95318,477,S1,351.0,35.061,21.96
95319,477,S1,354.0,34.949,21.96
95320,477,S1,357.0,34.741,21.96
95321,477,S1,360.0,34.522,21.96
95322,477,S1,363.0,34.527,21.96
95323,477,S1,366.0,34.187,21.96
95324,477,S1,369.0,34.100,21.96
95325,477,S1,372.0,33.961,21.96
95326,477,S1,375.0,33.807,21.96
95327,477,S1,378.0,33.615,21.96
95328,477,S1,381.0,33.475,21.96
95329,477,S1,384.0,33.296,21.96
95330,477,S1,387.0,33.217,21.96
95331,477,S1,390.0,33.097,21.96
95332,477,S1,393.0,32.898,21.96
95333,477,S1,396.0,32.745,21.96
95334,477,S1,399.0,32.614,21.96
95335,477,S1,402.0,32.410,21.96
95336,477,S1,405.0,32.262,21.96
95337,477,S1,408.0,32.158,21.96
95338,477,S1,411.0,32.008,21.96
95339,477,S1,414.0,31.983,21.96
95340,477,S1,417.0,31.774,21.96
95341,477,S1,420.0,31.736,21.96
95342,477,S1,423.0,31.433,21.96
95343,477,S1,426.0,31.396,21.96
95344,477,S1,429.0,31.309,21.96
95345,477,S1,432.0,31.116,21.96
95346,477,S1,435.0,31.086,21.96
95347,477,S1,438.0,30.991,21.96
95348,477,S1,441.0,30.905,21.96
95349,477,S1,444.0,30.799,21.96
95350,477,S1,447.0,30.576,21.96
95351,477,S1,450.0,30.411,21.96
95352,477,S1,453.0,30.439,21.96
95353,477,S1,456.0,30.287,21.96
95354,477,S1,459.0,30.207,21.96
95355,477,S1,462.0,29.964,21.96
95356,477,S1,465.0,29.991,21.96
95357,477,S1,468.0,29.930,21.96
95358,477,S1,471.0,29.691,21.96
95359,477,S1,474.0,29.616,21.96
95360,477,S1,477.0,29.463,21.96
95361,477,S1,480.0,29.395,21.96
95362,477,S1,483.0,29.328,21.96
95363,477,S1,486.0,29.241,21.96
95364,477,S1,489.0,29.235,21.96
95365,477,S1,492.0,28.997,21.96
95366,477,S1,495.0,28.973,21.96
95367,477,S1,498.0,28.852,21.96
95368,477,S1,501.0,28.763,21.96
95369,477,S1,504.0,28.746,21.96
95370,477,S1,507.0,28.515,21.96
95371,477,S1,510.0,28.549,21.96
95372,477,S1,513.0,28.510,21.96
95373,477,S1,516.0,28.346,21.96
95374,477,S1,519.0,28.235,21.96
95375,477,S1,522.0,28.123,21.96
95376,477,S1,525.0,28.028,21.96
95377,477,S1,528.0,28.012,21.96
95378,477,S1,531.0,27.976,21.96
95379,477,S1,534.0,27.835,21.96
95380,477,S1,537.0,27.806,21.96
95381,477,S1,540.0,27.638,21.96
95382,477,S1,543.0,27.569,21.96
95383,477,S1,546.0,27.551,21.96
95384,477,S1,549.0,27.452,21.96
95385,477,S1,552.0,27.395,21.96
95386,477,S1,555.0,27.280,21.96
95387,477,S1,558.0,27.285,21.96
95388,477,S1,561.0,27.219,21.96
95389,477,S1,564.0,27.256,21.96
95390,477,S1,567.0,27.187,21.96
95391,477,S1,570.0,27.010,21.96
95392,477,S1,573.0,26.941,21.96
95393,477,S1,576.0,26.844,21.96
95394,477,S1,579.0,26.870,21.96
95395,477,S1,582.0,26.728,21.96
95396,477,S1,585.0,26.732,21.96
95397,477,S1,588.0,26.712,21.96
95398,477,S1,591.0,26.585,21.96
95399,477,S1,594.0,26.622,21.96
95400,477,S1,597.0,26.426,21.96
95401,478,S2,0.0,81.060,22.50
95402,478,S2,3.0,80.059,22.50
95403,478,S2,6.0,79.356,22.50
95404,478,S2,9.0,78.597,22.50
95405,478,S2,12.0,77.716,22.50
95406,478,S2,15.0,77.089,22.50
95407,478,S2,18.0,76.229,22.50
95408,478,S2,21.0,75.545,22.50
95409,478,S2,24.0,74.800,22.50
95410,478,S2,27.0,74.005,22.50
95411,478,S2,30.0,73.364,22.50
95412,478,S2,33.0,72.666,22.50
95413,478,S2,36.0,71.974,22.50
95414,478,S2,39.0,71.208,22.50
95415,478,S2,42.0,70.620,22.50
95416,478,S2,45.0,69.848,22.50
95417,478,S2,48.0,69.205,22.50
95418,478,S2,51.0,68.494,22.50
95419,478,S2,54.0,67.851,22.50
95420,478,S2,57.0,67.232,22.50
95421,478,S2,60.0,66.700,22.50
95422,478,S2,63.0,66.012,22.50
95423,478,S2,66.0,65.392,22.50
95424,478,S2,69.0,64.875,22.50
95425,478,S2,72.0,64.256,22.50
95426,478,S2,75.0,63.618,22.50
95427,478,S2,78.0,63.063,22.50
95428,478,S2,81.0,62.495,22.50
95429,478,S2,84.0,61.942,22.50
95430,478,S2,87.0,61.369,22.50
95431,478,S2,90.0,60.855,22.50
95432,478,S2,93.0,60.358,22.50
95433,478,S2,96.0,59.923,22.50
95434,478,S2,99.0,59.211,22.50
95435,478,S2,102.0,58.755,22.50
95436,478,S2,105.0,58.198,22.50
95437,478,S2,108.0,57.784,22.50
95438,478,S2,111.0,57.329,22.50
95439,478,S2,114.0,56.843,22.50
95440,478,S2,117.0,56.396,22.50
95441,478,S2,120.0,55.814,22.50
95442,478,S2,123.0,55.409,22.50
95443,478,S2,126.0,54.901,22.50
95444,478,S2,129.0,54.409,22.50
95445,478,S2,132.0,54.016,22.50
95446,478,S2,135.0,53.671,22.50
95447,478,S2,138.0,53.174,22.50
95448,478,S2,141.0,52.807,22.50
95449,478,S2,144.0,52.242,22.50
95450,478,S2,147.0,51.890,22.50
95451,478,S2,150.0,51.590,22.50
95452,478,S2,153.0,51.034,22.50
95453,478,S2,156.0,50.693,22.50
95454,478,S2,159.0,50.309,22.50
95455,478,S2,162.0,49.925,22.50
95456,478,S2,165.0,49.517,22.50
95457,478,S2,168.0,49.160,22.50
95458,478,S2,171.0,48.692,22.50
95459,478,S2,174.0,48.385,22.50
95460,478,S2,177.0,48.107,22.50
95461,478,S2,180.0,47.680,22.50
95462,478,S2,183.0,47.365,22.50
95463,478,S2,186.0,47.121,22.50
95464,478,S2,189.0,46.712,22.50
95465,478,S2,192.0,46.254,22.50
95466,478,S2,195.0,45.945,22.50
95467,478,S2,198.0,45.608,22.50
95468,478,S2,201.0,45.334,22.50
95469,478,S2,204.0,45.015,22.50
95470,478,S2,207.0,44.713,22.50
95471,478,S2,210.0,44.440,22.50
95472,478,S2,213.0,44.024,22.50
95473,478,S2,216.0,43.784,22.50
95474,478,S2,219.0,43.434,22.50
95475,478,S2,222.0,43.192,22.50
95476,478,S2,225.0,42.894,22.50
95477,478,S2,228.0,42.570,22.50
95478,478,S2,231.0,42.370,22.50
95479,478,S2,234.0,42.086,22.50
95480,478,S2,237.0,41.759,22.50
95481,478,S2,240.0,41.539,22.50
95482,478,S2,243.0,41.292,22.50
95483,478,S2,246.0,41.002,22.50
95484,478,S2,249.0,40.843,22.50
95485,478,S2,252.0,40.516,22.50
95486,478,S2,255.0,40.134,22.50
95487,478,S2,258.0,39.933,22.50
95488,478,S2,261.0,39.711,22.50
95489,478,S2,264.0,39.475,22.50
95490,478,S2,267.0,39.233,22.50
95491,478,S2,270.0,39.063,22.50
95492,478,S2,273.0,38.749,22.50
95493,478,S2,276.0,38.531,22.50
95494,478,S2,279.0,38.319,22.50
95495,478,S2,282.0,38.115,22.50
95496,478,S2,285.0,37.912,22.50
95497,478,S2,288.0,37.722,22.50
95498,478,S2,291.0,37.419,22.50
95499,478,S2,294.0,37.286,22.50
95500,478,S2,297.0,37.005,22.50
95501,478,S2,300.0,36.868,22.50
95502,478,S2,303.0,36.607,22.50
95503,478,S2,306.0,36.436,22.50
95504,478,S2,309.0,36.331,22.50
95505,478,S2,312.0,36.107,22.50
95506,478,S2,315.0,35.821,22.50
95507,478,S2,318.0,35.718,22.50
95508,478,S2,321.0,35.547,22.50
95509,478,S2,324.0,35.276,22.50
95510,478,S2,327.0,35.087,22.50
95511,478,S2,330.0,35.036,22.50
95512,478,S2,333.0,34.807,22.50
95513,478,S2,336.0,34.587,22.50
95514,478,S2,339.0,34.544,22.50
95515,478,S2,342.0,34.237,22.50
95516,478,S2,345.0,34.159,22.50
95517,478,S2,348.0,33.915,22.50
95518,478,S2,351.0,33.724,22.50
95519,478,S2,354.0,33.750,22.50
95520,478,S2,357.0,33.545,22.50
95521,478,S2,360.0,33.371,22.50
95522,478,S2,363.0,33.229,22.50
95523,478,S2,366.0,33.033,22.50
95524,478,S2,369.0,32.899,22.50
95525,478,S2,372.0,32.816,22.50
95526,478,S2,375.0,32.575,22.50
95527,478,S2,378.0,32.543,22.50
95528,478,S2,381.0,32.296,22.50
95529,478,S2,384.0,32.142,22.50
95530,478,S2,387.0,32.038,22.50
95531,478,S2,390.0,31.878,22.50
95532,478,S2,393.0,31.812,22.50
95533,478,S2,396.0,31.767,22.50
95534,478,S2,399.0,31.484,22.50
95535,478,S2,402.0,31.352,22.50
95536,478,S2,405.0,31.278,22.50
95537,478,S2,408.0,31.180,22.50
95538,478,S2,411.0,31.145,22.50
95539,478,S2,414.0,30.840,22.50
95540,478,S2,417.0,30.774,22.50
95541,478,S2,420.0,30.627,22.50
95542,478,S2,423.0,30.554,22.50
95543,478,S2,426.0,30.464,22.50
95544,478,S2,429.0,30.359,22.50
95545,478,S2,432.0,30.206,22.50
95546,478,S2,435.0,30.175,22.50
95547,478,S2,438.0,29.950,22.50
95548,478,S2,441.0,29.927,22.50
95549,478,S2,444.0,29.944,22.50
95550,478,S2,447.0,29.701,22.50
95551,478,S2,450.0,29.620,22.50
95552,478,S2,453.0,29.478,22.50
95553,478,S2,456.0,29.517,22.50
95554,478,S2,459.0,29.335,22.50
95555,478,S2,462.0,29.206,22.50
95556,478,S2,465.0,29.093,22.50
95557,478,S2,468.0,29.002,22.50
95558,478,S2,471.0,29.011,22.50
95559,478,S2,474.0,28.865,22.50
95560,478,S2,477.0,28.759,22.50
95561,478,S2,480.0,28.679,22.50
95562,478,S2,483.0,28.658,22.50
95563,478,S2,486.0,28.524,22.50
95564,478,S2,489.0,28.452,22.50
95565,478,S2,492.0,28.389,22.50
95566,478,S2,495.0,28.177,22.50
95567,478,S2,498.0,28.200,22.50
95568,478,S2,501.0,28.098,22.50
95569,478,S2,504.0,28.025,22.50
95570,478,S2,507.0,27.966,22.50
95571,478,S2,510.0,27.910,22.50
95572,478,S2,513.0,27.862,22.50
95573,478,S2,516.0,27.727,22.50
95574,478,S2,519.0,27.696,22.50
95575,478,S2,522.0,27.524,22.50
95576,478,S2,525.0,27.540,22.50
95577,478,S2,528.0,27.449,22.50
95578,478,S2,531.0,27.460,22.50
95579,478,S2,534.0,27.324,22.50
95580,478,S2,537.0,27.247,22.50
95581,478,S2,540.0,27.161,22.50
95582,478,S2,543.0,27.135,22.50
95583,478,S2,546.0,27.058,22.50
95584,478,S2,549.0,26.929,22.50
95585,478,S2,552.0,27.002,22.50
95586,478,S2,555.0,26.795,22.50
95587,478,S2,558.0,26.804,22.50
95588,478,S2,561.0,26.807,22.50
95589,478,S2,564.0,26.758,22.50
95590,478,S2,567.0,26.624,22.50
95591,478,S2,570.0,26.560,22.50
95592,478,S2,573.0,26.519,22.50
95593,478,S2,576.0,26.466,22.50
95594,478,S2,579.0,26.457,22.50
95595,478,S2,582.0,26.382,22.50
95596,478,S2,585.0,26.392,22.50
95597,478,S2,588.0,26.173,22.50
95598,478,S2,591.0,26.208,22.50
95599,478,S2,594.0,26.126,22.50
95600,478,S2,597.0,26.101,22.50
95601,479,S3,0.0,91.684,20.28
95602,479,S3,3.0,90.624,20.28
95603,479,S3,6.0,89.427,20.28
95604,479,S3,9.0,88.453,20.28
95605,479,S3,12.0,87.354,20.28
95606,479,S3,15.0,86.325,20.28
95607,479,S3,18.0,85.408,20.28
95608,479,S3,21.0,84.339,20.28
95609,479,S3,24.0,83.388,20.28
95610,479,S3,27.0,82.316,20.28
95611,479,S3,30.0,81.389,20.28
95612,479,S3,33.0,80.470,20.28
95613,479,S3,36.0,79.560,20.28
95614,479,S3,39.0,78.629,20.28
95615,479,S3,42.0,77.679,20.28
95616,479,S3,45.0,76.705,20.28
95617,479,S3,48.0,76.113,20.28
95618,479,S3,51.0,75.115,20.28
95619,479,S3,54.0,74.243,20.28
95620,479,S3,57.0,73.415,20.28
95621,479,S3,60.0,72.632,20.28
95622,479,S3,63.0,71.886,20.28
95623,479,S3,66.0,70.875,20.28
95624,479,S3,69.0,70.251,20.28
95625,479,S3,72.0,69.463,20.28
95626,479,S3,75.0,68.717,20.28
95627,479,S3,78.0,67.925,20.28
95628,479,S3,81.0,67.236,20.28
95629,479,S3,84.0,66.532,20.28
95630,479,S3,87.0,65.782,20.28
95631,479,S3,90.0,65.129,20.28
95632,479,S3,93.0,64.411,20.28
95633,479,S3,96.0,63.738,20.28
95634,479,S3,99.0,63.122,20.28
95635,479,S3,102.0,62.451,20.28
95636,479,S3,105.0,61.695,20.28
95637,479,S3,108.0,61.098,20.28
95638,479,S3,111.0,60.357,20.28
95639,479,S3,114.0,59.844,20.28
95640,479,S3,117.0,59.286,20.28
95641,479,S3,120.0,58.704,20.28
95642,479,S3,123.0,58.073,20.28
95643,479,S3,126.0,57.505,20.28
95644,479,S3,129.0,56.866,20.28
95645,479,S3,132.0,56.345,20.28
95646,479,S3,135.0,55.761,20.28
95647,479,S3,138.0,55.143,20.28
95648,479,S3,141.0,54.692,20.28
95649,479,S3,144.0,54.126,20.28
95650,479,S3,147.0,53.607,20.28
95651,479,S3,150.0,53.052,20.28
95652,479,S3,153.0,52.626,20.28
95653,479,S3,156.0,52.107,20.28
95654,479,S3,159.0,51.596,20.28
95655,479,S3,162.0,51.128,20.28
95656,479,S3,165.0,50.687,20.28
95657,479,S3,168.0,50.162,20.28
95658,479,S3,171.0,49.717,20.28
95659,479,S3,174.0,49.255,20.28
95660,479,S3,177.0,48.822,20.28
95661,479,S3,180.0,48.394,20.28
95662,479,S3,183.0,47.873,20.28
95663,479,S3,186.0,47.518,20.28
95664,479,S3,189.0,47.132,20.28
95665,479,S3,192.0,46.664,20.28
95666,479,S3,195.0,46.251,20.28
95667,479,S3,198.0,45.781,20.28
95668,479,S3,201.0,45.449,20.28
95669,479,S3,204.0,45.150,20.28
95670,479,S3,207.0,44.838,20.28
95671,479,S3,210.0,44.358,20.28
95672,479,S3,213.0,43.937,20.28
95673,479,S3,216.0,43.573,20.28
95674,479,S3,219.0,43.145,20.28
95675,479,S3,222.0,42.892,20.28
95676,479,S3,225.0,42.596,20.28
95677,479,S3,228.0,42.194,20.28
95678,479,S3,231.0,41.759,20.28
95679,479,S3,234.0,41.604,20.28
95680,479,S3,237.0,41.276,20.28
95681,479,S3,240.0,40.802,20.28
95682,479,S3,243.0,40.620,20.28
95683,479,S3,246.0,40.278,20.28
95684,479,S3,249.0,39.958,20.28
95685,479,S3,252.0,39.703,20.28
95686,479,S3,255.0,39.322,20.28
95687,479,S3,258.0,39.005,20.28
95688,479,S3,261.0,38.685,20.28
95689,479,S3,264.0,38.348,20.28
95690,479,S3,267.0,38.166,20.28
95691,479,S3,270.0,37.883,20.28
95692,479,S3,273.0,37.575,20.28
95693,479,S3,276.0,37.381,20.28
95694,479,S3,279.0,37.061,20.28
95695,479,S3,282.0,36.804,20.28
95696,479,S3,285.0,36.570,20.28
95697,479,S3,288.0,36.358,20.28
95698,479,S3,291.0,36.058,20.28
95699,479,S3,294.0,35.853,20.28
95700,479,S3,297.0,35.678,20.28
95701,479,S3,300.0,35.402,20.28
95702,479,S3,303.0,35.161,20.28
95703,479,S3,306.0,34.905,20.28
95704,479,S3,309.0,34.699,20.28
95705,479,S3,312.0,34.429,20.28
95706,479,S3,315.0,34.253,20.28
95707,479,S3,318.0,34.074,20.28
95708,479,S3,321.0,33.749,20.28
95709,479,S3,324.0,33.571,20.28
95710,479,S3,327.0,33.349,20.28
95711,479,S3,330.0,33.228,20.28
95712,479,S3,333.0,32.888,20.28
95713,479,S3,336.0,32.826,20.28
95714,479,S3,339.0,32.583,20.28
95715,479,S3,342.0,32.368,20.28
95716,479,S3,345.0,32.231,20.28
95717,479,S3,348.0,32.065,20.28
95718,479,S3,351.0,31.857,20.28
95719,479,S3,354.0,31.732,20.28
95720,479,S3,357.0,31.483,20.28
95721,479,S3,360.0,31.402,20.28
95722,479,S3,363.0,31.057,20.28
95723,479,S3,366.0,30.944,20.28
95724,479,S3,369.0,30.770,20.28
95725,479,S3,372.0,30.671,20.28
95726,479,S3,375.0,30.513,20.28
95727,479,S3,378.0,30.411,20.28
95728,479,S3,381.0,30.186,20.28
95729,479,S3,384.0,30.071,20.28
95730,479,S3,387.0,29.846,20.28
95731,479,S3,390.0,29.753,20.28
95732,479,S3,393.0,29.617,20.28
95733,479,S3,396.0,29.490,20.28
95734,479,S3,399.0,29.281,20.28
95735,479,S3,402.0,29.133,20.28
95736,479,S3,405.0,29.026,20.28
95737,479,S3,408.0,28.918,20.28
95738,479,S3,411.0,28.758,20.28
95739,479,S3,414.0,28.611,20.28
95740,479,S3,417.0,28.432,20.28
95741,479,S3,420.0,28.313,20.28
95742,479,S3,423.0,28.300,20.28
95743,479,S3,426.0,28.234,20.28
95744,479,S3,429.0,27.964,20.28
95745,479,S3,432.0,27.828,20.28
95746,479,S3,435.0,27.783,20.28
95747,479,S3,438.0,27.636,20.28
95748,479,S3,441.0,27.637,20.28
95749,479,S3,444.0,27.423,20.28
95750,479,S3,447.0,27.373,20.28
95751,479,S3,450.0,27.207,20.28
95752,479,S3,453.0,27.191,20.28
95753,479,S3,456.0,27.040,20.28
95754,479,S3,459.0,26.906,20.28
95755,479,S3,462.0,26.773,20.28
95756,479,S3,465.0,26.763,20.28
95757,479,S3,468.0,26.682,20.28
95758,479,S3,471.0,26.525,20.28
95759,479,S3,474.0,26.339,20.28
95760,479,S3,477.0,26.385,20.28
95761,479,S3,480.0,26.237,20.28
95762,479,S3,483.0,26.156,20.28
95763,479,S3,486.0,25.923,20.28
95764,479,S3,489.0,25.923,20.28
95765,479,S3,492.0,25.794,20.28
95766,479,S3,495.0,25.761,20.28
95767,479,S3,498.0,25.703,20.28
95768,479,S3,501.0,25.565,20.28
95769,479,S3,504.0,25.511,20.28
95770,479,S3,507.0,25.442,20.28
95771,479,S3,510.0,25.343,20.28
95772,479,S3,513.0,25.330,20.28
95773,479,S3,516.0,25.138,20.28
95774,479,S3,519.0,25.005,20.28
95775,479,S3,522.0,25.061,20.28
95776,479,S3,525.0,25.031,20.28
95777,479,S3,528.0,24.937,20.28
95778,479,S3,531.0,24.835,20.28
95779,479,S3,534.0,24.733,20.28
95780,479,S3,537.0,24.702,20.28
95781,479,S3,540.0,24.643,20.28
95782,479,S3,543.0,24.454,20.28
95783,479,S3,546.0,24.518,20.28
95784,479,S3,549.0,24.467,20.28
95785,479,S3,552.0,24.347,20.28
95786,479,S3,555.0,24.429,20.28
95787,479,S3,558.0,24.297,20.28
95788,479,S3,561.0,24.203,20.28
95789,479,S3,564.0,24.190,20.28
95790,479,S3,567.0,24.070,20.28
95791,479,S3,570.0,23.925,20.28
95792,479,S3,573.0,23.882,20.28
95793,479,S3,576.0,23.973,20.28
95794,479,S3,579.0,23.854,20.28
95795,479,S3,582.0,23.831,20.28
95796,479,S3,585.0,23.702,20.28
95797,479,S3,588.0,23.695,20.28
95798,479,S3,591.0,23.633,20.28
95799,479,S3,594.0,23.587,20.28
95800,479,S3,597.0,23.541,20.28
95801,480,S4,0.0,86.307,20.79
95802,480,S4,3.0,84.864,20.79
95803,480,S4,6.0,83.617,20.79
95804,480,S4,9.0,82.356,20.79
95805,480,S4,12.0,80.926,20.79
95806,480,S4,15.0,79.621,20.79
95807,480,S4,18.0,78.456,20.79
95808,480,S4,21.0,77.153,20.79
95809,480,S4,24.0,76.045,20.79
95810,480,S4,27.0,74.777,20.79
95811,480,S4,30.0,73.592,20.79
95812,480,S4,33.0,72.508,20.79
95813,480,S4,36.0,71.439,20.79
95814,480,S4,39.0,70.376,20.79
95815,480,S4,42.0,69.377,20.79
95816,480,S4,45.0,68.260,20.79
95817,480,S4,48.0,67.225,20.79
95818,480,S4,51.0,66.193,20.79
95819,480,S4,54.0,65.254,20.79
95820,480,S4,57.0,64.253,20.79
95821,480,S4,60.0,63.461,20.79
95822,480,S4,63.0,62.537,20.79
95823,480,S4,66.0,61.634,20.79
95824,480,S4,69.0,60.764,20.79
95825,480,S4,72.0,59.924,20.79
95826,480,S4,75.0,59.023,20.79
95827,480,S4,78.0,58.150,20.79
95828,480,S4,81.0,57.511,20.79
95829,480,S4,84.0,56.710,20.79
95830,480,S4,87.0,55.904,20.79
95831,480,S4,90.0,55.137,20.79
95832,480,S4,93.0,54.426,20.79
95833,480,S4,96.0,53.644,20.79
95834,480,S4,99.0,52.933,20.79
95835,480,S4,102.0,52.328,20.79
95836,480,S4,105.0,51.626,20.79
95837,480,S4,108.0,50.910,20.79
95838,480,S4,111.0,50.274,20.79
95839,480,S4,114.0,49.739,20.79
95840,480,S4,117.0,49.072,20.79
95841,480,S4,120.0,48.413,20.79
95842,480,S4,123.0,47.907,20.79
95843,480,S4,126.0,47.369,20.79
95844,480,S4,129.0,46.821,20.79
95845,480,S4,132.0,46.083,20.79
95846,480,S4,135.0,45.735,20.79
95847,480,S4,138.0,45.152,20.79
95848,480,S4,141.0,44.707,20.79
95849,480,S4,144.0,44.130,20.79
95850,480,S4,147.0,43.671,20.79
95851,480,S4,150.0,43.103,20.79
95852,480,S4,153.0,42.643,20.79
95853,480,S4,156.0,42.129,20.79
95854,480,S4,159.0,41.709,20.79
95855,480,S4,162.0,41.188,20.79
95856,480,S4,165.0,40.885,20.79
95857,480,S4,168.0,40.476,20.79
95858,480,S4,171.0,39.991,20.79
95859,480,S4,174.0,39.638,20.79
95860,480,S4,177.0,39.219,20.79
95861,480,S4,180.0,38.864,20.79
95862,480,S4,183.0,38.431,20.79
95863,480,S4,186.0,38.025,20.79
95864,480,S4,189.0,37.697,20.79
95865,480,S4,192.0,37.435,20.79
95866,480,S4,195.0,37.074,20.79
95867,480,S4,198.0,36.648,20.79
95868,480,S4,201.0,36.253,20.79
95869,480,S4,204.0,35.938,20.79
95870,480,S4,207.0,35.675,20.79
95871,480,S4,210.0,35.380,20.79
95872,480,S4,213.0,35.009,20.79
95873,480,S4,216.0,34.711,20.79
95874,480,S4,219.0,34.467,20.79
95875,480,S4,222.0,34.131,20.79
95876,480,S4,225.0,33.783,20.79
95877,480,S4,228.0,33.644,20.79
95878,480,S4,231.0,33.322,20.79
95879,480,S4,234.0,33.019,20.79
95880,480,S4,237.0,32.850,20.79
95881,480,S4,240.0,32.462,20.79
95882,480,S4,243.0,32.318,20.79
95883,480,S4,246.0,31.898,20.79
95884,480,S4,249.0,31.709,20.79
95885,480,S4,252.0,31.571,20.79
95886,480,S4,255.0,31.325,20.79
95887,480,S4,258.0,31.088,20.79
95888,480,S4,261.0,30.959,20.79
95889,480,S4,264.0,30.744,20.79
95890,480,S4,267.0,30.460,20.79
95891,480,S4,270.0,30.179,20.79
95892,480,S4,273.0,30.042,20.79
95893,480,S4,276.0,29.840,20.79
95894,480,S4,279.0,29.695,20.79
95895,480,S4,282.0,29.531,20.79
95896,480,S4,285.0,29.322,20.79
95897,480,S4,288.0,29.113,20.79
95898,480,S4,291.0,28.825,20.79
95899,480,S4,294.0,28.780,20.79
95900,480,S4,297.0,28.566,20.79
95901,480,S4,300.0,28.348,20.79
95902,480,S4,303.0,28.278,20.79
95903,480,S4,306.0,28.081,20.79
95904,480,S4,309.0,27.985,20.79
95905,480,S4,312.0,27.840,20.79
95906,480,S4,315.0,27.644,20.79
95907,480,S4,318.0,27.606,20.79
95908,480,S4,321.0,27.312,20.79
95909,480,S4,324.0,27.157,20.79
95910,480,S4,327.0,27.070,20.79
95911,480,S4,330.0,26.977,20.79
95912,480,S4,333.0,26.870,20.79
95913,480,S4,336.0,26.757,20.79
95914,480,S4,339.0,26.544,20.79
95915,480,S4,342.0,26.415,20.79
95916,480,S4,345.0,26.311,20.79
95917,480,S4,348.0,26.145,20.79
95918,480,S4,351.0,26.084,20.79
95919,480,S4,354.0,26.008,20.79
95920,480,S4,357.0,25.857,20.79
95921,480,S4,360.0,25.672,20.79
95922,480,S4,363.0,25.587,20.79
95923,480,S4,366.0,25.593,20.79
95924,480,S4,369.0,25.509,20.79
95925,480,S4,372.0,25.255,20.79
95926,480,S4,375.0,25.371,20.79
95927,480,S4,378.0,25.098,20.79
95928,480,S4,381.0,25.042,20.79
95929,480,S4,384.0,24.997,20.79
95930,480,S4,387.0,24.928,20.79
95931,480,S4,390.0,24.779,20.79
95932,480,S4,393.0,24.742,20.79
95933,480,S4,396.0,24.545,20.79
95934,480,S4,399.0,24.486,20.79
95935,480,S4,402.0,24.385,20.79
95936,480,S4,405.0,24.380,20.79
95937,480,S4,408.0,24.420,20.79
95938,480,S4,411.0,24.220,20.79
95939,480,S4,414.0,24.223,20.79
95940,480,S4,417.0,24.075,20.79
95941,480,S4,420.0,24.095,20.79
95942,480,S4,423.0,23.915,20.79
95943,480,S4,426.0,23.841,20.79
95944,480,S4,429.0,23.801,20.79
95945,480,S4,432.0,23.773,20.79
95946,480,S4,435.0,23.668,20.79
95947,480,S4,438.0,23.591,20.79
95948,480,S4,441.0,23.598,20.79
95949,480,S4,444.0,23.394,20.79
95950,480,S4,447.0,23.393,20.79
95951,480,S4,450.0,23.329,20.79
95952,480,S4,453.0,23.357,20.79
95953,480,S4,456.0,23.239,20.79
95954,480,S4,459.0,23.232,20.79
95955,480,S4,462.0,23.246,20.79
95956,480,S4,465.0,23.168,20.79
95957,480,S4,468.0,23.100,20.79
95958,480,S4,471.0,22.989,20.79
95959,480,S4,474.0,22.934,20.79
95960,480,S4,477.0,22.928,20.79
95961,480,S4,480.0,22.814,20.79
95962,480,S4,483.0,22.864,20.79
95963,480,S4,486.0,22.697,20.79
95964,480,S4,489.0,22.766,20.79
95965,480,S4,492.0,22.726,20.79
95966,480,S4,495.0,22.750,20.79
95967,480,S4,498.0,22.696,20.79
95968,480,S4,501.0,22.648,20.79
95969,480,S4,504.0,22.619,20.79
95970,480,S4,507.0,22.492,20.79
95971,480,S4,510.0,22.527,20.79
95972,480,S4,513.0,22.410,20.79
95973,480,S4,516.0,22.403,20.79
95974,480,S4,519.0,22.462,20.79
95975,480,S4,522.0,22.341,20.79
95976,480,S4,525.0,22.244,20.79
95977,480,S4,528.0,22.347,20.79
95978,480,S4,531.0,22.231,20.79
95979,480,S4,534.0,22.212,20.79
95980,480,S4,537.0,22.246,20.79
95981,480,S4,540.0,22.073,20.79
95982,480,S4,543.0,22.143,20.79
95983,480,S4,546.0,22.047,20.79
95984,480,S4,549.0,22.125,20.79
95985,480,S4,552.0,22.097,20.79
95986,480,S4,555.0,21.889,20.79
95987,480,S4,558.0,22.081,20.79
95988,480,S4,561.0,21.932,20.79
95989,480,S4,564.0,22.063,20.79
95990,480,S4,567.0,21.952,20.79
95991,480,S4,570.0,21.814,20.79
95992,480,S4,573.0,21.775,20.79
95993,480,S4,576.0,21.810,20.79
95994,480,S4,579.0,21.777,20.79
95995,480,S4,582.0,21.764,20.79
95996,480,S4,585.0,21.759,20.79
95997,480,S4,588.0,21.733,20.79
95998,480,S4,591.0,21.773,20.79
95999,480,S4,594.0,21.709,20.79
96000,480,S4,597.0,21.765,20.79
96001,481,S1,0.0,89.256,22.11
96002,481,S1,3.0,88.046,22.11
96003,481,S1,6.0,86.685,22.11
96004,481,S1,9.0,85.522,22.11
96005,481,S1,12.0,84.228,22.11
96006,481,S1,15.0,82.975,22.11
96007,481,S1,18.0,81.875,22.11
96008,481,S1,21.0,80.623,22.11
96009,481,S1,24.0,79.590,22.11
96010,481,S1,27.0,78.471,22.11
96011,481,S1,30.0,77.387,22.11
96012,481,S1,33.0,76.296,22.11
96013,481,S1,36.0,75.285,22.11
96014,481,S1,39.0,74.223,22.11
96015,481,S1,42.0,73.287,22.11
96016,481,S1,45.0,72.296,22.11
96017,481,S1,48.0,71.258,22.11
96018,481,S1,51.0,70.446,22.11
96019,481,S1,54.0,69.472,22.11
96020,481,S1,57.0,68.497,22.11
96021,481,S1,60.0,67.618,22.11
96022,481,S1,63.0,66.706,22.11
96023,481,S1,66.0,65.912,22.11
96024,481,S1,69.0,65.122,22.11
96025,481,S1,72.0,64.095,22.11
96026,481,S1,75.0,63.353,22.11
96027,481,S1,78.0,62.622,22.11
96028,481,S1,81.0,61.803,22.11
96029,481,S1,84.0,61.033,22.11
96030,481,S1,87.0,60.294,22.11
96031,481,S1,90.0,59.497,22.11
96032,481,S1,93.0,58.844,22.11
96033,481,S1,96.0,58.174,22.11
96034,481,S1,99.0,57.406,22.11
96035,481,S1,102.0,56.777,22.11
96036,481,S1,105.0,56.057,22.11
96037,481,S1,108.0,55.269,22.11
96038,481,S1,111.0,54.815,22.11
96039,481,S1,114.0,54.085,22.11
96040,481,S1,117.0,53.474,22.11
96041,481,S1,120.0,52.984,22.11
96042,481,S1,123.0,52.260,22.11
96043,481,S1,126.0,51.690,22.11
96044,481,S1,129.0,51.139,22.11
96045,481,S1,132.0,50.585,22.11
96046,481,S1,135.0,50.069,22.11
96047,481,S1,138.0,49.498,22.11
96048,481,S1,141.0,48.972,22.11
96049,481,S1,144.0,48.496,22.11
96050,481,S1,147.0,48.009,22.11
96051,481,S1,150.0,47.417,22.11
96052,481,S1,153.0,46.964,22.11
96053,481,S1,156.0,46.451,22.11
96054,481,S1,159.0,45.947,22.11
96055,481,S1,162.0,45.613,22.11
96056,481,S1,165.0,45.144,22.11
96057,481,S1,168.0,44.754,22.11
96058,481,S1,171.0,44.266,22.11
96059,481,S1,174.0,43.818,22.11
96060,481,S1,177.0,43.311,22.11
96061,481,S1,180.0,42.947,22.11
96062,481,S1,183.0,42.556,22.11
96063,481,S1,186.0,42.194,22.11
96064,481,S1,189.0,41.711,22.11
96065,481,S1,192.0,41.493,22.11
96066,481,S1,195.0,40.958,22.11
96067,481,S1,198.0,40.772,22.11
96068,481,S1,201.0,40.264,22.11
96069,481,S1,204.0,39.958,22.11
96070,481,S1,207.0,39.675,22.11
96071,481,S1,210.0,39.220,22.11
96072,481,S1,213.0,38.905,22.11
96073,481,S1,216.0,38.623,22.11
96074,481,S1,219.0,38.244,22.11
96075,481,S1,222.0,37.931,22.11
96076,481,S1,225.0,37.627,22.11
96077,481,S1,228.0,37.338,22.11
96078,481,S1,231.0,37.170,22.11
96079,481,S1,234.0,36.803,22.11
96080,481,S1,237.0,36.531,22.11
96081,481,S1,240.0,36.285,22.11
96082,481,S1,243.0,35.947,22.11
96083,481,S1,246.0,35.686,22.11
96084,481,S1,249.0,35.393,22.11
96085,481,S1,252.0,35.204,22.11
96086,481,S1,255.0,34.956,22.11
96087,481,S1,258.0,34.708,22.11
96088,481,S1,261.0,34.420,22.11
96089,481,S1,264.0,34.148,22.11
96090,481,S1,267.0,33.949,22.11
96091,481,S1,270.0,33.780,22.11
96092,481,S1,273.0,33.521,22.11
96093,481,S1,276.0,33.264,22.11
96094,481,S1,279.0,33.147,22.11
96095,481,S1,282.0,32.831,22.11
96096,481,S1,285.0,32.729,22.11
96097,481,S1,288.0,32.488,22.11
96098,481,S1,291.0,32.308,22.11
96099,481,S1,294.0,32.091,22.11
96100,481,S1,297.0,31.778,22.11
96101,481,S1,300.0,31.641,22.11
96102,481,S1,303.0,31.578,22.11
96103,481,S1,306.0,31.327,22.11
96104,481,S1,309.0,31.195,22.11
96105,481,S1,312.0,30.997,22.11
96106,481,S1,315.0,30.856,22.11
96107,481,S1,318.0,30.531,22.11
96108,481,S1,321.0,30.383,22.11
96109,481,S1,324.0,30.287,22.11
96110,481,S1,327.0,30.143,22.11
96111,481,S1,330.0,29.947,22.11
96112,481,S1,333.0,29.721,22.11
96113,481,S1,336.0,29.695,22.11
96114,481,S1,339.0,29.641,22.11
96115,481,S1,342.0,29.376,22.11
96116,481,S1,345.0,29.247,22.11
96117,481,S1,348.0,29.115,22.11
96118,481,S1,351.0,29.016,22.11
96119,481,S1,354.0,28.846,22.11
96120,481,S1,357.0,28.723,22.11
96121,481,S1,360.0,28.588,22.11
96122,481,S1,363.0,28.417,22.11
96123,481,S1,366.0,28.492,22.11
96124,481,S1,369.0,28.189,22.11
96125,481,S1,372.0,28.120,22.11
96126,481,S1,375.0,27.963,22.11
96127,481,S1,378.0,27.850,22.11
96128,481,S1,381.0,27.827,22.11
96129,481,S1,384.0,27.619,22.11
96130,481,S1,387.0,27.583,22.11
96131,481,S1,390.0,27.354,22.11
96132,481,S1,393.0,27.345,22.11
96133,481,S1,396.0,27.191,22.11
96134,481,S1,399.0,27.139,22.11
96135,481,S1,402.0,27.087,22.11
96136,481,S1,405.0,27.016,22.11
96137,481,S1,408.0,26.819,22.11
96138,481,S1,411.0,26.720,22.11
96139,481,S1,414.0,26.727,22.11
96140,481,S1,417.0,26.628,22.11
96141,481,S1,420.0,26.479,22.11
96142,481,S1,423.0,26.411,22.11
96143,481,S1,426.0,26.383,22.11
96144,481,S1,429.0,26.240,22.11
96145,481,S1,432.0,26.182,22.11
96146,481,S1,435.0,26.119,22.11
96147,481,S1,438.0,26.026,22.11
96148,481,S1,441.0,25.846,22.11
96149,481,S1,444.0,25.885,22.11
96150,481,S1,447.0,25.761,22.11
96151,481,S1,450.0,25.696,22.11
96152,481,S1,453.0,25.660,22.11
96153,481,S1,456.0,25.574,22.11
96154,481,S1,459.0,25.602,22.11
96155,481,S1,462.0,25.412,22.11
96156,481,S1,465.0,25.328,22.11
96157,481,S1,468.0,25.392,22.11
96158,481,S1,471.0,25.278,22.11
96159,481,S1,474.0,25.148,22.11
96160,481,S1,477.0,25.125,22.11
96161,481,S1,480.0,25.113,22.11
96162,481,S1,483.0,25.014,22.11
96163,481,S1,486.0,24.976,22.11
96164,481,S1,489.0,24.869,22.11
96165,481,S1,492.0,24.866,22.11
96166,481,S1,495.0,24.750,22.11
96167,481,S1,498.0,24.763,22.11
96168,481,S1,501.0,24.676,22.11
96169,481,S1,504.0,24.643,22.11
96170,481,S1,507.0,24.651,22.11
96171,481,S1,510.0,24.490,22.11
96172,481,S1,513.0,24.468,22.11
96173,481,S1,516.0,24.373,22.11
96174,481,S1,519.0,24.377,22.11
96175,481,S1,522.0,24.312,22.11
96176,481,S1,525.0,24.332,22.11
96177,481,S1,528.0,24.325,22.11
96178,481,S1,531.0,24.176,22.11
96179,481,S1,534.0,24.070,22.11
96180,481,S1,537.0,24.147,22.11
96181,481,S1,540.0,24.132,22.11
96182,481,S1,543.0,24.088,22.11
96183,481,S1,546.0,24.020,22.11
96184,481,S1,549.0,23.946,22.11
96185,481,S1,552.0,23.989,22.11
96186,481,S1,555.0,23.913,22.11
96187,481,S1,558.0,23.800,22.11
96188,481,S1,561.0,23.858,22.11
96189,481,S1,564.0,23.830,22.11
96190,481,S1,567.0,23.829,22.11
96191,481,S1,570.0,23.782,22.11
96192,481,S1,573.0,23.750,22.11
96193,481,S1,576.0,23.648,22.11
96194,481,S1,579.0,23.714,22.11
96195,481,S1,582.0,23.694,22.11
96196,481,S1,585.0,23.554,22.11
96197,481,S1,588.0,23.564,22.11
96198,481,S1,591.0,23.600,22.11
96199,481,S1,594.0,23.519,22.11
96200,481,S1,597.0,23.486,22.11
96201,482,S2,0.0,92.256,21.87
96202,482,S2,3.0,90.091,21.87
96203,482,S2,6.0,88.112,21.87
96204,482,S2,9.0,86.088,21.87
96205,482,S2,12.0,84.181,21.87
96206,482,S2,15.0,82.431,21.87
96207,482,S2,18.0,80.585,21.87
96208,482,S2,21.0,78.732,21.87
96209,482,S2,24.0,76.993,21.87
96210,482,S2,27.0,75.350,21.87
96211,482,S2,30.0,73.836,21.87
96212,482,S2,33.0,72.262,21.87
96213,482,S2,36.0,70.682,21.87
96214,482,S2,39.0,69.274,21.87
96215,482,S2,42.0,67.799,21.87
96216,482,S2,45.0,66.503,21.87
96217,482,S2,48.0,65.123,21.87
96218,482,S2,51.0,63.843,21.87
96219,482,S2,54.0,62.591,21.87
96220,482,S2,57.0,61.409,21.87
96221,482,S2,60.0,60.195,21.87
96222,482,S2,63.0,58.995,21.87
96223,482,S2,66.0,58.008,21.87
96224,482,S2,69.0,56.874,21.87
96225,482,S2,72.0,55.773,21.87
96226,482,S2,75.0,54.876,21.87
96227,482,S2,78.0,53.835,21.87
96228,482,S2,81.0,52.882,21.87
96229,482,S2,84.0,51.887,21.87
96230,482,S2,87.0,51.036,21.87
96231,482,S2,90.0,50.125,21.87
96232,482,S2,93.0,49.275,21.87
96233,482,S2,96.0,48.548,21.87
96234,482,S2,99.0,47.582,21.87
96235,482,S2,102.0,46.886,21.87
96236,482,S2,105.0,46.176,21.87
96237,482,S2,108.0,45.434,21.87
96238,482,S2,111.0,44.732,21.87
96239,482,S2,114.0,44.028,21.87
96240,482,S2,117.0,43.350,21.87
96241,482,S2,120.0,42.746,21.87
96242,482,S2,123.0,42.162,21.87
96243,482,S2,126.0,41.515,21.87
96244,482,S2,129.0,40.887,21.87
96245,482,S2,132.0,40.431,21.87
96246,482,S2,135.0,39.892,21.87
96247,482,S2,138.0,39.190,21.87
96248,482,S2,141.0,38.801,21.87
96249,482,S2,144.0,38.240,21.87
96250,482,S2,147.0,37.769,21.87
96251,482,S2,150.0,37.283,21.87
96252,482,S2,153.0,36.876,21.87
96253,482,S2,156.0,36.365,21.87
96254,482,S2,159.0,35.934,21.87
96255,482,S2,162.0,35.649,21.87
96256,482,S2,165.0,35.088,21.87
96257,482,S2,168.0,34.648,21.87
96258,482,S2,171.0,34.427,21.87
96259,482,S2,174.0,33.884,21.87
96260,482,S2,177.0,33.682,21.87
96261,482,S2,180.0,33.220,21.87
96262,482,S2,183.0,32.968,21.87
96263,482,S2,186.0,32.616,21.87
96264,482,S2,189.0,32.198,21.87
96265,482,S2,192.0,32.045,21.87
96266,482,S2,195.0,31.623,21.87
96267,482,S2,198.0,31.448,21.87
96268,482,S2,201.0,31.068,21.87
96269,482,S2,204.0,30.763,21.87
96270,482,S2,207.0,30.495,21.87
96271,482,S2,210.0,30.183,21.87
96272,482,S2,213.0,30.045,21.87
96273,482,S2,216.0,29.653,21.87
96274,482,S2,219.0,29.590,21.87
96275,482,S2,222.0,29.267,21.87
96276,482,S2,225.0,29.034,21.87
96277,482,S2,228.0,28.863,21.87
96278,482,S2,231.0,28.665,21.87
96279,482,S2,234.0,28.534,21.87
96280,482,S2,237.0,28.239,21.87
96281,482,S2,240.0,28.139,21.87
96282,482,S2,243.0,27.894,21.87
96283,482,S2,246.0,27.731,21.87
96284,482,S2,249.0,27.614,21.87
96285,482,S2,252.0,27.395,21.87
96286,482,S2,255.0,27.199,21.87
96287,482,S2,258.0,26.943,21.87
96288,482,S2,261.0,26.922,21.87
96289,482,S2,264.0,26.663,21.87
96290,482,S2,267.0,26.638,21.87
96291,482,S2,270.0,26.610,21.87
96292,482,S2,273.0,26.315,21.87
96293,482,S2,276.0,26.128,21.87
96294,482,S2,279.0,26.010,21.87
96295,482,S2,282.0,25.855,21.87
96296,482,S2,285.0,25.791,21.87
96297,482,S2,288.0,25.726,21.87
96298,482,S2,291.0,25.669,21.87
96299,482,S2,294.0,25.418,21.87
96300,482,S2,297.0,25.287,21.87
96301,482,S2,300.0,25.271,21.87
96302,482,S2,303.0,25.166,21.87
96303,482,S2,306.0,25.101,21.87
96304,482,S2,309.0,24.877,21.87
96305,482,S2,312.0,24.900,21.87
96306,482,S2,315.0,24.819,21.87
96307,482,S2,318.0,24.615,21.87
96308,482,S2,321.0,24.627,21.87
96309,482,S2,324.0,24.533,21.87
96310,482,S2,327.0,24.400,21.87
96311,482,S2,330.0,24.348,21.87
96312,482,S2,333.0,24.250,21.87
96313,482,S2,336.0,24.265,21.87
96314,482,S2,339.0,24.091,21.87
96315,482,S2,342.0,24.037,21.87
96316,482,S2,345.0,24.013,21.87
96317,482,S2,348.0,23.828,21.87
96318,482,S2,351.0,23.850,21.87
96319,482,S2,354.0,23.773,21.87
96320,482,S2,357.0,23.863,21.87
96321,482,S2,360.0,23.652,21.87
96322,482,S2,363.0,23.689,21.87
96323,482,S2,366.0,23.670,21.87
96324,482,S2,369.0,23.494,21.87
96325,482,S2,372.0,23.409,21.87
96326,482,S2,375.0,23.514,21.87
96327,482,S2,378.0,23.459,21.87
96328,482,S2,381.0,23.416,21.87
96329,482,S2,384.0,23.297,21.87
96330,482,S2,387.0,23.227,21.87
96331,482,S2,390.0,23.225,21.87
96332,482,S2,393.0,23.261,21.87
96333,482,S2,396.0,23.134,21.87
96334,482,S2,399.0,23.080,21.87
96335,482,S2,402.0,23.084,21.87
96336,482,S2,405.0,23.030,21.87
96337,482,S2,408.0,23.058,21.87
96338,482,S2,411.0,23.005,21.87
96339,482,S2,414.0,22.846,21.87
96340,482,S2,417.0,22.930,21.87
96341,482,S2,420.0,22.867,21.87
96342,482,S2,423.0,22.863,21.87
96343,482,S2,426.0,22.792,21.87
96344,482,S2,429.0,22.811,21.87
96345,482,S2,432.0,22.852,21.87
96346,482,S2,435.0,22.758,21.87
96347,482,S2,438.0,22.762,21.87
96348,482,S2,441.0,22.763,21.87
96349,482,S2,444.0,22.666,21.87
96350,482,S2,447.0,22.559,21.87
96351,482,S2,450.0,22.648,21.87
96352,482,S2,453.0,22.577,21.87
96353,482,S2,456.0,22.502,21.87
96354,482,S2,459.0,22.521,21.87
96355,482,S2,462.0,22.458,21.87
96356,482,S2,465.0,22.529,21.87
96357,482,S2,468.0,22.528,21.87
96358,482,S2,471.0,22.481,21.87
96359,482,S2,474.0,22.453,21.87
96360,482,S2,477.0,22.486,21.87
96361,482,S2,480.0,22.438,21.87
96362,482,S2,483.0,22.389,21.87
96363,482,S2,486.0,22.373,21.87
96364,482,S2,489.0,22.409,21.87
96365,482,S2,492.0,22.349,21.87
96366,482,S2,495.0,22.315,21.87
96367,482,S2,498.0,22.215,21.87
96368,482,S2,501.0,22.416,21.87
96369,482,S2,504.0,22.391,21.87
96370,482,S2,507.0,22.234,21.87
96371,482,S2,510.0,22.252,21.87
96372,482,S2,513.0,22.337,21.87
96373,482,S2,516.0,22.320,21.87
96374,482,S2,519.0,22.170,21.87
96375,482,S2,522.0,22.208,21.87
96376,482,S2,525.0,22.163,21.87
96377,482,S2,528.0,22.261,21.87
96378,482,S2,531.0,22.131,21.87
96379,482,S2,534.0,22.114,21.87
96380,482,S2,537.0,22.179,21.87
96381,482,S2,540.0,22.112,21.87
96382,482,S2,543.0,22.101,21.87
96383,482,S2,546.0,22.148,21.87
96384,482,S2,549.0,22.143,21.87
96385,482,S2,552.0,22.175,21.87
96386,482,S2,555.0,22.124,21.87
96387,482,S2,558.0,22.147,21.87
96388,482,S2,561.0,22.213,21.87
96389,482,S2,564.0,22.191,21.87
96390,482,S2,567.0,22.098,21.87
96391,482,S2,570.0,22.218,21.87
96392,482,S2,573.0,22.100,21.87
96393,482,S2,576.0,22.022,21.87
96394,482,S2,579.0,22.055,21.87
96395,482,S2,582.0,22.110,21.87
96396,482,S2,585.0,22.022,21.87
96397,482,S2,588.0,22.050,21.87
96398,482,S2,591.0,21.918,21.87
96399,482,S2,594.0,22.084,21.87
96400,482,S2,597.0,21.986,21.87
96401,483,S3,0.0,86.947,22.27
96402,483,S3,3.0,85.903,22.27
96403,483,S3,6.0,84.901,22.27
96404,483,S3,9.0,83.951,22.27
96405,483,S3,12.0,82.988,22.27
96406,483,S3,15.0,81.989,22.27
96407,483,S3,18.0,81.101,22.27
96408,483,S3,21.0,80.064,22.27
96409,483,S3,24.0,79.240,22.27
96410,483,S3,27.0,78.326,22.27
96411,483,S3,30.0,77.395,22.27
96412,483,S3,33.0,76.390,22.27
96413,483,S3,36.0,75.505,22.27
96414,483,S3,39.0,74.786,22.27
96415,483,S3,42.0,73.953,22.27
96416,483,S3,45.0,73.064,22.27
96417,483,S3,48.0,72.286,22.27
96418,483,S3,51.0,71.508,22.27
96419,483,S3,54.0,70.678,22.27
96420,483,S3,57.0,69.982,22.27
96421,483,S3,60.0,69.168,22.27
96422,483,S3,63.0,68.442,22.27
96423,483,S3,66.0,67.721,22.27
96424,483,S3,69.0,67.040,22.27
96425,483,S3,72.0,66.198,22.27
96426,483,S3,75.0,65.585,22.27
96427,483,S3,78.0,64.881,22.27
96428,483,S3,81.0,64.194,22.27
96429,483,S3,84.0,63.628,22.27
96430,483,S3,87.0,62.989,22.27
96431,483,S3,90.0,62.222,22.27
96432,483,S3,93.0,61.622,22.27
96433,483,S3,96.0,60.980,22.27
96434,483,S3,99.0,60.379,22.27
96435,483,S3,102.0,59.871,22.27
96436,483,S3,105.0,59.158,22.27
96437,483,S3,108.0,58.586,22.27
96438,483,S3,111.0,57.940,22.27
96439,483,S3,114.0,57.435,22.27
96440,483,S3,117.0,56.912,22.27
96441,483,S3,120.0,56.259,22.27
96442,483,S3,123.0,55.840,22.27
96443,483,S3,126.0,55.177,22.27
96444,483,S3,129.0,54.712,22.27
96445,483,S3,132.0,54.117,22.27
96446,483,S3,135.0,53.703,22.27
96447,483,S3,138.0,53.214,22.27
96448,483,S3,141.0,52.637,22.27
96449,483,S3,144.0,52.281,22.27
96450,483,S3,147.0,51.748,22.27
96451,483,S3,150.0,51.334,22.27
96452,483,S3,153.0,50.862,22.27
96453,483,S3,156.0,50.352,22.27
96454,483,S3,159.0,49.951,22.27
96455,483,S3,162.0,49.515,22.27
96456,483,S3,165.0,49.039,22.27
96457,483,S3,168.0,48.588,22.27
96458,483,S3,171.0,48.247,22.27
96459,483,S3,174.0,47.790,22.27
96460,483,S3,177.0,47.446,22.27
96461,483,S3,180.0,47.028,22.27
96462,483,S3,183.0,46.563,22.27
96463,483,S3,186.0,46.158,22.27
96464,483,S3,189.0,45.727,22.27
96465,483,S3,192.0,45.525,22.27
96466,483,S3,195.0,45.105,22.27
96467,483,S3,198.0,44.746,22.27
96468,483,S3,201.0,44.322,22.27
96469,483,S3,204.0,44.009,22.27
96470,483,S3,207.0,43.674,22.27
96471,483,S3,210.0,43.392,22.27
96472,483,S3,213.0,42.905,22.27
96473,483,S3,216.0,42.708,22.27
96474,483,S3,219.0,42.353,22.27
96475,483,S3,222.0,41.982,22.27
96476,483,S3,225.0,41.674,22.27
96477,483,S3,228.0,41.444,22.27
96478,483,S3,231.0,41.093,22.27
96479,483,S3,234.0,40.751,22.27
96480,483,S3,237.0,40.526,22.27
96481,483,S3,240.0,40.324,22.27
96482,483,S3,243.0,39.931,22.27
96483,483,S3,246.0,39.582,22.27
96484,483,S3,249.0,39.375,22.27
96485,483,S3,252.0,39.056,22.27
96486,483,S3,255.0,38.709,22.27
96487,483,S3,258.0,38.536,22.27
96488,483,S3,261.0,38.299,22.27
96489,483,S3,264.0,38.114,22.27
96490,483,S3,267.0,37.870,22.27
96491,483,S3,270.0,37.451,22.27
96492,483,S3,273.0,37.402,22.27
96493,483,S3,276.0,37.061,22.27
96494,483,S3,279.0,36.748,22.27
96495,483,S3,282.0,36.621,22.27
96496,483,S3,285.0,36.270,22.27
96497,483,S3,288.0,36.028,22.27
96498,483,S3,291.0,35.886,22.27
96499,483,S3,294.0,35.595,22.27
96500,483,S3,297.0,35.442,22.27
96501,483,S3,300.0,35.246,22.27
96502,483,S3,303.0,35.093,22.27
96503,483,S3,306.0,34.877,22.27
96504,483,S3,309.0,34.651,22.27
96505,483,S3,312.0,34.497,22.27
96506,483,S3,315.0,34.242,22.27
96507,483,S3,318.0,34.121,22.27
96508,483,S3,321.0,33.939,22.27
96509,483,S3,324.0,33.673,22.27
96510,483,S3,327.0,33.631,22.27
96511,483,S3,330.0,33.384,22.27
96512,483,S3,333.0,33.178,22.27
96513,483,S3,336.0,32.962,22.27
96514,483,S3,339.0,32.785,22.27
96515,483,S3,342.0,32.737,22.27
96516,483,S3,345.0,32.450,22.27
96517,483,S3,348.0,32.262,22.27
96518,483,S3,351.0,32.192,22.27
96519,483,S3,354.0,32.037,22.27
96520,483,S3,357.0,31.852,22.27
96521,483,S3,360.0,31.802,22.27
96522,483,S3,363.0,31.490,22.27
96523,483,S3,366.0,31.467,22.27
96524,483,S3,369.0,31.262,22.27
96525,483,S3,372.0,31.108,22.27
96526,483,S3,375.0,30.969,22.27
96527,483,S3,378.0,30.787,22.27
96528,483,S3,381.0,30.732,22.27
96529,483,S3,384.0,30.576,22.27
96530,483,S3,387.0,30.415,22.27
96531,483,S3,390.0,30.327,22.27
96532,483,S3,393.0,30.138,22.27
96533,483,S3,396.0,30.117,22.27
96534,483,S3,399.0,29.923,22.27
96535,483,S3,402.0,29.797,22.27
96536,483,S3,405.0,29.711,22.27
96537,483,S3,408.0,29.591,22.27
96538,483,S3,411.0,29.373,22.27
96539,483,S3,414.0,29.433,22.27
96540,483,S3,417.0,29.318,22.27
96541,483,S3,420.0,29.117,22.27
96542,483,S3,423.0,29.021,22.27
96543,483,S3,426.0,28.795,22.27
96544,483,S3,429.0,28.862,22.27
96545,483,S3,432.0,28.612,22.27
96546,483,S3,435.0,28.613,22.27
96547,483,S3,438.0,28.418,22.27
96548,483,S3,441.0,28.346,22.27
96549,483,S3,444.0,28.249,22.27
96550,483,S3,447.0,28.237,22.27
96551,483,S3,450.0,28.047,22.27
96552,483,S3,453.0,27.993,22.27
96553,483,S3,456.0,27.974,22.27
96554,483,S3,459.0,27.844,22.27
96555,483,S3,462.0,27.768,22.27
96556,483,S3,465.0,27.675,22.27
96557,483,S3,468.0,27.596,22.27
96558,483,S3,471.0,27.524,22.27
96559,483,S3,474.0,27.468,22.27
96560,483,S3,477.0,27.332,22.27
96561,483,S3,480.0,27.237,22.27
96562,483,S3,483.0,27.148,22.27
96563,483,S3,486.0,27.124,22.27
96564,483,S3,489.0,27.034,22.27
96565,483,S3,492.0,26.851,22.27
96566,483,S3,495.0,26.892,22.27
96567,483,S3,498.0,26.785,22.27
96568,483,S3,501.0,26.699,22.27
96569,483,S3,504.0,26.606,22.27
96570,483,S3,507.0,26.579,22.27
96571,483,S3,510.0,26.499,22.27
96572,483,S3,513.0,26.401,22.27
96573,483,S3,516.0,26.342,22.27
96574,483,S3,519.0,26.278,22.27
96575,483,S3,522.0,26.221,22.27
96576,483,S3,525.0,26.172,22.27
96577,483,S3,528.0,26.188,22.27
96578,483,S3,531.0,26.059,22.27
96579,483,S3,534.0,25.968,22.27
96580,483,S3,537.0,25.861,22.27
96581,483,S3,540.0,25.769,22.27
96582,483,S3,543.0,25.790,22.27
96583,483,S3,546.0,25.778,22.27
96584,483,S3,549.0,25.647,22.27
96585,483,S3,552.0,25.677,22.27
96586,483,S3,555.0,25.544,22.27
96587,483,S3,558.0,25.635,22.27
96588,483,S3,561.0,25.421,22.27
96589,483,S3,564.0,25.390,22.27
96590,483,S3,567.0,25.286,22.27
96591,483,S3,570.0,25.333,22.27
96592,483,S3,573.0,25.293,22.27
96593,483,S3,576.0,25.253,22.27
96594,483,S3,579.0,25.181,22.27
96595,483,S3,582.0,25.111,22.27
96596,483,S3,585.0,25.176,22.27
96597,483,S3,588.0,25.139,22.27
96598,483,S3,591.0,25.003,22.27
96599,483,S3,594.0,25.048,22.27
96600,483,S3,597.0,24.911,22.27
96601,484,S4,0.0,89.153,20.83
96602,484,S4,3.0,88.054,20.83
96603,484,S4,6.0,86.968,20.83
96604,484,S4,9.0,86.041,20.83
96605,484,S4,12.0,85.098,20.83
96606,484,S4,15.0,83.956,20.83
96607,484,S4,18.0,83.048,20.83
96608,484,S4,21.0,82.108,20.83
96609,484,S4,24.0,81.165,20.83
96610,484,S4,27.0,80.132,20.83
96611,484,S4,30.0,79.293,20.83
96612,484,S4,33.0,78.287,20.83
96613,484,S4,36.0,77.381,20.83
96614,484,S4,39.0,76.526,20.83
96615,484,S4,42.0,75.787,20.83
96616,484,S4,45.0,74.941,20.83
96617,484,S4,48.0,74.090,20.83
96618,484,S4,51.0,73.303,20.83
96619,484,S4,54.0,72.414,20.83
96620,484,S4,57.0,71.576,20.83
96621,484,S4,60.0,70.873,20.83
96622,484,S4,63.0,70.088,20.83
96623,484,S4,66.0,69.266,20.83
96624,484,S4,69.0,68.498,20.83
96625,484,S4,72.0,67.788,20.83
96626,484,S4,75.0,66.981,20.83
96627,484,S4,78.0,66.338,20.83
96628,484,S4,81.0,65.666,20.83
96629,484,S4,84.0,64.893,20.83
96630,484,S4,87.0,64.281,20.83
96631,484,S4,90.0,63.545,20.83
96632,484,S4,93.0,62.950,20.83
96633,484,S4,96.0,62.350,20.83
96634,484,S4,99.0,61.731,20.83
96635,484,S4,102.0,61.030,20.83
96636,484,S4,105.0,60.318,20.83
96637,484,S4,108.0,59.807,20.83
96638,484,S4,111.0,59.126,20.83
96639,484,S4,114.0,58.568,20.83
96640,484,S4,117.0,58.070,20.83
96641,484,S4,120.0,57.434,20.83
96642,484,S4,123.0,56.883,20.83
96643,484,S4,126.0,56.321,20.83
96644,484,S4,129.0,55.753,20.83
96645,484,S4,132.0,55.145,20.83
96646,484,S4,135.0,54.745,20.83
96647,484,S4,138.0,54.114,20.83
96648,484,S4,141.0,53.587,20.83
96649,484,S4,144.0,53.213,20.83
96650,484,S4,147.0,52.581,20.83
96651,484,S4,150.0,52.089,20.83
96652,484,S4,153.0,51.687,20.83
96653,484,S4,156.0,51.235,20.83
96654,484,S4,159.0,50.765,20.83
96655,484,S4,162.0,50.296,20.83
96656,484,S4,165.0,49.749,20.83
96657,484,S4,168.0,49.359,20.83
96658,484,S4,171.0,48.916,20.83
96659,484,S4,174.0,48.474,20.83
96660,484,S4,177.0,48.113,20.83
96661,484,S4,180.0,47.651,20.83
96662,484,S4,183.0,47.189,20.83
96663,484,S4,186.0,46.791,20.83
96664,484,S4,189.0,46.436,20.83
96665,484,S4,192.0,46.111,20.83
96666,484,S4,195.0,45.614,20.83
96667,484,S4,198.0,45.180,20.83
96668,484,S4,201.0,44.891,20.83
96669,484,S4,204.0,44.438,20.83
96670,484,S4,207.0,44.149,20.83
96671,484,S4,210.0,43.741,20.83
96672,484,S4,213.0,43.463,20.83
96673,484,S4,216.0,43.048,20.83
96674,484,S4,219.0,42.669,20.83
96675,484,S4,222.0,42.404,20.83
96676,484,S4,225.0,42.044,20.83
96677,484,S4,228.0,41.772,20.83
96678,484,S4,231.0,41.367,20.83
96679,484,S4,234.0,41.168,20.83
96680,484,S4,237.0,40.740,20.83
96681,484,S4,240.0,40.459,20.83
96682,484,S4,243.0,40.176,20.83
96683,484,S4,246.0,39.816,20.83
96684,484,S4,249.0,39.558,20.83
96685,484,S4,252.0,39.262,20.83
96686,484,S4,255.0,38.984,20.83
96687,484,S4,258.0,38.702,20.83
96688,484,S4,261.0,38.485,20.83
96689,484,S4,264.0,38.084,20.83
96690,484,S4,267.0,37.894,20.83
96691,484,S4,270.0,37.645,20.83
96692,484,S4,273.0,37.315,20.83
96693,484,S4,276.0,37.087,20.83
96694,484,S4,279.0,36.808,20.83
96695,484,S4,282.0,36.581,20.83
96696,484,S4,285.0,36.387,20.83
96697,484,S4,288.0,36.134,20.83
96698,484,S4,291.0,35.878,20.83
96699,484,S4,294.0,35.621,20.83
96700,484,S4,297.0,35.391,20.83
96701,484,S4,300.0,35.263,20.83
96702,484,S4,303.0,35.034,20.83
96703,484,S4,306.0,34.782,20.83
96704,484,S4,309.0,34.533,20.83
96705,484,S4,312.0,34.344,20.83
96706,484,S4,315.0,34.135,20.83
96707,484,S4,318.0,33.950,20.83
96708,484,S4,321.0,33.668,20.83
96709,484,S4,324.0,33.485,20.83
96710,484,S4,327.0,33.334,20.83
96711,484,S4,330.0,33.136,20.83
96712,484,S4,333.0,32.937,20.83
96713,484,S4,336.0,32.688,20.83
96714,484,S4,339.0,32.497,20.83
96715,484,S4,342.0,32.479,20.83
96716,484,S4,345.0,32.206,20.83
96717,484,S4,348.0,31.950,20.83
96718,484,S4,351.0,31.759,20.83
96719,484,S4,354.0,31.631,20.83
96720,484,S4,357.0,31.458,20.83
96721,484,S4,360.0,31.360,20.83
96722,484,S4,363.0,31.146,20.83
96723,484,S4,366.0,31.016,20.83
96724,484,S4,369.0,30.830,20.83
96725,484,S4,372.0,30.755,20.83
96726,484,S4,375.0,30.530,20.83
96727,484,S4,378.0,30.383,20.83
96728,484,S4,381.0,30.314,20.83
96729,484,S4,384.0,30.063,20.83
96730,484,S4,387.0,30.004,20.83
96731,484,S4,390.0,29.783,20.83
96732,484,S4,393.0,29.703,20.83
96733,484,S4,396.0,29.543,20.83
96734,484,S4,399.0,29.361,20.83
96735,484,S4,402.0,29.271,20.83
96736,484,S4,405.0,29.145,20.83
96737,484,S4,408.0,29.050,20.83
96738,484,S4,411.0,28.950,20.83
96739,484,S4,414.0,28.806,20.83
96740,484,S4,417.0,28.632,20.83
96741,484,S4,420.0,28.554,20.83
96742,484,S4,423.0,28.408,20.83
96743,484,S4,426.0,28.349,20.83
96744,484,S4,429.0,28.185,20.83
96745,484,S4,432.0,27.982,20.83
96746,484,S4,435.0,27.882,20.83
96747,484,S4,438.0,27.876,20.83
96748,484,S4,441.0,27.711,20.83
96749,484,S4,444.0,27.631,20.83
96750,484,S4,447.0,27.530,20.83
96751,484,S4,450.0,27.384,20.83
96752,484,S4,453.0,27.230,20.83
96753,484,S4,456.0,27.124,20.83
96754,484,S4,459.0,27.268,20.83
96755,484,S4,462.0,27.001,20.83
96756,484,S4,465.0,26.943,20.83
96757,484,S4,468.0,26.776,20.83
96758,484,S4,471.0,26.688,20.83
96759,484,S4,474.0,26.649,20.83
96760,484,S4,477.0,26.526,20.83
96761,484,S4,480.0,26.522,20.83
96762,484,S4,483.0,26.421,20.83
96763,484,S4,486.0,26.259,20.83
96764,484,S4,489.0,26.166,20.83
96765,484,S4,492.0,26.112,20.83
96766,484,S4,495.0,26.004,20.83
96767,484,S4,498.0,25.949,20.83
96768,484,S4,501.0,25.774,20.83
96769,484,S4,504.0,25.859,20.83
96770,484,S4,507.0,25.708,20.83
96771,484,S4,510.0,25.664,20.83
96772,484,S4,513.0,25.608,20.83
96773,484,S4,516.0,25.503,20.83
96774,484,S4,519.0,25.412,20.83
96775,484,S4,522.0,25.396,20.83
96776,484,S4,525.0,25.274,20.83
96777,484,S4,528.0,25.278,20.83
96778,484,S4,531.0,25.225,20.83
96779,484,S4,534.0,25.170,20.83
96780,484,S4,537.0,25.019,20.83
96781,484,S4,540.0,24.935,20.83
96782,484,S4,543.0,24.918,20.83
96783,484,S4,546.0,24.827,20.83
96784,484,S4,549.0,24.760,20.83
96785,484,S4,552.0,24.759,20.83
96786,484,S4,555.0,24.646,20.83
96787,484,S4,558.0,24.626,20.83
96788,484,S4,561.0,24.444,20.83
96789,484,S4,564.0,24.445,20.83
96790,484,S4,567.0,24.493,20.83
96791,484,S4,570.0,24.395,20.83
96792,484,S4,573.0,24.299,20.83
96793,484,S4,576.0,24.350,20.83
96794,484,S4,579.0,24.208,20.83
96795,484,S4,582.0,24.128,20.83
96796,484,S4,585.0,24.144,20.83
96797,484,S4,588.0,24.074,20.83
96798,484,S4,591.0,23.920,20.83
96799,484,S4,594.0,23.964,20.83
96800,484,S4,597.0,23.895,20.83
96801,485,S1,0.0,81.550,21.57
96802,485,S1,3.0,80.322,21.57
96803,485,S1,6.0,78.971,21.57
96804,485,S1,9.0,77.740,21.57
96805,485,S1,12.0,76.455,21.57
96806,485,S1,15.0,75.372,21.57
96807,485,S1,18.0,74.184,21.57
96808,485,S1,21.0,73.055,21.57
96809,485,S1,24.0,71.881,21.57
96810,485,S1,27.0,70.815,21.57
96811,485,S1,30.0,69.847,21.57
96812,485,S1,33.0,68.756,21.57
96813,485,S1,36.0,67.678,21.57
96814,485,S1,39.0,66.676,21.57
96815,485,S1,42.0,65.814,21.57
96816,485,S1,45.0,64.806,21.57
96817,485,S1,48.0,63.797,21.57
96818,485,S1,51.0,62.852,21.57
96819,485,S1,54.0,62.085,21.57
96820,485,S1,57.0,61.205,21.57
96821,485,S1,60.0,60.293,21.57
96822,485,S1,63.0,59.507,21.57
96823,485,S1,66.0,58.539,21.57
96824,485,S1,69.0,57.814,21.57
96825,485,S1,72.0,57.153,21.57
96826,485,S1,75.0,56.236,21.57
96827,485,S1,78.0,55.493,21.57
96828,485,S1,81.0,54.780,21.57
96829,485,S1,84.0,54.021,21.57
96830,485,S1,87.0,53.401,21.57
96831,485,S1,90.0,52.692,21.57
96832,485,S1,93.0,51.954,21.57
96833,485,S1,96.0,51.344,21.57
96834,485,S1,99.0,50.718,21.57
96835,485,S1,102.0,49.962,21.57
96836,485,S1,105.0,49.398,21.57
96837,485,S1,108.0,48.850,21.57
96838,485,S1,111.0,48.240,21.57
96839,485,S1,114.0,47.616,21.57
96840,485,S1,117.0,47.019,21.57
96841,485,S1,120.0,46.448,21.57
96842,485,S1,123.0,46.059,21.57
96843,485,S1,126.0,45.418,21.57
96844,485,S1,129.0,44.936,21.57
96845,485,S1,132.0,44.422,21.57
96846,485,S1,135.0,43.962,21.57
96847,485,S1,138.0,43.545,21.57
96848,485,S1,141.0,42.922,21.57
96849,485,S1,144.0,42.524,21.57
96850,485,S1,147.0,42.006,21.57
96851,485,S1,150.0,41.598,21.57
96852,485,S1,153.0,41.040,21.57
96853,485,S1,156.0,40.775,21.57
96854,485,S1,159.0,40.283,21.57
96855,485,S1,162.0,39.946,21.57
96856,485,S1,165.0,39.418,21.57
96857,485,S1,168.0,39.180,21.57
96858,485,S1,171.0,38.680,21.57
96859,485,S1,174.0,38.397,21.57
96860,485,S1,177.0,38.027,21.57
96861,485,S1,180.0,37.654,21.57
96862,485,S1,183.0,37.322,21.57
96863,485,S1,186.0,36.974,21.57
96864,485,S1,189.0,36.688,21.57
96865,485,S1,192.0,36.354,21.57
96866,485,S1,195.0,36.088,21.57
96867,485,S1,198.0,35.746,21.57
96868,485,S1,201.0,35.336,21.57
96869,485,S1,204.0,35.044,21.57
96870,485,S1,207.0,34.914,21.57
96871,485,S1,210.0,34.412,21.57
96872,485,S1,213.0,34.270,21.57
96873,485,S1,216.0,33.973,21.57
96874,485,S1,219.0,33.626,21.57
96875,485,S1,222.0,33.415,21.57
96876,485,S1,225.0,33.195,21.57
96877,485,S1,228.0,32.958,21.57
96878,485,S1,231.0,32.550,21.57
96879,485,S1,234.0,32.407,21.57
96880,485,S1,237.0,32.171,21.57
96881,485,S1,240.0,31.942,21.57
96882,485,S1,243.0,31.709,21.57
96883,485,S1,246.0,31.488,21.57
96884,485,S1,249.0,31.242,21.57
96885,485,S1,252.0,31.080,21.57
96886,485,S1,255.0,30.840,21.57
96887,485,S1,258.0,30.641,21.57
96888,485,S1,261.0,30.478,21.57
96889,485,S1,264.0,30.261,21.57
96890,485,S1,267.0,30.098,21.57
96891,485,S1,270.0,29.981,21.57
96892,485,S1,273.0,29.717,21.57
96893,485,S1,276.0,29.520,21.57
96894,485,S1,279.0,29.311,21.57
96895,485,S1,282.0,29.218,21.57
96896,485,S1,285.0,29.011,21.57
96897,485,S1,288.0,28.835,21.57
96898,485,S1,291.0,28.687,21.57
96899,485,S1,294.0,28.542,21.57
96900,485,S1,297.0,28.393,21.57
96901,485,S1,300.0,28.243,21.57
96902,485,S1,303.0,28.097,21.57
96903,485,S1,306.0,28.001,21.57
96904,485,S1,309.0,27.800,21.57
96905,485,S1,312.0,27.689,21.57
96906,485,S1,315.0,27.615,21.57
96907,485,S1,318.0,27.385,21.57
96908,485,S1,321.0,27.319,21.57
96909,485,S1,324.0,27.166,21.57
96910,485,S1,327.0,27.027,21.57
96911,485,S1,330.0,26.979,21.57
96912,485,S1,333.0,26.842,21.57
96913,485,S1,336.0,26.693,21.57
96914,485,S1,339.0,26.654,21.57
96915,485,S1,342.0,26.491,21.57
96916,485,S1,345.0,26.359,21.57
96917,485,S1,348.0,26.321,21.57
96918,485,S1,351.0,26.173,21.57
96919,485,S1,354.0,26.072,21.57
96920,485,S1,357.0,25.927,21.57
96921,485,S1,360.0,25.909,21.57
96922,485,S1,363.0,25.678,21.57
96923,485,S1,366.0,25.773,21.57
96924,485,S1,369.0,25.562,21.57
96925,485,S1,372.0,25.479,21.57
96926,485,S1,375.0,25.430,21.57
96927,485,S1,378.0,25.385,21.57
96928,485,S1,381.0,25.263,21.57
96929,485,S1,384.0,25.198,21.57
96930,485,S1,387.0,25.131,21.57
96931,485,S1,390.0,25.031,21.57
96932,485,S1,393.0,24.929,21.57
96933,485,S1,396.0,24.902,21.57
96934,485,S1,399.0,24.858,21.57
96935,485,S1,402.0,24.791,21.57
96936,485,S1,405.0,24.711,21.57
96937,485,S1,408.0,24.644,21.57
96938,485,S1,411.0,24.590,21.57
96939,485,S1,414.0,24.486,21.57
96940,485,S1,417.0,24.410,21.57
96941,485,S1,420.0,24.364,21.57
96942,485,S1,423.0,24.312,21.57
96943,485,S1,426.0,24.182,21.57
96944,485,S1,429.0,24.177,21.57
96945,485,S1,432.0,24.104,21.57
96946,485,S1,435.0,24.100,21.57
96947,485,S1,438.0,24.074,21.57
96948,485,S1,441.0,23.949,21.57
96949,485,S1,444.0,23.915,21.57
96950,485,S1,447.0,23.858,21.57
96951,485,S1,450.0,23.806,21.57
96952,485,S1,453.0,23.747,21.57
96953,485,S1,456.0,23.633,21.57
96954,485,S1,459.0,23.590,21.57
96955,485,S1,462.0,23.631,21.57
96956,485,S1,465.0,23.612,21.57
96957,485,S1,468.0,23.598,21.57
96958,485,S1,471.0,23.560,21.57
96959,485,S1,474.0,23.445,21.57
96960,485,S1,477.0,23.348,21.57
96961,485,S1,480.0,23.343,21.57
96962,485,S1,483.0,23.328,21.57
96963,485,S1,486.0,23.260,21.57
96964,485,S1,489.0,23.342,21.57
96965,485,S1,492.0,23.218,21.57
96966,485,S1,495.0,23.083,21.57
96967,485,S1,498.0,23.236,21.57
96968,485,S1,501.0,23.076,21.57
96969,485,S1,504.0,23.006,21.57
96970,485,S1,507.0,23.085,21.57
96971,485,S1,510.0,22.969,21.57
96972,485,S1,513.0,22.944,21.57
96973,485,S1,516.0,22.865,21.57
96974,485,S1,519.0,22.933,21.57
96975,485,S1,522.0,22.977,21.57
96976,485,S1,525.0,22.841,21.57
96977,485,S1,528.0,22.778,21.57
96978,485,S1,531.0,22.746,21.57
96979,485,S1,534.0,22.852,21.57
96980,485,S1,537.0,22.836,21.57
96981,485,S1,540.0,22.727,21.57
96982,485,S1,543.0,22.751,21.57
96983,485,S1,546.0,22.737,21.57
96984,485,S1,549.0,22.717,21.57
96985,485,S1,552.0,22.619,21.57
96986,485,S1,555.0,22.618,21.57
96987,485,S1,558.0,22.617,21.57
96988,485,S1,561.0,22.534,21.57
96989,485,S1,564.0,22.566,21.57
96990,485,S1,567.0,22.505,21.57
96991,485,S1,570.0,22.504,21.57
96992,485,S1,573.0,22.453,21.57
96993,485,S1,576.0,22.488,21.57
96994,485,S1,579.0,22.378,21.57
96995,485,S1,582.0,22.446,21.57
96996,485,S1,585.0,22.326,21.57
96997,485,S1,588.0,22.347,21.57
96998,485,S1,591.0,22.348,21.57
96999,485,S1,594.0,22.412,21.57
97000,485,S1,597.0,22.402,21.57
97001,486,S2,0.0,88.514,20.59
97002,486,S2,3.0,87.535,20.59
97003,486,S2,6.0,86.669,20.59
97004,486,S2,9.0,85.811,20.59
97005,486,S2,12.0,84.896,20.59
97006,486,S2,15.0,84.117,20.59
97007,486,S2,18.0,83.185,20.59
97008,486,S2,21.0,82.423,20.59
97009,486,S2,24.0,81.634,20.59
97010,486,S2,27.0,80.787,20.59
97011,486,S2,30.0,79.947,20.59
97012,486,S2,33.0,79.251,20.59
97013,486,S2,36.0,78.420,20.59
97014,486,S2,39.0,77.690,20.59
97015,486,S2,42.0,76.874,20.59
97016,486,S2,45.0,76.152,20.59
97017,486,S2,48.0,75.409,20.59
97018,486,S2,51.0,74.678,20.59
97019,486,S2,54.0,73.939,20.59
97020,486,S2,57.0,73.273,20.59
97021,486,S2,60.0,72.577,20.59
97022,486,S2,63.0,71.840,20.59
97023,486,S2,66.0,71.261,20.59
97024,486,S2,69.0,70.533,20.59
97025,486,S2,72.0,69.858,20.59
97026,486,S2,75.0,69.115,20.59
97027,486,S2,78.0,68.502,20.59
97028,486,S2,81.0,67.975,20.59
97029,486,S2,84.0,67.299,20.59
97030,486,S2,87.0,66.634,20.59
97031,486,S2,90.0,66.100,20.59
97032,486,S2,93.0,65.345,20.59
97033,486,S2,96.0,64.818,20.59
97034,486,S2,99.0,64.396,20.59
97035,486,S2,102.0,63.659,20.59
97036,486,S2,105.0,63.218,20.59
97037,486,S2,108.0,62.534,20.59
97038,486,S2,111.0,61.927,20.59
97039,486,S2,114.0,61.476,20.59
97040,486,S2,117.0,60.891,20.59
97041,486,S2,120.0,60.297,20.59
97042,486,S2,123.0,59.898,20.59
97043,486,S2,126.0,59.302,20.59
97044,486,S2,129.0,58.888,20.59
97045,486,S2,132.0,58.268,20.59
97046,486,S2,135.0,57.793,20.59
97047,486,S2,138.0,57.297,20.59
97048,486,S2,141.0,56.746,20.59
97049,486,S2,144.0,56.296,20.59
97050,486,S2,147.0,55.800,20.59
97051,486,S2,150.0,55.280,20.59
97052,486,S2,153.0,54.937,20.59
97053,486,S2,156.0,54.516,20.59
97054,486,S2,159.0,54.036,20.59
97055,486,S2,162.0,53.503,20.59
97056,486,S2,165.0,53.127,20.59
97057,486,S2,168.0,52.695,20.59
97058,486,S2,171.0,52.262,20.59
97059,486,S2,174.0,51.827,20.59
97060,486,S2,177.0,51.428,20.59
97061,486,S2,180.0,51.131,20.59
97062,486,S2,183.0,50.606,20.59
97063,486,S2,186.0,50.203,20.59
97064,486,S2,189.0,49.876,20.59
97065,486,S2,192.0,49.482,20.59
97066,486,S2,195.0,48.972,20.59
97067,486,S2,198.0,48.715,20.59
97068,486,S2,201.0,48.444,20.59
97069,486,S2,204.0,47.845,20.59
97070,486,S2,207.0,47.535,20.59
97071,486,S2,210.0,47.230,20.59
97072,486,S2,213.0,46.853,20.59
97073,486,S2,216.0,46.451,20.59
97074,486,S2,219.0,46.234,20.59
97075,486,S2,222.0,45.786,20.59
97076,486,S2,225.0,45.540,20.59
97077,486,S2,228.0,45.057,20.59
97078,486,S2,231.0,44.967,20.59
97079,486,S2,234.0,44.605,20.59
97080,486,S2,237.0,44.228,20.59
97081,486,S2,240.0,43.842,20.59
97082,486,S2,243.0,43.585,20.59
97083,486,S2,246.0,43.244,20.59
97084,486,S2,249.0,42.918,20.59
97085,486,S2,252.0,42.611,20.59
97086,486,S2,255.0,42.423,20.59
97087,486,S2,258.0,42.071,20.59
97088,486,S2,261.0,41.831,20.59
97089,486,S2,264.0,41.568,20.59
97090,486,S2,267.0,41.356,20.59
97091,486,S2,270.0,40.989,20.59
97092,486,S2,273.0,40.610,20.59
97093,486,S2,276.0,40.416,20.59
97094,486,S2,279.0,40.173,20.59
97095,486,S2,282.0,39.920,20.59
97096,486,S2,285.0,39.726,20.59
97097,486,S2,288.0,39.475,20.59
97098,486,S2,291.0,39.160,20.59
97099,486,S2,294.0,38.923,20.59
97100,486,S2,297.0,38.852,20.59
97101,486,S2,300.0,38.446,20.59
97102,486,S2,303.0,38.111,20.59
97103,486,S2,306.0,37.908,20.59
97104,486,S2,309.0,37.752,20.59
97105,486,S2,312.0,37.481,20.59
97106,486,S2,315.0,37.201,20.59
97107,486,S2,318.0,37.005,20.59
97108,486,S2,321.0,36.910,20.59
97109,486,S2,324.0,36.681,20.59
97110,486,S2,327.0,36.379,20.59
97111,486,S2,330.0,36.223,20.59
97112,486,S2,333.0,35.953,20.59
97113,486,S2,336.0,35.882,20.59
97114,486,S2,339.0,35.609,20.59
97115,486,S2,342.0,35.319,20.59
97116,486,S2,345.0,35.198,20.59
97117,486,S2,348.0,35.041,20.59
97118,486,S2,351.0,34.930,20.59
97119,486,S2,354.0,34.618,20.59
97120,486,S2,357.0,34.554,20.59
97121,486,S2,360.0,34.305,20.59
97122,486,S2,363.0,34.117,20.59
97123,486,S2,366.0,33.866,20.59
97124,486,S2,369.0,33.689,20.59
97125,486,S2,372.0,33.604,20.59
97126,486,S2,375.0,33.378,20.59
97127,486,S2,378.0,33.204,20.59
97128,486,S2,381.0,33.026,20.59
97129,486,S2,384.0,32.908,20.59
97130,486,S2,387.0,32.667,20.59
97131,486,S2,390.0,32.516,20.59
97132,486,S2,393.0,32.357,20.59
97133,486,S2,396.0,32.230,20.59
97134,486,S2,399.0,32.076,20.59
97135,486,S2,402.0,31.960,20.59
97136,486,S2,405.0,31.730,20.59
97137,486,S2,408.0,31.688,20.59
97138,486,S2,411.0,31.540,20.59
97139,486,S2,414.0,31.314,20.59
97140,486,S2,417.0,31.176,20.59
97141,486,S2,420.0,31.009,20.59
97142,486,S2,423.0,30.849,20.59
97143,486,S2,426.0,30.827,20.59
97144,486,S2,429.0,30.612,20.59
97145,486,S2,432.0,30.499,20.59
97146,486,S2,435.0,30.360,20.59
97147,486,S2,438.0,30.270,20.59
97148,486,S2,441.0,30.115,20.59
97149,486,S2,444.0,30.056,20.59
97150,486,S2,447.0,29.941,20.59
97151,486,S2,450.0,29.826,20.59
97152,486,S2,453.0,29.542,20.59
97153,486,S2,456.0,29.438,20.59
97154,486,S2,459.0,29.427,20.59
97155,486,S2,462.0,29.298,20.59
97156,486,S2,465.0,29.133,20.59
97157,486,S2,468.0,28.993,20.59
97158,486,S2,471.0,28.967,20.59
97159,486,S2,474.0,28.832,20.59
97160,486,S2,477.0,28.683,20.59
97161,486,S2,480.0,28.591,20.59
97162,486,S2,483.0,28.553,20.59
97163,486,S2,486.0,28.337,20.59
97164,486,S2,489.0,28.241,20.59
97165,486,S2,492.0,28.106,20.59
97166,486,S2,495.0,28.044,20.59
97167,486,S2,498.0,27.958,20.59
97168,486,S2,501.0,27.953,20.59
97169,486,S2,504.0,27.741,20.59
97170,486,S2,507.0,27.701,20.59
97171,486,S2,510.0,27.625,20.59
97172,486,S2,513.0,27.454,20.59
97173,486,S2,516.0,27.387,20.59
97174,486,S2,519.0,27.316,20.59
97175,486,S2,522.0,27.190,20.59
97176,486,S2,525.0,27.164,20.59
97177,486,S2,528.0,27.124,20.59
97178,486,S2,531.0,26.976,20.59
97179,486,S2,534.0,26.931,20.59
97180,486,S2,537.0,26.714,20.59
97181,486,S2,540.0,26.605,20.59
97182,486,S2,543.0,26.711,20.59
97183,486,S2,546.0,26.576,20.59
97184,486,S2,549.0,26.504,20.59
97185,486,S2,552.0,26.436,20.59
97186,486,S2,555.0,26.354,20.59
97187,486,S2,558.0,26.209,20.59
97188,486,S2,561.0,26.183,20.59
97189,486,S2,564.0,26.138,20.59
97190,486,S2,567.0,26.007,20.59
97191,486,S2,570.0,25.924,20.59
97192,486,S2,573.0,25.851,20.59
97193,486,S2,576.0,25.717,20.59
97194,486,S2,579.0,25.768,20.59
97195,486,S2,582.0,25.715,20.59
97196,486,S2,585.0,25.571,20.59
97197,486,S2,588.0,25.589,20.59
97198,486,S2,591.0,25.438,20.59
97199,486,S2,594.0,25.386,20.59
97200,486,S2,597.0,25.274,20.59
97201,487,S3,0.0,70.340,21.08
97202,487,S3,3.0,69.562,21.08
97203,487,S3,6.0,68.769,21.08
97204,487,S3,9.0,67.991,21.08
97205,487,S3,12.0,67.262,21.08
97206,487,S3,15.0,66.519,21.08
97207,487,S3,18.0,65.828,21.08
97208,487,S3,21.0,65.033,21.08
97209,487,S3,24.0,64.324,21.08
97210,487,S3,27.0,63.703,21.08
97211,487,S3,30.0,62.818,21.08
97212,487,S3,33.0,62.256,21.08
97213,487,S3,36.0,61.662,21.08
97214,487,S3,39.0,60.835,21.08
97215,487,S3,42.0,60.272,21.08
97216,487,S3,45.0,59.612,21.08
97217,487,S3,48.0,59.045,21.08
97218,487,S3,51.0,58.398,21.08
97219,487,S3,54.0,57.806,21.08
97220,487,S3,57.0,57.193,21.08
97221,487,S3,60.0,56.561,21.08
97222,487,S3,63.0,56.076,21.08
97223,487,S3,66.0,55.442,21.08
97224,487,S3,69.0,54.837,21.08
97225,487,S3,72.0,54.241,21.08
97226,487,S3,75.0,53.751,21.08
97227,487,S3,78.0,53.236,21.08
97228,487,S3,81.0,52.733,21.08
97229,487,S3,84.0,52.183,21.08
97230,487,S3,87.0,51.729,21.08
97231,487,S3,90.0,51.182,21.08
97232,487,S3,93.0,50.742,21.08
97233,487,S3,96.0,50.215,21.08
97234,487,S3,99.0,49.699,21.08
97235,487,S3,102.0,49.255,21.08
97236,487,S3,105.0,48.811,21.08
97237,487,S3,108.0,48.287,21.08
97238,487,S3,111.0,47.861,21.08
97239,487,S3,114.0,47.522,21.08
97240,487,S3,117.0,47.055,21.08
97241,487,S3,120.0,46.635,21.08
97242,487,S3,123.0,46.235,21.08
97243,487,S3,126.0,45.916,21.08
97244,487,S3,129.0,45.382,21.08
97245,487,S3,132.0,44.950,21.08
97246,487,S3,135.0,44.599,21.08
97247,487,S3,138.0,44.244,21.08
97248,487,S3,141.0,43.851,21.08
97249,487,S3,144.0,43.464,21.08
97250,487,S3,147.0,43.120,21.08
97251,487,S3,150.0,42.768,21.08
97252,487,S3,153.0,42.336,21.08
97253,487,S3,156.0,42.085,21.08
97254,487,S3,159.0,41.692,21.08
97255,487,S3,162.0,41.326,21.08
97256,487,S3,165.0,41.009,21.08
97257,487,S3,168.0,40.749,21.08
97258,487,S3,171.0,40.345,21.08
97259,487,S3,174.0,40.076,21.08
97260,487,S3,177.0,39.765,21.08
97261,487,S3,180.0,39.444,21.08
97262,487,S3,183.0,39.170,21.08
97263,487,S3,186.0,38.819,21.08
97264,487,S3,189.0,38.534,21.08
97265,487,S3,192.0,38.213,21.08
97266,487,S3,195.0,38.030,21.08
97267,487,S3,198.0,37.728,21.08
97268,487,S3,201.0,37.388,21.08
97269,487,S3,204.0,37.218,21.08
97270,487,S3,207.0,36.875,21.08
97271,487,S3,210.0,36.667,21.08
97272,487,S3,213.0,36.430,21.08
97273,487,S3,216.0,36.271,21.08
97274,487,S3,219.0,35.972,21.08
97275,487,S3,222.0,35.725,21.08
97276,487,S3,225.0,35.366,21.08
97277,487,S3,228.0,35.244,21.08
97278,487,S3,231.0,35.050,21.08
97279,487,S3,234.0,34.682,21.08
97280,487,S3,237.0,34.488,21.08
97281,487,S3,240.0,34.218,21.08
97282,487,S3,243.0,33.983,21.08
97283,487,S3,246.0,33.901,21.08
97284,487,S3,249.0,33.668,21.08
97285,487,S3,252.0,33.371,21.08
97286,487,S3,255.0,33.302,21.08
97287,487,S3,258.0,33.147,21.08
97288,487,S3,261.0,32.798,21.08
97289,487,S3,264.0,32.734,21.08
97290,487,S3,267.0,32.492,21.08
97291,487,S3,270.0,32.268,21.08
97292,487,S3,273.0,32.133,21.08
97293,487,S3,276.0,31.975,21.08
97294,487,S3,279.0,31.748,21.08
97295,487,S3,282.0,31.559,21.08
97296,487,S3,285.0,31.422,21.08
97297,487,S3,288.0,31.148,21.08
97298,487,S3,291.0,31.024,21.08
97299,487,S3,294.0,30.948,21.08
97300,487,S3,297.0,30.756,21.08
97301,487,S3,300.0,30.574,21.08
97302,487,S3,303.0,30.465,21.08
97303,487,S3,306.0,30.384,21.08
97304,487,S3,309.0,29.998,21.08
97305,487,S3,312.0,29.915,21.08
97306,487,S3,315.0,29.703,21.08
97307,487,S3,318.0,29.636,21.08
97308,487,S3,321.0,29.587,21.08
97309,487,S3,324.0,29.344,21.08
97310,487,S3,327.0,29.228,21.08
97311,487,S3,330.0,29.142,21.08
97312,487,S3,333.0,29.017,21.08
97313,487,S3,336.0,28.910,21.08
97314,487,S3,339.0,28.792,21.08
97315,487,S3,342.0,28.638,21.08
97316,487,S3,345.0,28.543,21.08
97317,487,S3,348.0,28.354,21.08
97318,487,S3,351.0,28.329,21.08
97319,487,S3,354.0,28.105,21.08
97320,487,S3,357.0,28.044,21.08
97321,487,S3,360.0,27.905,21.08
97322,487,S3,363.0,27.877,21.08
97323,487,S3,366.0,27.688,21.08
97324,487,S3,369.0,27.615,21.08
97325,487,S3,372.0,27.512,21.08
97326,487,S3,375.0,27.291,21.08
97327,487,S3,378.0,27.222,21.08
97328,487,S3,381.0,27.169,21.08
97329,487,S3,384.0,27.117,21.08
97330,487,S3,387.0,26.882,21.08
97331,487,S3,390.0,26.882,21.08
97332,487,S3,393.0,26.825,21.08
97333,487,S3,396.0,26.739,21.08
97334,487,S3,399.0,26.623,21.08
97335,487,S3,402.0,26.443,21.08
97336,487,S3,405.0,26.398,21.08
97337,487,S3,408.0,26.264,21.08
97338,487,S3,411.0,26.247,21.08
97339,487,S3,414.0,26.197,21.08
97340,487,S3,417.0,26.059,21.08
97341,487,S3,420.0,25.964,21.08
97342,487,S3,423.0,25.906,21.08
97343,487,S3,426.0,25.775,21.08
97344,487,S3,429.0,25.698,21.08
97345,487,S3,432.0,25.652,21.08
97346,487,S3,435.0,25.644,21.08
97347,487,S3,438.0,25.512,21.08
97348,487,S3,441.0,25.485,21.08
97349,487,S3,444.0,25.416,21.08
97350,487,S3,447.0,25.397,21.08
97351,487,S3,450.0,25.203,21.08
97352,487,S3,453.0,25.231,21.08
97353,487,S3,456.0,25.058,21.08
97354,487,S3,459.0,25.040,21.08
97355,487,S3,462.0,24.918,21.08
97356,487,S3,465.0,24.924,21.08
97357,487,S3,468.0,24.889,21.08
97358,487,S3,471.0,24.828,21.08
97359,487,S3,474.0,24.781,21.08
97360,487,S3,477.0,24.739,21.08
97361,487,S3,480.0,24.570,21.08
97362,487,S3,483.0,24.506,21.08
97363,487,S3,486.0,24.438,21.08
97364,487,S3,489.0,24.492,21.08
97365,487,S3,492.0,24.406,21.08
97366,487,S3,495.0,24.336,21.08
97367,487,S3,498.0,24.313,21.08
97368,487,S3,501.0,24.210,21.08
97369,487,S3,504.0,24.106,21.08
97370,487,S3,507.0,24.084,21.08
97371,487,S3,510.0,24.112,21.08
97372,487,S3,513.0,24.047,21.08
97373,487,S3,516.0,24.045,21.08
97374,487,S3,519.0,24.004,21.08
97375,487,S3,522.0,23.894,21.08
97376,487,S3,525.0,23.801,21.08
97377,487,S3,528.0,23.903,21.08
97378,487,S3,531.0,23.781,21.08
97379,487,S3,534.0,23.710,21.08
97380,487,S3,537.0,23.632,21.08
97381,487,S3,540.0,23.684,21.08
97382,487,S3,543.0,23.601,21.08
97383,487,S3,546.0,23.494,21.08
97384,487,S3,549.0,23.418,21.08
97385,487,S3,552.0,23.423,21.08
97386,487,S3,555.0,23.409,21.08
97387,487,S3,558.0,23.441,21.08
97388,487,S3,561.0,23.363,21.08
97389,487,S3,564.0,23.311,21.08
97390,487,S3,567.0,23.312,21.08
97391,487,S3,570.0,23.298,21.08
97392,487,S3,573.0,23.230,21.08
97393,487,S3,576.0,23.143,21.08
97394,487,S3,579.0,23.143,21.08
97395,487,S3,582.0,23.079,21.08
97396,487,S3,585.0,23.074,21.08
97397,487,S3,588.0,23.120,21.08
97398,487,S3,591.0,22.925,21.08
97399,487,S3,594.0,22.970,21.08
97400,487,S3,597.0,22.904,21.08
97401,488,S4,0.0,78.425,22.00
97402,488,S4,3.0,77.707,22.00
97403,488,S4,6.0,76.789,22.00
97404,488,S4,9.0,75.897,22.00
97405,488,S4,12.0,75.179,22.00
97406,488,S4,15.0,74.474,22.00
97407,488,S4,18.0,73.645,22.00
97408,488,S4,21.0,72.741,22.00
97409,488,S4,24.0,72.136,22.00
97410,488,S4,27.0,71.329,22.00
97411,488,S4,30.0,70.649,22.00
97412,488,S4,33.0,69.908,22.00
97413,488,S4,36.0,69.173,22.00
97414,488,S4,39.0,68.518,22.00
97415,488,S4,42.0,67.823,22.00
97416,488,S4,45.0,67.175,22.00
97417,488,S4,48.0,66.496,22.00
97418,488,S4,51.0,65.664,22.00
97419,488,S4,54.0,65.097,22.00
97420,488,S4,57.0,64.498,22.00
97421,488,S4,60.0,63.785,22.00
97422,488,S4,63.0,63.301,22.00
97423,488,S4,66.0,62.584,22.00
97424,488,S4,69.0,62.075,22.00
97425,488,S4,72.0,61.430,22.00
97426,488,S4,75.0,60.866,22.00
97427,488,S4,78.0,60.165,22.00
97428,488,S4,81.0,59.780,22.00
97429,488,S4,84.0,59.119,22.00
97430,488,S4,87.0,58.625,22.00
97431,488,S4,90.0,58.055,22.00
97432,488,S4,93.0,57.490,22.00
97433,488,S4,96.0,56.951,22.00
97434,488,S4,99.0,56.414,22.00
97435,488,S4,102.0,55.933,22.00
97436,488,S4,105.0,55.369,22.00
97437,488,S4,108.0,54.866,22.00
97438,488,S4,111.0,54.467,22.00
97439,488,S4,114.0,53.949,22.00
97440,488,S4,117.0,53.458,22.00
97441,488,S4,120.0,53.047,22.00
97442,488,S4,123.0,52.597,22.00
97443,488,S4,126.0,52.008,22.00
97444,488,S4,129.0,51.607,22.00
97445,488,S4,132.0,51.151,22.00
97446,488,S4,135.0,50.889,22.00
97447,488,S4,138.0,50.257,22.00
97448,488,S4,141.0,49.884,22.00
97449,488,S4,144.0,49.579,22.00
97450,488,S4,147.0,49.110,22.00
97451,488,S4,150.0,48.761,22.00
97452,488,S4,153.0,48.253,22.00
97453,488,S4,156.0,47.931,22.00
97454,488,S4,159.0,47.533,22.00
97455,488,S4,162.0,47.141,22.00
97456,488,S4,165.0,46.761,22.00
97457,488,S4,168.0,46.365,22.00
97458,488,S4,171.0,45.995,22.00
97459,488,S4,174.0,45.802,22.00
97460,488,S4,177.0,45.267,22.00
97461,488,S4,180.0,44.938,22.00
97462,488,S4,183.0,44.639,22.00
97463,488,S4,186.0,44.277,22.00
97464,488,S4,189.0,43.987,22.00
97465,488,S4,192.0,43.647,22.00
97466,488,S4,195.0,43.286,22.00
97467,488,S4,198.0,43.031,22.00
97468,488,S4,201.0,42.729,22.00
97469,488,S4,204.0,42.404,22.00
97470,488,S4,207.0,42.105,22.00
97471,488,S4,210.0,41.722,22.00
97472,488,S4,213.0,41.481,22.00
97473,488,S4,216.0,41.234,22.00
97474,488,S4,219.0,40.925,22.00
97475,488,S4,222.0,40.627,22.00
97476,488,S4,225.0,40.426,22.00
97477,488,S4,228.0,40.069,22.00
97478,488,S4,231.0,39.850,22.00
97479,488,S4,234.0,39.569,22.00
97480,488,S4,237.0,39.214,22.00
97481,488,S4,240.0,38.975,22.00
97482,488,S4,243.0,38.840,22.00
97483,488,S4,246.0,38.648,22.00
97484,488,S4,249.0,38.200,22.00
97485,488,S4,252.0,38.112,22.00
97486,488,S4,255.0,37.737,22.00
97487,488,S4,258.0,37.545,22.00
97488,488,S4,261.0,37.335,22.00
97489,488,S4,264.0,37.073,22.00
97490,488,S4,267.0,36.920,22.00
97491,488,S4,270.0,36.663,22.00
97492,488,S4,273.0,36.348,22.00
97493,488,S4,276.0,36.220,22.00
97494,488,S4,279.0,35.977,22.00
97495,488,S4,282.0,35.819,22.00
97496,488,S4,285.0,35.551,22.00
97497,488,S4,288.0,35.306,22.00
97498,488,S4,291.0,35.146,22.00
97499,488,S4,294.0,35.052,22.00
97500,488,S4,297.0,34.769,22.00
97501,488,S4,300.0,34.673,22.00
97502,488,S4,303.0,34.402,22.00
97503,488,S4,306.0,34.309,22.00
97504,488,S4,309.0,34.040,22.00
97505,488,S4,312.0,33.863,22.00
97506,488,S4,315.0,33.652,22.00
97507,488,S4,318.0,33.551,22.00
97508,488,S4,321.0,33.342,22.00
97509,488,S4,324.0,33.210,22.00
97510,488,S4,327.0,33.017,22.00
97511,488,S4,330.0,32.797,22.00
97512,488,S4,333.0,32.722,22.00
97513,488,S4,336.0,32.506,22.00
97514,488,S4,339.0,32.464,22.00
97515,488,S4,342.0,32.240,22.00
97516,488,S4,345.0,32.113,22.00
97517,488,S4,348.0,31.942,22.00
97518,488,S4,351.0,31.838,22.00
97519,488,S4,354.0,31.585,22.00
97520,488,S4,357.0,31.494,22.00
97521,488,S4,360.0,31.300,22.00
97522,488,S4,363.0,31.246,22.00
97523,488,S4,366.0,31.089,22.00
97524,488,S4,369.0,31.033,22.00
97525,488,S4,372.0,30.763,22.00
97526,488,S4,375.0,30.660,22.00
97527,488,S4,378.0,30.449,22.00
97528,488,S4,381.0,30.457,22.00
97529,488,S4,384.0,30.290,22.00
97530,488,S4,387.0,30.098,22.00
97531,488,S4,390.0,30.086,22.00
97532,488,S4,393.0,29.878,22.00
97533,488,S4,396.0,29.734,22.00
97534,488,S4,399.0,29.709,22.00
97535,488,S4,402.0,29.590,22.00
97536,488,S4,405.0,29.437,22.00
97537,488,S4,408.0,29.334,22.00
97538,488,S4,411.0,29.268,22.00
97539,488,S4,414.0,29.118,22.00
97540,488,S4,417.0,28.954,22.00
97541,488,S4,420.0,28.983,22.00
97542,488,S4,423.0,28.863,22.00
97543,488,S4,426.0,28.752,22.00
97544,488,S4,429.0,28.547,22.00
97545,488,S4,432.0,28.478,22.00
97546,488,S4,435.0,28.334,22.00
97547,488,S4,438.0,28.232,22.00
97548,488,S4,441.0,28.238,22.00
97549,488,S4,444.0,28.111,22.00
97550,488,S4,447.0,28.050,22.00
97551,488,S4,450.0,28.046,22.00
97552,488,S4,453.0,27.894,22.00
97553,488,S4,456.0,27.775,22.00
97554,488,S4,459.0,27.749,22.00
97555,488,S4,462.0,27.650,22.00
97556,488,S4,465.0,27.583,22.00
97557,488,S4,468.0,27.416,22.00
97558,488,S4,471.0,27.406,22.00
97559,488,S4,474.0,27.341,22.00
97560,488,S4,477.0,27.273,22.00
97561,488,S4,480.0,27.242,22.00
97562,488,S4,483.0,26.958,22.00
97563,488,S4,486.0,26.992,22.00
97564,488,S4,489.0,26.893,22.00
97565,488,S4,492.0,26.880,22.00
97566,488,S4,495.0,26.803,22.00
97567,488,S4,498.0,26.610,22.00
97568,488,S4,501.0,26.614,22.00
97569,488,S4,504.0,26.530,22.00
97570,488,S4,507.0,26.527,22.00
97571,488,S4,510.0,26.433,22.00
97572,488,S4,513.0,26.316,22.00
97573,488,S4,516.0,26.278,22.00
97574,488,S4,519.0,26.281,22.00
97575,488,S4,522.0,26.159,22.00
97576,488,S4,525.0,26.125,22.00
97577,488,S4,528.0,26.046,22.00
97578,488,S4,531.0,25.954,22.00
97579,488,S4,534.0,25.856,22.00
97580,488,S4,537.0,25.779,22.00
97581,488,S4,540.0,25.821,22.00
97582,488,S4,543.0,25.740,22.00
97583,488,S4,546.0,25.678,22.00
97584,488,S4,549.0,25.604,22.00
97585,488,S4,552.0,25.663,22.00
97586,488,S4,555.0,25.505,22.00
97587,488,S4,558.0,25.472,22.00
97588,488,S4,561.0,25.534,22.00
97589,488,S4,564.0,25.418,22.00
97590,488,S4,567.0,25.383,22.00
97591,488,S4,570.0,25.285,22.00
97592,488,S4,573.0,25.164,22.00
97593,488,S4,576.0,25.054,22.00
97594,488,S4,579.0,25.040,22.00
97595,488,S4,582.0,25.170,22.00
97596,488,S4,585.0,25.068,22.00
97597,488,S4,588.0,24.982,22.00
97598,488,S4,591.0,24.892,22.00
97599,488,S4,594.0,24.933,22.00
97600,488,S4,597.0,24.861,22.00
97601,489,S1,0.0,72.151,22.98
97602,489,S1,3.0,71.310,22.98
97603,489,S1,6.0,70.484,22.98
97604,489,S1,9.0,69.558,22.98
97605,489,S1,12.0,68.814,22.98
97606,489,S1,15.0,68.138,22.98
97607,489,S1,18.0,67.183,22.98
97608,489,S1,21.0,66.509,22.98
97609,489,S1,24.0,65.763,22.98
97610,489,S1,27.0,64.954,22.98
97611,489,S1,30.0,64.258,22.98
97612,489,S1,33.0,63.572,22.98
97613,489,S1,36.0,62.723,22.98
97614,489,S1,39.0,62.151,22.98
97615,489,S1,42.0,61.392,22.98
97616,489,S1,45.0,60.740,22.98
97617,489,S1,48.0,60.140,22.98
97618,489,S1,51.0,59.587,22.98
97619,489,S1,54.0,58.860,22.98
97620,489,S1,57.0,58.178,22.98
97621,489,S1,60.0,57.672,22.98
97622,489,S1,63.0,57.012,22.98
97623,489,S1,66.0,56.403,22.98
97624,489,S1,69.0,55.894,22.98
97625,489,S1,72.0,55.332,22.98
97626,489,S1,75.0,54.645,22.98
97627,489,S1,78.0,54.200,22.98
97628,489,S1,81.0,53.663,22.98
97629,489,S1,84.0,53.127,22.98
97630,489,S1,87.0,52.554,22.98
97631,489,S1,90.0,52.090,22.98
97632,489,S1,93.0,51.561,22.98
97633,489,S1,96.0,50.980,22.98
97634,489,S1,99.0,50.586,22.98
97635,489,S1,102.0,50.002,22.98
97636,489,S1,105.0,49.769,22.98
97637,489,S1,108.0,49.124,22.98
97638,489,S1,111.0,48.763,22.98
97639,489,S1,114.0,48.304,22.98
97640,489,S1,117.0,47.843,22.98
97641,489,S1,120.0,47.418,22.98
97642,489,S1,123.0,46.983,22.98
97643,489,S1,126.0,46.514,22.98
97644,489,S1,129.0,46.203,22.98
97645,489,S1,132.0,45.782,22.98
97646,489,S1,135.0,45.344,22.98
97647,489,S1,138.0,44.855,22.98
97648,489,S1,141.0,44.603,22.98
97649,489,S1,144.0,44.134,22.98
97650,489,S1,147.0,43.900,22.98
97651,489,S1,150.0,43.498,22.98
97652,489,S1,153.0,43.134,22.98
97653,489,S1,156.0,42.714,22.98
97654,489,S1,159.0,42.438,22.98
97655,489,S1,162.0,42.009,22.98
97656,489,S1,165.0,41.752,22.98
97657,489,S1,168.0,41.416,22.98
97658,489,S1,171.0,41.128,22.98
97659,489,S1,174.0,40.820,22.98
97660,489,S1,177.0,40.412,22.98
97661,489,S1,180.0,40.147,22.98
97662,489,S1,183.0,39.784,22.98
97663,489,S1,186.0,39.608,22.98
97664,489,S1,189.0,39.284,22.98
97665,489,S1,192.0,38.996,22.98
97666,489,S1,195.0,38.716,22.98
97667,489,S1,198.0,38.470,22.98
97668,489,S1,201.0,38.131,22.98
97669,489,S1,204.0,37.986,22.98
97670,489,S1,207.0,37.678,22.98
97671,489,S1,210.0,37.376,22.98
97672,489,S1,213.0,37.215,22.98
97673,489,S1,216.0,36.931,22.98
97674,489,S1,219.0,36.600,22.98
97675,489,S1,222.0,36.426,22.98
97676,489,S1,225.0,36.234,22.98
97677,489,S1,228.0,35.899,22.98
97678,489,S1,231.0,35.748,22.98
97679,489,S1,234.0,35.509,22.98
97680,489,S1,237.0,35.259,22.98
97681,489,S1,240.0,35.171,22.98
97682,489,S1,243.0,34.813,22.98
97683,489,S1,246.0,34.693,22.98
97684,489,S1,249.0,34.514,22.98
97685,489,S1,252.0,34.381,22.98
97686,489,S1,255.0,34.104,22.98
97687,489,S1,258.0,34.003,22.98
97688,489,S1,261.0,33.660,22.98
97689,489,S1,264.0,33.535,22.98
97690,489,S1,267.0,33.325,22.98
97691,489,S1,270.0,33.223,22.98
97692,489,S1,273.0,33.013,22.98
97693,489,S1,276.0,32.790,22.98
97694,489,S1,279.0,32.558,22.98
97695,489,S1,282.0,32.538,22.98
97696,489,S1,285.0,32.228,22.98
97697,489,S1,288.0,32.114,22.98
97698,489,S1,291.0,31.938,22.98
97699,489,S1,294.0,31.710,22.98
97700,489,S1,297.0,31.677,22.98
97701,489,S1,300.0,31.528,22.98
97702,489,S1,303.0,31.329,22.98
97703,489,S1,306.0,31.225,22.98
97704,489,S1,309.0,31.167,22.98
97705,489,S1,312.0,30.824,22.98
97706,489,S1,315.0,30.826,22.98
97707,489,S1,318.0,30.695,22.98
97708,489,S1,321.0,30.503,22.98
97709,489,S1,324.0,30.331,22.98
97710,489,S1,327.0,30.267,22.98
97711,489,S1,330.0,30.094,22.98
97712,489,S1,333.0,30.007,22.98
97713,489,S1,336.0,29.846,22.98
97714,489,S1,339.0,29.822,22.98
97715,489,S1,342.0,29.651,22.98
97716,489,S1,345.0,29.481,22.98
97717,489,S1,348.0,29.423,22.98
97718,489,S1,351.0,29.255,22.98
97719,489,S1,354.0,29.125,22.98
97720,489,S1,357.0,29.085,22.98
97721,489,S1,360.0,28.983,22.98
97722,489,S1,363.0,28.848,22.98
97723,489,S1,366.0,28.811,22.98
97724,489,S1,369.0,28.738,22.98
97725,489,S1,372.0,28.603,22.98
97726,489,S1,375.0,28.508,22.98
97727,489,S1,378.0,28.425,22.98
97728,489,S1,381.0,28.313,22.98
97729,489,S1,384.0,28.212,22.98
97730,489,S1,387.0,28.101,22.98
97731,489,S1,390.0,28.003,22.98
97732,489,S1,393.0,27.897,22.98
97733,489,S1,396.0,27.819,22.98
97734,489,S1,399.0,27.789,22.98
97735,489,S1,402.0,27.656,22.98
97736,489,S1,405.0,27.591,22.98
97737,489,S1,408.0,27.502,22.98
97738,489,S1,411.0,27.340,22.98
97739,489,S1,414.0,27.364,22.98
97740,489,S1,417.0,27.341,22.98
97741,489,S1,420.0,27.208,22.98
97742,489,S1,423.0,27.183,22.98
97743,489,S1,426.0,27.001,22.98
97744,489,S1,429.0,26.949,22.98
97745,489,S1,432.0,26.964,22.98
97746,489,S1,435.0,26.749,22.98
97747,489,S1,438.0,26.782,22.98
97748,489,S1,441.0,26.735,22.98
97749,489,S1,444.0,26.720,22.98
97750,489,S1,447.0,26.560,22.98
97751,489,S1,450.0,26.547,22.98
97752,489,S1,453.0,26.496,22.98
97753,489,S1,456.0,26.462,22.98
97754,489,S1,459.0,26.427,22.98
97755,489,S1,462.0,26.242,22.98
97756,489,S1,465.0,26.304,22.98
97757,489,S1,468.0,26.170,22.98
97758,489,S1,471.0,26.154,22.98
97759,489,S1,474.0,26.061,22.98
97760,489,S1,477.0,26.068,22.98
97761,489,S1,480.0,25.901,22.98
97762,489,S1,483.0,25.937,22.98
97763,489,S1,486.0,25.904,22.98
97764,489,S1,489.0,25.852,22.98
97765,489,S1,492.0,25.702,22.98
97766,489,S1,495.0,25.803,22.98
97767,489,S1,498.0,25.653,22.98
97768,489,S1,501.0,25.593,22.98
97769,489,S1,504.0,25.542,22.98
97770,489,S1,507.0,25.600,22.98
97771,489,S1,510.0,25.462,22.98
97772,489,S1,513.0,25.424,22.98
97773,489,S1,516.0,25.419,22.98
97774,489,S1,519.0,25.386,22.98
97775,489,S1,522.0,25.307,22.98
97776,489,S1,525.0,25.407,22.98
97777,489,S1,528.0,25.277,22.98
97778,489,S1,531.0,25.209,22.98
97779,489,S1,534.0,25.197,22.98
97780,489,S1,537.0,25.157,22.98
97781,489,S1,540.0,25.043,22.98
97782,489,S1,543.0,25.017,22.98
97783,489,S1,546.0,25.028,22.98
97784,489,S1,549.0,24.915,22.98
97785,489,S1,552.0,24.988,22.98
97786,489,S1,555.0,24.871,22.98
97787,489,S1,558.0,24.758,22.98
97788,489,S1,561.0,24.843,22.98
97789,489,S1,564.0,24.805,22.98
97790,489,S1,567.0,24.812,22.98
97791,489,S1,570.0,24.723,22.98
97792,489,S1,573.0,24.721,22.98
97793,489,S1,576.0,24.701,22.98
97794,489,S1,579.0,24.670,22.98
97795,489,S1,582.0,24.634,22.98
97796,489,S1,585.0,24.577,22.98
97797,489,S1,588.0,24.662,22.98
97798,489,S1,591.0,24.470,22.98
97799,489,S1,594.0,24.603,22.98
97800,489,S1,597.0,24.438,22.98
97801,490,S2,0.0,94.115,20.62
97802,490,S2,3.0,93.045,20.62
97803,490,S2,6.0,92.008,20.62
97804,490,S2,9.0,91.068,20.62
97805,490,S2,12.0,90.089,20.62
97806,490,S2,15.0,89.221,20.62
97807,490,S2,18.0,88.241,20.62
97808,490,S2,21.0,87.296,20.62
97809,490,S2,24.0,86.438,20.62
97810,490,S2,27.0,85.468,20.62
97811,490,S2,30.0,84.572,20.62
97812,490,S2,33.0,83.824,20.62
97813,490,S2,36.0,83.000,20.62
97814,490,S2,39.0,81.992,20.62
97815,490,S2,42.0,81.150,20.62
97816,490,S2,45.0,80.252,20.62
97817,490,S2,48.0,79.484,20.62
97818,490,S2,51.0,78.825,20.62
97819,490,S2,54.0,77.953,20.62
97820,490,S2,57.0,77.249,20.62
97821,490,S2,60.0,76.398,20.62
97822,490,S2,63.0,75.685,20.62
97823,490,S2,66.0,74.809,20.62
97824,490,S2,69.0,74.208,20.62
97825,490,S2,72.0,73.447,20.62
97826,490,S2,75.0,72.760,20.62
97827,490,S2,78.0,71.949,20.62
97828,490,S2,81.0,71.248,20.62
97829,490,S2,84.0,70.557,20.62
97830,490,S2,87.0,69.887,20.62
97831,490,S2,90.0,69.237,20.62
97832,490,S2,93.0,68.557,20.62
97833,490,S2,96.0,67.911,20.62
97834,490,S2,99.0,67.273,20.62
97835,490,S2,102.0,66.540,20.62
97836,490,S2,105.0,65.936,20.62
97837,490,S2,108.0,65.404,20.62
97838,490,S2,111.0,64.799,20.62
97839,490,S2,114.0,64.069,20.62
97840,490,S2,117.0,63.595,20.62
97841,490,S2,120.0,62.948,20.62
97842,490,S2,123.0,62.363,20.62
97843,490,S2,126.0,61.854,20.62
97844,490,S2,129.0,61.301,20.62
97845,490,S2,132.0,60.715,20.62
97846,490,S2,135.0,60.108,20.62
97847,490,S2,138.0,59.571,20.62
97848,490,S2,141.0,59.085,20.62
97849,490,S2,144.0,58.540,20.62
97850,490,S2,147.0,58.009,20.62
97851,490,S2,150.0,57.531,20.62
97852,490,S2,153.0,57.123,20.62
97853,490,S2,156.0,56.455,20.62
97854,490,S2,159.0,55.976,20.62
97855,490,S2,162.0,55.559,20.62
97856,490,S2,165.0,55.130,20.62
97857,490,S2,168.0,54.678,20.62
97858,490,S2,171.0,54.165,20.62
97859,490,S2,174.0,53.655,20.62
97860,490,S2,177.0,53.280,20.62
97861,490,S2,180.0,52.771,20.62
97862,490,S2,183.0,52.292,20.62
97863,490,S2,186.0,51.929,20.62
97864,490,S2,189.0,51.542,20.62
97865,490,S2,192.0,51.059,20.62
97866,490,S2,195.0,50.605,20.62
97867,490,S2,198.0,50.230,20.62
97868,490,S2,201.0,49.933,20.62
97869,490,S2,204.0,49.450,20.62
97870,490,S2,207.0,49.059,20.62
97871,490,S2,210.0,48.639,20.62
97872,490,S2,213.0,48.268,20.62
97873,490,S2,216.0,47.824,20.62
97874,490,S2,219.0,47.448,20.62
97875,490,S2,222.0,47.042,20.62
97876,490,S2,225.0,46.753,20.62
97877,490,S2,228.0,46.447,20.62
97878,490,S2,231.0,46.027,20.62
97879,490,S2,234.0,45.645,20.62
97880,490,S2,237.0,45.377,20.62
97881,490,S2,240.0,45.065,20.62
97882,490,S2,243.0,44.745,20.62
97883,490,S2,246.0,44.341,20.62
97884,490,S2,249.0,43.961,20.62
97885,490,S2,252.0,43.617,20.62
97886,490,S2,255.0,43.371,20.62
97887,490,S2,258.0,43.114,20.62
97888,490,S2,261.0,42.801,20.62
97889,490,S2,264.0,42.451,20.62
97890,490,S2,267.0,42.190,20.62
97891,490,S2,270.0,41.880,20.62
97892,490,S2,273.0,41.631,20.62
97893,490,S2,276.0,41.330,20.62
97894,490,S2,279.0,40.985,20.62
97895,490,S2,282.0,40.742,20.62
97896,490,S2,285.0,40.390,20.62
97897,490,S2,288.0,40.189,20.62
97898,490,S2,291.0,39.780,20.62
97899,490,S2,294.0,39.625,20.62
97900,490,S2,297.0,39.463,20.62
97901,490,S2,300.0,39.086,20.62
97902,490,S2,303.0,38.853,20.62
97903,490,S2,306.0,38.646,20.62
97904,490,S2,309.0,38.458,20.62
97905,490,S2,312.0,38.067,20.62
97906,490,S2,315.0,37.966,20.62
97907,490,S2,318.0,37.713,20.62
97908,490,S2,321.0,37.505,20.62
97909,490,S2,324.0,37.312,20.62
97910,490,S2,327.0,37.089,20.62
97911,490,S2,330.0,36.789,20.62
97912,490,S2,333.0,36.483,20.62
97913,490,S2,336.0,36.341,20.62
97914,490,S2,339.0,36.144,20.62
97915,490,S2,342.0,35.901,20.62
97916,490,S2,345.0,35.717,20.62
97917,490,S2,348.0,35.474,20.62
97918,490,S2,351.0,35.279,20.62
97919,490,S2,354.0,35.098,20.62
97920,490,S2,357.0,34.936,20.62
97921,490,S2,360.0,34.606,20.62
97922,490,S2,363.0,34.459,20.62
97923,490,S2,366.0,34.357,20.62
97924,490,S2,369.0,34.162,20.62
97925,490,S2,372.0,33.951,20.62
97926,490,S2,375.0,33.777,20.62
97927,490,S2,378.0,33.548,20.62
97928,490,S2,381.0,33.343,20.62
97929,490,S2,384.0,33.258,20.62
97930,490,S2,387.0,33.071,20.62
97931,490,S2,390.0,32.834,20.62
97932,490,S2,393.0,32.665,20.62
97933,490,S2,396.0,32.653,20.62
97934,490,S2,399.0,32.409,20.62
97935,490,S2,402.0,32.336,20.62
97936,490,S2,405.0,32.022,20.62
97937,490,S2,408.0,31.865,20.62
97938,490,S2,411.0,31.752,20.62
97939,490,S2,414.0,31.592,20.62
97940,490,S2,417.0,31.477,20.62
97941,490,S2,420.0,31.294,20.62
97942,490,S2,423.0,31.097,20.62
97943,490,S2,426.0,31.016,20.62
97944,490,S2,429.0,30.880,20.62
97945,490,S2,432.0,30.797,20.62
97946,490,S2,435.0,30.629,20.62
97947,490,S2,438.0,30.364,20.62
97948,490,S2,441.0,30.371,20.62
97949,490,S2,444.0,30.246,20.62
97950,490,S2,447.0,30.040,20.62
97951,490,S2,450.0,29.899,20.62
97952,490,S2,453.0,29.806,20.62
97953,490,S2,456.0,29.653,20.62
97954,490,S2,459.0,29.463,20.62
97955,490,S2,462.0,29.504,20.62
97956,490,S2,465.0,29.247,20.62
97957,490,S2,468.0,29.206,20.62
97958,490,S2,471.0,29.052,20.62
97959,490,S2,474.0,28.909,20.62
97960,490,S2,477.0,28.857,20.62
97961,490,S2,480.0,28.688,20.62
97962,490,S2,483.0,28.678,20.62
97963,490,S2,486.0,28.475,20.62
97964,490,S2,489.0,28.461,20.62
97965,490,S2,492.0,28.346,20.62
97966,490,S2,495.0,28.131,20.62
97967,490,S2,498.0,28.119,20.62
97968,490,S2,501.0,27.973,20.62
97969,490,S2,504.0,27.792,20.62
97970,490,S2,507.0,27.733,20.62
97971,490,S2,510.0,27.628,20.62
97972,490,S2,513.0,27.604,20.62
97973,490,S2,516.0,27.574,20.62
97974,490,S2,519.0,27.270,20.62
97975,490,S2,522.0,27.291,20.62
97976,490,S2,525.0,27.234,20.62
97977,490,S2,528.0,27.072,20.62
97978,490,S2,531.0,27.044,20.62
97979,490,S2,534.0,26.961,20.62
97980,490,S2,537.0,26.897,20.62
97981,490,S2,540.0,26.834,20.62
97982,490,S2,543.0,26.665,20.62
97983,490,S2,546.0,26.635,20.62
97984,490,S2,549.0,26.462,20.62
97985,490,S2,552.0,26.392,20.62
97986,490,S2,555.0,26.375,20.62
97987,490,S2,558.0,26.301,20.62
97988,490,S2,561.0,26.193,20.62
97989,490,S2,564.0,26.157,20.62
97990,490,S2,567.0,26.096,20.62
97991,490,S2,570.0,26.003,20.62
97992,490,S2,573.0,25.946,20.62
97993,490,S2,576.0,25.834,20.62
97994,490,S2,579.0,25.811,20.62
97995,490,S2,582.0,25.727,20.62
97996,490,S2,585.0,25.632,20.62
97997,490,S2,588.0,25.433,20.62
97998,490,S2,591.0,25.514,20.62
97999,490,S2,594.0,25.393,20.62
98000,490,S2,597.0,25.329,20.62
98001,491,S3,0.0,85.007,20.88
98002,491,S3,3.0,83.638,20.88
98003,491,S3,6.0,82.125,20.88
98004,491,S3,9.0,80.769,20.88
98005,491,S3,12.0,79.282,20.88
98006,491,S3,15.0,77.911,20.88
98007,491,S3,18.0,76.679,20.88
98008,491,S3,21.0,75.232,20.88
98009,491,S3,24.0,73.996,20.88
98010,491,S3,27.0,72.792,20.88
98011,491,S3,30.0,71.509,20.88
98012,491,S3,33.0,70.451,20.88
98013,491,S3,36.0,69.271,20.88
98014,491,S3,39.0,68.181,20.88
98015,491,S3,42.0,67.034,20.88
98016,491,S3,45.0,65.893,20.88
98017,491,S3,48.0,64.913,20.88
98018,491,S3,51.0,63.833,20.88
98019,491,S3,54.0,62.889,20.88
98020,491,S3,57.0,61.863,20.88
98021,491,S3,60.0,60.848,20.88
98022,491,S3,63.0,60.016,20.88
98023,491,S3,66.0,59.121,20.88
98024,491,S3,69.0,58.134,20.88
98025,491,S3,72.0,57.337,20.88
98026,491,S3,75.0,56.428,20.88
98027,491,S3,78.0,55.571,20.88
98028,491,S3,81.0,54.812,20.88
98029,491,S3,84.0,53.982,20.88
98030,491,S3,87.0,53.234,20.88
98031,491,S3,90.0,52.539,20.88
98032,491,S3,93.0,51.748,20.88
98033,491,S3,96.0,51.066,20.88
98034,491,S3,99.0,50.372,20.88
98035,491,S3,102.0,49.728,20.88
98036,491,S3,105.0,48.971,20.88
98037,491,S3,108.0,48.355,20.88
98038,491,S3,111.0,47.651,20.88
98039,491,S3,114.0,46.997,20.88
98040,491,S3,117.0,46.388,20.88
98041,491,S3,120.0,45.798,20.88
98042,491,S3,123.0,45.187,20.88
98043,491,S3,126.0,44.687,20.88
98044,491,S3,129.0,44.079,20.88
98045,491,S3,132.0,43.624,20.88
98046,491,S3,135.0,42.970,20.88
98047,491,S3,138.0,42.523,20.88
98048,491,S3,141.0,41.961,20.88
98049,491,S3,144.0,41.535,20.88
98050,491,S3,147.0,41.087,20.88
98051,491,S3,150.0,40.522,20.88
98052,491,S3,153.0,40.142,20.88
98053,491,S3,156.0,39.604,20.88
98054,491,S3,159.0,39.216,20.88
98055,491,S3,162.0,38.696,20.88
98056,491,S3,165.0,38.383,20.88
98057,491,S3,168.0,37.989,20.88
98058,491,S3,171.0,37.565,20.88
98059,491,S3,174.0,37.070,20.88
98060,491,S3,177.0,36.828,20.88
98061,491,S3,180.0,36.409,20.88
98062,491,S3,183.0,36.023,20.88
98063,491,S3,186.0,35.704,20.88
98064,491,S3,189.0,35.410,20.88
98065,491,S3,192.0,34.996,20.88
98066,491,S3,195.0,34.672,20.88
98067,491,S3,198.0,34.378,20.88
98068,491,S3,201.0,34.066,20.88
98069,491,S3,204.0,33.832,20.88
98070,491,S3,207.0,33.428,20.88
98071,491,S3,210.0,33.223,20.88
98072,491,S3,213.0,32.829,20.88
98073,491,S3,216.0,32.628,20.88
98074,491,S3,219.0,32.361,20.88
98075,491,S3,222.0,31.993,20.88
98076,491,S3,225.0,31.796,20.88
98077,491,S3,228.0,31.525,20.88
98078,491,S3,231.0,31.279,20.88
98079,491,S3,234.0,31.011,20.88
98080,491,S3,237.0,30.819,20.88
98081,491,S3,240.0,30.576,20.88
98082,491,S3,243.0,30.351,20.88
98083,491,S3,246.0,30.066,20.88
98084,491,S3,249.0,29.874,20.88
98085,491,S3,252.0,29.682,20.88
98086,491,S3,255.0,29.503,20.88
98087,491,S3,258.0,29.333,20.88
98088,491,S3,261.0,29.155,20.88
98089,491,S3,264.0,28.956,20.88
98090,491,S3,267.0,28.645,20.88
98091,491,S3,270.0,28.599,20.88
98092,491,S3,273.0,28.415,20.88
98093,491,S3,276.0,28.314,20.88
98094,491,S3,279.0,28.032,20.88
98095,491,S3,282.0,27.852,20.88
98096,491,S3,285.0,27.753,20.88
98097,491,S3,288.0,27.486,20.88
98098,491,S3,291.0,27.412,20.88
98099,491,S3,294.0,27.235,20.88
98100,491,S3,297.0,26.968,20.88
98101,491,S3,300.0,26.966,20.88
98102,491,S3,303.0,26.732,20.88
98103,491,S3,306.0,26.647,20.88
98104,491,S3,309.0,26.511,20.88
98105,491,S3,312.0,26.302,20.88
98106,491,S3,315.0,26.320,20.88
98107,491,S3,318.0,26.142,20.88
98108,491,S3,321.0,26.065,20.88
98109,491,S3,324.0,25.789,20.88
98110,491,S3,327.0,25.789,20.88
98111,491,S3,330.0,25.610,20.88
98112,491,S3,333.0,25.533,20.88
98113,491,S3,336.0,25.511,20.88
98114,491,S3,339.0,25.367,20.88
98115,491,S3,342.0,25.222,20.88
98116,491,S3,345.0,25.078,20.88
98117,491,S3,348.0,25.043,20.88
98118,491,S3,351.0,24.867,20.88
98119,491,S3,354.0,24.791,20.88
98120,491,S3,357.0,24.750,20.88
98121,491,S3,360.0,24.699,20.88
98122,491,S3,363.0,24.476,20.88
98123,491,S3,366.0,24.391,20.88
98124,491,S3,369.0,24.343,20.88
98125,491,S3,372.0,24.266,20.88
98126,491,S3,375.0,24.279,20.88
98127,491,S3,378.0,24.059,20.88
98128,491,S3,381.0,24.019,20.88
98129,491,S3,384.0,23.965,20.88
98130,491,S3,387.0,23.885,20.88
98131,491,S3,390.0,23.821,20.88
98132,491,S3,393.0,23.840,20.88
98133,491,S3,396.0,23.743,20.88
98134,491,S3,399.0,23.555,20.88
98135,491,S3,402.0,23.676,20.88
98136,491,S3,405.0,23.534,20.88
98137,491,S3,408.0,23.561,20.88
98138,491,S3,411.0,23.445,20.88
98139,491,S3,414.0,23.337,20.88
98140,491,S3,417.0,23.306,20.88
98141,491,S3,420.0,23.187,20.88
98142,491,S3,423.0,23.170,20.88
98143,491,S3,426.0,23.122,20.88
98144,491,S3,429.0,23.125,20.88
98145,491,S3,432.0,23.070,20.88
98146,491,S3,435.0,22.971,20.88
98147,491,S3,438.0,22.932,20.88
98148,491,S3,441.0,22.848,20.88
98149,491,S3,444.0,22.880,20.88
98150,491,S3,447.0,22.802,20.88
98151,491,S3,450.0,22.743,20.88
98152,491,S3,453.0,22.645,20.88
98153,491,S3,456.0,22.594,20.88
98154,491,S3,459.0,22.628,20.88
98155,491,S3,462.0,22.623,20.88
98156,491,S3,465.0,22.573,20.88
98157,491,S3,468.0,22.494,20.88
98158,491,S3,471.0,22.402,20.88
98159,491,S3,474.0,22.469,20.88
98160,491,S3,477.0,22.361,20.88
98161,491,S3,480.0,22.288,20.88
98162,491,S3,483.0,22.280,20.88
98163,491,S3,486.0,22.263,20.88
98164,491,S3,489.0,22.252,20.88
98165,491,S3,492.0,22.309,20.88
98166,491,S3,495.0,22.250,20.88
98167,491,S3,498.0,22.178,20.88
98168,491,S3,501.0,22.000,20.88
98169,491,S3,504.0,22.132,20.88
98170,491,S3,507.0,22.103,20.88
98171,491,S3,510.0,22.060,20.88
98172,491,S3,513.0,21.971,20.88
98173,491,S3,516.0,22.089,20.88
98174,491,S3,519.0,22.024,20.88
98175,491,S3,522.0,21.851,20.88
98176,491,S3,525.0,21.878,20.88
98177,491,S3,528.0,21.872,20.88
98178,491,S3,531.0,21.853,20.88
98179,491,S3,534.0,21.808,20.88
98180,491,S3,537.0,21.764,20.88
98181,491,S3,540.0,21.784,20.88
98182,491,S3,543.0,21.760,20.88
98183,491,S3,546.0,21.755,20.88
98184,491,S3,549.0,21.763,20.88
98185,491,S3,552.0,21.681,20.88
98186,491,S3,555.0,21.630,20.88
98187,491,S3,558.0,21.688,20.88
98188,491,S3,561.0,21.543,20.88
98189,491,S3,564.0,21.637,20.88
98190,491,S3,567.0,21.712,20.88
98191,491,S3,570.0,21.591,20.88
98192,491,S3,573.0,21.543,20.88
98193,491,S3,576.0,21.623,20.88
98194,491,S3,579.0,21.483,20.88
98195,491,S3,582.0,21.534,20.88
98196,491,S3,585.0,21.566,20.88
98197,491,S3,588.0,21.481,20.88
98198,491,S3,591.0,21.457,20.88
98199,491,S3,594.0,21.416,20.88
98200,491,S3,597.0,21.475,20.88
98201,492,S4,0.0,84.021,20.70
98202,492,S4,3.0,82.948,20.70
98203,492,S4,6.0,82.065,20.70
98204,492,S4,9.0,81.018,20.70
98205,492,S4,12.0,80.273,20.70
98206,492,S4,15.0,79.306,20.70
98207,492,S4,18.0,78.435,20.70
98208,492,S4,21.0,77.574,20.70
98209,492,S4,24.0,76.647,20.70
98210,492,S4,27.0,75.871,20.70
98211,492,S4,30.0,75.087,20.70
98212,492,S4,33.0,74.272,20.70
98213,492,S4,36.0,73.401,20.70
98214,492,S4,39.0,72.655,20.70
98215,492,S4,42.0,71.759,20.70
98216,492,S4,45.0,71.039,20.70
98217,492,S4,48.0,70.438,20.70
98218,492,S4,51.0,69.631,20.70
98219,492,S4,54.0,68.785,20.70
98220,492,S4,57.0,68.098,20.70
98221,492,S4,60.0,67.318,20.70
98222,492,S4,63.0,66.739,20.70
98223,492,S4,66.0,66.015,20.70
98224,492,S4,69.0,65.346,20.70
98225,492,S4,72.0,64.670,20.70
98226,492,S4,75.0,63.967,20.70
98227,492,S4,78.0,63.335,20.70
98228,492,S4,81.0,62.712,20.70
98229,492,S4,84.0,62.091,20.70
98230,492,S4,87.0,61.427,20.70
98231,492,S4,90.0,60.855,20.70
98232,492,S4,93.0,60.242,20.70
98233,492,S4,96.0,59.741,20.70
98234,492,S4,99.0,59.060,20.70
98235,492,S4,102.0,58.430,20.70
98236,492,S4,105.0,57.964,20.70
98237,492,S4,108.0,57.350,20.70
98238,492,S4,111.0,56.798,20.70
98239,492,S4,114.0,56.281,20.70
98240,492,S4,117.0,55.660,20.70
98241,492,S4,120.0,55.205,20.70
98242,492,S4,123.0,54.686,20.70
98243,492,S4,126.0,54.314,20.70
98244,492,S4,129.0,53.697,20.70
98245,492,S4,132.0,53.170,20.70
98246,492,S4,135.0,52.754,20.70
98247,492,S4,138.0,52.278,20.70
98248,492,S4,141.0,51.740,20.70
98249,492,S4,144.0,51.285,20.70
98250,492,S4,147.0,50.799,20.70
98251,492,S4,150.0,50.352,20.70
98252,492,S4,153.0,49.935,20.70
98253,492,S4,156.0,49.402,20.70
98254,492,S4,159.0,48.972,20.70
98255,492,S4,162.0,48.664,20.70
98256,492,S4,165.0,48.174,20.70
98257,492,S4,168.0,47.827,20.70
98258,492,S4,171.0,47.299,20.70
98259,492,S4,174.0,46.977,20.70
98260,492,S4,177.0,46.570,20.70
98261,492,S4,180.0,46.258,20.70
98262,492,S4,183.0,45.791,20.70
98263,492,S4,186.0,45.498,20.70
98264,492,S4,189.0,44.997,20.70
98265,492,S4,192.0,44.758,20.70
98266,492,S4,195.0,44.364,20.70
98267,492,S4,198.0,43.902,20.70
98268,492,S4,201.0,43.643,20.70
98269,492,S4,204.0,43.373,20.70
98270,492,S4,207.0,42.975,20.70
98271,492,S4,210.0,42.638,20.70
98272,492,S4,213.0,42.184,20.70
98273,492,S4,216.0,42.019,20.70
98274,492,S4,219.0,41.641,20.70
98275,492,S4,222.0,41.289,20.70
98276,492,S4,225.0,41.044,20.70
98277,492,S4,228.0,40.725,20.70
98278,492,S4,231.0,40.321,20.70
98279,492,S4,234.0,40.117,20.70
98280,492,S4,237.0,39.772,20.70
98281,492,S4,240.0,39.537,20.70
98282,492,S4,243.0,39.301,20.70
98283,492,S4,246.0,38.978,20.70
98284,492,S4,249.0,38.746,20.70
98285,492,S4,252.0,38.438,20.70
98286,492,S4,255.0,38.233,20.70
98287,492,S4,258.0,37.998,20.70
98288,492,S4,261.0,37.621,20.70
98289,492,S4,264.0,37.370,20.70
98290,492,S4,267.0,37.142,20.70
98291,492,S4,270.0,36.868,20.70
98292,492,S4,273.0,36.644,20.70
98293,492,S4,276.0,36.423,20.70
98294,492,S4,279.0,36.026,20.70
98295,492,S4,282.0,35.936,20.70
98296,492,S4,285.0,35.764,20.70
98297,492,S4,288.0,35.540,20.70
98298,492,S4,291.0,35.311,20.70
98299,492,S4,294.0,35.071,20.70
98300,492,S4,297.0,34.792,20.70
98301,492,S4,300.0,34.655,20.70
98302,492,S4,303.0,34.386,20.70
98303,492,S4,306.0,34.187,20.70
98304,492,S4,309.0,33.993,20.70
98305,492,S4,312.0,33.784,20.70
98306,492,S4,315.0,33.637,20.70
98307,492,S4,318.0,33.424,20.70
98308,492,S4,321.0,33.102,20.70
98309,492,S4,324.0,33.081,20.70
98310,492,S4,327.0,32.930,20.70
98311,492,S4,330.0,32.631,20.70
98312,492,S4,333.0,32.437,20.70
98313,492,S4,336.0,32.299,20.70
98314,492,S4,339.0,32.165,20.70
98315,492,S4,342.0,31.822,20.70
98316,492,S4,345.0,31.753,20.70
98317,492,S4,348.0,31.627,20.70
98318,492,S4,351.0,31.522,20.70
98319,492,S4,354.0,31.267,20.70
98320,492,S4,357.0,31.107,20.70
98321,492,S4,360.0,30.956,20.70
98322,492,S4,363.0,30.878,20.70
98323,492,S4,366.0,30.686,20.70
98324,492,S4,369.0,30.511,20.70
98325,492,S4,372.0,30.352,20.70
98326,492,S4,375.0,30.183,20.70
98327,492,S4,378.0,30.109,20.70
98328,492,S4,381.0,29.928,20.70
98329,492,S4,384.0,29.892,20.70
98330,492,S4,387.0,29.748,20.70
98331,492,S4,390.0,29.559,20.70
98332,492,S4,393.0,29.321,20.70
98333,492,S4,396.0,29.271,20.70
98334,492,S4,399.0,29.206,20.70
98335,492,S4,402.0,29.050,20.70
98336,492,S4,405.0,28.869,20.70
98337,492,S4,408.0,28.711,20.70
98338,492,S4,411.0,28.693,20.70
98339,492,S4,414.0,28.578,20.70
98340,492,S4,417.0,28.429,20.70
98341,492,S4,420.0,28.281,20.70
98342,492,S4,423.0,28.195,20.70
98343,492,S4,426.0,27.959,20.70
98344,492,S4,429.0,27.938,20.70
98345,492,S4,432.0,27.907,20.70
98346,492,S4,435.0,27.664,20.70
98347,492,S4,438.0,27.698,20.70
98348,492,S4,441.0,27.485,20.70
98349,492,S4,444.0,27.352,20.70
98350,492,S4,447.0,27.310,20.70
98351,492,S4,450.0,27.230,20.70
98352,492,S4,453.0,27.106,20.70
98353,492,S4,456.0,27.025,20.70
98354,492,S4,459.0,26.964,20.70
98355,492,S4,462.0,26.806,20.70
98356,492,S4,465.0,26.817,20.70
98357,492,S4,468.0,26.593,20.70
98358,492,S4,471.0,26.609,20.70
98359,492,S4,474.0,26.491,20.70
98360,492,S4,477.0,26.493,20.70
98361,492,S4,480.0,26.365,20.70
98362,492,S4,483.0,26.209,20.70
98363,492,S4,486.0,26.154,20.70
98364,492,S4,489.0,26.044,20.70
98365,492,S4,492.0,25.997,20.70
98366,492,S4,495.0,25.890,20.70
98367,492,S4,498.0,25.851,20.70
98368,492,S4,501.0,25.684,20.70
98369,492,S4,504.0,25.678,20.70
98370,492,S4,507.0,25.604,20.70
98371,492,S4,510.0,25.573,20.70
98372,492,S4,513.0,25.480,20.70
98373,492,S4,516.0,25.361,20.70
98374,492,S4,519.0,25.258,20.70
98375,492,S4,522.0,25.275,20.70
98376,492,S4,525.0,25.212,20.70
98377,492,S4,528.0,25.057,20.70
98378,492,S4,531.0,25.002,20.70
98379,492,S4,534.0,24.957,20.70
98380,492,S4,537.0,24.949,20.70
98381,492,S4,540.0,24.836,20.70
98382,492,S4,543.0,24.799,20.70
98383,492,S4,546.0,24.784,20.70
98384,492,S4,549.0,24.676,20.70
98385,492,S4,552.0,24.607,20.70
98386,492,S4,555.0,24.574,20.70
98387,492,S4,558.0,24.478,20.70
98388,492,S4,561.0,24.426,20.70
98389,492,S4,564.0,24.389,20.70
98390,492,S4,567.0,24.350,20.70
98391,492,S4,570.0,24.289,20.70
98392,492,S4,573.0,24.244,20.70
98393,492,S4,576.0,24.148,20.70
98394,492,S4,579.0,24.190,20.70
98395,492,S4,582.0,24.081,20.70
98396,492,S4,585.0,23.976,20.70
98397,492,S4,588.0,23.991,20.70
98398,492,S4,591.0,23.895,20.70
98399,492,S4,594.0,23.760,20.70
98400,492,S4,597.0,23.757,20.70
98401,493,S1,0.0,85.986,20.80
98402,493,S1,3.0,84.746,20.80
98403,493,S1,6.0,83.535,20.80
98404,493,S1,9.0,82.319,20.80
98405,493,S1,12.0,81.163,20.80
98406,493,S1,15.0,79.988,20.80
98407,493,S1,18.0,78.854,20.80
98408,493,S1,21.0,77.734,20.80
98409,493,S1,24.0,76.652,20.80
98410,493,S1,27.0,75.561,20.80
98411,493,S1,30.0,74.416,20.80
98412,493,S1,33.0,73.423,20.80
98413,493,S1,36.0,72.525,20.80
98414,493,S1,39.0,71.540,20.80
98415,493,S1,42.0,70.513,20.80
98416,493,S1,45.0,69.582,20.80
98417,493,S1,48.0,68.578,20.80
98418,493,S1,51.0,67.745,20.80
98419,493,S1,54.0,66.815,20.80
98420,493,S1,57.0,65.997,20.80
98421,493,S1,60.0,65.098,20.80
98422,493,S1,63.0,64.132,20.80
98423,493,S1,66.0,63.353,20.80
98424,493,S1,69.0,62.486,20.80
98425,493,S1,72.0,61.810,20.80
98426,493,S1,75.0,60.987,20.80
98427,493,S1,78.0,60.183,20.80
98428,493,S1,81.0,59.499,20.80
98429,493,S1,84.0,58.740,20.80
98430,493,S1,87.0,58.088,20.80
98431,493,S1,90.0,57.256,20.80
98432,493,S1,93.0,56.623,20.80
98433,493,S1,96.0,55.892,20.80
98434,493,S1,99.0,55.230,20.80
98435,493,S1,102.0,54.494,20.80
98436,493,S1,105.0,53.976,20.80
98437,493,S1,108.0,53.244,20.80
98438,493,S1,111.0,52.636,20.80
98439,493,S1,114.0,51.964,20.80
98440,493,S1,117.0,51.451,20.80
98441,493,S1,120.0,50.908,20.80
98442,493,S1,123.0,50.257,20.80
98443,493,S1,126.0,49.685,20.80
98444,493,S1,129.0,49.230,20.80
98445,493,S1,132.0,48.680,20.80
98446,493,S1,135.0,48.119,20.80
98447,493,S1,138.0,47.524,20.80
98448,493,S1,141.0,47.133,20.80
98449,493,S1,144.0,46.601,20.80
98450,493,S1,147.0,46.122,20.80
98451,493,S1,150.0,45.599,20.80
98452,493,S1,153.0,45.134,20.80
98453,493,S1,156.0,44.643,20.80
98454,493,S1,159.0,44.140,20.80
98455,493,S1,162.0,43.669,20.80
98456,493,S1,165.0,43.270,20.80
98457,493,S1,168.0,42.871,20.80
98458,493,S1,171.0,42.446,20.80
98459,493,S1,174.0,42.069,20.80
98460,493,S1,177.0,41.627,20.80
98461,493,S1,180.0,41.209,20.80
98462,493,S1,183.0,40.768,20.80
98463,493,S1,186.0,40.447,20.80
98464,493,S1,189.0,40.043,20.80
98465,493,S1,192.0,39.675,20.80
98466,493,S1,195.0,39.312,20.80
98467,493,S1,198.0,39.048,20.80
98468,493,S1,201.0,38.574,20.80
98469,493,S1,204.0,38.321,20.80
98470,493,S1,207.0,37.948,20.80
98471,493,S1,210.0,37.611,20.80
98472,493,S1,213.0,37.261,20.80
98473,493,S1,216.0,36.853,20.80
98474,493,S1,219.0,36.725,20.80
98475,493,S1,222.0,36.345,20.80
98476,493,S1,225.0,36.135,20.80
98477,493,S1,228.0,35.775,20.80
98478,493,S1,231.0,35.493,20.80
98479,493,S1,234.0,35.166,20.80
98480,493,S1,237.0,34.949,20.80
98481,493,S1,240.0,34.567,20.80
98482,493,S1,243.0,34.426,20.80
98483,493,S1,246.0,34.206,20.80
98484,493,S1,249.0,33.915,20.80
98485,493,S1,252.0,33.711,20.80
98486,493,S1,255.0,33.341,20.80
98487,493,S1,258.0,33.206,20.80
98488,493,S1,261.0,33.024,20.80
98489,493,S1,264.0,32.656,20.80
98490,493,S1,267.0,32.495,20.80
98491,493,S1,270.0,32.198,20.80
98492,493,S1,273.0,32.023,20.80
98493,493,S1,276.0,31.652,20.80
98494,493,S1,279.0,31.515,20.80
98495,493,S1,282.0,31.408,20.80
98496,493,S1,285.0,31.184,20.80
98497,493,S1,288.0,30.961,20.80
98498,493,S1,291.0,30.774,20.80
98499,493,S1,294.0,30.550,20.80
98500,493,S1,297.0,30.408,20.80
98501,493,S1,300.0,30.154,20.80
98502,493,S1,303.0,30.117,20.80
98503,493,S1,306.0,29.854,20.80
98504,493,S1,309.0,29.658,20.80
98505,493,S1,312.0,29.545,20.80
98506,493,S1,315.0,29.352,20.80
98507,493,S1,318.0,29.266,20.80
98508,493,S1,321.0,29.032,20.80
98509,493,S1,324.0,28.777,20.80
98510,493,S1,327.0,28.761,20.80
98511,493,S1,330.0,28.541,20.80
98512,493,S1,333.0,28.384,20.80
98513,493,S1,336.0,28.296,20.80
98514,493,S1,339.0,28.131,20.80
98515,493,S1,342.0,27.990,20.80
98516,493,S1,345.0,27.828,20.80
98517,493,S1,348.0,27.672,20.80
98518,493,S1,351.0,27.607,20.80
98519,493,S1,354.0,27.417,20.80
98520,493,S1,357.0,27.390,20.80
98521,493,S1,360.0,27.176,20.80
98522,493,S1,363.0,27.042,20.80
98523,493,S1,366.0,26.892,20.80
98524,493,S1,369.0,26.844,20.80
98525,493,S1,372.0,26.750,20.80
98526,493,S1,375.0,26.575,20.80
98527,493,S1,378.0,26.389,20.80
98528,493,S1,381.0,26.429,20.80
98529,493,S1,384.0,26.415,20.80
98530,493,S1,387.0,26.174,20.80
98531,493,S1,390.0,26.035,20.80
98532,493,S1,393.0,26.046,20.80
98533,493,S1,396.0,25.854,20.80
98534,493,S1,399.0,25.743,20.80
98535,493,S1,402.0,25.720,20.80
98536,493,S1,405.0,25.502,20.80
98537,493,S1,408.0,25.504,20.80
98538,493,S1,411.0,25.369,20.80
98539,493,S1,414.0,25.317,20.80
98540,493,S1,417.0,25.316,20.80
98541,493,S1,420.0,25.199,20.80
98542,493,S1,423.0,25.128,20.80
98543,493,S1,426.0,24.946,20.80
98544,493,S1,429.0,24.926,20.80
98545,493,S1,432.0,24.811,20.80
98546,493,S1,435.0,24.839,20.80
98547,493,S1,438.0,24.682,20.80
98548,493,S1,441.0,24.567,20.80
98549,493,S1,444.0,24.563,20.80
98550,493,S1,447.0,24.509,20.80
98551,493,S1,450.0,24.421,20.80
98552,493,S1,453.0,24.266,20.80
98553,493,S1,456.0,24.176,20.80
98554,493,S1,459.0,24.193,20.80
98555,493,S1,462.0,24.061,20.80
98556,493,S1,465.0,24.092,20.80
98557,493,S1,468.0,24.054,20.80
98558,493,S1,471.0,23.989,20.80
98559,493,S1,474.0,23.781,20.80
98560,493,S1,477.0,23.859,20.80
98561,493,S1,480.0,23.714,20.80
98562,493,S1,483.0,23.596,20.80
98563,493,S1,486.0,23.693,20.80
98564,493,S1,489.0,23.610,20.80
98565,493,S1,492.0,23.614,20.80
98566,493,S1,495.0,23.608,20.80
98567,493,S1,498.0,23.464,20.80
98568,493,S1,501.0,23.361,20.80
98569,493,S1,504.0,23.259,20.80
98570,493,S1,507.0,23.317,20.80
98571,493,S1,510.0,23.259,20.80
98572,493,S1,513.0,23.228,20.80
98573,493,S1,516.0,23.151,20.80
98574,493,S1,519.0,23.201,20.80
98575,493,S1,522.0,23.065,20.80
98576,493,S1,525.0,22.886,20.80
98577,493,S1,528.0,22.974,20.80
98578,493,S1,531.0,22.987,20.80
98579,493,S1,534.0,22.852,20.80
98580,493,S1,537.0,22.798,20.80
98581,493,S1,540.0,22.787,20.80
98582,493,S1,543.0,22.901,20.80
98583,493,S1,546.0,22.749,20.80
98584,493,S1,549.0,22.667,20.80
98585,493,S1,552.0,22.640,20.80
98586,493,S1,555.0,22.623,20.80
98587,493,S1,558.0,22.529,20.80
98588,493,S1,561.0,22.588,20.80
98589,493,S1,564.0,22.558,20.80
98590,493,S1,567.0,22.512,20.80
98591,493,S1,570.0,22.454,20.80
98592,493,S1,573.0,22.361,20.80
98593,493,S1,576.0,22.370,20.80
98594,493,S1,579.0,22.353,20.80
98595,493,S1,582.0,22.299,20.80
98596,493,S1,585.0,22.273,20.80
98597,493,S1,588.0,22.206,20.80
98598,493,S1,591.0,22.266,20.80
98599,493,S1,594.0,22.254,20.80
98600,493,S1,597.0,22.216,20.80
98601,494,S2,0.0,88.164,20.16
98602,494,S2,3.0,86.560,20.16
98603,494,S2,6.0,85.052,20.16
98604,494,S2,9.0,83.576,20.16
98605,494,S2,12.0,82.170,20.16
98606,494,S2,15.0,80.775,20.16
98607,494,S2,18.0,79.430,20.16
98608,494,S2,21.0,78.095,20.16
98609,494,S2,24.0,76.737,20.16
98610,494,S2,27.0,75.544,20.16
98611,494,S2,30.0,74.190,20.16
98612,494,S2,33.0,73.031,20.16
98613,494,S2,36.0,71.871,20.16
98614,494,S2,39.0,70.652,20.16
98615,494,S2,42.0,69.516,20.16
98616,494,S2,45.0,68.420,20.16
98617,494,S2,48.0,67.320,20.16
98618,494,S2,51.0,66.203,20.16
98619,494,S2,54.0,65.183,20.16
98620,494,S2,57.0,64.166,20.16
98621,494,S2,60.0,63.132,20.16
98622,494,S2,63.0,62.197,20.16
98623,494,S2,66.0,61.289,20.16
98624,494,S2,69.0,60.393,20.16
98625,494,S2,72.0,59.482,20.16
98626,494,S2,75.0,58.565,20.16
98627,494,S2,78.0,57.721,20.16
98628,494,S2,81.0,56.839,20.16
98629,494,S2,84.0,56.107,20.16
98630,494,S2,87.0,55.257,20.16
98631,494,S2,90.0,54.422,20.16
98632,494,S2,93.0,53.551,20.16
98633,494,S2,96.0,52.880,20.16
98634,494,S2,99.0,52.173,20.16
98635,494,S2,102.0,51.405,20.16
98636,494,S2,105.0,50.682,20.16
98637,494,S2,108.0,50.047,20.16
98638,494,S2,111.0,49.353,20.16
98639,494,S2,114.0,48.737,20.16
98640,494,S2,117.0,48.070,20.16
98641,494,S2,120.0,47.446,20.16
98642,494,S2,123.0,46.745,20.16
98643,494,S2,126.0,46.218,20.16
98644,494,S2,129.0,45.599,20.16
98645,494,S2,132.0,45.014,20.16
98646,494,S2,135.0,44.468,20.16
98647,494,S2,138.0,43.908,20.16
98648,494,S2,141.0,43.415,20.16
98649,494,S2,144.0,42.927,20.16
98650,494,S2,147.0,42.317,20.16
98651,494,S2,150.0,41.807,20.16
98652,494,S2,153.0,41.366,20.16
98653,494,S2,156.0,40.931,20.16
98654,494,S2,159.0,40.379,20.16
98655,494,S2,162.0,39.961,20.16
98656,494,S2,165.0,39.548,20.16
98657,494,S2,168.0,39.048,20.16
98658,494,S2,171.0,38.556,20.16
98659,494,S2,174.0,38.323,20.16
98660,494,S2,177.0,37.804,20.16
98661,494,S2,180.0,37.376,20.16
98662,494,S2,183.0,37.009,20.16
98663,494,S2,186.0,36.552,20.16
98664,494,S2,189.0,36.276,20.16
98665,494,S2,192.0,36.019,20.16
98666,494,S2,195.0,35.586,20.16
98667,494,S2,198.0,35.207,20.16
98668,494,S2,201.0,34.906,20.16
98669,494,S2,204.0,34.517,20.16
98670,494,S2,207.0,34.156,20.16
98671,494,S2,210.0,33.874,20.16
98672,494,S2,213.0,33.543,20.16
98673,494,S2,216.0,33.343,20.16
98674,494,S2,219.0,33.057,20.16
98675,494,S2,222.0,32.769,20.16
98676,494,S2,225.0,32.407,20.16
98677,494,S2,228.0,32.187,20.16
98678,494,S2,231.0,31.853,20.16
98679,494,S2,234.0,31.572,20.16
98680,494,S2,237.0,31.185,20.16
98681,494,S2,240.0,31.078,20.16
98682,494,S2,243.0,30.825,20.16
98683,494,S2,246.0,30.586,20.16
98684,494,S2,249.0,30.281,20.16
98685,494,S2,252.0,30.153,20.16
98686,494,S2,255.0,29.932,20.16
98687,494,S2,258.0,29.758,20.16
98688,494,S2,261.0,29.468,20.16
98689,494,S2,264.0,29.284,20.16
98690,494,S2,267.0,29.005,20.16
98691,494,S2,270.0,28.851,20.16
98692,494,S2,273.0,28.625,20.16
98693,494,S2,276.0,28.533,20.16
98694,494,S2,279.0,28.210,20.16
98695,494,S2,282.0,28.053,20.16
98696,494,S2,285.0,27.894,20.16
98697,494,S2,288.0,27.739,20.16
98698,494,S2,291.0,27.557,20.16
98699,494,S2,294.0,27.349,20.16
98700,494,S2,297.0,27.220,20.16
98701,494,S2,300.0,27.086,20.16
98702,494,S2,303.0,26.945,20.16
98703,494,S2,306.0,26.813,20.16
98704,494,S2,309.0,26.705,20.16
98705,494,S2,312.0,26.497,20.16
98706,494,S2,315.0,26.376,20.16
98707,494,S2,318.0,26.226,20.16
98708,494,S2,321.0,26.084,20.16
98709,494,S2,324.0,26.008,20.16
98710,494,S2,327.0,25.774,20.16
98711,494,S2,330.0,25.685,20.16
98712,494,S2,333.0,25.558,20.16
98713,494,S2,336.0,25.354,20.16
98714,494,S2,339.0,25.318,20.16
98715,494,S2,342.0,25.168,20.16
98716,494,S2,345.0,25.148,20.16
98717,494,S2,348.0,24.978,20.16
98718,494,S2,351.0,24.962,20.16
98719,494,S2,354.0,24.702,20.16
98720,494,S2,357.0,24.662,20.16
98721,494,S2,360.0,24.591,20.16
98722,494,S2,363.0,24.454,20.16
98723,494,S2,366.0,24.429,20.16
98724,494,S2,369.0,24.232,20.16
98725,494,S2,372.0,24.247,20.16
98726,494,S2,375.0,24.072,20.16
98727,494,S2,378.0,24.048,20.16
98728,494,S2,381.0,23.862,20.16
98729,494,S2,384.0,23.858,20.16
98730,494,S2,387.0,23.704,20.16
98731,494,S2,390.0,23.607,20.16
98732,494,S2,393.0,23.556,20.16
98733,494,S2,396.0,23.528,20.16
98734,494,S2,399.0,23.409,20.16
98735,494,S2,402.0,23.289,20.16
98736,494,S2,405.0,23.274,20.16
98737,494,S2,408.0,23.152,20.16
98738,494,S2,411.0,23.112,20.16
98739,494,S2,414.0,23.034,20.16
98740,494,S2,417.0,23.033,20.16
98741,494,S2,420.0,22.825,20.16
98742,494,S2,423.0,22.903,20.16
98743,494,S2,426.0,22.863,20.16
98744,494,S2,429.0,22.774,20.16
98745,494,S2,432.0,22.736,20.16
98746,494,S2,435.0,22.687,20.16
98747,494,S2,438.0,22.606,20.16
98748,494,S2,441.0,22.567,20.16
98749,494,S2,444.0,22.389,20.16
98750,494,S2,447.0,22.440,20.16
98751,494,S2,450.0,22.415,20.16
98752,494,S2,453.0,22.359,20.16
98753,494,S2,456.0,22.350,20.16
98754,494,S2,459.0,22.193,20.16
98755,494,S2,462.0,22.175,20.16
98756,494,S2,465.0,22.143,20.16
98757,494,S2,468.0,22.150,20.16
98758,494,S2,471.0,22.002,20.16
98759,494,S2,474.0,22.102,20.16
98760,494,S2,477.0,21.956,20.16
98761,494,S2,480.0,22.028,20.16
98762,494,S2,483.0,21.762,20.16
98763,494,S2,486.0,21.812,20.16
98764,494,S2,489.0,21.903,20.16
98765,494,S2,492.0,21.810,20.16
98766,494,S2,495.0,21.720,20.16
98767,494,S2,498.0,21.670,20.16
98768,494,S2,501.0,21.591,20.16
98769,494,S2,504.0,21.620,20.16
98770,494,S2,507.0,21.520,20.16
98771,494,S2,510.0,21.463,20.16
98772,494,S2,513.0,21.559,20.16
98773,494,S2,516.0,21.470,20.16
98774,494,S2,519.0,21.407,20.16
98775,494,S2,522.0,21.517,20.16
98776,494,S2,525.0,21.490,20.16
98777,494,S2,528.0,21.398,20.16
98778,494,S2,531.0,21.341,20.16
98779,494,S2,534.0,21.316,20.16
98780,494,S2,537.0,21.240,20.16
98781,494,S2,540.0,21.270,20.16
98782,494,S2,543.0,21.293,20.16
98783,494,S2,546.0,21.171,20.16
98784,494,S2,549.0,21.138,20.16
98785,494,S2,552.0,21.177,20.16
98786,494,S2,555.0,21.035,20.16
98787,494,S2,558.0,21.078,20.16
98788,494,S2,561.0,21.175,20.16
98789,494,S2,564.0,21.120,20.16
98790,494,S2,567.0,21.142,20.16
