measurement_id,run_id,sensor_id,t_seconds,temperature_c,ambient_c
49991,250,S2,570.0,23.032,22.80
49992,250,S2,573.0,23.010,22.80
49993,250,S2,576.0,22.881,22.80
49994,250,S2,579.0,22.973,22.80
49995,250,S2,582.0,22.912,22.80
49996,250,S2,585.0,22.968,22.80
49997,250,S2,588.0,23.044,22.80
49998,250,S2,591.0,22.966,22.80
49999,250,S2,594.0,22.978,22.80
50000,250,S2,597.0,22.978,22.80
50001,251,S3,0.0,88.168,20.00
50002,251,S3,3.0,87.308,20.00
50003,251,S3,6.0,86.465,20.00
50004,251,S3,9.0,85.599,20.00
50005,251,S3,12.0,84.704,20.00
50006,251,S3,15.0,83.775,20.00
50007,251,S3,18.0,83.007,20.00
50008,251,S3,21.0,82.163,20.00
50009,251,S3,24.0,81.482,20.00
50010,251,S3,27.0,80.476,20.00
50011,251,S3,30.0,79.757,20.00
50012,251,S3,33.0,79.015,20.00
50013,251,S3,36.0,78.154,20.00
50014,251,S3,39.0,77.417,20.00
50015,251,S3,42.0,76.723,20.00
50016,251,S3,45.0,75.980,20.00
50017,251,S3,48.0,75.232,20.00
50018,251,S3,51.0,74.490,20.00
50019,251,S3,54.0,73.798,20.00
50020,251,S3,57.0,72.968,20.00
50021,251,S3,60.0,72.297,20.00
50022,251,S3,63.0,71.764,20.00
50023,251,S3,66.0,70.978,20.00
50024,251,S3,69.0,70.294,20.00
50025,251,S3,72.0,69.642,20.00
50026,251,S3,75.0,68.933,20.00
50027,251,S3,78.0,68.393,20.00
50028,251,S3,81.0,67.763,20.00
50029,251,S3,84.0,67.142,20.00
50030,251,S3,87.0,66.487,20.00
50031,251,S3,90.0,65.845,20.00
50032,251,S3,93.0,65.329,20.00
50033,251,S3,96.0,64.736,20.00
50034,251,S3,99.0,64.121,20.00
50035,251,S3,102.0,63.595,20.00
50036,251,S3,105.0,62.892,20.00
50037,251,S3,108.0,62.389,20.00
50038,251,S3,111.0,61.881,20.00
50039,251,S3,114.0,61.191,20.00
50040,251,S3,117.0,60.786,20.00
50041,251,S3,120.0,60.257,20.00
50042,251,S3,123.0,59.614,20.00
50043,251,S3,126.0,59.216,20.00
50044,251,S3,129.0,58.617,20.00
50045,251,S3,132.0,58.094,20.00
50046,251,S3,135.0,57.701,20.00
50047,251,S3,138.0,57.100,20.00
50048,251,S3,141.0,56.621,20.00
50049,251,S3,144.0,56.175,20.00
50050,251,S3,147.0,55.625,20.00
50051,251,S3,150.0,55.231,20.00
50052,251,S3,153.0,54.775,20.00
50053,251,S3,156.0,54.375,20.00
50054,251,S3,159.0,53.909,20.00
50055,251,S3,162.0,53.408,20.00
50056,251,S3,165.0,53.029,20.00
50057,251,S3,168.0,52.468,20.00
50058,251,S3,171.0,52.142,20.00
50059,251,S3,174.0,51.759,20.00
50060,251,S3,177.0,51.289,20.00
50061,251,S3,180.0,50.841,20.00
50062,251,S3,183.0,50.437,20.00
50063,251,S3,186.0,50.051,20.00
50064,251,S3,189.0,49.630,20.00
50065,251,S3,192.0,49.305,20.00
50066,251,S3,195.0,48.834,20.00
50067,251,S3,198.0,48.528,20.00
50068,251,S3,201.0,48.094,20.00
50069,251,S3,204.0,47.809,20.00
50070,251,S3,207.0,47.438,20.00
50071,251,S3,210.0,46.986,20.00
50072,251,S3,213.0,46.707,20.00
50073,251,S3,216.0,46.326,20.00
50074,251,S3,219.0,46.046,20.00
50075,251,S3,222.0,45.718,20.00
50076,251,S3,225.0,45.397,20.00
50077,251,S3,228.0,44.885,20.00
50078,251,S3,231.0,44.710,20.00
50079,251,S3,234.0,44.291,20.00
50080,251,S3,237.0,44.093,20.00
50081,251,S3,240.0,43.714,20.00
50082,251,S3,243.0,43.333,20.00
50083,251,S3,246.0,43.078,20.00
50084,251,S3,249.0,42.794,20.00
50085,251,S3,252.0,42.489,20.00
50086,251,S3,255.0,42.150,20.00
50087,251,S3,258.0,41.968,20.00
50088,251,S3,261.0,41.636,20.00
50089,251,S3,264.0,41.355,20.00
50090,251,S3,267.0,41.121,20.00
50091,251,S3,270.0,40.764,20.00
50092,251,S3,273.0,40.503,20.00
50093,251,S3,276.0,40.183,20.00
50094,251,S3,279.0,39.806,20.00
50095,251,S3,282.0,39.753,20.00
50096,251,S3,285.0,39.375,20.00
50097,251,S3,288.0,39.217,20.00
50098,251,S3,291.0,38.932,20.00
50099,251,S3,294.0,38.670,20.00
50100,251,S3,297.0,38.443,20.00
50101,251,S3,300.0,38.167,20.00
50102,251,S3,303.0,37.990,20.00
50103,251,S3,306.0,37.713,20.00
50104,251,S3,309.0,37.541,20.00
50105,251,S3,312.0,37.248,20.00
50106,251,S3,315.0,36.980,20.00
50107,251,S3,318.0,36.790,20.00
50108,251,S3,321.0,36.634,20.00
50109,251,S3,324.0,36.406,20.00
50110,251,S3,327.0,36.133,20.00
50111,251,S3,330.0,35.864,20.00
50112,251,S3,333.0,35.798,20.00
50113,251,S3,336.0,35.537,20.00
50114,251,S3,339.0,35.284,20.00
50115,251,S3,342.0,35.171,20.00
50116,251,S3,345.0,35.022,20.00
50117,251,S3,348.0,34.630,20.00
50118,251,S3,351.0,34.587,20.00
50119,251,S3,354.0,34.287,20.00
50120,251,S3,357.0,34.256,20.00
50121,251,S3,360.0,34.076,20.00
50122,251,S3,363.0,33.794,20.00
50123,251,S3,366.0,33.603,20.00
50124,251,S3,369.0,33.450,20.00
50125,251,S3,372.0,33.174,20.00
50126,251,S3,375.0,33.183,20.00
50127,251,S3,378.0,32.970,20.00
50128,251,S3,381.0,32.721,20.00
50129,251,S3,384.0,32.553,20.00
50130,251,S3,387.0,32.445,20.00
50131,251,S3,390.0,32.203,20.00
50132,251,S3,393.0,32.093,20.00
50133,251,S3,396.0,31.963,20.00
50134,251,S3,399.0,31.672,20.00
50135,251,S3,402.0,31.574,20.00
50136,251,S3,405.0,31.404,20.00
50137,251,S3,408.0,31.360,20.00
50138,251,S3,411.0,31.104,20.00
50139,251,S3,414.0,30.923,20.00
50140,251,S3,417.0,30.851,20.00
50141,251,S3,420.0,30.749,20.00
50142,251,S3,423.0,30.570,20.00
50143,251,S3,426.0,30.469,20.00
50144,251,S3,429.0,30.326,20.00
50145,251,S3,432.0,30.293,20.00
50146,251,S3,435.0,30.078,20.00
50147,251,S3,438.0,30.019,20.00
50148,251,S3,441.0,29.747,20.00
50149,251,S3,444.0,29.774,20.00
50150,251,S3,447.0,29.552,20.00
50151,251,S3,450.0,29.328,20.00
50152,251,S3,453.0,29.331,20.00
50153,251,S3,456.0,29.081,20.00
50154,251,S3,459.0,28.999,20.00
50155,251,S3,462.0,28.974,20.00
50156,251,S3,465.0,28.859,20.00
50157,251,S3,468.0,28.700,20.00
50158,251,S3,471.0,28.462,20.00
50159,251,S3,474.0,28.506,20.00
50160,251,S3,477.0,28.324,20.00
50161,251,S3,480.0,28.261,20.00
50162,251,S3,483.0,28.110,20.00
50163,251,S3,486.0,28.012,20.00
50164,251,S3,489.0,27.883,20.00
50165,251,S3,492.0,27.765,20.00
50166,251,S3,495.0,27.715,20.00
50167,251,S3,498.0,27.576,20.00
50168,251,S3,501.0,27.480,20.00
50169,251,S3,504.0,27.498,20.00
50170,251,S3,507.0,27.368,20.00
50171,251,S3,510.0,27.274,20.00
50172,251,S3,513.0,27.015,20.00
50173,251,S3,516.0,27.088,20.00
50174,251,S3,519.0,26.861,20.00
50175,251,S3,522.0,26.775,20.00
50176,251,S3,525.0,26.765,20.00
50177,251,S3,528.0,26.704,20.00
50178,251,S3,531.0,26.553,20.00
50179,251,S3,534.0,26.427,20.00
50180,251,S3,537.0,26.454,20.00
50181,251,S3,540.0,26.375,20.00
50182,251,S3,543.0,26.214,20.00
50183,251,S3,546.0,26.133,20.00
50184,251,S3,549.0,26.072,20.00
50185,251,S3,552.0,25.905,20.00
50186,251,S3,555.0,25.821,20.00
50187,251,S3,558.0,25.868,20.00
50188,251,S3,561.0,25.711,20.00
50189,251,S3,564.0,25.620,20.00
50190,251,S3,567.0,25.663,20.00
50191,251,S3,570.0,25.565,20.00
50192,251,S3,573.0,25.455,20.00
50193,251,S3,576.0,25.413,20.00
50194,251,S3,579.0,25.269,20.00
50195,251,S3,582.0,25.255,20.00
50196,251,S3,585.0,25.118,20.00
50197,251,S3,588.0,25.153,20.00
50198,251,S3,591.0,25.135,20.00
50199,251,S3,594.0,25.015,20.00
50200,251,S3,597.0,24.862,20.00
50201,252,S4,0.0,73.315,21.30
50202,252,S4,3.0,71.771,21.30
50203,252,S4,6.0,70.357,21.30
50204,252,S4,9.0,68.822,21.30
50205,252,S4,12.0,67.508,21.30
50206,252,S4,15.0,65.993,21.30
50207,252,S4,18.0,64.720,21.30
50208,252,S4,21.0,63.467,21.30
50209,252,S4,24.0,62.285,21.30
50210,252,S4,27.0,60.964,21.30
50211,252,S4,30.0,59.840,21.30
50212,252,S4,33.0,58.712,21.30
50213,252,S4,36.0,57.567,21.30
50214,252,S4,39.0,56.501,21.30
50215,252,S4,42.0,55.413,21.30
50216,252,S4,45.0,54.345,21.30
50217,252,S4,48.0,53.461,21.30
50218,252,S4,51.0,52.505,21.30
50219,252,S4,54.0,51.622,21.30
50220,252,S4,57.0,50.665,21.30
50221,252,S4,60.0,49.869,21.30
50222,252,S4,63.0,48.956,21.30
50223,252,S4,66.0,48.061,21.30
50224,252,S4,69.0,47.293,21.30
50225,252,S4,72.0,46.579,21.30
50226,252,S4,75.0,45.844,21.30
50227,252,S4,78.0,45.085,21.30
50228,252,S4,81.0,44.430,21.30
50229,252,S4,84.0,43.667,21.30
50230,252,S4,87.0,43.032,21.30
50231,252,S4,90.0,42.406,21.30
50232,252,S4,93.0,41.659,21.30
50233,252,S4,96.0,41.100,21.30
50234,252,S4,99.0,40.465,21.30
50235,252,S4,102.0,39.894,21.30
50236,252,S4,105.0,39.421,21.30
50237,252,S4,108.0,38.941,21.30
50238,252,S4,111.0,38.376,21.30
50239,252,S4,114.0,37.861,21.30
50240,252,S4,117.0,37.436,21.30
50241,252,S4,120.0,36.936,21.30
50242,252,S4,123.0,36.497,21.30
50243,252,S4,126.0,35.951,21.30
50244,252,S4,129.0,35.581,21.30
50245,252,S4,132.0,35.072,21.30
50246,252,S4,135.0,34.745,21.30
50247,252,S4,138.0,34.256,21.30
50248,252,S4,141.0,33.925,21.30
50249,252,S4,144.0,33.544,21.30
50250,252,S4,147.0,33.208,21.30
50251,252,S4,150.0,32.887,21.30
50252,252,S4,153.0,32.482,21.30
50253,252,S4,156.0,32.137,21.30
50254,252,S4,159.0,31.849,21.30
50255,252,S4,162.0,31.561,21.30
50256,252,S4,165.0,31.354,21.30
50257,252,S4,168.0,30.912,21.30
50258,252,S4,171.0,30.651,21.30
50259,252,S4,174.0,30.275,21.30
50260,252,S4,177.0,30.141,21.30
50261,252,S4,180.0,29.835,21.30
50262,252,S4,183.0,29.613,21.30
50263,252,S4,186.0,29.251,21.30
50264,252,S4,189.0,29.094,21.30
50265,252,S4,192.0,28.958,21.30
50266,252,S4,195.0,28.645,21.30
50267,252,S4,198.0,28.407,21.30
50268,252,S4,201.0,28.263,21.30
50269,252,S4,204.0,27.996,21.30
50270,252,S4,207.0,27.790,21.30
50271,252,S4,210.0,27.670,21.30
50272,252,S4,213.0,27.405,21.30
50273,252,S4,216.0,27.293,21.30
50274,252,S4,219.0,27.061,21.30
50275,252,S4,222.0,26.860,21.30
50276,252,S4,225.0,26.720,21.30
50277,252,S4,228.0,26.591,21.30
50278,252,S4,231.0,26.392,21.30
50279,252,S4,234.0,26.315,21.30
50280,252,S4,237.0,26.072,21.30
50281,252,S4,240.0,25.879,21.30
50282,252,S4,243.0,25.849,21.30
50283,252,S4,246.0,25.600,21.30
50284,252,S4,249.0,25.594,21.30
50285,252,S4,252.0,25.469,21.30
50286,252,S4,255.0,25.347,21.30
50287,252,S4,258.0,25.179,21.30
50288,252,S4,261.0,25.125,21.30
50289,252,S4,264.0,24.976,21.30
50290,252,S4,267.0,24.845,21.30
50291,252,S4,270.0,24.693,21.30
50292,252,S4,273.0,24.565,21.30
50293,252,S4,276.0,24.407,21.30
50294,252,S4,279.0,24.415,21.30
50295,252,S4,282.0,24.275,21.30
50296,252,S4,285.0,24.307,21.30
50297,252,S4,288.0,24.208,21.30
50298,252,S4,291.0,24.018,21.30
50299,252,S4,294.0,24.071,21.30
50300,252,S4,297.0,23.882,21.30
50301,252,S4,300.0,23.895,21.30
50302,252,S4,303.0,23.719,21.30
50303,252,S4,306.0,23.657,21.30
50304,252,S4,309.0,23.650,21.30
50305,252,S4,312.0,23.570,21.30
50306,252,S4,315.0,23.444,21.30
50307,252,S4,318.0,23.435,21.30
50308,252,S4,321.0,23.344,21.30
50309,252,S4,324.0,23.356,21.30
50310,252,S4,327.0,23.337,21.30
50311,252,S4,330.0,23.151,21.30
50312,252,S4,333.0,23.121,21.30
50313,252,S4,336.0,23.095,21.30
50314,252,S4,339.0,22.974,21.30
50315,252,S4,342.0,22.945,21.30
50316,252,S4,345.0,23.002,21.30
50317,252,S4,348.0,22.793,21.30
50318,252,S4,351.0,22.832,21.30
50319,252,S4,354.0,22.778,21.30
50320,252,S4,357.0,22.697,21.30
50321,252,S4,360.0,22.719,21.30
50322,252,S4,363.0,22.601,21.30
50323,252,S4,366.0,22.611,21.30
50324,252,S4,369.0,22.480,21.30
50325,252,S4,372.0,22.596,21.30
50326,252,S4,375.0,22.487,21.30
50327,252,S4,378.0,22.527,21.30
50328,252,S4,381.0,22.358,21.30
50329,252,S4,384.0,22.363,21.30
50330,252,S4,387.0,22.407,21.30
50331,252,S4,390.0,22.430,21.30
50332,252,S4,393.0,22.385,21.30
50333,252,S4,396.0,22.260,21.30
50334,252,S4,399.0,22.209,21.30
50335,252,S4,402.0,22.324,21.30
50336,252,S4,405.0,22.181,21.30
50337,252,S4,408.0,22.155,21.30
50338,252,S4,411.0,22.064,21.30
50339,252,S4,414.0,22.088,21.30
50340,252,S4,417.0,22.062,21.30
50341,252,S4,420.0,22.029,21.30
50342,252,S4,423.0,21.997,21.30
50343,252,S4,426.0,22.038,21.30
50344,252,S4,429.0,22.045,21.30
50345,252,S4,432.0,21.998,21.30
50346,252,S4,435.0,21.911,21.30
50347,252,S4,438.0,21.842,21.30
50348,252,S4,441.0,21.933,21.30
50349,252,S4,444.0,21.938,21.30
50350,252,S4,447.0,21.960,21.30
50351,252,S4,450.0,21.795,21.30
50352,252,S4,453.0,21.903,21.30
50353,252,S4,456.0,21.880,21.30
50354,252,S4,459.0,21.806,21.30
50355,252,S4,462.0,21.866,21.30
50356,252,S4,465.0,21.724,21.30
50357,252,S4,468.0,21.823,21.30
50358,252,S4,471.0,21.786,21.30
50359,252,S4,474.0,21.751,21.30
50360,252,S4,477.0,21.793,21.30
50361,252,S4,480.0,21.719,21.30
50362,252,S4,483.0,21.641,21.30
50363,252,S4,486.0,21.670,21.30
50364,252,S4,489.0,21.772,21.30
50365,252,S4,492.0,21.616,21.30
50366,252,S4,495.0,21.710,21.30
50367,252,S4,498.0,21.713,21.30
50368,252,S4,501.0,21.566,21.30
50369,252,S4,504.0,21.577,21.30
50370,252,S4,507.0,21.668,21.30
50371,252,S4,510.0,21.615,21.30
50372,252,S4,513.0,21.565,21.30
50373,252,S4,516.0,21.551,21.30
50374,252,S4,519.0,21.535,21.30
50375,252,S4,522.0,21.484,21.30
50376,252,S4,525.0,21.555,21.30
50377,252,S4,528.0,21.640,21.30
50378,252,S4,531.0,21.441,21.30
50379,252,S4,534.0,21.516,21.30
50380,252,S4,537.0,21.547,21.30
50381,252,S4,540.0,21.444,21.30
50382,252,S4,543.0,21.528,21.30
50383,252,S4,546.0,21.516,21.30
50384,252,S4,549.0,21.409,21.30
50385,252,S4,552.0,21.534,21.30
50386,252,S4,555.0,21.519,21.30
50387,252,S4,558.0,21.435,21.30
50388,252,S4,561.0,21.446,21.30
50389,252,S4,564.0,21.491,21.30
50390,252,S4,567.0,21.511,21.30
50391,252,S4,570.0,21.496,21.30
50392,252,S4,573.0,21.477,21.30
50393,252,S4,576.0,21.392,21.30
50394,252,S4,579.0,21.462,21.30
50395,252,S4,582.0,21.361,21.30
50396,252,S4,585.0,21.451,21.30
50397,252,S4,588.0,21.417,21.30
50398,252,S4,591.0,21.427,21.30
50399,252,S4,594.0,21.440,21.30
50400,252,S4,597.0,21.404,21.30
50401,253,S1,0.0,86.780,21.12
50402,253,S1,3.0,84.892,21.12
50403,253,S1,6.0,83.133,21.12
50404,253,S1,9.0,81.283,21.12
50405,253,S1,12.0,79.599,21.12
50406,253,S1,15.0,77.973,21.12
50407,253,S1,18.0,76.198,21.12
50408,253,S1,21.0,74.684,21.12
50409,253,S1,24.0,73.228,21.12
50410,253,S1,27.0,71.731,21.12
50411,253,S1,30.0,70.203,21.12
50412,253,S1,33.0,68.966,21.12
50413,253,S1,36.0,67.491,21.12
50414,253,S1,39.0,66.210,21.12
50415,253,S1,42.0,64.790,21.12
50416,253,S1,45.0,63.594,21.12
50417,253,S1,48.0,62.410,21.12
50418,253,S1,51.0,61.225,21.12
50419,253,S1,54.0,60.113,21.12
50420,253,S1,57.0,58.995,21.12
50421,253,S1,60.0,57.927,21.12
50422,253,S1,63.0,56.835,21.12
50423,253,S1,66.0,55.818,21.12
50424,253,S1,69.0,54.777,21.12
50425,253,S1,72.0,53.866,21.12
50426,253,S1,75.0,52.929,21.12
50427,253,S1,78.0,51.991,21.12
50428,253,S1,81.0,51.106,21.12
50429,253,S1,84.0,50.279,21.12
50430,253,S1,87.0,49.375,21.12
50431,253,S1,90.0,48.679,21.12
50432,253,S1,93.0,47.876,21.12
50433,253,S1,96.0,47.074,21.12
50434,253,S1,99.0,46.329,21.12
50435,253,S1,102.0,45.671,21.12
50436,253,S1,105.0,44.922,21.12
50437,253,S1,108.0,44.269,21.12
50438,253,S1,111.0,43.462,21.12
50439,253,S1,114.0,42.916,21.12
50440,253,S1,117.0,42.337,21.12
50441,253,S1,120.0,41.829,21.12
50442,253,S1,123.0,41.121,21.12
50443,253,S1,126.0,40.531,21.12
50444,253,S1,129.0,39.951,21.12
50445,253,S1,132.0,39.349,21.12
50446,253,S1,135.0,38.906,21.12
50447,253,S1,138.0,38.421,21.12
50448,253,S1,141.0,37.923,21.12
50449,253,S1,144.0,37.459,21.12
50450,253,S1,147.0,36.970,21.12
50451,253,S1,150.0,36.459,21.12
50452,253,S1,153.0,36.078,21.12
50453,253,S1,156.0,35.731,21.12
50454,253,S1,159.0,35.266,21.12
50455,253,S1,162.0,34.794,21.12
50456,253,S1,165.0,34.449,21.12
50457,253,S1,168.0,34.038,21.12
50458,253,S1,171.0,33.675,21.12
50459,253,S1,174.0,33.387,21.12
50460,253,S1,177.0,32.949,21.12
50461,253,S1,180.0,32.695,21.12
50462,253,S1,183.0,32.341,21.12
50463,253,S1,186.0,32.079,21.12
50464,253,S1,189.0,31.685,21.12
50465,253,S1,192.0,31.496,21.12
50466,253,S1,195.0,31.021,21.12
50467,253,S1,198.0,30.808,21.12
50468,253,S1,201.0,30.492,21.12
50469,253,S1,204.0,30.279,21.12
50470,253,S1,207.0,29.966,21.12
50471,253,S1,210.0,29.872,21.12
50472,253,S1,213.0,29.453,21.12
50473,253,S1,216.0,29.215,21.12
50474,253,S1,219.0,28.940,21.12
50475,253,S1,222.0,28.795,21.12
50476,253,S1,225.0,28.594,21.12
50477,253,S1,228.0,28.311,21.12
50478,253,S1,231.0,28.090,21.12
50479,253,S1,234.0,28.005,21.12
50480,253,S1,237.0,27.750,21.12
50481,253,S1,240.0,27.483,21.12
50482,253,S1,243.0,27.349,21.12
50483,253,S1,246.0,27.274,21.12
50484,253,S1,249.0,27.053,21.12
50485,253,S1,252.0,26.958,21.12
50486,253,S1,255.0,26.666,21.12
50487,253,S1,258.0,26.474,21.12
50488,253,S1,261.0,26.425,21.12
50489,253,S1,264.0,26.233,21.12
50490,253,S1,267.0,26.081,21.12
50491,253,S1,270.0,26.033,21.12
50492,253,S1,273.0,25.808,21.12
50493,253,S1,276.0,25.664,21.12
50494,253,S1,279.0,25.463,21.12
50495,253,S1,282.0,25.418,21.12
50496,253,S1,285.0,25.216,21.12
50497,253,S1,288.0,25.171,21.12
50498,253,S1,291.0,25.109,21.12
50499,253,S1,294.0,24.906,21.12
50500,253,S1,297.0,24.888,21.12
50501,253,S1,300.0,24.635,21.12
50502,253,S1,303.0,24.592,21.12
50503,253,S1,306.0,24.506,21.12
50504,253,S1,309.0,24.428,21.12
50505,253,S1,312.0,24.440,21.12
50506,253,S1,315.0,24.281,21.12
50507,253,S1,318.0,24.273,21.12
50508,253,S1,321.0,24.073,21.12
50509,253,S1,324.0,23.914,21.12
50510,253,S1,327.0,23.959,21.12
50511,253,S1,330.0,23.819,21.12
50512,253,S1,333.0,23.695,21.12
50513,253,S1,336.0,23.674,21.12
50514,253,S1,339.0,23.567,21.12
50515,253,S1,342.0,23.499,21.12
50516,253,S1,345.0,23.448,21.12
50517,253,S1,348.0,23.383,21.12
50518,253,S1,351.0,23.298,21.12
50519,253,S1,354.0,23.303,21.12
50520,253,S1,357.0,23.214,21.12
50521,253,S1,360.0,23.079,21.12
50522,253,S1,363.0,23.130,21.12
50523,253,S1,366.0,22.993,21.12
50524,253,S1,369.0,22.929,21.12
50525,253,S1,372.0,22.905,21.12
50526,253,S1,375.0,22.887,21.12
50527,253,S1,378.0,22.769,21.12
50528,253,S1,381.0,22.752,21.12
50529,253,S1,384.0,22.720,21.12
50530,253,S1,387.0,22.647,21.12
50531,253,S1,390.0,22.661,21.12
50532,253,S1,393.0,22.654,21.12
50533,253,S1,396.0,22.533,21.12
50534,253,S1,399.0,22.494,21.12
50535,253,S1,402.0,22.439,21.12
50536,253,S1,405.0,22.404,21.12
50537,253,S1,408.0,22.357,21.12
50538,253,S1,411.0,22.317,21.12
50539,253,S1,414.0,22.290,21.12
50540,253,S1,417.0,22.365,21.12
50541,253,S1,420.0,22.267,21.12
50542,253,S1,423.0,22.254,21.12
50543,253,S1,426.0,22.231,21.12
50544,253,S1,429.0,22.165,21.12
50545,253,S1,432.0,22.107,21.12
50546,253,S1,435.0,22.143,21.12
50547,253,S1,438.0,22.116,21.12
50548,253,S1,441.0,22.048,21.12
50549,253,S1,444.0,21.994,21.12
50550,253,S1,447.0,22.037,21.12
50551,253,S1,450.0,21.972,21.12
50552,253,S1,453.0,21.939,21.12
50553,253,S1,456.0,21.916,21.12
50554,253,S1,459.0,21.921,21.12
50555,253,S1,462.0,21.838,21.12
50556,253,S1,465.0,21.813,21.12
50557,253,S1,468.0,21.835,21.12
50558,253,S1,471.0,21.852,21.12
50559,253,S1,474.0,21.772,21.12
50560,253,S1,477.0,21.777,21.12
50561,253,S1,480.0,21.717,21.12
50562,253,S1,483.0,21.747,21.12
50563,253,S1,486.0,21.667,21.12
50564,253,S1,489.0,21.844,21.12
50565,253,S1,492.0,21.687,21.12
50566,253,S1,495.0,21.768,21.12
50567,253,S1,498.0,21.658,21.12
50568,253,S1,501.0,21.686,21.12
50569,253,S1,504.0,21.765,21.12
50570,253,S1,507.0,21.568,21.12
50571,253,S1,510.0,21.641,21.12
50572,253,S1,513.0,21.558,21.12
50573,253,S1,516.0,21.598,21.12
50574,253,S1,519.0,21.534,21.12
50575,253,S1,522.0,21.506,21.12
50576,253,S1,525.0,21.554,21.12
50577,253,S1,528.0,21.437,21.12
50578,253,S1,531.0,21.454,21.12
50579,253,S1,534.0,21.570,21.12
50580,253,S1,537.0,21.493,21.12
50581,253,S1,540.0,21.567,21.12
50582,253,S1,543.0,21.448,21.12
50583,253,S1,546.0,21.372,21.12
50584,253,S1,549.0,21.460,21.12
50585,253,S1,552.0,21.455,21.12
50586,253,S1,555.0,21.409,21.12
50587,253,S1,558.0,21.386,21.12
50588,253,S1,561.0,21.460,21.12
50589,253,S1,564.0,21.389,21.12
50590,253,S1,567.0,21.386,21.12
50591,253,S1,570.0,21.352,21.12
50592,253,S1,573.0,21.425,21.12
50593,253,S1,576.0,21.393,21.12
50594,253,S1,579.0,21.368,21.12
50595,253,S1,582.0,21.262,21.12
50596,253,S1,585.0,21.395,21.12
50597,253,S1,588.0,21.329,21.12
50598,253,S1,591.0,21.348,21.12
50599,253,S1,594.0,21.317,21.12
50600,253,S1,597.0,21.301,21.12
50601,254,S2,0.0,85.127,22.21
50602,254,S2,3.0,84.232,22.21
50603,254,S2,6.0,83.247,22.21
50604,254,S2,9.0,82.448,22.21
50605,254,S2,12.0,81.565,22.21
50606,254,S2,15.0,80.640,22.21
50607,254,S2,18.0,79.807,22.21
50608,254,S2,21.0,78.887,22.21
50609,254,S2,24.0,78.153,22.21
50610,254,S2,27.0,77.419,22.21
50611,254,S2,30.0,76.483,22.21
50612,254,S2,33.0,75.791,22.21
50613,254,S2,36.0,74.976,22.21
50614,254,S2,39.0,74.149,22.21
50615,254,S2,42.0,73.409,22.21
50616,254,S2,45.0,72.690,22.21
50617,254,S2,48.0,71.901,22.21
50618,254,S2,51.0,71.268,22.21
50619,254,S2,54.0,70.466,22.21
50620,254,S2,57.0,69.840,22.21
50621,254,S2,60.0,69.102,22.21
50622,254,S2,63.0,68.478,22.21
50623,254,S2,66.0,67.802,22.21
50624,254,S2,69.0,67.020,22.21
50625,254,S2,72.0,66.423,22.21
50626,254,S2,75.0,65.824,22.21
50627,254,S2,78.0,65.210,22.21
50628,254,S2,81.0,64.486,22.21
50629,254,S2,84.0,63.932,22.21
50630,254,S2,87.0,63.277,22.21
50631,254,S2,90.0,62.740,22.21
50632,254,S2,93.0,62.051,22.21
50633,254,S2,96.0,61.497,22.21
50634,254,S2,99.0,60.877,22.21
50635,254,S2,102.0,60.351,22.21
50636,254,S2,105.0,59.852,22.21
50637,254,S2,108.0,59.268,22.21
50638,254,S2,111.0,58.732,22.21
50639,254,S2,114.0,58.133,22.21
50640,254,S2,117.0,57.654,22.21
50641,254,S2,120.0,57.159,22.21
50642,254,S2,123.0,56.708,22.21
50643,254,S2,126.0,56.040,22.21
50644,254,S2,129.0,55.640,22.21
50645,254,S2,132.0,55.099,22.21
50646,254,S2,135.0,54.692,22.21
50647,254,S2,138.0,54.241,22.21
50648,254,S2,141.0,53.757,22.21
50649,254,S2,144.0,53.240,22.21
50650,254,S2,147.0,52.791,22.21
50651,254,S2,150.0,52.418,22.21
50652,254,S2,153.0,51.824,22.21
50653,254,S2,156.0,51.491,22.21
50654,254,S2,159.0,51.096,22.21
50655,254,S2,162.0,50.542,22.21
50656,254,S2,165.0,50.209,22.21
50657,254,S2,168.0,49.808,22.21
50658,254,S2,171.0,49.429,22.21
50659,254,S2,174.0,48.988,22.21
50660,254,S2,177.0,48.599,22.21
50661,254,S2,180.0,48.255,22.21
50662,254,S2,183.0,47.830,22.21
50663,254,S2,186.0,47.399,22.21
50664,254,S2,189.0,47.026,22.21
50665,254,S2,192.0,46.637,22.21
50666,254,S2,195.0,46.316,22.21
50667,254,S2,198.0,46.025,22.21
50668,254,S2,201.0,45.646,22.21
50669,254,S2,204.0,45.273,22.21
50670,254,S2,207.0,44.978,22.21
50671,254,S2,210.0,44.692,22.21
50672,254,S2,213.0,44.257,22.21
50673,254,S2,216.0,44.041,22.21
50674,254,S2,219.0,43.670,22.21
50675,254,S2,222.0,43.385,22.21
50676,254,S2,225.0,43.011,22.21
50677,254,S2,228.0,42.638,22.21
50678,254,S2,231.0,42.438,22.21
50679,254,S2,234.0,42.041,22.21
50680,254,S2,237.0,41.933,22.21
50681,254,S2,240.0,41.564,22.21
50682,254,S2,243.0,41.310,22.21
50683,254,S2,246.0,40.943,22.21
50684,254,S2,249.0,40.742,22.21
50685,254,S2,252.0,40.489,22.21
50686,254,S2,255.0,40.140,22.21
50687,254,S2,258.0,40.003,22.21
50688,254,S2,261.0,39.706,22.21
50689,254,S2,264.0,39.456,22.21
50690,254,S2,267.0,39.131,22.21
50691,254,S2,270.0,38.940,22.21
50692,254,S2,273.0,38.713,22.21
50693,254,S2,276.0,38.474,22.21
50694,254,S2,279.0,38.261,22.21
50695,254,S2,282.0,38.037,22.21
50696,254,S2,285.0,37.783,22.21
50697,254,S2,288.0,37.472,22.21
50698,254,S2,291.0,37.277,22.21
50699,254,S2,294.0,37.106,22.21
50700,254,S2,297.0,36.804,22.21
50701,254,S2,300.0,36.649,22.21
50702,254,S2,303.0,36.392,22.21
50703,254,S2,306.0,36.347,22.21
50704,254,S2,309.0,35.998,22.21
50705,254,S2,312.0,35.822,22.21
50706,254,S2,315.0,35.640,22.21
50707,254,S2,318.0,35.450,22.21
50708,254,S2,321.0,35.266,22.21
50709,254,S2,324.0,35.016,22.21
50710,254,S2,327.0,34.972,22.21
50711,254,S2,330.0,34.628,22.21
50712,254,S2,333.0,34.569,22.21
50713,254,S2,336.0,34.300,22.21
50714,254,S2,339.0,34.069,22.21
50715,254,S2,342.0,33.861,22.21
50716,254,S2,345.0,33.806,22.21
50717,254,S2,348.0,33.723,22.21
50718,254,S2,351.0,33.411,22.21
50719,254,S2,354.0,33.270,22.21
50720,254,S2,357.0,33.066,22.21
50721,254,S2,360.0,32.951,22.21
50722,254,S2,363.0,32.751,22.21
50723,254,S2,366.0,32.624,22.21
50724,254,S2,369.0,32.565,22.21
50725,254,S2,372.0,32.410,22.21
50726,254,S2,375.0,32.248,22.21
50727,254,S2,378.0,32.069,22.21
50728,254,S2,381.0,31.875,22.21
50729,254,S2,384.0,31.798,22.21
50730,254,S2,387.0,31.658,22.21
50731,254,S2,390.0,31.567,22.21
50732,254,S2,393.0,31.381,22.21
50733,254,S2,396.0,31.238,22.21
50734,254,S2,399.0,31.202,22.21
50735,254,S2,402.0,30.953,22.21
50736,254,S2,405.0,30.839,22.21
50737,254,S2,408.0,30.669,22.21
50738,254,S2,411.0,30.509,22.21
50739,254,S2,414.0,30.441,22.21
50740,254,S2,417.0,30.349,22.21
50741,254,S2,420.0,30.291,22.21
50742,254,S2,423.0,30.030,22.21
50743,254,S2,426.0,29.925,22.21
50744,254,S2,429.0,29.925,22.21
50745,254,S2,432.0,29.653,22.21
50746,254,S2,435.0,29.644,22.21
50747,254,S2,438.0,29.468,22.21
50748,254,S2,441.0,29.586,22.21
50749,254,S2,444.0,29.337,22.21
50750,254,S2,447.0,29.152,22.21
50751,254,S2,450.0,29.194,22.21
50752,254,S2,453.0,29.002,22.21
50753,254,S2,456.0,28.906,22.21
50754,254,S2,459.0,28.926,22.21
50755,254,S2,462.0,28.768,22.21
50756,254,S2,465.0,28.653,22.21
50757,254,S2,468.0,28.530,22.21
50758,254,S2,471.0,28.427,22.21
50759,254,S2,474.0,28.223,22.21
50760,254,S2,477.0,28.282,22.21
50761,254,S2,480.0,28.161,22.21
50762,254,S2,483.0,28.044,22.21
50763,254,S2,486.0,27.959,22.21
50764,254,S2,489.0,27.857,22.21
50765,254,S2,492.0,27.771,22.21
50766,254,S2,495.0,27.739,22.21
50767,254,S2,498.0,27.666,22.21
50768,254,S2,501.0,27.584,22.21
50769,254,S2,504.0,27.473,22.21
50770,254,S2,507.0,27.461,22.21
50771,254,S2,510.0,27.391,22.21
50772,254,S2,513.0,27.241,22.21
50773,254,S2,516.0,27.166,22.21
50774,254,S2,519.0,27.111,22.21
50775,254,S2,522.0,27.055,22.21
50776,254,S2,525.0,26.963,22.21
50777,254,S2,528.0,26.954,22.21
50778,254,S2,531.0,26.847,22.21
50779,254,S2,534.0,26.757,22.21
50780,254,S2,537.0,26.637,22.21
50781,254,S2,540.0,26.636,22.21
50782,254,S2,543.0,26.646,22.21
50783,254,S2,546.0,26.445,22.21
50784,254,S2,549.0,26.508,22.21
50785,254,S2,552.0,26.284,22.21
50786,254,S2,555.0,26.394,22.21
50787,254,S2,558.0,26.379,22.21
50788,254,S2,561.0,26.233,22.21
50789,254,S2,564.0,26.195,22.21
50790,254,S2,567.0,26.056,22.21
50791,254,S2,570.0,26.038,22.21
50792,254,S2,573.0,25.822,22.21
50793,254,S2,576.0,25.934,22.21
50794,254,S2,579.0,25.897,22.21
50795,254,S2,582.0,25.848,22.21
50796,254,S2,585.0,25.792,22.21
50797,254,S2,588.0,25.792,22.21
50798,254,S2,591.0,25.627,22.21
50799,254,S2,594.0,25.601,22.21
50800,254,S2,597.0,25.493,22.21
50801,255,S3,0.0,78.490,20.72
50802,255,S3,3.0,77.261,20.72
50803,255,S3,6.0,75.993,20.72
50804,255,S3,9.0,74.892,20.72
50805,255,S3,12.0,73.622,20.72
50806,255,S3,15.0,72.518,20.72
50807,255,S3,18.0,71.272,20.72
50808,255,S3,21.0,70.215,20.72
50809,255,S3,24.0,68.938,20.72
50810,255,S3,27.0,67.933,20.72
50811,255,S3,30.0,66.906,20.72
50812,255,S3,33.0,65.914,20.72
50813,255,S3,36.0,64.877,20.72
50814,255,S3,39.0,63.881,20.72
50815,255,S3,42.0,62.874,20.72
50816,255,S3,45.0,61.943,20.72
50817,255,S3,48.0,61.019,20.72
50818,255,S3,51.0,60.253,20.72
50819,255,S3,54.0,59.224,20.72
50820,255,S3,57.0,58.380,20.72
50821,255,S3,60.0,57.519,20.72
50822,255,S3,63.0,56.817,20.72
50823,255,S3,66.0,56.002,20.72
50824,255,S3,69.0,55.088,20.72
50825,255,S3,72.0,54.481,20.72
50826,255,S3,75.0,53.556,20.72
50827,255,S3,78.0,52.875,20.72
50828,255,S3,81.0,52.281,20.72
50829,255,S3,84.0,51.538,20.72
50830,255,S3,87.0,50.760,20.72
50831,255,S3,90.0,50.161,20.72
50832,255,S3,93.0,49.508,20.72
50833,255,S3,96.0,48.829,20.72
50834,255,S3,99.0,48.201,20.72
50835,255,S3,102.0,47.525,20.72
50836,255,S3,105.0,47.039,20.72
50837,255,S3,108.0,46.444,20.72
50838,255,S3,111.0,45.890,20.72
50839,255,S3,114.0,45.326,20.72
50840,255,S3,117.0,44.773,20.72
50841,255,S3,120.0,44.223,20.72
50842,255,S3,123.0,43.675,20.72
50843,255,S3,126.0,43.111,20.72
50844,255,S3,129.0,42.594,20.72
50845,255,S3,132.0,42.204,20.72
50846,255,S3,135.0,41.630,20.72
50847,255,S3,138.0,41.223,20.72
50848,255,S3,141.0,40.737,20.72
50849,255,S3,144.0,40.382,20.72
50850,255,S3,147.0,39.902,20.72
50851,255,S3,150.0,39.416,20.72
50852,255,S3,153.0,38.977,20.72
50853,255,S3,156.0,38.687,20.72
50854,255,S3,159.0,38.243,20.72
50855,255,S3,162.0,37.791,20.72
50856,255,S3,165.0,37.456,20.72
50857,255,S3,168.0,37.089,20.72
50858,255,S3,171.0,36.692,20.72
50859,255,S3,174.0,36.399,20.72
50860,255,S3,177.0,35.964,20.72
50861,255,S3,180.0,35.711,20.72
50862,255,S3,183.0,35.310,20.72
50863,255,S3,186.0,34.982,20.72
50864,255,S3,189.0,34.737,20.72
50865,255,S3,192.0,34.305,20.72
50866,255,S3,195.0,34.121,20.72
50867,255,S3,198.0,33.792,20.72
50868,255,S3,201.0,33.498,20.72
50869,255,S3,204.0,33.356,20.72
50870,255,S3,207.0,33.006,20.72
50871,255,S3,210.0,32.624,20.72
50872,255,S3,213.0,32.383,20.72
50873,255,S3,216.0,32.145,20.72
50874,255,S3,219.0,31.915,20.72
50875,255,S3,222.0,31.601,20.72
50876,255,S3,225.0,31.359,20.72
50877,255,S3,228.0,31.086,20.72
50878,255,S3,231.0,30.992,20.72
50879,255,S3,234.0,30.655,20.72
50880,255,S3,237.0,30.556,20.72
50881,255,S3,240.0,30.256,20.72
50882,255,S3,243.0,30.061,20.72
50883,255,S3,246.0,29.848,20.72
50884,255,S3,249.0,29.607,20.72
50885,255,S3,252.0,29.461,20.72
50886,255,S3,255.0,29.267,20.72
50887,255,S3,258.0,29.072,20.72
50888,255,S3,261.0,28.785,20.72
50889,255,S3,264.0,28.689,20.72
50890,255,S3,267.0,28.565,20.72
50891,255,S3,270.0,28.282,20.72
50892,255,S3,273.0,28.269,20.72
50893,255,S3,276.0,28.027,20.72
50894,255,S3,279.0,27.830,20.72
50895,255,S3,282.0,27.731,20.72
50896,255,S3,285.0,27.427,20.72
50897,255,S3,288.0,27.331,20.72
50898,255,S3,291.0,27.200,20.72
50899,255,S3,294.0,27.004,20.72
50900,255,S3,297.0,26.960,20.72
50901,255,S3,300.0,26.832,20.72
50902,255,S3,303.0,26.695,20.72
50903,255,S3,306.0,26.550,20.72
50904,255,S3,309.0,26.371,20.72
50905,255,S3,312.0,26.238,20.72
50906,255,S3,315.0,26.102,20.72
50907,255,S3,318.0,26.033,20.72
50908,255,S3,321.0,25.848,20.72
50909,255,S3,324.0,25.854,20.72
50910,255,S3,327.0,25.680,20.72
50911,255,S3,330.0,25.526,20.72
50912,255,S3,333.0,25.466,20.72
50913,255,S3,336.0,25.263,20.72
50914,255,S3,339.0,25.223,20.72
50915,255,S3,342.0,25.154,20.72
50916,255,S3,345.0,24.997,20.72
50917,255,S3,348.0,25.031,20.72
50918,255,S3,351.0,24.727,20.72
50919,255,S3,354.0,24.819,20.72
50920,255,S3,357.0,24.673,20.72
50921,255,S3,360.0,24.602,20.72
50922,255,S3,363.0,24.415,20.72
50923,255,S3,366.0,24.319,20.72
50924,255,S3,369.0,24.385,20.72
50925,255,S3,372.0,24.295,20.72
50926,255,S3,375.0,24.208,20.72
50927,255,S3,378.0,24.115,20.72
50928,255,S3,381.0,24.100,20.72
50929,255,S3,384.0,23.937,20.72
50930,255,S3,387.0,23.763,20.72
50931,255,S3,390.0,23.825,20.72
50932,255,S3,393.0,23.736,20.72
50933,255,S3,396.0,23.594,20.72
50934,255,S3,399.0,23.569,20.72
50935,255,S3,402.0,23.501,20.72
50936,255,S3,405.0,23.439,20.72
50937,255,S3,408.0,23.441,20.72
50938,255,S3,411.0,23.343,20.72
50939,255,S3,414.0,23.296,20.72
50940,255,S3,417.0,23.156,20.72
50941,255,S3,420.0,23.173,20.72
50942,255,S3,423.0,23.071,20.72
50943,255,S3,426.0,23.170,20.72
50944,255,S3,429.0,22.975,20.72
50945,255,S3,432.0,22.909,20.72
50946,255,S3,435.0,22.908,20.72
50947,255,S3,438.0,22.809,20.72
50948,255,S3,441.0,22.822,20.72
50949,255,S3,444.0,22.735,20.72
50950,255,S3,447.0,22.656,20.72
50951,255,S3,450.0,22.713,20.72
50952,255,S3,453.0,22.601,20.72
50953,255,S3,456.0,22.519,20.72
50954,255,S3,459.0,22.550,20.72
50955,255,S3,462.0,22.559,20.72
50956,255,S3,465.0,22.555,20.72
50957,255,S3,468.0,22.402,20.72
50958,255,S3,471.0,22.549,20.72
50959,255,S3,474.0,22.388,20.72
50960,255,S3,477.0,22.248,20.72
50961,255,S3,480.0,22.232,20.72
50962,255,S3,483.0,22.251,20.72
50963,255,S3,486.0,22.238,20.72
50964,255,S3,489.0,22.176,20.72
50965,255,S3,492.0,22.133,20.72
50966,255,S3,495.0,22.222,20.72
50967,255,S3,498.0,22.173,20.72
50968,255,S3,501.0,22.049,20.72
50969,255,S3,504.0,22.034,20.72
50970,255,S3,507.0,21.923,20.72
50971,255,S3,510.0,21.870,20.72
50972,255,S3,513.0,21.977,20.72
50973,255,S3,516.0,21.900,20.72
50974,255,S3,519.0,21.855,20.72
50975,255,S3,522.0,21.944,20.72
50976,255,S3,525.0,21.814,20.72
50977,255,S3,528.0,21.913,20.72
50978,255,S3,531.0,21.803,20.72
50979,255,S3,534.0,21.750,20.72
50980,255,S3,537.0,21.776,20.72
50981,255,S3,540.0,21.745,20.72
50982,255,S3,543.0,21.649,20.72
50983,255,S3,546.0,21.684,20.72
50984,255,S3,549.0,21.728,20.72
50985,255,S3,552.0,21.611,20.72
50986,255,S3,555.0,21.607,20.72
50987,255,S3,558.0,21.618,20.72
50988,255,S3,561.0,21.589,20.72
50989,255,S3,564.0,21.487,20.72
50990,255,S3,567.0,21.532,20.72
50991,255,S3,570.0,21.513,20.72
50992,255,S3,573.0,21.521,20.72
50993,255,S3,576.0,21.494,20.72
50994,255,S3,579.0,21.495,20.72
50995,255,S3,582.0,21.399,20.72
50996,255,S3,585.0,21.479,20.72
50997,255,S3,588.0,21.396,20.72
50998,255,S3,591.0,21.430,20.72
50999,255,S3,594.0,21.403,20.72
51000,255,S3,597.0,21.335,20.72
51001,256,S4,0.0,71.880,20.31
51002,256,S4,3.0,70.957,20.31
51003,256,S4,6.0,70.227,20.31
51004,256,S4,9.0,69.436,20.31
51005,256,S4,12.0,68.654,20.31
51006,256,S4,15.0,67.789,20.31
51007,256,S4,18.0,67.006,20.31
51008,256,S4,21.0,66.283,20.31
51009,256,S4,24.0,65.572,20.31
51010,256,S4,27.0,64.890,20.31
51011,256,S4,30.0,64.092,20.31
51012,256,S4,33.0,63.493,20.31
51013,256,S4,36.0,62.764,20.31
51014,256,S4,39.0,62.050,20.31
51015,256,S4,42.0,61.419,20.31
51016,256,S4,45.0,60.769,20.31
51017,256,S4,48.0,60.068,20.31
51018,256,S4,51.0,59.461,20.31
51019,256,S4,54.0,58.827,20.31
51020,256,S4,57.0,58.148,20.31
51021,256,S4,60.0,57.599,20.31
51022,256,S4,63.0,56.867,20.31
51023,256,S4,66.0,56.285,20.31
51024,256,S4,69.0,55.773,20.31
51025,256,S4,72.0,55.252,20.31
51026,256,S4,75.0,54.614,20.31
51027,256,S4,78.0,54.175,20.31
51028,256,S4,81.0,53.637,20.31
51029,256,S4,84.0,52.971,20.31
51030,256,S4,87.0,52.472,20.31
51031,256,S4,90.0,51.988,20.31
51032,256,S4,93.0,51.454,20.31
51033,256,S4,96.0,50.927,20.31
51034,256,S4,99.0,50.509,20.31
51035,256,S4,102.0,49.904,20.31
51036,256,S4,105.0,49.466,20.31
51037,256,S4,108.0,49.139,20.31
51038,256,S4,111.0,48.474,20.31
51039,256,S4,114.0,48.184,20.31
51040,256,S4,117.0,47.660,20.31
51041,256,S4,120.0,47.141,20.31
51042,256,S4,123.0,46.697,20.31
51043,256,S4,126.0,46.324,20.31
51044,256,S4,129.0,45.959,20.31
51045,256,S4,132.0,45.478,20.31
51046,256,S4,135.0,45.221,20.31
51047,256,S4,138.0,44.717,20.31
51048,256,S4,141.0,44.382,20.31
51049,256,S4,144.0,44.067,20.31
51050,256,S4,147.0,43.605,20.31
51051,256,S4,150.0,43.153,20.31
51052,256,S4,153.0,42.801,20.31
51053,256,S4,156.0,42.409,20.31
51054,256,S4,159.0,42.051,20.31
51055,256,S4,162.0,41.719,20.31
51056,256,S4,165.0,41.305,20.31
51057,256,S4,168.0,41.128,20.31
51058,256,S4,171.0,40.732,20.31
51059,256,S4,174.0,40.430,20.31
51060,256,S4,177.0,40.026,20.31
51061,256,S4,180.0,39.811,20.31
51062,256,S4,183.0,39.515,20.31
51063,256,S4,186.0,39.034,20.31
51064,256,S4,189.0,38.815,20.31
51065,256,S4,192.0,38.501,20.31
51066,256,S4,195.0,38.235,20.31
51067,256,S4,198.0,37.967,20.31
51068,256,S4,201.0,37.639,20.31
51069,256,S4,204.0,37.361,20.31
51070,256,S4,207.0,37.093,20.31
51071,256,S4,210.0,36.888,20.31
51072,256,S4,213.0,36.558,20.31
51073,256,S4,216.0,36.314,20.31
51074,256,S4,219.0,36.096,20.31
51075,256,S4,222.0,35.813,20.31
51076,256,S4,225.0,35.529,20.31
51077,256,S4,228.0,35.261,20.31
51078,256,S4,231.0,35.176,20.31
51079,256,S4,234.0,34.902,20.31
51080,256,S4,237.0,34.625,20.31
51081,256,S4,240.0,34.384,20.31
51082,256,S4,243.0,34.176,20.31
51083,256,S4,246.0,33.870,20.31
51084,256,S4,249.0,33.641,20.31
51085,256,S4,252.0,33.457,20.31
51086,256,S4,255.0,33.320,20.31
51087,256,S4,258.0,33.088,20.31
51088,256,S4,261.0,32.927,20.31
51089,256,S4,264.0,32.587,20.31
51090,256,S4,267.0,32.470,20.31
51091,256,S4,270.0,32.323,20.31
51092,256,S4,273.0,32.076,20.31
51093,256,S4,276.0,31.954,20.31
51094,256,S4,279.0,31.735,20.31
51095,256,S4,282.0,31.566,20.31
51096,256,S4,285.0,31.306,20.31
51097,256,S4,288.0,31.151,20.31
51098,256,S4,291.0,30.949,20.31
51099,256,S4,294.0,30.744,20.31
51100,256,S4,297.0,30.669,20.31
51101,256,S4,300.0,30.519,20.31
51102,256,S4,303.0,30.170,20.31
51103,256,S4,306.0,30.167,20.31
51104,256,S4,309.0,29.945,20.31
51105,256,S4,312.0,29.853,20.31
51106,256,S4,315.0,29.659,20.31
51107,256,S4,318.0,29.498,20.31
51108,256,S4,321.0,29.362,20.31
51109,256,S4,324.0,29.173,20.31
51110,256,S4,327.0,29.172,20.31
51111,256,S4,330.0,28.959,20.31
51112,256,S4,333.0,28.791,20.31
51113,256,S4,336.0,28.585,20.31
51114,256,S4,339.0,28.556,20.31
51115,256,S4,342.0,28.402,20.31
51116,256,S4,345.0,28.274,20.31
51117,256,S4,348.0,28.158,20.31
51118,256,S4,351.0,27.964,20.31
51119,256,S4,354.0,27.986,20.31
51120,256,S4,357.0,27.755,20.31
51121,256,S4,360.0,27.587,20.31
51122,256,S4,363.0,27.513,20.31
51123,256,S4,366.0,27.381,20.31
51124,256,S4,369.0,27.348,20.31
51125,256,S4,372.0,27.217,20.31
51126,256,S4,375.0,27.061,20.31
51127,256,S4,378.0,27.020,20.31
51128,256,S4,381.0,26.772,20.31
51129,256,S4,384.0,26.744,20.31
51130,256,S4,387.0,26.650,20.31
51131,256,S4,390.0,26.576,20.31
51132,256,S4,393.0,26.340,20.31
51133,256,S4,396.0,26.447,20.31
51134,256,S4,399.0,26.306,20.31
51135,256,S4,402.0,26.149,20.31
51136,256,S4,405.0,26.125,20.31
51137,256,S4,408.0,25.921,20.31
51138,256,S4,411.0,25.830,20.31
51139,256,S4,414.0,25.820,20.31
51140,256,S4,417.0,25.596,20.31
51141,256,S4,420.0,25.628,20.31
51142,256,S4,423.0,25.530,20.31
51143,256,S4,426.0,25.463,20.31
51144,256,S4,429.0,25.430,20.31
51145,256,S4,432.0,25.291,20.31
51146,256,S4,435.0,25.248,20.31
51147,256,S4,438.0,25.137,20.31
51148,256,S4,441.0,25.047,20.31
51149,256,S4,444.0,25.012,20.31
51150,256,S4,447.0,24.979,20.31
51151,256,S4,450.0,24.854,20.31
51152,256,S4,453.0,24.787,20.31
51153,256,S4,456.0,24.677,20.31
51154,256,S4,459.0,24.623,20.31
51155,256,S4,462.0,24.565,20.31
51156,256,S4,465.0,24.553,20.31
51157,256,S4,468.0,24.460,20.31
51158,256,S4,471.0,24.382,20.31
51159,256,S4,474.0,24.264,20.31
51160,256,S4,477.0,24.222,20.31
51161,256,S4,480.0,24.152,20.31
51162,256,S4,483.0,24.077,20.31
51163,256,S4,486.0,24.057,20.31
51164,256,S4,489.0,23.970,20.31
51165,256,S4,492.0,23.877,20.31
51166,256,S4,495.0,23.843,20.31
51167,256,S4,498.0,23.836,20.31
51168,256,S4,501.0,23.791,20.31
51169,256,S4,504.0,23.675,20.31
51170,256,S4,507.0,23.612,20.31
51171,256,S4,510.0,23.617,20.31
51172,256,S4,513.0,23.390,20.31
51173,256,S4,516.0,23.573,20.31
51174,256,S4,519.0,23.467,20.31
51175,256,S4,522.0,23.354,20.31
51176,256,S4,525.0,23.349,20.31
51177,256,S4,528.0,23.293,20.31
51178,256,S4,531.0,23.228,20.31
51179,256,S4,534.0,23.295,20.31
51180,256,S4,537.0,23.120,20.31
51181,256,S4,540.0,23.054,20.31
51182,256,S4,543.0,23.146,20.31
51183,256,S4,546.0,22.872,20.31
51184,256,S4,549.0,22.938,20.31
51185,256,S4,552.0,22.824,20.31
51186,256,S4,555.0,22.920,20.31
51187,256,S4,558.0,22.800,20.31
51188,256,S4,561.0,22.831,20.31
51189,256,S4,564.0,22.791,20.31
51190,256,S4,567.0,22.717,20.31
51191,256,S4,570.0,22.636,20.31
51192,256,S4,573.0,22.628,20.31
51193,256,S4,576.0,22.564,20.31
51194,256,S4,579.0,22.472,20.31
51195,256,S4,582.0,22.552,20.31
51196,256,S4,585.0,22.460,20.31
51197,256,S4,588.0,22.493,20.31
51198,256,S4,591.0,22.506,20.31
51199,256,S4,594.0,22.367,20.31
51200,256,S4,597.0,22.292,20.31
51201,257,S1,0.0,83.443,22.07
51202,257,S1,3.0,82.745,22.07
51203,257,S1,6.0,81.856,22.07
51204,257,S1,9.0,81.137,22.07
51205,257,S1,12.0,80.505,22.07
51206,257,S1,15.0,79.645,22.07
51207,257,S1,18.0,78.968,22.07
51208,257,S1,21.0,78.256,22.07
51209,257,S1,24.0,77.618,22.07
51210,257,S1,27.0,76.868,22.07
51211,257,S1,30.0,76.182,22.07
51212,257,S1,33.0,75.463,22.07
51213,257,S1,36.0,74.884,22.07
51214,257,S1,39.0,74.260,22.07
51215,257,S1,42.0,73.498,22.07
51216,257,S1,45.0,72.842,22.07
51217,257,S1,48.0,72.290,22.07
51218,257,S1,51.0,71.729,22.07
51219,257,S1,54.0,71.040,22.07
51220,257,S1,57.0,70.434,22.07
51221,257,S1,60.0,69.822,22.07
51222,257,S1,63.0,69.309,22.07
51223,257,S1,66.0,68.599,22.07
51224,257,S1,69.0,68.120,22.07
51225,257,S1,72.0,67.443,22.07
51226,257,S1,75.0,66.920,22.07
51227,257,S1,78.0,66.309,22.07
51228,257,S1,81.0,65.900,22.07
51229,257,S1,84.0,65.335,22.07
51230,257,S1,87.0,64.705,22.07
51231,257,S1,90.0,64.300,22.07
51232,257,S1,93.0,63.698,22.07
51233,257,S1,96.0,63.159,22.07
51234,257,S1,99.0,62.616,22.07
51235,257,S1,102.0,62.101,22.07
51236,257,S1,105.0,61.599,22.07
51237,257,S1,108.0,61.190,22.07
51238,257,S1,111.0,60.724,22.07
51239,257,S1,114.0,60.254,22.07
51240,257,S1,117.0,59.734,22.07
51241,257,S1,120.0,59.293,22.07
51242,257,S1,123.0,58.782,22.07
51243,257,S1,126.0,58.318,22.07
51244,257,S1,129.0,57.904,22.07
51245,257,S1,132.0,57.479,22.07
51246,257,S1,135.0,56.942,22.07
51247,257,S1,138.0,56.446,22.07
51248,257,S1,141.0,56.137,22.07
51249,257,S1,144.0,55.669,22.07
51250,257,S1,147.0,55.255,22.07
51251,257,S1,150.0,54.900,22.07
51252,257,S1,153.0,54.463,22.07
51253,257,S1,156.0,54.096,22.07
51254,257,S1,159.0,53.741,22.07
51255,257,S1,162.0,53.252,22.07
51256,257,S1,165.0,52.917,22.07
51257,257,S1,168.0,52.538,22.07
51258,257,S1,171.0,52.111,22.07
51259,257,S1,174.0,51.728,22.07
51260,257,S1,177.0,51.442,22.07
51261,257,S1,180.0,51.069,22.07
51262,257,S1,183.0,50.564,22.07
51263,257,S1,186.0,50.348,22.07
51264,257,S1,189.0,49.899,22.07
51265,257,S1,192.0,49.658,22.07
51266,257,S1,195.0,49.212,22.07
51267,257,S1,198.0,48.914,22.07
51268,257,S1,201.0,48.633,22.07
51269,257,S1,204.0,48.326,22.07
51270,257,S1,207.0,47.868,22.07
51271,257,S1,210.0,47.636,22.07
51272,257,S1,213.0,47.298,22.07
51273,257,S1,216.0,47.038,22.07
51274,257,S1,219.0,46.670,22.07
51275,257,S1,222.0,46.313,22.07
51276,257,S1,225.0,46.047,22.07
51277,257,S1,228.0,45.885,22.07
51278,257,S1,231.0,45.475,22.07
51279,257,S1,234.0,45.200,22.07
51280,257,S1,237.0,44.896,22.07
51281,257,S1,240.0,44.585,22.07
51282,257,S1,243.0,44.260,22.07
51283,257,S1,246.0,44.085,22.07
51284,257,S1,249.0,43.771,22.07
51285,257,S1,252.0,43.560,22.07
51286,257,S1,255.0,43.153,22.07
51287,257,S1,258.0,43.053,22.07
51288,257,S1,261.0,42.713,22.07
51289,257,S1,264.0,42.475,22.07
51290,257,S1,267.0,42.202,22.07
51291,257,S1,270.0,41.921,22.07
51292,257,S1,273.0,41.648,22.07
51293,257,S1,276.0,41.537,22.07
51294,257,S1,279.0,41.151,22.07
51295,257,S1,282.0,40.978,22.07
51296,257,S1,285.0,40.855,22.07
51297,257,S1,288.0,40.501,22.07
51298,257,S1,291.0,40.212,22.07
51299,257,S1,294.0,40.167,22.07
51300,257,S1,297.0,39.780,22.07
51301,257,S1,300.0,39.646,22.07
51302,257,S1,303.0,39.378,22.07
51303,257,S1,306.0,39.232,22.07
51304,257,S1,309.0,38.952,22.07
51305,257,S1,312.0,38.791,22.07
51306,257,S1,315.0,38.629,22.07
51307,257,S1,318.0,38.356,22.07
51308,257,S1,321.0,38.106,22.07
51309,257,S1,324.0,37.932,22.07
51310,257,S1,327.0,37.716,22.07
51311,257,S1,330.0,37.567,22.07
51312,257,S1,333.0,37.386,22.07
51313,257,S1,336.0,37.170,22.07
51314,257,S1,339.0,36.958,22.07
51315,257,S1,342.0,36.889,22.07
51316,257,S1,345.0,36.613,22.07
51317,257,S1,348.0,36.353,22.07
51318,257,S1,351.0,36.276,22.07
51319,257,S1,354.0,36.065,22.07
51320,257,S1,357.0,35.854,22.07
51321,257,S1,360.0,35.733,22.07
51322,257,S1,363.0,35.521,22.07
51323,257,S1,366.0,35.446,22.07
51324,257,S1,369.0,35.139,22.07
51325,257,S1,372.0,35.053,22.07
51326,257,S1,375.0,34.859,22.07
51327,257,S1,378.0,34.753,22.07
51328,257,S1,381.0,34.558,22.07
51329,257,S1,384.0,34.372,22.07
51330,257,S1,387.0,34.271,22.07
51331,257,S1,390.0,34.224,22.07
51332,257,S1,393.0,34.006,22.07
51333,257,S1,396.0,33.711,22.07
51334,257,S1,399.0,33.766,22.07
51335,257,S1,402.0,33.535,22.07
51336,257,S1,405.0,33.287,22.07
51337,257,S1,408.0,33.146,22.07
51338,257,S1,411.0,33.140,22.07
51339,257,S1,414.0,32.965,22.07
51340,257,S1,417.0,32.890,22.07
51341,257,S1,420.0,32.642,22.07
51342,257,S1,423.0,32.719,22.07
51343,257,S1,426.0,32.445,22.07
51344,257,S1,429.0,32.390,22.07
51345,257,S1,432.0,32.272,22.07
51346,257,S1,435.0,32.047,22.07
51347,257,S1,438.0,31.875,22.07
51348,257,S1,441.0,31.903,22.07
51349,257,S1,444.0,31.707,22.07
51350,257,S1,447.0,31.533,22.07
51351,257,S1,450.0,31.429,22.07
51352,257,S1,453.0,31.383,22.07
51353,257,S1,456.0,31.241,22.07
51354,257,S1,459.0,31.150,22.07
51355,257,S1,462.0,30.886,22.07
51356,257,S1,465.0,30.886,22.07
51357,257,S1,468.0,30.797,22.07
51358,257,S1,471.0,30.680,22.07
51359,257,S1,474.0,30.545,22.07
51360,257,S1,477.0,30.541,22.07
51361,257,S1,480.0,30.416,22.07
51362,257,S1,483.0,30.179,22.07
51363,257,S1,486.0,30.095,22.07
51364,257,S1,489.0,30.143,22.07
51365,257,S1,492.0,29.980,22.07
51366,257,S1,495.0,29.855,22.07
51367,257,S1,498.0,29.824,22.07
51368,257,S1,501.0,29.687,22.07
51369,257,S1,504.0,29.553,22.07
51370,257,S1,507.0,29.573,22.07
51371,257,S1,510.0,29.340,22.07
51372,257,S1,513.0,29.220,22.07
51373,257,S1,516.0,29.136,22.07
51374,257,S1,519.0,29.066,22.07
51375,257,S1,522.0,29.040,22.07
51376,257,S1,525.0,28.928,22.07
51377,257,S1,528.0,28.891,22.07
51378,257,S1,531.0,28.706,22.07
51379,257,S1,534.0,28.646,22.07
51380,257,S1,537.0,28.538,22.07
51381,257,S1,540.0,28.559,22.07
51382,257,S1,543.0,28.516,22.07
51383,257,S1,546.0,28.332,22.07
51384,257,S1,549.0,28.242,22.07
51385,257,S1,552.0,28.205,22.07
51386,257,S1,555.0,28.177,22.07
51387,257,S1,558.0,28.099,22.07
51388,257,S1,561.0,27.882,22.07
51389,257,S1,564.0,27.948,22.07
51390,257,S1,567.0,27.850,22.07
51391,257,S1,570.0,27.785,22.07
51392,257,S1,573.0,27.787,22.07
51393,257,S1,576.0,27.659,22.07
51394,257,S1,579.0,27.594,22.07
51395,257,S1,582.0,27.460,22.07
51396,257,S1,585.0,27.431,22.07
51397,257,S1,588.0,27.360,22.07
51398,257,S1,591.0,27.267,22.07
51399,257,S1,594.0,27.231,22.07
51400,257,S1,597.0,27.181,22.07
51401,258,S2,0.0,71.339,21.87
51402,258,S2,3.0,70.408,21.87
51403,258,S2,6.0,69.565,21.87
51404,258,S2,9.0,68.658,21.87
51405,258,S2,12.0,67.852,21.87
51406,258,S2,15.0,66.962,21.87
51407,258,S2,18.0,66.180,21.87
51408,258,S2,21.0,65.438,21.87
51409,258,S2,24.0,64.608,21.87
51410,258,S2,27.0,63.853,21.87
51411,258,S2,30.0,63.040,21.87
51412,258,S2,33.0,62.257,21.87
51413,258,S2,36.0,61.612,21.87
51414,258,S2,39.0,60.791,21.87
51415,258,S2,42.0,60.136,21.87
51416,258,S2,45.0,59.419,21.87
51417,258,S2,48.0,58.768,21.87
51418,258,S2,51.0,58.061,21.87
51419,258,S2,54.0,57.410,21.87
51420,258,S2,57.0,56.778,21.87
51421,258,S2,60.0,56.021,21.87
51422,258,S2,63.0,55.493,21.87
51423,258,S2,66.0,54.873,21.87
51424,258,S2,69.0,54.217,21.87
51425,258,S2,72.0,53.615,21.87
51426,258,S2,75.0,53.103,21.87
51427,258,S2,78.0,52.558,21.87
51428,258,S2,81.0,51.934,21.87
51429,258,S2,84.0,51.412,21.87
51430,258,S2,87.0,50.809,21.87
51431,258,S2,90.0,50.318,21.87
51432,258,S2,93.0,49.728,21.87
51433,258,S2,96.0,49.292,21.87
51434,258,S2,99.0,48.792,21.87
51435,258,S2,102.0,48.335,21.87
51436,258,S2,105.0,47.807,21.87
51437,258,S2,108.0,47.340,21.87
51438,258,S2,111.0,46.914,21.87
51439,258,S2,114.0,46.387,21.87
51440,258,S2,117.0,45.872,21.87
51441,258,S2,120.0,45.566,21.87
51442,258,S2,123.0,45.114,21.87
51443,258,S2,126.0,44.611,21.87
51444,258,S2,129.0,44.196,21.87
51445,258,S2,132.0,43.884,21.87
51446,258,S2,135.0,43.405,21.87
51447,258,S2,138.0,43.019,21.87
51448,258,S2,141.0,42.649,21.87
51449,258,S2,144.0,42.261,21.87
51450,258,S2,147.0,41.930,21.87
51451,258,S2,150.0,41.589,21.87
51452,258,S2,153.0,41.280,21.87
51453,258,S2,156.0,40.893,21.87
51454,258,S2,159.0,40.449,21.87
51455,258,S2,162.0,40.108,21.87
51456,258,S2,165.0,39.828,21.87
51457,258,S2,168.0,39.473,21.87
51458,258,S2,171.0,39.103,21.87
51459,258,S2,174.0,38.818,21.87
51460,258,S2,177.0,38.494,21.87
51461,258,S2,180.0,38.246,21.87
51462,258,S2,183.0,37.938,21.87
51463,258,S2,186.0,37.700,21.87
51464,258,S2,189.0,37.403,21.87
51465,258,S2,192.0,37.097,21.87
51466,258,S2,195.0,36.761,21.87
51467,258,S2,198.0,36.500,21.87
51468,258,S2,201.0,36.264,21.87
51469,258,S2,204.0,35.951,21.87
51470,258,S2,207.0,35.612,21.87
51471,258,S2,210.0,35.445,21.87
51472,258,S2,213.0,35.148,21.87
51473,258,S2,216.0,35.006,21.87
51474,258,S2,219.0,34.674,21.87
51475,258,S2,222.0,34.478,21.87
51476,258,S2,225.0,34.295,21.87
51477,258,S2,228.0,34.075,21.87
51478,258,S2,231.0,33.734,21.87
51479,258,S2,234.0,33.445,21.87
51480,258,S2,237.0,33.454,21.87
51481,258,S2,240.0,33.209,21.87
51482,258,S2,243.0,32.909,21.87
51483,258,S2,246.0,32.816,21.87
51484,258,S2,249.0,32.574,21.87
51485,258,S2,252.0,32.283,21.87
51486,258,S2,255.0,32.176,21.87
51487,258,S2,258.0,31.971,21.87
51488,258,S2,261.0,31.817,21.87
51489,258,S2,264.0,31.660,21.87
51490,258,S2,267.0,31.455,21.87
51491,258,S2,270.0,31.213,21.87
51492,258,S2,273.0,31.090,21.87
51493,258,S2,276.0,30.844,21.87
51494,258,S2,279.0,30.728,21.87
51495,258,S2,282.0,30.575,21.87
51496,258,S2,285.0,30.517,21.87
51497,258,S2,288.0,30.296,21.87
51498,258,S2,291.0,30.096,21.87
51499,258,S2,294.0,29.852,21.87
51500,258,S2,297.0,29.840,21.87
51501,258,S2,300.0,29.748,21.87
51502,258,S2,303.0,29.476,21.87
51503,258,S2,306.0,29.459,21.87
51504,258,S2,309.0,29.138,21.87
51505,258,S2,312.0,29.052,21.87
51506,258,S2,315.0,28.988,21.87
51507,258,S2,318.0,28.762,21.87
51508,258,S2,321.0,28.730,21.87
51509,258,S2,324.0,28.556,21.87
51510,258,S2,327.0,28.508,21.87
51511,258,S2,330.0,28.384,21.87
51512,258,S2,333.0,28.261,21.87
51513,258,S2,336.0,28.017,21.87
51514,258,S2,339.0,28.043,21.87
51515,258,S2,342.0,27.828,21.87
51516,258,S2,345.0,27.716,21.87
51517,258,S2,348.0,27.777,21.87
51518,258,S2,351.0,27.513,21.87
51519,258,S2,354.0,27.508,21.87
51520,258,S2,357.0,27.369,21.87
51521,258,S2,360.0,27.229,21.87
51522,258,S2,363.0,27.144,21.87
51523,258,S2,366.0,27.072,21.87
51524,258,S2,369.0,27.017,21.87
51525,258,S2,372.0,26.875,21.87
51526,258,S2,375.0,26.854,21.87
51527,258,S2,378.0,26.791,21.87
51528,258,S2,381.0,26.648,21.87
51529,258,S2,384.0,26.521,21.87
51530,258,S2,387.0,26.400,21.87
51531,258,S2,390.0,26.318,21.87
51532,258,S2,393.0,26.299,21.87
51533,258,S2,396.0,26.171,21.87
51534,258,S2,399.0,26.237,21.87
51535,258,S2,402.0,26.033,21.87
51536,258,S2,405.0,25.947,21.87
51537,258,S2,408.0,25.903,21.87
51538,258,S2,411.0,25.935,21.87
51539,258,S2,414.0,25.786,21.87
51540,258,S2,417.0,25.703,21.87
51541,258,S2,420.0,25.552,21.87
51542,258,S2,423.0,25.559,21.87
51543,258,S2,426.0,25.526,21.87
51544,258,S2,429.0,25.489,21.87
51545,258,S2,432.0,25.290,21.87
51546,258,S2,435.0,25.263,21.87
51547,258,S2,438.0,25.268,21.87
51548,258,S2,441.0,25.179,21.87
51549,258,S2,444.0,25.046,21.87
51550,258,S2,447.0,25.064,21.87
51551,258,S2,450.0,24.907,21.87
51552,258,S2,453.0,24.933,21.87
51553,258,S2,456.0,24.895,21.87
51554,258,S2,459.0,24.870,21.87
51555,258,S2,462.0,24.702,21.87
51556,258,S2,465.0,24.764,21.87
51557,258,S2,468.0,24.627,21.87
51558,258,S2,471.0,24.573,21.87
51559,258,S2,474.0,24.566,21.87
51560,258,S2,477.0,24.587,21.87
51561,258,S2,480.0,24.477,21.87
51562,258,S2,483.0,24.434,21.87
51563,258,S2,486.0,24.393,21.87
51564,258,S2,489.0,24.233,21.87
51565,258,S2,492.0,24.241,21.87
51566,258,S2,495.0,24.193,21.87
51567,258,S2,498.0,24.190,21.87
51568,258,S2,501.0,24.121,21.87
51569,258,S2,504.0,24.094,21.87
51570,258,S2,507.0,24.108,21.87
51571,258,S2,510.0,23.965,21.87
51572,258,S2,513.0,24.049,21.87
51573,258,S2,516.0,23.967,21.87
51574,258,S2,519.0,23.867,21.87
51575,258,S2,522.0,23.901,21.87
51576,258,S2,525.0,23.789,21.87
51577,258,S2,528.0,23.757,21.87
51578,258,S2,531.0,23.795,21.87
51579,258,S2,534.0,23.722,21.87
51580,258,S2,537.0,23.636,21.87
51581,258,S2,540.0,23.700,21.87
51582,258,S2,543.0,23.626,21.87
51583,258,S2,546.0,23.567,21.87
51584,258,S2,549.0,23.579,21.87
51585,258,S2,552.0,23.522,21.87
51586,258,S2,555.0,23.403,21.87
51587,258,S2,558.0,23.551,21.87
51588,258,S2,561.0,23.428,21.87
51589,258,S2,564.0,23.445,21.87
51590,258,S2,567.0,23.361,21.87
51591,258,S2,570.0,23.328,21.87
51592,258,S2,573.0,23.338,21.87
51593,258,S2,576.0,23.192,21.87
51594,258,S2,579.0,23.343,21.87
51595,258,S2,582.0,23.267,21.87
51596,258,S2,585.0,23.168,21.87
51597,258,S2,588.0,23.188,21.87
51598,258,S2,591.0,23.116,21.87
51599,258,S2,594.0,23.172,21.87
51600,258,S2,597.0,23.207,21.87
51601,259,S3,0.0,78.834,21.71
51602,259,S3,3.0,78.043,21.71
51603,259,S3,6.0,77.318,21.71
51604,259,S3,9.0,76.571,21.71
51605,259,S3,12.0,75.820,21.71
51606,259,S3,15.0,75.126,21.71
51607,259,S3,18.0,74.507,21.71
51608,259,S3,21.0,73.722,21.71
51609,259,S3,24.0,73.126,21.71
51610,259,S3,27.0,72.493,21.71
51611,259,S3,30.0,71.708,21.71
51612,259,S3,33.0,71.048,21.71
51613,259,S3,36.0,70.494,21.71
51614,259,S3,39.0,69.778,21.71
51615,259,S3,42.0,69.151,21.71
51616,259,S3,45.0,68.596,21.71
51617,259,S3,48.0,67.911,21.71
51618,259,S3,51.0,67.338,21.71
51619,259,S3,54.0,66.681,21.71
51620,259,S3,57.0,66.150,21.71
51621,259,S3,60.0,65.497,21.71
51622,259,S3,63.0,64.992,21.71
51623,259,S3,66.0,64.344,21.71
51624,259,S3,69.0,63.925,21.71
51625,259,S3,72.0,63.343,21.71
51626,259,S3,75.0,62.712,21.71
51627,259,S3,78.0,62.335,21.71
51628,259,S3,81.0,61.691,21.71
51629,259,S3,84.0,61.132,21.71
51630,259,S3,87.0,60.632,21.71
51631,259,S3,90.0,60.117,21.71
51632,259,S3,93.0,59.565,21.71
51633,259,S3,96.0,59.061,21.71
51634,259,S3,99.0,58.604,21.71
51635,259,S3,102.0,58.140,21.71
51636,259,S3,105.0,57.695,21.71
51637,259,S3,108.0,57.084,21.71
51638,259,S3,111.0,56.729,21.71
51639,259,S3,114.0,56.220,21.71
51640,259,S3,117.0,55.831,21.71
51641,259,S3,120.0,55.386,21.71
51642,259,S3,123.0,54.967,21.71
51643,259,S3,126.0,54.432,21.71
51644,259,S3,129.0,54.079,21.71
51645,259,S3,132.0,53.661,21.71
51646,259,S3,135.0,53.263,21.71
51647,259,S3,138.0,52.781,21.71
51648,259,S3,141.0,52.424,21.71
51649,259,S3,144.0,51.928,21.71
51650,259,S3,147.0,51.656,21.71
51651,259,S3,150.0,51.176,21.71
51652,259,S3,153.0,50.869,21.71
51653,259,S3,156.0,50.476,21.71
51654,259,S3,159.0,50.073,21.71
51655,259,S3,162.0,49.689,21.71
51656,259,S3,165.0,49.302,21.71
51657,259,S3,168.0,48.972,21.71
51658,259,S3,171.0,48.574,21.71
51659,259,S3,174.0,48.239,21.71
51660,259,S3,177.0,48.030,21.71
51661,259,S3,180.0,47.500,21.71
51662,259,S3,183.0,47.252,21.71
51663,259,S3,186.0,46.907,21.71
51664,259,S3,189.0,46.610,21.71
51665,259,S3,192.0,46.246,21.71
51666,259,S3,195.0,45.964,21.71
51667,259,S3,198.0,45.617,21.71
51668,259,S3,201.0,45.413,21.71
51669,259,S3,204.0,45.054,21.71
51670,259,S3,207.0,44.639,21.71
51671,259,S3,210.0,44.424,21.71
51672,259,S3,213.0,44.162,21.71
51673,259,S3,216.0,43.729,21.71
51674,259,S3,219.0,43.550,21.71
51675,259,S3,222.0,43.203,21.71
51676,259,S3,225.0,42.901,21.71
51677,259,S3,228.0,42.589,21.71
51678,259,S3,231.0,42.392,21.71
51679,259,S3,234.0,42.071,21.71
51680,259,S3,237.0,41.798,21.71
51681,259,S3,240.0,41.643,21.71
51682,259,S3,243.0,41.423,21.71
51683,259,S3,246.0,41.061,21.71
51684,259,S3,249.0,40.813,21.71
51685,259,S3,252.0,40.476,21.71
51686,259,S3,255.0,40.334,21.71
51687,259,S3,258.0,40.151,21.71
51688,259,S3,261.0,39.780,21.71
51689,259,S3,264.0,39.520,21.71
51690,259,S3,267.0,39.471,21.71
51691,259,S3,270.0,39.114,21.71
51692,259,S3,273.0,38.863,21.71
51693,259,S3,276.0,38.666,21.71
51694,259,S3,279.0,38.443,21.71
51695,259,S3,282.0,38.203,21.71
51696,259,S3,285.0,37.948,21.71
51697,259,S3,288.0,37.810,21.71
51698,259,S3,291.0,37.657,21.71
51699,259,S3,294.0,37.341,21.71
51700,259,S3,297.0,37.161,21.71
51701,259,S3,300.0,37.061,21.71
51702,259,S3,303.0,36.784,21.71
51703,259,S3,306.0,36.581,21.71
51704,259,S3,309.0,36.365,21.71
51705,259,S3,312.0,36.180,21.71
51706,259,S3,315.0,36.048,21.71
51707,259,S3,318.0,35.871,21.71
51708,259,S3,321.0,35.615,21.71
51709,259,S3,324.0,35.329,21.71
51710,259,S3,327.0,35.237,21.71
51711,259,S3,330.0,35.078,21.71
51712,259,S3,333.0,34.870,21.71
51713,259,S3,336.0,34.676,21.71
51714,259,S3,339.0,34.555,21.71
51715,259,S3,342.0,34.452,21.71
51716,259,S3,345.0,34.342,21.71
51717,259,S3,348.0,34.067,21.71
51718,259,S3,351.0,33.908,21.71
51719,259,S3,354.0,33.879,21.71
51720,259,S3,357.0,33.594,21.71
51721,259,S3,360.0,33.491,21.71
51722,259,S3,363.0,33.294,21.71
51723,259,S3,366.0,33.135,21.71
51724,259,S3,369.0,33.010,21.71
51725,259,S3,372.0,32.825,21.71
51726,259,S3,375.0,32.724,21.71
51727,259,S3,378.0,32.618,21.71
51728,259,S3,381.0,32.467,21.71
51729,259,S3,384.0,32.197,21.71
51730,259,S3,387.0,32.081,21.71
51731,259,S3,390.0,31.956,21.71
51732,259,S3,393.0,31.813,21.71
51733,259,S3,396.0,31.847,21.71
51734,259,S3,399.0,31.613,21.71
51735,259,S3,402.0,31.447,21.71
51736,259,S3,405.0,31.276,21.71
51737,259,S3,408.0,31.183,21.71
51738,259,S3,411.0,31.091,21.71
51739,259,S3,414.0,30.970,21.71
51740,259,S3,417.0,30.850,21.71
51741,259,S3,420.0,30.728,21.71
51742,259,S3,423.0,30.564,21.71
51743,259,S3,426.0,30.427,21.71
51744,259,S3,429.0,30.344,21.71
51745,259,S3,432.0,30.170,21.71
51746,259,S3,435.0,30.220,21.71
51747,259,S3,438.0,30.032,21.71
51748,259,S3,441.0,29.966,21.71
51749,259,S3,444.0,29.786,21.71
51750,259,S3,447.0,29.769,21.71
51751,259,S3,450.0,29.614,21.71
51752,259,S3,453.0,29.512,21.71
51753,259,S3,456.0,29.444,21.71
51754,259,S3,459.0,29.366,21.71
51755,259,S3,462.0,29.197,21.71
51756,259,S3,465.0,29.110,21.71
51757,259,S3,468.0,28.909,21.71
51758,259,S3,471.0,28.849,21.71
51759,259,S3,474.0,28.827,21.71
51760,259,S3,477.0,28.742,21.71
51761,259,S3,480.0,28.665,21.71
51762,259,S3,483.0,28.391,21.71
51763,259,S3,486.0,28.399,21.71
51764,259,S3,489.0,28.389,21.71
51765,259,S3,492.0,28.263,21.71
51766,259,S3,495.0,28.160,21.71
51767,259,S3,498.0,28.048,21.71
51768,259,S3,501.0,28.015,21.71
51769,259,S3,504.0,27.881,21.71
51770,259,S3,507.0,27.830,21.71
51771,259,S3,510.0,27.731,21.71
51772,259,S3,513.0,27.737,21.71
51773,259,S3,516.0,27.675,21.71
51774,259,S3,519.0,27.540,21.71
51775,259,S3,522.0,27.504,21.71
51776,259,S3,525.0,27.421,21.71
51777,259,S3,528.0,27.295,21.71
51778,259,S3,531.0,27.206,21.71
51779,259,S3,534.0,27.156,21.71
51780,259,S3,537.0,27.056,21.71
51781,259,S3,540.0,27.000,21.71
51782,259,S3,543.0,27.024,21.71
51783,259,S3,546.0,26.844,21.71
51784,259,S3,549.0,26.821,21.71
51785,259,S3,552.0,26.754,21.71
51786,259,S3,555.0,26.682,21.71
51787,259,S3,558.0,26.584,21.71
51788,259,S3,561.0,26.512,21.71
51789,259,S3,564.0,26.429,21.71
51790,259,S3,567.0,26.443,21.71
51791,259,S3,570.0,26.387,21.71
51792,259,S3,573.0,26.199,21.71
51793,259,S3,576.0,26.266,21.71
51794,259,S3,579.0,26.162,21.71
51795,259,S3,582.0,26.102,21.71
51796,259,S3,585.0,25.877,21.71
51797,259,S3,588.0,26.070,21.71
51798,259,S3,591.0,25.987,21.71
51799,259,S3,594.0,25.920,21.71
51800,259,S3,597.0,25.740,21.71
51801,260,S4,0.0,84.455,21.89
51802,260,S4,3.0,83.013,21.89
51803,260,S4,6.0,81.579,21.89
51804,260,S4,9.0,80.172,21.89
51805,260,S4,12.0,78.875,21.89
51806,260,S4,15.0,77.449,21.89
51807,260,S4,18.0,76.014,21.89
51808,260,S4,21.0,74.837,21.89
51809,260,S4,24.0,73.468,21.89
51810,260,S4,27.0,72.232,21.89
51811,260,S4,30.0,70.945,21.89
51812,260,S4,33.0,69.831,21.89
51813,260,S4,36.0,68.708,21.89
51814,260,S4,39.0,67.572,21.89
51815,260,S4,42.0,66.485,21.89
51816,260,S4,45.0,65.369,21.89
51817,260,S4,48.0,64.318,21.89
51818,260,S4,51.0,63.401,21.89
51819,260,S4,54.0,62.379,21.89
51820,260,S4,57.0,61.428,21.89
51821,260,S4,60.0,60.520,21.89
51822,260,S4,63.0,59.474,21.89
51823,260,S4,66.0,58.656,21.89
51824,260,S4,69.0,57.798,21.89
51825,260,S4,72.0,56.952,21.89
51826,260,S4,75.0,56.019,21.89
51827,260,S4,78.0,55.219,21.89
51828,260,S4,81.0,54.443,21.89
51829,260,S4,84.0,53.638,21.89
51830,260,S4,87.0,52.970,21.89
51831,260,S4,90.0,52.129,21.89
51832,260,S4,93.0,51.341,21.89
51833,260,S4,96.0,50.705,21.89
51834,260,S4,99.0,50.115,21.89
51835,260,S4,102.0,49.388,21.89
51836,260,S4,105.0,48.621,21.89
51837,260,S4,108.0,48.136,21.89
51838,260,S4,111.0,47.431,21.89
51839,260,S4,114.0,46.855,21.89
51840,260,S4,117.0,46.230,21.89
51841,260,S4,120.0,45.618,21.89
51842,260,S4,123.0,45.011,21.89
51843,260,S4,126.0,44.452,21.89
51844,260,S4,129.0,43.992,21.89
51845,260,S4,132.0,43.461,21.89
51846,260,S4,135.0,42.906,21.89
51847,260,S4,138.0,42.445,21.89
51848,260,S4,141.0,41.818,21.89
51849,260,S4,144.0,41.474,21.89
51850,260,S4,147.0,41.016,21.89
51851,260,S4,150.0,40.534,21.89
51852,260,S4,153.0,40.177,21.89
51853,260,S4,156.0,39.640,21.89
51854,260,S4,159.0,39.232,21.89
51855,260,S4,162.0,38.803,21.89
51856,260,S4,165.0,38.361,21.89
51857,260,S4,168.0,37.961,21.89
51858,260,S4,171.0,37.690,21.89
51859,260,S4,174.0,37.188,21.89
51860,260,S4,177.0,36.908,21.89
51861,260,S4,180.0,36.563,21.89
51862,260,S4,183.0,36.171,21.89
51863,260,S4,186.0,35.888,21.89
51864,260,S4,189.0,35.523,21.89
51865,260,S4,192.0,35.202,21.89
51866,260,S4,195.0,34.888,21.89
51867,260,S4,198.0,34.508,21.89
51868,260,S4,201.0,34.202,21.89
51869,260,S4,204.0,33.979,21.89
51870,260,S4,207.0,33.670,21.89
51871,260,S4,210.0,33.325,21.89
51872,260,S4,213.0,33.113,21.89
51873,260,S4,216.0,32.845,21.89
51874,260,S4,219.0,32.512,21.89
51875,260,S4,222.0,32.292,21.89
51876,260,S4,225.0,32.039,21.89
51877,260,S4,228.0,31.830,21.89
51878,260,S4,231.0,31.582,21.89
51879,260,S4,234.0,31.324,21.89
51880,260,S4,237.0,31.098,21.89
51881,260,S4,240.0,30.793,21.89
51882,260,S4,243.0,30.693,21.89
51883,260,S4,246.0,30.510,21.89
51884,260,S4,249.0,30.322,21.89
51885,260,S4,252.0,30.090,21.89
51886,260,S4,255.0,29.899,21.89
51887,260,S4,258.0,29.742,21.89
51888,260,S4,261.0,29.513,21.89
51889,260,S4,264.0,29.312,21.89
51890,260,S4,267.0,29.141,21.89
51891,260,S4,270.0,28.947,21.89
51892,260,S4,273.0,28.771,21.89
51893,260,S4,276.0,28.696,21.89
51894,260,S4,279.0,28.429,21.89
51895,260,S4,282.0,28.268,21.89
51896,260,S4,285.0,28.109,21.89
51897,260,S4,288.0,27.890,21.89
51898,260,S4,291.0,27.822,21.89
51899,260,S4,294.0,27.725,21.89
51900,260,S4,297.0,27.640,21.89
51901,260,S4,300.0,27.433,21.89
51902,260,S4,303.0,27.333,21.89
51903,260,S4,306.0,27.146,21.89
51904,260,S4,309.0,27.005,21.89
51905,260,S4,312.0,26.935,21.89
51906,260,S4,315.0,26.857,21.89
51907,260,S4,318.0,26.727,21.89
51908,260,S4,321.0,26.627,21.89
51909,260,S4,324.0,26.536,21.89
51910,260,S4,327.0,26.303,21.89
51911,260,S4,330.0,26.252,21.89
51912,260,S4,333.0,26.073,21.89
51913,260,S4,336.0,26.088,21.89
51914,260,S4,339.0,25.970,21.89
51915,260,S4,342.0,25.796,21.89
51916,260,S4,345.0,25.730,21.89
51917,260,S4,348.0,25.741,21.89
51918,260,S4,351.0,25.583,21.89
51919,260,S4,354.0,25.411,21.89
51920,260,S4,357.0,25.339,21.89
51921,260,S4,360.0,25.267,21.89
51922,260,S4,363.0,25.286,21.89
51923,260,S4,366.0,25.108,21.89
51924,260,S4,369.0,24.953,21.89
51925,260,S4,372.0,24.975,21.89
51926,260,S4,375.0,24.911,21.89
51927,260,S4,378.0,24.878,21.89
51928,260,S4,381.0,24.728,21.89
51929,260,S4,384.0,24.704,21.89
51930,260,S4,387.0,24.545,21.89
51931,260,S4,390.0,24.588,21.89
51932,260,S4,393.0,24.414,21.89
51933,260,S4,396.0,24.539,21.89
51934,260,S4,399.0,24.442,21.89
51935,260,S4,402.0,24.250,21.89
51936,260,S4,405.0,24.303,21.89
51937,260,S4,408.0,24.176,21.89
51938,260,S4,411.0,24.202,21.89
51939,260,S4,414.0,24.033,21.89
51940,260,S4,417.0,24.076,21.89
51941,260,S4,420.0,24.061,21.89
51942,260,S4,423.0,23.930,21.89
51943,260,S4,426.0,23.885,21.89
51944,260,S4,429.0,23.832,21.89
51945,260,S4,432.0,23.806,21.89
51946,260,S4,435.0,23.700,21.89
51947,260,S4,438.0,23.638,21.89
51948,260,S4,441.0,23.663,21.89
51949,260,S4,444.0,23.624,21.89
51950,260,S4,447.0,23.666,21.89
51951,260,S4,450.0,23.458,21.89
51952,260,S4,453.0,23.534,21.89
51953,260,S4,456.0,23.409,21.89
51954,260,S4,459.0,23.338,21.89
51955,260,S4,462.0,23.374,21.89
51956,260,S4,465.0,23.310,21.89
51957,260,S4,468.0,23.375,21.89
51958,260,S4,471.0,23.267,21.89
51959,260,S4,474.0,23.306,21.89
51960,260,S4,477.0,23.292,21.89
51961,260,S4,480.0,23.101,21.89
51962,260,S4,483.0,23.176,21.89
51963,260,S4,486.0,23.085,21.89
51964,260,S4,489.0,23.071,21.89
51965,260,S4,492.0,23.078,21.89
51966,260,S4,495.0,22.967,21.89
51967,260,S4,498.0,23.025,21.89
51968,260,S4,501.0,23.005,21.89
51969,260,S4,504.0,22.886,21.89
51970,260,S4,507.0,22.969,21.89
51971,260,S4,510.0,22.938,21.89
51972,260,S4,513.0,22.950,21.89
51973,260,S4,516.0,22.900,21.89
51974,260,S4,519.0,22.839,21.89
51975,260,S4,522.0,22.814,21.89
51976,260,S4,525.0,22.904,21.89
51977,260,S4,528.0,22.699,21.89
51978,260,S4,531.0,22.814,21.89
51979,260,S4,534.0,22.698,21.89
51980,260,S4,537.0,22.708,21.89
51981,260,S4,540.0,22.709,21.89
51982,260,S4,543.0,22.740,21.89
51983,260,S4,546.0,22.638,21.89
51984,260,S4,549.0,22.639,21.89
51985,260,S4,552.0,22.653,21.89
51986,260,S4,555.0,22.545,21.89
51987,260,S4,558.0,22.642,21.89
51988,260,S4,561.0,22.557,21.89
51989,260,S4,564.0,22.473,21.89
51990,260,S4,567.0,22.457,21.89
51991,260,S4,570.0,22.478,21.89
51992,260,S4,573.0,22.548,21.89
51993,260,S4,576.0,22.464,21.89
51994,260,S4,579.0,22.477,21.89
51995,260,S4,582.0,22.502,21.89
51996,260,S4,585.0,22.462,21.89
51997,260,S4,588.0,22.424,21.89
51998,260,S4,591.0,22.506,21.89
51999,260,S4,594.0,22.402,21.89
52000,260,S4,597.0,22.445,21.89
52001,261,S1,0.0,85.280,22.54
52002,261,S1,3.0,84.494,22.54
52003,261,S1,6.0,83.608,22.54
52004,261,S1,9.0,82.811,22.54
52005,261,S1,12.0,82.044,22.54
52006,261,S1,15.0,81.168,22.54
52007,261,S1,18.0,80.475,22.54
52008,261,S1,21.0,79.747,22.54
52009,261,S1,24.0,78.947,22.54
52010,261,S1,27.0,78.214,22.54
52011,261,S1,30.0,77.451,22.54
52012,261,S1,33.0,76.758,22.54
52013,261,S1,36.0,76.027,22.54
52014,261,S1,39.0,75.373,22.54
52015,261,S1,42.0,74.606,22.54
52016,261,S1,45.0,73.942,22.54
52017,261,S1,48.0,73.336,22.54
52018,261,S1,51.0,72.513,22.54
52019,261,S1,54.0,72.032,22.54
52020,261,S1,57.0,71.323,22.54
52021,261,S1,60.0,70.527,22.54
52022,261,S1,63.0,69.970,22.54
52023,261,S1,66.0,69.327,22.54
52024,261,S1,69.0,68.912,22.54
52025,261,S1,72.0,68.201,22.54
52026,261,S1,75.0,67.593,22.54
52027,261,S1,78.0,66.995,22.54
52028,261,S1,81.0,66.393,22.54
52029,261,S1,84.0,65.854,22.54
52030,261,S1,87.0,65.234,22.54
52031,261,S1,90.0,64.807,22.54
52032,261,S1,93.0,64.129,22.54
52033,261,S1,96.0,63.523,22.54
52034,261,S1,99.0,63.065,22.54
52035,261,S1,102.0,62.580,22.54
52036,261,S1,105.0,61.986,22.54
52037,261,S1,108.0,61.514,22.54
52038,261,S1,111.0,61.040,22.54
52039,261,S1,114.0,60.454,22.54
52040,261,S1,117.0,59.973,22.54
52041,261,S1,120.0,59.493,22.54
52042,261,S1,123.0,58.956,22.54
52043,261,S1,126.0,58.480,22.54
52044,261,S1,129.0,58.041,22.54
52045,261,S1,132.0,57.511,22.54
52046,261,S1,135.0,57.053,22.54
52047,261,S1,138.0,56.523,22.54
52048,261,S1,141.0,56.107,22.54
52049,261,S1,144.0,55.774,22.54
52050,261,S1,147.0,55.373,22.54
52051,261,S1,150.0,54.809,22.54
52052,261,S1,153.0,54.416,22.54
52053,261,S1,156.0,54.063,22.54
52054,261,S1,159.0,53.586,22.54
52055,261,S1,162.0,53.095,22.54
52056,261,S1,165.0,52.789,22.54
52057,261,S1,168.0,52.415,22.54
52058,261,S1,171.0,52.010,22.54
52059,261,S1,174.0,51.523,22.54
52060,261,S1,177.0,51.208,22.54
52061,261,S1,180.0,50.857,22.54
52062,261,S1,183.0,50.406,22.54
52063,261,S1,186.0,50.108,22.54
52064,261,S1,189.0,49.825,22.54
52065,261,S1,192.0,49.236,22.54
52066,261,S1,195.0,48.911,22.54
52067,261,S1,198.0,48.685,22.54
52068,261,S1,201.0,48.258,22.54
52069,261,S1,204.0,47.919,22.54
52070,261,S1,207.0,47.751,22.54
52071,261,S1,210.0,47.295,22.54
52072,261,S1,213.0,46.952,22.54
52073,261,S1,216.0,46.702,22.54
52074,261,S1,219.0,46.315,22.54
52075,261,S1,222.0,46.095,22.54
52076,261,S1,225.0,45.810,22.54
52077,261,S1,228.0,45.371,22.54
52078,261,S1,231.0,45.181,22.54
52079,261,S1,234.0,44.852,22.54
52080,261,S1,237.0,44.527,22.54
52081,261,S1,240.0,44.292,22.54
52082,261,S1,243.0,43.971,22.54
52083,261,S1,246.0,43.735,22.54
52084,261,S1,249.0,43.483,22.54
52085,261,S1,252.0,43.147,22.54
52086,261,S1,255.0,42.872,22.54
52087,261,S1,258.0,42.641,22.54
52088,261,S1,261.0,42.270,22.54
52089,261,S1,264.0,42.047,22.54
52090,261,S1,267.0,41.776,22.54
52091,261,S1,270.0,41.604,22.54
52092,261,S1,273.0,41.263,22.54
52093,261,S1,276.0,41.060,22.54
52094,261,S1,279.0,40.817,22.54
52095,261,S1,282.0,40.599,22.54
52096,261,S1,285.0,40.312,22.54
52097,261,S1,288.0,40.112,22.54
52098,261,S1,291.0,39.952,22.54
52099,261,S1,294.0,39.676,22.54
52100,261,S1,297.0,39.568,22.54
52101,261,S1,300.0,39.149,22.54
52102,261,S1,303.0,38.996,22.54
52103,261,S1,306.0,38.809,22.54
52104,261,S1,309.0,38.538,22.54
52105,261,S1,312.0,38.332,22.54
52106,261,S1,315.0,38.212,22.54
52107,261,S1,318.0,37.971,22.54
52108,261,S1,321.0,37.747,22.54
52109,261,S1,324.0,37.543,22.54
52110,261,S1,327.0,37.377,22.54
52111,261,S1,330.0,37.142,22.54
52112,261,S1,333.0,36.933,22.54
52113,261,S1,336.0,36.842,22.54
52114,261,S1,339.0,36.582,22.54
52115,261,S1,342.0,36.368,22.54
52116,261,S1,345.0,36.227,22.54
52117,261,S1,348.0,36.069,22.54
52118,261,S1,351.0,35.792,22.54
52119,261,S1,354.0,35.816,22.54
52120,261,S1,357.0,35.573,22.54
52121,261,S1,360.0,35.385,22.54
52122,261,S1,363.0,35.066,22.54
52123,261,S1,366.0,34.993,22.54
52124,261,S1,369.0,34.841,22.54
52125,261,S1,372.0,34.687,22.54
52126,261,S1,375.0,34.552,22.54
52127,261,S1,378.0,34.366,22.54
52128,261,S1,381.0,34.239,22.54
52129,261,S1,384.0,34.067,22.54
52130,261,S1,387.0,33.859,22.54
52131,261,S1,390.0,33.805,22.54
52132,261,S1,393.0,33.605,22.54
52133,261,S1,396.0,33.361,22.54
52134,261,S1,399.0,33.212,22.54
52135,261,S1,402.0,33.154,22.54
52136,261,S1,405.0,33.098,22.54
52137,261,S1,408.0,32.889,22.54
52138,261,S1,411.0,32.714,22.54
52139,261,S1,414.0,32.642,22.54
52140,261,S1,417.0,32.469,22.54
52141,261,S1,420.0,32.386,22.54
52142,261,S1,423.0,32.292,22.54
52143,261,S1,426.0,32.003,22.54
52144,261,S1,429.0,31.979,22.54
52145,261,S1,432.0,31.817,22.54
52146,261,S1,435.0,31.680,22.54
52147,261,S1,438.0,31.565,22.54
52148,261,S1,441.0,31.525,22.54
52149,261,S1,444.0,31.351,22.54
52150,261,S1,447.0,31.216,22.54
52151,261,S1,450.0,31.095,22.54
52152,261,S1,453.0,30.989,22.54
52153,261,S1,456.0,31.001,22.54
52154,261,S1,459.0,30.805,22.54
52155,261,S1,462.0,30.763,22.54
52156,261,S1,465.0,30.572,22.54
52157,261,S1,468.0,30.464,22.54
52158,261,S1,471.0,30.426,22.54
52159,261,S1,474.0,30.222,22.54
52160,261,S1,477.0,30.114,22.54
52161,261,S1,480.0,30.022,22.54
52162,261,S1,483.0,29.994,22.54
52163,261,S1,486.0,29.864,22.54
52164,261,S1,489.0,29.752,22.54
52165,261,S1,492.0,29.703,22.54
52166,261,S1,495.0,29.580,22.54
52167,261,S1,498.0,29.480,22.54
52168,261,S1,501.0,29.370,22.54
52169,261,S1,504.0,29.230,22.54
52170,261,S1,507.0,29.276,22.54
52171,261,S1,510.0,29.113,22.54
52172,261,S1,513.0,28.982,22.54
52173,261,S1,516.0,28.980,22.54
52174,261,S1,519.0,28.897,22.54
52175,261,S1,522.0,28.810,22.54
52176,261,S1,525.0,28.643,22.54
52177,261,S1,528.0,28.612,22.54
52178,261,S1,531.0,28.643,22.54
52179,261,S1,534.0,28.510,22.54
52180,261,S1,537.0,28.355,22.54
52181,261,S1,540.0,28.331,22.54
52182,261,S1,543.0,28.331,22.54
52183,261,S1,546.0,28.213,22.54
52184,261,S1,549.0,28.100,22.54
52185,261,S1,552.0,28.025,22.54
52186,261,S1,555.0,27.931,22.54
52187,261,S1,558.0,27.864,22.54
52188,261,S1,561.0,27.832,22.54
52189,261,S1,564.0,27.784,22.54
52190,261,S1,567.0,27.659,22.54
52191,261,S1,570.0,27.587,22.54
52192,261,S1,573.0,27.540,22.54
52193,261,S1,576.0,27.516,22.54
52194,261,S1,579.0,27.365,22.54
52195,261,S1,582.0,27.364,22.54
52196,261,S1,585.0,27.218,22.54
52197,261,S1,588.0,27.257,22.54
52198,261,S1,591.0,27.197,22.54
52199,261,S1,594.0,27.100,22.54
52200,261,S1,597.0,27.073,22.54
52201,262,S2,0.0,85.744,22.78
52202,262,S2,3.0,84.581,22.78
52203,262,S2,6.0,83.463,22.78
52204,262,S2,9.0,82.431,22.78
52205,262,S2,12.0,81.380,22.78
52206,262,S2,15.0,80.294,22.78
52207,262,S2,18.0,79.199,22.78
52208,262,S2,21.0,78.240,22.78
52209,262,S2,24.0,77.235,22.78
52210,262,S2,27.0,76.331,22.78
52211,262,S2,30.0,75.365,22.78
52212,262,S2,33.0,74.491,22.78
52213,262,S2,36.0,73.572,22.78
52214,262,S2,39.0,72.489,22.78
52215,262,S2,42.0,71.709,22.78
52216,262,S2,45.0,70.851,22.78
52217,262,S2,48.0,69.919,22.78
52218,262,S2,51.0,69.153,22.78
52219,262,S2,54.0,68.301,22.78
52220,262,S2,57.0,67.469,22.78
52221,262,S2,60.0,66.660,22.78
52222,262,S2,63.0,65.881,22.78
52223,262,S2,66.0,65.082,22.78
52224,262,S2,69.0,64.421,22.78
52225,262,S2,72.0,63.691,22.78
52226,262,S2,75.0,62.939,22.78
52227,262,S2,78.0,62.220,22.78
52228,262,S2,81.0,61.538,22.78
52229,262,S2,84.0,60.781,22.78
52230,262,S2,87.0,60.200,22.78
52231,262,S2,90.0,59.424,22.78
52232,262,S2,93.0,58.882,22.78
52233,262,S2,96.0,58.245,22.78
52234,262,S2,99.0,57.565,22.78
52235,262,S2,102.0,56.983,22.78
52236,262,S2,105.0,56.391,22.78
52237,262,S2,108.0,55.777,22.78
52238,262,S2,111.0,55.267,22.78
52239,262,S2,114.0,54.575,22.78
52240,262,S2,117.0,53.971,22.78
52241,262,S2,120.0,53.441,22.78
52242,262,S2,123.0,53.016,22.78
52243,262,S2,126.0,52.397,22.78
52244,262,S2,129.0,51.840,22.78
52245,262,S2,132.0,51.393,22.78
52246,262,S2,135.0,50.787,22.78
52247,262,S2,138.0,50.342,22.78
52248,262,S2,141.0,49.876,22.78
52249,262,S2,144.0,49.365,22.78
52250,262,S2,147.0,48.974,22.78
52251,262,S2,150.0,48.385,22.78
52252,262,S2,153.0,48.007,22.78
52253,262,S2,156.0,47.550,22.78
52254,262,S2,159.0,47.065,22.78
52255,262,S2,162.0,46.673,22.78
52256,262,S2,165.0,46.282,22.78
52257,262,S2,168.0,45.804,22.78
52258,262,S2,171.0,45.391,22.78
52259,262,S2,174.0,44.949,22.78
52260,262,S2,177.0,44.657,22.78
52261,262,S2,180.0,44.162,22.78
52262,262,S2,183.0,43.834,22.78
52263,262,S2,186.0,43.402,22.78
52264,262,S2,189.0,43.045,22.78
52265,262,S2,192.0,42.738,22.78
52266,262,S2,195.0,42.361,22.78
52267,262,S2,198.0,42.014,22.78
52268,262,S2,201.0,41.645,22.78
52269,262,S2,204.0,41.399,22.78
52270,262,S2,207.0,40.975,22.78
52271,262,S2,210.0,40.729,22.78
52272,262,S2,213.0,40.414,22.78
52273,262,S2,216.0,40.105,22.78
52274,262,S2,219.0,39.705,22.78
52275,262,S2,222.0,39.353,22.78
52276,262,S2,225.0,39.182,22.78
52277,262,S2,228.0,38.845,22.78
52278,262,S2,231.0,38.613,22.78
52279,262,S2,234.0,38.256,22.78
52280,262,S2,237.0,37.948,22.78
52281,262,S2,240.0,37.740,22.78
52282,262,S2,243.0,37.498,22.78
52283,262,S2,246.0,37.165,22.78
52284,262,S2,249.0,36.936,22.78
52285,262,S2,252.0,36.705,22.78
52286,262,S2,255.0,36.455,22.78
52287,262,S2,258.0,36.226,22.78
52288,262,S2,261.0,36.046,22.78
52289,262,S2,264.0,35.674,22.78
52290,262,S2,267.0,35.580,22.78
52291,262,S2,270.0,35.253,22.78
52292,262,S2,273.0,35.081,22.78
52293,262,S2,276.0,34.757,22.78
52294,262,S2,279.0,34.635,22.78
52295,262,S2,282.0,34.490,22.78
52296,262,S2,285.0,34.124,22.78
52297,262,S2,288.0,33.947,22.78
52298,262,S2,291.0,33.700,22.78
52299,262,S2,294.0,33.616,22.78
52300,262,S2,297.0,33.473,22.78
52301,262,S2,300.0,33.190,22.78
52302,262,S2,303.0,33.099,22.78
52303,262,S2,306.0,32.809,22.78
52304,262,S2,309.0,32.673,22.78
52305,262,S2,312.0,32.498,22.78
52306,262,S2,315.0,32.372,22.78
52307,262,S2,318.0,32.145,22.78
52308,262,S2,321.0,32.019,22.78
52309,262,S2,324.0,31.775,22.78
52310,262,S2,327.0,31.638,22.78
52311,262,S2,330.0,31.496,22.78
52312,262,S2,333.0,31.411,22.78
52313,262,S2,336.0,31.218,22.78
52314,262,S2,339.0,30.985,22.78
52315,262,S2,342.0,30.936,22.78
52316,262,S2,345.0,30.796,22.78
52317,262,S2,348.0,30.672,22.78
52318,262,S2,351.0,30.375,22.78
52319,262,S2,354.0,30.339,22.78
52320,262,S2,357.0,30.246,22.78
52321,262,S2,360.0,30.256,22.78
52322,262,S2,363.0,29.924,22.78
52323,262,S2,366.0,29.852,22.78
52324,262,S2,369.0,29.625,22.78
52325,262,S2,372.0,29.633,22.78
52326,262,S2,375.0,29.427,22.78
52327,262,S2,378.0,29.322,22.78
52328,262,S2,381.0,29.179,22.78
52329,262,S2,384.0,29.171,22.78
52330,262,S2,387.0,28.973,22.78
52331,262,S2,390.0,28.857,22.78
52332,262,S2,393.0,28.721,22.78
52333,262,S2,396.0,28.636,22.78
52334,262,S2,399.0,28.551,22.78
52335,262,S2,402.0,28.451,22.78
52336,262,S2,405.0,28.405,22.78
52337,262,S2,408.0,28.272,22.78
52338,262,S2,411.0,28.285,22.78
52339,262,S2,414.0,27.950,22.78
52340,262,S2,417.0,28.029,22.78
52341,262,S2,420.0,27.955,22.78
52342,262,S2,423.0,27.819,22.78
52343,262,S2,426.0,27.697,22.78
52344,262,S2,429.0,27.616,22.78
52345,262,S2,432.0,27.506,22.78
52346,262,S2,435.0,27.521,22.78
52347,262,S2,438.0,27.280,22.78
52348,262,S2,441.0,27.286,22.78
52349,262,S2,444.0,27.192,22.78
52350,262,S2,447.0,27.053,22.78
52351,262,S2,450.0,27.067,22.78
52352,262,S2,453.0,26.959,22.78
52353,262,S2,456.0,26.891,22.78
52354,262,S2,459.0,26.806,22.78
52355,262,S2,462.0,26.774,22.78
52356,262,S2,465.0,26.692,22.78
52357,262,S2,468.0,26.492,22.78
52358,262,S2,471.0,26.515,22.78
52359,262,S2,474.0,26.443,22.78
52360,262,S2,477.0,26.426,22.78
52361,262,S2,480.0,26.228,22.78
52362,262,S2,483.0,26.287,22.78
52363,262,S2,486.0,26.212,22.78
52364,262,S2,489.0,26.202,22.78
52365,262,S2,492.0,26.054,22.78
52366,262,S2,495.0,26.097,22.78
52367,262,S2,498.0,25.964,22.78
52368,262,S2,501.0,25.942,22.78
52369,262,S2,504.0,25.904,22.78
52370,262,S2,507.0,25.864,22.78
52371,262,S2,510.0,25.746,22.78
52372,262,S2,513.0,25.670,22.78
52373,262,S2,516.0,25.683,22.78
52374,262,S2,519.0,25.590,22.78
52375,262,S2,522.0,25.554,22.78
52376,262,S2,525.0,25.560,22.78
52377,262,S2,528.0,25.443,22.78
52378,262,S2,531.0,25.425,22.78
52379,262,S2,534.0,25.366,22.78
52380,262,S2,537.0,25.315,22.78
52381,262,S2,540.0,25.220,22.78
52382,262,S2,543.0,25.098,22.78
52383,262,S2,546.0,25.153,22.78
52384,262,S2,549.0,25.154,22.78
52385,262,S2,552.0,25.050,22.78
52386,262,S2,555.0,25.011,22.78
52387,262,S2,558.0,25.058,22.78
52388,262,S2,561.0,24.914,22.78
52389,262,S2,564.0,24.926,22.78
52390,262,S2,567.0,24.805,22.78
52391,262,S2,570.0,24.900,22.78
52392,262,S2,573.0,24.728,22.78
52393,262,S2,576.0,24.822,22.78
52394,262,S2,579.0,24.782,22.78
52395,262,S2,582.0,24.690,22.78
52396,262,S2,585.0,24.762,22.78
52397,262,S2,588.0,24.642,22.78
52398,262,S2,591.0,24.592,22.78
52399,262,S2,594.0,24.557,22.78
52400,262,S2,597.0,24.497,22.78
52401,263,S3,0.0,87.758,21.33
52402,263,S3,3.0,86.778,21.33
52403,263,S3,6.0,85.829,21.33
52404,263,S3,9.0,84.792,21.33
52405,263,S3,12.0,83.778,21.33
52406,263,S3,15.0,83.019,21.33
52407,263,S3,18.0,81.941,21.33
52408,263,S3,21.0,81.034,21.33
52409,263,S3,24.0,80.121,21.33
52410,263,S3,27.0,79.310,21.33
52411,263,S3,30.0,78.460,21.33
52412,263,S3,33.0,77.520,21.33
52413,263,S3,36.0,76.741,21.33
52414,263,S3,39.0,75.965,21.33
52415,263,S3,42.0,75.081,21.33
52416,263,S3,45.0,74.301,21.33
52417,263,S3,48.0,73.497,21.33
52418,263,S3,51.0,72.740,21.33
52419,263,S3,54.0,71.986,21.33
52420,263,S3,57.0,71.252,21.33
52421,263,S3,60.0,70.404,21.33
52422,263,S3,63.0,69.732,21.33
52423,263,S3,66.0,69.087,21.33
52424,263,S3,69.0,68.222,21.33
52425,263,S3,72.0,67.483,21.33
52426,263,S3,75.0,66.890,21.33
52427,263,S3,78.0,66.158,21.33
52428,263,S3,81.0,65.533,21.33
52429,263,S3,84.0,64.801,21.33
52430,263,S3,87.0,64.226,21.33
52431,263,S3,90.0,63.676,21.33
52432,263,S3,93.0,62.894,21.33
52433,263,S3,96.0,62.272,21.33
52434,263,S3,99.0,61.677,21.33
52435,263,S3,102.0,61.098,21.33
52436,263,S3,105.0,60.486,21.33
52437,263,S3,108.0,59.970,21.33
52438,263,S3,111.0,59.387,21.33
52439,263,S3,114.0,58.744,21.33
52440,263,S3,117.0,58.167,21.33
52441,263,S3,120.0,57.670,21.33
52442,263,S3,123.0,57.122,21.33
52443,263,S3,126.0,56.591,21.33
52444,263,S3,129.0,56.117,21.33
52445,263,S3,132.0,55.460,21.33
52446,263,S3,135.0,54.920,21.33
52447,263,S3,138.0,54.415,21.33
52448,263,S3,141.0,54.010,21.33
52449,263,S3,144.0,53.532,21.33
52450,263,S3,147.0,53.000,21.33
52451,263,S3,150.0,52.641,21.33
52452,263,S3,153.0,52.086,21.33
52453,263,S3,156.0,51.559,21.33
52454,263,S3,159.0,51.313,21.33
52455,263,S3,162.0,50.706,21.33
52456,263,S3,165.0,50.341,21.33
52457,263,S3,168.0,49.846,21.33
52458,263,S3,171.0,49.496,21.33
52459,263,S3,174.0,49.057,21.33
52460,263,S3,177.0,48.578,21.33
52461,263,S3,180.0,48.153,21.33
52462,263,S3,183.0,47.794,21.33
52463,263,S3,186.0,47.366,21.33
52464,263,S3,189.0,46.974,21.33
52465,263,S3,192.0,46.595,21.33
52466,263,S3,195.0,46.206,21.33
52467,263,S3,198.0,45.902,21.33
52468,263,S3,201.0,45.482,21.33
52469,263,S3,204.0,45.109,21.33
52470,263,S3,207.0,44.828,21.33
52471,263,S3,210.0,44.452,21.33
52472,263,S3,213.0,44.233,21.33
52473,263,S3,216.0,43.688,21.33
52474,263,S3,219.0,43.400,21.33
52475,263,S3,222.0,43.043,21.33
52476,263,S3,225.0,42.768,21.33
52477,263,S3,228.0,42.437,21.33
52478,263,S3,231.0,42.108,21.33
52479,263,S3,234.0,41.871,21.33
52480,263,S3,237.0,41.477,21.33
52481,263,S3,240.0,41.271,21.33
52482,263,S3,243.0,40.848,21.33
52483,263,S3,246.0,40.565,21.33
52484,263,S3,249.0,40.332,21.33
52485,263,S3,252.0,40.024,21.33
52486,263,S3,255.0,39.706,21.33
52487,263,S3,258.0,39.439,21.33
52488,263,S3,261.0,39.130,21.33
52489,263,S3,264.0,39.004,21.33
52490,263,S3,267.0,38.655,21.33
52491,263,S3,270.0,38.392,21.33
52492,263,S3,273.0,38.156,21.33
52493,263,S3,276.0,37.900,21.33
52494,263,S3,279.0,37.632,21.33
52495,263,S3,282.0,37.406,21.33
52496,263,S3,285.0,37.149,21.33
52497,263,S3,288.0,37.003,21.33
52498,263,S3,291.0,36.686,21.33
52499,263,S3,294.0,36.455,21.33
52500,263,S3,297.0,36.248,21.33
52501,263,S3,300.0,35.955,21.33
52502,263,S3,303.0,35.706,21.33
52503,263,S3,306.0,35.512,21.33
52504,263,S3,309.0,35.293,21.33
52505,263,S3,312.0,35.150,21.33
52506,263,S3,315.0,34.883,21.33
52507,263,S3,318.0,34.775,21.33
52508,263,S3,321.0,34.490,21.33
52509,263,S3,324.0,34.231,21.33
52510,263,S3,327.0,34.096,21.33
52511,263,S3,330.0,33.967,21.33
52512,263,S3,333.0,33.648,21.33
52513,263,S3,336.0,33.544,21.33
52514,263,S3,339.0,33.429,21.33
52515,263,S3,342.0,33.195,21.33
52516,263,S3,345.0,32.961,21.33
52517,263,S3,348.0,32.853,21.33
52518,263,S3,351.0,32.768,21.33
52519,263,S3,354.0,32.665,21.33
52520,263,S3,357.0,32.303,21.33
52521,263,S3,360.0,32.252,21.33
52522,263,S3,363.0,32.021,21.33
52523,263,S3,366.0,31.896,21.33
52524,263,S3,369.0,31.679,21.33
52525,263,S3,372.0,31.537,21.33
52526,263,S3,375.0,31.363,21.33
52527,263,S3,378.0,31.263,21.33
52528,263,S3,381.0,31.043,21.33
52529,263,S3,384.0,31.056,21.33
52530,263,S3,387.0,30.807,21.33
52531,263,S3,390.0,30.673,21.33
52532,263,S3,393.0,30.354,21.33
52533,263,S3,396.0,30.359,21.33
52534,263,S3,399.0,30.273,21.33
52535,263,S3,402.0,30.167,21.33
52536,263,S3,405.0,29.954,21.33
52537,263,S3,408.0,29.836,21.33
52538,263,S3,411.0,29.744,21.33
52539,263,S3,414.0,29.551,21.33
52540,263,S3,417.0,29.549,21.33
52541,263,S3,420.0,29.371,21.33
52542,263,S3,423.0,29.276,21.33
52543,263,S3,426.0,29.160,21.33
52544,263,S3,429.0,29.023,21.33
52545,263,S3,432.0,28.838,21.33
52546,263,S3,435.0,28.800,21.33
52547,263,S3,438.0,28.688,21.33
52548,263,S3,441.0,28.519,21.33
52549,263,S3,444.0,28.407,21.33
52550,263,S3,447.0,28.424,21.33
52551,263,S3,450.0,28.162,21.33
52552,263,S3,453.0,28.177,21.33
52553,263,S3,456.0,28.018,21.33
52554,263,S3,459.0,27.853,21.33
52555,263,S3,462.0,27.830,21.33
52556,263,S3,465.0,27.614,21.33
52557,263,S3,468.0,27.647,21.33
52558,263,S3,471.0,27.570,21.33
52559,263,S3,474.0,27.396,21.33
52560,263,S3,477.0,27.335,21.33
52561,263,S3,480.0,27.247,21.33
52562,263,S3,483.0,27.235,21.33
52563,263,S3,486.0,27.024,21.33
52564,263,S3,489.0,26.956,21.33
52565,263,S3,492.0,26.998,21.33
52566,263,S3,495.0,26.882,21.33
52567,263,S3,498.0,26.840,21.33
52568,263,S3,501.0,26.717,21.33
52569,263,S3,504.0,26.524,21.33
52570,263,S3,507.0,26.584,21.33
52571,263,S3,510.0,26.459,21.33
52572,263,S3,513.0,26.364,21.33
52573,263,S3,516.0,26.338,21.33
52574,263,S3,519.0,26.298,21.33
52575,263,S3,522.0,26.017,21.33
52576,263,S3,525.0,26.067,21.33
52577,263,S3,528.0,26.030,21.33
52578,263,S3,531.0,25.875,21.33
52579,263,S3,534.0,25.826,21.33
52580,263,S3,537.0,25.744,21.33
52581,263,S3,540.0,25.693,21.33
52582,263,S3,543.0,25.702,21.33
52583,263,S3,546.0,25.560,21.33
52584,263,S3,549.0,25.497,21.33
52585,263,S3,552.0,25.507,21.33
52586,263,S3,555.0,25.359,21.33
52587,263,S3,558.0,25.515,21.33
52588,263,S3,561.0,25.274,21.33
52589,263,S3,564.0,25.202,21.33
52590,263,S3,567.0,25.256,21.33
52591,263,S3,570.0,25.175,21.33
52592,263,S3,573.0,25.020,21.33
52593,263,S3,576.0,24.966,21.33
52594,263,S3,579.0,24.946,21.33
52595,263,S3,582.0,24.848,21.33
52596,263,S3,585.0,24.836,21.33
52597,263,S3,588.0,24.750,21.33
52598,263,S3,591.0,24.744,21.33
52599,263,S3,594.0,24.625,21.33
52600,263,S3,597.0,24.535,21.33
52601,264,S4,0.0,72.739,22.83
52602,264,S4,3.0,71.362,22.83
52603,264,S4,6.0,70.176,22.83
52604,264,S4,9.0,68.853,22.83
52605,264,S4,12.0,67.539,22.83
52606,264,S4,15.0,66.398,22.83
52607,264,S4,18.0,65.197,22.83
52608,264,S4,21.0,64.065,22.83
52609,264,S4,24.0,62.875,22.83
52610,264,S4,27.0,61.862,22.83
52611,264,S4,30.0,60.906,22.83
52612,264,S4,33.0,59.684,22.83
52613,264,S4,36.0,58.764,22.83
52614,264,S4,39.0,57.776,22.83
52615,264,S4,42.0,56.886,22.83
52616,264,S4,45.0,55.965,22.83
52617,264,S4,48.0,54.969,22.83
52618,264,S4,51.0,54.121,22.83
52619,264,S4,54.0,53.254,22.83
52620,264,S4,57.0,52.490,22.83
52621,264,S4,60.0,51.778,22.83
52622,264,S4,63.0,50.837,22.83
52623,264,S4,66.0,50.109,22.83
52624,264,S4,69.0,49.506,22.83
52625,264,S4,72.0,48.678,22.83
52626,264,S4,75.0,47.919,22.83
52627,264,S4,78.0,47.210,22.83
52628,264,S4,81.0,46.659,22.83
52629,264,S4,84.0,45.943,22.83
52630,264,S4,87.0,45.297,22.83
52631,264,S4,90.0,44.715,22.83
52632,264,S4,93.0,44.134,22.83
52633,264,S4,96.0,43.662,22.83
52634,264,S4,99.0,43.015,22.83
52635,264,S4,102.0,42.533,22.83
52636,264,S4,105.0,41.901,22.83
52637,264,S4,108.0,41.381,22.83
52638,264,S4,111.0,40.990,22.83
52639,264,S4,114.0,40.425,22.83
52640,264,S4,117.0,39.978,22.83
52641,264,S4,120.0,39.504,22.83
52642,264,S4,123.0,39.025,22.83
52643,264,S4,126.0,38.671,22.83
52644,264,S4,129.0,38.113,22.83
52645,264,S4,132.0,37.735,22.83
52646,264,S4,135.0,37.281,22.83
52647,264,S4,138.0,36.926,22.83
52648,264,S4,141.0,36.465,22.83
52649,264,S4,144.0,36.146,22.83
52650,264,S4,147.0,35.827,22.83
52651,264,S4,150.0,35.503,22.83
52652,264,S4,153.0,35.252,22.83
52653,264,S4,156.0,34.927,22.83
52654,264,S4,159.0,34.453,22.83
52655,264,S4,162.0,34.173,22.83
52656,264,S4,165.0,33.921,22.83
52657,264,S4,168.0,33.475,22.83
52658,264,S4,171.0,33.231,22.83
52659,264,S4,174.0,32.986,22.83
52660,264,S4,177.0,32.648,22.83
52661,264,S4,180.0,32.404,22.83
52662,264,S4,183.0,32.188,22.83
52663,264,S4,186.0,31.955,22.83
52664,264,S4,189.0,31.690,22.83
52665,264,S4,192.0,31.408,22.83
52666,264,S4,195.0,31.232,22.83
52667,264,S4,198.0,30.882,22.83
52668,264,S4,201.0,30.736,22.83
52669,264,S4,204.0,30.498,22.83
52670,264,S4,207.0,30.388,22.83
52671,264,S4,210.0,30.159,22.83
52672,264,S4,213.0,29.992,22.83
52673,264,S4,216.0,29.803,22.83
52674,264,S4,219.0,29.662,22.83
52675,264,S4,222.0,29.475,22.83
52676,264,S4,225.0,29.139,22.83
52677,264,S4,228.0,29.011,22.83
52678,264,S4,231.0,28.912,22.83
52679,264,S4,234.0,28.683,22.83
52680,264,S4,237.0,28.547,22.83
52681,264,S4,240.0,28.365,22.83
52682,264,S4,243.0,28.320,22.83
52683,264,S4,246.0,28.117,22.83
52684,264,S4,249.0,27.930,22.83
52685,264,S4,252.0,27.801,22.83
52686,264,S4,255.0,27.719,22.83
52687,264,S4,258.0,27.542,22.83
52688,264,S4,261.0,27.394,22.83
52689,264,S4,264.0,27.249,22.83
52690,264,S4,267.0,26.998,22.83
52691,264,S4,270.0,27.047,22.83
52692,264,S4,273.0,26.965,22.83
52693,264,S4,276.0,26.742,22.83
52694,264,S4,279.0,26.735,22.83
52695,264,S4,282.0,26.640,22.83
52696,264,S4,285.0,26.520,22.83
52697,264,S4,288.0,26.352,22.83
52698,264,S4,291.0,26.255,22.83
52699,264,S4,294.0,26.194,22.83
52700,264,S4,297.0,26.097,22.83
52701,264,S4,300.0,26.041,22.83
52702,264,S4,303.0,26.012,22.83
52703,264,S4,306.0,25.992,22.83
52704,264,S4,309.0,25.853,22.83
52705,264,S4,312.0,25.618,22.83
52706,264,S4,315.0,25.658,22.83
52707,264,S4,318.0,25.569,22.83
52708,264,S4,321.0,25.519,22.83
52709,264,S4,324.0,25.440,22.83
52710,264,S4,327.0,25.306,22.83
52711,264,S4,330.0,25.260,22.83
52712,264,S4,333.0,25.361,22.83
52713,264,S4,336.0,25.259,22.83
52714,264,S4,339.0,25.107,22.83
52715,264,S4,342.0,25.066,22.83
52716,264,S4,345.0,24.996,22.83
52717,264,S4,348.0,24.883,22.83
52718,264,S4,351.0,24.847,22.83
52719,264,S4,354.0,24.792,22.83
52720,264,S4,357.0,24.744,22.83
52721,264,S4,360.0,24.674,22.83
52722,264,S4,363.0,24.512,22.83
52723,264,S4,366.0,24.653,22.83
52724,264,S4,369.0,24.595,22.83
52725,264,S4,372.0,24.446,22.83
52726,264,S4,375.0,24.480,22.83
52727,264,S4,378.0,24.428,22.83
52728,264,S4,381.0,24.459,22.83
52729,264,S4,384.0,24.393,22.83
52730,264,S4,387.0,24.294,22.83
52731,264,S4,390.0,24.180,22.83
52732,264,S4,393.0,24.176,22.83
52733,264,S4,396.0,24.137,22.83
52734,264,S4,399.0,24.187,22.83
52735,264,S4,402.0,24.152,22.83
52736,264,S4,405.0,24.109,22.83
52737,264,S4,408.0,24.077,22.83
52738,264,S4,411.0,23.989,22.83
52739,264,S4,414.0,23.966,22.83
52740,264,S4,417.0,23.886,22.83
52741,264,S4,420.0,23.873,22.83
52742,264,S4,423.0,23.845,22.83
52743,264,S4,426.0,23.845,22.83
52744,264,S4,429.0,23.800,22.83
52745,264,S4,432.0,23.714,22.83
52746,264,S4,435.0,23.703,22.83
52747,264,S4,438.0,23.788,22.83
52748,264,S4,441.0,23.689,22.83
52749,264,S4,444.0,23.743,22.83
52750,264,S4,447.0,23.660,22.83
52751,264,S4,450.0,23.568,22.83
52752,264,S4,453.0,23.523,22.83
52753,264,S4,456.0,23.583,22.83
52754,264,S4,459.0,23.638,22.83
52755,264,S4,462.0,23.643,22.83
52756,264,S4,465.0,23.555,22.83
52757,264,S4,468.0,23.463,22.83
52758,264,S4,471.0,23.460,22.83
52759,264,S4,474.0,23.537,22.83
52760,264,S4,477.0,23.535,22.83
52761,264,S4,480.0,23.506,22.83
52762,264,S4,483.0,23.456,22.83
52763,264,S4,486.0,23.449,22.83
52764,264,S4,489.0,23.318,22.83
52765,264,S4,492.0,23.413,22.83
52766,264,S4,495.0,23.331,22.83
52767,264,S4,498.0,23.364,22.83
52768,264,S4,501.0,23.375,22.83
52769,264,S4,504.0,23.353,22.83
52770,264,S4,507.0,23.236,22.83
52771,264,S4,510.0,23.439,22.83
52772,264,S4,513.0,23.283,22.83
52773,264,S4,516.0,23.296,22.83
52774,264,S4,519.0,23.277,22.83
52775,264,S4,522.0,23.201,22.83
52776,264,S4,525.0,23.248,22.83
52777,264,S4,528.0,23.192,22.83
52778,264,S4,531.0,23.191,22.83
52779,264,S4,534.0,23.190,22.83
52780,264,S4,537.0,23.234,22.83
52781,264,S4,540.0,23.187,22.83
52782,264,S4,543.0,23.188,22.83
52783,264,S4,546.0,23.218,22.83
52784,264,S4,549.0,23.147,22.83
52785,264,S4,552.0,23.126,22.83
52786,264,S4,555.0,23.143,22.83
52787,264,S4,558.0,23.111,22.83
52788,264,S4,561.0,23.083,22.83
52789,264,S4,564.0,23.180,22.83
52790,264,S4,567.0,23.138,22.83
52791,264,S4,570.0,23.041,22.83
52792,264,S4,573.0,23.137,22.83
52793,264,S4,576.0,23.043,22.83
52794,264,S4,579.0,23.009,22.83
52795,264,S4,582.0,23.041,22.83
52796,264,S4,585.0,23.146,22.83
52797,264,S4,588.0,23.044,22.83
52798,264,S4,591.0,23.095,22.83
52799,264,S4,594.0,23.010,22.83
52800,264,S4,597.0,22.979,22.83
52801,265,S1,0.0,76.104,22.46
52802,265,S1,3.0,74.651,22.46
52803,265,S1,6.0,73.306,22.46
52804,265,S1,9.0,71.887,22.46
52805,265,S1,12.0,70.609,22.46
52806,265,S1,15.0,69.321,22.46
52807,265,S1,18.0,68.084,22.46
52808,265,S1,21.0,66.873,22.46
52809,265,S1,24.0,65.759,22.46
52810,265,S1,27.0,64.680,22.46
52811,265,S1,30.0,63.405,22.46
52812,265,S1,33.0,62.384,22.46
52813,265,S1,36.0,61.456,22.46
52814,265,S1,39.0,60.377,22.46
52815,265,S1,42.0,59.374,22.46
52816,265,S1,45.0,58.345,22.46
52817,265,S1,48.0,57.366,22.46
52818,265,S1,51.0,56.522,22.46
52819,265,S1,54.0,55.545,22.46
52820,265,S1,57.0,54.792,22.46
52821,265,S1,60.0,53.882,22.46
52822,265,S1,63.0,53.011,22.46
52823,265,S1,66.0,52.247,22.46
52824,265,S1,69.0,51.458,22.46
52825,265,S1,72.0,50.666,22.46
52826,265,S1,75.0,50.008,22.46
52827,265,S1,78.0,49.254,22.46
52828,265,S1,81.0,48.507,22.46
52829,265,S1,84.0,47.872,22.46
52830,265,S1,87.0,47.237,22.46
52831,265,S1,90.0,46.544,22.46
52832,265,S1,93.0,45.950,22.46
52833,265,S1,96.0,45.259,22.46
52834,265,S1,99.0,44.656,22.46
52835,265,S1,102.0,44.065,22.46
52836,265,S1,105.0,43.523,22.46
52837,265,S1,108.0,42.978,22.46
52838,265,S1,111.0,42.486,22.46
52839,265,S1,114.0,41.906,22.46
52840,265,S1,117.0,41.475,22.46
52841,265,S1,120.0,40.919,22.46
52842,265,S1,123.0,40.426,22.46
52843,265,S1,126.0,39.930,22.46
52844,265,S1,129.0,39.456,22.46
52845,265,S1,132.0,39.052,22.46
52846,265,S1,135.0,38.604,22.46
52847,265,S1,138.0,38.182,22.46
52848,265,S1,141.0,37.772,22.46
52849,265,S1,144.0,37.328,22.46
52850,265,S1,147.0,36.910,22.46
52851,265,S1,150.0,36.519,22.46
52852,265,S1,153.0,36.193,22.46
52853,265,S1,156.0,35.871,22.46
52854,265,S1,159.0,35.424,22.46
52855,265,S1,162.0,35.149,22.46
52856,265,S1,165.0,34.827,22.46
52857,265,S1,168.0,34.462,22.46
52858,265,S1,171.0,34.150,22.46
52859,265,S1,174.0,33.841,22.46
52860,265,S1,177.0,33.603,22.46
52861,265,S1,180.0,33.222,22.46
52862,265,S1,183.0,33.004,22.46
52863,265,S1,186.0,32.771,22.46
52864,265,S1,189.0,32.435,22.46
52865,265,S1,192.0,32.196,22.46
52866,265,S1,195.0,31.947,22.46
52867,265,S1,198.0,31.640,22.46
52868,265,S1,201.0,31.425,22.46
52869,265,S1,204.0,31.188,22.46
52870,265,S1,207.0,30.907,22.46
52871,265,S1,210.0,30.856,22.46
52872,265,S1,213.0,30.534,22.46
52873,265,S1,216.0,30.318,22.46
52874,265,S1,219.0,30.108,22.46
52875,265,S1,222.0,29.894,22.46
52876,265,S1,225.0,29.742,22.46
52877,265,S1,228.0,29.508,22.46
52878,265,S1,231.0,29.377,22.46
52879,265,S1,234.0,29.119,22.46
52880,265,S1,237.0,28.912,22.46
52881,265,S1,240.0,28.921,22.46
52882,265,S1,243.0,28.670,22.46
52883,265,S1,246.0,28.496,22.46
52884,265,S1,249.0,28.301,22.46
52885,265,S1,252.0,28.128,22.46
52886,265,S1,255.0,27.972,22.46
52887,265,S1,258.0,27.863,22.46
52888,265,S1,261.0,27.745,22.46
52889,265,S1,264.0,27.606,22.46
52890,265,S1,267.0,27.406,22.46
52891,265,S1,270.0,27.368,22.46
52892,265,S1,273.0,27.205,22.46
52893,265,S1,276.0,27.087,22.46
52894,265,S1,279.0,26.942,22.46
52895,265,S1,282.0,26.869,22.46
52896,265,S1,285.0,26.683,22.46
52897,265,S1,288.0,26.595,22.46
52898,265,S1,291.0,26.413,22.46
52899,265,S1,294.0,26.397,22.46
52900,265,S1,297.0,26.320,22.46
52901,265,S1,300.0,26.184,22.46
52902,265,S1,303.0,26.119,22.46
52903,265,S1,306.0,26.011,22.46
52904,265,S1,309.0,25.919,22.46
52905,265,S1,312.0,25.854,22.46
52906,265,S1,315.0,25.767,22.46
52907,265,S1,318.0,25.631,22.46
52908,265,S1,321.0,25.502,22.46
52909,265,S1,324.0,25.387,22.46
52910,265,S1,327.0,25.363,22.46
52911,265,S1,330.0,25.280,22.46
52912,265,S1,333.0,25.285,22.46
52913,265,S1,336.0,25.174,22.46
52914,265,S1,339.0,25.137,22.46
52915,265,S1,342.0,25.030,22.46
52916,265,S1,345.0,25.023,22.46
52917,265,S1,348.0,24.917,22.46
52918,265,S1,351.0,24.842,22.46
52919,265,S1,354.0,24.847,22.46
52920,265,S1,357.0,24.713,22.46
52921,265,S1,360.0,24.707,22.46
52922,265,S1,363.0,24.601,22.46
52923,265,S1,366.0,24.546,22.46
52924,265,S1,369.0,24.427,22.46
52925,265,S1,372.0,24.343,22.46
52926,265,S1,375.0,24.331,22.46
52927,265,S1,378.0,24.272,22.46
52928,265,S1,381.0,24.216,22.46
52929,265,S1,384.0,24.207,22.46
52930,265,S1,387.0,24.210,22.46
52931,265,S1,390.0,24.068,22.46
52932,265,S1,393.0,24.126,22.46
52933,265,S1,396.0,24.083,22.46
52934,265,S1,399.0,24.036,22.46
52935,265,S1,402.0,24.043,22.46
52936,265,S1,405.0,23.893,22.46
52937,265,S1,408.0,23.785,22.46
52938,265,S1,411.0,23.851,22.46
52939,265,S1,414.0,23.793,22.46
52940,265,S1,417.0,23.757,22.46
52941,265,S1,420.0,23.707,22.46
52942,265,S1,423.0,23.665,22.46
52943,265,S1,426.0,23.685,22.46
52944,265,S1,429.0,23.566,22.46
52945,265,S1,432.0,23.625,22.46
52946,265,S1,435.0,23.662,22.46
52947,265,S1,438.0,23.551,22.46
52948,265,S1,441.0,23.448,22.46
52949,265,S1,444.0,23.478,22.46
52950,265,S1,447.0,23.468,22.46
52951,265,S1,450.0,23.443,22.46
52952,265,S1,453.0,23.398,22.46
52953,265,S1,456.0,23.399,22.46
52954,265,S1,459.0,23.478,22.46
52955,265,S1,462.0,23.365,22.46
52956,265,S1,465.0,23.289,22.46
52957,265,S1,468.0,23.284,22.46
52958,265,S1,471.0,23.281,22.46
52959,265,S1,474.0,23.350,22.46
52960,265,S1,477.0,23.225,22.46
52961,265,S1,480.0,23.269,22.46
52962,265,S1,483.0,23.176,22.46
52963,265,S1,486.0,23.146,22.46
52964,265,S1,489.0,23.100,22.46
52965,265,S1,492.0,23.133,22.46
52966,265,S1,495.0,23.075,22.46
52967,265,S1,498.0,23.114,22.46
52968,265,S1,501.0,23.066,22.46
52969,265,S1,504.0,23.046,22.46
52970,265,S1,507.0,23.032,22.46
52971,265,S1,510.0,23.057,22.46
52972,265,S1,513.0,23.045,22.46
52973,265,S1,516.0,22.973,22.46
52974,265,S1,519.0,23.007,22.46
52975,265,S1,522.0,22.972,22.46
52976,265,S1,525.0,23.081,22.46
52977,265,S1,528.0,22.981,22.46
52978,265,S1,531.0,22.972,22.46
52979,265,S1,534.0,22.896,22.46
52980,265,S1,537.0,22.922,22.46
52981,265,S1,540.0,22.884,22.46
52982,265,S1,543.0,22.941,22.46
52983,265,S1,546.0,22.842,22.46
52984,265,S1,549.0,22.889,22.46
52985,265,S1,552.0,22.898,22.46
52986,265,S1,555.0,22.819,22.46
52987,265,S1,558.0,22.849,22.46
52988,265,S1,561.0,22.825,22.46
52989,265,S1,564.0,22.834,22.46
52990,265,S1,567.0,22.859,22.46
52991,265,S1,570.0,22.742,22.46
52992,265,S1,573.0,22.776,22.46
52993,265,S1,576.0,22.753,22.46
52994,265,S1,579.0,22.804,22.46
52995,265,S1,582.0,22.812,22.46
52996,265,S1,585.0,22.733,22.46
52997,265,S1,588.0,22.841,22.46
52998,265,S1,591.0,22.694,22.46
52999,265,S1,594.0,22.713,22.46
53000,265,S1,597.0,22.744,22.46
53001,266,S2,0.0,94.635,20.38
53002,266,S2,3.0,92.947,20.38
53003,266,S2,6.0,91.304,20.38
53004,266,S2,9.0,89.764,20.38
53005,266,S2,12.0,88.207,20.38
53006,266,S2,15.0,86.626,20.38
53007,266,S2,18.0,85.196,20.38
53008,266,S2,21.0,83.767,20.38
53009,266,S2,24.0,82.318,20.38
53010,266,S2,27.0,80.977,20.38
53011,266,S2,30.0,79.597,20.38
53012,266,S2,33.0,78.246,20.38
53013,266,S2,36.0,76.992,20.38
53014,266,S2,39.0,75.556,20.38
53015,266,S2,42.0,74.417,20.38
53016,266,S2,45.0,73.182,20.38
53017,266,S2,48.0,72.090,20.38
53018,266,S2,51.0,70.833,20.38
53019,266,S2,54.0,69.625,20.38
53020,266,S2,57.0,68.568,20.38
53021,266,S2,60.0,67.578,20.38
53022,266,S2,63.0,66.438,20.38
53023,266,S2,66.0,65.349,20.38
53024,266,S2,69.0,64.403,20.38
53025,266,S2,72.0,63.375,20.38
53026,266,S2,75.0,62.527,20.38
53027,266,S2,78.0,61.454,20.38
53028,266,S2,81.0,60.579,20.38
53029,266,S2,84.0,59.649,20.38
53030,266,S2,87.0,58.813,20.38
53031,266,S2,90.0,57.880,20.38
53032,266,S2,93.0,57.135,20.38
53033,266,S2,96.0,56.233,20.38
53034,266,S2,99.0,55.441,20.38
53035,266,S2,102.0,54.671,20.38
53036,266,S2,105.0,53.975,20.38
53037,266,S2,108.0,53.065,20.38
53038,266,S2,111.0,52.387,20.38
53039,266,S2,114.0,51.634,20.38
53040,266,S2,117.0,51.044,20.38
53041,266,S2,120.0,50.254,20.38
53042,266,S2,123.0,49.655,20.38
53043,266,S2,126.0,48.894,20.38
53044,266,S2,129.0,48.388,20.38
53045,266,S2,132.0,47.768,20.38
53046,266,S2,135.0,47.017,20.38
53047,266,S2,138.0,46.490,20.38
53048,266,S2,141.0,45.955,20.38
53049,266,S2,144.0,45.401,20.38
53050,266,S2,147.0,44.883,20.38
53051,266,S2,150.0,44.223,20.38
53052,266,S2,153.0,43.717,20.38
53053,266,S2,156.0,43.071,20.38
53054,266,S2,159.0,42.643,20.38
53055,266,S2,162.0,42.171,20.38
53056,266,S2,165.0,41.714,20.38
53057,266,S2,168.0,41.130,20.38
53058,266,S2,171.0,40.705,20.38
53059,266,S2,174.0,40.210,20.38
53060,266,S2,177.0,39.813,20.38
53061,266,S2,180.0,39.416,20.38
53062,266,S2,183.0,39.003,20.38
53063,266,S2,186.0,38.546,20.38
53064,266,S2,189.0,38.087,20.38
53065,266,S2,192.0,37.683,20.38
53066,266,S2,195.0,37.314,20.38
53067,266,S2,198.0,37.011,20.38
53068,266,S2,201.0,36.607,20.38
53069,266,S2,204.0,36.134,20.38
53070,266,S2,207.0,35.822,20.38
53071,266,S2,210.0,35.433,20.38
53072,266,S2,213.0,35.128,20.38
53073,266,S2,216.0,34.780,20.38
53074,266,S2,219.0,34.471,20.38
53075,266,S2,222.0,34.216,20.38
53076,266,S2,225.0,33.844,20.38
53077,266,S2,228.0,33.607,20.38
53078,266,S2,231.0,33.324,20.38
53079,266,S2,234.0,32.952,20.38
53080,266,S2,237.0,32.874,20.38
53081,266,S2,240.0,32.486,20.38
53082,266,S2,243.0,32.230,20.38
53083,266,S2,246.0,31.901,20.38
53084,266,S2,249.0,31.604,20.38
53085,266,S2,252.0,31.382,20.38
53086,266,S2,255.0,31.225,20.38
53087,266,S2,258.0,30.910,20.38
53088,266,S2,261.0,30.601,20.38
53089,266,S2,264.0,30.421,20.38
53090,266,S2,267.0,30.216,20.38
53091,266,S2,270.0,30.009,20.38
53092,266,S2,273.0,29.798,20.38
53093,266,S2,276.0,29.542,20.38
53094,266,S2,279.0,29.302,20.38
53095,266,S2,282.0,29.217,20.38
53096,266,S2,285.0,28.926,20.38
53097,266,S2,288.0,28.693,20.38
53098,266,S2,291.0,28.490,20.38
53099,266,S2,294.0,28.402,20.38
53100,266,S2,297.0,28.209,20.38
53101,266,S2,300.0,28.024,20.38
53102,266,S2,303.0,27.930,20.38
53103,266,S2,306.0,27.653,20.38
53104,266,S2,309.0,27.528,20.38
53105,266,S2,312.0,27.402,20.38
53106,266,S2,315.0,27.246,20.38
53107,266,S2,318.0,27.010,20.38
53108,266,S2,321.0,26.887,20.38
53109,266,S2,324.0,26.819,20.38
53110,266,S2,327.0,26.634,20.38
53111,266,S2,330.0,26.404,20.38
53112,266,S2,333.0,26.392,20.38
53113,266,S2,336.0,26.214,20.38
53114,266,S2,339.0,26.006,20.38
53115,266,S2,342.0,25.952,20.38
53116,266,S2,345.0,25.835,20.38
53117,266,S2,348.0,25.749,20.38
53118,266,S2,351.0,25.615,20.38
53119,266,S2,354.0,25.444,20.38
53120,266,S2,357.0,25.461,20.38
53121,266,S2,360.0,25.244,20.38
53122,266,S2,363.0,25.133,20.38
53123,266,S2,366.0,24.974,20.38
53124,266,S2,369.0,24.894,20.38
53125,266,S2,372.0,24.865,20.38
53126,266,S2,375.0,24.752,20.38
53127,266,S2,378.0,24.606,20.38
53128,266,S2,381.0,24.549,20.38
53129,266,S2,384.0,24.365,20.38
53130,266,S2,387.0,24.419,20.38
53131,266,S2,390.0,24.290,20.38
53132,266,S2,393.0,24.167,20.38
53133,266,S2,396.0,24.094,20.38
53134,266,S2,399.0,24.021,20.38
53135,266,S2,402.0,23.881,20.38
53136,266,S2,405.0,23.763,20.38
53137,266,S2,408.0,23.718,20.38
53138,266,S2,411.0,23.731,20.38
53139,266,S2,414.0,23.670,20.38
53140,266,S2,417.0,23.577,20.38
53141,266,S2,420.0,23.564,20.38
53142,266,S2,423.0,23.364,20.38
53143,266,S2,426.0,23.384,20.38
53144,266,S2,429.0,23.278,20.38
53145,266,S2,432.0,23.237,20.38
53146,266,S2,435.0,23.087,20.38
53147,266,S2,438.0,23.030,20.38
53148,266,S2,441.0,23.003,20.38
53149,266,S2,444.0,22.902,20.38
53150,266,S2,447.0,22.899,20.38
53151,266,S2,450.0,22.744,20.38
53152,266,S2,453.0,22.827,20.38
53153,266,S2,456.0,22.710,20.38
53154,266,S2,459.0,22.695,20.38
53155,266,S2,462.0,22.682,20.38
53156,266,S2,465.0,22.597,20.38
53157,266,S2,468.0,22.496,20.38
53158,266,S2,471.0,22.508,20.38
53159,266,S2,474.0,22.396,20.38
53160,266,S2,477.0,22.357,20.38
53161,266,S2,480.0,22.303,20.38
53162,266,S2,483.0,22.338,20.38
53163,266,S2,486.0,22.215,20.38
53164,266,S2,489.0,22.173,20.38
53165,266,S2,492.0,22.166,20.38
53166,266,S2,495.0,22.060,20.38
53167,266,S2,498.0,22.054,20.38
53168,266,S2,501.0,22.100,20.38
53169,266,S2,504.0,21.994,20.38
53170,266,S2,507.0,22.019,20.38
53171,266,S2,510.0,21.926,20.38
53172,266,S2,513.0,21.921,20.38
53173,266,S2,516.0,21.901,20.38
53174,266,S2,519.0,21.861,20.38
53175,266,S2,522.0,21.861,20.38
53176,266,S2,525.0,21.755,20.38
53177,266,S2,528.0,21.739,20.38
53178,266,S2,531.0,21.741,20.38
53179,266,S2,534.0,21.826,20.38
53180,266,S2,537.0,21.702,20.38
53181,266,S2,540.0,21.649,20.38
53182,266,S2,543.0,21.629,20.38
53183,266,S2,546.0,21.532,20.38
53184,266,S2,549.0,21.560,20.38
53185,266,S2,552.0,21.545,20.38
53186,266,S2,555.0,21.463,20.38
53187,266,S2,558.0,21.498,20.38
53188,266,S2,561.0,21.495,20.38
53189,266,S2,564.0,21.469,20.38
53190,266,S2,567.0,21.331,20.38
53191,266,S2,570.0,21.351,20.38
53192,266,S2,573.0,21.375,20.38
53193,266,S2,576.0,21.351,20.38
53194,266,S2,579.0,21.315,20.38
53195,266,S2,582.0,21.326,20.38
53196,266,S2,585.0,21.271,20.38
53197,266,S2,588.0,21.208,20.38
53198,266,S2,591.0,21.236,20.38
53199,266,S2,594.0,21.176,20.38
53200,266,S2,597.0,21.229,20.38
53201,267,S3,0.0,84.824,20.40
53202,267,S3,3.0,83.558,20.40
53203,267,S3,6.0,82.402,20.40
53204,267,S3,9.0,81.029,20.40
53205,267,S3,12.0,80.014,20.40
53206,267,S3,15.0,78.891,20.40
53207,267,S3,18.0,77.601,20.40
53208,267,S3,21.0,76.507,20.40
53209,267,S3,24.0,75.409,20.40
53210,267,S3,27.0,74.300,20.40
53211,267,S3,30.0,73.318,20.40
53212,267,S3,33.0,72.189,20.40
53213,267,S3,36.0,71.192,20.40
53214,267,S3,39.0,70.067,20.40
53215,267,S3,42.0,69.175,20.40
53216,267,S3,45.0,68.220,20.40
53217,267,S3,48.0,67.335,20.40
53218,267,S3,51.0,66.360,20.40
53219,267,S3,54.0,65.397,20.40
53220,267,S3,57.0,64.577,20.40
53221,267,S3,60.0,63.625,20.40
53222,267,S3,63.0,62.808,20.40
53223,267,S3,66.0,62.009,20.40
53224,267,S3,69.0,61.154,20.40
53225,267,S3,72.0,60.404,20.40
53226,267,S3,75.0,59.662,20.40
53227,267,S3,78.0,58.807,20.40
53228,267,S3,81.0,58.114,20.40
53229,267,S3,84.0,57.349,20.40
53230,267,S3,87.0,56.582,20.40
53231,267,S3,90.0,55.949,20.40
53232,267,S3,93.0,55.124,20.40
53233,267,S3,96.0,54.545,20.40
53234,267,S3,99.0,53.811,20.40
53235,267,S3,102.0,53.241,20.40
53236,267,S3,105.0,52.600,20.40
53237,267,S3,108.0,51.933,20.40
53238,267,S3,111.0,51.278,20.40
53239,267,S3,114.0,50.754,20.40
53240,267,S3,117.0,50.039,20.40
53241,267,S3,120.0,49.468,20.40
53242,267,S3,123.0,48.992,20.40
53243,267,S3,126.0,48.390,20.40
53244,267,S3,129.0,47.858,20.40
53245,267,S3,132.0,47.298,20.40
53246,267,S3,135.0,46.808,20.40
53247,267,S3,138.0,46.306,20.40
53248,267,S3,141.0,45.768,20.40
53249,267,S3,144.0,45.265,20.40
53250,267,S3,147.0,44.728,20.40
53251,267,S3,150.0,44.264,20.40
53252,267,S3,153.0,43.795,20.40
53253,267,S3,156.0,43.302,20.40
53254,267,S3,159.0,42.787,20.40
53255,267,S3,162.0,42.442,20.40
53256,267,S3,165.0,42.035,20.40
53257,267,S3,168.0,41.602,20.40
53258,267,S3,171.0,41.223,20.40
53259,267,S3,174.0,40.810,20.40
53260,267,S3,177.0,40.296,20.40
53261,267,S3,180.0,39.947,20.40
53262,267,S3,183.0,39.615,20.40
53263,267,S3,186.0,39.191,20.40
53264,267,S3,189.0,38.801,20.40
53265,267,S3,192.0,38.492,20.40
53266,267,S3,195.0,38.219,20.40
53267,267,S3,198.0,37.827,20.40
53268,267,S3,201.0,37.444,20.40
53269,267,S3,204.0,37.128,20.40
53270,267,S3,207.0,36.804,20.40
53271,267,S3,210.0,36.405,20.40
53272,267,S3,213.0,36.108,20.40
53273,267,S3,216.0,35.755,20.40
53274,267,S3,219.0,35.497,20.40
53275,267,S3,222.0,35.226,20.40
53276,267,S3,225.0,34.869,20.40
53277,267,S3,228.0,34.572,20.40
53278,267,S3,231.0,34.367,20.40
53279,267,S3,234.0,34.118,20.40
53280,267,S3,237.0,33.845,20.40
53281,267,S3,240.0,33.502,20.40
53282,267,S3,243.0,33.366,20.40
53283,267,S3,246.0,33.072,20.40
53284,267,S3,249.0,32.734,20.40
53285,267,S3,252.0,32.448,20.40
53286,267,S3,255.0,32.260,20.40
53287,267,S3,258.0,32.018,20.40
53288,267,S3,261.0,31.797,20.40
53289,267,S3,264.0,31.617,20.40
53290,267,S3,267.0,31.462,20.40
53291,267,S3,270.0,31.172,20.40
53292,267,S3,273.0,31.008,20.40
53293,267,S3,276.0,30.732,20.40
53294,267,S3,279.0,30.562,20.40
53295,267,S3,282.0,30.338,20.40
53296,267,S3,285.0,30.171,20.40
53297,267,S3,288.0,30.001,20.40
53298,267,S3,291.0,29.710,20.40
53299,267,S3,294.0,29.621,20.40
53300,267,S3,297.0,29.371,20.40
53301,267,S3,300.0,29.349,20.40
53302,267,S3,303.0,29.033,20.40
53303,267,S3,306.0,28.906,20.40
53304,267,S3,309.0,28.769,20.40
53305,267,S3,312.0,28.520,20.40
53306,267,S3,315.0,28.423,20.40
53307,267,S3,318.0,28.167,20.40
53308,267,S3,321.0,28.110,20.40
53309,267,S3,324.0,27.964,20.40
53310,267,S3,327.0,27.746,20.40
53311,267,S3,330.0,27.734,20.40
53312,267,S3,333.0,27.535,20.40
53313,267,S3,336.0,27.398,20.40
53314,267,S3,339.0,27.194,20.40
53315,267,S3,342.0,27.121,20.40
53316,267,S3,345.0,26.908,20.40
53317,267,S3,348.0,26.807,20.40
53318,267,S3,351.0,26.736,20.40
53319,267,S3,354.0,26.582,20.40
53320,267,S3,357.0,26.513,20.40
53321,267,S3,360.0,26.311,20.40
53322,267,S3,363.0,26.179,20.40
53323,267,S3,366.0,26.073,20.40
53324,267,S3,369.0,25.992,20.40
53325,267,S3,372.0,25.900,20.40
53326,267,S3,375.0,25.785,20.40
53327,267,S3,378.0,25.710,20.40
53328,267,S3,381.0,25.496,20.40
53329,267,S3,384.0,25.367,20.40
53330,267,S3,387.0,25.404,20.40
53331,267,S3,390.0,25.287,20.40
53332,267,S3,393.0,25.189,20.40
53333,267,S3,396.0,25.180,20.40
53334,267,S3,399.0,24.975,20.40
53335,267,S3,402.0,24.857,20.40
53336,267,S3,405.0,24.818,20.40
53337,267,S3,408.0,24.752,20.40
53338,267,S3,411.0,24.584,20.40
53339,267,S3,414.0,24.558,20.40
53340,267,S3,417.0,24.418,20.40
53341,267,S3,420.0,24.402,20.40
53342,267,S3,423.0,24.295,20.40
53343,267,S3,426.0,24.277,20.40
53344,267,S3,429.0,24.190,20.40
53345,267,S3,432.0,24.092,20.40
53346,267,S3,435.0,24.111,20.40
53347,267,S3,438.0,23.876,20.40
53348,267,S3,441.0,23.804,20.40
53349,267,S3,444.0,23.764,20.40
53350,267,S3,447.0,23.649,20.40
53351,267,S3,450.0,23.671,20.40
53352,267,S3,453.0,23.635,20.40
53353,267,S3,456.0,23.566,20.40
53354,267,S3,459.0,23.500,20.40
53355,267,S3,462.0,23.388,20.40
53356,267,S3,465.0,23.379,20.40
53357,267,S3,468.0,23.257,20.40
53358,267,S3,471.0,23.269,20.40
53359,267,S3,474.0,23.061,20.40
53360,267,S3,477.0,23.162,20.40
53361,267,S3,480.0,23.182,20.40
53362,267,S3,483.0,23.046,20.40
53363,267,S3,486.0,22.945,20.40
53364,267,S3,489.0,22.860,20.40
53365,267,S3,492.0,22.899,20.40
53366,267,S3,495.0,22.879,20.40
53367,267,S3,498.0,22.738,20.40
53368,267,S3,501.0,22.687,20.40
53369,267,S3,504.0,22.785,20.40
53370,267,S3,507.0,22.676,20.40
53371,267,S3,510.0,22.666,20.40
53372,267,S3,513.0,22.542,20.40
53373,267,S3,516.0,22.440,20.40
53374,267,S3,519.0,22.477,20.40
53375,267,S3,522.0,22.465,20.40
53376,267,S3,525.0,22.384,20.40
53377,267,S3,528.0,22.296,20.40
53378,267,S3,531.0,22.317,20.40
53379,267,S3,534.0,22.355,20.40
53380,267,S3,537.0,22.185,20.40
53381,267,S3,540.0,22.153,20.40
53382,267,S3,543.0,22.086,20.40
53383,267,S3,546.0,22.171,20.40
53384,267,S3,549.0,22.146,20.40
53385,267,S3,552.0,22.112,20.40
53386,267,S3,555.0,22.100,20.40
53387,267,S3,558.0,21.986,20.40
53388,267,S3,561.0,22.052,20.40
53389,267,S3,564.0,21.907,20.40
53390,267,S3,567.0,21.820,20.40
53391,267,S3,570.0,21.843,20.40
53392,267,S3,573.0,21.889,20.40
53393,267,S3,576.0,21.811,20.40
53394,267,S3,579.0,21.748,20.40
53395,267,S3,582.0,21.845,20.40
53396,267,S3,585.0,21.717,20.40
53397,267,S3,588.0,21.615,20.40
53398,267,S3,591.0,21.747,20.40
53399,267,S3,594.0,21.662,20.40
53400,267,S3,597.0,21.675,20.40
53401,268,S4,0.0,91.781,20.94
53402,268,S4,3.0,90.449,20.94
53403,268,S4,6.0,88.996,20.94
53404,268,S4,9.0,87.602,20.94
53405,268,S4,12.0,86.330,20.94
53406,268,S4,15.0,85.079,20.94
53407,268,S4,18.0,83.730,20.94
53408,268,S4,21.0,82.538,20.94
53409,268,S4,24.0,81.312,20.94
53410,268,S4,27.0,80.210,20.94
53411,268,S4,30.0,78.910,20.94
53412,268,S4,33.0,77.829,20.94
53413,268,S4,36.0,76.735,20.94
53414,268,S4,39.0,75.679,20.94
53415,268,S4,42.0,74.643,20.94
53416,268,S4,45.0,73.474,20.94
53417,268,S4,48.0,72.470,20.94
53418,268,S4,51.0,71.328,20.94
53419,268,S4,54.0,70.546,20.94
53420,268,S4,57.0,69.413,20.94
53421,268,S4,60.0,68.443,20.94
53422,268,S4,63.0,67.503,20.94
53423,268,S4,66.0,66.619,20.94
53424,268,S4,69.0,65.870,20.94
53425,268,S4,72.0,64.920,20.94
53426,268,S4,75.0,63.968,20.94
53427,268,S4,78.0,63.160,20.94
53428,268,S4,81.0,62.307,20.94
53429,268,S4,84.0,61.460,20.94
53430,268,S4,87.0,60.758,20.94
53431,268,S4,90.0,59.871,20.94
53432,268,S4,93.0,59.110,20.94
53433,268,S4,96.0,58.320,20.94
53434,268,S4,99.0,57.509,20.94
53435,268,S4,102.0,56.856,20.94
53436,268,S4,105.0,56.087,20.94
53437,268,S4,108.0,55.547,20.94
53438,268,S4,111.0,54.829,20.94
53439,268,S4,114.0,54.279,20.94
53440,268,S4,117.0,53.556,20.94
53441,268,S4,120.0,52.850,20.94
53442,268,S4,123.0,52.190,20.94
53443,268,S4,126.0,51.633,20.94
53444,268,S4,129.0,51.084,20.94
53445,268,S4,132.0,50.498,20.94
53446,268,S4,135.0,49.846,20.94
53447,268,S4,138.0,49.270,20.94
53448,268,S4,141.0,48.788,20.94
53449,268,S4,144.0,48.170,20.94
53450,268,S4,147.0,47.618,20.94
53451,268,S4,150.0,47.047,20.94
53452,268,S4,153.0,46.601,20.94
53453,268,S4,156.0,46.084,20.94
53454,268,S4,159.0,45.586,20.94
53455,268,S4,162.0,45.095,20.94
53456,268,S4,165.0,44.608,20.94
53457,268,S4,168.0,44.193,20.94
53458,268,S4,171.0,43.656,20.94
53459,268,S4,174.0,43.182,20.94
53460,268,S4,177.0,42.814,20.94
53461,268,S4,180.0,42.340,20.94
53462,268,S4,183.0,42.034,20.94
53463,268,S4,186.0,41.569,20.94
53464,268,S4,189.0,41.092,20.94
53465,268,S4,192.0,40.653,20.94
53466,268,S4,195.0,40.323,20.94
53467,268,S4,198.0,39.921,20.94
53468,268,S4,201.0,39.578,20.94
53469,268,S4,204.0,39.218,20.94
53470,268,S4,207.0,38.893,20.94
53471,268,S4,210.0,38.515,20.94
53472,268,S4,213.0,38.165,20.94
53473,268,S4,216.0,37.834,20.94
53474,268,S4,219.0,37.530,20.94
53475,268,S4,222.0,37.133,20.94
53476,268,S4,225.0,36.838,20.94
53477,268,S4,228.0,36.527,20.94
53478,268,S4,231.0,36.232,20.94
53479,268,S4,234.0,35.826,20.94
53480,268,S4,237.0,35.668,20.94
53481,268,S4,240.0,35.349,20.94
53482,268,S4,243.0,35.091,20.94
53483,268,S4,246.0,34.754,20.94
53484,268,S4,249.0,34.420,20.94
53485,268,S4,252.0,34.263,20.94
53486,268,S4,255.0,33.871,20.94
53487,268,S4,258.0,33.729,20.94
53488,268,S4,261.0,33.474,20.94
53489,268,S4,264.0,33.271,20.94
53490,268,S4,267.0,33.017,20.94
53491,268,S4,270.0,32.745,20.94
53492,268,S4,273.0,32.511,20.94
53493,268,S4,276.0,32.252,20.94
53494,268,S4,279.0,32.051,20.94
53495,268,S4,282.0,31.884,20.94
53496,268,S4,285.0,31.617,20.94
53497,268,S4,288.0,31.487,20.94
53498,268,S4,291.0,31.199,20.94
53499,268,S4,294.0,30.989,20.94
53500,268,S4,297.0,30.819,20.94
53501,268,S4,300.0,30.513,20.94
53502,268,S4,303.0,30.253,20.94
53503,268,S4,306.0,30.196,20.94
53504,268,S4,309.0,30.012,20.94
53505,268,S4,312.0,29.938,20.94
53506,268,S4,315.0,29.669,20.94
53507,268,S4,318.0,29.505,20.94
53508,268,S4,321.0,29.396,20.94
53509,268,S4,324.0,29.273,20.94
53510,268,S4,327.0,29.018,20.94
53511,268,S4,330.0,28.915,20.94
53512,268,S4,333.0,28.718,20.94
53513,268,S4,336.0,28.542,20.94
53514,268,S4,339.0,28.428,20.94
53515,268,S4,342.0,28.129,20.94
53516,268,S4,345.0,28.171,20.94
53517,268,S4,348.0,27.958,20.94
53518,268,S4,351.0,27.880,20.94
53519,268,S4,354.0,27.708,20.94
53520,268,S4,357.0,27.504,20.94
53521,268,S4,360.0,27.487,20.94
53522,268,S4,363.0,27.349,20.94
53523,268,S4,366.0,27.162,20.94
53524,268,S4,369.0,26.990,20.94
53525,268,S4,372.0,26.900,20.94
53526,268,S4,375.0,26.795,20.94
53527,268,S4,378.0,26.713,20.94
53528,268,S4,381.0,26.629,20.94
53529,268,S4,384.0,26.545,20.94
53530,268,S4,387.0,26.432,20.94
53531,268,S4,390.0,26.236,20.94
53532,268,S4,393.0,26.207,20.94
53533,268,S4,396.0,26.027,20.94
53534,268,S4,399.0,25.946,20.94
53535,268,S4,402.0,25.861,20.94
53536,268,S4,405.0,25.911,20.94
53537,268,S4,408.0,25.556,20.94
53538,268,S4,411.0,25.481,20.94
53539,268,S4,414.0,25.486,20.94
53540,268,S4,417.0,25.389,20.94
53541,268,S4,420.0,25.373,20.94
53542,268,S4,423.0,25.271,20.94
53543,268,S4,426.0,25.140,20.94
53544,268,S4,429.0,25.097,20.94
53545,268,S4,432.0,24.925,20.94
53546,268,S4,435.0,24.878,20.94
53547,268,S4,438.0,24.893,20.94
53548,268,S4,441.0,24.637,20.94
53549,268,S4,444.0,24.673,20.94
53550,268,S4,447.0,24.566,20.94
53551,268,S4,450.0,24.602,20.94
53552,268,S4,453.0,24.498,20.94
53553,268,S4,456.0,24.327,20.94
53554,268,S4,459.0,24.321,20.94
53555,268,S4,462.0,24.281,20.94
53556,268,S4,465.0,24.083,20.94
53557,268,S4,468.0,24.048,20.94
53558,268,S4,471.0,24.044,20.94
53559,268,S4,474.0,23.958,20.94
53560,268,S4,477.0,23.975,20.94
53561,268,S4,480.0,23.820,20.94
53562,268,S4,483.0,23.789,20.94
53563,268,S4,486.0,23.780,20.94
53564,268,S4,489.0,23.755,20.94
53565,268,S4,492.0,23.555,20.94
53566,268,S4,495.0,23.474,20.94
53567,268,S4,498.0,23.523,20.94
53568,268,S4,501.0,23.454,20.94
53569,268,S4,504.0,23.540,20.94
53570,268,S4,507.0,23.383,20.94
53571,268,S4,510.0,23.363,20.94
53572,268,S4,513.0,23.316,20.94
53573,268,S4,516.0,23.213,20.94
53574,268,S4,519.0,23.158,20.94
53575,268,S4,522.0,23.159,20.94
53576,268,S4,525.0,23.105,20.94
53577,268,S4,528.0,23.079,20.94
53578,268,S4,531.0,22.880,20.94
53579,268,S4,534.0,23.035,20.94
53580,268,S4,537.0,23.041,20.94
53581,268,S4,540.0,22.849,20.94
53582,268,S4,543.0,22.890,20.94
53583,268,S4,546.0,22.876,20.94
53584,268,S4,549.0,22.830,20.94
53585,268,S4,552.0,22.689,20.94
53586,268,S4,555.0,22.695,20.94
53587,268,S4,558.0,22.645,20.94
53588,268,S4,561.0,22.666,20.94
53589,268,S4,564.0,22.613,20.94
53590,268,S4,567.0,22.568,20.94
53591,268,S4,570.0,22.647,20.94
53592,268,S4,573.0,22.363,20.94
53593,268,S4,576.0,22.481,20.94
53594,268,S4,579.0,22.423,20.94
53595,268,S4,582.0,22.440,20.94
53596,268,S4,585.0,22.457,20.94
53597,268,S4,588.0,22.339,20.94
53598,268,S4,591.0,22.377,20.94
53599,268,S4,594.0,22.286,20.94
53600,268,S4,597.0,22.287,20.94
53601,269,S1,0.0,85.715,22.65
53602,269,S1,3.0,84.740,22.65
53603,269,S1,6.0,83.766,22.65
53604,269,S1,9.0,82.745,22.65
53605,269,S1,12.0,81.965,22.65
53606,269,S1,15.0,80.886,22.65
53607,269,S1,18.0,80.162,22.65
53608,269,S1,21.0,79.271,22.65
53609,269,S1,24.0,78.368,22.65
53610,269,S1,27.0,77.455,22.65
53611,269,S1,30.0,76.587,22.65
53612,269,S1,33.0,75.786,22.65
53613,269,S1,36.0,75.046,22.65
53614,269,S1,39.0,74.249,22.65
53615,269,S1,42.0,73.426,22.65
53616,269,S1,45.0,72.640,22.65
53617,269,S1,48.0,71.836,22.65
53618,269,S1,51.0,71.164,22.65
53619,269,S1,54.0,70.388,22.65
53620,269,S1,57.0,69.649,22.65
53621,269,S1,60.0,68.885,22.65
53622,269,S1,63.0,68.209,22.65
53623,269,S1,66.0,67.487,22.65
53624,269,S1,69.0,66.814,22.65
53625,269,S1,72.0,66.157,22.65
53626,269,S1,75.0,65.408,22.65
53627,269,S1,78.0,64.807,22.65
53628,269,S1,81.0,64.150,22.65
53629,269,S1,84.0,63.476,22.65
53630,269,S1,87.0,62.898,22.65
53631,269,S1,90.0,62.336,22.65
53632,269,S1,93.0,61.610,22.65
53633,269,S1,96.0,61.053,22.65
53634,269,S1,99.0,60.473,22.65
53635,269,S1,102.0,59.886,22.65
53636,269,S1,105.0,59.352,22.65
53637,269,S1,108.0,58.795,22.65
53638,269,S1,111.0,58.104,22.65
53639,269,S1,114.0,57.699,22.65
53640,269,S1,117.0,57.164,22.65
53641,269,S1,120.0,56.700,22.65
53642,269,S1,123.0,56.052,22.65
53643,269,S1,126.0,55.607,22.65
53644,269,S1,129.0,55.069,22.65
53645,269,S1,132.0,54.432,22.65
53646,269,S1,135.0,54.068,22.65
53647,269,S1,138.0,53.549,22.65
53648,269,S1,141.0,53.115,22.65
53649,269,S1,144.0,52.674,22.65
53650,269,S1,147.0,52.216,22.65
53651,269,S1,150.0,51.684,22.65
53652,269,S1,153.0,51.336,22.65
53653,269,S1,156.0,50.931,22.65
53654,269,S1,159.0,50.489,22.65
53655,269,S1,162.0,49.920,22.65
53656,269,S1,165.0,49.633,22.65
53657,269,S1,168.0,49.079,22.65
53658,269,S1,171.0,48.759,22.65
53659,269,S1,174.0,48.446,22.65
53660,269,S1,177.0,48.034,22.65
53661,269,S1,180.0,47.668,22.65
53662,269,S1,183.0,47.250,22.65
53663,269,S1,186.0,46.866,22.65
53664,269,S1,189.0,46.440,22.65
53665,269,S1,192.0,46.084,22.65
53666,269,S1,195.0,45.760,22.65
53667,269,S1,198.0,45.463,22.65
53668,269,S1,201.0,45.078,22.65
53669,269,S1,204.0,44.734,22.65
53670,269,S1,207.0,44.349,22.65
53671,269,S1,210.0,43.975,22.65
53672,269,S1,213.0,43.761,22.65
53673,269,S1,216.0,43.388,22.65
53674,269,S1,219.0,43.020,22.65
53675,269,S1,222.0,42.719,22.65
53676,269,S1,225.0,42.438,22.65
53677,269,S1,228.0,42.097,22.65
53678,269,S1,231.0,41.803,22.65
53679,269,S1,234.0,41.490,22.65
53680,269,S1,237.0,41.280,22.65
53681,269,S1,240.0,40.938,22.65
53682,269,S1,243.0,40.728,22.65
53683,269,S1,246.0,40.391,22.65
53684,269,S1,249.0,40.221,22.65
53685,269,S1,252.0,39.796,22.65
53686,269,S1,255.0,39.607,22.65
53687,269,S1,258.0,39.399,22.65
53688,269,S1,261.0,39.093,22.65
53689,269,S1,264.0,38.811,22.65
53690,269,S1,267.0,38.579,22.65
53691,269,S1,270.0,38.334,22.65
53692,269,S1,273.0,38.072,22.65
53693,269,S1,276.0,37.835,22.65
53694,269,S1,279.0,37.701,22.65
53695,269,S1,282.0,37.357,22.65
53696,269,S1,285.0,37.171,22.65
53697,269,S1,288.0,36.915,22.65
53698,269,S1,291.0,36.684,22.65
53699,269,S1,294.0,36.449,22.65
53700,269,S1,297.0,36.213,22.65
53701,269,S1,300.0,36.065,22.65
53702,269,S1,303.0,35.901,22.65
53703,269,S1,306.0,35.633,22.65
53704,269,S1,309.0,35.491,22.65
53705,269,S1,312.0,35.261,22.65
53706,269,S1,315.0,34.980,22.65
53707,269,S1,318.0,34.856,22.65
53708,269,S1,321.0,34.714,22.65
53709,269,S1,324.0,34.577,22.65
53710,269,S1,327.0,34.354,22.65
53711,269,S1,330.0,34.188,22.65
53712,269,S1,333.0,33.897,22.65
53713,269,S1,336.0,33.795,22.65
53714,269,S1,339.0,33.591,22.65
53715,269,S1,342.0,33.453,22.65
53716,269,S1,345.0,33.289,22.65
53717,269,S1,348.0,33.202,22.65
53718,269,S1,351.0,33.031,22.65
53719,269,S1,354.0,32.816,22.65
53720,269,S1,357.0,32.752,22.65
53721,269,S1,360.0,32.580,22.65
53722,269,S1,363.0,32.270,22.65
53723,269,S1,366.0,32.204,22.65
53724,269,S1,369.0,32.026,22.65
53725,269,S1,372.0,31.923,22.65
53726,269,S1,375.0,31.813,22.65
53727,269,S1,378.0,31.641,22.65
53728,269,S1,381.0,31.508,22.65
53729,269,S1,384.0,31.284,22.65
53730,269,S1,387.0,31.216,22.65
53731,269,S1,390.0,31.070,22.65
53732,269,S1,393.0,30.952,22.65
53733,269,S1,396.0,30.896,22.65
53734,269,S1,399.0,30.669,22.65
53735,269,S1,402.0,30.596,22.65
53736,269,S1,405.0,30.469,22.65
53737,269,S1,408.0,30.364,22.65
53738,269,S1,411.0,30.193,22.65
53739,269,S1,414.0,30.208,22.65
53740,269,S1,417.0,29.996,22.65
53741,269,S1,420.0,29.847,22.65
53742,269,S1,423.0,29.744,22.65
53743,269,S1,426.0,29.663,22.65
53744,269,S1,429.0,29.610,22.65
53745,269,S1,432.0,29.442,22.65
53746,269,S1,435.0,29.346,22.65
53747,269,S1,438.0,29.273,22.65
53748,269,S1,441.0,29.242,22.65
53749,269,S1,444.0,28.977,22.65
53750,269,S1,447.0,28.877,22.65
53751,269,S1,450.0,28.883,22.65
53752,269,S1,453.0,28.702,22.65
53753,269,S1,456.0,28.691,22.65
53754,269,S1,459.0,28.530,22.65
53755,269,S1,462.0,28.484,22.65
53756,269,S1,465.0,28.411,22.65
53757,269,S1,468.0,28.336,22.65
53758,269,S1,471.0,28.255,22.65
53759,269,S1,474.0,28.207,22.65
53760,269,S1,477.0,27.986,22.65
53761,269,S1,480.0,28.006,22.65
53762,269,S1,483.0,27.959,22.65
53763,269,S1,486.0,27.831,22.65
53764,269,S1,489.0,27.763,22.65
53765,269,S1,492.0,27.577,22.65
53766,269,S1,495.0,27.596,22.65
53767,269,S1,498.0,27.523,22.65
53768,269,S1,501.0,27.466,22.65
53769,269,S1,504.0,27.347,22.65
53770,269,S1,507.0,27.219,22.65
53771,269,S1,510.0,27.270,22.65
53772,269,S1,513.0,27.233,22.65
53773,269,S1,516.0,27.030,22.65
53774,269,S1,519.0,26.959,22.65
53775,269,S1,522.0,26.831,22.65
53776,269,S1,525.0,26.907,22.65
53777,269,S1,528.0,26.832,22.65
53778,269,S1,531.0,26.767,22.65
53779,269,S1,534.0,26.658,22.65
53780,269,S1,537.0,26.506,22.65
53781,269,S1,540.0,26.571,22.65
53782,269,S1,543.0,26.508,22.65
53783,269,S1,546.0,26.428,22.65
53784,269,S1,549.0,26.254,22.65
53785,269,S1,552.0,26.353,22.65
53786,269,S1,555.0,26.359,22.65
53787,269,S1,558.0,26.194,22.65
53788,269,S1,561.0,26.189,22.65
53789,269,S1,564.0,26.058,22.65
53790,269,S1,567.0,26.110,22.65
53791,269,S1,570.0,26.042,22.65
53792,269,S1,573.0,25.945,22.65
53793,269,S1,576.0,25.887,22.65
53794,269,S1,579.0,25.833,22.65
53795,269,S1,582.0,25.728,22.65
53796,269,S1,585.0,25.746,22.65
53797,269,S1,588.0,25.766,22.65
53798,269,S1,591.0,25.678,22.65
53799,269,S1,594.0,25.550,22.65
53800,269,S1,597.0,25.456,22.65
53801,270,S2,0.0,81.960,21.80
53802,270,S2,3.0,81.019,21.80
53803,270,S2,6.0,80.096,21.80
53804,270,S2,9.0,79.224,21.80
53805,270,S2,12.0,78.175,21.80
53806,270,S2,15.0,77.328,21.80
53807,270,S2,18.0,76.372,21.80
53808,270,S2,21.0,75.658,21.80
53809,270,S2,24.0,74.836,21.80
53810,270,S2,27.0,73.993,21.80
53811,270,S2,30.0,73.098,21.80
53812,270,S2,33.0,72.337,21.80
53813,270,S2,36.0,71.511,21.80
53814,270,S2,39.0,70.681,21.80
53815,270,S2,42.0,69.884,21.80
53816,270,S2,45.0,69.217,21.80
53817,270,S2,48.0,68.477,21.80
53818,270,S2,51.0,67.750,21.80
53819,270,S2,54.0,66.931,21.80
53820,270,S2,57.0,66.345,21.80
53821,270,S2,60.0,65.647,21.80
53822,270,S2,63.0,64.890,21.80
53823,270,S2,66.0,64.204,21.80
53824,270,S2,69.0,63.563,21.80
53825,270,S2,72.0,62.912,21.80
53826,270,S2,75.0,62.215,21.80
53827,270,S2,78.0,61.584,21.80
53828,270,S2,81.0,61.057,21.80
53829,270,S2,84.0,60.374,21.80
53830,270,S2,87.0,59.758,21.80
53831,270,S2,90.0,59.194,21.80
53832,270,S2,93.0,58.539,21.80
53833,270,S2,96.0,57.966,21.80
53834,270,S2,99.0,57.354,21.80
53835,270,S2,102.0,56.865,21.80
53836,270,S2,105.0,56.377,21.80
53837,270,S2,108.0,55.743,21.80
53838,270,S2,111.0,55.242,21.80
53839,270,S2,114.0,54.589,21.80
53840,270,S2,117.0,54.211,21.80
53841,270,S2,120.0,53.774,21.80
53842,270,S2,123.0,53.229,21.80
53843,270,S2,126.0,52.703,21.80
53844,270,S2,129.0,52.228,21.80
53845,270,S2,132.0,51.736,21.80
53846,270,S2,135.0,51.195,21.80
53847,270,S2,138.0,50.833,21.80
53848,270,S2,141.0,50.283,21.80
53849,270,S2,144.0,49.894,21.80
53850,270,S2,147.0,49.457,21.80
53851,270,S2,150.0,49.004,21.80
53852,270,S2,153.0,48.564,21.80
53853,270,S2,156.0,48.178,21.80
53854,270,S2,159.0,47.785,21.80
53855,270,S2,162.0,47.413,21.80
53856,270,S2,165.0,46.991,21.80
53857,270,S2,168.0,46.468,21.80
53858,270,S2,171.0,46.146,21.80
53859,270,S2,174.0,45.728,21.80
53860,270,S2,177.0,45.414,21.80
53861,270,S2,180.0,45.064,21.80
53862,270,S2,183.0,44.692,21.80
53863,270,S2,186.0,44.409,21.80
53864,270,S2,189.0,43.882,21.80
53865,270,S2,192.0,43.674,21.80
53866,270,S2,195.0,43.295,21.80
53867,270,S2,198.0,42.986,21.80
53868,270,S2,201.0,42.639,21.80
53869,270,S2,204.0,42.312,21.80
53870,270,S2,207.0,41.918,21.80
53871,270,S2,210.0,41.716,21.80
53872,270,S2,213.0,41.336,21.80
53873,270,S2,216.0,41.004,21.80
53874,270,S2,219.0,40.672,21.80
53875,270,S2,222.0,40.352,21.80
53876,270,S2,225.0,40.068,21.80
53877,270,S2,228.0,39.769,21.80
53878,270,S2,231.0,39.511,21.80
53879,270,S2,234.0,39.244,21.80
53880,270,S2,237.0,39.054,21.80
53881,270,S2,240.0,38.725,21.80
53882,270,S2,243.0,38.419,21.80
53883,270,S2,246.0,38.180,21.80
53884,270,S2,249.0,37.938,21.80
53885,270,S2,252.0,37.622,21.80
53886,270,S2,255.0,37.362,21.80
53887,270,S2,258.0,37.275,21.80
53888,270,S2,261.0,36.935,21.80
53889,270,S2,264.0,36.704,21.80
53890,270,S2,267.0,36.403,21.80
53891,270,S2,270.0,36.223,21.80
53892,270,S2,273.0,35.986,21.80
53893,270,S2,276.0,35.778,21.80
53894,270,S2,279.0,35.563,21.80
53895,270,S2,282.0,35.347,21.80
53896,270,S2,285.0,35.106,21.80
53897,270,S2,288.0,34.929,21.80
53898,270,S2,291.0,34.812,21.80
53899,270,S2,294.0,34.523,21.80
53900,270,S2,297.0,34.237,21.80
53901,270,S2,300.0,34.204,21.80
53902,270,S2,303.0,33.876,21.80
53903,270,S2,306.0,33.733,21.80
53904,270,S2,309.0,33.613,21.80
53905,270,S2,312.0,33.366,21.80
53906,270,S2,315.0,33.159,21.80
53907,270,S2,318.0,33.034,21.80
53908,270,S2,321.0,32.714,21.80
53909,270,S2,324.0,32.664,21.80
53910,270,S2,327.0,32.492,21.80
53911,270,S2,330.0,32.303,21.80
53912,270,S2,333.0,32.112,21.80
53913,270,S2,336.0,32.024,21.80
53914,270,S2,339.0,31.864,21.80
53915,270,S2,342.0,31.711,21.80
53916,270,S2,345.0,31.505,21.80
53917,270,S2,348.0,31.315,21.80
53918,270,S2,351.0,31.223,21.80
53919,270,S2,354.0,30.977,21.80
53920,270,S2,357.0,30.933,21.80
53921,270,S2,360.0,30.793,21.80
53922,270,S2,363.0,30.611,21.80
53923,270,S2,366.0,30.413,21.80
53924,270,S2,369.0,30.318,21.80
53925,270,S2,372.0,30.248,21.80
53926,270,S2,375.0,30.065,21.80
53927,270,S2,378.0,29.965,21.80
53928,270,S2,381.0,29.841,21.80
53929,270,S2,384.0,29.765,21.80
53930,270,S2,387.0,29.617,21.80
53931,270,S2,390.0,29.449,21.80
53932,270,S2,393.0,29.285,21.80
53933,270,S2,396.0,29.170,21.80
53934,270,S2,399.0,29.069,21.80
53935,270,S2,402.0,28.946,21.80
53936,270,S2,405.0,28.839,21.80
53937,270,S2,408.0,28.699,21.80
53938,270,S2,411.0,28.696,21.80
53939,270,S2,414.0,28.562,21.80
53940,270,S2,417.0,28.434,21.80
53941,270,S2,420.0,28.300,21.80
53942,270,S2,423.0,28.280,21.80
53943,270,S2,426.0,28.206,21.80
53944,270,S2,429.0,28.017,21.80
53945,270,S2,432.0,27.950,21.80
53946,270,S2,435.0,27.762,21.80
53947,270,S2,438.0,27.703,21.80
53948,270,S2,441.0,27.574,21.80
53949,270,S2,444.0,27.540,21.80
53950,270,S2,447.0,27.453,21.80
53951,270,S2,450.0,27.414,21.80
53952,270,S2,453.0,27.274,21.80
53953,270,S2,456.0,27.236,21.80
53954,270,S2,459.0,27.059,21.80
53955,270,S2,462.0,27.019,21.80
53956,270,S2,465.0,26.936,21.80
53957,270,S2,468.0,26.933,21.80
53958,270,S2,471.0,26.853,21.80
53959,270,S2,474.0,26.769,21.80
53960,270,S2,477.0,26.591,21.80
53961,270,S2,480.0,26.537,21.80
53962,270,S2,483.0,26.439,21.80
53963,270,S2,486.0,26.408,21.80
53964,270,S2,489.0,26.355,21.80
53965,270,S2,492.0,26.266,21.80
53966,270,S2,495.0,26.155,21.80
53967,270,S2,498.0,26.157,21.80
53968,270,S2,501.0,26.036,21.80
53969,270,S2,504.0,26.083,21.80
53970,270,S2,507.0,25.943,21.80
53971,270,S2,510.0,25.806,21.80
53972,270,S2,513.0,25.868,21.80
53973,270,S2,516.0,25.739,21.80
53974,270,S2,519.0,25.636,21.80
53975,270,S2,522.0,25.620,21.80
53976,270,S2,525.0,25.568,21.80
53977,270,S2,528.0,25.475,21.80
53978,270,S2,531.0,25.475,21.80
53979,270,S2,534.0,25.440,21.80
53980,270,S2,537.0,25.300,21.80
53981,270,S2,540.0,25.235,21.80
53982,270,S2,543.0,25.250,21.80
53983,270,S2,546.0,25.166,21.80
53984,270,S2,549.0,25.141,21.80
53985,270,S2,552.0,25.064,21.80
53986,270,S2,555.0,24.982,21.80
53987,270,S2,558.0,24.939,21.80
53988,270,S2,561.0,24.827,21.80
53989,270,S2,564.0,24.865,21.80
53990,270,S2,567.0,24.774,21.80
53991,270,S2,570.0,24.671,21.80
53992,270,S2,573.0,24.745,21.80
53993,270,S2,576.0,24.709,21.80
53994,270,S2,579.0,24.585,21.80
53995,270,S2,582.0,24.608,21.80
53996,270,S2,585.0,24.435,21.80
53997,270,S2,588.0,24.508,21.80
53998,270,S2,591.0,24.508,21.80
53999,270,S2,594.0,24.436,21.80
54000,270,S2,597.0,24.463,21.80
54001,271,S3,0.0,82.727,22.03
54002,271,S3,3.0,82.014,22.03
54003,271,S3,6.0,81.107,22.03
54004,271,S3,9.0,80.376,22.03
54005,271,S3,12.0,79.634,22.03
54006,271,S3,15.0,78.925,22.03
54007,271,S3,18.0,78.215,22.03
54008,271,S3,21.0,77.417,22.03
54009,271,S3,24.0,76.759,22.03
54010,271,S3,27.0,76.032,22.03
54011,271,S3,30.0,75.340,22.03
54012,271,S3,33.0,74.515,22.03
54013,271,S3,36.0,73.941,22.03
54014,271,S3,39.0,73.241,22.03
54015,271,S3,42.0,72.637,22.03
54016,271,S3,45.0,71.926,22.03
54017,271,S3,48.0,71.282,22.03
54018,271,S3,51.0,70.607,22.03
54019,271,S3,54.0,69.950,22.03
54020,271,S3,57.0,69.363,22.03
54021,271,S3,60.0,68.783,22.03
54022,271,S3,63.0,68.209,22.03
54023,271,S3,66.0,67.547,22.03
54024,271,S3,69.0,66.995,22.03
54025,271,S3,72.0,66.389,22.03
54026,271,S3,75.0,65.637,22.03
54027,271,S3,78.0,65.166,22.03
54028,271,S3,81.0,64.640,22.03
54029,271,S3,84.0,64.076,22.03
54030,271,S3,87.0,63.569,22.03
54031,271,S3,90.0,63.012,22.03
54032,271,S3,93.0,62.457,22.03
54033,271,S3,96.0,61.926,22.03
54034,271,S3,99.0,61.432,22.03
54035,271,S3,102.0,60.854,22.03
54036,271,S3,105.0,60.471,22.03
54037,271,S3,108.0,59.811,22.03
54038,271,S3,111.0,59.461,22.03
54039,271,S3,114.0,58.895,22.03
54040,271,S3,117.0,58.466,22.03
54041,271,S3,120.0,57.918,22.03
54042,271,S3,123.0,57.532,22.03
54043,271,S3,126.0,56.994,22.03
54044,271,S3,129.0,56.635,22.03
54045,271,S3,132.0,56.173,22.03
54046,271,S3,135.0,55.587,22.03
54047,271,S3,138.0,55.263,22.03
54048,271,S3,141.0,54.786,22.03
54049,271,S3,144.0,54.348,22.03
54050,271,S3,147.0,53.961,22.03
54051,271,S3,150.0,53.587,22.03
54052,271,S3,153.0,53.119,22.03
54053,271,S3,156.0,52.706,22.03
54054,271,S3,159.0,52.335,22.03
54055,271,S3,162.0,51.907,22.03
54056,271,S3,165.0,51.511,22.03
54057,271,S3,168.0,51.230,22.03
54058,271,S3,171.0,50.719,22.03
54059,271,S3,174.0,50.372,22.03
54060,271,S3,177.0,50.033,22.03
54061,271,S3,180.0,49.597,22.03
54062,271,S3,183.0,49.328,22.03
54063,271,S3,186.0,48.925,22.03
54064,271,S3,189.0,48.581,22.03
54065,271,S3,192.0,48.240,22.03
54066,271,S3,195.0,47.925,22.03
54067,271,S3,198.0,47.567,22.03
54068,271,S3,201.0,47.193,22.03
54069,271,S3,204.0,46.913,22.03
54070,271,S3,207.0,46.537,22.03
54071,271,S3,210.0,46.248,22.03
54072,271,S3,213.0,45.932,22.03
54073,271,S3,216.0,45.623,22.03
54074,271,S3,219.0,45.367,22.03
54075,271,S3,222.0,45.040,22.03
54076,271,S3,225.0,44.640,22.03
54077,271,S3,228.0,44.416,22.03
54078,271,S3,231.0,44.112,22.03
54079,271,S3,234.0,43.884,22.03
54080,271,S3,237.0,43.579,22.03
54081,271,S3,240.0,43.352,22.03
54082,271,S3,243.0,42.991,22.03
54083,271,S3,246.0,42.739,22.03
54084,271,S3,249.0,42.526,22.03
54085,271,S3,252.0,42.259,22.03
54086,271,S3,255.0,41.924,22.03
54087,271,S3,258.0,41.691,22.03
54088,271,S3,261.0,41.468,22.03
54089,271,S3,264.0,41.180,22.03
54090,271,S3,267.0,40.834,22.03
54091,271,S3,270.0,40.704,22.03
54092,271,S3,273.0,40.452,22.03
54093,271,S3,276.0,40.214,22.03
54094,271,S3,279.0,39.920,22.03
54095,271,S3,282.0,39.724,22.03
54096,271,S3,285.0,39.407,22.03
54097,271,S3,288.0,39.318,22.03
54098,271,S3,291.0,39.054,22.03
54099,271,S3,294.0,38.860,22.03
54100,271,S3,297.0,38.597,22.03
54101,271,S3,300.0,38.271,22.03
54102,271,S3,303.0,38.055,22.03
54103,271,S3,306.0,38.003,22.03
54104,271,S3,309.0,37.641,22.03
54105,271,S3,312.0,37.669,22.03
54106,271,S3,315.0,37.401,22.03
54107,271,S3,318.0,37.175,22.03
54108,271,S3,321.0,36.922,22.03
54109,271,S3,324.0,36.804,22.03
54110,271,S3,327.0,36.584,22.03
54111,271,S3,330.0,36.364,22.03
54112,271,S3,333.0,36.160,22.03
54113,271,S3,336.0,35.954,22.03
54114,271,S3,339.0,35.830,22.03
54115,271,S3,342.0,35.621,22.03
54116,271,S3,345.0,35.442,22.03
54117,271,S3,348.0,35.322,22.03
54118,271,S3,351.0,35.120,22.03
54119,271,S3,354.0,34.986,22.03
54120,271,S3,357.0,34.774,22.03
54121,271,S3,360.0,34.665,22.03
54122,271,S3,363.0,34.507,22.03
54123,271,S3,366.0,34.288,22.03
54124,271,S3,369.0,34.103,22.03
54125,271,S3,372.0,34.015,22.03
54126,271,S3,375.0,33.822,22.03
54127,271,S3,378.0,33.592,22.03
54128,271,S3,381.0,33.587,22.03
54129,271,S3,384.0,33.351,22.03
54130,271,S3,387.0,33.207,22.03
54131,271,S3,390.0,33.114,22.03
54132,271,S3,393.0,32.923,22.03
54133,271,S3,396.0,32.756,22.03
54134,271,S3,399.0,32.647,22.03
54135,271,S3,402.0,32.565,22.03
54136,271,S3,405.0,32.444,22.03
54137,271,S3,408.0,32.196,22.03
54138,271,S3,411.0,32.182,22.03
54139,271,S3,414.0,31.972,22.03
54140,271,S3,417.0,31.852,22.03
54141,271,S3,420.0,31.713,22.03
54142,271,S3,423.0,31.569,22.03
54143,271,S3,426.0,31.520,22.03
54144,271,S3,429.0,31.394,22.03
54145,271,S3,432.0,31.227,22.03
54146,271,S3,435.0,31.117,22.03
54147,271,S3,438.0,30.934,22.03
54148,271,S3,441.0,30.899,22.03
54149,271,S3,444.0,30.824,22.03
54150,271,S3,447.0,30.647,22.03
54151,271,S3,450.0,30.630,22.03
54152,271,S3,453.0,30.329,22.03
54153,271,S3,456.0,30.212,22.03
54154,271,S3,459.0,30.120,22.03
54155,271,S3,462.0,30.181,22.03
54156,271,S3,465.0,29.944,22.03
54157,271,S3,468.0,29.912,22.03
54158,271,S3,471.0,29.723,22.03
54159,271,S3,474.0,29.643,22.03
54160,271,S3,477.0,29.560,22.03
54161,271,S3,480.0,29.483,22.03
54162,271,S3,483.0,29.355,22.03
54163,271,S3,486.0,29.359,22.03
54164,271,S3,489.0,29.220,22.03
54165,271,S3,492.0,29.105,22.03
54166,271,S3,495.0,29.062,22.03
54167,271,S3,498.0,28.921,22.03
54168,271,S3,501.0,28.806,22.03
54169,271,S3,504.0,28.687,22.03
54170,271,S3,507.0,28.571,22.03
54171,271,S3,510.0,28.530,22.03
54172,271,S3,513.0,28.454,22.03
54173,271,S3,516.0,28.412,22.03
54174,271,S3,519.0,28.252,22.03
54175,271,S3,522.0,28.150,22.03
54176,271,S3,525.0,28.204,22.03
54177,271,S3,528.0,28.044,22.03
54178,271,S3,531.0,28.074,22.03
54179,271,S3,534.0,27.855,22.03
54180,271,S3,537.0,27.810,22.03
54181,271,S3,540.0,27.758,22.03
54182,271,S3,543.0,27.717,22.03
54183,271,S3,546.0,27.605,22.03
54184,271,S3,549.0,27.536,22.03
54185,271,S3,552.0,27.437,22.03
54186,271,S3,555.0,27.485,22.03
54187,271,S3,558.0,27.342,22.03
54188,271,S3,561.0,27.282,22.03
54189,271,S3,564.0,27.153,22.03
54190,271,S3,567.0,27.113,22.03
54191,271,S3,570.0,27.029,22.03
54192,271,S3,573.0,27.053,22.03
54193,271,S3,576.0,26.931,22.03
54194,271,S3,579.0,26.805,22.03
54195,271,S3,582.0,26.816,22.03
54196,271,S3,585.0,26.780,22.03
54197,271,S3,588.0,26.545,22.03
54198,271,S3,591.0,26.564,22.03
54199,271,S3,594.0,26.627,22.03
54200,271,S3,597.0,26.510,22.03
54201,272,S4,0.0,83.183,22.36
54202,272,S4,3.0,82.358,22.36
54203,272,S4,6.0,81.511,22.36
54204,272,S4,9.0,80.755,22.36
54205,272,S4,12.0,79.926,22.36
54206,272,S4,15.0,79.200,22.36
54207,272,S4,18.0,78.431,22.36
54208,272,S4,21.0,77.749,22.36
54209,272,S4,24.0,76.925,22.36
54210,272,S4,27.0,76.111,22.36
54211,272,S4,30.0,75.449,22.36
54212,272,S4,33.0,74.837,22.36
54213,272,S4,36.0,74.067,22.36
54214,272,S4,39.0,73.401,22.36
54215,272,S4,42.0,72.753,22.36
54216,272,S4,45.0,72.047,22.36
54217,272,S4,48.0,71.293,22.36
54218,272,S4,51.0,70.723,22.36
54219,272,S4,54.0,69.994,22.36
54220,272,S4,57.0,69.396,22.36
54221,272,S4,60.0,68.754,22.36
54222,272,S4,63.0,68.158,22.36
54223,272,S4,66.0,67.589,22.36
54224,272,S4,69.0,66.904,22.36
54225,272,S4,72.0,66.336,22.36
54226,272,S4,75.0,65.709,22.36
54227,272,S4,78.0,65.140,22.36
54228,272,S4,81.0,64.589,22.36
54229,272,S4,84.0,64.045,22.36
54230,272,S4,87.0,63.350,22.36
54231,272,S4,90.0,62.977,22.36
54232,272,S4,93.0,62.452,22.36
54233,272,S4,96.0,61.914,22.36
54234,272,S4,99.0,61.350,22.36
54235,272,S4,102.0,60.889,22.36
54236,272,S4,105.0,60.254,22.36
54237,272,S4,108.0,59.677,22.36
54238,272,S4,111.0,59.164,22.36
54239,272,S4,114.0,58.720,22.36
54240,272,S4,117.0,58.283,22.36
54241,272,S4,120.0,57.751,22.36
54242,272,S4,123.0,57.345,22.36
54243,272,S4,126.0,56.844,22.36
54244,272,S4,129.0,56.342,22.36
54245,272,S4,132.0,55.901,22.36
54246,272,S4,135.0,55.462,22.36
54247,272,S4,138.0,55.018,22.36
54248,272,S4,141.0,54.596,22.36
54249,272,S4,144.0,54.206,22.36
54250,272,S4,147.0,53.726,22.36
54251,272,S4,150.0,53.364,22.36
54252,272,S4,153.0,52.884,22.36
54253,272,S4,156.0,52.454,22.36
54254,272,S4,159.0,52.101,22.36
54255,272,S4,162.0,51.659,22.36
54256,272,S4,165.0,51.198,22.36
54257,272,S4,168.0,50.854,22.36
54258,272,S4,171.0,50.532,22.36
54259,272,S4,174.0,50.075,22.36
54260,272,S4,177.0,49.781,22.36
54261,272,S4,180.0,49.424,22.36
54262,272,S4,183.0,49.028,22.36
54263,272,S4,186.0,48.647,22.36
54264,272,S4,189.0,48.321,22.36
54265,272,S4,192.0,47.886,22.36
54266,272,S4,195.0,47.578,22.36
54267,272,S4,198.0,47.228,22.36
54268,272,S4,201.0,46.967,22.36
54269,272,S4,204.0,46.649,22.36
54270,272,S4,207.0,46.351,22.36
54271,272,S4,210.0,45.992,22.36
54272,272,S4,213.0,45.678,22.36
54273,272,S4,216.0,45.415,22.36
54274,272,S4,219.0,44.991,22.36
54275,272,S4,222.0,44.814,22.36
54276,272,S4,225.0,44.271,22.36
54277,272,S4,228.0,44.028,22.36
54278,272,S4,231.0,43.833,22.36
54279,272,S4,234.0,43.567,22.36
54280,272,S4,237.0,43.345,22.36
54281,272,S4,240.0,42.951,22.36
54282,272,S4,243.0,42.721,22.36
54283,272,S4,246.0,42.522,22.36
54284,272,S4,249.0,42.164,22.36
54285,272,S4,252.0,42.002,22.36
54286,272,S4,255.0,41.616,22.36
54287,272,S4,258.0,41.344,22.36
54288,272,S4,261.0,41.126,22.36
54289,272,S4,264.0,40.958,22.36
54290,272,S4,267.0,40.606,22.36
54291,272,S4,270.0,40.379,22.36
54292,272,S4,273.0,40.157,22.36
54293,272,S4,276.0,39.872,22.36
54294,272,S4,279.0,39.684,22.36
54295,272,S4,282.0,39.420,22.36
54296,272,S4,285.0,39.268,22.36
54297,272,S4,288.0,39.065,22.36
54298,272,S4,291.0,38.721,22.36
54299,272,S4,294.0,38.531,22.36
54300,272,S4,297.0,38.349,22.36
54301,272,S4,300.0,38.160,22.36
54302,272,S4,303.0,37.867,22.36
54303,272,S4,306.0,37.699,22.36
54304,272,S4,309.0,37.496,22.36
54305,272,S4,312.0,37.232,22.36
54306,272,S4,315.0,37.147,22.36
54307,272,S4,318.0,36.887,22.36
54308,272,S4,321.0,36.675,22.36
54309,272,S4,324.0,36.429,22.36
54310,272,S4,327.0,36.380,22.36
54311,272,S4,330.0,36.074,22.36
54312,272,S4,333.0,36.000,22.36
54313,272,S4,336.0,35.786,22.36
54314,272,S4,339.0,35.618,22.36
54315,272,S4,342.0,35.294,22.36
54316,272,S4,345.0,35.205,22.36
54317,272,S4,348.0,35.060,22.36
54318,272,S4,351.0,34.956,22.36
54319,272,S4,354.0,34.729,22.36
54320,272,S4,357.0,34.462,22.36
54321,272,S4,360.0,34.432,22.36
54322,272,S4,363.0,34.246,22.36
54323,272,S4,366.0,34.094,22.36
54324,272,S4,369.0,33.893,22.36
54325,272,S4,372.0,33.718,22.36
54326,272,S4,375.0,33.693,22.36
54327,272,S4,378.0,33.467,22.36
54328,272,S4,381.0,33.323,22.36
54329,272,S4,384.0,33.145,22.36
54330,272,S4,387.0,32.990,22.36
54331,272,S4,390.0,32.884,22.36
54332,272,S4,393.0,32.692,22.36
54333,272,S4,396.0,32.613,22.36
54334,272,S4,399.0,32.415,22.36
54335,272,S4,402.0,32.377,22.36
54336,272,S4,405.0,32.205,22.36
54337,272,S4,408.0,32.025,22.36
54338,272,S4,411.0,31.864,22.36
54339,272,S4,414.0,31.702,22.36
54340,272,S4,417.0,31.659,22.36
54341,272,S4,420.0,31.563,22.36
54342,272,S4,423.0,31.423,22.36
54343,272,S4,426.0,31.266,22.36
54344,272,S4,429.0,31.224,22.36
54345,272,S4,432.0,31.073,22.36
54346,272,S4,435.0,30.939,22.36
54347,272,S4,438.0,30.788,22.36
54348,272,S4,441.0,30.694,22.36
54349,272,S4,444.0,30.546,22.36
54350,272,S4,447.0,30.513,22.36
54351,272,S4,450.0,30.322,22.36
54352,272,S4,453.0,30.297,22.36
54353,272,S4,456.0,30.052,22.36
54354,272,S4,459.0,30.123,22.36
54355,272,S4,462.0,29.911,22.36
54356,272,S4,465.0,29.867,22.36
54357,272,S4,468.0,29.788,22.36
54358,272,S4,471.0,29.565,22.36
54359,272,S4,474.0,29.561,22.36
54360,272,S4,477.0,29.455,22.36
54361,272,S4,480.0,29.279,22.36
54362,272,S4,483.0,29.224,22.36
54363,272,S4,486.0,29.128,22.36
54364,272,S4,489.0,29.070,22.36
54365,272,S4,492.0,28.997,22.36
54366,272,S4,495.0,28.900,22.36
54367,272,S4,498.0,28.831,22.36
54368,272,S4,501.0,28.767,22.36
54369,272,S4,504.0,28.553,22.36
54370,272,S4,507.0,28.488,22.36
54371,272,S4,510.0,28.467,22.36
54372,272,S4,513.0,28.407,22.36
54373,272,S4,516.0,28.277,22.36
54374,272,S4,519.0,28.215,22.36
54375,272,S4,522.0,28.115,22.36
54376,272,S4,525.0,28.120,22.36
54377,272,S4,528.0,28.043,22.36
54378,272,S4,531.0,27.855,22.36
54379,272,S4,534.0,27.882,22.36
54380,272,S4,537.0,27.780,22.36
54381,272,S4,540.0,27.670,22.36
54382,272,S4,543.0,27.571,22.36
54383,272,S4,546.0,27.614,22.36
54384,272,S4,549.0,27.453,22.36
54385,272,S4,552.0,27.458,22.36
54386,272,S4,555.0,27.352,22.36
54387,272,S4,558.0,27.269,22.36
54388,272,S4,561.0,27.251,22.36
54389,272,S4,564.0,27.115,22.36
54390,272,S4,567.0,27.150,22.36
54391,272,S4,570.0,27.068,22.36
54392,272,S4,573.0,27.008,22.36
54393,272,S4,576.0,26.880,22.36
54394,272,S4,579.0,26.802,22.36
54395,272,S4,582.0,26.859,22.36
54396,272,S4,585.0,26.761,22.36
54397,272,S4,588.0,26.622,22.36
54398,272,S4,591.0,26.635,22.36
54399,272,S4,594.0,26.541,22.36
54400,272,S4,597.0,26.476,22.36
54401,273,S1,0.0,86.666,20.13
54402,273,S1,3.0,85.808,20.13
54403,273,S1,6.0,84.945,20.13
54404,273,S1,9.0,83.977,20.13
54405,273,S1,12.0,83.143,20.13
54406,273,S1,15.0,82.355,20.13
54407,273,S1,18.0,81.407,20.13
54408,273,S1,21.0,80.713,20.13
54409,273,S1,24.0,79.885,20.13
54410,273,S1,27.0,79.060,20.13
54411,273,S1,30.0,78.330,20.13
54412,273,S1,33.0,77.546,20.13
54413,273,S1,36.0,76.801,20.13
54414,273,S1,39.0,76.102,20.13
54415,273,S1,42.0,75.293,20.13
54416,273,S1,45.0,74.493,20.13
54417,273,S1,48.0,73.748,20.13
54418,273,S1,51.0,73.097,20.13
54419,273,S1,54.0,72.403,20.13
54420,273,S1,57.0,71.722,20.13
54421,273,S1,60.0,71.062,20.13
54422,273,S1,63.0,70.309,20.13
54423,273,S1,66.0,69.590,20.13
54424,273,S1,69.0,68.917,20.13
54425,273,S1,72.0,68.348,20.13
54426,273,S1,75.0,67.720,20.13
54427,273,S1,78.0,66.994,20.13
54428,273,S1,81.0,66.402,20.13
54429,273,S1,84.0,65.837,20.13
54430,273,S1,87.0,65.278,20.13
54431,273,S1,90.0,64.654,20.13
54432,273,S1,93.0,64.046,20.13
54433,273,S1,96.0,63.440,20.13
54434,273,S1,99.0,62.821,20.13
54435,273,S1,102.0,62.264,20.13
54436,273,S1,105.0,61.644,20.13
54437,273,S1,108.0,61.188,20.13
54438,273,S1,111.0,60.579,20.13
54439,273,S1,114.0,60.033,20.13
54440,273,S1,117.0,59.516,20.13
54441,273,S1,120.0,59.035,20.13
54442,273,S1,123.0,58.465,20.13
54443,273,S1,126.0,57.924,20.13
54444,273,S1,129.0,57.480,20.13
54445,273,S1,132.0,56.979,20.13
54446,273,S1,135.0,56.532,20.13
54447,273,S1,138.0,55.995,20.13
54448,273,S1,141.0,55.501,20.13
54449,273,S1,144.0,55.112,20.13
54450,273,S1,147.0,54.552,20.13
54451,273,S1,150.0,54.043,20.13
54452,273,S1,153.0,53.704,20.13
54453,273,S1,156.0,53.229,20.13
54454,273,S1,159.0,52.737,20.13
54455,273,S1,162.0,52.343,20.13
54456,273,S1,165.0,51.902,20.13
54457,273,S1,168.0,51.491,20.13
54458,273,S1,171.0,50.997,20.13
54459,273,S1,174.0,50.651,20.13
54460,273,S1,177.0,50.211,20.13
54461,273,S1,180.0,49.811,20.13
54462,273,S1,183.0,49.448,20.13
54463,273,S1,186.0,49.004,20.13
54464,273,S1,189.0,48.594,20.13
54465,273,S1,192.0,48.271,20.13
54466,273,S1,195.0,47.896,20.13
54467,273,S1,198.0,47.413,20.13
54468,273,S1,201.0,47.172,20.13
54469,273,S1,204.0,46.836,20.13
54470,273,S1,207.0,46.460,20.13
54471,273,S1,210.0,46.247,20.13
54472,273,S1,213.0,45.852,20.13
54473,273,S1,216.0,45.468,20.13
54474,273,S1,219.0,44.992,20.13
54475,273,S1,222.0,44.783,20.13
54476,273,S1,225.0,44.421,20.13
54477,273,S1,228.0,44.077,20.13
54478,273,S1,231.0,43.780,20.13
54479,273,S1,234.0,43.484,20.13
54480,273,S1,237.0,43.096,20.13
54481,273,S1,240.0,42.741,20.13
54482,273,S1,243.0,42.507,20.13
54483,273,S1,246.0,42.231,20.13
54484,273,S1,249.0,42.009,20.13
54485,273,S1,252.0,41.677,20.13
54486,273,S1,255.0,41.391,20.13
54487,273,S1,258.0,41.126,20.13
54488,273,S1,261.0,40.864,20.13
54489,273,S1,264.0,40.468,20.13
54490,273,S1,267.0,40.335,20.13
54491,273,S1,270.0,40.001,20.13
54492,273,S1,273.0,39.712,20.13
54493,273,S1,276.0,39.449,20.13
54494,273,S1,279.0,39.168,20.13
54495,273,S1,282.0,38.892,20.13
54496,273,S1,285.0,38.679,20.13
54497,273,S1,288.0,38.423,20.13
54498,273,S1,291.0,38.213,20.13
54499,273,S1,294.0,38.025,20.13
54500,273,S1,297.0,37.625,20.13
54501,273,S1,300.0,37.474,20.13
54502,273,S1,303.0,37.351,20.13
54503,273,S1,306.0,37.086,20.13
54504,273,S1,309.0,36.855,20.13
54505,273,S1,312.0,36.566,20.13
54506,273,S1,315.0,36.335,20.13
54507,273,S1,318.0,36.122,20.13
54508,273,S1,321.0,35.870,20.13
54509,273,S1,324.0,35.662,20.13
54510,273,S1,327.0,35.493,20.13
54511,273,S1,330.0,35.334,20.13
54512,273,S1,333.0,35.039,20.13
54513,273,S1,336.0,34.883,20.13
54514,273,S1,339.0,34.763,20.13
54515,273,S1,342.0,34.481,20.13
54516,273,S1,345.0,34.353,20.13
54517,273,S1,348.0,34.132,20.13
54518,273,S1,351.0,33.958,20.13
54519,273,S1,354.0,33.742,20.13
54520,273,S1,357.0,33.572,20.13
54521,273,S1,360.0,33.361,20.13
54522,273,S1,363.0,33.232,20.13
54523,273,S1,366.0,32.965,20.13
54524,273,S1,369.0,32.876,20.13
54525,273,S1,372.0,32.688,20.13
54526,273,S1,375.0,32.556,20.13
54527,273,S1,378.0,32.396,20.13
54528,273,S1,381.0,32.162,20.13
54529,273,S1,384.0,32.080,20.13
54530,273,S1,387.0,31.942,20.13
54531,273,S1,390.0,31.740,20.13
54532,273,S1,393.0,31.606,20.13
54533,273,S1,396.0,31.372,20.13
54534,273,S1,399.0,31.212,20.13
54535,273,S1,402.0,31.097,20.13
54536,273,S1,405.0,30.887,20.13
54537,273,S1,408.0,30.843,20.13
54538,273,S1,411.0,30.735,20.13
54539,273,S1,414.0,30.620,20.13
54540,273,S1,417.0,30.420,20.13
54541,273,S1,420.0,30.285,20.13
54542,273,S1,423.0,30.048,20.13
54543,273,S1,426.0,30.032,20.13
54544,273,S1,429.0,29.808,20.13
54545,273,S1,432.0,29.707,20.13
54546,273,S1,435.0,29.687,20.13
54547,273,S1,438.0,29.414,20.13
54548,273,S1,441.0,29.336,20.13
54549,273,S1,444.0,29.256,20.13
54550,273,S1,447.0,29.155,20.13
54551,273,S1,450.0,29.055,20.13
54552,273,S1,453.0,28.909,20.13
54553,273,S1,456.0,28.727,20.13
54554,273,S1,459.0,28.681,20.13
54555,273,S1,462.0,28.488,20.13
54556,273,S1,465.0,28.331,20.13
54557,273,S1,468.0,28.349,20.13
54558,273,S1,471.0,28.168,20.13
54559,273,S1,474.0,28.106,20.13
54560,273,S1,477.0,27.999,20.13
54561,273,S1,480.0,27.738,20.13
54562,273,S1,483.0,27.748,20.13
54563,273,S1,486.0,27.661,20.13
54564,273,S1,489.0,27.532,20.13
54565,273,S1,492.0,27.459,20.13
54566,273,S1,495.0,27.317,20.13
54567,273,S1,498.0,27.260,20.13
54568,273,S1,501.0,27.223,20.13
54569,273,S1,504.0,27.056,20.13
54570,273,S1,507.0,26.985,20.13
54571,273,S1,510.0,26.872,20.13
54572,273,S1,513.0,26.784,20.13
54573,273,S1,516.0,26.759,20.13
54574,273,S1,519.0,26.582,20.13
54575,273,S1,522.0,26.538,20.13
54576,273,S1,525.0,26.416,20.13
54577,273,S1,528.0,26.354,20.13
54578,273,S1,531.0,26.290,20.13
54579,273,S1,534.0,26.152,20.13
54580,273,S1,537.0,26.094,20.13
54581,273,S1,540.0,26.159,20.13
54582,273,S1,543.0,26.026,20.13
54583,273,S1,546.0,25.872,20.13
54584,273,S1,549.0,25.861,20.13
54585,273,S1,552.0,25.736,20.13
54586,273,S1,555.0,25.665,20.13
54587,273,S1,558.0,25.534,20.13
54588,273,S1,561.0,25.504,20.13
54589,273,S1,564.0,25.448,20.13
54590,273,S1,567.0,25.368,20.13
54591,273,S1,570.0,25.326,20.13
54592,273,S1,573.0,25.261,20.13
54593,273,S1,576.0,25.262,20.13
54594,273,S1,579.0,25.042,20.13
54595,273,S1,582.0,24.951,20.13
54596,273,S1,585.0,24.955,20.13
54597,273,S1,588.0,24.854,20.13
54598,273,S1,591.0,24.847,20.13
54599,273,S1,594.0,24.823,20.13
54600,273,S1,597.0,24.737,20.13
54601,274,S2,0.0,83.832,20.46
54602,274,S2,3.0,82.781,20.46
54603,274,S2,6.0,81.957,20.46
54604,274,S2,9.0,81.070,20.46
54605,274,S2,12.0,80.256,20.46
54606,274,S2,15.0,79.292,20.46
54607,274,S2,18.0,78.424,20.46
54608,274,S2,21.0,77.629,20.46
54609,274,S2,24.0,76.839,20.46
54610,274,S2,27.0,76.005,20.46
54611,274,S2,30.0,75.191,20.46
54612,274,S2,33.0,74.439,20.46
54613,274,S2,36.0,73.535,20.46
54614,274,S2,39.0,72.875,20.46
54615,274,S2,42.0,72.066,20.46
54616,274,S2,45.0,71.298,20.46
54617,274,S2,48.0,70.607,20.46
54618,274,S2,51.0,69.914,20.46
54619,274,S2,54.0,69.227,20.46
54620,274,S2,57.0,68.430,20.46
54621,274,S2,60.0,67.701,20.46
54622,274,S2,63.0,67.130,20.46
54623,274,S2,66.0,66.451,20.46
54624,274,S2,69.0,65.750,20.46
54625,274,S2,72.0,65.068,20.46
54626,274,S2,75.0,64.466,20.46
54627,274,S2,78.0,63.738,20.46
54628,274,S2,81.0,63.108,20.46
54629,274,S2,84.0,62.507,20.46
54630,274,S2,87.0,61.948,20.46
54631,274,S2,90.0,61.306,20.46
54632,274,S2,93.0,60.650,20.46
54633,274,S2,96.0,60.128,20.46
54634,274,S2,99.0,59.537,20.46
54635,274,S2,102.0,58.982,20.46
54636,274,S2,105.0,58.439,20.46
54637,274,S2,108.0,57.923,20.46
54638,274,S2,111.0,57.254,20.46
54639,274,S2,114.0,56.777,20.46
54640,274,S2,117.0,56.294,20.46
54641,274,S2,120.0,55.780,20.46
54642,274,S2,123.0,55.230,20.46
54643,274,S2,126.0,54.800,20.46
54644,274,S2,129.0,54.248,20.46
54645,274,S2,132.0,53.783,20.46
54646,274,S2,135.0,53.268,20.46
54647,274,S2,138.0,52.767,20.46
54648,274,S2,141.0,52.215,20.46
54649,274,S2,144.0,51.838,20.46
54650,274,S2,147.0,51.393,20.46
54651,274,S2,150.0,50.920,20.46
54652,274,S2,153.0,50.484,20.46
54653,274,S2,156.0,50.069,20.46
54654,274,S2,159.0,49.619,20.46
54655,274,S2,162.0,49.120,20.46
54656,274,S2,165.0,48.753,20.46
54657,274,S2,168.0,48.336,20.46
54658,274,S2,171.0,48.020,20.46
54659,274,S2,174.0,47.690,20.46
54660,274,S2,177.0,47.202,20.46
54661,274,S2,180.0,46.811,20.46
54662,274,S2,183.0,46.340,20.46
54663,274,S2,186.0,46.075,20.46
54664,274,S2,189.0,45.730,20.46
54665,274,S2,192.0,45.196,20.46
54666,274,S2,195.0,44.957,20.46
54667,274,S2,198.0,44.600,20.46
54668,274,S2,201.0,44.291,20.46
54669,274,S2,204.0,43.952,20.46
54670,274,S2,207.0,43.597,20.46
54671,274,S2,210.0,43.296,20.46
54672,274,S2,213.0,42.911,20.46
54673,274,S2,216.0,42.530,20.46
54674,274,S2,219.0,42.262,20.46
54675,274,S2,222.0,41.929,20.46
54676,274,S2,225.0,41.522,20.46
54677,274,S2,228.0,41.285,20.46
54678,274,S2,231.0,40.978,20.46
54679,274,S2,234.0,40.695,20.46
54680,274,S2,237.0,40.333,20.46
54681,274,S2,240.0,40.066,20.46
54682,274,S2,243.0,39.857,20.46
54683,274,S2,246.0,39.555,20.46
54684,274,S2,249.0,39.274,20.46
54685,274,S2,252.0,39.036,20.46
54686,274,S2,255.0,38.696,20.46
54687,274,S2,258.0,38.391,20.46
54688,274,S2,261.0,38.141,20.46
54689,274,S2,264.0,37.949,20.46
54690,274,S2,267.0,37.742,20.46
54691,274,S2,270.0,37.371,20.46
54692,274,S2,273.0,37.212,20.46
54693,274,S2,276.0,36.881,20.46
54694,274,S2,279.0,36.690,20.46
54695,274,S2,282.0,36.442,20.46
54696,274,S2,285.0,36.166,20.46
54697,274,S2,288.0,36.078,20.46
54698,274,S2,291.0,35.752,20.46
54699,274,S2,294.0,35.627,20.46
54700,274,S2,297.0,35.360,20.46
54701,274,S2,300.0,35.107,20.46
54702,274,S2,303.0,34.871,20.46
54703,274,S2,306.0,34.687,20.46
54704,274,S2,309.0,34.495,20.46
54705,274,S2,312.0,34.262,20.46
54706,274,S2,315.0,34.090,20.46
54707,274,S2,318.0,33.877,20.46
54708,274,S2,321.0,33.626,20.46
54709,274,S2,324.0,33.544,20.46
54710,274,S2,327.0,33.318,20.46
54711,274,S2,330.0,33.207,20.46
54712,274,S2,333.0,32.952,20.46
54713,274,S2,336.0,32.753,20.46
54714,274,S2,339.0,32.661,20.46
54715,274,S2,342.0,32.436,20.46
54716,274,S2,345.0,32.288,20.46
54717,274,S2,348.0,32.034,20.46
54718,274,S2,351.0,31.901,20.46
54719,274,S2,354.0,31.766,20.46
54720,274,S2,357.0,31.624,20.46
54721,274,S2,360.0,31.345,20.46
54722,274,S2,363.0,31.229,20.46
54723,274,S2,366.0,31.107,20.46
54724,274,S2,369.0,30.882,20.46
54725,274,S2,372.0,30.775,20.46
54726,274,S2,375.0,30.619,20.46
54727,274,S2,378.0,30.499,20.46
54728,274,S2,381.0,30.383,20.46
54729,274,S2,384.0,30.197,20.46
54730,274,S2,387.0,29.998,20.46
54731,274,S2,390.0,29.966,20.46
54732,274,S2,393.0,29.743,20.46
54733,274,S2,396.0,29.621,20.46
54734,274,S2,399.0,29.551,20.46
54735,274,S2,402.0,29.324,20.46
54736,274,S2,405.0,29.270,20.46
54737,274,S2,408.0,29.174,20.46
54738,274,S2,411.0,29.025,20.46
54739,274,S2,414.0,28.896,20.46
54740,274,S2,417.0,28.714,20.46
54741,274,S2,420.0,28.628,20.46
54742,274,S2,423.0,28.538,20.46
54743,274,S2,426.0,28.391,20.46
54744,274,S2,429.0,28.260,20.46
54745,274,S2,432.0,28.087,20.46
54746,274,S2,435.0,28.057,20.46
54747,274,S2,438.0,28.001,20.46
54748,274,S2,441.0,27.889,20.46
54749,274,S2,444.0,27.852,20.46
54750,274,S2,447.0,27.621,20.46
54751,274,S2,450.0,27.482,20.46
54752,274,S2,453.0,27.465,20.46
54753,274,S2,456.0,27.363,20.46
54754,274,S2,459.0,27.223,20.46
54755,274,S2,462.0,27.170,20.46
54756,274,S2,465.0,27.005,20.46
54757,274,S2,468.0,26.960,20.46
54758,274,S2,471.0,26.902,20.46
54759,274,S2,474.0,26.753,20.46
54760,274,S2,477.0,26.675,20.46
54761,274,S2,480.0,26.626,20.46
54762,274,S2,483.0,26.429,20.46
54763,274,S2,486.0,26.300,20.46
54764,274,S2,489.0,26.332,20.46
54765,274,S2,492.0,26.155,20.46
54766,274,S2,495.0,26.144,20.46
54767,274,S2,498.0,26.111,20.46
54768,274,S2,501.0,25.985,20.46
54769,274,S2,504.0,25.862,20.46
54770,274,S2,507.0,25.823,20.46
54771,274,S2,510.0,25.708,20.46
54772,274,S2,513.0,25.695,20.46
54773,274,S2,516.0,25.587,20.46
54774,274,S2,519.0,25.447,20.46
54775,274,S2,522.0,25.418,20.46
54776,274,S2,525.0,25.419,20.46
54777,274,S2,528.0,25.316,20.46
54778,274,S2,531.0,25.228,20.46
54779,274,S2,534.0,25.107,20.46
54780,274,S2,537.0,25.125,20.46
54781,274,S2,540.0,25.034,20.46
54782,274,S2,543.0,24.926,20.46
54783,274,S2,546.0,24.939,20.46
54784,274,S2,549.0,24.794,20.46
54785,274,S2,552.0,24.811,20.46
54786,274,S2,555.0,24.682,20.46
54787,274,S2,558.0,24.691,20.46
54788,274,S2,561.0,24.566,20.46
54789,274,S2,564.0,24.517,20.46
54790,274,S2,567.0,24.429,20.46
54791,274,S2,570.0,24.487,20.46
54792,274,S2,573.0,24.448,20.46
54793,274,S2,576.0,24.243,20.46
54794,274,S2,579.0,24.183,20.46
54795,274,S2,582.0,24.192,20.46
54796,274,S2,585.0,24.117,20.46
54797,274,S2,588.0,24.080,20.46
54798,274,S2,591.0,24.081,20.46
54799,274,S2,594.0,23.975,20.46
54800,274,S2,597.0,24.008,20.46
54801,275,S3,0.0,85.016,20.09
54802,275,S3,3.0,83.367,20.09
54803,275,S3,6.0,82.028,20.09
54804,275,S3,9.0,80.672,20.09
54805,275,S3,12.0,79.216,20.09
54806,275,S3,15.0,77.854,20.09
54807,275,S3,18.0,76.586,20.09
54808,275,S3,21.0,75.340,20.09
54809,275,S3,24.0,74.037,20.09
54810,275,S3,27.0,72.843,20.09
54811,275,S3,30.0,71.686,20.09
54812,275,S3,33.0,70.543,20.09
54813,275,S3,36.0,69.292,20.09
54814,275,S3,39.0,68.255,20.09
54815,275,S3,42.0,67.151,20.09
54816,275,S3,45.0,66.045,20.09
54817,275,S3,48.0,65.029,20.09
54818,275,S3,51.0,64.008,20.09
54819,275,S3,54.0,63.013,20.09
54820,275,S3,57.0,62.185,20.09
54821,275,S3,60.0,61.109,20.09
54822,275,S3,63.0,60.207,20.09
54823,275,S3,66.0,59.406,20.09
54824,275,S3,69.0,58.437,20.09
54825,275,S3,72.0,57.536,20.09
54826,275,S3,75.0,56.758,20.09
54827,275,S3,78.0,55.881,20.09
54828,275,S3,81.0,55.017,20.09
54829,275,S3,84.0,54.259,20.09
54830,275,S3,87.0,53.489,20.09
54831,275,S3,90.0,52.761,20.09
54832,275,S3,93.0,52.033,20.09
54833,275,S3,96.0,51.291,20.09
54834,275,S3,99.0,50.717,20.09
54835,275,S3,102.0,49.911,20.09
54836,275,S3,105.0,49.217,20.09
54837,275,S3,108.0,48.453,20.09
54838,275,S3,111.0,47.963,20.09
54839,275,S3,114.0,47.346,20.09
54840,275,S3,117.0,46.634,20.09
54841,275,S3,120.0,46.039,20.09
54842,275,S3,123.0,45.519,20.09
54843,275,S3,126.0,44.959,20.09
54844,275,S3,129.0,44.359,20.09
54845,275,S3,132.0,43.792,20.09
54846,275,S3,135.0,43.239,20.09
54847,275,S3,138.0,42.667,20.09
54848,275,S3,141.0,42.292,20.09
54849,275,S3,144.0,41.766,20.09
54850,275,S3,147.0,41.205,20.09
54851,275,S3,150.0,40.783,20.09
54852,275,S3,153.0,40.326,20.09
54853,275,S3,156.0,39.851,20.09
54854,275,S3,159.0,39.463,20.09
54855,275,S3,162.0,39.038,20.09
54856,275,S3,165.0,38.528,20.09
54857,275,S3,168.0,38.148,20.09
54858,275,S3,171.0,37.822,20.09
54859,275,S3,174.0,37.343,20.09
54860,275,S3,177.0,36.918,20.09
54861,275,S3,180.0,36.627,20.09
54862,275,S3,183.0,36.241,20.09
54863,275,S3,186.0,35.761,20.09
54864,275,S3,189.0,35.478,20.09
54865,275,S3,192.0,35.114,20.09
54866,275,S3,195.0,34.899,20.09
54867,275,S3,198.0,34.466,20.09
54868,275,S3,201.0,34.050,20.09
54869,275,S3,204.0,33.791,20.09
54870,275,S3,207.0,33.524,20.09
54871,275,S3,210.0,33.172,20.09
54872,275,S3,213.0,32.893,20.09
54873,275,S3,216.0,32.629,20.09
54874,275,S3,219.0,32.301,20.09
54875,275,S3,222.0,32.008,20.09
54876,275,S3,225.0,31.830,20.09
54877,275,S3,228.0,31.598,20.09
54878,275,S3,231.0,31.328,20.09
54879,275,S3,234.0,31.022,20.09
54880,275,S3,237.0,30.775,20.09
54881,275,S3,240.0,30.556,20.09
54882,275,S3,243.0,30.287,20.09
54883,275,S3,246.0,30.136,20.09
54884,275,S3,249.0,29.741,20.09
54885,275,S3,252.0,29.585,20.09
54886,275,S3,255.0,29.368,20.09
54887,275,S3,258.0,29.151,20.09
54888,275,S3,261.0,29.032,20.09
54889,275,S3,264.0,28.761,20.09
54890,275,S3,267.0,28.590,20.09
54891,275,S3,270.0,28.476,20.09
54892,275,S3,273.0,28.227,20.09
54893,275,S3,276.0,28.029,20.09
54894,275,S3,279.0,27.897,20.09
54895,275,S3,282.0,27.659,20.09
54896,275,S3,285.0,27.433,20.09
54897,275,S3,288.0,27.329,20.09
54898,275,S3,291.0,27.310,20.09
54899,275,S3,294.0,27.023,20.09
54900,275,S3,297.0,26.871,20.09
54901,275,S3,300.0,26.748,20.09
54902,275,S3,303.0,26.588,20.09
54903,275,S3,306.0,26.370,20.09
54904,275,S3,309.0,26.204,20.09
54905,275,S3,312.0,26.103,20.09
54906,275,S3,315.0,26.005,20.09
54907,275,S3,318.0,25.854,20.09
54908,275,S3,321.0,25.775,20.09
54909,275,S3,324.0,25.512,20.09
54910,275,S3,327.0,25.517,20.09
54911,275,S3,330.0,25.420,20.09
54912,275,S3,333.0,25.253,20.09
54913,275,S3,336.0,25.168,20.09
54914,275,S3,339.0,24.998,20.09
54915,275,S3,342.0,24.911,20.09
54916,275,S3,345.0,24.774,20.09
54917,275,S3,348.0,24.671,20.09
54918,275,S3,351.0,24.671,20.09
54919,275,S3,354.0,24.451,20.09
54920,275,S3,357.0,24.357,20.09
54921,275,S3,360.0,24.309,20.09
54922,275,S3,363.0,24.196,20.09
54923,275,S3,366.0,24.231,20.09
54924,275,S3,369.0,23.908,20.09
54925,275,S3,372.0,23.874,20.09
54926,275,S3,375.0,23.924,20.09
54927,275,S3,378.0,23.841,20.09
54928,275,S3,381.0,23.713,20.09
54929,275,S3,384.0,23.604,20.09
54930,275,S3,387.0,23.569,20.09
54931,275,S3,390.0,23.395,20.09
54932,275,S3,393.0,23.364,20.09
54933,275,S3,396.0,23.312,20.09
54934,275,S3,399.0,23.293,20.09
54935,275,S3,402.0,23.093,20.09
54936,275,S3,405.0,23.029,20.09
54937,275,S3,408.0,22.964,20.09
54938,275,S3,411.0,22.962,20.09
54939,275,S3,414.0,22.819,20.09
54940,275,S3,417.0,22.816,20.09
54941,275,S3,420.0,22.920,20.09
54942,275,S3,423.0,22.773,20.09
54943,275,S3,426.0,22.650,20.09
54944,275,S3,429.0,22.602,20.09
54945,275,S3,432.0,22.457,20.09
54946,275,S3,435.0,22.447,20.09
54947,275,S3,438.0,22.434,20.09
54948,275,S3,441.0,22.275,20.09
54949,275,S3,444.0,22.343,20.09
54950,275,S3,447.0,22.193,20.09
54951,275,S3,450.0,22.158,20.09
54952,275,S3,453.0,22.177,20.09
54953,275,S3,456.0,22.118,20.09
54954,275,S3,459.0,22.054,20.09
54955,275,S3,462.0,21.964,20.09
54956,275,S3,465.0,22.007,20.09
54957,275,S3,468.0,21.920,20.09
54958,275,S3,471.0,21.964,20.09
54959,275,S3,474.0,21.815,20.09
54960,275,S3,477.0,21.856,20.09
54961,275,S3,480.0,21.749,20.09
54962,275,S3,483.0,21.757,20.09
54963,275,S3,486.0,21.652,20.09
54964,275,S3,489.0,21.650,20.09
54965,275,S3,492.0,21.634,20.09
54966,275,S3,495.0,21.580,20.09
54967,275,S3,498.0,21.498,20.09
54968,275,S3,501.0,21.517,20.09
54969,275,S3,504.0,21.507,20.09
54970,275,S3,507.0,21.427,20.09
54971,275,S3,510.0,21.513,20.09
54972,275,S3,513.0,21.483,20.09
54973,275,S3,516.0,21.325,20.09
54974,275,S3,519.0,21.289,20.09
54975,275,S3,522.0,21.238,20.09
54976,275,S3,525.0,21.319,20.09
54977,275,S3,528.0,21.300,20.09
54978,275,S3,531.0,21.149,20.09
54979,275,S3,534.0,21.208,20.09
54980,275,S3,537.0,21.256,20.09
54981,275,S3,540.0,21.168,20.09
54982,275,S3,543.0,21.056,20.09
54983,275,S3,546.0,21.151,20.09
54984,275,S3,549.0,21.203,20.09
54985,275,S3,552.0,21.102,20.09
54986,275,S3,555.0,21.088,20.09
54987,275,S3,558.0,20.941,20.09
54988,275,S3,561.0,20.974,20.09
54989,275,S3,564.0,20.968,20.09
