measurement_id,run_id,sensor_id,t_seconds,temperature_c,ambient_c
89983,450,S2,546.0,24.521,21.95
89984,450,S2,549.0,24.505,21.95
89985,450,S2,552.0,24.450,21.95
89986,450,S2,555.0,24.308,21.95
89987,450,S2,558.0,24.428,21.95
89988,450,S2,561.0,24.302,21.95
89989,450,S2,564.0,24.339,21.95
89990,450,S2,567.0,24.166,21.95
89991,450,S2,570.0,24.242,21.95
89992,450,S2,573.0,24.138,21.95
89993,450,S2,576.0,24.120,21.95
89994,450,S2,579.0,24.154,21.95
89995,450,S2,582.0,24.103,21.95
89996,450,S2,585.0,24.016,21.95
89997,450,S2,588.0,24.072,21.95
89998,450,S2,591.0,23.932,21.95
89999,450,S2,594.0,23.949,21.95
90000,450,S2,597.0,23.813,21.95
90001,451,S3,0.0,74.998,22.74
90002,451,S3,3.0,73.404,22.74
90003,451,S3,6.0,71.823,22.74
90004,451,S3,9.0,70.453,22.74
90005,451,S3,12.0,68.919,22.74
90006,451,S3,15.0,67.473,22.74
90007,451,S3,18.0,66.156,22.74
90008,451,S3,21.0,64.700,22.74
90009,451,S3,24.0,63.531,22.74
90010,451,S3,27.0,62.309,22.74
90011,451,S3,30.0,61.106,22.74
90012,451,S3,33.0,59.937,22.74
90013,451,S3,36.0,58.846,22.74
90014,451,S3,39.0,57.716,22.74
90015,451,S3,42.0,56.619,22.74
90016,451,S3,45.0,55.518,22.74
90017,451,S3,48.0,54.664,22.74
90018,451,S3,51.0,53.618,22.74
90019,451,S3,54.0,52.727,22.74
90020,451,S3,57.0,51.805,22.74
90021,451,S3,60.0,50.818,22.74
90022,451,S3,63.0,50.018,22.74
90023,451,S3,66.0,49.166,22.74
90024,451,S3,69.0,48.296,22.74
90025,451,S3,72.0,47.558,22.74
90026,451,S3,75.0,46.775,22.74
90027,451,S3,78.0,46.083,22.74
90028,451,S3,81.0,45.450,22.74
90029,451,S3,84.0,44.653,22.74
90030,451,S3,87.0,44.028,22.74
90031,451,S3,90.0,43.402,22.74
90032,451,S3,93.0,42.680,22.74
90033,451,S3,96.0,42.144,22.74
90034,451,S3,99.0,41.513,22.74
90035,451,S3,102.0,40.940,22.74
90036,451,S3,105.0,40.478,22.74
90037,451,S3,108.0,39.830,22.74
90038,451,S3,111.0,39.282,22.74
90039,451,S3,114.0,38.856,22.74
90040,451,S3,117.0,38.428,22.74
90041,451,S3,120.0,37.939,22.74
90042,451,S3,123.0,37.400,22.74
90043,451,S3,126.0,36.961,22.74
90044,451,S3,129.0,36.500,22.74
90045,451,S3,132.0,36.044,22.74
90046,451,S3,135.0,35.608,22.74
90047,451,S3,138.0,35.261,22.74
90048,451,S3,141.0,35.060,22.74
90049,451,S3,144.0,34.542,22.74
90050,451,S3,147.0,34.179,22.74
90051,451,S3,150.0,33.829,22.74
90052,451,S3,153.0,33.533,22.74
90053,451,S3,156.0,33.134,22.74
90054,451,S3,159.0,32.825,22.74
90055,451,S3,162.0,32.488,22.74
90056,451,S3,165.0,32.216,22.74
90057,451,S3,168.0,31.944,22.74
90058,451,S3,171.0,31.619,22.74
90059,451,S3,174.0,31.417,22.74
90060,451,S3,177.0,31.172,22.74
90061,451,S3,180.0,30.861,22.74
90062,451,S3,183.0,30.626,22.74
90063,451,S3,186.0,30.442,22.74
90064,451,S3,189.0,30.210,22.74
90065,451,S3,192.0,29.906,22.74
90066,451,S3,195.0,29.724,22.74
90067,451,S3,198.0,29.485,22.74
90068,451,S3,201.0,29.275,22.74
90069,451,S3,204.0,29.058,22.74
90070,451,S3,207.0,29.003,22.74
90071,451,S3,210.0,28.652,22.74
90072,451,S3,213.0,28.571,22.74
90073,451,S3,216.0,28.404,22.74
90074,451,S3,219.0,28.188,22.74
90075,451,S3,222.0,27.906,22.74
90076,451,S3,225.0,27.879,22.74
90077,451,S3,228.0,27.696,22.74
90078,451,S3,231.0,27.498,22.74
90079,451,S3,234.0,27.334,22.74
90080,451,S3,237.0,27.255,22.74
90081,451,S3,240.0,27.049,22.74
90082,451,S3,243.0,27.038,22.74
90083,451,S3,246.0,26.841,22.74
90084,451,S3,249.0,26.722,22.74
90085,451,S3,252.0,26.574,22.74
90086,451,S3,255.0,26.547,22.74
90087,451,S3,258.0,26.378,22.74
90088,451,S3,261.0,26.387,22.74
90089,451,S3,264.0,26.110,22.74
90090,451,S3,267.0,26.024,22.74
90091,451,S3,270.0,25.991,22.74
90092,451,S3,273.0,25.750,22.74
90093,451,S3,276.0,25.764,22.74
90094,451,S3,279.0,25.671,22.74
90095,451,S3,282.0,25.629,22.74
90096,451,S3,285.0,25.458,22.74
90097,451,S3,288.0,25.380,22.74
90098,451,S3,291.0,25.314,22.74
90099,451,S3,294.0,25.260,22.74
90100,451,S3,297.0,25.158,22.74
90101,451,S3,300.0,25.085,22.74
90102,451,S3,303.0,24.910,22.74
90103,451,S3,306.0,24.984,22.74
90104,451,S3,309.0,24.855,22.74
90105,451,S3,312.0,24.885,22.74
90106,451,S3,315.0,24.743,22.74
90107,451,S3,318.0,24.717,22.74
90108,451,S3,321.0,24.584,22.74
90109,451,S3,324.0,24.548,22.74
90110,451,S3,327.0,24.483,22.74
90111,451,S3,330.0,24.506,22.74
90112,451,S3,333.0,24.436,22.74
90113,451,S3,336.0,24.405,22.74
90114,451,S3,339.0,24.262,22.74
90115,451,S3,342.0,24.285,22.74
90116,451,S3,345.0,24.158,22.74
90117,451,S3,348.0,24.156,22.74
90118,451,S3,351.0,24.177,22.74
90119,451,S3,354.0,24.164,22.74
90120,451,S3,357.0,24.108,22.74
90121,451,S3,360.0,23.991,22.74
90122,451,S3,363.0,24.015,22.74
90123,451,S3,366.0,23.945,22.74
90124,451,S3,369.0,23.881,22.74
90125,451,S3,372.0,23.868,22.74
90126,451,S3,375.0,23.887,22.74
90127,451,S3,378.0,23.753,22.74
90128,451,S3,381.0,23.750,22.74
90129,451,S3,384.0,23.778,22.74
90130,451,S3,387.0,23.698,22.74
90131,451,S3,390.0,23.718,22.74
90132,451,S3,393.0,23.595,22.74
90133,451,S3,396.0,23.648,22.74
90134,451,S3,399.0,23.546,22.74
90135,451,S3,402.0,23.584,22.74
90136,451,S3,405.0,23.621,22.74
90137,451,S3,408.0,23.539,22.74
90138,451,S3,411.0,23.468,22.74
90139,451,S3,414.0,23.383,22.74
90140,451,S3,417.0,23.472,22.74
90141,451,S3,420.0,23.431,22.74
90142,451,S3,423.0,23.390,22.74
90143,451,S3,426.0,23.385,22.74
90144,451,S3,429.0,23.425,22.74
90145,451,S3,432.0,23.470,22.74
90146,451,S3,435.0,23.405,22.74
90147,451,S3,438.0,23.328,22.74
90148,451,S3,441.0,23.265,22.74
90149,451,S3,444.0,23.276,22.74
90150,451,S3,447.0,23.254,22.74
90151,451,S3,450.0,23.214,22.74
90152,451,S3,453.0,23.201,22.74
90153,451,S3,456.0,23.117,22.74
90154,451,S3,459.0,23.219,22.74
90155,451,S3,462.0,23.131,22.74
90156,451,S3,465.0,23.136,22.74
90157,451,S3,468.0,23.180,22.74
90158,451,S3,471.0,23.164,22.74
90159,451,S3,474.0,23.097,22.74
90160,451,S3,477.0,23.122,22.74
90161,451,S3,480.0,23.132,22.74
90162,451,S3,483.0,23.021,22.74
90163,451,S3,486.0,23.102,22.74
90164,451,S3,489.0,23.161,22.74
90165,451,S3,492.0,23.056,22.74
90166,451,S3,495.0,23.041,22.74
90167,451,S3,498.0,23.054,22.74
90168,451,S3,501.0,23.083,22.74
90169,451,S3,504.0,23.055,22.74
90170,451,S3,507.0,23.017,22.74
90171,451,S3,510.0,23.019,22.74
90172,451,S3,513.0,23.042,22.74
90173,451,S3,516.0,23.037,22.74
90174,451,S3,519.0,23.077,22.74
90175,451,S3,522.0,22.890,22.74
90176,451,S3,525.0,22.951,22.74
90177,451,S3,528.0,23.018,22.74
90178,451,S3,531.0,22.943,22.74
90179,451,S3,534.0,22.975,22.74
90180,451,S3,537.0,22.942,22.74
90181,451,S3,540.0,22.921,22.74
90182,451,S3,543.0,22.920,22.74
90183,451,S3,546.0,22.910,22.74
90184,451,S3,549.0,22.974,22.74
90185,451,S3,552.0,22.943,22.74
90186,451,S3,555.0,22.853,22.74
90187,451,S3,558.0,22.918,22.74
90188,451,S3,561.0,22.871,22.74
90189,451,S3,564.0,22.909,22.74
90190,451,S3,567.0,22.862,22.74
90191,451,S3,570.0,22.843,22.74
90192,451,S3,573.0,22.873,22.74
90193,451,S3,576.0,22.859,22.74
90194,451,S3,579.0,22.836,22.74
90195,451,S3,582.0,22.993,22.74
90196,451,S3,585.0,22.777,22.74
90197,451,S3,588.0,22.853,22.74
90198,451,S3,591.0,22.907,22.74
90199,451,S3,594.0,22.839,22.74
90200,451,S3,597.0,22.903,22.74
90201,452,S4,0.0,82.609,21.79
90202,452,S4,3.0,81.169,21.79
90203,452,S4,6.0,79.447,21.79
90204,452,S4,9.0,78.007,21.79
90205,452,S4,12.0,76.389,21.79
90206,452,S4,15.0,74.977,21.79
90207,452,S4,18.0,73.623,21.79
90208,452,S4,21.0,72.132,21.79
90209,452,S4,24.0,70.989,21.79
90210,452,S4,27.0,69.535,21.79
90211,452,S4,30.0,68.306,21.79
90212,452,S4,33.0,67.009,21.79
90213,452,S4,36.0,65.840,21.79
90214,452,S4,39.0,64.721,21.79
90215,452,S4,42.0,63.531,21.79
90216,452,S4,45.0,62.449,21.79
90217,452,S4,48.0,61.424,21.79
90218,452,S4,51.0,60.334,21.79
90219,452,S4,54.0,59.283,21.79
90220,452,S4,57.0,58.285,21.79
90221,452,S4,60.0,57.369,21.79
90222,452,S4,63.0,56.439,21.79
90223,452,S4,66.0,55.416,21.79
90224,452,S4,69.0,54.552,21.79
90225,452,S4,72.0,53.755,21.79
90226,452,S4,75.0,52.836,21.79
90227,452,S4,78.0,52.100,21.79
90228,452,S4,81.0,51.203,21.79
90229,452,S4,84.0,50.446,21.79
90230,452,S4,87.0,49.744,21.79
90231,452,S4,90.0,48.942,21.79
90232,452,S4,93.0,48.205,21.79
90233,452,S4,96.0,47.444,21.79
90234,452,S4,99.0,46.908,21.79
90235,452,S4,102.0,46.152,21.79
90236,452,S4,105.0,45.584,21.79
90237,452,S4,108.0,44.903,21.79
90238,452,S4,111.0,44.263,21.79
90239,452,S4,114.0,43.695,21.79
90240,452,S4,117.0,43.085,21.79
90241,452,S4,120.0,42.642,21.79
90242,452,S4,123.0,41.967,21.79
90243,452,S4,126.0,41.441,21.79
90244,452,S4,129.0,40.938,21.79
90245,452,S4,132.0,40.411,21.79
90246,452,S4,135.0,39.982,21.79
90247,452,S4,138.0,39.439,21.79
90248,452,S4,141.0,38.955,21.79
90249,452,S4,144.0,38.551,21.79
90250,452,S4,147.0,38.069,21.79
90251,452,S4,150.0,37.650,21.79
90252,452,S4,153.0,37.202,21.79
90253,452,S4,156.0,36.795,21.79
90254,452,S4,159.0,36.467,21.79
90255,452,S4,162.0,35.965,21.79
90256,452,S4,165.0,35.644,21.79
90257,452,S4,168.0,35.305,21.79
90258,452,S4,171.0,34.942,21.79
90259,452,S4,174.0,34.589,21.79
90260,452,S4,177.0,34.289,21.79
90261,452,S4,180.0,33.911,21.79
90262,452,S4,183.0,33.571,21.79
90263,452,S4,186.0,33.365,21.79
90264,452,S4,189.0,32.972,21.79
90265,452,S4,192.0,32.584,21.79
90266,452,S4,195.0,32.449,21.79
90267,452,S4,198.0,32.139,21.79
90268,452,S4,201.0,31.726,21.79
90269,452,S4,204.0,31.600,21.79
90270,452,S4,207.0,31.389,21.79
90271,452,S4,210.0,30.976,21.79
90272,452,S4,213.0,30.813,21.79
90273,452,S4,216.0,30.604,21.79
90274,452,S4,219.0,30.375,21.79
90275,452,S4,222.0,30.165,21.79
90276,452,S4,225.0,29.883,21.79
90277,452,S4,228.0,29.773,21.79
90278,452,S4,231.0,29.433,21.79
90279,452,S4,234.0,29.208,21.79
90280,452,S4,237.0,29.050,21.79
90281,452,S4,240.0,28.873,21.79
90282,452,S4,243.0,28.620,21.79
90283,452,S4,246.0,28.469,21.79
90284,452,S4,249.0,28.374,21.79
90285,452,S4,252.0,28.122,21.79
90286,452,S4,255.0,27.985,21.79
90287,452,S4,258.0,27.723,21.79
90288,452,S4,261.0,27.648,21.79
90289,452,S4,264.0,27.461,21.79
90290,452,S4,267.0,27.247,21.79
90291,452,S4,270.0,27.216,21.79
90292,452,S4,273.0,27.069,21.79
90293,452,S4,276.0,26.936,21.79
90294,452,S4,279.0,26.803,21.79
90295,452,S4,282.0,26.653,21.79
90296,452,S4,285.0,26.575,21.79
90297,452,S4,288.0,26.381,21.79
90298,452,S4,291.0,26.344,21.79
90299,452,S4,294.0,26.171,21.79
90300,452,S4,297.0,26.003,21.79
90301,452,S4,300.0,25.934,21.79
90302,452,S4,303.0,25.885,21.79
90303,452,S4,306.0,25.666,21.79
90304,452,S4,309.0,25.671,21.79
90305,452,S4,312.0,25.587,21.79
90306,452,S4,315.0,25.374,21.79
90307,452,S4,318.0,25.304,21.79
90308,452,S4,321.0,25.265,21.79
90309,452,S4,324.0,25.124,21.79
90310,452,S4,327.0,24.927,21.79
90311,452,S4,330.0,24.867,21.79
90312,452,S4,333.0,24.845,21.79
90313,452,S4,336.0,24.776,21.79
90314,452,S4,339.0,24.815,21.79
90315,452,S4,342.0,24.602,21.79
90316,452,S4,345.0,24.507,21.79
90317,452,S4,348.0,24.457,21.79
90318,452,S4,351.0,24.414,21.79
90319,452,S4,354.0,24.275,21.79
90320,452,S4,357.0,24.234,21.79
90321,452,S4,360.0,24.178,21.79
90322,452,S4,363.0,24.154,21.79
90323,452,S4,366.0,24.091,21.79
90324,452,S4,369.0,23.952,21.79
90325,452,S4,372.0,23.949,21.79
90326,452,S4,375.0,23.997,21.79
90327,452,S4,378.0,23.901,21.79
90328,452,S4,381.0,23.741,21.79
90329,452,S4,384.0,23.798,21.79
90330,452,S4,387.0,23.682,21.79
90331,452,S4,390.0,23.705,21.79
90332,452,S4,393.0,23.584,21.79
90333,452,S4,396.0,23.499,21.79
90334,452,S4,399.0,23.577,21.79
90335,452,S4,402.0,23.379,21.79
90336,452,S4,405.0,23.442,21.79
90337,452,S4,408.0,23.365,21.79
90338,452,S4,411.0,23.306,21.79
90339,452,S4,414.0,23.250,21.79
90340,452,S4,417.0,23.261,21.79
90341,452,S4,420.0,23.266,21.79
90342,452,S4,423.0,23.136,21.79
90343,452,S4,426.0,23.182,21.79
90344,452,S4,429.0,23.087,21.79
90345,452,S4,432.0,23.101,21.79
90346,452,S4,435.0,23.026,21.79
90347,452,S4,438.0,22.998,21.79
90348,452,S4,441.0,23.011,21.79
90349,452,S4,444.0,22.987,21.79
90350,452,S4,447.0,22.908,21.79
90351,452,S4,450.0,22.937,21.79
90352,452,S4,453.0,22.768,21.79
90353,452,S4,456.0,22.782,21.79
90354,452,S4,459.0,22.835,21.79
90355,452,S4,462.0,22.805,21.79
90356,452,S4,465.0,22.749,21.79
90357,452,S4,468.0,22.689,21.79
90358,452,S4,471.0,22.644,21.79
90359,452,S4,474.0,22.560,21.79
90360,452,S4,477.0,22.614,21.79
90361,452,S4,480.0,22.624,21.79
90362,452,S4,483.0,22.600,21.79
90363,452,S4,486.0,22.606,21.79
90364,452,S4,489.0,22.490,21.79
90365,452,S4,492.0,22.507,21.79
90366,452,S4,495.0,22.485,21.79
90367,452,S4,498.0,22.531,21.79
90368,452,S4,501.0,22.360,21.79
90369,452,S4,504.0,22.460,21.79
90370,452,S4,507.0,22.419,21.79
90371,452,S4,510.0,22.403,21.79
90372,452,S4,513.0,22.463,21.79
90373,452,S4,516.0,22.362,21.79
90374,452,S4,519.0,22.395,21.79
90375,452,S4,522.0,22.301,21.79
90376,452,S4,525.0,22.377,21.79
90377,452,S4,528.0,22.246,21.79
90378,452,S4,531.0,22.333,21.79
90379,452,S4,534.0,22.241,21.79
90380,452,S4,537.0,22.327,21.79
90381,452,S4,540.0,22.266,21.79
90382,452,S4,543.0,22.324,21.79
90383,452,S4,546.0,22.320,21.79
90384,452,S4,549.0,22.137,21.79
90385,452,S4,552.0,22.181,21.79
90386,452,S4,555.0,22.216,21.79
90387,452,S4,558.0,22.205,21.79
90388,452,S4,561.0,22.134,21.79
90389,452,S4,564.0,22.203,21.79
90390,452,S4,567.0,22.230,21.79
90391,452,S4,570.0,22.240,21.79
90392,452,S4,573.0,22.133,21.79
90393,452,S4,576.0,22.211,21.79
90394,452,S4,579.0,22.081,21.79
90395,452,S4,582.0,22.088,21.79
90396,452,S4,585.0,22.229,21.79
90397,452,S4,588.0,22.190,21.79
90398,452,S4,591.0,22.111,21.79
90399,452,S4,594.0,22.064,21.79
90400,452,S4,597.0,22.127,21.79
90401,453,S1,0.0,76.211,21.43
90402,453,S1,3.0,75.211,21.43
90403,453,S1,6.0,74.190,21.43
90404,453,S1,9.0,73.146,21.43
90405,453,S1,12.0,72.203,21.43
90406,453,S1,15.0,71.103,21.43
90407,453,S1,18.0,70.208,21.43
90408,453,S1,21.0,69.303,21.43
90409,453,S1,24.0,68.431,21.43
90410,453,S1,27.0,67.604,21.43
90411,453,S1,30.0,66.610,21.43
90412,453,S1,33.0,65.799,21.43
90413,453,S1,36.0,64.880,21.43
90414,453,S1,39.0,64.050,21.43
90415,453,S1,42.0,63.115,21.43
90416,453,S1,45.0,62.505,21.43
90417,453,S1,48.0,61.706,21.43
90418,453,S1,51.0,60.899,21.43
90419,453,S1,54.0,60.147,21.43
90420,453,S1,57.0,59.473,21.43
90421,453,S1,60.0,58.641,21.43
90422,453,S1,63.0,57.960,21.43
90423,453,S1,66.0,57.303,21.43
90424,453,S1,69.0,56.581,21.43
90425,453,S1,72.0,55.876,21.43
90426,453,S1,75.0,55.244,21.43
90427,453,S1,78.0,54.577,21.43
90428,453,S1,81.0,54.059,21.43
90429,453,S1,84.0,53.384,21.43
90430,453,S1,87.0,52.736,21.43
90431,453,S1,90.0,52.117,21.43
90432,453,S1,93.0,51.569,21.43
90433,453,S1,96.0,50.955,21.43
90434,453,S1,99.0,50.479,21.43
90435,453,S1,102.0,49.902,21.43
90436,453,S1,105.0,49.355,21.43
90437,453,S1,108.0,48.839,21.43
90438,453,S1,111.0,48.302,21.43
90439,453,S1,114.0,47.768,21.43
90440,453,S1,117.0,47.268,21.43
90441,453,S1,120.0,46.758,21.43
90442,453,S1,123.0,46.294,21.43
90443,453,S1,126.0,45.910,21.43
90444,453,S1,129.0,45.284,21.43
90445,453,S1,132.0,44.915,21.43
90446,453,S1,135.0,44.402,21.43
90447,453,S1,138.0,43.994,21.43
90448,453,S1,141.0,43.483,21.43
90449,453,S1,144.0,43.139,21.43
90450,453,S1,147.0,42.726,21.43
90451,453,S1,150.0,42.288,21.43
90452,453,S1,153.0,41.932,21.43
90453,453,S1,156.0,41.534,21.43
90454,453,S1,159.0,41.189,21.43
90455,453,S1,162.0,40.783,21.43
90456,453,S1,165.0,40.482,21.43
90457,453,S1,168.0,40.082,21.43
90458,453,S1,171.0,39.593,21.43
90459,453,S1,174.0,39.294,21.43
90460,453,S1,177.0,38.975,21.43
90461,453,S1,180.0,38.687,21.43
90462,453,S1,183.0,38.327,21.43
90463,453,S1,186.0,37.993,21.43
90464,453,S1,189.0,37.654,21.43
90465,453,S1,192.0,37.368,21.43
90466,453,S1,195.0,37.106,21.43
90467,453,S1,198.0,36.712,21.43
90468,453,S1,201.0,36.488,21.43
90469,453,S1,204.0,36.175,21.43
90470,453,S1,207.0,35.870,21.43
90471,453,S1,210.0,35.665,21.43
90472,453,S1,213.0,35.362,21.43
90473,453,S1,216.0,35.014,21.43
90474,453,S1,219.0,34.842,21.43
90475,453,S1,222.0,34.616,21.43
90476,453,S1,225.0,34.285,21.43
90477,453,S1,228.0,34.056,21.43
90478,453,S1,231.0,33.812,21.43
90479,453,S1,234.0,33.688,21.43
90480,453,S1,237.0,33.361,21.43
90481,453,S1,240.0,33.172,21.43
90482,453,S1,243.0,32.970,21.43
90483,453,S1,246.0,32.679,21.43
90484,453,S1,249.0,32.490,21.43
90485,453,S1,252.0,32.334,21.43
90486,453,S1,255.0,32.063,21.43
90487,453,S1,258.0,31.827,21.43
90488,453,S1,261.0,31.695,21.43
90489,453,S1,264.0,31.385,21.43
90490,453,S1,267.0,31.237,21.43
90491,453,S1,270.0,31.097,21.43
90492,453,S1,273.0,30.865,21.43
90493,453,S1,276.0,30.690,21.43
90494,453,S1,279.0,30.518,21.43
90495,453,S1,282.0,30.355,21.43
90496,453,S1,285.0,30.065,21.43
90497,453,S1,288.0,30.013,21.43
90498,453,S1,291.0,29.889,21.43
90499,453,S1,294.0,29.712,21.43
90500,453,S1,297.0,29.599,21.43
90501,453,S1,300.0,29.363,21.43
90502,453,S1,303.0,29.198,21.43
90503,453,S1,306.0,29.107,21.43
90504,453,S1,309.0,28.862,21.43
90505,453,S1,312.0,28.720,21.43
90506,453,S1,315.0,28.635,21.43
90507,453,S1,318.0,28.451,21.43
90508,453,S1,321.0,28.377,21.43
90509,453,S1,324.0,28.281,21.43
90510,453,S1,327.0,28.061,21.43
90511,453,S1,330.0,27.964,21.43
90512,453,S1,333.0,27.846,21.43
90513,453,S1,336.0,27.718,21.43
90514,453,S1,339.0,27.663,21.43
90515,453,S1,342.0,27.589,21.43
90516,453,S1,345.0,27.457,21.43
90517,453,S1,348.0,27.273,21.43
90518,453,S1,351.0,27.126,21.43
90519,453,S1,354.0,27.004,21.43
90520,453,S1,357.0,26.883,21.43
90521,453,S1,360.0,26.785,21.43
90522,453,S1,363.0,26.748,21.43
90523,453,S1,366.0,26.631,21.43
90524,453,S1,369.0,26.559,21.43
90525,453,S1,372.0,26.478,21.43
90526,453,S1,375.0,26.253,21.43
90527,453,S1,378.0,26.219,21.43
90528,453,S1,381.0,26.143,21.43
90529,453,S1,384.0,26.094,21.43
90530,453,S1,387.0,25.875,21.43
90531,453,S1,390.0,26.052,21.43
90532,453,S1,393.0,25.839,21.43
90533,453,S1,396.0,25.710,21.43
90534,453,S1,399.0,25.594,21.43
90535,453,S1,402.0,25.610,21.43
90536,453,S1,405.0,25.508,21.43
90537,453,S1,408.0,25.379,21.43
90538,453,S1,411.0,25.266,21.43
90539,453,S1,414.0,25.173,21.43
90540,453,S1,417.0,25.179,21.43
90541,453,S1,420.0,25.135,21.43
90542,453,S1,423.0,25.079,21.43
90543,453,S1,426.0,24.945,21.43
90544,453,S1,429.0,24.884,21.43
90545,453,S1,432.0,24.847,21.43
90546,453,S1,435.0,24.830,21.43
90547,453,S1,438.0,24.664,21.43
90548,453,S1,441.0,24.627,21.43
90549,453,S1,444.0,24.736,21.43
90550,453,S1,447.0,24.585,21.43
90551,453,S1,450.0,24.491,21.43
90552,453,S1,453.0,24.391,21.43
90553,453,S1,456.0,24.272,21.43
90554,453,S1,459.0,24.268,21.43
90555,453,S1,462.0,24.270,21.43
90556,453,S1,465.0,24.207,21.43
90557,453,S1,468.0,24.112,21.43
90558,453,S1,471.0,24.100,21.43
90559,453,S1,474.0,23.983,21.43
90560,453,S1,477.0,23.945,21.43
90561,453,S1,480.0,23.941,21.43
90562,453,S1,483.0,23.857,21.43
90563,453,S1,486.0,23.846,21.43
90564,453,S1,489.0,23.740,21.43
90565,453,S1,492.0,23.769,21.43
90566,453,S1,495.0,23.688,21.43
90567,453,S1,498.0,23.708,21.43
90568,453,S1,501.0,23.683,21.43
90569,453,S1,504.0,23.597,21.43
90570,453,S1,507.0,23.510,21.43
90571,453,S1,510.0,23.556,21.43
90572,453,S1,513.0,23.404,21.43
90573,453,S1,516.0,23.399,21.43
90574,453,S1,519.0,23.360,21.43
90575,453,S1,522.0,23.409,21.43
90576,453,S1,525.0,23.309,21.43
90577,453,S1,528.0,23.214,21.43
90578,453,S1,531.0,23.131,21.43
90579,453,S1,534.0,23.187,21.43
90580,453,S1,537.0,23.170,21.43
90581,453,S1,540.0,23.156,21.43
90582,453,S1,543.0,23.067,21.43
90583,453,S1,546.0,22.978,21.43
90584,453,S1,549.0,23.088,21.43
90585,453,S1,552.0,23.010,21.43
90586,453,S1,555.0,23.019,21.43
90587,453,S1,558.0,22.965,21.43
90588,453,S1,561.0,22.971,21.43
90589,453,S1,564.0,22.993,21.43
90590,453,S1,567.0,22.864,21.43
90591,453,S1,570.0,22.826,21.43
90592,453,S1,573.0,22.727,21.43
90593,453,S1,576.0,22.718,21.43
90594,453,S1,579.0,22.670,21.43
90595,453,S1,582.0,22.690,21.43
90596,453,S1,585.0,22.670,21.43
90597,453,S1,588.0,22.711,21.43
90598,453,S1,591.0,22.687,21.43
90599,453,S1,594.0,22.619,21.43
90600,453,S1,597.0,22.528,21.43
90601,454,S2,0.0,90.069,22.99
90602,454,S2,3.0,88.991,22.99
90603,454,S2,6.0,87.826,22.99
90604,454,S2,9.0,86.678,22.99
90605,454,S2,12.0,85.567,22.99
90606,454,S2,15.0,84.469,22.99
90607,454,S2,18.0,83.429,22.99
90608,454,S2,21.0,82.377,22.99
90609,454,S2,24.0,81.405,22.99
90610,454,S2,27.0,80.336,22.99
90611,454,S2,30.0,79.352,22.99
90612,454,S2,33.0,78.327,22.99
90613,454,S2,36.0,77.371,22.99
90614,454,S2,39.0,76.542,22.99
90615,454,S2,42.0,75.538,22.99
90616,454,S2,45.0,74.630,22.99
90617,454,S2,48.0,73.785,22.99
90618,454,S2,51.0,72.940,22.99
90619,454,S2,54.0,72.039,22.99
90620,454,S2,57.0,71.076,22.99
90621,454,S2,60.0,70.316,22.99
90622,454,S2,63.0,69.523,22.99
90623,454,S2,66.0,68.768,22.99
90624,454,S2,69.0,67.925,22.99
90625,454,S2,72.0,67.155,22.99
90626,454,S2,75.0,66.310,22.99
90627,454,S2,78.0,65.593,22.99
90628,454,S2,81.0,64.987,22.99
90629,454,S2,84.0,64.090,22.99
90630,454,S2,87.0,63.451,22.99
90631,454,S2,90.0,62.669,22.99
90632,454,S2,93.0,62.071,22.99
90633,454,S2,96.0,61.387,22.99
90634,454,S2,99.0,60.687,22.99
90635,454,S2,102.0,60.036,22.99
90636,454,S2,105.0,59.372,22.99
90637,454,S2,108.0,58.803,22.99
90638,454,S2,111.0,58.124,22.99
90639,454,S2,114.0,57.519,22.99
90640,454,S2,117.0,56.919,22.99
90641,454,S2,120.0,56.337,22.99
90642,454,S2,123.0,55.703,22.99
90643,454,S2,126.0,55.173,22.99
90644,454,S2,129.0,54.623,22.99
90645,454,S2,132.0,54.094,22.99
90646,454,S2,135.0,53.539,22.99
90647,454,S2,138.0,53.156,22.99
90648,454,S2,141.0,52.578,22.99
90649,454,S2,144.0,51.927,22.99
90650,454,S2,147.0,51.518,22.99
90651,454,S2,150.0,51.060,22.99
90652,454,S2,153.0,50.548,22.99
90653,454,S2,156.0,50.093,22.99
90654,454,S2,159.0,49.597,22.99
90655,454,S2,162.0,49.011,22.99
90656,454,S2,165.0,48.673,22.99
90657,454,S2,168.0,48.126,22.99
90658,454,S2,171.0,47.668,22.99
90659,454,S2,174.0,47.332,22.99
90660,454,S2,177.0,46.856,22.99
90661,454,S2,180.0,46.429,22.99
90662,454,S2,183.0,46.043,22.99
90663,454,S2,186.0,45.688,22.99
90664,454,S2,189.0,45.232,22.99
90665,454,S2,192.0,44.925,22.99
90666,454,S2,195.0,44.706,22.99
90667,454,S2,198.0,44.137,22.99
90668,454,S2,201.0,43.737,22.99
90669,454,S2,204.0,43.392,22.99
90670,454,S2,207.0,43.087,22.99
90671,454,S2,210.0,42.749,22.99
90672,454,S2,213.0,42.318,22.99
90673,454,S2,216.0,42.091,22.99
90674,454,S2,219.0,41.735,22.99
90675,454,S2,222.0,41.396,22.99
90676,454,S2,225.0,41.079,22.99
90677,454,S2,228.0,40.861,22.99
90678,454,S2,231.0,40.487,22.99
90679,454,S2,234.0,40.205,22.99
90680,454,S2,237.0,39.906,22.99
90681,454,S2,240.0,39.555,22.99
90682,454,S2,243.0,39.235,22.99
90683,454,S2,246.0,38.993,22.99
90684,454,S2,249.0,38.719,22.99
90685,454,S2,252.0,38.422,22.99
90686,454,S2,255.0,38.187,22.99
90687,454,S2,258.0,37.984,22.99
90688,454,S2,261.0,37.720,22.99
90689,454,S2,264.0,37.331,22.99
90690,454,S2,267.0,37.173,22.99
90691,454,S2,270.0,36.969,22.99
90692,454,S2,273.0,36.572,22.99
90693,454,S2,276.0,36.374,22.99
90694,454,S2,279.0,36.105,22.99
90695,454,S2,282.0,35.813,22.99
90696,454,S2,285.0,35.768,22.99
90697,454,S2,288.0,35.516,22.99
90698,454,S2,291.0,35.296,22.99
90699,454,S2,294.0,35.002,22.99
90700,454,S2,297.0,34.869,22.99
90701,454,S2,300.0,34.712,22.99
90702,454,S2,303.0,34.422,22.99
90703,454,S2,306.0,34.397,22.99
90704,454,S2,309.0,34.067,22.99
90705,454,S2,312.0,33.867,22.99
90706,454,S2,315.0,33.649,22.99
90707,454,S2,318.0,33.544,22.99
90708,454,S2,321.0,33.348,22.99
90709,454,S2,324.0,33.093,22.99
90710,454,S2,327.0,33.035,22.99
90711,454,S2,330.0,32.729,22.99
90712,454,S2,333.0,32.656,22.99
90713,454,S2,336.0,32.387,22.99
90714,454,S2,339.0,32.240,22.99
90715,454,S2,342.0,32.095,22.99
90716,454,S2,345.0,31.944,22.99
90717,454,S2,348.0,31.862,22.99
90718,454,S2,351.0,31.609,22.99
90719,454,S2,354.0,31.442,22.99
90720,454,S2,357.0,31.451,22.99
90721,454,S2,360.0,31.223,22.99
90722,454,S2,363.0,31.147,22.99
90723,454,S2,366.0,30.921,22.99
90724,454,S2,369.0,30.841,22.99
90725,454,S2,372.0,30.635,22.99
90726,454,S2,375.0,30.549,22.99
90727,454,S2,378.0,30.384,22.99
90728,454,S2,381.0,30.299,22.99
90729,454,S2,384.0,30.229,22.99
90730,454,S2,387.0,30.045,22.99
90731,454,S2,390.0,29.939,22.99
90732,454,S2,393.0,29.835,22.99
90733,454,S2,396.0,29.660,22.99
90734,454,S2,399.0,29.581,22.99
90735,454,S2,402.0,29.323,22.99
90736,454,S2,405.0,29.244,22.99
90737,454,S2,408.0,29.284,22.99
90738,454,S2,411.0,29.157,22.99
90739,454,S2,414.0,28.990,22.99
90740,454,S2,417.0,28.917,22.99
90741,454,S2,420.0,28.737,22.99
90742,454,S2,423.0,28.711,22.99
90743,454,S2,426.0,28.608,22.99
90744,454,S2,429.0,28.524,22.99
90745,454,S2,432.0,28.471,22.99
90746,454,S2,435.0,28.371,22.99
90747,454,S2,438.0,28.288,22.99
90748,454,S2,441.0,28.192,22.99
90749,454,S2,444.0,28.112,22.99
90750,454,S2,447.0,27.890,22.99
90751,454,S2,450.0,27.890,22.99
90752,454,S2,453.0,27.913,22.99
90753,454,S2,456.0,27.696,22.99
90754,454,S2,459.0,27.694,22.99
90755,454,S2,462.0,27.520,22.99
90756,454,S2,465.0,27.384,22.99
90757,454,S2,468.0,27.371,22.99
90758,454,S2,471.0,27.302,22.99
90759,454,S2,474.0,27.240,22.99
90760,454,S2,477.0,27.201,22.99
90761,454,S2,480.0,27.079,22.99
90762,454,S2,483.0,27.104,22.99
90763,454,S2,486.0,26.954,22.99
90764,454,S2,489.0,27.040,22.99
90765,454,S2,492.0,26.838,22.99
90766,454,S2,495.0,26.749,22.99
90767,454,S2,498.0,26.684,22.99
90768,454,S2,501.0,26.652,22.99
90769,454,S2,504.0,26.493,22.99
90770,454,S2,507.0,26.547,22.99
90771,454,S2,510.0,26.352,22.99
90772,454,S2,513.0,26.355,22.99
90773,454,S2,516.0,26.242,22.99
90774,454,S2,519.0,26.204,22.99
90775,454,S2,522.0,26.265,22.99
90776,454,S2,525.0,26.117,22.99
90777,454,S2,528.0,26.125,22.99
90778,454,S2,531.0,26.034,22.99
90779,454,S2,534.0,26.012,22.99
90780,454,S2,537.0,25.974,22.99
90781,454,S2,540.0,25.889,22.99
90782,454,S2,543.0,25.819,22.99
90783,454,S2,546.0,25.801,22.99
90784,454,S2,549.0,25.733,22.99
90785,454,S2,552.0,25.711,22.99
90786,454,S2,555.0,25.548,22.99
90787,454,S2,558.0,25.545,22.99
90788,454,S2,561.0,25.448,22.99
90789,454,S2,564.0,25.467,22.99
90790,454,S2,567.0,25.420,22.99
90791,454,S2,570.0,25.344,22.99
90792,454,S2,573.0,25.302,22.99
90793,454,S2,576.0,25.275,22.99
90794,454,S2,579.0,25.302,22.99
90795,454,S2,582.0,25.235,22.99
90796,454,S2,585.0,25.231,22.99
90797,454,S2,588.0,25.152,22.99
90798,454,S2,591.0,25.149,22.99
90799,454,S2,594.0,25.099,22.99
90800,454,S2,597.0,24.949,22.99
90801,455,S3,0.0,71.099,21.09
90802,455,S3,3.0,69.541,21.09
90803,455,S3,6.0,67.986,21.09
90804,455,S3,9.0,66.627,21.09
90805,455,S3,12.0,65.210,21.09
90806,455,S3,15.0,63.810,21.09
90807,455,S3,18.0,62.411,21.09
90808,455,S3,21.0,61.066,21.09
90809,455,S3,24.0,59.998,21.09
90810,455,S3,27.0,58.816,21.09
90811,455,S3,30.0,57.501,21.09
90812,455,S3,33.0,56.439,21.09
90813,455,S3,36.0,55.281,21.09
90814,455,S3,39.0,54.204,21.09
90815,455,S3,42.0,53.113,21.09
90816,455,S3,45.0,52.247,21.09
90817,455,S3,48.0,51.240,21.09
90818,455,S3,51.0,50.343,21.09
90819,455,S3,54.0,49.390,21.09
90820,455,S3,57.0,48.483,21.09
90821,455,S3,60.0,47.759,21.09
90822,455,S3,63.0,46.890,21.09
90823,455,S3,66.0,45.975,21.09
90824,455,S3,69.0,45.229,21.09
90825,455,S3,72.0,44.596,21.09
90826,455,S3,75.0,43.803,21.09
90827,455,S3,78.0,43.126,21.09
90828,455,S3,81.0,42.436,21.09
90829,455,S3,84.0,41.738,21.09
90830,455,S3,87.0,41.088,21.09
90831,455,S3,90.0,40.489,21.09
90832,455,S3,93.0,39.897,21.09
90833,455,S3,96.0,39.301,21.09
90834,455,S3,99.0,38.742,21.09
90835,455,S3,102.0,38.111,21.09
90836,455,S3,105.0,37.645,21.09
90837,455,S3,108.0,37.136,21.09
90838,455,S3,111.0,36.625,21.09
90839,455,S3,114.0,36.195,21.09
90840,455,S3,117.0,35.657,21.09
90841,455,S3,120.0,35.348,21.09
90842,455,S3,123.0,34.722,21.09
90843,455,S3,126.0,34.429,21.09
90844,455,S3,129.0,33.911,21.09
90845,455,S3,132.0,33.485,21.09
90846,455,S3,135.0,33.165,21.09
90847,455,S3,138.0,32.791,21.09
90848,455,S3,141.0,32.387,21.09
90849,455,S3,144.0,32.066,21.09
90850,455,S3,147.0,31.647,21.09
90851,455,S3,150.0,31.422,21.09
90852,455,S3,153.0,31.201,21.09
90853,455,S3,156.0,30.784,21.09
90854,455,S3,159.0,30.483,21.09
90855,455,S3,162.0,30.193,21.09
90856,455,S3,165.0,29.928,21.09
90857,455,S3,168.0,29.629,21.09
90858,455,S3,171.0,29.291,21.09
90859,455,S3,174.0,29.082,21.09
90860,455,S3,177.0,28.815,21.09
90861,455,S3,180.0,28.578,21.09
90862,455,S3,183.0,28.349,21.09
90863,455,S3,186.0,28.109,21.09
90864,455,S3,189.0,27.806,21.09
90865,455,S3,192.0,27.647,21.09
90866,455,S3,195.0,27.540,21.09
90867,455,S3,198.0,27.284,21.09
90868,455,S3,201.0,27.015,21.09
90869,455,S3,204.0,26.983,21.09
90870,455,S3,207.0,26.768,21.09
90871,455,S3,210.0,26.538,21.09
90872,455,S3,213.0,26.416,21.09
90873,455,S3,216.0,26.206,21.09
90874,455,S3,219.0,26.178,21.09
90875,455,S3,222.0,25.943,21.09
90876,455,S3,225.0,25.754,21.09
90877,455,S3,228.0,25.632,21.09
90878,455,S3,231.0,25.488,21.09
90879,455,S3,234.0,25.353,21.09
90880,455,S3,237.0,25.173,21.09
90881,455,S3,240.0,25.142,21.09
90882,455,S3,243.0,24.880,21.09
90883,455,S3,246.0,24.849,21.09
90884,455,S3,249.0,24.694,21.09
90885,455,S3,252.0,24.614,21.09
90886,455,S3,255.0,24.529,21.09
90887,455,S3,258.0,24.366,21.09
90888,455,S3,261.0,24.304,21.09
90889,455,S3,264.0,24.086,21.09
90890,455,S3,267.0,24.087,21.09
90891,455,S3,270.0,24.041,21.09
90892,455,S3,273.0,23.969,21.09
90893,455,S3,276.0,23.856,21.09
90894,455,S3,279.0,23.773,21.09
90895,455,S3,282.0,23.559,21.09
90896,455,S3,285.0,23.526,21.09
90897,455,S3,288.0,23.425,21.09
90898,455,S3,291.0,23.409,21.09
90899,455,S3,294.0,23.253,21.09
90900,455,S3,297.0,23.251,21.09
90901,455,S3,300.0,23.093,21.09
90902,455,S3,303.0,23.144,21.09
90903,455,S3,306.0,23.126,21.09
90904,455,S3,309.0,23.152,21.09
90905,455,S3,312.0,23.015,21.09
90906,455,S3,315.0,22.831,21.09
90907,455,S3,318.0,22.815,21.09
90908,455,S3,321.0,22.795,21.09
90909,455,S3,324.0,22.703,21.09
90910,455,S3,327.0,22.700,21.09
90911,455,S3,330.0,22.623,21.09
90912,455,S3,333.0,22.579,21.09
90913,455,S3,336.0,22.498,21.09
90914,455,S3,339.0,22.453,21.09
90915,455,S3,342.0,22.561,21.09
90916,455,S3,345.0,22.489,21.09
90917,455,S3,348.0,22.356,21.09
90918,455,S3,351.0,22.247,21.09
90919,455,S3,354.0,22.385,21.09
90920,455,S3,357.0,22.258,21.09
90921,455,S3,360.0,22.230,21.09
90922,455,S3,363.0,22.213,21.09
90923,455,S3,366.0,22.094,21.09
90924,455,S3,369.0,22.065,21.09
90925,455,S3,372.0,22.058,21.09
90926,455,S3,375.0,22.053,21.09
90927,455,S3,378.0,22.092,21.09
90928,455,S3,381.0,21.910,21.09
90929,455,S3,384.0,21.961,21.09
90930,455,S3,387.0,21.889,21.09
90931,455,S3,390.0,21.931,21.09
90932,455,S3,393.0,21.868,21.09
90933,455,S3,396.0,21.809,21.09
90934,455,S3,399.0,21.794,21.09
90935,455,S3,402.0,21.747,21.09
90936,455,S3,405.0,21.769,21.09
90937,455,S3,408.0,21.755,21.09
90938,455,S3,411.0,21.735,21.09
90939,455,S3,414.0,21.743,21.09
90940,455,S3,417.0,21.738,21.09
90941,455,S3,420.0,21.732,21.09
90942,455,S3,423.0,21.751,21.09
90943,455,S3,426.0,21.645,21.09
90944,455,S3,429.0,21.714,21.09
90945,455,S3,432.0,21.668,21.09
90946,455,S3,435.0,21.755,21.09
90947,455,S3,438.0,21.631,21.09
90948,455,S3,441.0,21.553,21.09
90949,455,S3,444.0,21.575,21.09
90950,455,S3,447.0,21.544,21.09
90951,455,S3,450.0,21.540,21.09
90952,455,S3,453.0,21.605,21.09
90953,455,S3,456.0,21.509,21.09
90954,455,S3,459.0,21.418,21.09
90955,455,S3,462.0,21.364,21.09
90956,455,S3,465.0,21.638,21.09
90957,455,S3,468.0,21.474,21.09
90958,455,S3,471.0,21.452,21.09
90959,455,S3,474.0,21.422,21.09
90960,455,S3,477.0,21.402,21.09
90961,455,S3,480.0,21.394,21.09
90962,455,S3,483.0,21.390,21.09
90963,455,S3,486.0,21.371,21.09
90964,455,S3,489.0,21.375,21.09
90965,455,S3,492.0,21.462,21.09
90966,455,S3,495.0,21.366,21.09
90967,455,S3,498.0,21.343,21.09
90968,455,S3,501.0,21.222,21.09
90969,455,S3,504.0,21.342,21.09
90970,455,S3,507.0,21.178,21.09
90971,455,S3,510.0,21.248,21.09
90972,455,S3,513.0,21.306,21.09
90973,455,S3,516.0,21.327,21.09
90974,455,S3,519.0,21.227,21.09
90975,455,S3,522.0,21.244,21.09
90976,455,S3,525.0,21.308,21.09
90977,455,S3,528.0,21.266,21.09
90978,455,S3,531.0,21.367,21.09
90979,455,S3,534.0,21.304,21.09
90980,455,S3,537.0,21.257,21.09
90981,455,S3,540.0,21.179,21.09
90982,455,S3,543.0,21.230,21.09
90983,455,S3,546.0,21.270,21.09
90984,455,S3,549.0,21.268,21.09
90985,455,S3,552.0,21.163,21.09
90986,455,S3,555.0,21.280,21.09
90987,455,S3,558.0,21.292,21.09
90988,455,S3,561.0,21.194,21.09
90989,455,S3,564.0,21.229,21.09
90990,455,S3,567.0,21.243,21.09
90991,455,S3,570.0,21.162,21.09
90992,455,S3,573.0,21.174,21.09
90993,455,S3,576.0,21.255,21.09
90994,455,S3,579.0,21.167,21.09
90995,455,S3,582.0,21.208,21.09
90996,455,S3,585.0,21.167,21.09
90997,455,S3,588.0,21.204,21.09
90998,455,S3,591.0,21.250,21.09
90999,455,S3,594.0,21.212,21.09
91000,455,S3,597.0,21.237,21.09
91001,456,S4,0.0,77.601,22.49
91002,456,S4,3.0,76.574,22.49
91003,456,S4,6.0,75.546,22.49
91004,456,S4,9.0,74.643,22.49
91005,456,S4,12.0,73.709,22.49
91006,456,S4,15.0,72.828,22.49
91007,456,S4,18.0,71.922,22.49
91008,456,S4,21.0,71.041,22.49
91009,456,S4,24.0,70.096,22.49
91010,456,S4,27.0,69.145,22.49
91011,456,S4,30.0,68.524,22.49
91012,456,S4,33.0,67.545,22.49
91013,456,S4,36.0,66.675,22.49
91014,456,S4,39.0,65.877,22.49
91015,456,S4,42.0,65.164,22.49
91016,456,S4,45.0,64.423,22.49
91017,456,S4,48.0,63.738,22.49
91018,456,S4,51.0,62.896,22.49
91019,456,S4,54.0,62.195,22.49
91020,456,S4,57.0,61.462,22.49
91021,456,S4,60.0,60.788,22.49
91022,456,S4,63.0,60.074,22.49
91023,456,S4,66.0,59.375,22.49
91024,456,S4,69.0,58.701,22.49
91025,456,S4,72.0,57.981,22.49
91026,456,S4,75.0,57.384,22.49
91027,456,S4,78.0,56.878,22.49
91028,456,S4,81.0,56.223,22.49
91029,456,S4,84.0,55.616,22.49
91030,456,S4,87.0,55.029,22.49
91031,456,S4,90.0,54.435,22.49
91032,456,S4,93.0,53.856,22.49
91033,456,S4,96.0,53.320,22.49
91034,456,S4,99.0,52.727,22.49
91035,456,S4,102.0,52.211,22.49
91036,456,S4,105.0,51.574,22.49
91037,456,S4,108.0,51.111,22.49
91038,456,S4,111.0,50.511,22.49
91039,456,S4,114.0,50.094,22.49
91040,456,S4,117.0,49.548,22.49
91041,456,S4,120.0,49.104,22.49
91042,456,S4,123.0,48.514,22.49
91043,456,S4,126.0,48.140,22.49
91044,456,S4,129.0,47.695,22.49
91045,456,S4,132.0,47.176,22.49
91046,456,S4,135.0,46.841,22.49
91047,456,S4,138.0,46.454,22.49
91048,456,S4,141.0,45.852,22.49
91049,456,S4,144.0,45.547,22.49
91050,456,S4,147.0,45.116,22.49
91051,456,S4,150.0,44.624,22.49
91052,456,S4,153.0,44.254,22.49
91053,456,S4,156.0,43.912,22.49
91054,456,S4,159.0,43.555,22.49
91055,456,S4,162.0,43.080,22.49
91056,456,S4,165.0,42.663,22.49
91057,456,S4,168.0,42.487,22.49
91058,456,S4,171.0,42.033,22.49
91059,456,S4,174.0,41.673,22.49
91060,456,S4,177.0,41.217,22.49
91061,456,S4,180.0,40.890,22.49
91062,456,S4,183.0,40.650,22.49
91063,456,S4,186.0,40.285,22.49
91064,456,S4,189.0,40.022,22.49
91065,456,S4,192.0,39.647,22.49
91066,456,S4,195.0,39.438,22.49
91067,456,S4,198.0,39.123,22.49
91068,456,S4,201.0,38.802,22.49
91069,456,S4,204.0,38.406,22.49
91070,456,S4,207.0,38.137,22.49
91071,456,S4,210.0,37.814,22.49
91072,456,S4,213.0,37.632,22.49
91073,456,S4,216.0,37.362,22.49
91074,456,S4,219.0,37.007,22.49
91075,456,S4,222.0,36.856,22.49
91076,456,S4,225.0,36.507,22.49
91077,456,S4,228.0,36.257,22.49
91078,456,S4,231.0,35.961,22.49
91079,456,S4,234.0,35.807,22.49
91080,456,S4,237.0,35.628,22.49
91081,456,S4,240.0,35.393,22.49
91082,456,S4,243.0,35.079,22.49
91083,456,S4,246.0,34.791,22.49
91084,456,S4,249.0,34.669,22.49
91085,456,S4,252.0,34.477,22.49
91086,456,S4,255.0,34.181,22.49
91087,456,S4,258.0,34.049,22.49
91088,456,S4,261.0,33.754,22.49
91089,456,S4,264.0,33.621,22.49
91090,456,S4,267.0,33.396,22.49
91091,456,S4,270.0,33.194,22.49
91092,456,S4,273.0,33.028,22.49
91093,456,S4,276.0,32.834,22.49
91094,456,S4,279.0,32.531,22.49
91095,456,S4,282.0,32.469,22.49
91096,456,S4,285.0,32.246,22.49
91097,456,S4,288.0,32.129,22.49
91098,456,S4,291.0,31.896,22.49
91099,456,S4,294.0,31.844,22.49
91100,456,S4,297.0,31.582,22.49
91101,456,S4,300.0,31.519,22.49
91102,456,S4,303.0,31.249,22.49
91103,456,S4,306.0,31.107,22.49
91104,456,S4,309.0,30.872,22.49
91105,456,S4,312.0,30.681,22.49
91106,456,S4,315.0,30.625,22.49
91107,456,S4,318.0,30.414,22.49
91108,456,S4,321.0,30.273,22.49
91109,456,S4,324.0,30.152,22.49
91110,456,S4,327.0,29.962,22.49
91111,456,S4,330.0,29.900,22.49
91112,456,S4,333.0,29.816,22.49
91113,456,S4,336.0,29.629,22.49
91114,456,S4,339.0,29.597,22.49
91115,456,S4,342.0,29.423,22.49
91116,456,S4,345.0,29.332,22.49
91117,456,S4,348.0,29.115,22.49
91118,456,S4,351.0,29.077,22.49
91119,456,S4,354.0,28.915,22.49
91120,456,S4,357.0,28.828,22.49
91121,456,S4,360.0,28.751,22.49
91122,456,S4,363.0,28.583,22.49
91123,456,S4,366.0,28.422,22.49
91124,456,S4,369.0,28.398,22.49
91125,456,S4,372.0,28.194,22.49
91126,456,S4,375.0,28.131,22.49
91127,456,S4,378.0,28.016,22.49
91128,456,S4,381.0,27.868,22.49
91129,456,S4,384.0,27.835,22.49
91130,456,S4,387.0,27.812,22.49
91131,456,S4,390.0,27.728,22.49
91132,456,S4,393.0,27.605,22.49
91133,456,S4,396.0,27.441,22.49
91134,456,S4,399.0,27.404,22.49
91135,456,S4,402.0,27.306,22.49
91136,456,S4,405.0,27.168,22.49
91137,456,S4,408.0,27.085,22.49
91138,456,S4,411.0,26.946,22.49
91139,456,S4,414.0,26.927,22.49
91140,456,S4,417.0,26.866,22.49
91141,456,S4,420.0,26.828,22.49
91142,456,S4,423.0,26.764,22.49
91143,456,S4,426.0,26.670,22.49
91144,456,S4,429.0,26.641,22.49
91145,456,S4,432.0,26.400,22.49
91146,456,S4,435.0,26.418,22.49
91147,456,S4,438.0,26.345,22.49
91148,456,S4,441.0,26.260,22.49
91149,456,S4,444.0,26.302,22.49
91150,456,S4,447.0,26.238,22.49
91151,456,S4,450.0,26.100,22.49
91152,456,S4,453.0,26.045,22.49
91153,456,S4,456.0,26.045,22.49
91154,456,S4,459.0,25.930,22.49
91155,456,S4,462.0,25.826,22.49
91156,456,S4,465.0,25.730,22.49
91157,456,S4,468.0,25.695,22.49
91158,456,S4,471.0,25.689,22.49
91159,456,S4,474.0,25.614,22.49
91160,456,S4,477.0,25.551,22.49
91161,456,S4,480.0,25.398,22.49
91162,456,S4,483.0,25.394,22.49
91163,456,S4,486.0,25.395,22.49
91164,456,S4,489.0,25.418,22.49
91165,456,S4,492.0,25.267,22.49
91166,456,S4,495.0,25.204,22.49
91167,456,S4,498.0,25.228,22.49
91168,456,S4,501.0,25.147,22.49
91169,456,S4,504.0,25.212,22.49
91170,456,S4,507.0,25.026,22.49
91171,456,S4,510.0,25.008,22.49
91172,456,S4,513.0,24.837,22.49
91173,456,S4,516.0,24.834,22.49
91174,456,S4,519.0,24.863,22.49
91175,456,S4,522.0,24.824,22.49
91176,456,S4,525.0,24.742,22.49
91177,456,S4,528.0,24.649,22.49
91178,456,S4,531.0,24.677,22.49
91179,456,S4,534.0,24.605,22.49
91180,456,S4,537.0,24.610,22.49
91181,456,S4,540.0,24.585,22.49
91182,456,S4,543.0,24.598,22.49
91183,456,S4,546.0,24.458,22.49
91184,456,S4,549.0,24.481,22.49
91185,456,S4,552.0,24.523,22.49
91186,456,S4,555.0,24.376,22.49
91187,456,S4,558.0,24.360,22.49
91188,456,S4,561.0,24.325,22.49
91189,456,S4,564.0,24.374,22.49
91190,456,S4,567.0,24.246,22.49
91191,456,S4,570.0,24.254,22.49
91192,456,S4,573.0,24.142,22.49
91193,456,S4,576.0,24.178,22.49
91194,456,S4,579.0,24.132,22.49
91195,456,S4,582.0,24.143,22.49
91196,456,S4,585.0,24.039,22.49
91197,456,S4,588.0,24.076,22.49
91198,456,S4,591.0,24.017,22.49
91199,456,S4,594.0,23.965,22.49
91200,456,S4,597.0,23.920,22.49
91201,457,S1,0.0,78.053,21.72
91202,457,S1,3.0,76.328,21.72
91203,457,S1,6.0,74.836,21.72
91204,457,S1,9.0,73.393,21.72
91205,457,S1,12.0,71.856,21.72
91206,457,S1,15.0,70.510,21.72
91207,457,S1,18.0,69.146,21.72
91208,457,S1,21.0,67.734,21.72
91209,457,S1,24.0,66.387,21.72
91210,457,S1,27.0,65.231,21.72
91211,457,S1,30.0,63.881,21.72
91212,457,S1,33.0,62.728,21.72
91213,457,S1,36.0,61.552,21.72
91214,457,S1,39.0,60.379,21.72
91215,457,S1,42.0,59.406,21.72
91216,457,S1,45.0,58.321,21.72
91217,457,S1,48.0,57.120,21.72
91218,457,S1,51.0,56.323,21.72
91219,457,S1,54.0,55.196,21.72
91220,457,S1,57.0,54.254,21.72
91221,457,S1,60.0,53.381,21.72
91222,457,S1,63.0,52.449,21.72
91223,457,S1,66.0,51.629,21.72
91224,457,S1,69.0,50.755,21.72
91225,457,S1,72.0,49.933,21.72
91226,457,S1,75.0,49.164,21.72
91227,457,S1,78.0,48.387,21.72
91228,457,S1,81.0,47.667,21.72
91229,457,S1,84.0,46.900,21.72
91230,457,S1,87.0,46.140,21.72
91231,457,S1,90.0,45.451,21.72
91232,457,S1,93.0,44.795,21.72
91233,457,S1,96.0,44.159,21.72
91234,457,S1,99.0,43.614,21.72
91235,457,S1,102.0,42.829,21.72
91236,457,S1,105.0,42.229,21.72
91237,457,S1,108.0,41.679,21.72
91238,457,S1,111.0,41.095,21.72
91239,457,S1,114.0,40.546,21.72
91240,457,S1,117.0,40.089,21.72
91241,457,S1,120.0,39.478,21.72
91242,457,S1,123.0,39.171,21.72
91243,457,S1,126.0,38.484,21.72
91244,457,S1,129.0,38.080,21.72
91245,457,S1,132.0,37.560,21.72
91246,457,S1,135.0,37.138,21.72
91247,457,S1,138.0,36.722,21.72
91248,457,S1,141.0,36.213,21.72
91249,457,S1,144.0,35.811,21.72
91250,457,S1,147.0,35.424,21.72
91251,457,S1,150.0,35.071,21.72
91252,457,S1,153.0,34.807,21.72
91253,457,S1,156.0,34.287,21.72
91254,457,S1,159.0,34.033,21.72
91255,457,S1,162.0,33.595,21.72
91256,457,S1,165.0,33.305,21.72
91257,457,S1,168.0,32.922,21.72
91258,457,S1,171.0,32.617,21.72
91259,457,S1,174.0,32.323,21.72
91260,457,S1,177.0,31.925,21.72
91261,457,S1,180.0,31.792,21.72
91262,457,S1,183.0,31.445,21.72
91263,457,S1,186.0,31.198,21.72
91264,457,S1,189.0,30.889,21.72
91265,457,S1,192.0,30.623,21.72
91266,457,S1,195.0,30.412,21.72
91267,457,S1,198.0,30.051,21.72
91268,457,S1,201.0,29.867,21.72
91269,457,S1,204.0,29.751,21.72
91270,457,S1,207.0,29.420,21.72
91271,457,S1,210.0,29.266,21.72
91272,457,S1,213.0,29.081,21.72
91273,457,S1,216.0,28.733,21.72
91274,457,S1,219.0,28.671,21.72
91275,457,S1,222.0,28.404,21.72
91276,457,S1,225.0,28.213,21.72
91277,457,S1,228.0,28.086,21.72
91278,457,S1,231.0,27.750,21.72
91279,457,S1,234.0,27.658,21.72
91280,457,S1,237.0,27.513,21.72
91281,457,S1,240.0,27.353,21.72
91282,457,S1,243.0,27.248,21.72
91283,457,S1,246.0,26.969,21.72
91284,457,S1,249.0,26.915,21.72
91285,457,S1,252.0,26.691,21.72
91286,457,S1,255.0,26.550,21.72
91287,457,S1,258.0,26.493,21.72
91288,457,S1,261.0,26.332,21.72
91289,457,S1,264.0,26.178,21.72
91290,457,S1,267.0,26.049,21.72
91291,457,S1,270.0,25.897,21.72
91292,457,S1,273.0,25.837,21.72
91293,457,S1,276.0,25.675,21.72
91294,457,S1,279.0,25.688,21.72
91295,457,S1,282.0,25.481,21.72
91296,457,S1,285.0,25.365,21.72
91297,457,S1,288.0,25.246,21.72
91298,457,S1,291.0,25.177,21.72
91299,457,S1,294.0,25.125,21.72
91300,457,S1,297.0,24.972,21.72
91301,457,S1,300.0,24.861,21.72
91302,457,S1,303.0,24.734,21.72
91303,457,S1,306.0,24.730,21.72
91304,457,S1,309.0,24.576,21.72
91305,457,S1,312.0,24.620,21.72
91306,457,S1,315.0,24.484,21.72
91307,457,S1,318.0,24.247,21.72
91308,457,S1,321.0,24.291,21.72
91309,457,S1,324.0,24.252,21.72
91310,457,S1,327.0,24.034,21.72
91311,457,S1,330.0,24.135,21.72
91312,457,S1,333.0,24.046,21.72
91313,457,S1,336.0,23.998,21.72
91314,457,S1,339.0,23.920,21.72
91315,457,S1,342.0,23.851,21.72
91316,457,S1,345.0,23.768,21.72
91317,457,S1,348.0,23.677,21.72
91318,457,S1,351.0,23.695,21.72
91319,457,S1,354.0,23.631,21.72
91320,457,S1,357.0,23.559,21.72
91321,457,S1,360.0,23.458,21.72
91322,457,S1,363.0,23.410,21.72
91323,457,S1,366.0,23.431,21.72
91324,457,S1,369.0,23.245,21.72
91325,457,S1,372.0,23.345,21.72
91326,457,S1,375.0,23.206,21.72
91327,457,S1,378.0,23.253,21.72
91328,457,S1,381.0,23.128,21.72
91329,457,S1,384.0,23.053,21.72
91330,457,S1,387.0,23.070,21.72
91331,457,S1,390.0,23.077,21.72
91332,457,S1,393.0,23.002,21.72
91333,457,S1,396.0,22.969,21.72
91334,457,S1,399.0,22.865,21.72
91335,457,S1,402.0,22.858,21.72
91336,457,S1,405.0,22.881,21.72
91337,457,S1,408.0,22.844,21.72
91338,457,S1,411.0,22.808,21.72
91339,457,S1,414.0,22.833,21.72
91340,457,S1,417.0,22.749,21.72
91341,457,S1,420.0,22.665,21.72
91342,457,S1,423.0,22.753,21.72
91343,457,S1,426.0,22.665,21.72
91344,457,S1,429.0,22.700,21.72
91345,457,S1,432.0,22.588,21.72
91346,457,S1,435.0,22.546,21.72
91347,457,S1,438.0,22.512,21.72
91348,457,S1,441.0,22.554,21.72
91349,457,S1,444.0,22.556,21.72
91350,457,S1,447.0,22.455,21.72
91351,457,S1,450.0,22.501,21.72
91352,457,S1,453.0,22.437,21.72
91353,457,S1,456.0,22.425,21.72
91354,457,S1,459.0,22.328,21.72
91355,457,S1,462.0,22.376,21.72
91356,457,S1,465.0,22.471,21.72
91357,457,S1,468.0,22.322,21.72
91358,457,S1,471.0,22.332,21.72
91359,457,S1,474.0,22.293,21.72
91360,457,S1,477.0,22.263,21.72
91361,457,S1,480.0,22.242,21.72
91362,457,S1,483.0,22.253,21.72
91363,457,S1,486.0,22.184,21.72
91364,457,S1,489.0,22.139,21.72
91365,457,S1,492.0,22.269,21.72
91366,457,S1,495.0,22.201,21.72
91367,457,S1,498.0,22.152,21.72
91368,457,S1,501.0,22.194,21.72
91369,457,S1,504.0,22.231,21.72
91370,457,S1,507.0,22.047,21.72
91371,457,S1,510.0,22.223,21.72
91372,457,S1,513.0,22.097,21.72
91373,457,S1,516.0,22.139,21.72
91374,457,S1,519.0,22.179,21.72
91375,457,S1,522.0,22.082,21.72
91376,457,S1,525.0,22.141,21.72
91377,457,S1,528.0,22.138,21.72
91378,457,S1,531.0,22.067,21.72
91379,457,S1,534.0,21.986,21.72
91380,457,S1,537.0,22.043,21.72
91381,457,S1,540.0,22.030,21.72
91382,457,S1,543.0,22.033,21.72
91383,457,S1,546.0,22.036,21.72
91384,457,S1,549.0,22.026,21.72
91385,457,S1,552.0,22.001,21.72
91386,457,S1,555.0,21.995,21.72
91387,457,S1,558.0,21.987,21.72
91388,457,S1,561.0,21.926,21.72
91389,457,S1,564.0,21.954,21.72
91390,457,S1,567.0,21.946,21.72
91391,457,S1,570.0,21.974,21.72
91392,457,S1,573.0,21.874,21.72
91393,457,S1,576.0,21.960,21.72
91394,457,S1,579.0,21.980,21.72
91395,457,S1,582.0,21.853,21.72
91396,457,S1,585.0,21.898,21.72
91397,457,S1,588.0,22.026,21.72
91398,457,S1,591.0,22.033,21.72
91399,457,S1,594.0,21.943,21.72
91400,457,S1,597.0,21.933,21.72
91401,458,S2,0.0,85.770,21.23
91402,458,S2,3.0,84.166,21.23
91403,458,S2,6.0,82.237,21.23
91404,458,S2,9.0,80.609,21.23
91405,458,S2,12.0,78.994,21.23
91406,458,S2,15.0,77.296,21.23
91407,458,S2,18.0,75.725,21.23
91408,458,S2,21.0,74.158,21.23
91409,458,S2,24.0,72.694,21.23
91410,458,S2,27.0,71.236,21.23
91411,458,S2,30.0,69.925,21.23
91412,458,S2,33.0,68.512,21.23
91413,458,S2,36.0,67.142,21.23
91414,458,S2,39.0,65.953,21.23
91415,458,S2,42.0,64.623,21.23
91416,458,S2,45.0,63.363,21.23
91417,458,S2,48.0,62.093,21.23
91418,458,S2,51.0,61.051,21.23
91419,458,S2,54.0,60.016,21.23
91420,458,S2,57.0,58.805,21.23
91421,458,S2,60.0,57.892,21.23
91422,458,S2,63.0,56.757,21.23
91423,458,S2,66.0,55.754,21.23
91424,458,S2,69.0,54.850,21.23
91425,458,S2,72.0,53.886,21.23
91426,458,S2,75.0,53.018,21.23
91427,458,S2,78.0,51.968,21.23
91428,458,S2,81.0,51.261,21.23
91429,458,S2,84.0,50.295,21.23
91430,458,S2,87.0,49.524,21.23
91431,458,S2,90.0,48.715,21.23
91432,458,S2,93.0,47.931,21.23
91433,458,S2,96.0,47.198,21.23
91434,458,S2,99.0,46.417,21.23
91435,458,S2,102.0,45.828,21.23
91436,458,S2,105.0,45.072,21.23
91437,458,S2,108.0,44.467,21.23
91438,458,S2,111.0,43.896,21.23
91439,458,S2,114.0,43.189,21.23
91440,458,S2,117.0,42.441,21.23
91441,458,S2,120.0,41.974,21.23
91442,458,S2,123.0,41.401,21.23
91443,458,S2,126.0,40.765,21.23
91444,458,S2,129.0,40.240,21.23
91445,458,S2,132.0,39.721,21.23
91446,458,S2,135.0,39.130,21.23
91447,458,S2,138.0,38.703,21.23
91448,458,S2,141.0,38.193,21.23
91449,458,S2,144.0,37.694,21.23
91450,458,S2,147.0,37.300,21.23
91451,458,S2,150.0,36.865,21.23
91452,458,S2,153.0,36.433,21.23
91453,458,S2,156.0,35.920,21.23
91454,458,S2,159.0,35.606,21.23
91455,458,S2,162.0,35.047,21.23
91456,458,S2,165.0,34.717,21.23
91457,458,S2,168.0,34.291,21.23
91458,458,S2,171.0,34.028,21.23
91459,458,S2,174.0,33.645,21.23
91460,458,S2,177.0,33.333,21.23
91461,458,S2,180.0,32.931,21.23
91462,458,S2,183.0,32.630,21.23
91463,458,S2,186.0,32.349,21.23
91464,458,S2,189.0,32.013,21.23
91465,458,S2,192.0,31.720,21.23
91466,458,S2,195.0,31.453,21.23
91467,458,S2,198.0,31.138,21.23
91468,458,S2,201.0,30.780,21.23
91469,458,S2,204.0,30.540,21.23
91470,458,S2,207.0,30.250,21.23
91471,458,S2,210.0,30.037,21.23
91472,458,S2,213.0,29.882,21.23
91473,458,S2,216.0,29.522,21.23
91474,458,S2,219.0,29.391,21.23
91475,458,S2,222.0,28.995,21.23
91476,458,S2,225.0,28.873,21.23
91477,458,S2,228.0,28.715,21.23
91478,458,S2,231.0,28.475,21.23
91479,458,S2,234.0,28.367,21.23
91480,458,S2,237.0,28.075,21.23
91481,458,S2,240.0,27.910,21.23
91482,458,S2,243.0,27.714,21.23
91483,458,S2,246.0,27.574,21.23
91484,458,S2,249.0,27.302,21.23
91485,458,S2,252.0,27.106,21.23
91486,458,S2,255.0,27.017,21.23
91487,458,S2,258.0,26.790,21.23
91488,458,S2,261.0,26.598,21.23
91489,458,S2,264.0,26.476,21.23
91490,458,S2,267.0,26.257,21.23
91491,458,S2,270.0,26.251,21.23
91492,458,S2,273.0,26.073,21.23
91493,458,S2,276.0,25.945,21.23
91494,458,S2,279.0,25.828,21.23
91495,458,S2,282.0,25.674,21.23
91496,458,S2,285.0,25.618,21.23
91497,458,S2,288.0,25.462,21.23
91498,458,S2,291.0,25.262,21.23
91499,458,S2,294.0,25.223,21.23
91500,458,S2,297.0,25.116,21.23
91501,458,S2,300.0,24.915,21.23
91502,458,S2,303.0,24.887,21.23
91503,458,S2,306.0,24.809,21.23
91504,458,S2,309.0,24.684,21.23
91505,458,S2,312.0,24.557,21.23
91506,458,S2,315.0,24.512,21.23
91507,458,S2,318.0,24.458,21.23
91508,458,S2,321.0,24.353,21.23
91509,458,S2,324.0,24.223,21.23
91510,458,S2,327.0,24.098,21.23
91511,458,S2,330.0,24.030,21.23
91512,458,S2,333.0,23.985,21.23
91513,458,S2,336.0,23.896,21.23
91514,458,S2,339.0,23.866,21.23
91515,458,S2,342.0,23.734,21.23
91516,458,S2,345.0,23.647,21.23
91517,458,S2,348.0,23.559,21.23
91518,458,S2,351.0,23.535,21.23
91519,458,S2,354.0,23.621,21.23
91520,458,S2,357.0,23.326,21.23
91521,458,S2,360.0,23.222,21.23
91522,458,S2,363.0,23.379,21.23
91523,458,S2,366.0,23.291,21.23
91524,458,S2,369.0,23.113,21.23
91525,458,S2,372.0,23.185,21.23
91526,458,S2,375.0,23.120,21.23
91527,458,S2,378.0,23.003,21.23
91528,458,S2,381.0,22.999,21.23
91529,458,S2,384.0,22.947,21.23
91530,458,S2,387.0,22.915,21.23
91531,458,S2,390.0,22.829,21.23
91532,458,S2,393.0,22.686,21.23
91533,458,S2,396.0,22.738,21.23
91534,458,S2,399.0,22.768,21.23
91535,458,S2,402.0,22.679,21.23
91536,458,S2,405.0,22.603,21.23
91537,458,S2,408.0,22.534,21.23
91538,458,S2,411.0,22.494,21.23
91539,458,S2,414.0,22.573,21.23
91540,458,S2,417.0,22.425,21.23
91541,458,S2,420.0,22.386,21.23
91542,458,S2,423.0,22.318,21.23
91543,458,S2,426.0,22.333,21.23
91544,458,S2,429.0,22.312,21.23
91545,458,S2,432.0,22.226,21.23
91546,458,S2,435.0,22.305,21.23
91547,458,S2,438.0,22.235,21.23
91548,458,S2,441.0,22.268,21.23
91549,458,S2,444.0,22.223,21.23
91550,458,S2,447.0,22.148,21.23
91551,458,S2,450.0,22.125,21.23
91552,458,S2,453.0,22.082,21.23
91553,458,S2,456.0,22.038,21.23
91554,458,S2,459.0,22.086,21.23
91555,458,S2,462.0,22.011,21.23
91556,458,S2,465.0,21.962,21.23
91557,458,S2,468.0,22.011,21.23
91558,458,S2,471.0,22.036,21.23
91559,458,S2,474.0,21.889,21.23
91560,458,S2,477.0,21.874,21.23
91561,458,S2,480.0,21.924,21.23
91562,458,S2,483.0,21.939,21.23
91563,458,S2,486.0,21.737,21.23
91564,458,S2,489.0,21.813,21.23
91565,458,S2,492.0,21.899,21.23
91566,458,S2,495.0,21.807,21.23
91567,458,S2,498.0,21.865,21.23
91568,458,S2,501.0,21.763,21.23
91569,458,S2,504.0,21.783,21.23
91570,458,S2,507.0,21.644,21.23
91571,458,S2,510.0,21.716,21.23
91572,458,S2,513.0,21.770,21.23
91573,458,S2,516.0,21.755,21.23
91574,458,S2,519.0,21.665,21.23
91575,458,S2,522.0,21.625,21.23
91576,458,S2,525.0,21.665,21.23
91577,458,S2,528.0,21.597,21.23
91578,458,S2,531.0,21.608,21.23
91579,458,S2,534.0,21.617,21.23
91580,458,S2,537.0,21.610,21.23
91581,458,S2,540.0,21.605,21.23
91582,458,S2,543.0,21.570,21.23
91583,458,S2,546.0,21.614,21.23
91584,458,S2,549.0,21.557,21.23
91585,458,S2,552.0,21.518,21.23
91586,458,S2,555.0,21.611,21.23
91587,458,S2,558.0,21.597,21.23
91588,458,S2,561.0,21.668,21.23
91589,458,S2,564.0,21.487,21.23
91590,458,S2,567.0,21.445,21.23
91591,458,S2,570.0,21.551,21.23
91592,458,S2,573.0,21.546,21.23
91593,458,S2,576.0,21.550,21.23
91594,458,S2,579.0,21.540,21.23
91595,458,S2,582.0,21.502,21.23
91596,458,S2,585.0,21.470,21.23
91597,458,S2,588.0,21.445,21.23
91598,458,S2,591.0,21.419,21.23
91599,458,S2,594.0,21.462,21.23
91600,458,S2,597.0,21.507,21.23
91601,459,S3,0.0,81.376,20.95
91602,459,S3,3.0,79.986,20.95
91603,459,S3,6.0,78.693,20.95
91604,459,S3,9.0,77.476,20.95
91605,459,S3,12.0,76.266,20.95
91606,459,S3,15.0,75.033,20.95
91607,459,S3,18.0,73.841,20.95
91608,459,S3,21.0,72.616,20.95
91609,459,S3,24.0,71.566,20.95
91610,459,S3,27.0,70.376,20.95
91611,459,S3,30.0,69.315,20.95
91612,459,S3,33.0,68.284,20.95
91613,459,S3,36.0,67.301,20.95
91614,459,S3,39.0,66.258,20.95
91615,459,S3,42.0,65.183,20.95
91616,459,S3,45.0,64.219,20.95
91617,459,S3,48.0,63.219,20.95
91618,459,S3,51.0,62.334,20.95
91619,459,S3,54.0,61.513,20.95
91620,459,S3,57.0,60.553,20.95
91621,459,S3,60.0,59.806,20.95
91622,459,S3,63.0,58.829,20.95
91623,459,S3,66.0,58.008,20.95
91624,459,S3,69.0,57.264,20.95
91625,459,S3,72.0,56.406,20.95
91626,459,S3,75.0,55.633,20.95
91627,459,S3,78.0,54.948,20.95
91628,459,S3,81.0,54.141,20.95
91629,459,S3,84.0,53.350,20.95
91630,459,S3,87.0,52.640,20.95
91631,459,S3,90.0,52.006,20.95
91632,459,S3,93.0,51.266,20.95
91633,459,S3,96.0,50.599,20.95
91634,459,S3,99.0,49.857,20.95
91635,459,S3,102.0,49.271,20.95
91636,459,S3,105.0,48.773,20.95
91637,459,S3,108.0,48.093,20.95
91638,459,S3,111.0,47.463,20.95
91639,459,S3,114.0,46.866,20.95
91640,459,S3,117.0,46.366,20.95
91641,459,S3,120.0,45.785,20.95
91642,459,S3,123.0,45.217,20.95
91643,459,S3,126.0,44.672,20.95
91644,459,S3,129.0,44.173,20.95
91645,459,S3,132.0,43.701,20.95
91646,459,S3,135.0,43.223,20.95
91647,459,S3,138.0,42.683,20.95
91648,459,S3,141.0,42.244,20.95
91649,459,S3,144.0,41.792,20.95
91650,459,S3,147.0,41.192,20.95
91651,459,S3,150.0,40.906,20.95
91652,459,S3,153.0,40.471,20.95
91653,459,S3,156.0,39.920,20.95
91654,459,S3,159.0,39.442,20.95
91655,459,S3,162.0,39.138,20.95
91656,459,S3,165.0,38.794,20.95
91657,459,S3,168.0,38.391,20.95
91658,459,S3,171.0,38.017,20.95
91659,459,S3,174.0,37.543,20.95
91660,459,S3,177.0,37.189,20.95
91661,459,S3,180.0,36.920,20.95
91662,459,S3,183.0,36.597,20.95
91663,459,S3,186.0,36.203,20.95
91664,459,S3,189.0,35.879,20.95
91665,459,S3,192.0,35.528,20.95
91666,459,S3,195.0,35.141,20.95
91667,459,S3,198.0,34.893,20.95
91668,459,S3,201.0,34.558,20.95
91669,459,S3,204.0,34.296,20.95
91670,459,S3,207.0,34.096,20.95
91671,459,S3,210.0,33.723,20.95
91672,459,S3,213.0,33.363,20.95
91673,459,S3,216.0,33.159,20.95
91674,459,S3,219.0,32.909,20.95
91675,459,S3,222.0,32.543,20.95
91676,459,S3,225.0,32.467,20.95
91677,459,S3,228.0,32.111,20.95
91678,459,S3,231.0,31.915,20.95
91679,459,S3,234.0,31.616,20.95
91680,459,S3,237.0,31.481,20.95
91681,459,S3,240.0,31.242,20.95
91682,459,S3,243.0,30.886,20.95
91683,459,S3,246.0,30.715,20.95
91684,459,S3,249.0,30.489,20.95
91685,459,S3,252.0,30.323,20.95
91686,459,S3,255.0,30.075,20.95
91687,459,S3,258.0,29.949,20.95
91688,459,S3,261.0,29.722,20.95
91689,459,S3,264.0,29.513,20.95
91690,459,S3,267.0,29.381,20.95
91691,459,S3,270.0,29.084,20.95
91692,459,S3,273.0,28.989,20.95
91693,459,S3,276.0,28.797,20.95
91694,459,S3,279.0,28.576,20.95
91695,459,S3,282.0,28.411,20.95
91696,459,S3,285.0,28.229,20.95
91697,459,S3,288.0,28.166,20.95
91698,459,S3,291.0,27.979,20.95
91699,459,S3,294.0,27.895,20.95
91700,459,S3,297.0,27.610,20.95
91701,459,S3,300.0,27.475,20.95
91702,459,S3,303.0,27.406,20.95
91703,459,S3,306.0,27.211,20.95
91704,459,S3,309.0,27.033,20.95
91705,459,S3,312.0,26.911,20.95
91706,459,S3,315.0,26.747,20.95
91707,459,S3,318.0,26.626,20.95
91708,459,S3,321.0,26.566,20.95
91709,459,S3,324.0,26.435,20.95
91710,459,S3,327.0,26.301,20.95
91711,459,S3,330.0,26.193,20.95
91712,459,S3,333.0,26.187,20.95
91713,459,S3,336.0,25.966,20.95
91714,459,S3,339.0,25.802,20.95
91715,459,S3,342.0,25.720,20.95
91716,459,S3,345.0,25.668,20.95
91717,459,S3,348.0,25.585,20.95
91718,459,S3,351.0,25.508,20.95
91719,459,S3,354.0,25.296,20.95
91720,459,S3,357.0,25.318,20.95
91721,459,S3,360.0,25.192,20.95
91722,459,S3,363.0,25.092,20.95
91723,459,S3,366.0,24.890,20.95
91724,459,S3,369.0,24.942,20.95
91725,459,S3,372.0,24.819,20.95
91726,459,S3,375.0,24.681,20.95
91727,459,S3,378.0,24.670,20.95
91728,459,S3,381.0,24.565,20.95
91729,459,S3,384.0,24.493,20.95
91730,459,S3,387.0,24.367,20.95
91731,459,S3,390.0,24.275,20.95
91732,459,S3,393.0,24.345,20.95
91733,459,S3,396.0,24.068,20.95
91734,459,S3,399.0,24.113,20.95
91735,459,S3,402.0,24.017,20.95
91736,459,S3,405.0,23.889,20.95
91737,459,S3,408.0,23.900,20.95
91738,459,S3,411.0,23.871,20.95
91739,459,S3,414.0,23.801,20.95
91740,459,S3,417.0,23.749,20.95
91741,459,S3,420.0,23.570,20.95
91742,459,S3,423.0,23.466,20.95
91743,459,S3,426.0,23.512,20.95
91744,459,S3,429.0,23.423,20.95
91745,459,S3,432.0,23.410,20.95
91746,459,S3,435.0,23.441,20.95
91747,459,S3,438.0,23.398,20.95
91748,459,S3,441.0,23.321,20.95
91749,459,S3,444.0,23.230,20.95
91750,459,S3,447.0,23.171,20.95
91751,459,S3,450.0,23.079,20.95
91752,459,S3,453.0,23.071,20.95
91753,459,S3,456.0,22.991,20.95
91754,459,S3,459.0,22.903,20.95
91755,459,S3,462.0,22.866,20.95
91756,459,S3,465.0,22.902,20.95
91757,459,S3,468.0,22.897,20.95
91758,459,S3,471.0,22.886,20.95
91759,459,S3,474.0,22.828,20.95
91760,459,S3,477.0,22.660,20.95
91761,459,S3,480.0,22.744,20.95
91762,459,S3,483.0,22.587,20.95
91763,459,S3,486.0,22.529,20.95
91764,459,S3,489.0,22.552,20.95
91765,459,S3,492.0,22.498,20.95
91766,459,S3,495.0,22.481,20.95
91767,459,S3,498.0,22.500,20.95
91768,459,S3,501.0,22.419,20.95
91769,459,S3,504.0,22.429,20.95
91770,459,S3,507.0,22.426,20.95
91771,459,S3,510.0,22.280,20.95
91772,459,S3,513.0,22.358,20.95
91773,459,S3,516.0,22.292,20.95
91774,459,S3,519.0,22.227,20.95
91775,459,S3,522.0,22.175,20.95
91776,459,S3,525.0,22.131,20.95
91777,459,S3,528.0,22.258,20.95
91778,459,S3,531.0,22.117,20.95
91779,459,S3,534.0,22.029,20.95
91780,459,S3,537.0,22.037,20.95
91781,459,S3,540.0,21.995,20.95
91782,459,S3,543.0,22.086,20.95
91783,459,S3,546.0,21.944,20.95
91784,459,S3,549.0,22.040,20.95
91785,459,S3,552.0,21.946,20.95
91786,459,S3,555.0,21.940,20.95
91787,459,S3,558.0,21.892,20.95
91788,459,S3,561.0,21.928,20.95
91789,459,S3,564.0,21.824,20.95
91790,459,S3,567.0,21.925,20.95
91791,459,S3,570.0,21.808,20.95
91792,459,S3,573.0,21.878,20.95
91793,459,S3,576.0,21.933,20.95
91794,459,S3,579.0,21.761,20.95
91795,459,S3,582.0,21.706,20.95
91796,459,S3,585.0,21.739,20.95
91797,459,S3,588.0,21.697,20.95
91798,459,S3,591.0,21.813,20.95
91799,459,S3,594.0,21.797,20.95
91800,459,S3,597.0,21.594,20.95
91801,460,S4,0.0,94.745,22.91
91802,460,S4,3.0,92.997,22.91
91803,460,S4,6.0,91.411,22.91
91804,460,S4,9.0,89.999,22.91
91805,460,S4,12.0,88.505,22.91
91806,460,S4,15.0,86.975,22.91
91807,460,S4,18.0,85.572,22.91
91808,460,S4,21.0,83.960,22.91
91809,460,S4,24.0,82.661,22.91
91810,460,S4,27.0,81.317,22.91
91811,460,S4,30.0,79.995,22.91
91812,460,S4,33.0,78.616,22.91
91813,460,S4,36.0,77.398,22.91
91814,460,S4,39.0,76.152,22.91
91815,460,S4,42.0,75.026,22.91
91816,460,S4,45.0,73.788,22.91
91817,460,S4,48.0,72.634,22.91
91818,460,S4,51.0,71.570,22.91
91819,460,S4,54.0,70.450,22.91
91820,460,S4,57.0,69.352,22.91
91821,460,S4,60.0,68.301,22.91
91822,460,S4,63.0,67.305,22.91
91823,460,S4,66.0,66.272,22.91
91824,460,S4,69.0,65.262,22.91
91825,460,S4,72.0,64.393,22.91
91826,460,S4,75.0,63.372,22.91
91827,460,S4,78.0,62.441,22.91
91828,460,S4,81.0,61.569,22.91
91829,460,S4,84.0,60.659,22.91
91830,460,S4,87.0,59.893,22.91
91831,460,S4,90.0,59.020,22.91
91832,460,S4,93.0,58.116,22.91
91833,460,S4,96.0,57.360,22.91
91834,460,S4,99.0,56.607,22.91
91835,460,S4,102.0,55.827,22.91
91836,460,S4,105.0,55.154,22.91
91837,460,S4,108.0,54.380,22.91
91838,460,S4,111.0,53.679,22.91
91839,460,S4,114.0,52.940,22.91
91840,460,S4,117.0,52.247,22.91
91841,460,S4,120.0,51.681,22.91
91842,460,S4,123.0,50.873,22.91
91843,460,S4,126.0,50.403,22.91
91844,460,S4,129.0,49.742,22.91
91845,460,S4,132.0,49.085,22.91
91846,460,S4,135.0,48.470,22.91
91847,460,S4,138.0,47.974,22.91
91848,460,S4,141.0,47.291,22.91
91849,460,S4,144.0,46.782,22.91
91850,460,S4,147.0,46.231,22.91
91851,460,S4,150.0,45.720,22.91
91852,460,S4,153.0,45.258,22.91
91853,460,S4,156.0,44.688,22.91
91854,460,S4,159.0,44.202,22.91
91855,460,S4,162.0,43.717,22.91
91856,460,S4,165.0,43.235,22.91
91857,460,S4,168.0,42.713,22.91
91858,460,S4,171.0,42.378,22.91
91859,460,S4,174.0,41.873,22.91
91860,460,S4,177.0,41.456,22.91
91861,460,S4,180.0,41.057,22.91
91862,460,S4,183.0,40.730,22.91
91863,460,S4,186.0,40.269,22.91
91864,460,S4,189.0,39.880,22.91
91865,460,S4,192.0,39.415,22.91
91866,460,S4,195.0,39.063,22.91
91867,460,S4,198.0,38.709,22.91
91868,460,S4,201.0,38.304,22.91
91869,460,S4,204.0,38.067,22.91
91870,460,S4,207.0,37.720,22.91
91871,460,S4,210.0,37.342,22.91
91872,460,S4,213.0,36.980,22.91
91873,460,S4,216.0,36.734,22.91
91874,460,S4,219.0,36.408,22.91
91875,460,S4,222.0,36.036,22.91
91876,460,S4,225.0,35.854,22.91
91877,460,S4,228.0,35.578,22.91
91878,460,S4,231.0,35.253,22.91
91879,460,S4,234.0,34.929,22.91
91880,460,S4,237.0,34.724,22.91
91881,460,S4,240.0,34.344,22.91
91882,460,S4,243.0,34.066,22.91
91883,460,S4,246.0,33.879,22.91
91884,460,S4,249.0,33.574,22.91
91885,460,S4,252.0,33.309,22.91
91886,460,S4,255.0,33.016,22.91
91887,460,S4,258.0,32.926,22.91
91888,460,S4,261.0,32.697,22.91
91889,460,S4,264.0,32.410,22.91
91890,460,S4,267.0,32.319,22.91
91891,460,S4,270.0,32.012,22.91
91892,460,S4,273.0,31.732,22.91
91893,460,S4,276.0,31.599,22.91
91894,460,S4,279.0,31.430,22.91
91895,460,S4,282.0,31.260,22.91
91896,460,S4,285.0,31.029,22.91
91897,460,S4,288.0,30.780,22.91
91898,460,S4,291.0,30.735,22.91
91899,460,S4,294.0,30.535,22.91
91900,460,S4,297.0,30.348,22.91
91901,460,S4,300.0,30.233,22.91
91902,460,S4,303.0,29.852,22.91
91903,460,S4,306.0,29.834,22.91
91904,460,S4,309.0,29.578,22.91
91905,460,S4,312.0,29.536,22.91
91906,460,S4,315.0,29.433,22.91
91907,460,S4,318.0,29.112,22.91
91908,460,S4,321.0,28.989,22.91
91909,460,S4,324.0,28.977,22.91
91910,460,S4,327.0,28.850,22.91
91911,460,S4,330.0,28.697,22.91
91912,460,S4,333.0,28.480,22.91
91913,460,S4,336.0,28.420,22.91
91914,460,S4,339.0,28.312,22.91
91915,460,S4,342.0,28.119,22.91
91916,460,S4,345.0,27.963,22.91
91917,460,S4,348.0,28.005,22.91
91918,460,S4,351.0,27.821,22.91
91919,460,S4,354.0,27.716,22.91
91920,460,S4,357.0,27.650,22.91
91921,460,S4,360.0,27.513,22.91
91922,460,S4,363.0,27.323,22.91
91923,460,S4,366.0,27.312,22.91
91924,460,S4,369.0,27.200,22.91
91925,460,S4,372.0,27.070,22.91
91926,460,S4,375.0,26.942,22.91
91927,460,S4,378.0,26.808,22.91
91928,460,S4,381.0,26.775,22.91
91929,460,S4,384.0,26.709,22.91
91930,460,S4,387.0,26.669,22.91
91931,460,S4,390.0,26.498,22.91
91932,460,S4,393.0,26.457,22.91
91933,460,S4,396.0,26.431,22.91
91934,460,S4,399.0,26.285,22.91
91935,460,S4,402.0,26.316,22.91
91936,460,S4,405.0,26.098,22.91
91937,460,S4,408.0,25.991,22.91
91938,460,S4,411.0,26.028,22.91
91939,460,S4,414.0,25.980,22.91
91940,460,S4,417.0,25.863,22.91
91941,460,S4,420.0,25.842,22.91
91942,460,S4,423.0,25.685,22.91
91943,460,S4,426.0,25.672,22.91
91944,460,S4,429.0,25.572,22.91
91945,460,S4,432.0,25.523,22.91
91946,460,S4,435.0,25.463,22.91
91947,460,S4,438.0,25.378,22.91
91948,460,S4,441.0,25.354,22.91
91949,460,S4,444.0,25.289,22.91
91950,460,S4,447.0,25.295,22.91
91951,460,S4,450.0,25.154,22.91
91952,460,S4,453.0,25.170,22.91
91953,460,S4,456.0,25.016,22.91
91954,460,S4,459.0,25.038,22.91
91955,460,S4,462.0,25.028,22.91
91956,460,S4,465.0,24.945,22.91
91957,460,S4,468.0,24.903,22.91
91958,460,S4,471.0,24.865,22.91
91959,460,S4,474.0,24.762,22.91
91960,460,S4,477.0,24.724,22.91
91961,460,S4,480.0,24.758,22.91
91962,460,S4,483.0,24.754,22.91
91963,460,S4,486.0,24.648,22.91
91964,460,S4,489.0,24.605,22.91
91965,460,S4,492.0,24.613,22.91
91966,460,S4,495.0,24.508,22.91
91967,460,S4,498.0,24.503,22.91
91968,460,S4,501.0,24.554,22.91
91969,460,S4,504.0,24.411,22.91
91970,460,S4,507.0,24.290,22.91
91971,460,S4,510.0,24.357,22.91
91972,460,S4,513.0,24.309,22.91
91973,460,S4,516.0,24.258,22.91
91974,460,S4,519.0,24.167,22.91
91975,460,S4,522.0,24.256,22.91
91976,460,S4,525.0,24.126,22.91
91977,460,S4,528.0,24.191,22.91
91978,460,S4,531.0,24.099,22.91
91979,460,S4,534.0,24.066,22.91
91980,460,S4,537.0,24.084,22.91
91981,460,S4,540.0,24.074,22.91
91982,460,S4,543.0,24.093,22.91
91983,460,S4,546.0,23.999,22.91
91984,460,S4,549.0,23.986,22.91
91985,460,S4,552.0,23.969,22.91
91986,460,S4,555.0,24.027,22.91
91987,460,S4,558.0,23.950,22.91
91988,460,S4,561.0,23.961,22.91
91989,460,S4,564.0,23.884,22.91
91990,460,S4,567.0,23.870,22.91
91991,460,S4,570.0,23.815,22.91
91992,460,S4,573.0,23.911,22.91
91993,460,S4,576.0,23.821,22.91
91994,460,S4,579.0,23.875,22.91
91995,460,S4,582.0,23.629,22.91
91996,460,S4,585.0,23.826,22.91
91997,460,S4,588.0,23.632,22.91
91998,460,S4,591.0,23.706,22.91
91999,460,S4,594.0,23.729,22.91
92000,460,S4,597.0,23.679,22.91
92001,461,S1,0.0,75.641,20.13
92002,461,S1,3.0,74.835,20.13
92003,461,S1,6.0,74.031,20.13
92004,461,S1,9.0,73.164,20.13
92005,461,S1,12.0,72.373,20.13
92006,461,S1,15.0,71.618,20.13
92007,461,S1,18.0,71.021,20.13
92008,461,S1,21.0,70.190,20.13
92009,461,S1,24.0,69.452,20.13
92010,461,S1,27.0,68.671,20.13
92011,461,S1,30.0,67.935,20.13
92012,461,S1,33.0,67.327,20.13
92013,461,S1,36.0,66.611,20.13
92014,461,S1,39.0,65.899,20.13
92015,461,S1,42.0,65.283,20.13
92016,461,S1,45.0,64.591,20.13
92017,461,S1,48.0,63.863,20.13
92018,461,S1,51.0,63.341,20.13
92019,461,S1,54.0,62.593,20.13
92020,461,S1,57.0,62.055,20.13
92021,461,S1,60.0,61.465,20.13
92022,461,S1,63.0,60.674,20.13
92023,461,S1,66.0,60.248,20.13
92024,461,S1,69.0,59.601,20.13
92025,461,S1,72.0,59.171,20.13
92026,461,S1,75.0,58.408,20.13
92027,461,S1,78.0,57.867,20.13
92028,461,S1,81.0,57.376,20.13
92029,461,S1,84.0,56.779,20.13
92030,461,S1,87.0,56.215,20.13
92031,461,S1,90.0,55.786,20.13
92032,461,S1,93.0,55.307,20.13
92033,461,S1,96.0,54.737,20.13
92034,461,S1,99.0,54.126,20.13
92035,461,S1,102.0,53.691,20.13
92036,461,S1,105.0,53.218,20.13
92037,461,S1,108.0,52.598,20.13
92038,461,S1,111.0,52.219,20.13
92039,461,S1,114.0,51.762,20.13
92040,461,S1,117.0,51.348,20.13
92041,461,S1,120.0,50.781,20.13
92042,461,S1,123.0,50.427,20.13
92043,461,S1,126.0,49.863,20.13
92044,461,S1,129.0,49.403,20.13
92045,461,S1,132.0,49.133,20.13
92046,461,S1,135.0,48.750,20.13
92047,461,S1,138.0,48.187,20.13
92048,461,S1,141.0,47.767,20.13
92049,461,S1,144.0,47.364,20.13
92050,461,S1,147.0,47.007,20.13
92051,461,S1,150.0,46.592,20.13
92052,461,S1,153.0,46.158,20.13
92053,461,S1,156.0,45.745,20.13
92054,461,S1,159.0,45.454,20.13
92055,461,S1,162.0,44.958,20.13
92056,461,S1,165.0,44.640,20.13
92057,461,S1,168.0,44.292,20.13
92058,461,S1,171.0,44.038,20.13
92059,461,S1,174.0,43.568,20.13
92060,461,S1,177.0,43.264,20.13
92061,461,S1,180.0,42.985,20.13
92062,461,S1,183.0,42.649,20.13
92063,461,S1,186.0,42.423,20.13
92064,461,S1,189.0,41.899,20.13
92065,461,S1,192.0,41.622,20.13
92066,461,S1,195.0,41.325,20.13
92067,461,S1,198.0,40.964,20.13
92068,461,S1,201.0,40.760,20.13
92069,461,S1,204.0,40.420,20.13
92070,461,S1,207.0,40.080,20.13
92071,461,S1,210.0,39.763,20.13
92072,461,S1,213.0,39.558,20.13
92073,461,S1,216.0,39.182,20.13
92074,461,S1,219.0,38.940,20.13
92075,461,S1,222.0,38.667,20.13
92076,461,S1,225.0,38.389,20.13
92077,461,S1,228.0,38.168,20.13
92078,461,S1,231.0,37.840,20.13
92079,461,S1,234.0,37.583,20.13
92080,461,S1,237.0,37.349,20.13
92081,461,S1,240.0,37.041,20.13
92082,461,S1,243.0,36.819,20.13
92083,461,S1,246.0,36.519,20.13
92084,461,S1,249.0,36.329,20.13
92085,461,S1,252.0,36.137,20.13
92086,461,S1,255.0,35.774,20.13
92087,461,S1,258.0,35.664,20.13
92088,461,S1,261.0,35.519,20.13
92089,461,S1,264.0,35.116,20.13
92090,461,S1,267.0,34.952,20.13
92091,461,S1,270.0,34.843,20.13
92092,461,S1,273.0,34.599,20.13
92093,461,S1,276.0,34.389,20.13
92094,461,S1,279.0,34.171,20.13
92095,461,S1,282.0,33.912,20.13
92096,461,S1,285.0,33.759,20.13
92097,461,S1,288.0,33.500,20.13
92098,461,S1,291.0,33.330,20.13
92099,461,S1,294.0,33.112,20.13
92100,461,S1,297.0,32.979,20.13
92101,461,S1,300.0,32.807,20.13
92102,461,S1,303.0,32.569,20.13
92103,461,S1,306.0,32.393,20.13
92104,461,S1,309.0,32.238,20.13
92105,461,S1,312.0,32.075,20.13
92106,461,S1,315.0,31.824,20.13
92107,461,S1,318.0,31.697,20.13
92108,461,S1,321.0,31.471,20.13
92109,461,S1,324.0,31.344,20.13
92110,461,S1,327.0,31.132,20.13
92111,461,S1,330.0,31.010,20.13
92112,461,S1,333.0,30.909,20.13
92113,461,S1,336.0,30.645,20.13
92114,461,S1,339.0,30.532,20.13
92115,461,S1,342.0,30.361,20.13
92116,461,S1,345.0,30.210,20.13
92117,461,S1,348.0,30.096,20.13
92118,461,S1,351.0,29.924,20.13
92119,461,S1,354.0,29.749,20.13
92120,461,S1,357.0,29.640,20.13
92121,461,S1,360.0,29.403,20.13
92122,461,S1,363.0,29.341,20.13
92123,461,S1,366.0,29.236,20.13
92124,461,S1,369.0,29.119,20.13
92125,461,S1,372.0,28.915,20.13
92126,461,S1,375.0,28.817,20.13
92127,461,S1,378.0,28.716,20.13
92128,461,S1,381.0,28.527,20.13
92129,461,S1,384.0,28.467,20.13
92130,461,S1,387.0,28.333,20.13
92131,461,S1,390.0,28.159,20.13
92132,461,S1,393.0,28.033,20.13
92133,461,S1,396.0,27.977,20.13
92134,461,S1,399.0,27.841,20.13
92135,461,S1,402.0,27.781,20.13
92136,461,S1,405.0,27.570,20.13
92137,461,S1,408.0,27.508,20.13
92138,461,S1,411.0,27.422,20.13
92139,461,S1,414.0,27.372,20.13
92140,461,S1,417.0,27.221,20.13
92141,461,S1,420.0,27.128,20.13
92142,461,S1,423.0,26.942,20.13
92143,461,S1,426.0,26.949,20.13
92144,461,S1,429.0,26.751,20.13
92145,461,S1,432.0,26.610,20.13
92146,461,S1,435.0,26.596,20.13
92147,461,S1,438.0,26.485,20.13
92148,461,S1,441.0,26.408,20.13
92149,461,S1,444.0,26.401,20.13
92150,461,S1,447.0,26.196,20.13
92151,461,S1,450.0,26.065,20.13
92152,461,S1,453.0,26.025,20.13
92153,461,S1,456.0,26.009,20.13
92154,461,S1,459.0,25.843,20.13
92155,461,S1,462.0,25.781,20.13
92156,461,S1,465.0,25.703,20.13
92157,461,S1,468.0,25.644,20.13
92158,461,S1,471.0,25.465,20.13
92159,461,S1,474.0,25.549,20.13
92160,461,S1,477.0,25.405,20.13
92161,461,S1,480.0,25.353,20.13
92162,461,S1,483.0,25.308,20.13
92163,461,S1,486.0,25.112,20.13
92164,461,S1,489.0,25.154,20.13
92165,461,S1,492.0,25.064,20.13
92166,461,S1,495.0,24.948,20.13
92167,461,S1,498.0,24.911,20.13
92168,461,S1,501.0,24.798,20.13
92169,461,S1,504.0,24.678,20.13
92170,461,S1,507.0,24.685,20.13
92171,461,S1,510.0,24.583,20.13
92172,461,S1,513.0,24.579,20.13
92173,461,S1,516.0,24.422,20.13
92174,461,S1,519.0,24.400,20.13
92175,461,S1,522.0,24.275,20.13
92176,461,S1,525.0,24.251,20.13
92177,461,S1,528.0,24.253,20.13
92178,461,S1,531.0,24.201,20.13
92179,461,S1,534.0,24.010,20.13
92180,461,S1,537.0,24.033,20.13
92181,461,S1,540.0,23.995,20.13
92182,461,S1,543.0,23.938,20.13
92183,461,S1,546.0,23.855,20.13
92184,461,S1,549.0,23.825,20.13
92185,461,S1,552.0,23.784,20.13
92186,461,S1,555.0,23.741,20.13
92187,461,S1,558.0,23.668,20.13
92188,461,S1,561.0,23.602,20.13
92189,461,S1,564.0,23.562,20.13
92190,461,S1,567.0,23.488,20.13
92191,461,S1,570.0,23.446,20.13
92192,461,S1,573.0,23.462,20.13
92193,461,S1,576.0,23.344,20.13
92194,461,S1,579.0,23.260,20.13
92195,461,S1,582.0,23.225,20.13
92196,461,S1,585.0,23.178,20.13
92197,461,S1,588.0,23.179,20.13
92198,461,S1,591.0,23.125,20.13
92199,461,S1,594.0,23.093,20.13
92200,461,S1,597.0,23.031,20.13
92201,462,S2,0.0,78.550,20.97
92202,462,S2,3.0,77.645,20.97
92203,462,S2,6.0,76.736,20.97
92204,462,S2,9.0,75.861,20.97
92205,462,S2,12.0,74.885,20.97
92206,462,S2,15.0,74.073,20.97
92207,462,S2,18.0,73.213,20.97
92208,462,S2,21.0,72.461,20.97
92209,462,S2,24.0,71.543,20.97
92210,462,S2,27.0,70.719,20.97
92211,462,S2,30.0,69.977,20.97
92212,462,S2,33.0,69.160,20.97
92213,462,S2,36.0,68.444,20.97
92214,462,S2,39.0,67.746,20.97
92215,462,S2,42.0,66.889,20.97
92216,462,S2,45.0,66.185,20.97
92217,462,S2,48.0,65.414,20.97
92218,462,S2,51.0,64.700,20.97
92219,462,S2,54.0,64.028,20.97
92220,462,S2,57.0,63.401,20.97
92221,462,S2,60.0,62.648,20.97
92222,462,S2,63.0,62.051,20.97
92223,462,S2,66.0,61.372,20.97
92224,462,S2,69.0,60.728,20.97
92225,462,S2,72.0,60.083,20.97
92226,462,S2,75.0,59.365,20.97
92227,462,S2,78.0,58.757,20.97
92228,462,S2,81.0,58.135,20.97
92229,462,S2,84.0,57.597,20.97
92230,462,S2,87.0,56.947,20.97
92231,462,S2,90.0,56.436,20.97
92232,462,S2,93.0,55.901,20.97
92233,462,S2,96.0,55.343,20.97
92234,462,S2,99.0,54.814,20.97
92235,462,S2,102.0,54.178,20.97
92236,462,S2,105.0,53.761,20.97
92237,462,S2,108.0,53.215,20.97
92238,462,S2,111.0,52.565,20.97
92239,462,S2,114.0,52.135,20.97
92240,462,S2,117.0,51.602,20.97
92241,462,S2,120.0,51.210,20.97
92242,462,S2,123.0,50.680,20.97
92243,462,S2,126.0,50.162,20.97
92244,462,S2,129.0,49.730,20.97
92245,462,S2,132.0,49.280,20.97
92246,462,S2,135.0,48.806,20.97
92247,462,S2,138.0,48.408,20.97
92248,462,S2,141.0,47.895,20.97
92249,462,S2,144.0,47.570,20.97
92250,462,S2,147.0,47.065,20.97
92251,462,S2,150.0,46.656,20.97
92252,462,S2,153.0,46.198,20.97
92253,462,S2,156.0,45.814,20.97
92254,462,S2,159.0,45.489,20.97
92255,462,S2,162.0,45.112,20.97
92256,462,S2,165.0,44.704,20.97
92257,462,S2,168.0,44.366,20.97
92258,462,S2,171.0,43.962,20.97
92259,462,S2,174.0,43.519,20.97
92260,462,S2,177.0,43.196,20.97
92261,462,S2,180.0,42.813,20.97
92262,462,S2,183.0,42.538,20.97
92263,462,S2,186.0,42.206,20.97
92264,462,S2,189.0,41.870,20.97
92265,462,S2,192.0,41.450,20.97
92266,462,S2,195.0,41.140,20.97
92267,462,S2,198.0,40.812,20.97
92268,462,S2,201.0,40.511,20.97
92269,462,S2,204.0,40.192,20.97
92270,462,S2,207.0,39.791,20.97
92271,462,S2,210.0,39.713,20.97
92272,462,S2,213.0,39.307,20.97
92273,462,S2,216.0,38.965,20.97
92274,462,S2,219.0,38.746,20.97
92275,462,S2,222.0,38.355,20.97
92276,462,S2,225.0,38.184,20.97
92277,462,S2,228.0,37.885,20.97
92278,462,S2,231.0,37.583,20.97
92279,462,S2,234.0,37.391,20.97
92280,462,S2,237.0,37.057,20.97
92281,462,S2,240.0,36.802,20.97
92282,462,S2,243.0,36.615,20.97
92283,462,S2,246.0,36.261,20.97
92284,462,S2,249.0,36.074,20.97
92285,462,S2,252.0,35.789,20.97
92286,462,S2,255.0,35.529,20.97
92287,462,S2,258.0,35.411,20.97
92288,462,S2,261.0,35.133,20.97
92289,462,S2,264.0,34.887,20.97
92290,462,S2,267.0,34.726,20.97
92291,462,S2,270.0,34.497,20.97
92292,462,S2,273.0,34.209,20.97
92293,462,S2,276.0,34.038,20.97
92294,462,S2,279.0,33.825,20.97
92295,462,S2,282.0,33.597,20.97
92296,462,S2,285.0,33.393,20.97
92297,462,S2,288.0,33.248,20.97
92298,462,S2,291.0,33.047,20.97
92299,462,S2,294.0,32.822,20.97
92300,462,S2,297.0,32.591,20.97
92301,462,S2,300.0,32.481,20.97
92302,462,S2,303.0,32.271,20.97
92303,462,S2,306.0,31.933,20.97
92304,462,S2,309.0,31.994,20.97
92305,462,S2,312.0,31.733,20.97
92306,462,S2,315.0,31.559,20.97
92307,462,S2,318.0,31.343,20.97
92308,462,S2,321.0,31.181,20.97
92309,462,S2,324.0,30.967,20.97
92310,462,S2,327.0,30.884,20.97
92311,462,S2,330.0,30.711,20.97
92312,462,S2,333.0,30.475,20.97
92313,462,S2,336.0,30.419,20.97
92314,462,S2,339.0,30.244,20.97
92315,462,S2,342.0,30.097,20.97
92316,462,S2,345.0,29.973,20.97
92317,462,S2,348.0,29.825,20.97
92318,462,S2,351.0,29.663,20.97
92319,462,S2,354.0,29.522,20.97
92320,462,S2,357.0,29.388,20.97
92321,462,S2,360.0,29.217,20.97
92322,462,S2,363.0,29.089,20.97
92323,462,S2,366.0,29.030,20.97
92324,462,S2,369.0,28.882,20.97
92325,462,S2,372.0,28.848,20.97
92326,462,S2,375.0,28.682,20.97
92327,462,S2,378.0,28.569,20.97
92328,462,S2,381.0,28.336,20.97
92329,462,S2,384.0,28.206,20.97
92330,462,S2,387.0,28.185,20.97
92331,462,S2,390.0,28.050,20.97
92332,462,S2,393.0,27.997,20.97
92333,462,S2,396.0,27.804,20.97
92334,462,S2,399.0,27.605,20.97
92335,462,S2,402.0,27.603,20.97
92336,462,S2,405.0,27.563,20.97
92337,462,S2,408.0,27.359,20.97
92338,462,S2,411.0,27.301,20.97
92339,462,S2,414.0,27.285,20.97
92340,462,S2,417.0,27.077,20.97
92341,462,S2,420.0,26.979,20.97
92342,462,S2,423.0,26.951,20.97
92343,462,S2,426.0,26.870,20.97
92344,462,S2,429.0,26.645,20.97
92345,462,S2,432.0,26.629,20.97
92346,462,S2,435.0,26.606,20.97
92347,462,S2,438.0,26.430,20.97
92348,462,S2,441.0,26.278,20.97
92349,462,S2,444.0,26.340,20.97
92350,462,S2,447.0,26.123,20.97
92351,462,S2,450.0,26.037,20.97
92352,462,S2,453.0,25.981,20.97
92353,462,S2,456.0,25.966,20.97
92354,462,S2,459.0,25.815,20.97
92355,462,S2,462.0,25.735,20.97
92356,462,S2,465.0,25.745,20.97
92357,462,S2,468.0,25.566,20.97
92358,462,S2,471.0,25.541,20.97
92359,462,S2,474.0,25.455,20.97
92360,462,S2,477.0,25.425,20.97
92361,462,S2,480.0,25.324,20.97
92362,462,S2,483.0,25.356,20.97
92363,462,S2,486.0,25.145,20.97
92364,462,S2,489.0,25.178,20.97
92365,462,S2,492.0,25.123,20.97
92366,462,S2,495.0,25.007,20.97
92367,462,S2,498.0,24.920,20.97
92368,462,S2,501.0,24.898,20.97
92369,462,S2,504.0,24.813,20.97
92370,462,S2,507.0,24.637,20.97
92371,462,S2,510.0,24.719,20.97
92372,462,S2,513.0,24.675,20.97
92373,462,S2,516.0,24.595,20.97
92374,462,S2,519.0,24.555,20.97
92375,462,S2,522.0,24.354,20.97
92376,462,S2,525.0,24.376,20.97
92377,462,S2,528.0,24.364,20.97
92378,462,S2,531.0,24.341,20.97
92379,462,S2,534.0,24.275,20.97
92380,462,S2,537.0,24.175,20.97
92381,462,S2,540.0,24.155,20.97
92382,462,S2,543.0,23.974,20.97
92383,462,S2,546.0,23.915,20.97
92384,462,S2,549.0,24.007,20.97
92385,462,S2,552.0,23.894,20.97
92386,462,S2,555.0,23.896,20.97
92387,462,S2,558.0,23.857,20.97
92388,462,S2,561.0,23.827,20.97
92389,462,S2,564.0,23.640,20.97
92390,462,S2,567.0,23.680,20.97
92391,462,S2,570.0,23.572,20.97
92392,462,S2,573.0,23.590,20.97
92393,462,S2,576.0,23.548,20.97
92394,462,S2,579.0,23.536,20.97
92395,462,S2,582.0,23.504,20.97
92396,462,S2,585.0,23.460,20.97
92397,462,S2,588.0,23.334,20.97
92398,462,S2,591.0,23.481,20.97
92399,462,S2,594.0,23.263,20.97
92400,462,S2,597.0,23.215,20.97
92401,463,S3,0.0,72.572,22.88
92402,463,S3,3.0,71.756,22.88
92403,463,S3,6.0,70.927,22.88
92404,463,S3,9.0,70.206,22.88
92405,463,S3,12.0,69.418,22.88
92406,463,S3,15.0,68.657,22.88
92407,463,S3,18.0,67.871,22.88
92408,463,S3,21.0,67.207,22.88
92409,463,S3,24.0,66.373,22.88
92410,463,S3,27.0,65.844,22.88
92411,463,S3,30.0,64.988,22.88
92412,463,S3,33.0,64.394,22.88
92413,463,S3,36.0,63.750,22.88
92414,463,S3,39.0,62.983,22.88
92415,463,S3,42.0,62.433,22.88
92416,463,S3,45.0,61.678,22.88
92417,463,S3,48.0,61.127,22.88
92418,463,S3,51.0,60.452,22.88
92419,463,S3,54.0,59.847,22.88
92420,463,S3,57.0,59.150,22.88
92421,463,S3,60.0,58.777,22.88
92422,463,S3,63.0,58.094,22.88
92423,463,S3,66.0,57.548,22.88
92424,463,S3,69.0,56.960,22.88
92425,463,S3,72.0,56.375,22.88
92426,463,S3,75.0,55.924,22.88
92427,463,S3,78.0,55.317,22.88
92428,463,S3,81.0,54.737,22.88
92429,463,S3,84.0,54.250,22.88
92430,463,S3,87.0,53.785,22.88
92431,463,S3,90.0,53.250,22.88
92432,463,S3,93.0,52.782,22.88
92433,463,S3,96.0,52.316,22.88
92434,463,S3,99.0,51.815,22.88
92435,463,S3,102.0,51.313,22.88
92436,463,S3,105.0,50.800,22.88
92437,463,S3,108.0,50.383,22.88
92438,463,S3,111.0,49.890,22.88
92439,463,S3,114.0,49.604,22.88
92440,463,S3,117.0,49.081,22.88
92441,463,S3,120.0,48.702,22.88
92442,463,S3,123.0,48.271,22.88
92443,463,S3,126.0,47.868,22.88
92444,463,S3,129.0,47.370,22.88
92445,463,S3,132.0,46.964,22.88
92446,463,S3,135.0,46.635,22.88
92447,463,S3,138.0,46.227,22.88
92448,463,S3,141.0,45.964,22.88
92449,463,S3,144.0,45.471,22.88
92450,463,S3,147.0,45.088,22.88
92451,463,S3,150.0,44.886,22.88
92452,463,S3,153.0,44.338,22.88
92453,463,S3,156.0,44.049,22.88
92454,463,S3,159.0,43.764,22.88
92455,463,S3,162.0,43.425,22.88
92456,463,S3,165.0,43.027,22.88
92457,463,S3,168.0,42.775,22.88
92458,463,S3,171.0,42.396,22.88
92459,463,S3,174.0,42.176,22.88
92460,463,S3,177.0,41.726,22.88
92461,463,S3,180.0,41.389,22.88
92462,463,S3,183.0,41.090,22.88
92463,463,S3,186.0,40.891,22.88
92464,463,S3,189.0,40.493,22.88
92465,463,S3,192.0,40.385,22.88
92466,463,S3,195.0,40.077,22.88
92467,463,S3,198.0,39.712,22.88
92468,463,S3,201.0,39.388,22.88
92469,463,S3,204.0,39.260,22.88
92470,463,S3,207.0,38.790,22.88
92471,463,S3,210.0,38.709,22.88
92472,463,S3,213.0,38.373,22.88
92473,463,S3,216.0,38.205,22.88
92474,463,S3,219.0,37.932,22.88
92475,463,S3,222.0,37.631,22.88
92476,463,S3,225.0,37.375,22.88
92477,463,S3,228.0,37.068,22.88
92478,463,S3,231.0,36.997,22.88
92479,463,S3,234.0,36.730,22.88
92480,463,S3,237.0,36.479,22.88
92481,463,S3,240.0,36.267,22.88
92482,463,S3,243.0,36.076,22.88
92483,463,S3,246.0,35.763,22.88
92484,463,S3,249.0,35.651,22.88
92485,463,S3,252.0,35.391,22.88
92486,463,S3,255.0,35.246,22.88
92487,463,S3,258.0,35.078,22.88
92488,463,S3,261.0,34.823,22.88
92489,463,S3,264.0,34.630,22.88
92490,463,S3,267.0,34.491,22.88
92491,463,S3,270.0,34.244,22.88
92492,463,S3,273.0,34.100,22.88
92493,463,S3,276.0,33.842,22.88
92494,463,S3,279.0,33.745,22.88
92495,463,S3,282.0,33.626,22.88
92496,463,S3,285.0,33.403,22.88
92497,463,S3,288.0,33.254,22.88
92498,463,S3,291.0,33.063,22.88
92499,463,S3,294.0,32.826,22.88
92500,463,S3,297.0,32.727,22.88
92501,463,S3,300.0,32.598,22.88
92502,463,S3,303.0,32.450,22.88
92503,463,S3,306.0,32.157,22.88
92504,463,S3,309.0,32.125,22.88
92505,463,S3,312.0,31.860,22.88
92506,463,S3,315.0,31.818,22.88
92507,463,S3,318.0,31.636,22.88
92508,463,S3,321.0,31.501,22.88
92509,463,S3,324.0,31.320,22.88
92510,463,S3,327.0,31.209,22.88
92511,463,S3,330.0,31.045,22.88
92512,463,S3,333.0,30.921,22.88
92513,463,S3,336.0,30.724,22.88
92514,463,S3,339.0,30.628,22.88
92515,463,S3,342.0,30.544,22.88
92516,463,S3,345.0,30.475,22.88
92517,463,S3,348.0,30.183,22.88
92518,463,S3,351.0,30.203,22.88
92519,463,S3,354.0,30.043,22.88
92520,463,S3,357.0,30.020,22.88
92521,463,S3,360.0,29.725,22.88
92522,463,S3,363.0,29.588,22.88
92523,463,S3,366.0,29.577,22.88
92524,463,S3,369.0,29.513,22.88
92525,463,S3,372.0,29.414,22.88
92526,463,S3,375.0,29.314,22.88
92527,463,S3,378.0,29.218,22.88
92528,463,S3,381.0,29.084,22.88
92529,463,S3,384.0,28.951,22.88
92530,463,S3,387.0,28.854,22.88
92531,463,S3,390.0,28.811,22.88
92532,463,S3,393.0,28.672,22.88
92533,463,S3,396.0,28.622,22.88
92534,463,S3,399.0,28.399,22.88
92535,463,S3,402.0,28.348,22.88
92536,463,S3,405.0,28.345,22.88
92537,463,S3,408.0,28.205,22.88
92538,463,S3,411.0,28.174,22.88
92539,463,S3,414.0,28.076,22.88
92540,463,S3,417.0,28.008,22.88
92541,463,S3,420.0,27.969,22.88
92542,463,S3,423.0,27.914,22.88
92543,463,S3,426.0,27.629,22.88
92544,463,S3,429.0,27.634,22.88
92545,463,S3,432.0,27.616,22.88
92546,463,S3,435.0,27.559,22.88
92547,463,S3,438.0,27.409,22.88
92548,463,S3,441.0,27.291,22.88
92549,463,S3,444.0,27.321,22.88
92550,463,S3,447.0,27.224,22.88
92551,463,S3,450.0,27.110,22.88
92552,463,S3,453.0,27.080,22.88
92553,463,S3,456.0,27.036,22.88
92554,463,S3,459.0,26.926,22.88
92555,463,S3,462.0,26.904,22.88
92556,463,S3,465.0,26.810,22.88
92557,463,S3,468.0,26.653,22.88
92558,463,S3,471.0,26.712,22.88
92559,463,S3,474.0,26.561,22.88
92560,463,S3,477.0,26.519,22.88
92561,463,S3,480.0,26.409,22.88
92562,463,S3,483.0,26.446,22.88
92563,463,S3,486.0,26.368,22.88
92564,463,S3,489.0,26.378,22.88
92565,463,S3,492.0,26.324,22.88
92566,463,S3,495.0,26.165,22.88
92567,463,S3,498.0,26.248,22.88
92568,463,S3,501.0,26.085,22.88
92569,463,S3,504.0,25.999,22.88
92570,463,S3,507.0,25.958,22.88
92571,463,S3,510.0,25.877,22.88
92572,463,S3,513.0,25.917,22.88
92573,463,S3,516.0,25.991,22.88
92574,463,S3,519.0,25.744,22.88
92575,463,S3,522.0,25.686,22.88
92576,463,S3,525.0,25.712,22.88
92577,463,S3,528.0,25.634,22.88
92578,463,S3,531.0,25.571,22.88
92579,463,S3,534.0,25.552,22.88
92580,463,S3,537.0,25.576,22.88
92581,463,S3,540.0,25.582,22.88
92582,463,S3,543.0,25.380,22.88
92583,463,S3,546.0,25.296,22.88
92584,463,S3,549.0,25.357,22.88
92585,463,S3,552.0,25.312,22.88
92586,463,S3,555.0,25.250,22.88
92587,463,S3,558.0,25.209,22.88
92588,463,S3,561.0,25.189,22.88
92589,463,S3,564.0,25.154,22.88
92590,463,S3,567.0,25.168,22.88
92591,463,S3,570.0,25.063,22.88
92592,463,S3,573.0,25.061,22.88
92593,463,S3,576.0,25.020,22.88
92594,463,S3,579.0,24.972,22.88
92595,463,S3,582.0,24.902,22.88
92596,463,S3,585.0,24.879,22.88
92597,463,S3,588.0,24.933,22.88
92598,463,S3,591.0,24.797,22.88
92599,463,S3,594.0,24.908,22.88
92600,463,S3,597.0,24.876,22.88
92601,464,S4,0.0,87.232,22.38
92602,464,S4,3.0,86.275,22.38
92603,464,S4,6.0,85.356,22.38
92604,464,S4,9.0,84.624,22.38
92605,464,S4,12.0,83.622,22.38
92606,464,S4,15.0,82.764,22.38
92607,464,S4,18.0,81.969,22.38
92608,464,S4,21.0,81.163,22.38
92609,464,S4,24.0,80.450,22.38
92610,464,S4,27.0,79.651,22.38
92611,464,S4,30.0,78.844,22.38
92612,464,S4,33.0,78.038,22.38
92613,464,S4,36.0,77.326,22.38
92614,464,S4,39.0,76.463,22.38
92615,464,S4,42.0,75.839,22.38
92616,464,S4,45.0,75.081,22.38
92617,464,S4,48.0,74.347,22.38
92618,464,S4,51.0,73.654,22.38
92619,464,S4,54.0,73.007,22.38
92620,464,S4,57.0,72.227,22.38
92621,464,S4,60.0,71.636,22.38
92622,464,S4,63.0,71.039,22.38
92623,464,S4,66.0,70.200,22.38
92624,464,S4,69.0,69.660,22.38
92625,464,S4,72.0,68.917,22.38
92626,464,S4,75.0,68.368,22.38
92627,464,S4,78.0,67.671,22.38
92628,464,S4,81.0,67.092,22.38
92629,464,S4,84.0,66.568,22.38
92630,464,S4,87.0,65.859,22.38
92631,464,S4,90.0,65.310,22.38
92632,464,S4,93.0,64.736,22.38
92633,464,S4,96.0,64.171,22.38
92634,464,S4,99.0,63.530,22.38
92635,464,S4,102.0,62.984,22.38
92636,464,S4,105.0,62.501,22.38
92637,464,S4,108.0,61.901,22.38
92638,464,S4,111.0,61.340,22.38
92639,464,S4,114.0,60.855,22.38
92640,464,S4,117.0,60.392,22.38
92641,464,S4,120.0,59.833,22.38
92642,464,S4,123.0,59.332,22.38
92643,464,S4,126.0,58.868,22.38
92644,464,S4,129.0,58.273,22.38
92645,464,S4,132.0,57.847,22.38
92646,464,S4,135.0,57.272,22.38
92647,464,S4,138.0,56.884,22.38
92648,464,S4,141.0,56.419,22.38
92649,464,S4,144.0,55.861,22.38
92650,464,S4,147.0,55.456,22.38
92651,464,S4,150.0,54.958,22.38
92652,464,S4,153.0,54.608,22.38
92653,464,S4,156.0,54.131,22.38
92654,464,S4,159.0,53.707,22.38
92655,464,S4,162.0,53.360,22.38
92656,464,S4,165.0,52.857,22.38
92657,464,S4,168.0,52.432,22.38
92658,464,S4,171.0,52.033,22.38
92659,464,S4,174.0,51.679,22.38
92660,464,S4,177.0,51.193,22.38
92661,464,S4,180.0,50.721,22.38
92662,464,S4,183.0,50.455,22.38
92663,464,S4,186.0,50.070,22.38
92664,464,S4,189.0,49.725,22.38
92665,464,S4,192.0,49.301,22.38
92666,464,S4,195.0,49.038,22.38
92667,464,S4,198.0,48.505,22.38
92668,464,S4,201.0,48.269,22.38
92669,464,S4,204.0,47.837,22.38
92670,464,S4,207.0,47.521,22.38
92671,464,S4,210.0,47.158,22.38
92672,464,S4,213.0,46.844,22.38
92673,464,S4,216.0,46.513,22.38
92674,464,S4,219.0,46.157,22.38
92675,464,S4,222.0,45.898,22.38
92676,464,S4,225.0,45.595,22.38
92677,464,S4,228.0,45.211,22.38
92678,464,S4,231.0,44.944,22.38
92679,464,S4,234.0,44.610,22.38
92680,464,S4,237.0,44.310,22.38
92681,464,S4,240.0,43.997,22.38
92682,464,S4,243.0,43.722,22.38
92683,464,S4,246.0,43.460,22.38
92684,464,S4,249.0,43.171,22.38
92685,464,S4,252.0,42.810,22.38
92686,464,S4,255.0,42.501,22.38
92687,464,S4,258.0,42.324,22.38
92688,464,S4,261.0,42.041,22.38
92689,464,S4,264.0,41.756,22.38
92690,464,S4,267.0,41.530,22.38
92691,464,S4,270.0,41.225,22.38
92692,464,S4,273.0,40.936,22.38
92693,464,S4,276.0,40.716,22.38
92694,464,S4,279.0,40.479,22.38
92695,464,S4,282.0,40.205,22.38
92696,464,S4,285.0,40.103,22.38
92697,464,S4,288.0,39.708,22.38
92698,464,S4,291.0,39.462,22.38
92699,464,S4,294.0,39.302,22.38
92700,464,S4,297.0,38.978,22.38
92701,464,S4,300.0,38.815,22.38
92702,464,S4,303.0,38.514,22.38
92703,464,S4,306.0,38.460,22.38
92704,464,S4,309.0,38.201,22.38
92705,464,S4,312.0,37.962,22.38
92706,464,S4,315.0,37.741,22.38
92707,464,S4,318.0,37.534,22.38
92708,464,S4,321.0,37.237,22.38
92709,464,S4,324.0,37.089,22.38
92710,464,S4,327.0,36.880,22.38
92711,464,S4,330.0,36.717,22.38
92712,464,S4,333.0,36.498,22.38
92713,464,S4,336.0,36.245,22.38
92714,464,S4,339.0,36.153,22.38
92715,464,S4,342.0,35.992,22.38
92716,464,S4,345.0,35.787,22.38
92717,464,S4,348.0,35.584,22.38
92718,464,S4,351.0,35.396,22.38
92719,464,S4,354.0,35.139,22.38
92720,464,S4,357.0,35.049,22.38
92721,464,S4,360.0,34.929,22.38
92722,464,S4,363.0,34.669,22.38
92723,464,S4,366.0,34.525,22.38
92724,464,S4,369.0,34.363,22.38
92725,464,S4,372.0,34.175,22.38
92726,464,S4,375.0,34.037,22.38
92727,464,S4,378.0,33.821,22.38
92728,464,S4,381.0,33.754,22.38
92729,464,S4,384.0,33.521,22.38
92730,464,S4,387.0,33.503,22.38
92731,464,S4,390.0,33.240,22.38
92732,464,S4,393.0,33.096,22.38
92733,464,S4,396.0,33.046,22.38
92734,464,S4,399.0,32.819,22.38
92735,464,S4,402.0,32.712,22.38
92736,464,S4,405.0,32.620,22.38
92737,464,S4,408.0,32.301,22.38
92738,464,S4,411.0,32.288,22.38
92739,464,S4,414.0,32.176,22.38
92740,464,S4,417.0,32.007,22.38
92741,464,S4,420.0,31.788,22.38
92742,464,S4,423.0,31.668,22.38
92743,464,S4,426.0,31.521,22.38
92744,464,S4,429.0,31.424,22.38
92745,464,S4,432.0,31.392,22.38
92746,464,S4,435.0,31.202,22.38
92747,464,S4,438.0,31.136,22.38
92748,464,S4,441.0,31.086,22.38
92749,464,S4,444.0,30.852,22.38
92750,464,S4,447.0,30.764,22.38
92751,464,S4,450.0,30.666,22.38
92752,464,S4,453.0,30.566,22.38
92753,464,S4,456.0,30.442,22.38
92754,464,S4,459.0,30.287,22.38
92755,464,S4,462.0,30.263,22.38
92756,464,S4,465.0,30.191,22.38
92757,464,S4,468.0,30.085,22.38
92758,464,S4,471.0,29.841,22.38
92759,464,S4,474.0,29.759,22.38
92760,464,S4,477.0,29.712,22.38
92761,464,S4,480.0,29.611,22.38
92762,464,S4,483.0,29.392,22.38
92763,464,S4,486.0,29.366,22.38
92764,464,S4,489.0,29.349,22.38
92765,464,S4,492.0,29.213,22.38
92766,464,S4,495.0,29.204,22.38
92767,464,S4,498.0,29.083,22.38
92768,464,S4,501.0,28.904,22.38
92769,464,S4,504.0,28.859,22.38
92770,464,S4,507.0,28.802,22.38
92771,464,S4,510.0,28.619,22.38
92772,464,S4,513.0,28.583,22.38
92773,464,S4,516.0,28.583,22.38
92774,464,S4,519.0,28.350,22.38
92775,464,S4,522.0,28.425,22.38
92776,464,S4,525.0,28.267,22.38
92777,464,S4,528.0,28.147,22.38
92778,464,S4,531.0,28.060,22.38
92779,464,S4,534.0,28.029,22.38
92780,464,S4,537.0,27.887,22.38
92781,464,S4,540.0,27.843,22.38
92782,464,S4,543.0,27.775,22.38
92783,464,S4,546.0,27.753,22.38
92784,464,S4,549.0,27.643,22.38
92785,464,S4,552.0,27.696,22.38
92786,464,S4,555.0,27.642,22.38
92787,464,S4,558.0,27.385,22.38
92788,464,S4,561.0,27.343,22.38
92789,464,S4,564.0,27.337,22.38
92790,464,S4,567.0,27.192,22.38
92791,464,S4,570.0,27.178,22.38
92792,464,S4,573.0,26.986,22.38
92793,464,S4,576.0,27.002,22.38
92794,464,S4,579.0,26.978,22.38
92795,464,S4,582.0,26.786,22.38
92796,464,S4,585.0,26.840,22.38
92797,464,S4,588.0,26.747,22.38
92798,464,S4,591.0,26.748,22.38
92799,464,S4,594.0,26.655,22.38
92800,464,S4,597.0,26.640,22.38
92801,465,S1,0.0,92.154,22.52
92802,465,S1,3.0,90.975,22.52
92803,465,S1,6.0,89.948,22.52
92804,465,S1,9.0,88.805,22.52
92805,465,S1,12.0,87.636,22.52
92806,465,S1,15.0,86.636,22.52
92807,465,S1,18.0,85.514,22.52
92808,465,S1,21.0,84.575,22.52
92809,465,S1,24.0,83.503,22.52
92810,465,S1,27.0,82.419,22.52
92811,465,S1,30.0,81.504,22.52
92812,465,S1,33.0,80.482,22.52
92813,465,S1,36.0,79.602,22.52
92814,465,S1,39.0,78.679,22.52
92815,465,S1,42.0,77.703,22.52
92816,465,S1,45.0,76.856,22.52
92817,465,S1,48.0,75.826,22.52
92818,465,S1,51.0,74.992,22.52
92819,465,S1,54.0,74.161,22.52
92820,465,S1,57.0,73.349,22.52
92821,465,S1,60.0,72.536,22.52
92822,465,S1,63.0,71.564,22.52
92823,465,S1,66.0,70.886,22.52
92824,465,S1,69.0,70.015,22.52
92825,465,S1,72.0,69.231,22.52
92826,465,S1,75.0,68.487,22.52
92827,465,S1,78.0,67.691,22.52
92828,465,S1,81.0,67.032,22.52
92829,465,S1,84.0,66.230,22.52
92830,465,S1,87.0,65.504,22.52
92831,465,S1,90.0,64.765,22.52
92832,465,S1,93.0,64.107,22.52
92833,465,S1,96.0,63.475,22.52
92834,465,S1,99.0,62.775,22.52
92835,465,S1,102.0,62.095,22.52
92836,465,S1,105.0,61.476,22.52
92837,465,S1,108.0,60.821,22.52
92838,465,S1,111.0,60.189,22.52
92839,465,S1,114.0,59.484,22.52
92840,465,S1,117.0,58.841,22.52
92841,465,S1,120.0,58.261,22.52
92842,465,S1,123.0,57.696,22.52
92843,465,S1,126.0,57.139,22.52
92844,465,S1,129.0,56.603,22.52
92845,465,S1,132.0,56.055,22.52
92846,465,S1,135.0,55.537,22.52
92847,465,S1,138.0,54.958,22.52
92848,465,S1,141.0,54.384,22.52
92849,465,S1,144.0,53.947,22.52
92850,465,S1,147.0,53.425,22.52
92851,465,S1,150.0,52.888,22.52
92852,465,S1,153.0,52.377,22.52
92853,465,S1,156.0,51.884,22.52
92854,465,S1,159.0,51.434,22.52
92855,465,S1,162.0,50.878,22.52
92856,465,S1,165.0,50.450,22.52
92857,465,S1,168.0,49.933,22.52
92858,465,S1,171.0,49.495,22.52
92859,465,S1,174.0,49.043,22.52
92860,465,S1,177.0,48.616,22.52
92861,465,S1,180.0,48.234,22.52
92862,465,S1,183.0,47.702,22.52
92863,465,S1,186.0,47.336,22.52
92864,465,S1,189.0,46.976,22.52
92865,465,S1,192.0,46.579,22.52
92866,465,S1,195.0,46.165,22.52
92867,465,S1,198.0,45.752,22.52
92868,465,S1,201.0,45.420,22.52
92869,465,S1,204.0,45.018,22.52
92870,465,S1,207.0,44.614,22.52
92871,465,S1,210.0,44.377,22.52
92872,465,S1,213.0,43.862,22.52
92873,465,S1,216.0,43.535,22.52
92874,465,S1,219.0,43.241,22.52
92875,465,S1,222.0,42.791,22.52
92876,465,S1,225.0,42.624,22.52
92877,465,S1,228.0,42.264,22.52
92878,465,S1,231.0,41.866,22.52
92879,465,S1,234.0,41.540,22.52
92880,465,S1,237.0,41.233,22.52
92881,465,S1,240.0,40.980,22.52
92882,465,S1,243.0,40.649,22.52
92883,465,S1,246.0,40.381,22.52
92884,465,S1,249.0,39.998,22.52
92885,465,S1,252.0,39.731,22.52
92886,465,S1,255.0,39.436,22.52
92887,465,S1,258.0,39.234,22.52
92888,465,S1,261.0,38.903,22.52
92889,465,S1,264.0,38.643,22.52
92890,465,S1,267.0,38.492,22.52
92891,465,S1,270.0,38.146,22.52
92892,465,S1,273.0,37.821,22.52
92893,465,S1,276.0,37.610,22.52
92894,465,S1,279.0,37.290,22.52
92895,465,S1,282.0,37.102,22.52
92896,465,S1,285.0,36.892,22.52
92897,465,S1,288.0,36.731,22.52
92898,465,S1,291.0,36.345,22.52
92899,465,S1,294.0,36.168,22.52
92900,465,S1,297.0,36.007,22.52
92901,465,S1,300.0,35.611,22.52
92902,465,S1,303.0,35.583,22.52
92903,465,S1,306.0,35.318,22.52
92904,465,S1,309.0,35.086,22.52
92905,465,S1,312.0,34.914,22.52
92906,465,S1,315.0,34.633,22.52
92907,465,S1,318.0,34.466,22.52
92908,465,S1,321.0,34.220,22.52
92909,465,S1,324.0,34.030,22.52
92910,465,S1,327.0,33.842,22.52
92911,465,S1,330.0,33.694,22.52
92912,465,S1,333.0,33.536,22.52
92913,465,S1,336.0,33.361,22.52
92914,465,S1,339.0,33.135,22.52
92915,465,S1,342.0,32.969,22.52
92916,465,S1,345.0,32.802,22.52
92917,465,S1,348.0,32.674,22.52
92918,465,S1,351.0,32.539,22.52
92919,465,S1,354.0,32.345,22.52
92920,465,S1,357.0,32.170,22.52
92921,465,S1,360.0,31.982,22.52
92922,465,S1,363.0,31.917,22.52
92923,465,S1,366.0,31.670,22.52
92924,465,S1,369.0,31.611,22.52
92925,465,S1,372.0,31.317,22.52
92926,465,S1,375.0,31.291,22.52
92927,465,S1,378.0,31.093,22.52
92928,465,S1,381.0,30.938,22.52
92929,465,S1,384.0,30.879,22.52
92930,465,S1,387.0,30.579,22.52
92931,465,S1,390.0,30.417,22.52
92932,465,S1,393.0,30.556,22.52
92933,465,S1,396.0,30.255,22.52
92934,465,S1,399.0,30.231,22.52
92935,465,S1,402.0,30.065,22.52
92936,465,S1,405.0,29.943,22.52
92937,465,S1,408.0,29.788,22.52
92938,465,S1,411.0,29.586,22.52
92939,465,S1,414.0,29.526,22.52
92940,465,S1,417.0,29.467,22.52
92941,465,S1,420.0,29.310,22.52
92942,465,S1,423.0,29.180,22.52
92943,465,S1,426.0,29.185,22.52
92944,465,S1,429.0,29.076,22.52
92945,465,S1,432.0,28.848,22.52
92946,465,S1,435.0,28.765,22.52
92947,465,S1,438.0,28.595,22.52
92948,465,S1,441.0,28.529,22.52
92949,465,S1,444.0,28.513,22.52
92950,465,S1,447.0,28.317,22.52
92951,465,S1,450.0,28.220,22.52
92952,465,S1,453.0,28.236,22.52
92953,465,S1,456.0,28.221,22.52
92954,465,S1,459.0,27.988,22.52
92955,465,S1,462.0,27.891,22.52
92956,465,S1,465.0,27.770,22.52
92957,465,S1,468.0,27.751,22.52
92958,465,S1,471.0,27.717,22.52
92959,465,S1,474.0,27.595,22.52
92960,465,S1,477.0,27.478,22.52
92961,465,S1,480.0,27.443,22.52
92962,465,S1,483.0,27.333,22.52
92963,465,S1,486.0,27.268,22.52
92964,465,S1,489.0,27.154,22.52
92965,465,S1,492.0,27.068,22.52
92966,465,S1,495.0,26.974,22.52
92967,465,S1,498.0,26.893,22.52
92968,465,S1,501.0,26.847,22.52
92969,465,S1,504.0,26.696,22.52
92970,465,S1,507.0,26.807,22.52
92971,465,S1,510.0,26.661,22.52
92972,465,S1,513.0,26.540,22.52
92973,465,S1,516.0,26.594,22.52
92974,465,S1,519.0,26.481,22.52
92975,465,S1,522.0,26.388,22.52
92976,465,S1,525.0,26.331,22.52
92977,465,S1,528.0,26.300,22.52
92978,465,S1,531.0,26.214,22.52
92979,465,S1,534.0,26.220,22.52
92980,465,S1,537.0,26.024,22.52
92981,465,S1,540.0,26.110,22.52
92982,465,S1,543.0,26.019,22.52
92983,465,S1,546.0,25.915,22.52
92984,465,S1,549.0,25.824,22.52
92985,465,S1,552.0,25.816,22.52
92986,465,S1,555.0,25.747,22.52
92987,465,S1,558.0,25.703,22.52
92988,465,S1,561.0,25.623,22.52
92989,465,S1,564.0,25.559,22.52
92990,465,S1,567.0,25.531,22.52
92991,465,S1,570.0,25.489,22.52
92992,465,S1,573.0,25.417,22.52
92993,465,S1,576.0,25.288,22.52
92994,465,S1,579.0,25.351,22.52
92995,465,S1,582.0,25.291,22.52
92996,465,S1,585.0,25.213,22.52
92997,465,S1,588.0,25.230,22.52
92998,465,S1,591.0,25.227,22.52
92999,465,S1,594.0,25.089,22.52
93000,465,S1,597.0,25.106,22.52
93001,466,S2,0.0,94.040,21.78
93002,466,S2,3.0,93.097,21.78
93003,466,S2,6.0,92.129,21.78
93004,466,S2,9.0,91.357,21.78
93005,466,S2,12.0,90.290,21.78
93006,466,S2,15.0,89.423,21.78
93007,466,S2,18.0,88.594,21.78
93008,466,S2,21.0,87.647,21.78
93009,466,S2,24.0,86.808,21.78
93010,466,S2,27.0,85.995,21.78
93011,466,S2,30.0,85.163,21.78
93012,466,S2,33.0,84.250,21.78
93013,466,S2,36.0,83.549,21.78
93014,466,S2,39.0,82.735,21.78
93015,466,S2,42.0,81.925,21.78
93016,466,S2,45.0,81.141,21.78
93017,466,S2,48.0,80.414,21.78
93018,466,S2,51.0,79.616,21.78
93019,466,S2,54.0,78.881,21.78
93020,466,S2,57.0,78.070,21.78
93021,466,S2,60.0,77.375,21.78
93022,466,S2,63.0,76.664,21.78
93023,466,S2,66.0,75.960,21.78
93024,466,S2,69.0,75.220,21.78
93025,466,S2,72.0,74.574,21.78
93026,466,S2,75.0,73.841,21.78
93027,466,S2,78.0,73.159,21.78
93028,466,S2,81.0,72.522,21.78
93029,466,S2,84.0,71.844,21.78
93030,466,S2,87.0,71.242,21.78
93031,466,S2,90.0,70.526,21.78
93032,466,S2,93.0,69.959,21.78
93033,466,S2,96.0,69.297,21.78
93034,466,S2,99.0,68.672,21.78
93035,466,S2,102.0,68.084,21.78
93036,466,S2,105.0,67.492,21.78
93037,466,S2,108.0,66.860,21.78
93038,466,S2,111.0,66.340,21.78
93039,466,S2,114.0,65.749,21.78
93040,466,S2,117.0,65.068,21.78
93041,466,S2,120.0,64.615,21.78
93042,466,S2,123.0,64.010,21.78
93043,466,S2,126.0,63.481,21.78
93044,466,S2,129.0,62.835,21.78
93045,466,S2,132.0,62.350,21.78
93046,466,S2,135.0,61.814,21.78
93047,466,S2,138.0,61.295,21.78
93048,466,S2,141.0,60.880,21.78
93049,466,S2,144.0,60.288,21.78
93050,466,S2,147.0,59.913,21.78
93051,466,S2,150.0,59.257,21.78
93052,466,S2,153.0,58.813,21.78
93053,466,S2,156.0,58.333,21.78
93054,466,S2,159.0,57.927,21.78
93055,466,S2,162.0,57.464,21.78
93056,466,S2,165.0,56.951,21.78
93057,466,S2,168.0,56.477,21.78
93058,466,S2,171.0,55.997,21.78
93059,466,S2,174.0,55.546,21.78
93060,466,S2,177.0,55.158,21.78
93061,466,S2,180.0,54.793,21.78
93062,466,S2,183.0,54.386,21.78
93063,466,S2,186.0,53.796,21.78
93064,466,S2,189.0,53.466,21.78
93065,466,S2,192.0,53.037,21.78
93066,466,S2,195.0,52.694,21.78
93067,466,S2,198.0,52.203,21.78
93068,466,S2,201.0,51.807,21.78
93069,466,S2,204.0,51.466,21.78
93070,466,S2,207.0,51.064,21.78
93071,466,S2,210.0,50.630,21.78
93072,466,S2,213.0,50.320,21.78
93073,466,S2,216.0,49.970,21.78
93074,466,S2,219.0,49.560,21.78
93075,466,S2,222.0,49.226,21.78
93076,466,S2,225.0,48.825,21.78
93077,466,S2,228.0,48.481,21.78
93078,466,S2,231.0,48.161,21.78
93079,466,S2,234.0,47.795,21.78
93080,466,S2,237.0,47.429,21.78
93081,466,S2,240.0,47.098,21.78
93082,466,S2,243.0,46.805,21.78
93083,466,S2,246.0,46.508,21.78
93084,466,S2,249.0,46.165,21.78
93085,466,S2,252.0,45.918,21.78
93086,466,S2,255.0,45.566,21.78
93087,466,S2,258.0,45.174,21.78
93088,466,S2,261.0,44.968,21.78
93089,466,S2,264.0,44.662,21.78
93090,466,S2,267.0,44.323,21.78
93091,466,S2,270.0,44.026,21.78
93092,466,S2,273.0,43.715,21.78
93093,466,S2,276.0,43.383,21.78
93094,466,S2,279.0,43.089,21.78
93095,466,S2,282.0,42.861,21.78
93096,466,S2,285.0,42.657,21.78
93097,466,S2,288.0,42.355,21.78
93098,466,S2,291.0,42.041,21.78
93099,466,S2,294.0,41.759,21.78
93100,466,S2,297.0,41.579,21.78
93101,466,S2,300.0,41.282,21.78
93102,466,S2,303.0,41.123,21.78
93103,466,S2,306.0,40.780,21.78
93104,466,S2,309.0,40.432,21.78
93105,466,S2,312.0,40.350,21.78
93106,466,S2,315.0,40.128,21.78
93107,466,S2,318.0,39.790,21.78
93108,466,S2,321.0,39.680,21.78
93109,466,S2,324.0,39.385,21.78
93110,466,S2,327.0,39.076,21.78
93111,466,S2,330.0,38.906,21.78
93112,466,S2,333.0,38.706,21.78
93113,466,S2,336.0,38.402,21.78
93114,466,S2,339.0,38.229,21.78
93115,466,S2,342.0,38.004,21.78
93116,466,S2,345.0,37.792,21.78
93117,466,S2,348.0,37.654,21.78
93118,466,S2,351.0,37.445,21.78
93119,466,S2,354.0,37.129,21.78
93120,466,S2,357.0,37.005,21.78
93121,466,S2,360.0,36.747,21.78
93122,466,S2,363.0,36.627,21.78
93123,466,S2,366.0,36.370,21.78
93124,466,S2,369.0,36.152,21.78
93125,466,S2,372.0,36.079,21.78
93126,466,S2,375.0,35.838,21.78
93127,466,S2,378.0,35.661,21.78
93128,466,S2,381.0,35.444,21.78
93129,466,S2,384.0,35.367,21.78
93130,466,S2,387.0,35.122,21.78
93131,466,S2,390.0,35.055,21.78
93132,466,S2,393.0,34.740,21.78
93133,466,S2,396.0,34.567,21.78
93134,466,S2,399.0,34.466,21.78
93135,466,S2,402.0,34.266,21.78
93136,466,S2,405.0,34.180,21.78
93137,466,S2,408.0,33.964,21.78
93138,466,S2,411.0,33.804,21.78
93139,466,S2,414.0,33.653,21.78
93140,466,S2,417.0,33.456,21.78
93141,466,S2,420.0,33.377,21.78
93142,466,S2,423.0,33.242,21.78
93143,466,S2,426.0,33.075,21.78
93144,466,S2,429.0,32.838,21.78
93145,466,S2,432.0,32.784,21.78
93146,466,S2,435.0,32.614,21.78
93147,466,S2,438.0,32.514,21.78
93148,466,S2,441.0,32.299,21.78
93149,466,S2,444.0,32.186,21.78
93150,466,S2,447.0,31.947,21.78
93151,466,S2,450.0,31.922,21.78
93152,466,S2,453.0,31.779,21.78
93153,466,S2,456.0,31.618,21.78
93154,466,S2,459.0,31.507,21.78
93155,466,S2,462.0,31.391,21.78
93156,466,S2,465.0,31.306,21.78
93157,466,S2,468.0,31.176,21.78
93158,466,S2,471.0,31.082,21.78
93159,466,S2,474.0,30.958,21.78
93160,466,S2,477.0,30.720,21.78
93161,466,S2,480.0,30.633,21.78
93162,466,S2,483.0,30.514,21.78
93163,466,S2,486.0,30.521,21.78
93164,466,S2,489.0,30.354,21.78
93165,466,S2,492.0,30.164,21.78
93166,466,S2,495.0,30.060,21.78
93167,466,S2,498.0,30.066,21.78
93168,466,S2,501.0,29.784,21.78
93169,466,S2,504.0,29.675,21.78
93170,466,S2,507.0,29.718,21.78
93171,466,S2,510.0,29.553,21.78
93172,466,S2,513.0,29.512,21.78
93173,466,S2,516.0,29.446,21.78
93174,466,S2,519.0,29.130,21.78
93175,466,S2,522.0,29.108,21.78
93176,466,S2,525.0,28.981,21.78
93177,466,S2,528.0,29.068,21.78
93178,466,S2,531.0,28.952,21.78
93179,466,S2,534.0,28.790,21.78
93180,466,S2,537.0,28.755,21.78
93181,466,S2,540.0,28.520,21.78
93182,466,S2,543.0,28.682,21.78
93183,466,S2,546.0,28.391,21.78
93184,466,S2,549.0,28.360,21.78
93185,466,S2,552.0,28.270,21.78
93186,466,S2,555.0,28.233,21.78
93187,466,S2,558.0,28.107,21.78
93188,466,S2,561.0,28.050,21.78
93189,466,S2,564.0,27.898,21.78
93190,466,S2,567.0,27.888,21.78
93191,466,S2,570.0,27.777,21.78
93192,466,S2,573.0,27.720,21.78
93193,466,S2,576.0,27.626,21.78
93194,466,S2,579.0,27.607,21.78
93195,466,S2,582.0,27.515,21.78
93196,466,S2,585.0,27.439,21.78
93197,466,S2,588.0,27.337,21.78
93198,466,S2,591.0,27.198,21.78
93199,466,S2,594.0,27.091,21.78
93200,466,S2,597.0,27.184,21.78
93201,467,S3,0.0,78.759,20.56
93202,467,S3,3.0,77.829,20.56
93203,467,S3,6.0,76.906,20.56
93204,467,S3,9.0,76.185,20.56
93205,467,S3,12.0,75.300,20.56
93206,467,S3,15.0,74.436,20.56
93207,467,S3,18.0,73.804,20.56
93208,467,S3,21.0,72.977,20.56
93209,467,S3,24.0,72.236,20.56
93210,467,S3,27.0,71.491,20.56
93211,467,S3,30.0,70.864,20.56
93212,467,S3,33.0,70.039,20.56
93213,467,S3,36.0,69.377,20.56
93214,467,S3,39.0,68.601,20.56
93215,467,S3,42.0,67.879,20.56
93216,467,S3,45.0,67.227,20.56
93217,467,S3,48.0,66.603,20.56
93218,467,S3,51.0,65.887,20.56
93219,467,S3,54.0,65.065,20.56
93220,467,S3,57.0,64.587,20.56
93221,467,S3,60.0,63.833,20.56
93222,467,S3,63.0,63.246,20.56
93223,467,S3,66.0,62.717,20.56
93224,467,S3,69.0,62.012,20.56
93225,467,S3,72.0,61.450,20.56
93226,467,S3,75.0,60.858,20.56
93227,467,S3,78.0,60.217,20.56
93228,467,S3,81.0,59.771,20.56
93229,467,S3,84.0,59.175,20.56
93230,467,S3,87.0,58.536,20.56
93231,467,S3,90.0,58.004,20.56
93232,467,S3,93.0,57.492,20.56
93233,467,S3,96.0,56.961,20.56
93234,467,S3,99.0,56.458,20.56
93235,467,S3,102.0,55.911,20.56
93236,467,S3,105.0,55.252,20.56
93237,467,S3,108.0,54.794,20.56
93238,467,S3,111.0,54.286,20.56
93239,467,S3,114.0,53.845,20.56
93240,467,S3,117.0,53.363,20.56
93241,467,S3,120.0,52.841,20.56
93242,467,S3,123.0,52.386,20.56
93243,467,S3,126.0,51.888,20.56
93244,467,S3,129.0,51.510,20.56
93245,467,S3,132.0,51.042,20.56
93246,467,S3,135.0,50.545,20.56
93247,467,S3,138.0,50.141,20.56
93248,467,S3,141.0,49.746,20.56
93249,467,S3,144.0,49.305,20.56
93250,467,S3,147.0,48.883,20.56
93251,467,S3,150.0,48.344,20.56
93252,467,S3,153.0,48.043,20.56
93253,467,S3,156.0,47.733,20.56
93254,467,S3,159.0,47.289,20.56
93255,467,S3,162.0,46.800,20.56
93256,467,S3,165.0,46.504,20.56
93257,467,S3,168.0,46.076,20.56
93258,467,S3,171.0,45.758,20.56
93259,467,S3,174.0,45.444,20.56
93260,467,S3,177.0,45.027,20.56
93261,467,S3,180.0,44.646,20.56
93262,467,S3,183.0,44.245,20.56
93263,467,S3,186.0,44.036,20.56
93264,467,S3,189.0,43.570,20.56
93265,467,S3,192.0,43.295,20.56
93266,467,S3,195.0,42.904,20.56
93267,467,S3,198.0,42.597,20.56
93268,467,S3,201.0,42.276,20.56
93269,467,S3,204.0,41.913,20.56
93270,467,S3,207.0,41.591,20.56
93271,467,S3,210.0,41.340,20.56
93272,467,S3,213.0,41.091,20.56
93273,467,S3,216.0,40.787,20.56
93274,467,S3,219.0,40.533,20.56
93275,467,S3,222.0,40.090,20.56
93276,467,S3,225.0,39.824,20.56
93277,467,S3,228.0,39.679,20.56
93278,467,S3,231.0,39.247,20.56
93279,467,S3,234.0,38.999,20.56
93280,467,S3,237.0,38.885,20.56
93281,467,S3,240.0,38.510,20.56
93282,467,S3,243.0,38.196,20.56
93283,467,S3,246.0,38.024,20.56
93284,467,S3,249.0,37.734,20.56
93285,467,S3,252.0,37.553,20.56
93286,467,S3,255.0,37.367,20.56
93287,467,S3,258.0,37.055,20.56
93288,467,S3,261.0,36.807,20.56
93289,467,S3,264.0,36.580,20.56
93290,467,S3,267.0,36.228,20.56
93291,467,S3,270.0,36.048,20.56
93292,467,S3,273.0,35.850,20.56
93293,467,S3,276.0,35.704,20.56
93294,467,S3,279.0,35.380,20.56
93295,467,S3,282.0,35.209,20.56
93296,467,S3,285.0,34.987,20.56
93297,467,S3,288.0,34.828,20.56
93298,467,S3,291.0,34.589,20.56
93299,467,S3,294.0,34.366,20.56
93300,467,S3,297.0,34.144,20.56
93301,467,S3,300.0,34.043,20.56
93302,467,S3,303.0,33.720,20.56
93303,467,S3,306.0,33.554,20.56
93304,467,S3,309.0,33.414,20.56
93305,467,S3,312.0,33.179,20.56
93306,467,S3,315.0,32.936,20.56
93307,467,S3,318.0,32.784,20.56
93308,467,S3,321.0,32.697,20.56
93309,467,S3,324.0,32.513,20.56
93310,467,S3,327.0,32.215,20.56
93311,467,S3,330.0,32.013,20.56
93312,467,S3,333.0,31.983,20.56
93313,467,S3,336.0,31.667,20.56
93314,467,S3,339.0,31.640,20.56
93315,467,S3,342.0,31.432,20.56
93316,467,S3,345.0,31.302,20.56
93317,467,S3,348.0,31.110,20.56
93318,467,S3,351.0,31.070,20.56
93319,467,S3,354.0,30.802,20.56
93320,467,S3,357.0,30.700,20.56
93321,467,S3,360.0,30.510,20.56
93322,467,S3,363.0,30.440,20.56
93323,467,S3,366.0,30.189,20.56
93324,467,S3,369.0,30.038,20.56
93325,467,S3,372.0,29.963,20.56
93326,467,S3,375.0,29.740,20.56
93327,467,S3,378.0,29.659,20.56
93328,467,S3,381.0,29.608,20.56
93329,467,S3,384.0,29.425,20.56
93330,467,S3,387.0,29.404,20.56
93331,467,S3,390.0,29.146,20.56
93332,467,S3,393.0,29.036,20.56
93333,467,S3,396.0,28.891,20.56
93334,467,S3,399.0,28.860,20.56
93335,467,S3,402.0,28.714,20.56
93336,467,S3,405.0,28.624,20.56
93337,467,S3,408.0,28.499,20.56
93338,467,S3,411.0,28.390,20.56
93339,467,S3,414.0,28.191,20.56
93340,467,S3,417.0,28.156,20.56
93341,467,S3,420.0,28.005,20.56
93342,467,S3,423.0,27.896,20.56
93343,467,S3,426.0,27.781,20.56
93344,467,S3,429.0,27.691,20.56
93345,467,S3,432.0,27.604,20.56
93346,467,S3,435.0,27.489,20.56
93347,467,S3,438.0,27.396,20.56
93348,467,S3,441.0,27.284,20.56
93349,467,S3,444.0,27.208,20.56
93350,467,S3,447.0,27.122,20.56
93351,467,S3,450.0,27.106,20.56
93352,467,S3,453.0,26.898,20.56
93353,467,S3,456.0,26.810,20.56
93354,467,S3,459.0,26.795,20.56
93355,467,S3,462.0,26.660,20.56
93356,467,S3,465.0,26.590,20.56
93357,467,S3,468.0,26.459,20.56
93358,467,S3,471.0,26.332,20.56
93359,467,S3,474.0,26.186,20.56
93360,467,S3,477.0,26.225,20.56
93361,467,S3,480.0,26.109,20.56
93362,467,S3,483.0,26.016,20.56
93363,467,S3,486.0,26.007,20.56
93364,467,S3,489.0,25.811,20.56
93365,467,S3,492.0,25.886,20.56
93366,467,S3,495.0,25.685,20.56
93367,467,S3,498.0,25.713,20.56
93368,467,S3,501.0,25.487,20.56
93369,467,S3,504.0,25.506,20.56
93370,467,S3,507.0,25.451,20.56
93371,467,S3,510.0,25.319,20.56
93372,467,S3,513.0,25.187,20.56
93373,467,S3,516.0,25.231,20.56
93374,467,S3,519.0,25.168,20.56
93375,467,S3,522.0,24.999,20.56
93376,467,S3,525.0,25.001,20.56
93377,467,S3,528.0,24.974,20.56
93378,467,S3,531.0,24.900,20.56
93379,467,S3,534.0,24.726,20.56
93380,467,S3,537.0,24.765,20.56
93381,467,S3,540.0,24.698,20.56
93382,467,S3,543.0,24.583,20.56
93383,467,S3,546.0,24.561,20.56
93384,467,S3,549.0,24.518,20.56
93385,467,S3,552.0,24.486,20.56
93386,467,S3,555.0,24.409,20.56
93387,467,S3,558.0,24.313,20.56
93388,467,S3,561.0,24.192,20.56
93389,467,S3,564.0,24.249,20.56
93390,467,S3,567.0,24.220,20.56
93391,467,S3,570.0,24.123,20.56
93392,467,S3,573.0,24.015,20.56
93393,467,S3,576.0,24.022,20.56
93394,467,S3,579.0,23.960,20.56
93395,467,S3,582.0,23.880,20.56
93396,467,S3,585.0,23.946,20.56
93397,467,S3,588.0,23.893,20.56
93398,467,S3,591.0,23.854,20.56
93399,467,S3,594.0,23.718,20.56
93400,467,S3,597.0,23.645,20.56
93401,468,S4,0.0,90.030,20.83
93402,468,S4,3.0,89.063,20.83
93403,468,S4,6.0,88.085,20.83
93404,468,S4,9.0,87.178,20.83
93405,468,S4,12.0,86.238,20.83
93406,468,S4,15.0,85.360,20.83
93407,468,S4,18.0,84.381,20.83
93408,468,S4,21.0,83.510,20.83
93409,468,S4,24.0,82.709,20.83
93410,468,S4,27.0,81.715,20.83
93411,468,S4,30.0,80.906,20.83
93412,468,S4,33.0,80.111,20.83
93413,468,S4,36.0,79.199,20.83
93414,468,S4,39.0,78.515,20.83
93415,468,S4,42.0,77.656,20.83
93416,468,S4,45.0,76.926,20.83
93417,468,S4,48.0,76.188,20.83
93418,468,S4,51.0,75.420,20.83
93419,468,S4,54.0,74.590,20.83
93420,468,S4,57.0,73.798,20.83
93421,468,S4,60.0,73.082,20.83
93422,468,S4,63.0,72.382,20.83
93423,468,S4,66.0,71.598,20.83
93424,468,S4,69.0,70.959,20.83
93425,468,S4,72.0,70.264,20.83
93426,468,S4,75.0,69.522,20.83
93427,468,S4,78.0,68.899,20.83
93428,468,S4,81.0,68.207,20.83
93429,468,S4,84.0,67.590,20.83
93430,468,S4,87.0,66.943,20.83
93431,468,S4,90.0,66.217,20.83
93432,468,S4,93.0,65.647,20.83
93433,468,S4,96.0,65.080,20.83
93434,468,S4,99.0,64.354,20.83
93435,468,S4,102.0,63.834,20.83
93436,468,S4,105.0,63.127,20.83
93437,468,S4,108.0,62.601,20.83
93438,468,S4,111.0,62.029,20.83
93439,468,S4,114.0,61.404,20.83
93440,468,S4,117.0,60.882,20.83
93441,468,S4,120.0,60.305,20.83
93442,468,S4,123.0,59.760,20.83
93443,468,S4,126.0,59.251,20.83
93444,468,S4,129.0,58.669,20.83
93445,468,S4,132.0,58.121,20.83
93446,468,S4,135.0,57.701,20.83
93447,468,S4,138.0,57.089,20.83
93448,468,S4,141.0,56.556,20.83
93449,468,S4,144.0,56.099,20.83
93450,468,S4,147.0,55.655,20.83
93451,468,S4,150.0,55.164,20.83
93452,468,S4,153.0,54.694,20.83
93453,468,S4,156.0,54.142,20.83
93454,468,S4,159.0,53.712,20.83
93455,468,S4,162.0,53.307,20.83
93456,468,S4,165.0,52.772,20.83
93457,468,S4,168.0,52.359,20.83
93458,468,S4,171.0,51.850,20.83
93459,468,S4,174.0,51.478,20.83
93460,468,S4,177.0,51.044,20.83
93461,468,S4,180.0,50.624,20.83
93462,468,S4,183.0,50.229,20.83
93463,468,S4,186.0,49.806,20.83
93464,468,S4,189.0,49.445,20.83
93465,468,S4,192.0,49.084,20.83
93466,468,S4,195.0,48.531,20.83
93467,468,S4,198.0,48.326,20.83
93468,468,S4,201.0,47.807,20.83
93469,468,S4,204.0,47.496,20.83
93470,468,S4,207.0,47.051,20.83
93471,468,S4,210.0,46.751,20.83
93472,468,S4,213.0,46.338,20.83
93473,468,S4,216.0,46.002,20.83
93474,468,S4,219.0,45.684,20.83
93475,468,S4,222.0,45.354,20.83
93476,468,S4,225.0,45.049,20.83
93477,468,S4,228.0,44.653,20.83
93478,468,S4,231.0,44.407,20.83
93479,468,S4,234.0,43.945,20.83
93480,468,S4,237.0,43.754,20.83
93481,468,S4,240.0,43.395,20.83
93482,468,S4,243.0,43.035,20.83
93483,468,S4,246.0,42.689,20.83
93484,468,S4,249.0,42.538,20.83
93485,468,S4,252.0,42.077,20.83
93486,468,S4,255.0,41.874,20.83
93487,468,S4,258.0,41.540,20.83
93488,468,S4,261.0,41.235,20.83
93489,468,S4,264.0,41.037,20.83
93490,468,S4,267.0,40.620,20.83
93491,468,S4,270.0,40.351,20.83
93492,468,S4,273.0,40.120,20.83
93493,468,S4,276.0,39.882,20.83
93494,468,S4,279.0,39.531,20.83
93495,468,S4,282.0,39.342,20.83
93496,468,S4,285.0,39.044,20.83
93497,468,S4,288.0,38.875,20.83
93498,468,S4,291.0,38.565,20.83
93499,468,S4,294.0,38.256,20.83
93500,468,S4,297.0,38.057,20.83
93501,468,S4,300.0,37.830,20.83
93502,468,S4,303.0,37.570,20.83
93503,468,S4,306.0,37.357,20.83
93504,468,S4,309.0,37.142,20.83
93505,468,S4,312.0,36.871,20.83
93506,468,S4,315.0,36.704,20.83
93507,468,S4,318.0,36.481,20.83
93508,468,S4,321.0,36.326,20.83
93509,468,S4,324.0,36.073,20.83
93510,468,S4,327.0,35.866,20.83
93511,468,S4,330.0,35.604,20.83
93512,468,S4,333.0,35.442,20.83
93513,468,S4,336.0,35.221,20.83
93514,468,S4,339.0,34.990,20.83
93515,468,S4,342.0,34.754,20.83
93516,468,S4,345.0,34.627,20.83
93517,468,S4,348.0,34.482,20.83
93518,468,S4,351.0,34.200,20.83
93519,468,S4,354.0,34.013,20.83
93520,468,S4,357.0,33.839,20.83
93521,468,S4,360.0,33.679,20.83
93522,468,S4,363.0,33.585,20.83
93523,468,S4,366.0,33.222,20.83
93524,468,S4,369.0,33.130,20.83
93525,468,S4,372.0,32.938,20.83
93526,468,S4,375.0,32.866,20.83
93527,468,S4,378.0,32.667,20.83
93528,468,S4,381.0,32.450,20.83
93529,468,S4,384.0,32.351,20.83
93530,468,S4,387.0,32.162,20.83
93531,468,S4,390.0,32.084,20.83
93532,468,S4,393.0,31.896,20.83
93533,468,S4,396.0,31.666,20.83
93534,468,S4,399.0,31.530,20.83
93535,468,S4,402.0,31.457,20.83
93536,468,S4,405.0,31.252,20.83
93537,468,S4,408.0,31.107,20.83
93538,468,S4,411.0,30.921,20.83
93539,468,S4,414.0,30.874,20.83
93540,468,S4,417.0,30.687,20.83
93541,468,S4,420.0,30.549,20.83
93542,468,S4,423.0,30.410,20.83
93543,468,S4,426.0,30.272,20.83
93544,468,S4,429.0,30.095,20.83
93545,468,S4,432.0,30.078,20.83
93546,468,S4,435.0,29.866,20.83
93547,468,S4,438.0,29.706,20.83
93548,468,S4,441.0,29.681,20.83
93549,468,S4,444.0,29.484,20.83
93550,468,S4,447.0,29.398,20.83
93551,468,S4,450.0,29.300,20.83
93552,468,S4,453.0,29.154,20.83
93553,468,S4,456.0,29.011,20.83
93554,468,S4,459.0,28.891,20.83
93555,468,S4,462.0,28.786,20.83
93556,468,S4,465.0,28.725,20.83
93557,468,S4,468.0,28.562,20.83
93558,468,S4,471.0,28.468,20.83
93559,468,S4,474.0,28.359,20.83
93560,468,S4,477.0,28.253,20.83
93561,468,S4,480.0,28.216,20.83
93562,468,S4,483.0,28.120,20.83
93563,468,S4,486.0,27.988,20.83
93564,468,S4,489.0,27.868,20.83
93565,468,S4,492.0,27.751,20.83
93566,468,S4,495.0,27.621,20.83
93567,468,S4,498.0,27.541,20.83
93568,468,S4,501.0,27.460,20.83
93569,468,S4,504.0,27.423,20.83
93570,468,S4,507.0,27.324,20.83
93571,468,S4,510.0,27.188,20.83
93572,468,S4,513.0,27.241,20.83
93573,468,S4,516.0,27.065,20.83
93574,468,S4,519.0,26.933,20.83
93575,468,S4,522.0,26.927,20.83
93576,468,S4,525.0,26.826,20.83
93577,468,S4,528.0,26.605,20.83
93578,468,S4,531.0,26.592,20.83
93579,468,S4,534.0,26.650,20.83
93580,468,S4,537.0,26.466,20.83
93581,468,S4,540.0,26.320,20.83
93582,468,S4,543.0,26.346,20.83
93583,468,S4,546.0,26.247,20.83
93584,468,S4,549.0,26.114,20.83
93585,468,S4,552.0,26.071,20.83
93586,468,S4,555.0,25.980,20.83
93587,468,S4,558.0,25.893,20.83
93588,468,S4,561.0,25.840,20.83
93589,468,S4,564.0,25.789,20.83
93590,468,S4,567.0,25.720,20.83
93591,468,S4,570.0,25.657,20.83
93592,468,S4,573.0,25.462,20.83
93593,468,S4,576.0,25.555,20.83
93594,468,S4,579.0,25.580,20.83
93595,468,S4,582.0,25.312,20.83
93596,468,S4,585.0,25.314,20.83
93597,468,S4,588.0,25.240,20.83
93598,468,S4,591.0,25.077,20.83
93599,468,S4,594.0,25.157,20.83
93600,468,S4,597.0,25.132,20.83
93601,469,S1,0.0,84.068,22.63
93602,469,S1,3.0,82.583,22.63
93603,469,S1,6.0,81.178,22.63
93604,469,S1,9.0,79.761,22.63
93605,469,S1,12.0,78.571,22.63
93606,469,S1,15.0,77.353,22.63
93607,469,S1,18.0,76.067,22.63
93608,469,S1,21.0,74.864,22.63
93609,469,S1,24.0,73.656,22.63
93610,469,S1,27.0,72.455,22.63
93611,469,S1,30.0,71.323,22.63
93612,469,S1,33.0,70.175,22.63
93613,469,S1,36.0,69.124,22.63
93614,469,S1,39.0,68.067,22.63
93615,469,S1,42.0,67.045,22.63
93616,469,S1,45.0,66.007,22.63
93617,469,S1,48.0,64.896,22.63
93618,469,S1,51.0,63.993,22.63
93619,469,S1,54.0,63.016,22.63
93620,469,S1,57.0,62.113,22.63
93621,469,S1,60.0,61.318,22.63
93622,469,S1,63.0,60.341,22.63
93623,469,S1,66.0,59.479,22.63
93624,469,S1,69.0,58.718,22.63
93625,469,S1,72.0,57.811,22.63
93626,469,S1,75.0,56.995,22.63
93627,469,S1,78.0,56.249,22.63
93628,469,S1,81.0,55.572,22.63
93629,469,S1,84.0,54.635,22.63
93630,469,S1,87.0,53.924,22.63
93631,469,S1,90.0,53.235,22.63
93632,469,S1,93.0,52.487,22.63
93633,469,S1,96.0,51.768,22.63
93634,469,S1,99.0,51.177,22.63
93635,469,S1,102.0,50.447,22.63
93636,469,S1,105.0,49.942,22.63
93637,469,S1,108.0,49.319,22.63
93638,469,S1,111.0,48.659,22.63
93639,469,S1,114.0,48.027,22.63
93640,469,S1,117.0,47.512,22.63
93641,469,S1,120.0,46.849,22.63
93642,469,S1,123.0,46.359,22.63
93643,469,S1,126.0,45.716,22.63
93644,469,S1,129.0,45.227,22.63
93645,469,S1,132.0,44.830,22.63
93646,469,S1,135.0,44.159,22.63
93647,469,S1,138.0,43.812,22.63
93648,469,S1,141.0,43.200,22.63
93649,469,S1,144.0,42.864,22.63
93650,469,S1,147.0,42.216,22.63
93651,469,S1,150.0,41.876,22.63
93652,469,S1,153.0,41.438,22.63
93653,469,S1,156.0,41.101,22.63
93654,469,S1,159.0,40.542,22.63
93655,469,S1,162.0,40.174,22.63
93656,469,S1,165.0,39.773,22.63
93657,469,S1,168.0,39.342,22.63
93658,469,S1,171.0,39.031,22.63
93659,469,S1,174.0,38.553,22.63
93660,469,S1,177.0,38.169,22.63
93661,469,S1,180.0,37.926,22.63
93662,469,S1,183.0,37.546,22.63
93663,469,S1,186.0,37.204,22.63
93664,469,S1,189.0,36.774,22.63
93665,469,S1,192.0,36.520,22.63
93666,469,S1,195.0,36.183,22.63
93667,469,S1,198.0,35.923,22.63
93668,469,S1,201.0,35.583,22.63
93669,469,S1,204.0,35.273,22.63
93670,469,S1,207.0,35.046,22.63
93671,469,S1,210.0,34.698,22.63
93672,469,S1,213.0,34.444,22.63
93673,469,S1,216.0,34.152,22.63
93674,469,S1,219.0,33.838,22.63
93675,469,S1,222.0,33.549,22.63
93676,469,S1,225.0,33.409,22.63
93677,469,S1,228.0,33.191,22.63
93678,469,S1,231.0,32.943,22.63
93679,469,S1,234.0,32.601,22.63
93680,469,S1,237.0,32.458,22.63
93681,469,S1,240.0,32.236,22.63
93682,469,S1,243.0,32.082,22.63
93683,469,S1,246.0,31.711,22.63
93684,469,S1,249.0,31.674,22.63
93685,469,S1,252.0,31.485,22.63
93686,469,S1,255.0,31.149,22.63
93687,469,S1,258.0,31.100,22.63
93688,469,S1,261.0,30.747,22.63
93689,469,S1,264.0,30.661,22.63
93690,469,S1,267.0,30.413,22.63
93691,469,S1,270.0,30.166,22.63
93692,469,S1,273.0,30.088,22.63
93693,469,S1,276.0,29.856,22.63
93694,469,S1,279.0,29.708,22.63
93695,469,S1,282.0,29.499,22.63
93696,469,S1,285.0,29.392,22.63
93697,469,S1,288.0,29.236,22.63
93698,469,S1,291.0,29.194,22.63
93699,469,S1,294.0,28.983,22.63
93700,469,S1,297.0,28.858,22.63
93701,469,S1,300.0,28.585,22.63
93702,469,S1,303.0,28.516,22.63
93703,469,S1,306.0,28.300,22.63
93704,469,S1,309.0,28.198,22.63
93705,469,S1,312.0,28.089,22.63
93706,469,S1,315.0,27.972,22.63
93707,469,S1,318.0,27.856,22.63
93708,469,S1,321.0,27.817,22.63
93709,469,S1,324.0,27.613,22.63
93710,469,S1,327.0,27.476,22.63
93711,469,S1,330.0,27.513,22.63
93712,469,S1,333.0,27.263,22.63
93713,469,S1,336.0,27.193,22.63
93714,469,S1,339.0,27.047,22.63
93715,469,S1,342.0,27.048,22.63
93716,469,S1,345.0,26.852,22.63
93717,469,S1,348.0,26.853,22.63
93718,469,S1,351.0,26.666,22.63
93719,469,S1,354.0,26.555,22.63
93720,469,S1,357.0,26.477,22.63
93721,469,S1,360.0,26.350,22.63
93722,469,S1,363.0,26.260,22.63
93723,469,S1,366.0,26.258,22.63
93724,469,S1,369.0,26.113,22.63
93725,469,S1,372.0,25.983,22.63
93726,469,S1,375.0,25.962,22.63
93727,469,S1,378.0,25.893,22.63
93728,469,S1,381.0,25.887,22.63
93729,469,S1,384.0,25.823,22.63
93730,469,S1,387.0,25.688,22.63
93731,469,S1,390.0,25.672,22.63
93732,469,S1,393.0,25.588,22.63
93733,469,S1,396.0,25.536,22.63
93734,469,S1,399.0,25.477,22.63
93735,469,S1,402.0,25.327,22.63
93736,469,S1,405.0,25.335,22.63
93737,469,S1,408.0,25.230,22.63
93738,469,S1,411.0,25.126,22.63
93739,469,S1,414.0,25.108,22.63
93740,469,S1,417.0,25.080,22.63
93741,469,S1,420.0,24.948,22.63
93742,469,S1,423.0,24.930,22.63
93743,469,S1,426.0,24.915,22.63
93744,469,S1,429.0,24.862,22.63
93745,469,S1,432.0,24.823,22.63
93746,469,S1,435.0,24.864,22.63
93747,469,S1,438.0,24.665,22.63
93748,469,S1,441.0,24.669,22.63
93749,469,S1,444.0,24.633,22.63
93750,469,S1,447.0,24.660,22.63
93751,469,S1,450.0,24.488,22.63
93752,469,S1,453.0,24.585,22.63
93753,469,S1,456.0,24.424,22.63
93754,469,S1,459.0,24.425,22.63
93755,469,S1,462.0,24.281,22.63
93756,469,S1,465.0,24.306,22.63
93757,469,S1,468.0,24.325,22.63
93758,469,S1,471.0,24.231,22.63
93759,469,S1,474.0,24.266,22.63
93760,469,S1,477.0,24.186,22.63
93761,469,S1,480.0,24.167,22.63
93762,469,S1,483.0,24.149,22.63
93763,469,S1,486.0,24.075,22.63
93764,469,S1,489.0,24.151,22.63
93765,469,S1,492.0,23.989,22.63
93766,469,S1,495.0,23.988,22.63
93767,469,S1,498.0,23.890,22.63
93768,469,S1,501.0,23.894,22.63
93769,469,S1,504.0,23.922,22.63
93770,469,S1,507.0,23.911,22.63
93771,469,S1,510.0,23.798,22.63
93772,469,S1,513.0,23.816,22.63
93773,469,S1,516.0,23.693,22.63
93774,469,S1,519.0,23.704,22.63
93775,469,S1,522.0,23.714,22.63
93776,469,S1,525.0,23.711,22.63
93777,469,S1,528.0,23.661,22.63
93778,469,S1,531.0,23.599,22.63
93779,469,S1,534.0,23.616,22.63
93780,469,S1,537.0,23.536,22.63
93781,469,S1,540.0,23.538,22.63
93782,469,S1,543.0,23.593,22.63
93783,469,S1,546.0,23.454,22.63
93784,469,S1,549.0,23.443,22.63
93785,469,S1,552.0,23.491,22.63
93786,469,S1,555.0,23.516,22.63
93787,469,S1,558.0,23.478,22.63
93788,469,S1,561.0,23.412,22.63
93789,469,S1,564.0,23.353,22.63
93790,469,S1,567.0,23.431,22.63
93791,469,S1,570.0,23.488,22.63
93792,469,S1,573.0,23.389,22.63
93793,469,S1,576.0,23.346,22.63
93794,469,S1,579.0,23.378,22.63
93795,469,S1,582.0,23.358,22.63
93796,469,S1,585.0,23.290,22.63
93797,469,S1,588.0,23.334,22.63
93798,469,S1,591.0,23.248,22.63
93799,469,S1,594.0,23.323,22.63
93800,469,S1,597.0,23.241,22.63
93801,470,S2,0.0,71.130,20.87
93802,470,S2,3.0,70.075,20.87
93803,470,S2,6.0,69.071,20.87
93804,470,S2,9.0,68.140,20.87
93805,470,S2,12.0,67.023,20.87
93806,470,S2,15.0,66.051,20.87
93807,470,S2,18.0,65.084,20.87
93808,470,S2,21.0,64.224,20.87
93809,470,S2,24.0,63.202,20.87
93810,470,S2,27.0,62.267,20.87
93811,470,S2,30.0,61.466,20.87
93812,470,S2,33.0,60.587,20.87
93813,470,S2,36.0,59.695,20.87
93814,470,S2,39.0,58.936,20.87
93815,470,S2,42.0,58.040,20.87
93816,470,S2,45.0,57.257,20.87
93817,470,S2,48.0,56.572,20.87
93818,470,S2,51.0,55.744,20.87
93819,470,S2,54.0,55.035,20.87
93820,470,S2,57.0,54.222,20.87
93821,470,S2,60.0,53.641,20.87
93822,470,S2,63.0,52.821,20.87
93823,470,S2,66.0,52.223,20.87
93824,470,S2,69.0,51.486,20.87
93825,470,S2,72.0,50.836,20.87
93826,470,S2,75.0,50.168,20.87
93827,470,S2,78.0,49.755,20.87
93828,470,S2,81.0,48.910,20.87
93829,470,S2,84.0,48.352,20.87
93830,470,S2,87.0,47.859,20.87
93831,470,S2,90.0,47.317,20.87
93832,470,S2,93.0,46.645,20.87
93833,470,S2,96.0,46.059,20.87
93834,470,S2,99.0,45.561,20.87
93835,470,S2,102.0,44.991,20.87
93836,470,S2,105.0,44.539,20.87
93837,470,S2,108.0,44.024,20.87
93838,470,S2,111.0,43.511,20.87
93839,470,S2,114.0,43.008,20.87
93840,470,S2,117.0,42.550,20.87
93841,470,S2,120.0,42.152,20.87
93842,470,S2,123.0,41.640,20.87
93843,470,S2,126.0,41.198,20.87
93844,470,S2,129.0,40.815,20.87
93845,470,S2,132.0,40.319,20.87
93846,470,S2,135.0,39.893,20.87
93847,470,S2,138.0,39.543,20.87
93848,470,S2,141.0,39.073,20.87
93849,470,S2,144.0,38.789,20.87
93850,470,S2,147.0,38.381,20.87
93851,470,S2,150.0,38.016,20.87
93852,470,S2,153.0,37.697,20.87
93853,470,S2,156.0,37.222,20.87
93854,470,S2,159.0,36.885,20.87
93855,470,S2,162.0,36.567,20.87
93856,470,S2,165.0,36.182,20.87
93857,470,S2,168.0,35.928,20.87
93858,470,S2,171.0,35.631,20.87
93859,470,S2,174.0,35.349,20.87
93860,470,S2,177.0,34.978,20.87
93861,470,S2,180.0,34.722,20.87
93862,470,S2,183.0,34.394,20.87
93863,470,S2,186.0,34.104,20.87
93864,470,S2,189.0,33.807,20.87
93865,470,S2,192.0,33.491,20.87
93866,470,S2,195.0,33.263,20.87
93867,470,S2,198.0,33.015,20.87
93868,470,S2,201.0,32.747,20.87
93869,470,S2,204.0,32.538,20.87
93870,470,S2,207.0,32.279,20.87
93871,470,S2,210.0,31.990,20.87
93872,470,S2,213.0,31.823,20.87
93873,470,S2,216.0,31.516,20.87
93874,470,S2,219.0,31.226,20.87
93875,470,S2,222.0,31.006,20.87
93876,470,S2,225.0,30.810,20.87
93877,470,S2,228.0,30.670,20.87
93878,470,S2,231.0,30.341,20.87
93879,470,S2,234.0,30.168,20.87
93880,470,S2,237.0,30.080,20.87
93881,470,S2,240.0,29.956,20.87
93882,470,S2,243.0,29.586,20.87
93883,470,S2,246.0,29.382,20.87
93884,470,S2,249.0,29.342,20.87
93885,470,S2,252.0,29.089,20.87
93886,470,S2,255.0,28.848,20.87
93887,470,S2,258.0,28.727,20.87
93888,470,S2,261.0,28.550,20.87
93889,470,S2,264.0,28.442,20.87
93890,470,S2,267.0,28.262,20.87
93891,470,S2,270.0,28.093,20.87
93892,470,S2,273.0,27.953,20.87
93893,470,S2,276.0,27.830,20.87
93894,470,S2,279.0,27.738,20.87
93895,470,S2,282.0,27.478,20.87
93896,470,S2,285.0,27.271,20.87
93897,470,S2,288.0,27.173,20.87
93898,470,S2,291.0,27.005,20.87
93899,470,S2,294.0,26.962,20.87
93900,470,S2,297.0,26.802,20.87
93901,470,S2,300.0,26.777,20.87
93902,470,S2,303.0,26.579,20.87
93903,470,S2,306.0,26.573,20.87
93904,470,S2,309.0,26.397,20.87
93905,470,S2,312.0,26.229,20.87
93906,470,S2,315.0,26.074,20.87
93907,470,S2,318.0,26.045,20.87
93908,470,S2,321.0,25.874,20.87
93909,470,S2,324.0,25.840,20.87
93910,470,S2,327.0,25.672,20.87
93911,470,S2,330.0,25.551,20.87
93912,470,S2,333.0,25.518,20.87
93913,470,S2,336.0,25.349,20.87
93914,470,S2,339.0,25.282,20.87
93915,470,S2,342.0,25.355,20.87
93916,470,S2,345.0,25.088,20.87
93917,470,S2,348.0,25.011,20.87
93918,470,S2,351.0,24.893,20.87
93919,470,S2,354.0,24.789,20.87
93920,470,S2,357.0,24.667,20.87
93921,470,S2,360.0,24.548,20.87
93922,470,S2,363.0,24.557,20.87
93923,470,S2,366.0,24.446,20.87
93924,470,S2,369.0,24.412,20.87
93925,470,S2,372.0,24.322,20.87
93926,470,S2,375.0,24.261,20.87
93927,470,S2,378.0,24.195,20.87
93928,470,S2,381.0,24.049,20.87
93929,470,S2,384.0,24.008,20.87
93930,470,S2,387.0,23.976,20.87
93931,470,S2,390.0,23.941,20.87
93932,470,S2,393.0,23.838,20.87
93933,470,S2,396.0,23.790,20.87
93934,470,S2,399.0,23.767,20.87
93935,470,S2,402.0,23.624,20.87
93936,470,S2,405.0,23.645,20.87
93937,470,S2,408.0,23.525,20.87
93938,470,S2,411.0,23.493,20.87
93939,470,S2,414.0,23.447,20.87
93940,470,S2,417.0,23.394,20.87
93941,470,S2,420.0,23.359,20.87
93942,470,S2,423.0,23.278,20.87
93943,470,S2,426.0,23.251,20.87
93944,470,S2,429.0,23.160,20.87
93945,470,S2,432.0,23.115,20.87
93946,470,S2,435.0,23.123,20.87
93947,470,S2,438.0,23.054,20.87
93948,470,S2,441.0,22.901,20.87
93949,470,S2,444.0,22.939,20.87
93950,470,S2,447.0,22.854,20.87
93951,470,S2,450.0,22.818,20.87
93952,470,S2,453.0,22.857,20.87
93953,470,S2,456.0,22.815,20.87
93954,470,S2,459.0,22.737,20.87
93955,470,S2,462.0,22.748,20.87
93956,470,S2,465.0,22.706,20.87
93957,470,S2,468.0,22.593,20.87
93958,470,S2,471.0,22.510,20.87
93959,470,S2,474.0,22.511,20.87
93960,470,S2,477.0,22.566,20.87
93961,470,S2,480.0,22.440,20.87
93962,470,S2,483.0,22.501,20.87
93963,470,S2,486.0,22.408,20.87
93964,470,S2,489.0,22.383,20.87
93965,470,S2,492.0,22.342,20.87
93966,470,S2,495.0,22.256,20.87
93967,470,S2,498.0,22.184,20.87
93968,470,S2,501.0,22.269,20.87
93969,470,S2,504.0,22.203,20.87
93970,470,S2,507.0,22.145,20.87
93971,470,S2,510.0,22.034,20.87
93972,470,S2,513.0,22.117,20.87
93973,470,S2,516.0,22.169,20.87
93974,470,S2,519.0,22.081,20.87
93975,470,S2,522.0,22.050,20.87
93976,470,S2,525.0,22.057,20.87
93977,470,S2,528.0,22.005,20.87
93978,470,S2,531.0,21.987,20.87
93979,470,S2,534.0,21.974,20.87
93980,470,S2,537.0,21.893,20.87
93981,470,S2,540.0,21.862,20.87
93982,470,S2,543.0,21.866,20.87
93983,470,S2,546.0,21.833,20.87
93984,470,S2,549.0,21.940,20.87
93985,470,S2,552.0,21.840,20.87
93986,470,S2,555.0,21.900,20.87
93987,470,S2,558.0,21.755,20.87
93988,470,S2,561.0,21.771,20.87
93989,470,S2,564.0,21.799,20.87
93990,470,S2,567.0,21.753,20.87
93991,470,S2,570.0,21.633,20.87
93992,470,S2,573.0,21.663,20.87
93993,470,S2,576.0,21.691,20.87
93994,470,S2,579.0,21.631,20.87
93995,470,S2,582.0,21.666,20.87
93996,470,S2,585.0,21.621,20.87
93997,470,S2,588.0,21.569,20.87
93998,470,S2,591.0,21.616,20.87
93999,470,S2,594.0,21.659,20.87
94000,470,S2,597.0,21.533,20.87
94001,471,S3,0.0,75.471,21.36
94002,471,S3,3.0,74.633,21.36
94003,471,S3,6.0,73.938,21.36
94004,471,S3,9.0,72.975,21.36
94005,471,S3,12.0,72.288,21.36
94006,471,S3,15.0,71.407,21.36
94007,471,S3,18.0,70.649,21.36
94008,471,S3,21.0,69.956,21.36
94009,471,S3,24.0,69.167,21.36
94010,471,S3,27.0,68.384,21.36
94011,471,S3,30.0,67.707,21.36
94012,471,S3,33.0,67.015,21.36
94013,471,S3,36.0,66.273,21.36
94014,471,S3,39.0,65.641,21.36
94015,471,S3,42.0,64.938,21.36
94016,471,S3,45.0,64.242,21.36
94017,471,S3,48.0,63.519,21.36
94018,471,S3,51.0,62.905,21.36
94019,471,S3,54.0,62.405,21.36
94020,471,S3,57.0,61.603,21.36
94021,471,S3,60.0,61.002,21.36
94022,471,S3,63.0,60.417,21.36
94023,471,S3,66.0,59.840,21.36
94024,471,S3,69.0,59.241,21.36
94025,471,S3,72.0,58.702,21.36
94026,471,S3,75.0,58.099,21.36
94027,471,S3,78.0,57.522,21.36
94028,471,S3,81.0,57.019,21.36
94029,471,S3,84.0,56.413,21.36
94030,471,S3,87.0,55.826,21.36
94031,471,S3,90.0,55.394,21.36
94032,471,S3,93.0,54.803,21.36
94033,471,S3,96.0,54.432,21.36
94034,471,S3,99.0,53.750,21.36
94035,471,S3,102.0,53.245,21.36
94036,471,S3,105.0,52.763,21.36
94037,471,S3,108.0,52.317,21.36
94038,471,S3,111.0,51.866,21.36
94039,471,S3,114.0,51.393,21.36
94040,471,S3,117.0,50.861,21.36
94041,471,S3,120.0,50.429,21.36
94042,471,S3,123.0,50.050,21.36
94043,471,S3,126.0,49.520,21.36
94044,471,S3,129.0,49.140,21.36
94045,471,S3,132.0,48.565,21.36
94046,471,S3,135.0,48.238,21.36
94047,471,S3,138.0,47.870,21.36
94048,471,S3,141.0,47.462,21.36
94049,471,S3,144.0,47.010,21.36
94050,471,S3,147.0,46.565,21.36
94051,471,S3,150.0,46.352,21.36
94052,471,S3,153.0,45.918,21.36
94053,471,S3,156.0,45.493,21.36
94054,471,S3,159.0,45.138,21.36
94055,471,S3,162.0,44.719,21.36
94056,471,S3,165.0,44.426,21.36
94057,471,S3,168.0,43.957,21.36
94058,471,S3,171.0,43.810,21.36
94059,471,S3,174.0,43.308,21.36
94060,471,S3,177.0,43.006,21.36
94061,471,S3,180.0,42.750,21.36
94062,471,S3,183.0,42.203,21.36
94063,471,S3,186.0,41.924,21.36
94064,471,S3,189.0,41.672,21.36
94065,471,S3,192.0,41.370,21.36
94066,471,S3,195.0,41.019,21.36
94067,471,S3,198.0,40.775,21.36
94068,471,S3,201.0,40.578,21.36
94069,471,S3,204.0,40.149,21.36
94070,471,S3,207.0,39.967,21.36
94071,471,S3,210.0,39.606,21.36
94072,471,S3,213.0,39.202,21.36
94073,471,S3,216.0,39.003,21.36
94074,471,S3,219.0,38.697,21.36
94075,471,S3,222.0,38.511,21.36
94076,471,S3,225.0,38.178,21.36
94077,471,S3,228.0,37.993,21.36
94078,471,S3,231.0,37.678,21.36
94079,471,S3,234.0,37.482,21.36
94080,471,S3,237.0,37.263,21.36
94081,471,S3,240.0,36.992,21.36
94082,471,S3,243.0,36.756,21.36
94083,471,S3,246.0,36.479,21.36
94084,471,S3,249.0,36.247,21.36
94085,471,S3,252.0,35.958,21.36
94086,471,S3,255.0,35.834,21.36
94087,471,S3,258.0,35.608,21.36
94088,471,S3,261.0,35.326,21.36
94089,471,S3,264.0,35.208,21.36
94090,471,S3,267.0,35.011,21.36
94091,471,S3,270.0,34.636,21.36
94092,471,S3,273.0,34.543,21.36
94093,471,S3,276.0,34.293,21.36
94094,471,S3,279.0,34.118,21.36
94095,471,S3,282.0,33.872,21.36
94096,471,S3,285.0,33.723,21.36
94097,471,S3,288.0,33.446,21.36
94098,471,S3,291.0,33.337,21.36
94099,471,S3,294.0,33.196,21.36
94100,471,S3,297.0,32.970,21.36
94101,471,S3,300.0,32.769,21.36
94102,471,S3,303.0,32.577,21.36
94103,471,S3,306.0,32.508,21.36
94104,471,S3,309.0,32.229,21.36
94105,471,S3,312.0,32.089,21.36
94106,471,S3,315.0,31.970,21.36
94107,471,S3,318.0,31.853,21.36
94108,471,S3,321.0,31.591,21.36
94109,471,S3,324.0,31.378,21.36
94110,471,S3,327.0,31.283,21.36
94111,471,S3,330.0,31.128,21.36
94112,471,S3,333.0,30.970,21.36
94113,471,S3,336.0,30.901,21.36
94114,471,S3,339.0,30.724,21.36
94115,471,S3,342.0,30.402,21.36
94116,471,S3,345.0,30.397,21.36
94117,471,S3,348.0,30.149,21.36
94118,471,S3,351.0,30.204,21.36
94119,471,S3,354.0,29.942,21.36
94120,471,S3,357.0,29.799,21.36
94121,471,S3,360.0,29.710,21.36
94122,471,S3,363.0,29.631,21.36
94123,471,S3,366.0,29.443,21.36
94124,471,S3,369.0,29.287,21.36
94125,471,S3,372.0,29.316,21.36
94126,471,S3,375.0,29.066,21.36
94127,471,S3,378.0,29.070,21.36
94128,471,S3,381.0,28.859,21.36
94129,471,S3,384.0,28.773,21.36
94130,471,S3,387.0,28.592,21.36
94131,471,S3,390.0,28.567,21.36
94132,471,S3,393.0,28.452,21.36
94133,471,S3,396.0,28.290,21.36
94134,471,S3,399.0,28.174,21.36
94135,471,S3,402.0,28.038,21.36
94136,471,S3,405.0,27.981,21.36
94137,471,S3,408.0,27.923,21.36
94138,471,S3,411.0,27.756,21.36
94139,471,S3,414.0,27.679,21.36
94140,471,S3,417.0,27.535,21.36
94141,471,S3,420.0,27.444,21.36
94142,471,S3,423.0,27.436,21.36
94143,471,S3,426.0,27.289,21.36
94144,471,S3,429.0,27.241,21.36
94145,471,S3,432.0,27.103,21.36
94146,471,S3,435.0,27.085,21.36
94147,471,S3,438.0,26.950,21.36
94148,471,S3,441.0,26.917,21.36
94149,471,S3,444.0,26.772,21.36
94150,471,S3,447.0,26.724,21.36
94151,471,S3,450.0,26.548,21.36
94152,471,S3,453.0,26.503,21.36
94153,471,S3,456.0,26.328,21.36
94154,471,S3,459.0,26.432,21.36
94155,471,S3,462.0,26.347,21.36
94156,471,S3,465.0,26.241,21.36
94157,471,S3,468.0,26.125,21.36
94158,471,S3,471.0,25.975,21.36
94159,471,S3,474.0,25.953,21.36
94160,471,S3,477.0,25.894,21.36
94161,471,S3,480.0,25.880,21.36
94162,471,S3,483.0,25.794,21.36
94163,471,S3,486.0,25.745,21.36
94164,471,S3,489.0,25.659,21.36
94165,471,S3,492.0,25.520,21.36
94166,471,S3,495.0,25.561,21.36
94167,471,S3,498.0,25.542,21.36
94168,471,S3,501.0,25.348,21.36
94169,471,S3,504.0,25.394,21.36
94170,471,S3,507.0,25.263,21.36
94171,471,S3,510.0,25.230,21.36
94172,471,S3,513.0,25.146,21.36
94173,471,S3,516.0,25.096,21.36
94174,471,S3,519.0,24.962,21.36
94175,471,S3,522.0,24.909,21.36
94176,471,S3,525.0,24.927,21.36
94177,471,S3,528.0,24.902,21.36
94178,471,S3,531.0,24.841,21.36
94179,471,S3,534.0,24.750,21.36
94180,471,S3,537.0,24.663,21.36
94181,471,S3,540.0,24.682,21.36
94182,471,S3,543.0,24.583,21.36
94183,471,S3,546.0,24.620,21.36
94184,471,S3,549.0,24.553,21.36
94185,471,S3,552.0,24.533,21.36
94186,471,S3,555.0,24.456,21.36
94187,471,S3,558.0,24.351,21.36
94188,471,S3,561.0,24.220,21.36
94189,471,S3,564.0,24.177,21.36
94190,471,S3,567.0,24.217,21.36
94191,471,S3,570.0,24.225,21.36
94192,471,S3,573.0,24.164,21.36
94193,471,S3,576.0,24.034,21.36
94194,471,S3,579.0,24.100,21.36
94195,471,S3,582.0,24.017,21.36
94196,471,S3,585.0,24.075,21.36
94197,471,S3,588.0,23.979,21.36
94198,471,S3,591.0,23.949,21.36
94199,471,S3,594.0,23.853,21.36
94200,471,S3,597.0,23.861,21.36
94201,472,S4,0.0,75.657,20.71
94202,472,S4,3.0,74.826,20.71
94203,472,S4,6.0,74.009,20.71
94204,472,S4,9.0,73.257,20.71
94205,472,S4,12.0,72.500,20.71
94206,472,S4,15.0,71.618,20.71
94207,472,S4,18.0,70.845,20.71
94208,472,S4,21.0,70.136,20.71
94209,472,S4,24.0,69.279,20.71
94210,472,S4,27.0,68.638,20.71
94211,472,S4,30.0,67.854,20.71
94212,472,S4,33.0,67.195,20.71
94213,472,S4,36.0,66.508,20.71
94214,472,S4,39.0,65.826,20.71
94215,472,S4,42.0,65.073,20.71
94216,472,S4,45.0,64.400,20.71
94217,472,S4,48.0,63.661,20.71
94218,472,S4,51.0,63.042,20.71
94219,472,S4,54.0,62.517,20.71
94220,472,S4,57.0,61.870,20.71
94221,472,S4,60.0,61.282,20.71
94222,472,S4,63.0,60.621,20.71
94223,472,S4,66.0,60.069,20.71
94224,472,S4,69.0,59.522,20.71
94225,472,S4,72.0,58.881,20.71
94226,472,S4,75.0,58.276,20.71
94227,472,S4,78.0,57.755,20.71
94228,472,S4,81.0,57.089,20.71
94229,472,S4,84.0,56.568,20.71
94230,472,S4,87.0,55.985,20.71
94231,472,S4,90.0,55.496,20.71
94232,472,S4,93.0,54.969,20.71
94233,472,S4,96.0,54.522,20.71
94234,472,S4,99.0,53.900,20.71
94235,472,S4,102.0,53.450,20.71
94236,472,S4,105.0,52.926,20.71
94237,472,S4,108.0,52.445,20.71
94238,472,S4,111.0,52.055,20.71
94239,472,S4,114.0,51.572,20.71
94240,472,S4,117.0,51.098,20.71
94241,472,S4,120.0,50.671,20.71
94242,472,S4,123.0,50.140,20.71
94243,472,S4,126.0,49.773,20.71
94244,472,S4,129.0,49.222,20.71
94245,472,S4,132.0,48.829,20.71
94246,472,S4,135.0,48.397,20.71
94247,472,S4,138.0,48.036,20.71
94248,472,S4,141.0,47.583,20.71
94249,472,S4,144.0,47.093,20.71
94250,472,S4,147.0,46.735,20.71
94251,472,S4,150.0,46.382,20.71
94252,472,S4,153.0,45.976,20.71
94253,472,S4,156.0,45.657,20.71
94254,472,S4,159.0,45.183,20.71
94255,472,S4,162.0,44.916,20.71
94256,472,S4,165.0,44.419,20.71
94257,472,S4,168.0,44.158,20.71
94258,472,S4,171.0,43.728,20.71
94259,472,S4,174.0,43.400,20.71
94260,472,S4,177.0,43.053,20.71
94261,472,S4,180.0,42.679,20.71
94262,472,S4,183.0,42.387,20.71
94263,472,S4,186.0,42.087,20.71
94264,472,S4,189.0,41.754,20.71
94265,472,S4,192.0,41.399,20.71
94266,472,S4,195.0,41.149,20.71
94267,472,S4,198.0,40.862,20.71
94268,472,S4,201.0,40.467,20.71
94269,472,S4,204.0,40.258,20.71
94270,472,S4,207.0,39.944,20.71
94271,472,S4,210.0,39.593,20.71
94272,472,S4,213.0,39.398,20.71
94273,472,S4,216.0,39.106,20.71
94274,472,S4,219.0,38.767,20.71
94275,472,S4,222.0,38.563,20.71
94276,472,S4,225.0,38.117,20.71
94277,472,S4,228.0,37.957,20.71
94278,472,S4,231.0,37.678,20.71
94279,472,S4,234.0,37.381,20.71
94280,472,S4,237.0,37.252,20.71
94281,472,S4,240.0,36.994,20.71
94282,472,S4,243.0,36.779,20.71
94283,472,S4,246.0,36.470,20.71
94284,472,S4,249.0,36.260,20.71
94285,472,S4,252.0,35.909,20.71
94286,472,S4,255.0,35.837,20.71
94287,472,S4,258.0,35.513,20.71
94288,472,S4,261.0,35.315,20.71
94289,472,S4,264.0,35.064,20.71
94290,472,S4,267.0,34.852,20.71
94291,472,S4,270.0,34.595,20.71
94292,472,S4,273.0,34.474,20.71
94293,472,S4,276.0,34.235,20.71
94294,472,S4,279.0,34.137,20.71
94295,472,S4,282.0,33.863,20.71
94296,472,S4,285.0,33.650,20.71
94297,472,S4,288.0,33.544,20.71
94298,472,S4,291.0,33.324,20.71
94299,472,S4,294.0,33.018,20.71
94300,472,S4,297.0,32.864,20.71
94301,472,S4,300.0,32.621,20.71
94302,472,S4,303.0,32.567,20.71
94303,472,S4,306.0,32.440,20.71
94304,472,S4,309.0,32.108,20.71
94305,472,S4,312.0,31.998,20.71
94306,472,S4,315.0,31.851,20.71
94307,472,S4,318.0,31.679,20.71
94308,472,S4,321.0,31.511,20.71
94309,472,S4,324.0,31.359,20.71
94310,472,S4,327.0,31.221,20.71
94311,472,S4,330.0,30.988,20.71
94312,472,S4,333.0,30.867,20.71
94313,472,S4,336.0,30.665,20.71
94314,472,S4,339.0,30.594,20.71
94315,472,S4,342.0,30.345,20.71
94316,472,S4,345.0,30.224,20.71
94317,472,S4,348.0,30.070,20.71
94318,472,S4,351.0,29.960,20.71
94319,472,S4,354.0,29.792,20.71
94320,472,S4,357.0,29.694,20.71
94321,472,S4,360.0,29.580,20.71
94322,472,S4,363.0,29.471,20.71
94323,472,S4,366.0,29.284,20.71
94324,472,S4,369.0,29.131,20.71
94325,472,S4,372.0,28.991,20.71
94326,472,S4,375.0,28.825,20.71
94327,472,S4,378.0,28.716,20.71
94328,472,S4,381.0,28.630,20.71
94329,472,S4,384.0,28.499,20.71
94330,472,S4,387.0,28.543,20.71
94331,472,S4,390.0,28.337,20.71
94332,472,S4,393.0,28.110,20.71
94333,472,S4,396.0,28.090,20.71
94334,472,S4,399.0,27.984,20.71
94335,472,S4,402.0,27.863,20.71
94336,472,S4,405.0,27.757,20.71
94337,472,S4,408.0,27.716,20.71
94338,472,S4,411.0,27.549,20.71
94339,472,S4,414.0,27.391,20.71
94340,472,S4,417.0,27.383,20.71
94341,472,S4,420.0,27.148,20.71
94342,472,S4,423.0,27.119,20.71
94343,472,S4,426.0,26.965,20.71
94344,472,S4,429.0,26.943,20.71
94345,472,S4,432.0,26.854,20.71
94346,472,S4,435.0,26.725,20.71
94347,472,S4,438.0,26.645,20.71
94348,472,S4,441.0,26.668,20.71
94349,472,S4,444.0,26.512,20.71
94350,472,S4,447.0,26.365,20.71
94351,472,S4,450.0,26.381,20.71
94352,472,S4,453.0,26.246,20.71
94353,472,S4,456.0,26.140,20.71
94354,472,S4,459.0,26.101,20.71
94355,472,S4,462.0,25.926,20.71
94356,472,S4,465.0,25.886,20.71
94357,472,S4,468.0,25.741,20.71
94358,472,S4,471.0,25.653,20.71
94359,472,S4,474.0,25.700,20.71
94360,472,S4,477.0,25.575,20.71
94361,472,S4,480.0,25.589,20.71
94362,472,S4,483.0,25.429,20.71
94363,472,S4,486.0,25.345,20.71
94364,472,S4,489.0,25.289,20.71
94365,472,S4,492.0,25.183,20.71
94366,472,S4,495.0,25.153,20.71
94367,472,S4,498.0,25.099,20.71
94368,472,S4,501.0,25.057,20.71
94369,472,S4,504.0,24.903,20.71
94370,472,S4,507.0,24.961,20.71
94371,472,S4,510.0,24.816,20.71
94372,472,S4,513.0,24.806,20.71
94373,472,S4,516.0,24.655,20.71
94374,472,S4,519.0,24.578,20.71
94375,472,S4,522.0,24.579,20.71
94376,472,S4,525.0,24.464,20.71
94377,472,S4,528.0,24.449,20.71
94378,472,S4,531.0,24.425,20.71
94379,472,S4,534.0,24.394,20.71
94380,472,S4,537.0,24.290,20.71
94381,472,S4,540.0,24.258,20.71
94382,472,S4,543.0,24.135,20.71
94383,472,S4,546.0,24.177,20.71
94384,472,S4,549.0,24.110,20.71
94385,472,S4,552.0,24.035,20.71
94386,472,S4,555.0,24.084,20.71
94387,472,S4,558.0,23.954,20.71
94388,472,S4,561.0,23.891,20.71
94389,472,S4,564.0,23.844,20.71
94390,472,S4,567.0,23.723,20.71
94391,472,S4,570.0,23.768,20.71
94392,472,S4,573.0,23.708,20.71
94393,472,S4,576.0,23.771,20.71
94394,472,S4,579.0,23.652,20.71
94395,472,S4,582.0,23.599,20.71
94396,472,S4,585.0,23.593,20.71
94397,472,S4,588.0,23.498,20.71
94398,472,S4,591.0,23.454,20.71
94399,472,S4,594.0,23.362,20.71
94400,472,S4,597.0,23.309,20.71
94401,473,S1,0.0,78.669,22.69
94402,473,S1,3.0,77.897,22.69
94403,473,S1,6.0,76.911,22.69
94404,473,S1,9.0,76.146,22.69
94405,473,S1,12.0,75.201,22.69
94406,473,S1,15.0,74.490,22.69
94407,473,S1,18.0,73.594,22.69
94408,473,S1,21.0,72.762,22.69
94409,473,S1,24.0,72.120,22.69
94410,473,S1,27.0,71.253,22.69
94411,473,S1,30.0,70.437,22.69
94412,473,S1,33.0,69.765,22.69
94413,473,S1,36.0,69.046,22.69
94414,473,S1,39.0,68.340,22.69
94415,473,S1,42.0,67.596,22.69
94416,473,S1,45.0,66.907,22.69
94417,473,S1,48.0,66.163,22.69
94418,473,S1,51.0,65.584,22.69
94419,473,S1,54.0,64.871,22.69
94420,473,S1,57.0,64.166,22.69
94421,473,S1,60.0,63.533,22.69
94422,473,S1,63.0,62.984,22.69
94423,473,S1,66.0,62.264,22.69
94424,473,S1,69.0,61.627,22.69
94425,473,S1,72.0,61.040,22.69
94426,473,S1,75.0,60.386,22.69
94427,473,S1,78.0,59.848,22.69
94428,473,S1,81.0,59.264,22.69
94429,473,S1,84.0,58.760,22.69
94430,473,S1,87.0,58.184,22.69
94431,473,S1,90.0,57.671,22.69
94432,473,S1,93.0,57.095,22.69
94433,473,S1,96.0,56.571,22.69
94434,473,S1,99.0,56.004,22.69
94435,473,S1,102.0,55.553,22.69
94436,473,S1,105.0,55.052,22.69
94437,473,S1,108.0,54.559,22.69
94438,473,S1,111.0,53.996,22.69
94439,473,S1,114.0,53.590,22.69
94440,473,S1,117.0,53.061,22.69
94441,473,S1,120.0,52.575,22.69
94442,473,S1,123.0,52.094,22.69
94443,473,S1,126.0,51.588,22.69
94444,473,S1,129.0,51.149,22.69
94445,473,S1,132.0,50.736,22.69
94446,473,S1,135.0,50.239,22.69
94447,473,S1,138.0,49.890,22.69
94448,473,S1,141.0,49.508,22.69
94449,473,S1,144.0,49.021,22.69
94450,473,S1,147.0,48.712,22.69
94451,473,S1,150.0,48.264,22.69
94452,473,S1,153.0,47.687,22.69
94453,473,S1,156.0,47.446,22.69
94454,473,S1,159.0,47.015,22.69
94455,473,S1,162.0,46.739,22.69
94456,473,S1,165.0,46.281,22.69
94457,473,S1,168.0,45.836,22.69
94458,473,S1,171.0,45.525,22.69
94459,473,S1,174.0,45.159,22.69
94460,473,S1,177.0,44.762,22.69
94461,473,S1,180.0,44.492,22.69
94462,473,S1,183.0,44.216,22.69
94463,473,S1,186.0,43.795,22.69
94464,473,S1,189.0,43.451,22.69
94465,473,S1,192.0,43.069,22.69
94466,473,S1,195.0,42.818,22.69
94467,473,S1,198.0,42.592,22.69
94468,473,S1,201.0,42.211,22.69
94469,473,S1,204.0,41.908,22.69
94470,473,S1,207.0,41.606,22.69
94471,473,S1,210.0,41.348,22.69
94472,473,S1,213.0,41.027,22.69
94473,473,S1,216.0,40.738,22.69
94474,473,S1,219.0,40.461,22.69
94475,473,S1,222.0,40.232,22.69
94476,473,S1,225.0,40.027,22.69
94477,473,S1,228.0,39.652,22.69
94478,473,S1,231.0,39.366,22.69
94479,473,S1,234.0,39.083,22.69
94480,473,S1,237.0,38.848,22.69
94481,473,S1,240.0,38.586,22.69
94482,473,S1,243.0,38.331,22.69
94483,473,S1,246.0,38.210,22.69
94484,473,S1,249.0,37.873,22.69
94485,473,S1,252.0,37.667,22.69
94486,473,S1,255.0,37.496,22.69
94487,473,S1,258.0,37.250,22.69
94488,473,S1,261.0,36.860,22.69
94489,473,S1,264.0,36.798,22.69
94490,473,S1,267.0,36.524,22.69
94491,473,S1,270.0,36.302,22.69
94492,473,S1,273.0,36.121,22.69
94493,473,S1,276.0,35.862,22.69
94494,473,S1,279.0,35.723,22.69
94495,473,S1,282.0,35.509,22.69
94496,473,S1,285.0,35.218,22.69
94497,473,S1,288.0,35.143,22.69
94498,473,S1,291.0,34.937,22.69
94499,473,S1,294.0,34.688,22.69
94500,473,S1,297.0,34.580,22.69
94501,473,S1,300.0,34.301,22.69
94502,473,S1,303.0,34.110,22.69
94503,473,S1,306.0,33.929,22.69
94504,473,S1,309.0,33.826,22.69
94505,473,S1,312.0,33.512,22.69
94506,473,S1,315.0,33.496,22.69
94507,473,S1,318.0,33.314,22.69
94508,473,S1,321.0,33.079,22.69
94509,473,S1,324.0,33.000,22.69
94510,473,S1,327.0,32.728,22.69
94511,473,S1,330.0,32.735,22.69
94512,473,S1,333.0,32.479,22.69
94513,473,S1,336.0,32.330,22.69
94514,473,S1,339.0,32.135,22.69
94515,473,S1,342.0,31.979,22.69
94516,473,S1,345.0,31.878,22.69
94517,473,S1,348.0,31.784,22.69
94518,473,S1,351.0,31.657,22.69
94519,473,S1,354.0,31.432,22.69
94520,473,S1,357.0,31.347,22.69
94521,473,S1,360.0,31.201,22.69
94522,473,S1,363.0,31.031,22.69
94523,473,S1,366.0,30.917,22.69
94524,473,S1,369.0,30.705,22.69
94525,473,S1,372.0,30.677,22.69
94526,473,S1,375.0,30.555,22.69
94527,473,S1,378.0,30.442,22.69
94528,473,S1,381.0,30.357,22.69
94529,473,S1,384.0,30.231,22.69
94530,473,S1,387.0,30.237,22.69
94531,473,S1,390.0,29.897,22.69
94532,473,S1,393.0,29.799,22.69
94533,473,S1,396.0,29.702,22.69
94534,473,S1,399.0,29.626,22.69
94535,473,S1,402.0,29.403,22.69
94536,473,S1,405.0,29.510,22.69
94537,473,S1,408.0,29.292,22.69
94538,473,S1,411.0,29.163,22.69
94539,473,S1,414.0,29.091,22.69
94540,473,S1,417.0,29.005,22.69
94541,473,S1,420.0,28.919,22.69
94542,473,S1,423.0,28.763,22.69
94543,473,S1,426.0,28.616,22.69
94544,473,S1,429.0,28.602,22.69
94545,473,S1,432.0,28.452,22.69
94546,473,S1,435.0,28.478,22.69
94547,473,S1,438.0,28.341,22.69
94548,473,S1,441.0,28.122,22.69
94549,473,S1,444.0,28.146,22.69
94550,473,S1,447.0,28.037,22.69
94551,473,S1,450.0,28.078,22.69
94552,473,S1,453.0,27.881,22.69
94553,473,S1,456.0,27.864,22.69
94554,473,S1,459.0,27.801,22.69
94555,473,S1,462.0,27.685,22.69
94556,473,S1,465.0,27.650,22.69
94557,473,S1,468.0,27.465,22.69
94558,473,S1,471.0,27.522,22.69
94559,473,S1,474.0,27.455,22.69
94560,473,S1,477.0,27.340,22.69
94561,473,S1,480.0,27.316,22.69
94562,473,S1,483.0,27.129,22.69
94563,473,S1,486.0,27.179,22.69
94564,473,S1,489.0,27.046,22.69
94565,473,S1,492.0,26.926,22.69
94566,473,S1,495.0,26.847,22.69
94567,473,S1,498.0,26.803,22.69
94568,473,S1,501.0,26.769,22.69
94569,473,S1,504.0,26.696,22.69
94570,473,S1,507.0,26.689,22.69
94571,473,S1,510.0,26.606,22.69
94572,473,S1,513.0,26.436,22.69
94573,473,S1,516.0,26.413,22.69
94574,473,S1,519.0,26.379,22.69
94575,473,S1,522.0,26.276,22.69
94576,473,S1,525.0,26.175,22.69
94577,473,S1,528.0,26.175,22.69
94578,473,S1,531.0,26.181,22.69
94579,473,S1,534.0,26.057,22.69
94580,473,S1,537.0,26.035,22.69
94581,473,S1,540.0,25.936,22.69
94582,473,S1,543.0,25.856,22.69
94583,473,S1,546.0,25.918,22.69
94584,473,S1,549.0,25.866,22.69
94585,473,S1,552.0,25.881,22.69
94586,473,S1,555.0,25.778,22.69
94587,473,S1,558.0,25.735,22.69
94588,473,S1,561.0,25.620,22.69
94589,473,S1,564.0,25.522,22.69
94590,473,S1,567.0,25.525,22.69
94591,473,S1,570.0,25.454,22.69
94592,473,S1,573.0,25.435,22.69
94593,473,S1,576.0,25.451,22.69
94594,473,S1,579.0,25.319,22.69
94595,473,S1,582.0,25.271,22.69
94596,473,S1,585.0,25.255,22.69
94597,473,S1,588.0,25.291,22.69
94598,473,S1,591.0,25.268,22.69
94599,473,S1,594.0,25.184,22.69
94600,473,S1,597.0,25.192,22.69
94601,474,S2,0.0,82.073,22.98
94602,474,S2,3.0,80.396,22.98
94603,474,S2,6.0,79.001,22.98
94604,474,S2,9.0,77.659,22.98
94605,474,S2,12.0,76.275,22.98
94606,474,S2,15.0,74.805,22.98
94607,474,S2,18.0,73.570,22.98
94608,474,S2,21.0,72.356,22.98
94609,474,S2,24.0,71.015,22.98
94610,474,S2,27.0,69.797,22.98
94611,474,S2,30.0,68.622,22.98
94612,474,S2,33.0,67.540,22.98
94613,474,S2,36.0,66.351,22.98
94614,474,S2,39.0,65.311,22.98
94615,474,S2,42.0,64.270,22.98
94616,474,S2,45.0,63.243,22.98
94617,474,S2,48.0,62.143,22.98
94618,474,S2,51.0,61.163,22.98
94619,474,S2,54.0,60.271,22.98
94620,474,S2,57.0,59.349,22.98
94621,474,S2,60.0,58.431,22.98
94622,474,S2,63.0,57.545,22.98
94623,474,S2,66.0,56.637,22.98
94624,474,S2,69.0,55.833,22.98
94625,474,S2,72.0,54.888,22.98
94626,474,S2,75.0,54.165,22.98
94627,474,S2,78.0,53.335,22.98
94628,474,S2,81.0,52.488,22.98
94629,474,S2,84.0,51.783,22.98
94630,474,S2,87.0,51.062,22.98
94631,474,S2,90.0,50.362,22.98
94632,474,S2,93.0,49.651,22.98
94633,474,S2,96.0,48.992,22.98
94634,474,S2,99.0,48.339,22.98
94635,474,S2,102.0,47.747,22.98
94636,474,S2,105.0,47.213,22.98
94637,474,S2,108.0,46.563,22.98
94638,474,S2,111.0,45.904,22.98
94639,474,S2,114.0,45.256,22.98
94640,474,S2,117.0,44.757,22.98
94641,474,S2,120.0,44.128,22.98
94642,474,S2,123.0,43.705,22.98
94643,474,S2,126.0,43.209,22.98
94644,474,S2,129.0,42.732,22.98
94645,474,S2,132.0,42.113,22.98
94646,474,S2,135.0,41.670,22.98
94647,474,S2,138.0,41.256,22.98
94648,474,S2,141.0,40.738,22.98
94649,474,S2,144.0,40.340,22.98
94650,474,S2,147.0,39.865,22.98
94651,474,S2,150.0,39.535,22.98
94652,474,S2,153.0,39.054,22.98
94653,474,S2,156.0,38.566,22.98
94654,474,S2,159.0,38.156,22.98
94655,474,S2,162.0,37.845,22.98
94656,474,S2,165.0,37.466,22.98
94657,474,S2,168.0,37.179,22.98
94658,474,S2,171.0,36.804,22.98
94659,474,S2,174.0,36.439,22.98
94660,474,S2,177.0,36.040,22.98
94661,474,S2,180.0,35.704,22.98
94662,474,S2,183.0,35.359,22.98
94663,474,S2,186.0,35.091,22.98
94664,474,S2,189.0,34.857,22.98
94665,474,S2,192.0,34.456,22.98
94666,474,S2,195.0,34.216,22.98
94667,474,S2,198.0,33.912,22.98
94668,474,S2,201.0,33.668,22.98
94669,474,S2,204.0,33.336,22.98
94670,474,S2,207.0,33.069,22.98
94671,474,S2,210.0,32.943,22.98
94672,474,S2,213.0,32.623,22.98
94673,474,S2,216.0,32.374,22.98
94674,474,S2,219.0,32.171,22.98
94675,474,S2,222.0,31.903,22.98
94676,474,S2,225.0,31.718,22.98
94677,474,S2,228.0,31.471,22.98
94678,474,S2,231.0,31.306,22.98
94679,474,S2,234.0,30.990,22.98
94680,474,S2,237.0,30.806,22.98
94681,474,S2,240.0,30.779,22.98
94682,474,S2,243.0,30.478,22.98
94683,474,S2,246.0,30.235,22.98
94684,474,S2,249.0,30.014,22.98
94685,474,S2,252.0,29.964,22.98
94686,474,S2,255.0,29.716,22.98
94687,474,S2,258.0,29.586,22.98
94688,474,S2,261.0,29.413,22.98
94689,474,S2,264.0,29.313,22.98
94690,474,S2,267.0,28.966,22.98
94691,474,S2,270.0,28.913,22.98
94692,474,S2,273.0,28.805,22.98
94693,474,S2,276.0,28.544,22.98
94694,474,S2,279.0,28.465,22.98
94695,474,S2,282.0,28.302,22.98
94696,474,S2,285.0,28.129,22.98
94697,474,S2,288.0,28.067,22.98
94698,474,S2,291.0,27.925,22.98
94699,474,S2,294.0,27.710,22.98
94700,474,S2,297.0,27.619,22.98
94701,474,S2,300.0,27.525,22.98
94702,474,S2,303.0,27.498,22.98
94703,474,S2,306.0,27.302,22.98
94704,474,S2,309.0,27.222,22.98
94705,474,S2,312.0,27.089,22.98
94706,474,S2,315.0,27.055,22.98
94707,474,S2,318.0,26.873,22.98
94708,474,S2,321.0,26.800,22.98
94709,474,S2,324.0,26.742,22.98
94710,474,S2,327.0,26.604,22.98
94711,474,S2,330.0,26.517,22.98
94712,474,S2,333.0,26.416,22.98
94713,474,S2,336.0,26.291,22.98
94714,474,S2,339.0,26.307,22.98
94715,474,S2,342.0,26.165,22.98
94716,474,S2,345.0,26.109,22.98
94717,474,S2,348.0,25.991,22.98
94718,474,S2,351.0,25.922,22.98
94719,474,S2,354.0,26.016,22.98
94720,474,S2,357.0,25.794,22.98
94721,474,S2,360.0,25.763,22.98
94722,474,S2,363.0,25.611,22.98
94723,474,S2,366.0,25.561,22.98
94724,474,S2,369.0,25.549,22.98
94725,474,S2,372.0,25.541,22.98
94726,474,S2,375.0,25.470,22.98
94727,474,S2,378.0,25.341,22.98
94728,474,S2,381.0,25.236,22.98
94729,474,S2,384.0,25.138,22.98
94730,474,S2,387.0,25.109,22.98
94731,474,S2,390.0,25.112,22.98
94732,474,S2,393.0,25.111,22.98
94733,474,S2,396.0,25.050,22.98
94734,474,S2,399.0,24.939,22.98
94735,474,S2,402.0,24.943,22.98
94736,474,S2,405.0,24.769,22.98
94737,474,S2,408.0,24.802,22.98
94738,474,S2,411.0,24.786,22.98
94739,474,S2,414.0,24.713,22.98
94740,474,S2,417.0,24.705,22.98
94741,474,S2,420.0,24.644,22.98
94742,474,S2,423.0,24.640,22.98
94743,474,S2,426.0,24.547,22.98
94744,474,S2,429.0,24.461,22.98
94745,474,S2,432.0,24.562,22.98
94746,474,S2,435.0,24.454,22.98
94747,474,S2,438.0,24.411,22.98
94748,474,S2,441.0,24.340,22.98
94749,474,S2,444.0,24.432,22.98
94750,474,S2,447.0,24.258,22.98
94751,474,S2,450.0,24.270,22.98
94752,474,S2,453.0,24.221,22.98
94753,474,S2,456.0,24.172,22.98
94754,474,S2,459.0,24.179,22.98
94755,474,S2,462.0,24.093,22.98
94756,474,S2,465.0,24.192,22.98
94757,474,S2,468.0,24.134,22.98
94758,474,S2,471.0,23.983,22.98
94759,474,S2,474.0,23.961,22.98
94760,474,S2,477.0,23.927,22.98
94761,474,S2,480.0,23.981,22.98
94762,474,S2,483.0,23.993,22.98
94763,474,S2,486.0,23.919,22.98
94764,474,S2,489.0,23.881,22.98
94765,474,S2,492.0,23.856,22.98
94766,474,S2,495.0,23.856,22.98
94767,474,S2,498.0,23.892,22.98
94768,474,S2,501.0,23.735,22.98
94769,474,S2,504.0,23.812,22.98
94770,474,S2,507.0,23.863,22.98
94771,474,S2,510.0,23.745,22.98
94772,474,S2,513.0,23.694,22.98
94773,474,S2,516.0,23.723,22.98
94774,474,S2,519.0,23.634,22.98
94775,474,S2,522.0,23.670,22.98
94776,474,S2,525.0,23.784,22.98
94777,474,S2,528.0,23.719,22.98
94778,474,S2,531.0,23.670,22.98
94779,474,S2,534.0,23.530,22.98
94780,474,S2,537.0,23.553,22.98
94781,474,S2,540.0,23.607,22.98
94782,474,S2,543.0,23.521,22.98
94783,474,S2,546.0,23.549,22.98
94784,474,S2,549.0,23.474,22.98
94785,474,S2,552.0,23.544,22.98
94786,474,S2,555.0,23.504,22.98
94787,474,S2,558.0,23.482,22.98
94788,474,S2,561.0,23.411,22.98
94789,474,S2,564.0,23.399,22.98
94790,474,S2,567.0,23.451,22.98
94791,474,S2,570.0,23.412,22.98
94792,474,S2,573.0,23.421,22.98
94793,474,S2,576.0,23.446,22.98
94794,474,S2,579.0,23.396,22.98
94795,474,S2,582.0,23.404,22.98
94796,474,S2,585.0,23.408,22.98
94797,474,S2,588.0,23.311,22.98
94798,474,S2,591.0,23.308,22.98
94799,474,S2,594.0,23.302,22.98
94800,474,S2,597.0,23.305,22.98
94801,475,S3,0.0,82.304,22.36
94802,475,S3,3.0,81.443,22.36
94803,475,S3,6.0,80.559,22.36
94804,475,S3,9.0,79.712,22.36
94805,475,S3,12.0,78.761,22.36
94806,475,S3,15.0,78.042,22.36
94807,475,S3,18.0,77.180,22.36
94808,475,S3,21.0,76.487,22.36
94809,475,S3,24.0,75.554,22.36
94810,475,S3,27.0,74.742,22.36
94811,475,S3,30.0,74.136,22.36
94812,475,S3,33.0,73.230,22.36
94813,475,S3,36.0,72.489,22.36
94814,475,S3,39.0,71.715,22.36
94815,475,S3,42.0,71.053,22.36
94816,475,S3,45.0,70.260,22.36
94817,475,S3,48.0,69.586,22.36
94818,475,S3,51.0,68.811,22.36
94819,475,S3,54.0,68.217,22.36
94820,475,S3,57.0,67.476,22.36
94821,475,S3,60.0,66.815,22.36
94822,475,S3,63.0,66.188,22.36
94823,475,S3,66.0,65.541,22.36
94824,475,S3,69.0,64.967,22.36
94825,475,S3,72.0,64.302,22.36
94826,475,S3,75.0,63.683,22.36
94827,475,S3,78.0,62.979,22.36
94828,475,S3,81.0,62.409,22.36
94829,475,S3,84.0,61.962,22.36
94830,475,S3,87.0,61.201,22.36
94831,475,S3,90.0,60.668,22.36
94832,475,S3,93.0,60.042,22.36
94833,475,S3,96.0,59.582,22.36
94834,475,S3,99.0,59.009,22.36
94835,475,S3,102.0,58.423,22.36
94836,475,S3,105.0,57.895,22.36
94837,475,S3,108.0,57.403,22.36
94838,475,S3,111.0,56.925,22.36
94839,475,S3,114.0,56.391,22.36
94840,475,S3,117.0,55.966,22.36
94841,475,S3,120.0,55.360,22.36
94842,475,S3,123.0,54.832,22.36
94843,475,S3,126.0,54.469,22.36
94844,475,S3,129.0,53.975,22.36
94845,475,S3,132.0,53.558,22.36
94846,475,S3,135.0,53.049,22.36
94847,475,S3,138.0,52.545,22.36
94848,475,S3,141.0,52.089,22.36
94849,475,S3,144.0,51.659,22.36
94850,475,S3,147.0,51.199,22.36
94851,475,S3,150.0,50.755,22.36
94852,475,S3,153.0,50.404,22.36
94853,475,S3,156.0,49.878,22.36
94854,475,S3,159.0,49.513,22.36
94855,475,S3,162.0,49.134,22.36
94856,475,S3,165.0,48.823,22.36
94857,475,S3,168.0,48.368,22.36
94858,475,S3,171.0,47.923,22.36
94859,475,S3,174.0,47.665,22.36
94860,475,S3,177.0,47.183,22.36
94861,475,S3,180.0,46.832,22.36
94862,475,S3,183.0,46.548,22.36
94863,475,S3,186.0,46.062,22.36
94864,475,S3,189.0,45.791,22.36
94865,475,S3,192.0,45.523,22.36
94866,475,S3,195.0,45.104,22.36
94867,475,S3,198.0,44.743,22.36
94868,475,S3,201.0,44.391,22.36
94869,475,S3,204.0,44.120,22.36
94870,475,S3,207.0,43.766,22.36
94871,475,S3,210.0,43.429,22.36
94872,475,S3,213.0,43.173,22.36
94873,475,S3,216.0,42.834,22.36
94874,475,S3,219.0,42.552,22.36
94875,475,S3,222.0,42.230,22.36
94876,475,S3,225.0,41.940,22.36
94877,475,S3,228.0,41.636,22.36
94878,475,S3,231.0,41.329,22.36
94879,475,S3,234.0,41.039,22.36
94880,475,S3,237.0,40.909,22.36
94881,475,S3,240.0,40.509,22.36
94882,475,S3,243.0,40.268,22.36
94883,475,S3,246.0,39.975,22.36
94884,475,S3,249.0,39.636,22.36
94885,475,S3,252.0,39.370,22.36
94886,475,S3,255.0,39.210,22.36
94887,475,S3,258.0,38.980,22.36
94888,475,S3,261.0,38.762,22.36
94889,475,S3,264.0,38.520,22.36
94890,475,S3,267.0,38.253,22.36
94891,475,S3,270.0,38.102,22.36
94892,475,S3,273.0,37.763,22.36
94893,475,S3,276.0,37.652,22.36
94894,475,S3,279.0,37.331,22.36
94895,475,S3,282.0,37.194,22.36
94896,475,S3,285.0,36.966,22.36
94897,475,S3,288.0,36.678,22.36
94898,475,S3,291.0,36.457,22.36
94899,475,S3,294.0,36.244,22.36
94900,475,S3,297.0,35.971,22.36
94901,475,S3,300.0,35.848,22.36
94902,475,S3,303.0,35.630,22.36
94903,475,S3,306.0,35.426,22.36
94904,475,S3,309.0,35.235,22.36
94905,475,S3,312.0,35.103,22.36
94906,475,S3,315.0,34.814,22.36
94907,475,S3,318.0,34.685,22.36
94908,475,S3,321.0,34.498,22.36
94909,475,S3,324.0,34.290,22.36
94910,475,S3,327.0,34.170,22.36
94911,475,S3,330.0,33.932,22.36
94912,475,S3,333.0,33.839,22.36
94913,475,S3,336.0,33.611,22.36
94914,475,S3,339.0,33.472,22.36
94915,475,S3,342.0,33.370,22.36
94916,475,S3,345.0,33.078,22.36
94917,475,S3,348.0,32.933,22.36
94918,475,S3,351.0,32.823,22.36
94919,475,S3,354.0,32.592,22.36
94920,475,S3,357.0,32.578,22.36
94921,475,S3,360.0,32.388,22.36
94922,475,S3,363.0,32.154,22.36
94923,475,S3,366.0,32.070,22.36
94924,475,S3,369.0,31.891,22.36
94925,475,S3,372.0,31.837,22.36
94926,475,S3,375.0,31.649,22.36
94927,475,S3,378.0,31.502,22.36
94928,475,S3,381.0,31.357,22.36
94929,475,S3,384.0,31.217,22.36
94930,475,S3,387.0,31.194,22.36
94931,475,S3,390.0,30.990,22.36
94932,475,S3,393.0,30.865,22.36
94933,475,S3,396.0,30.640,22.36
94934,475,S3,399.0,30.500,22.36
94935,475,S3,402.0,30.456,22.36
94936,475,S3,405.0,30.398,22.36
94937,475,S3,408.0,30.302,22.36
94938,475,S3,411.0,30.186,22.36
94939,475,S3,414.0,30.046,22.36
94940,475,S3,417.0,29.894,22.36
94941,475,S3,420.0,29.842,22.36
94942,475,S3,423.0,29.679,22.36
94943,475,S3,426.0,29.599,22.36
94944,475,S3,429.0,29.505,22.36
94945,475,S3,432.0,29.375,22.36
94946,475,S3,435.0,29.164,22.36
94947,475,S3,438.0,29.177,22.36
94948,475,S3,441.0,29.025,22.36
94949,475,S3,444.0,29.020,22.36
94950,475,S3,447.0,28.907,22.36
94951,475,S3,450.0,28.658,22.36
94952,475,S3,453.0,28.703,22.36
94953,475,S3,456.0,28.569,22.36
94954,475,S3,459.0,28.516,22.36
94955,475,S3,462.0,28.412,22.36
94956,475,S3,465.0,28.360,22.36
94957,475,S3,468.0,28.180,22.36
94958,475,S3,471.0,28.155,22.36
94959,475,S3,474.0,28.126,22.36
94960,475,S3,477.0,27.984,22.36
94961,475,S3,480.0,27.885,22.36
94962,475,S3,483.0,27.804,22.36
94963,475,S3,486.0,27.782,22.36
94964,475,S3,489.0,27.530,22.36
94965,475,S3,492.0,27.605,22.36
94966,475,S3,495.0,27.480,22.36
94967,475,S3,498.0,27.544,22.36
94968,475,S3,501.0,27.306,22.36
94969,475,S3,504.0,27.304,22.36
94970,475,S3,507.0,27.216,22.36
94971,475,S3,510.0,27.159,22.36
94972,475,S3,513.0,27.026,22.36
94973,475,S3,516.0,27.019,22.36
94974,475,S3,519.0,26.917,22.36
94975,475,S3,522.0,26.879,22.36
94976,475,S3,525.0,26.760,22.36
94977,475,S3,528.0,26.711,22.36
94978,475,S3,531.0,26.601,22.36
94979,475,S3,534.0,26.574,22.36
94980,475,S3,537.0,26.455,22.36
94981,475,S3,540.0,26.534,22.36
