measurement_id,run_id,sensor_id,t_seconds,temperature_c,ambient_c
24996,125,S1,585.0,20.482,20.22
24997,125,S1,588.0,20.420,20.22
24998,125,S1,591.0,20.414,20.22
24999,125,S1,594.0,20.336,20.22
25000,125,S1,597.0,20.456,20.22
25001,126,S2,0.0,80.111,21.14
25002,126,S2,3.0,79.202,21.14
25003,126,S2,6.0,78.326,21.14
25004,126,S2,9.0,77.452,21.14
25005,126,S2,12.0,76.607,21.14
25006,126,S2,15.0,75.836,21.14
25007,126,S2,18.0,75.088,21.14
25008,126,S2,21.0,74.292,21.14
25009,126,S2,24.0,73.357,21.14
25010,126,S2,27.0,72.782,21.14
25011,126,S2,30.0,71.969,21.14
25012,126,S2,33.0,71.188,21.14
25013,126,S2,36.0,70.539,21.14
25014,126,S2,39.0,69.734,21.14
25015,126,S2,42.0,69.010,21.14
25016,126,S2,45.0,68.347,21.14
25017,126,S2,48.0,67.594,21.14
25018,126,S2,51.0,66.886,21.14
25019,126,S2,54.0,66.267,21.14
25020,126,S2,57.0,65.589,21.14
25021,126,S2,60.0,64.880,21.14
25022,126,S2,63.0,64.290,21.14
25023,126,S2,66.0,63.580,21.14
25024,126,S2,69.0,62.968,21.14
25025,126,S2,72.0,62.356,21.14
25026,126,S2,75.0,61.700,21.14
25027,126,S2,78.0,61.203,21.14
25028,126,S2,81.0,60.551,21.14
25029,126,S2,84.0,60.124,21.14
25030,126,S2,87.0,59.439,21.14
25031,126,S2,90.0,58.798,21.14
25032,126,S2,93.0,58.320,21.14
25033,126,S2,96.0,57.731,21.14
25034,126,S2,99.0,57.241,21.14
25035,126,S2,102.0,56.677,21.14
25036,126,S2,105.0,56.113,21.14
25037,126,S2,108.0,55.611,21.14
25038,126,S2,111.0,55.005,21.14
25039,126,S2,114.0,54.639,21.14
25040,126,S2,117.0,54.063,21.14
25041,126,S2,120.0,53.586,21.14
25042,126,S2,123.0,53.149,21.14
25043,126,S2,126.0,52.642,21.14
25044,126,S2,129.0,52.126,21.14
25045,126,S2,132.0,51.692,21.14
25046,126,S2,135.0,51.289,21.14
25047,126,S2,138.0,50.802,21.14
25048,126,S2,141.0,50.390,21.14
25049,126,S2,144.0,49.943,21.14
25050,126,S2,147.0,49.518,21.14
25051,126,S2,150.0,49.040,21.14
25052,126,S2,153.0,48.734,21.14
25053,126,S2,156.0,48.364,21.14
25054,126,S2,159.0,47.850,21.14
25055,126,S2,162.0,47.457,21.14
25056,126,S2,165.0,47.103,21.14
25057,126,S2,168.0,46.726,21.14
25058,126,S2,171.0,46.395,21.14
25059,126,S2,174.0,45.958,21.14
25060,126,S2,177.0,45.711,21.14
25061,126,S2,180.0,45.214,21.14
25062,126,S2,183.0,44.858,21.14
25063,126,S2,186.0,44.498,21.14
25064,126,S2,189.0,44.221,21.14
25065,126,S2,192.0,43.867,21.14
25066,126,S2,195.0,43.511,21.14
25067,126,S2,198.0,43.099,21.14
25068,126,S2,201.0,42.865,21.14
25069,126,S2,204.0,42.527,21.14
25070,126,S2,207.0,42.299,21.14
25071,126,S2,210.0,42.004,21.14
25072,126,S2,213.0,41.631,21.14
25073,126,S2,216.0,41.304,21.14
25074,126,S2,219.0,40.956,21.14
25075,126,S2,222.0,40.631,21.14
25076,126,S2,225.0,40.404,21.14
25077,126,S2,228.0,40.061,21.14
25078,126,S2,231.0,39.789,21.14
25079,126,S2,234.0,39.444,21.14
25080,126,S2,237.0,39.338,21.14
25081,126,S2,240.0,38.955,21.14
25082,126,S2,243.0,38.789,21.14
25083,126,S2,246.0,38.533,21.14
25084,126,S2,249.0,38.117,21.14
25085,126,S2,252.0,38.027,21.14
25086,126,S2,255.0,37.758,21.14
25087,126,S2,258.0,37.457,21.14
25088,126,S2,261.0,37.319,21.14
25089,126,S2,264.0,37.050,21.14
25090,126,S2,267.0,36.767,21.14
25091,126,S2,270.0,36.565,21.14
25092,126,S2,273.0,36.258,21.14
25093,126,S2,276.0,36.016,21.14
25094,126,S2,279.0,35.883,21.14
25095,126,S2,282.0,35.636,21.14
25096,126,S2,285.0,35.439,21.14
25097,126,S2,288.0,35.268,21.14
25098,126,S2,291.0,35.039,21.14
25099,126,S2,294.0,34.789,21.14
25100,126,S2,297.0,34.743,21.14
25101,126,S2,300.0,34.425,21.14
25102,126,S2,303.0,34.168,21.14
25103,126,S2,306.0,34.008,21.14
25104,126,S2,309.0,33.897,21.14
25105,126,S2,312.0,33.624,21.14
25106,126,S2,315.0,33.519,21.14
25107,126,S2,318.0,33.295,21.14
25108,126,S2,321.0,33.121,21.14
25109,126,S2,324.0,32.857,21.14
25110,126,S2,327.0,32.819,21.14
25111,126,S2,330.0,32.633,21.14
25112,126,S2,333.0,32.342,21.14
25113,126,S2,336.0,32.273,21.14
25114,126,S2,339.0,32.067,21.14
25115,126,S2,342.0,31.938,21.14
25116,126,S2,345.0,31.741,21.14
25117,126,S2,348.0,31.607,21.14
25118,126,S2,351.0,31.410,21.14
25119,126,S2,354.0,31.303,21.14
25120,126,S2,357.0,31.099,21.14
25121,126,S2,360.0,30.950,21.14
25122,126,S2,363.0,30.805,21.14
25123,126,S2,366.0,30.730,21.14
25124,126,S2,369.0,30.570,21.14
25125,126,S2,372.0,30.351,21.14
25126,126,S2,375.0,30.364,21.14
25127,126,S2,378.0,30.178,21.14
25128,126,S2,381.0,29.994,21.14
25129,126,S2,384.0,29.751,21.14
25130,126,S2,387.0,29.790,21.14
25131,126,S2,390.0,29.600,21.14
25132,126,S2,393.0,29.513,21.14
25133,126,S2,396.0,29.283,21.14
25134,126,S2,399.0,29.281,21.14
25135,126,S2,402.0,29.134,21.14
25136,126,S2,405.0,28.935,21.14
25137,126,S2,408.0,28.835,21.14
25138,126,S2,411.0,28.762,21.14
25139,126,S2,414.0,28.621,21.14
25140,126,S2,417.0,28.534,21.14
25141,126,S2,420.0,28.467,21.14
25142,126,S2,423.0,28.471,21.14
25143,126,S2,426.0,28.235,21.14
25144,126,S2,429.0,28.118,21.14
25145,126,S2,432.0,28.124,21.14
25146,126,S2,435.0,27.987,21.14
25147,126,S2,438.0,27.839,21.14
25148,126,S2,441.0,27.785,21.14
25149,126,S2,444.0,27.540,21.14
25150,126,S2,447.0,27.486,21.14
25151,126,S2,450.0,27.393,21.14
25152,126,S2,453.0,27.325,21.14
25153,126,S2,456.0,27.296,21.14
25154,126,S2,459.0,27.176,21.14
25155,126,S2,462.0,27.033,21.14
25156,126,S2,465.0,26.982,21.14
25157,126,S2,468.0,26.902,21.14
25158,126,S2,471.0,26.848,21.14
25159,126,S2,474.0,26.727,21.14
25160,126,S2,477.0,26.686,21.14
25161,126,S2,480.0,26.658,21.14
25162,126,S2,483.0,26.571,21.14
25163,126,S2,486.0,26.326,21.14
25164,126,S2,489.0,26.282,21.14
25165,126,S2,492.0,26.210,21.14
25166,126,S2,495.0,26.170,21.14
25167,126,S2,498.0,26.076,21.14
25168,126,S2,501.0,26.054,21.14
25169,126,S2,504.0,25.985,21.14
25170,126,S2,507.0,25.929,21.14
25171,126,S2,510.0,25.845,21.14
25172,126,S2,513.0,25.665,21.14
25173,126,S2,516.0,25.577,21.14
25174,126,S2,519.0,25.507,21.14
25175,126,S2,522.0,25.496,21.14
25176,126,S2,525.0,25.488,21.14
25177,126,S2,528.0,25.368,21.14
25178,126,S2,531.0,25.375,21.14
25179,126,S2,534.0,25.341,21.14
25180,126,S2,537.0,25.236,21.14
25181,126,S2,540.0,25.220,21.14
25182,126,S2,543.0,25.160,21.14
25183,126,S2,546.0,25.011,21.14
25184,126,S2,549.0,24.954,21.14
25185,126,S2,552.0,24.966,21.14
25186,126,S2,555.0,24.785,21.14
25187,126,S2,558.0,24.779,21.14
25188,126,S2,561.0,24.796,21.14
25189,126,S2,564.0,24.766,21.14
25190,126,S2,567.0,24.562,21.14
25191,126,S2,570.0,24.654,21.14
25192,126,S2,573.0,24.589,21.14
25193,126,S2,576.0,24.404,21.14
25194,126,S2,579.0,24.472,21.14
25195,126,S2,582.0,24.424,21.14
25196,126,S2,585.0,24.351,21.14
25197,126,S2,588.0,24.348,21.14
25198,126,S2,591.0,24.221,21.14
25199,126,S2,594.0,24.157,21.14
25200,126,S2,597.0,24.196,21.14
25201,127,S3,0.0,92.519,22.70
25202,127,S3,3.0,91.471,22.70
25203,127,S3,6.0,90.375,22.70
25204,127,S3,9.0,89.310,22.70
25205,127,S3,12.0,88.283,22.70
25206,127,S3,15.0,87.223,22.70
25207,127,S3,18.0,86.220,22.70
25208,127,S3,21.0,85.115,22.70
25209,127,S3,24.0,84.239,22.70
25210,127,S3,27.0,83.265,22.70
25211,127,S3,30.0,82.312,22.70
25212,127,S3,33.0,81.397,22.70
25213,127,S3,36.0,80.553,22.70
25214,127,S3,39.0,79.476,22.70
25215,127,S3,42.0,78.623,22.70
25216,127,S3,45.0,77.777,22.70
25217,127,S3,48.0,76.897,22.70
25218,127,S3,51.0,76.129,22.70
25219,127,S3,54.0,75.215,22.70
25220,127,S3,57.0,74.317,22.70
25221,127,S3,60.0,73.532,22.70
25222,127,S3,63.0,72.751,22.70
25223,127,S3,66.0,71.946,22.70
25224,127,S3,69.0,71.240,22.70
25225,127,S3,72.0,70.497,22.70
25226,127,S3,75.0,69.725,22.70
25227,127,S3,78.0,68.895,22.70
25228,127,S3,81.0,68.207,22.70
25229,127,S3,84.0,67.369,22.70
25230,127,S3,87.0,66.838,22.70
25231,127,S3,90.0,65.955,22.70
25232,127,S3,93.0,65.452,22.70
25233,127,S3,96.0,64.723,22.70
25234,127,S3,99.0,64.071,22.70
25235,127,S3,102.0,63.418,22.70
25236,127,S3,105.0,62.786,22.70
25237,127,S3,108.0,62.055,22.70
25238,127,S3,111.0,61.532,22.70
25239,127,S3,114.0,60.880,22.70
25240,127,S3,117.0,60.379,22.70
25241,127,S3,120.0,59.776,22.70
25242,127,S3,123.0,59.160,22.70
25243,127,S3,126.0,58.531,22.70
25244,127,S3,129.0,58.008,22.70
25245,127,S3,132.0,57.432,22.70
25246,127,S3,135.0,56.817,22.70
25247,127,S3,138.0,56.300,22.70
25248,127,S3,141.0,55.758,22.70
25249,127,S3,144.0,55.317,22.70
25250,127,S3,147.0,54.901,22.70
25251,127,S3,150.0,54.327,22.70
25252,127,S3,153.0,53.754,22.70
25253,127,S3,156.0,53.296,22.70
25254,127,S3,159.0,52.861,22.70
25255,127,S3,162.0,52.365,22.70
25256,127,S3,165.0,51.949,22.70
25257,127,S3,168.0,51.411,22.70
25258,127,S3,171.0,50.929,22.70
25259,127,S3,174.0,50.583,22.70
25260,127,S3,177.0,50.061,22.70
25261,127,S3,180.0,49.685,22.70
25262,127,S3,183.0,49.186,22.70
25263,127,S3,186.0,48.750,22.70
25264,127,S3,189.0,48.443,22.70
25265,127,S3,192.0,48.024,22.70
25266,127,S3,195.0,47.598,22.70
25267,127,S3,198.0,47.092,22.70
25268,127,S3,201.0,46.758,22.70
25269,127,S3,204.0,46.369,22.70
25270,127,S3,207.0,46.032,22.70
25271,127,S3,210.0,45.574,22.70
25272,127,S3,213.0,45.331,22.70
25273,127,S3,216.0,45.002,22.70
25274,127,S3,219.0,44.634,22.70
25275,127,S3,222.0,44.294,22.70
25276,127,S3,225.0,43.902,22.70
25277,127,S3,228.0,43.713,22.70
25278,127,S3,231.0,43.229,22.70
25279,127,S3,234.0,42.938,22.70
25280,127,S3,237.0,42.527,22.70
25281,127,S3,240.0,42.249,22.70
25282,127,S3,243.0,41.997,22.70
25283,127,S3,246.0,41.609,22.70
25284,127,S3,249.0,41.447,22.70
25285,127,S3,252.0,41.146,22.70
25286,127,S3,255.0,40.790,22.70
25287,127,S3,258.0,40.462,22.70
25288,127,S3,261.0,40.198,22.70
25289,127,S3,264.0,39.935,22.70
25290,127,S3,267.0,39.684,22.70
25291,127,S3,270.0,39.432,22.70
25292,127,S3,273.0,39.255,22.70
25293,127,S3,276.0,38.842,22.70
25294,127,S3,279.0,38.642,22.70
25295,127,S3,282.0,38.458,22.70
25296,127,S3,285.0,38.180,22.70
25297,127,S3,288.0,37.900,22.70
25298,127,S3,291.0,37.638,22.70
25299,127,S3,294.0,37.466,22.70
25300,127,S3,297.0,37.270,22.70
25301,127,S3,300.0,36.919,22.70
25302,127,S3,303.0,36.710,22.70
25303,127,S3,306.0,36.603,22.70
25304,127,S3,309.0,36.264,22.70
25305,127,S3,312.0,36.109,22.70
25306,127,S3,315.0,35.886,22.70
25307,127,S3,318.0,35.666,22.70
25308,127,S3,321.0,35.550,22.70
25309,127,S3,324.0,35.271,22.70
25310,127,S3,327.0,35.095,22.70
25311,127,S3,330.0,34.925,22.70
25312,127,S3,333.0,34.727,22.70
25313,127,S3,336.0,34.517,22.70
25314,127,S3,339.0,34.349,22.70
25315,127,S3,342.0,34.123,22.70
25316,127,S3,345.0,33.861,22.70
25317,127,S3,348.0,33.685,22.70
25318,127,S3,351.0,33.634,22.70
25319,127,S3,354.0,33.502,22.70
25320,127,S3,357.0,33.236,22.70
25321,127,S3,360.0,33.119,22.70
25322,127,S3,363.0,32.899,22.70
25323,127,S3,366.0,32.836,22.70
25324,127,S3,369.0,32.650,22.70
25325,127,S3,372.0,32.419,22.70
25326,127,S3,375.0,32.297,22.70
25327,127,S3,378.0,32.142,22.70
25328,127,S3,381.0,32.032,22.70
25329,127,S3,384.0,31.903,22.70
25330,127,S3,387.0,31.664,22.70
25331,127,S3,390.0,31.507,22.70
25332,127,S3,393.0,31.448,22.70
25333,127,S3,396.0,31.299,22.70
25334,127,S3,399.0,31.214,22.70
25335,127,S3,402.0,30.982,22.70
25336,127,S3,405.0,30.759,22.70
25337,127,S3,408.0,30.690,22.70
25338,127,S3,411.0,30.591,22.70
25339,127,S3,414.0,30.420,22.70
25340,127,S3,417.0,30.452,22.70
25341,127,S3,420.0,30.231,22.70
25342,127,S3,423.0,30.118,22.70
25343,127,S3,426.0,30.005,22.70
25344,127,S3,429.0,29.950,22.70
25345,127,S3,432.0,29.810,22.70
25346,127,S3,435.0,29.679,22.70
25347,127,S3,438.0,29.564,22.70
25348,127,S3,441.0,29.480,22.70
25349,127,S3,444.0,29.342,22.70
25350,127,S3,447.0,29.300,22.70
25351,127,S3,450.0,29.188,22.70
25352,127,S3,453.0,29.061,22.70
25353,127,S3,456.0,28.927,22.70
25354,127,S3,459.0,28.802,22.70
25355,127,S3,462.0,28.874,22.70
25356,127,S3,465.0,28.772,22.70
25357,127,S3,468.0,28.544,22.70
25358,127,S3,471.0,28.569,22.70
25359,127,S3,474.0,28.373,22.70
25360,127,S3,477.0,28.398,22.70
25361,127,S3,480.0,28.151,22.70
25362,127,S3,483.0,28.151,22.70
25363,127,S3,486.0,28.109,22.70
25364,127,S3,489.0,27.956,22.70
25365,127,S3,492.0,27.880,22.70
25366,127,S3,495.0,27.831,22.70
25367,127,S3,498.0,27.864,22.70
25368,127,S3,501.0,27.699,22.70
25369,127,S3,504.0,27.367,22.70
25370,127,S3,507.0,27.436,22.70
25371,127,S3,510.0,27.377,22.70
25372,127,S3,513.0,27.309,22.70
25373,127,S3,516.0,27.246,22.70
25374,127,S3,519.0,27.186,22.70
25375,127,S3,522.0,27.078,22.70
25376,127,S3,525.0,27.034,22.70
25377,127,S3,528.0,26.963,22.70
25378,127,S3,531.0,26.951,22.70
25379,127,S3,534.0,26.856,22.70
25380,127,S3,537.0,26.771,22.70
25381,127,S3,540.0,26.710,22.70
25382,127,S3,543.0,26.694,22.70
25383,127,S3,546.0,26.615,22.70
25384,127,S3,549.0,26.526,22.70
25385,127,S3,552.0,26.431,22.70
25386,127,S3,555.0,26.396,22.70
25387,127,S3,558.0,26.353,22.70
25388,127,S3,561.0,26.214,22.70
25389,127,S3,564.0,26.271,22.70
25390,127,S3,567.0,26.252,22.70
25391,127,S3,570.0,26.259,22.70
25392,127,S3,573.0,26.025,22.70
25393,127,S3,576.0,26.034,22.70
25394,127,S3,579.0,25.979,22.70
25395,127,S3,582.0,25.886,22.70
25396,127,S3,585.0,25.912,22.70
25397,127,S3,588.0,25.843,22.70
25398,127,S3,591.0,25.859,22.70
25399,127,S3,594.0,25.723,22.70
25400,127,S3,597.0,25.586,22.70
25401,128,S4,0.0,77.397,22.77
25402,128,S4,3.0,76.694,22.77
25403,128,S4,6.0,75.985,22.77
25404,128,S4,9.0,75.402,22.77
25405,128,S4,12.0,74.615,22.77
25406,128,S4,15.0,73.878,22.77
25407,128,S4,18.0,73.318,22.77
25408,128,S4,21.0,72.545,22.77
25409,128,S4,24.0,72.017,22.77
25410,128,S4,27.0,71.278,22.77
25411,128,S4,30.0,70.589,22.77
25412,128,S4,33.0,70.014,22.77
25413,128,S4,36.0,69.463,22.77
25414,128,S4,39.0,68.803,22.77
25415,128,S4,42.0,68.184,22.77
25416,128,S4,45.0,67.544,22.77
25417,128,S4,48.0,66.903,22.77
25418,128,S4,51.0,66.329,22.77
25419,128,S4,54.0,65.848,22.77
25420,128,S4,57.0,65.221,22.77
25421,128,S4,60.0,64.576,22.77
25422,128,S4,63.0,64.090,22.77
25423,128,S4,66.0,63.628,22.77
25424,128,S4,69.0,63.014,22.77
25425,128,S4,72.0,62.588,22.77
25426,128,S4,75.0,61.991,22.77
25427,128,S4,78.0,61.521,22.77
25428,128,S4,81.0,60.944,22.77
25429,128,S4,84.0,60.451,22.77
25430,128,S4,87.0,59.941,22.77
25431,128,S4,90.0,59.367,22.77
25432,128,S4,93.0,58.977,22.77
25433,128,S4,96.0,58.455,22.77
25434,128,S4,99.0,57.994,22.77
25435,128,S4,102.0,57.586,22.77
25436,128,S4,105.0,57.126,22.77
25437,128,S4,108.0,56.614,22.77
25438,128,S4,111.0,56.126,22.77
25439,128,S4,114.0,55.825,22.77
25440,128,S4,117.0,55.258,22.77
25441,128,S4,120.0,54.921,22.77
25442,128,S4,123.0,54.458,22.77
25443,128,S4,126.0,53.992,22.77
25444,128,S4,129.0,53.683,22.77
25445,128,S4,132.0,53.221,22.77
25446,128,S4,135.0,52.806,22.77
25447,128,S4,138.0,52.426,22.77
25448,128,S4,141.0,51.976,22.77
25449,128,S4,144.0,51.736,22.77
25450,128,S4,147.0,51.184,22.77
25451,128,S4,150.0,50.817,22.77
25452,128,S4,153.0,50.449,22.77
25453,128,S4,156.0,50.176,22.77
25454,128,S4,159.0,49.811,22.77
25455,128,S4,162.0,49.352,22.77
25456,128,S4,165.0,49.090,22.77
25457,128,S4,168.0,48.686,22.77
25458,128,S4,171.0,48.366,22.77
25459,128,S4,174.0,48.128,22.77
25460,128,S4,177.0,47.800,22.77
25461,128,S4,180.0,47.356,22.77
25462,128,S4,183.0,47.093,22.77
25463,128,S4,186.0,46.750,22.77
25464,128,S4,189.0,46.441,22.77
25465,128,S4,192.0,46.160,22.77
25466,128,S4,195.0,45.886,22.77
25467,128,S4,198.0,45.456,22.77
25468,128,S4,201.0,45.154,22.77
25469,128,S4,204.0,44.908,22.77
25470,128,S4,207.0,44.561,22.77
25471,128,S4,210.0,44.271,22.77
25472,128,S4,213.0,43.921,22.77
25473,128,S4,216.0,43.746,22.77
25474,128,S4,219.0,43.489,22.77
25475,128,S4,222.0,43.242,22.77
25476,128,S4,225.0,42.927,22.77
25477,128,S4,228.0,42.746,22.77
25478,128,S4,231.0,42.442,22.77
25479,128,S4,234.0,42.132,22.77
25480,128,S4,237.0,41.985,22.77
25481,128,S4,240.0,41.656,22.77
25482,128,S4,243.0,41.398,22.77
25483,128,S4,246.0,41.076,22.77
25484,128,S4,249.0,40.926,22.77
25485,128,S4,252.0,40.665,22.77
25486,128,S4,255.0,40.377,22.77
25487,128,S4,258.0,40.152,22.77
25488,128,S4,261.0,39.956,22.77
25489,128,S4,264.0,39.672,22.77
25490,128,S4,267.0,39.486,22.77
25491,128,S4,270.0,39.219,22.77
25492,128,S4,273.0,39.051,22.77
25493,128,S4,276.0,38.783,22.77
25494,128,S4,279.0,38.603,22.77
25495,128,S4,282.0,38.406,22.77
25496,128,S4,285.0,38.215,22.77
25497,128,S4,288.0,37.959,22.77
25498,128,S4,291.0,37.863,22.77
25499,128,S4,294.0,37.681,22.77
25500,128,S4,297.0,37.432,22.77
25501,128,S4,300.0,37.250,22.77
25502,128,S4,303.0,37.039,22.77
25503,128,S4,306.0,36.791,22.77
25504,128,S4,309.0,36.798,22.77
25505,128,S4,312.0,36.447,22.77
25506,128,S4,315.0,36.289,22.77
25507,128,S4,318.0,36.214,22.77
25508,128,S4,321.0,36.004,22.77
25509,128,S4,324.0,35.853,22.77
25510,128,S4,327.0,35.556,22.77
25511,128,S4,330.0,35.439,22.77
25512,128,S4,333.0,35.174,22.77
25513,128,S4,336.0,35.010,22.77
25514,128,S4,339.0,34.815,22.77
25515,128,S4,342.0,34.790,22.77
25516,128,S4,345.0,34.577,22.77
25517,128,S4,348.0,34.504,22.77
25518,128,S4,351.0,34.316,22.77
25519,128,S4,354.0,34.170,22.77
25520,128,S4,357.0,33.964,22.77
25521,128,S4,360.0,33.800,22.77
25522,128,S4,363.0,33.783,22.77
25523,128,S4,366.0,33.530,22.77
25524,128,S4,369.0,33.327,22.77
25525,128,S4,372.0,33.249,22.77
25526,128,S4,375.0,33.133,22.77
25527,128,S4,378.0,33.096,22.77
25528,128,S4,381.0,32.859,22.77
25529,128,S4,384.0,32.624,22.77
25530,128,S4,387.0,32.559,22.77
25531,128,S4,390.0,32.543,22.77
25532,128,S4,393.0,32.346,22.77
25533,128,S4,396.0,32.181,22.77
25534,128,S4,399.0,32.103,22.77
25535,128,S4,402.0,31.856,22.77
25536,128,S4,405.0,31.931,22.77
25537,128,S4,408.0,31.718,22.77
25538,128,S4,411.0,31.628,22.77
25539,128,S4,414.0,31.529,22.77
25540,128,S4,417.0,31.342,22.77
25541,128,S4,420.0,31.211,22.77
25542,128,S4,423.0,31.092,22.77
25543,128,S4,426.0,31.109,22.77
25544,128,S4,429.0,30.836,22.77
25545,128,S4,432.0,30.831,22.77
25546,128,S4,435.0,30.677,22.77
25547,128,S4,438.0,30.545,22.77
25548,128,S4,441.0,30.537,22.77
25549,128,S4,444.0,30.366,22.77
25550,128,S4,447.0,30.306,22.77
25551,128,S4,450.0,30.219,22.77
25552,128,S4,453.0,30.084,22.77
25553,128,S4,456.0,29.916,22.77
25554,128,S4,459.0,29.902,22.77
25555,128,S4,462.0,29.873,22.77
25556,128,S4,465.0,29.686,22.77
25557,128,S4,468.0,29.719,22.77
25558,128,S4,471.0,29.464,22.77
25559,128,S4,474.0,29.473,22.77
25560,128,S4,477.0,29.374,22.77
25561,128,S4,480.0,29.282,22.77
25562,128,S4,483.0,29.107,22.77
25563,128,S4,486.0,29.165,22.77
25564,128,S4,489.0,29.061,22.77
25565,128,S4,492.0,28.860,22.77
25566,128,S4,495.0,28.877,22.77
25567,128,S4,498.0,28.777,22.77
25568,128,S4,501.0,28.763,22.77
25569,128,S4,504.0,28.697,22.77
25570,128,S4,507.0,28.482,22.77
25571,128,S4,510.0,28.561,22.77
25572,128,S4,513.0,28.371,22.77
25573,128,S4,516.0,28.359,22.77
25574,128,S4,519.0,28.268,22.77
25575,128,S4,522.0,28.135,22.77
25576,128,S4,525.0,28.042,22.77
25577,128,S4,528.0,28.018,22.77
25578,128,S4,531.0,27.868,22.77
25579,128,S4,534.0,27.786,22.77
25580,128,S4,537.0,27.876,22.77
25581,128,S4,540.0,27.791,22.77
25582,128,S4,543.0,27.652,22.77
25583,128,S4,546.0,27.595,22.77
25584,128,S4,549.0,27.648,22.77
25585,128,S4,552.0,27.429,22.77
25586,128,S4,555.0,27.442,22.77
25587,128,S4,558.0,27.387,22.77
25588,128,S4,561.0,27.318,22.77
25589,128,S4,564.0,27.234,22.77
25590,128,S4,567.0,27.172,22.77
25591,128,S4,570.0,27.150,22.77
25592,128,S4,573.0,27.053,22.77
25593,128,S4,576.0,27.051,22.77
25594,128,S4,579.0,27.008,22.77
25595,128,S4,582.0,26.776,22.77
25596,128,S4,585.0,26.875,22.77
25597,128,S4,588.0,26.776,22.77
25598,128,S4,591.0,26.825,22.77
25599,128,S4,594.0,26.684,22.77
25600,128,S4,597.0,26.627,22.77
25601,129,S1,0.0,84.974,21.08
25602,129,S1,3.0,83.333,21.08
25603,129,S1,6.0,81.626,21.08
25604,129,S1,9.0,80.024,21.08
25605,129,S1,12.0,78.435,21.08
25606,129,S1,15.0,76.913,21.08
25607,129,S1,18.0,75.445,21.08
25608,129,S1,21.0,74.073,21.08
25609,129,S1,24.0,72.618,21.08
25610,129,S1,27.0,71.263,21.08
25611,129,S1,30.0,69.873,21.08
25612,129,S1,33.0,68.710,21.08
25613,129,S1,36.0,67.289,21.08
25614,129,S1,39.0,66.185,21.08
25615,129,S1,42.0,64.987,21.08
25616,129,S1,45.0,63.795,21.08
25617,129,S1,48.0,62.618,21.08
25618,129,S1,51.0,61.590,21.08
25619,129,S1,54.0,60.559,21.08
25620,129,S1,57.0,59.462,21.08
25621,129,S1,60.0,58.364,21.08
25622,129,S1,63.0,57.465,21.08
25623,129,S1,66.0,56.478,21.08
25624,129,S1,69.0,55.561,21.08
25625,129,S1,72.0,54.556,21.08
25626,129,S1,75.0,53.727,21.08
25627,129,S1,78.0,52.853,21.08
25628,129,S1,81.0,51.988,21.08
25629,129,S1,84.0,51.265,21.08
25630,129,S1,87.0,50.329,21.08
25631,129,S1,90.0,49.583,21.08
25632,129,S1,93.0,48.903,21.08
25633,129,S1,96.0,48.250,21.08
25634,129,S1,99.0,47.425,21.08
25635,129,S1,102.0,46.604,21.08
25636,129,S1,105.0,45.974,21.08
25637,129,S1,108.0,45.379,21.08
25638,129,S1,111.0,44.737,21.08
25639,129,S1,114.0,44.074,21.08
25640,129,S1,117.0,43.535,21.08
25641,129,S1,120.0,42.790,21.08
25642,129,S1,123.0,42.314,21.08
25643,129,S1,126.0,41.773,21.08
25644,129,S1,129.0,41.185,21.08
25645,129,S1,132.0,40.653,21.08
25646,129,S1,135.0,40.153,21.08
25647,129,S1,138.0,39.625,21.08
25648,129,S1,141.0,39.233,21.08
25649,129,S1,144.0,38.595,21.08
25650,129,S1,147.0,38.194,21.08
25651,129,S1,150.0,37.718,21.08
25652,129,S1,153.0,37.337,21.08
25653,129,S1,156.0,36.921,21.08
25654,129,S1,159.0,36.527,21.08
25655,129,S1,162.0,36.149,21.08
25656,129,S1,165.0,35.675,21.08
25657,129,S1,168.0,35.303,21.08
25658,129,S1,171.0,34.886,21.08
25659,129,S1,174.0,34.571,21.08
25660,129,S1,177.0,34.165,21.08
25661,129,S1,180.0,33.813,21.08
25662,129,S1,183.0,33.426,21.08
25663,129,S1,186.0,33.159,21.08
25664,129,S1,189.0,32.812,21.08
25665,129,S1,192.0,32.624,21.08
25666,129,S1,195.0,32.211,21.08
25667,129,S1,198.0,31.958,21.08
25668,129,S1,201.0,31.656,21.08
25669,129,S1,204.0,31.298,21.08
25670,129,S1,207.0,31.128,21.08
25671,129,S1,210.0,30.763,21.08
25672,129,S1,213.0,30.627,21.08
25673,129,S1,216.0,30.300,21.08
25674,129,S1,219.0,29.988,21.08
25675,129,S1,222.0,29.868,21.08
25676,129,S1,225.0,29.646,21.08
25677,129,S1,228.0,29.471,21.08
25678,129,S1,231.0,29.183,21.08
25679,129,S1,234.0,28.853,21.08
25680,129,S1,237.0,28.626,21.08
25681,129,S1,240.0,28.532,21.08
25682,129,S1,243.0,28.350,21.08
25683,129,S1,246.0,28.123,21.08
25684,129,S1,249.0,28.032,21.08
25685,129,S1,252.0,27.726,21.08
25686,129,S1,255.0,27.546,21.08
25687,129,S1,258.0,27.363,21.08
25688,129,S1,261.0,27.309,21.08
25689,129,S1,264.0,27.162,21.08
25690,129,S1,267.0,26.954,21.08
25691,129,S1,270.0,26.704,21.08
25692,129,S1,273.0,26.699,21.08
25693,129,S1,276.0,26.427,21.08
25694,129,S1,279.0,26.276,21.08
25695,129,S1,282.0,26.139,21.08
25696,129,S1,285.0,26.024,21.08
25697,129,S1,288.0,26.019,21.08
25698,129,S1,291.0,25.825,21.08
25699,129,S1,294.0,25.673,21.08
25700,129,S1,297.0,25.567,21.08
25701,129,S1,300.0,25.406,21.08
25702,129,S1,303.0,25.345,21.08
25703,129,S1,306.0,25.239,21.08
25704,129,S1,309.0,25.141,21.08
25705,129,S1,312.0,24.942,21.08
25706,129,S1,315.0,24.915,21.08
25707,129,S1,318.0,24.795,21.08
25708,129,S1,321.0,24.594,21.08
25709,129,S1,324.0,24.672,21.08
25710,129,S1,327.0,24.463,21.08
25711,129,S1,330.0,24.368,21.08
25712,129,S1,333.0,24.357,21.08
25713,129,S1,336.0,24.214,21.08
25714,129,S1,339.0,24.098,21.08
25715,129,S1,342.0,24.107,21.08
25716,129,S1,345.0,23.917,21.08
25717,129,S1,348.0,23.914,21.08
25718,129,S1,351.0,23.815,21.08
25719,129,S1,354.0,23.811,21.08
25720,129,S1,357.0,23.644,21.08
25721,129,S1,360.0,23.594,21.08
25722,129,S1,363.0,23.590,21.08
25723,129,S1,366.0,23.502,21.08
25724,129,S1,369.0,23.391,21.08
25725,129,S1,372.0,23.329,21.08
25726,129,S1,375.0,23.342,21.08
25727,129,S1,378.0,23.345,21.08
25728,129,S1,381.0,23.150,21.08
25729,129,S1,384.0,23.134,21.08
25730,129,S1,387.0,23.059,21.08
25731,129,S1,390.0,22.993,21.08
25732,129,S1,393.0,23.044,21.08
25733,129,S1,396.0,22.929,21.08
25734,129,S1,399.0,22.864,21.08
25735,129,S1,402.0,22.852,21.08
25736,129,S1,405.0,22.695,21.08
25737,129,S1,408.0,22.799,21.08
25738,129,S1,411.0,22.761,21.08
25739,129,S1,414.0,22.663,21.08
25740,129,S1,417.0,22.617,21.08
25741,129,S1,420.0,22.602,21.08
25742,129,S1,423.0,22.639,21.08
25743,129,S1,426.0,22.390,21.08
25744,129,S1,429.0,22.391,21.08
25745,129,S1,432.0,22.557,21.08
25746,129,S1,435.0,22.470,21.08
25747,129,S1,438.0,22.287,21.08
25748,129,S1,441.0,22.375,21.08
25749,129,S1,444.0,22.360,21.08
25750,129,S1,447.0,22.203,21.08
25751,129,S1,450.0,22.234,21.08
25752,129,S1,453.0,22.226,21.08
25753,129,S1,456.0,22.117,21.08
25754,129,S1,459.0,22.081,21.08
25755,129,S1,462.0,22.088,21.08
25756,129,S1,465.0,21.954,21.08
25757,129,S1,468.0,21.956,21.08
25758,129,S1,471.0,21.966,21.08
25759,129,S1,474.0,22.005,21.08
25760,129,S1,477.0,21.938,21.08
25761,129,S1,480.0,21.949,21.08
25762,129,S1,483.0,21.928,21.08
25763,129,S1,486.0,21.937,21.08
25764,129,S1,489.0,21.908,21.08
25765,129,S1,492.0,21.832,21.08
25766,129,S1,495.0,21.809,21.08
25767,129,S1,498.0,21.857,21.08
25768,129,S1,501.0,21.799,21.08
25769,129,S1,504.0,21.846,21.08
25770,129,S1,507.0,21.807,21.08
25771,129,S1,510.0,21.754,21.08
25772,129,S1,513.0,21.722,21.08
25773,129,S1,516.0,21.660,21.08
25774,129,S1,519.0,21.709,21.08
25775,129,S1,522.0,21.694,21.08
25776,129,S1,525.0,21.681,21.08
25777,129,S1,528.0,21.626,21.08
25778,129,S1,531.0,21.610,21.08
25779,129,S1,534.0,21.587,21.08
25780,129,S1,537.0,21.579,21.08
25781,129,S1,540.0,21.545,21.08
25782,129,S1,543.0,21.595,21.08
25783,129,S1,546.0,21.561,21.08
25784,129,S1,549.0,21.514,21.08
25785,129,S1,552.0,21.545,21.08
25786,129,S1,555.0,21.470,21.08
25787,129,S1,558.0,21.594,21.08
25788,129,S1,561.0,21.552,21.08
25789,129,S1,564.0,21.487,21.08
25790,129,S1,567.0,21.465,21.08
25791,129,S1,570.0,21.461,21.08
25792,129,S1,573.0,21.520,21.08
25793,129,S1,576.0,21.456,21.08
25794,129,S1,579.0,21.389,21.08
25795,129,S1,582.0,21.394,21.08
25796,129,S1,585.0,21.351,21.08
25797,129,S1,588.0,21.382,21.08
25798,129,S1,591.0,21.393,21.08
25799,129,S1,594.0,21.436,21.08
25800,129,S1,597.0,21.346,21.08
25801,130,S2,0.0,90.561,21.80
25802,130,S2,3.0,89.499,21.80
25803,130,S2,6.0,88.569,21.80
25804,130,S2,9.0,87.357,21.80
25805,130,S2,12.0,86.447,21.80
25806,130,S2,15.0,85.467,21.80
25807,130,S2,18.0,84.498,21.80
25808,130,S2,21.0,83.523,21.80
25809,130,S2,24.0,82.467,21.80
25810,130,S2,27.0,81.624,21.80
25811,130,S2,30.0,80.668,21.80
25812,130,S2,33.0,79.847,21.80
25813,130,S2,36.0,78.850,21.80
25814,130,S2,39.0,78.022,21.80
25815,130,S2,42.0,77.202,21.80
25816,130,S2,45.0,76.317,21.80
25817,130,S2,48.0,75.471,21.80
25818,130,S2,51.0,74.590,21.80
25819,130,S2,54.0,73.811,21.80
25820,130,S2,57.0,73.183,21.80
25821,130,S2,60.0,72.352,21.80
25822,130,S2,63.0,71.507,21.80
25823,130,S2,66.0,70.769,21.80
25824,130,S2,69.0,69.951,21.80
25825,130,S2,72.0,69.339,21.80
25826,130,S2,75.0,68.510,21.80
25827,130,S2,78.0,67.771,21.80
25828,130,S2,81.0,67.169,21.80
25829,130,S2,84.0,66.459,21.80
25830,130,S2,87.0,65.719,21.80
25831,130,S2,90.0,65.065,21.80
25832,130,S2,93.0,64.431,21.80
25833,130,S2,96.0,63.775,21.80
25834,130,S2,99.0,63.122,21.80
25835,130,S2,102.0,62.462,21.80
25836,130,S2,105.0,61.798,21.80
25837,130,S2,108.0,61.226,21.80
25838,130,S2,111.0,60.637,21.80
25839,130,S2,114.0,60.090,21.80
25840,130,S2,117.0,59.374,21.80
25841,130,S2,120.0,58.835,21.80
25842,130,S2,123.0,58.375,21.80
25843,130,S2,126.0,57.725,21.80
25844,130,S2,129.0,57.296,21.80
25845,130,S2,132.0,56.663,21.80
25846,130,S2,135.0,56.076,21.80
25847,130,S2,138.0,55.619,21.80
25848,130,S2,141.0,55.090,21.80
25849,130,S2,144.0,54.598,21.80
25850,130,S2,147.0,54.127,21.80
25851,130,S2,150.0,53.618,21.80
25852,130,S2,153.0,53.097,21.80
25853,130,S2,156.0,52.604,21.80
25854,130,S2,159.0,52.122,21.80
25855,130,S2,162.0,51.663,21.80
25856,130,S2,165.0,51.286,21.80
25857,130,S2,168.0,50.755,21.80
25858,130,S2,171.0,50.416,21.80
25859,130,S2,174.0,49.878,21.80
25860,130,S2,177.0,49.483,21.80
25861,130,S2,180.0,49.069,21.80
25862,130,S2,183.0,48.576,21.80
25863,130,S2,186.0,48.287,21.80
25864,130,S2,189.0,47.791,21.80
25865,130,S2,192.0,47.469,21.80
25866,130,S2,195.0,47.017,21.80
25867,130,S2,198.0,46.577,21.80
25868,130,S2,201.0,46.231,21.80
25869,130,S2,204.0,45.927,21.80
25870,130,S2,207.0,45.487,21.80
25871,130,S2,210.0,45.139,21.80
25872,130,S2,213.0,44.767,21.80
25873,130,S2,216.0,44.444,21.80
25874,130,S2,219.0,44.052,21.80
25875,130,S2,222.0,43.778,21.80
25876,130,S2,225.0,43.398,21.80
25877,130,S2,228.0,43.085,21.80
25878,130,S2,231.0,42.712,21.80
25879,130,S2,234.0,42.499,21.80
25880,130,S2,237.0,42.162,21.80
25881,130,S2,240.0,41.870,21.80
25882,130,S2,243.0,41.557,21.80
25883,130,S2,246.0,41.278,21.80
25884,130,S2,249.0,40.971,21.80
25885,130,S2,252.0,40.562,21.80
25886,130,S2,255.0,40.356,21.80
25887,130,S2,258.0,40.075,21.80
25888,130,S2,261.0,39.731,21.80
25889,130,S2,264.0,39.500,21.80
25890,130,S2,267.0,39.256,21.80
25891,130,S2,270.0,38.884,21.80
25892,130,S2,273.0,38.781,21.80
25893,130,S2,276.0,38.477,21.80
25894,130,S2,279.0,38.180,21.80
25895,130,S2,282.0,37.998,21.80
25896,130,S2,285.0,37.615,21.80
25897,130,S2,288.0,37.451,21.80
25898,130,S2,291.0,37.128,21.80
25899,130,S2,294.0,37.039,21.80
25900,130,S2,297.0,36.703,21.80
25901,130,S2,300.0,36.481,21.80
25902,130,S2,303.0,36.274,21.80
25903,130,S2,306.0,35.950,21.80
25904,130,S2,309.0,35.821,21.80
25905,130,S2,312.0,35.585,21.80
25906,130,S2,315.0,35.368,21.80
25907,130,S2,318.0,35.174,21.80
25908,130,S2,321.0,35.028,21.80
25909,130,S2,324.0,34.815,21.80
25910,130,S2,327.0,34.523,21.80
25911,130,S2,330.0,34.419,21.80
25912,130,S2,333.0,34.202,21.80
25913,130,S2,336.0,33.948,21.80
25914,130,S2,339.0,33.828,21.80
25915,130,S2,342.0,33.626,21.80
25916,130,S2,345.0,33.439,21.80
25917,130,S2,348.0,33.259,21.80
25918,130,S2,351.0,33.103,21.80
25919,130,S2,354.0,32.975,21.80
25920,130,S2,357.0,32.740,21.80
25921,130,S2,360.0,32.636,21.80
25922,130,S2,363.0,32.439,21.80
25923,130,S2,366.0,32.263,21.80
25924,130,S2,369.0,32.156,21.80
25925,130,S2,372.0,31.870,21.80
25926,130,S2,375.0,31.773,21.80
25927,130,S2,378.0,31.661,21.80
25928,130,S2,381.0,31.483,21.80
25929,130,S2,384.0,31.424,21.80
25930,130,S2,387.0,31.132,21.80
25931,130,S2,390.0,30.985,21.80
25932,130,S2,393.0,30.970,21.80
25933,130,S2,396.0,30.804,21.80
25934,130,S2,399.0,30.677,21.80
25935,130,S2,402.0,30.443,21.80
25936,130,S2,405.0,30.381,21.80
25937,130,S2,408.0,30.177,21.80
25938,130,S2,411.0,30.221,21.80
25939,130,S2,414.0,30.052,21.80
25940,130,S2,417.0,29.871,21.80
25941,130,S2,420.0,29.708,21.80
25942,130,S2,423.0,29.573,21.80
25943,130,S2,426.0,29.467,21.80
25944,130,S2,429.0,29.352,21.80
25945,130,S2,432.0,29.269,21.80
25946,130,S2,435.0,29.181,21.80
25947,130,S2,438.0,29.089,21.80
25948,130,S2,441.0,28.915,21.80
25949,130,S2,444.0,28.874,21.80
25950,130,S2,447.0,28.680,21.80
25951,130,S2,450.0,28.589,21.80
25952,130,S2,453.0,28.482,21.80
25953,130,S2,456.0,28.369,21.80
25954,130,S2,459.0,28.235,21.80
25955,130,S2,462.0,28.169,21.80
25956,130,S2,465.0,28.110,21.80
25957,130,S2,468.0,28.007,21.80
25958,130,S2,471.0,27.986,21.80
25959,130,S2,474.0,27.793,21.80
25960,130,S2,477.0,27.655,21.80
25961,130,S2,480.0,27.575,21.80
25962,130,S2,483.0,27.553,21.80
25963,130,S2,486.0,27.421,21.80
25964,130,S2,489.0,27.351,21.80
25965,130,S2,492.0,27.279,21.80
25966,130,S2,495.0,27.153,21.80
25967,130,S2,498.0,27.122,21.80
25968,130,S2,501.0,27.088,21.80
25969,130,S2,504.0,26.999,21.80
25970,130,S2,507.0,26.897,21.80
25971,130,S2,510.0,26.803,21.80
25972,130,S2,513.0,26.749,21.80
25973,130,S2,516.0,26.611,21.80
25974,130,S2,519.0,26.543,21.80
25975,130,S2,522.0,26.444,21.80
25976,130,S2,525.0,26.467,21.80
25977,130,S2,528.0,26.267,21.80
25978,130,S2,531.0,26.266,21.80
25979,130,S2,534.0,26.361,21.80
25980,130,S2,537.0,26.157,21.80
25981,130,S2,540.0,26.051,21.80
25982,130,S2,543.0,26.016,21.80
25983,130,S2,546.0,26.056,21.80
25984,130,S2,549.0,25.814,21.80
25985,130,S2,552.0,25.893,21.80
25986,130,S2,555.0,25.739,21.80
25987,130,S2,558.0,25.773,21.80
25988,130,S2,561.0,25.656,21.80
25989,130,S2,564.0,25.556,21.80
25990,130,S2,567.0,25.612,21.80
25991,130,S2,570.0,25.400,21.80
25992,130,S2,573.0,25.384,21.80
25993,130,S2,576.0,25.362,21.80
25994,130,S2,579.0,25.397,21.80
25995,130,S2,582.0,25.166,21.80
25996,130,S2,585.0,25.174,21.80
25997,130,S2,588.0,25.142,21.80
25998,130,S2,591.0,25.047,21.80
25999,130,S2,594.0,24.983,21.80
26000,130,S2,597.0,25.024,21.80
26001,131,S3,0.0,92.426,21.61
26002,131,S3,3.0,90.655,21.61
26003,131,S3,6.0,88.790,21.61
26004,131,S3,9.0,87.110,21.61
26005,131,S3,12.0,85.371,21.61
26006,131,S3,15.0,83.751,21.61
26007,131,S3,18.0,82.012,21.61
26008,131,S3,21.0,80.607,21.61
26009,131,S3,24.0,79.065,21.61
26010,131,S3,27.0,77.430,21.61
26011,131,S3,30.0,76.130,21.61
26012,131,S3,33.0,74.660,21.61
26013,131,S3,36.0,73.240,21.61
26014,131,S3,39.0,71.793,21.61
26015,131,S3,42.0,70.530,21.61
26016,131,S3,45.0,69.379,21.61
26017,131,S3,48.0,68.169,21.61
26018,131,S3,51.0,66.942,21.61
26019,131,S3,54.0,65.764,21.61
26020,131,S3,57.0,64.620,21.61
26021,131,S3,60.0,63.524,21.61
26022,131,S3,63.0,62.376,21.61
26023,131,S3,66.0,61.350,21.61
26024,131,S3,69.0,60.341,21.61
26025,131,S3,72.0,59.310,21.61
26026,131,S3,75.0,58.361,21.61
26027,131,S3,78.0,57.319,21.61
26028,131,S3,81.0,56.510,21.61
26029,131,S3,84.0,55.528,21.61
26030,131,S3,87.0,54.617,21.61
26031,131,S3,90.0,53.885,21.61
26032,131,S3,93.0,53.086,21.61
26033,131,S3,96.0,52.199,21.61
26034,131,S3,99.0,51.367,21.61
26035,131,S3,102.0,50.620,21.61
26036,131,S3,105.0,49.896,21.61
26037,131,S3,108.0,49.167,21.61
26038,131,S3,111.0,48.467,21.61
26039,131,S3,114.0,47.736,21.61
26040,131,S3,117.0,47.002,21.61
26041,131,S3,120.0,46.341,21.61
26042,131,S3,123.0,45.640,21.61
26043,131,S3,126.0,45.142,21.61
26044,131,S3,129.0,44.567,21.61
26045,131,S3,132.0,43.909,21.61
26046,131,S3,135.0,43.343,21.61
26047,131,S3,138.0,42.775,21.61
26048,131,S3,141.0,42.244,21.61
26049,131,S3,144.0,41.633,21.61
26050,131,S3,147.0,41.171,21.61
26051,131,S3,150.0,40.638,21.61
26052,131,S3,153.0,40.109,21.61
26053,131,S3,156.0,39.686,21.61
26054,131,S3,159.0,39.281,21.61
26055,131,S3,162.0,38.767,21.61
26056,131,S3,165.0,38.288,21.61
26057,131,S3,168.0,37.969,21.61
26058,131,S3,171.0,37.461,21.61
26059,131,S3,174.0,37.119,21.61
26060,131,S3,177.0,36.640,21.61
26061,131,S3,180.0,36.276,21.61
26062,131,S3,183.0,35.748,21.61
26063,131,S3,186.0,35.517,21.61
26064,131,S3,189.0,35.212,21.61
26065,131,S3,192.0,34.815,21.61
26066,131,S3,195.0,34.454,21.61
26067,131,S3,198.0,34.128,21.61
26068,131,S3,201.0,33.767,21.61
26069,131,S3,204.0,33.362,21.61
26070,131,S3,207.0,33.177,21.61
26071,131,S3,210.0,32.921,21.61
26072,131,S3,213.0,32.623,21.61
26073,131,S3,216.0,32.233,21.61
26074,131,S3,219.0,32.084,21.61
26075,131,S3,222.0,31.837,21.61
26076,131,S3,225.0,31.564,21.61
26077,131,S3,228.0,31.202,21.61
26078,131,S3,231.0,30.948,21.61
26079,131,S3,234.0,30.783,21.61
26080,131,S3,237.0,30.531,21.61
26081,131,S3,240.0,30.384,21.61
26082,131,S3,243.0,30.094,21.61
26083,131,S3,246.0,29.836,21.61
26084,131,S3,249.0,29.579,21.61
26085,131,S3,252.0,29.430,21.61
26086,131,S3,255.0,29.192,21.61
26087,131,S3,258.0,29.021,21.61
26088,131,S3,261.0,28.847,21.61
26089,131,S3,264.0,28.559,21.61
26090,131,S3,267.0,28.397,21.61
26091,131,S3,270.0,28.301,21.61
26092,131,S3,273.0,28.084,21.61
26093,131,S3,276.0,27.984,21.61
26094,131,S3,279.0,27.721,21.61
26095,131,S3,282.0,27.544,21.61
26096,131,S3,285.0,27.409,21.61
26097,131,S3,288.0,27.348,21.61
26098,131,S3,291.0,27.189,21.61
26099,131,S3,294.0,27.060,21.61
26100,131,S3,297.0,26.821,21.61
26101,131,S3,300.0,26.734,21.61
26102,131,S3,303.0,26.560,21.61
26103,131,S3,306.0,26.352,21.61
26104,131,S3,309.0,26.257,21.61
26105,131,S3,312.0,26.221,21.61
26106,131,S3,315.0,26.152,21.61
26107,131,S3,318.0,25.922,21.61
26108,131,S3,321.0,25.782,21.61
26109,131,S3,324.0,25.680,21.61
26110,131,S3,327.0,25.681,21.61
26111,131,S3,330.0,25.574,21.61
26112,131,S3,333.0,25.504,21.61
26113,131,S3,336.0,25.363,21.61
26114,131,S3,339.0,25.374,21.61
26115,131,S3,342.0,25.106,21.61
26116,131,S3,345.0,25.073,21.61
26117,131,S3,348.0,24.941,21.61
26118,131,S3,351.0,24.832,21.61
26119,131,S3,354.0,24.839,21.61
26120,131,S3,357.0,24.712,21.61
26121,131,S3,360.0,24.585,21.61
26122,131,S3,363.0,24.529,21.61
26123,131,S3,366.0,24.455,21.61
26124,131,S3,369.0,24.336,21.61
26125,131,S3,372.0,24.261,21.61
26126,131,S3,375.0,24.272,21.61
26127,131,S3,378.0,24.155,21.61
26128,131,S3,381.0,24.180,21.61
26129,131,S3,384.0,24.049,21.61
26130,131,S3,387.0,23.978,21.61
26131,131,S3,390.0,23.946,21.61
26132,131,S3,393.0,23.804,21.61
26133,131,S3,396.0,23.842,21.61
26134,131,S3,399.0,23.721,21.61
26135,131,S3,402.0,23.756,21.61
26136,131,S3,405.0,23.680,21.61
26137,131,S3,408.0,23.642,21.61
26138,131,S3,411.0,23.614,21.61
26139,131,S3,414.0,23.439,21.61
26140,131,S3,417.0,23.562,21.61
26141,131,S3,420.0,23.341,21.61
26142,131,S3,423.0,23.404,21.61
26143,131,S3,426.0,23.255,21.61
26144,131,S3,429.0,23.343,21.61
26145,131,S3,432.0,23.198,21.61
26146,131,S3,435.0,23.186,21.61
26147,131,S3,438.0,23.176,21.61
26148,131,S3,441.0,23.086,21.61
26149,131,S3,444.0,23.095,21.61
26150,131,S3,447.0,23.025,21.61
26151,131,S3,450.0,22.990,21.61
26152,131,S3,453.0,23.041,21.61
26153,131,S3,456.0,22.933,21.61
26154,131,S3,459.0,22.931,21.61
26155,131,S3,462.0,22.895,21.61
26156,131,S3,465.0,22.828,21.61
26157,131,S3,468.0,22.800,21.61
26158,131,S3,471.0,22.737,21.61
26159,131,S3,474.0,22.697,21.61
26160,131,S3,477.0,22.611,21.61
26161,131,S3,480.0,22.597,21.61
26162,131,S3,483.0,22.588,21.61
26163,131,S3,486.0,22.657,21.61
26164,131,S3,489.0,22.568,21.61
26165,131,S3,492.0,22.609,21.61
26166,131,S3,495.0,22.457,21.61
26167,131,S3,498.0,22.451,21.61
26168,131,S3,501.0,22.544,21.61
26169,131,S3,504.0,22.395,21.61
26170,131,S3,507.0,22.462,21.61
26171,131,S3,510.0,22.409,21.61
26172,131,S3,513.0,22.493,21.61
26173,131,S3,516.0,22.394,21.61
26174,131,S3,519.0,22.268,21.61
26175,131,S3,522.0,22.451,21.61
26176,131,S3,525.0,22.350,21.61
26177,131,S3,528.0,22.378,21.61
26178,131,S3,531.0,22.265,21.61
26179,131,S3,534.0,22.291,21.61
26180,131,S3,537.0,22.307,21.61
26181,131,S3,540.0,22.179,21.61
26182,131,S3,543.0,22.240,21.61
26183,131,S3,546.0,22.156,21.61
26184,131,S3,549.0,22.148,21.61
26185,131,S3,552.0,22.143,21.61
26186,131,S3,555.0,22.137,21.61
26187,131,S3,558.0,22.131,21.61
26188,131,S3,561.0,22.195,21.61
26189,131,S3,564.0,22.153,21.61
26190,131,S3,567.0,22.138,21.61
26191,131,S3,570.0,22.104,21.61
26192,131,S3,573.0,22.090,21.61
26193,131,S3,576.0,22.091,21.61
26194,131,S3,579.0,22.057,21.61
26195,131,S3,582.0,21.960,21.61
26196,131,S3,585.0,22.054,21.61
26197,131,S3,588.0,22.073,21.61
26198,131,S3,591.0,21.973,21.61
26199,131,S3,594.0,21.976,21.61
26200,131,S3,597.0,21.972,21.61
26201,132,S4,0.0,93.416,20.65
26202,132,S4,3.0,91.813,20.65
26203,132,S4,6.0,89.986,20.65
26204,132,S4,9.0,88.395,20.65
26205,132,S4,12.0,86.865,20.65
26206,132,S4,15.0,85.262,20.65
26207,132,S4,18.0,83.783,20.65
26208,132,S4,21.0,82.234,20.65
26209,132,S4,24.0,80.803,20.65
26210,132,S4,27.0,79.413,20.65
26211,132,S4,30.0,78.095,20.65
26212,132,S4,33.0,76.723,20.65
26213,132,S4,36.0,75.416,20.65
26214,132,S4,39.0,74.155,20.65
26215,132,S4,42.0,72.994,20.65
26216,132,S4,45.0,71.620,20.65
26217,132,S4,48.0,70.484,20.65
26218,132,S4,51.0,69.360,20.65
26219,132,S4,54.0,68.191,20.65
26220,132,S4,57.0,67.068,20.65
26221,132,S4,60.0,65.913,20.65
26222,132,S4,63.0,64.831,20.65
26223,132,S4,66.0,63.927,20.65
26224,132,S4,69.0,62.897,20.65
26225,132,S4,72.0,61.857,20.65
26226,132,S4,75.0,60.913,20.65
26227,132,S4,78.0,60.026,20.65
26228,132,S4,81.0,59.104,20.65
26229,132,S4,84.0,58.140,20.65
26230,132,S4,87.0,57.237,20.65
26231,132,S4,90.0,56.420,20.65
26232,132,S4,93.0,55.539,20.65
26233,132,S4,96.0,54.643,20.65
26234,132,S4,99.0,53.972,20.65
26235,132,S4,102.0,53.088,20.65
26236,132,S4,105.0,52.450,20.65
26237,132,S4,108.0,51.655,20.65
26238,132,S4,111.0,50.930,20.65
26239,132,S4,114.0,50.131,20.65
26240,132,S4,117.0,49.530,20.65
26241,132,S4,120.0,48.915,20.65
26242,132,S4,123.0,48.206,20.65
26243,132,S4,126.0,47.581,20.65
26244,132,S4,129.0,47.017,20.65
26245,132,S4,132.0,46.358,20.65
26246,132,S4,135.0,45.783,20.65
26247,132,S4,138.0,45.091,20.65
26248,132,S4,141.0,44.510,20.65
26249,132,S4,144.0,44.026,20.65
26250,132,S4,147.0,43.478,20.65
26251,132,S4,150.0,42.887,20.65
26252,132,S4,153.0,42.360,20.65
26253,132,S4,156.0,41.814,20.65
26254,132,S4,159.0,41.349,20.65
26255,132,S4,162.0,40.881,20.65
26256,132,S4,165.0,40.502,20.65
26257,132,S4,168.0,39.980,20.65
26258,132,S4,171.0,39.597,20.65
26259,132,S4,174.0,39.122,20.65
26260,132,S4,177.0,38.594,20.65
26261,132,S4,180.0,38.237,20.65
26262,132,S4,183.0,37.847,20.65
26263,132,S4,186.0,37.407,20.65
26264,132,S4,189.0,36.932,20.65
26265,132,S4,192.0,36.625,20.65
26266,132,S4,195.0,36.246,20.65
26267,132,S4,198.0,35.888,20.65
26268,132,S4,201.0,35.523,20.65
26269,132,S4,204.0,35.166,20.65
26270,132,S4,207.0,34.893,20.65
26271,132,S4,210.0,34.441,20.65
26272,132,S4,213.0,34.224,20.65
26273,132,S4,216.0,33.837,20.65
26274,132,S4,219.0,33.613,20.65
26275,132,S4,222.0,33.160,20.65
26276,132,S4,225.0,32.991,20.65
26277,132,S4,228.0,32.669,20.65
26278,132,S4,231.0,32.413,20.65
26279,132,S4,234.0,32.121,20.65
26280,132,S4,237.0,31.884,20.65
26281,132,S4,240.0,31.604,20.65
26282,132,S4,243.0,31.353,20.65
26283,132,S4,246.0,31.169,20.65
26284,132,S4,249.0,30.834,20.65
26285,132,S4,252.0,30.543,20.65
26286,132,S4,255.0,30.330,20.65
26287,132,S4,258.0,30.245,20.65
26288,132,S4,261.0,29.940,20.65
26289,132,S4,264.0,29.692,20.65
26290,132,S4,267.0,29.483,20.65
26291,132,S4,270.0,29.278,20.65
26292,132,S4,273.0,29.026,20.65
26293,132,S4,276.0,28.897,20.65
26294,132,S4,279.0,28.644,20.65
26295,132,S4,282.0,28.513,20.65
26296,132,S4,285.0,28.246,20.65
26297,132,S4,288.0,28.070,20.65
26298,132,S4,291.0,27.939,20.65
26299,132,S4,294.0,27.816,20.65
26300,132,S4,297.0,27.721,20.65
26301,132,S4,300.0,27.429,20.65
26302,132,S4,303.0,27.268,20.65
26303,132,S4,306.0,27.038,20.65
26304,132,S4,309.0,26.950,20.65
26305,132,S4,312.0,26.841,20.65
26306,132,S4,315.0,26.689,20.65
26307,132,S4,318.0,26.676,20.65
26308,132,S4,321.0,26.383,20.65
26309,132,S4,324.0,26.255,20.65
26310,132,S4,327.0,26.225,20.65
26311,132,S4,330.0,26.053,20.65
26312,132,S4,333.0,25.970,20.65
26313,132,S4,336.0,25.872,20.65
26314,132,S4,339.0,25.647,20.65
26315,132,S4,342.0,25.599,20.65
26316,132,S4,345.0,25.390,20.65
26317,132,S4,348.0,25.326,20.65
26318,132,S4,351.0,25.198,20.65
26319,132,S4,354.0,25.097,20.65
26320,132,S4,357.0,24.898,20.65
26321,132,S4,360.0,24.886,20.65
26322,132,S4,363.0,24.799,20.65
26323,132,S4,366.0,24.759,20.65
26324,132,S4,369.0,24.614,20.65
26325,132,S4,372.0,24.574,20.65
26326,132,S4,375.0,24.459,20.65
26327,132,S4,378.0,24.300,20.65
26328,132,S4,381.0,24.161,20.65
26329,132,S4,384.0,24.188,20.65
26330,132,S4,387.0,24.059,20.65
26331,132,S4,390.0,24.046,20.65
26332,132,S4,393.0,23.970,20.65
26333,132,S4,396.0,23.738,20.65
26334,132,S4,399.0,23.768,20.65
26335,132,S4,402.0,23.742,20.65
26336,132,S4,405.0,23.646,20.65
26337,132,S4,408.0,23.446,20.65
26338,132,S4,411.0,23.498,20.65
26339,132,S4,414.0,23.433,20.65
26340,132,S4,417.0,23.366,20.65
26341,132,S4,420.0,23.300,20.65
26342,132,S4,423.0,23.270,20.65
26343,132,S4,426.0,23.241,20.65
26344,132,S4,429.0,23.187,20.65
26345,132,S4,432.0,23.030,20.65
26346,132,S4,435.0,23.003,20.65
26347,132,S4,438.0,22.865,20.65
26348,132,S4,441.0,22.791,20.65
26349,132,S4,444.0,22.896,20.65
26350,132,S4,447.0,22.842,20.65
26351,132,S4,450.0,22.729,20.65
26352,132,S4,453.0,22.685,20.65
26353,132,S4,456.0,22.543,20.65
26354,132,S4,459.0,22.621,20.65
26355,132,S4,462.0,22.555,20.65
26356,132,S4,465.0,22.526,20.65
26357,132,S4,468.0,22.441,20.65
26358,132,S4,471.0,22.411,20.65
26359,132,S4,474.0,22.351,20.65
26360,132,S4,477.0,22.371,20.65
26361,132,S4,480.0,22.284,20.65
26362,132,S4,483.0,22.241,20.65
26363,132,S4,486.0,22.286,20.65
26364,132,S4,489.0,22.226,20.65
26365,132,S4,492.0,22.142,20.65
26366,132,S4,495.0,22.115,20.65
26367,132,S4,498.0,22.085,20.65
26368,132,S4,501.0,22.062,20.65
26369,132,S4,504.0,22.011,20.65
26370,132,S4,507.0,21.836,20.65
26371,132,S4,510.0,21.900,20.65
26372,132,S4,513.0,21.823,20.65
26373,132,S4,516.0,21.886,20.65
26374,132,S4,519.0,21.772,20.65
26375,132,S4,522.0,21.847,20.65
26376,132,S4,525.0,21.773,20.65
26377,132,S4,528.0,21.765,20.65
26378,132,S4,531.0,21.716,20.65
26379,132,S4,534.0,21.706,20.65
26380,132,S4,537.0,21.667,20.65
26381,132,S4,540.0,21.730,20.65
26382,132,S4,543.0,21.689,20.65
26383,132,S4,546.0,21.552,20.65
26384,132,S4,549.0,21.603,20.65
26385,132,S4,552.0,21.546,20.65
26386,132,S4,555.0,21.419,20.65
26387,132,S4,558.0,21.534,20.65
26388,132,S4,561.0,21.481,20.65
26389,132,S4,564.0,21.466,20.65
26390,132,S4,567.0,21.557,20.65
26391,132,S4,570.0,21.474,20.65
26392,132,S4,573.0,21.457,20.65
26393,132,S4,576.0,21.412,20.65
26394,132,S4,579.0,21.468,20.65
26395,132,S4,582.0,21.350,20.65
26396,132,S4,585.0,21.339,20.65
26397,132,S4,588.0,21.360,20.65
26398,132,S4,591.0,21.353,20.65
26399,132,S4,594.0,21.261,20.65
26400,132,S4,597.0,21.263,20.65
26401,133,S1,0.0,86.726,21.77
26402,133,S1,3.0,85.945,21.77
26403,133,S1,6.0,85.022,21.77
26404,133,S1,9.0,84.211,21.77
26405,133,S1,12.0,83.344,21.77
26406,133,S1,15.0,82.558,21.77
26407,133,S1,18.0,81.778,21.77
26408,133,S1,21.0,80.975,21.77
26409,133,S1,24.0,80.036,21.77
26410,133,S1,27.0,79.240,21.77
26411,133,S1,30.0,78.592,21.77
26412,133,S1,33.0,77.755,21.77
26413,133,S1,36.0,77.095,21.77
26414,133,S1,39.0,76.323,21.77
26415,133,S1,42.0,75.606,21.77
26416,133,S1,45.0,74.867,21.77
26417,133,S1,48.0,74.145,21.77
26418,133,S1,51.0,73.513,21.77
26419,133,S1,54.0,72.774,21.77
26420,133,S1,57.0,72.052,21.77
26421,133,S1,60.0,71.359,21.77
26422,133,S1,63.0,70.743,21.77
26423,133,S1,66.0,70.046,21.77
26424,133,S1,69.0,69.465,21.77
26425,133,S1,72.0,68.736,21.77
26426,133,S1,75.0,68.156,21.77
26427,133,S1,78.0,67.537,21.77
26428,133,S1,81.0,66.869,21.77
26429,133,S1,84.0,66.328,21.77
26430,133,S1,87.0,65.731,21.77
26431,133,S1,90.0,65.185,21.77
26432,133,S1,93.0,64.472,21.77
26433,133,S1,96.0,63.987,21.77
26434,133,S1,99.0,63.460,21.77
26435,133,S1,102.0,62.888,21.77
26436,133,S1,105.0,62.322,21.77
26437,133,S1,108.0,61.792,21.77
26438,133,S1,111.0,61.220,21.77
26439,133,S1,114.0,60.763,21.77
26440,133,S1,117.0,60.184,21.77
26441,133,S1,120.0,59.675,21.77
26442,133,S1,123.0,59.230,21.77
26443,133,S1,126.0,58.660,21.77
26444,133,S1,129.0,58.143,21.77
26445,133,S1,132.0,57.650,21.77
26446,133,S1,135.0,57.260,21.77
26447,133,S1,138.0,56.716,21.77
26448,133,S1,141.0,56.288,21.77
26449,133,S1,144.0,55.782,21.77
26450,133,S1,147.0,55.384,21.77
26451,133,S1,150.0,54.857,21.77
26452,133,S1,153.0,54.535,21.77
26453,133,S1,156.0,54.065,21.77
26454,133,S1,159.0,53.628,21.77
26455,133,S1,162.0,53.137,21.77
26456,133,S1,165.0,52.816,21.77
26457,133,S1,168.0,52.304,21.77
26458,133,S1,171.0,51.848,21.77
26459,133,S1,174.0,51.525,21.77
26460,133,S1,177.0,51.117,21.77
26461,133,S1,180.0,50.671,21.77
26462,133,S1,183.0,50.301,21.77
26463,133,S1,186.0,49.949,21.77
26464,133,S1,189.0,49.590,21.77
26465,133,S1,192.0,49.175,21.77
26466,133,S1,195.0,48.755,21.77
26467,133,S1,198.0,48.463,21.77
26468,133,S1,201.0,48.125,21.77
26469,133,S1,204.0,47.799,21.77
26470,133,S1,207.0,47.427,21.77
26471,133,S1,210.0,47.077,21.77
26472,133,S1,213.0,46.683,21.77
26473,133,S1,216.0,46.292,21.77
26474,133,S1,219.0,46.105,21.77
26475,133,S1,222.0,45.817,21.77
26476,133,S1,225.0,45.462,21.77
26477,133,S1,228.0,45.161,21.77
26478,133,S1,231.0,44.757,21.77
26479,133,S1,234.0,44.544,21.77
26480,133,S1,237.0,44.201,21.77
26481,133,S1,240.0,43.891,21.77
26482,133,S1,243.0,43.627,21.77
26483,133,S1,246.0,43.282,21.77
26484,133,S1,249.0,42.934,21.77
26485,133,S1,252.0,42.609,21.77
26486,133,S1,255.0,42.465,21.77
26487,133,S1,258.0,42.166,21.77
26488,133,S1,261.0,41.935,21.77
26489,133,S1,264.0,41.653,21.77
26490,133,S1,267.0,41.337,21.77
26491,133,S1,270.0,41.102,21.77
26492,133,S1,273.0,40.815,21.77
26493,133,S1,276.0,40.567,21.77
26494,133,S1,279.0,40.306,21.77
26495,133,S1,282.0,40.011,21.77
26496,133,S1,285.0,39.832,21.77
26497,133,S1,288.0,39.597,21.77
26498,133,S1,291.0,39.324,21.77
26499,133,S1,294.0,39.106,21.77
26500,133,S1,297.0,38.917,21.77
26501,133,S1,300.0,38.631,21.77
26502,133,S1,303.0,38.470,21.77
26503,133,S1,306.0,38.180,21.77
26504,133,S1,309.0,38.036,21.77
26505,133,S1,312.0,37.705,21.77
26506,133,S1,315.0,37.601,21.77
26507,133,S1,318.0,37.408,21.77
26508,133,S1,321.0,37.123,21.77
26509,133,S1,324.0,36.948,21.77
26510,133,S1,327.0,36.683,21.77
26511,133,S1,330.0,36.655,21.77
26512,133,S1,333.0,36.354,21.77
26513,133,S1,336.0,36.113,21.77
26514,133,S1,339.0,35.917,21.77
26515,133,S1,342.0,35.705,21.77
26516,133,S1,345.0,35.505,21.77
26517,133,S1,348.0,35.312,21.77
26518,133,S1,351.0,35.152,21.77
26519,133,S1,354.0,34.965,21.77
26520,133,S1,357.0,34.780,21.77
26521,133,S1,360.0,34.588,21.77
26522,133,S1,363.0,34.445,21.77
26523,133,S1,366.0,34.378,21.77
26524,133,S1,369.0,34.094,21.77
26525,133,S1,372.0,33.973,21.77
26526,133,S1,375.0,33.873,21.77
26527,133,S1,378.0,33.678,21.77
26528,133,S1,381.0,33.508,21.77
26529,133,S1,384.0,33.310,21.77
26530,133,S1,387.0,33.142,21.77
26531,133,S1,390.0,33.070,21.77
26532,133,S1,393.0,32.883,21.77
26533,133,S1,396.0,32.683,21.77
26534,133,S1,399.0,32.547,21.77
26535,133,S1,402.0,32.508,21.77
26536,133,S1,405.0,32.245,21.77
26537,133,S1,408.0,32.198,21.77
26538,133,S1,411.0,31.996,21.77
26539,133,S1,414.0,31.846,21.77
26540,133,S1,417.0,31.757,21.77
26541,133,S1,420.0,31.522,21.77
26542,133,S1,423.0,31.466,21.77
26543,133,S1,426.0,31.383,21.77
26544,133,S1,429.0,31.187,21.77
26545,133,S1,432.0,31.107,21.77
26546,133,S1,435.0,30.936,21.77
26547,133,S1,438.0,30.831,21.77
26548,133,S1,441.0,30.683,21.77
26549,133,S1,444.0,30.584,21.77
26550,133,S1,447.0,30.509,21.77
26551,133,S1,450.0,30.459,21.77
26552,133,S1,453.0,30.358,21.77
26553,133,S1,456.0,30.164,21.77
26554,133,S1,459.0,30.056,21.77
26555,133,S1,462.0,29.874,21.77
26556,133,S1,465.0,29.788,21.77
26557,133,S1,468.0,29.702,21.77
26558,133,S1,471.0,29.617,21.77
26559,133,S1,474.0,29.493,21.77
26560,133,S1,477.0,29.338,21.77
26561,133,S1,480.0,29.289,21.77
26562,133,S1,483.0,29.143,21.77
26563,133,S1,486.0,29.098,21.77
26564,133,S1,489.0,28.921,21.77
26565,133,S1,492.0,28.836,21.77
26566,133,S1,495.0,28.847,21.77
26567,133,S1,498.0,28.679,21.77
26568,133,S1,501.0,28.552,21.77
26569,133,S1,504.0,28.514,21.77
26570,133,S1,507.0,28.414,21.77
26571,133,S1,510.0,28.312,21.77
26572,133,S1,513.0,28.222,21.77
26573,133,S1,516.0,28.174,21.77
26574,133,S1,519.0,28.053,21.77
26575,133,S1,522.0,27.984,21.77
26576,133,S1,525.0,27.916,21.77
26577,133,S1,528.0,27.825,21.77
26578,133,S1,531.0,27.743,21.77
26579,133,S1,534.0,27.627,21.77
26580,133,S1,537.0,27.516,21.77
26581,133,S1,540.0,27.549,21.77
26582,133,S1,543.0,27.434,21.77
26583,133,S1,546.0,27.400,21.77
26584,133,S1,549.0,27.304,21.77
26585,133,S1,552.0,27.204,21.77
26586,133,S1,555.0,27.185,21.77
26587,133,S1,558.0,27.085,21.77
26588,133,S1,561.0,27.054,21.77
26589,133,S1,564.0,27.011,21.77
26590,133,S1,567.0,26.828,21.77
26591,133,S1,570.0,26.694,21.77
26592,133,S1,573.0,26.779,21.77
26593,133,S1,576.0,26.743,21.77
26594,133,S1,579.0,26.555,21.77
26595,133,S1,582.0,26.605,21.77
26596,133,S1,585.0,26.429,21.77
26597,133,S1,588.0,26.394,21.77
26598,133,S1,591.0,26.378,21.77
26599,133,S1,594.0,26.252,21.77
26600,133,S1,597.0,26.112,21.77
26601,134,S2,0.0,90.618,21.13
26602,134,S2,3.0,88.934,21.13
26603,134,S2,6.0,87.188,21.13
26604,134,S2,9.0,85.468,21.13
26605,134,S2,12.0,84.090,21.13
26606,134,S2,15.0,82.409,21.13
26607,134,S2,18.0,80.764,21.13
26608,134,S2,21.0,79.360,21.13
26609,134,S2,24.0,77.845,21.13
26610,134,S2,27.0,76.453,21.13
26611,134,S2,30.0,75.150,21.13
26612,134,S2,33.0,73.787,21.13
26613,134,S2,36.0,72.443,21.13
26614,134,S2,39.0,71.208,21.13
26615,134,S2,42.0,69.968,21.13
26616,134,S2,45.0,68.647,21.13
26617,134,S2,48.0,67.547,21.13
26618,134,S2,51.0,66.274,21.13
26619,134,S2,54.0,65.253,21.13
26620,134,S2,57.0,64.175,21.13
26621,134,S2,60.0,63.005,21.13
26622,134,S2,63.0,62.083,21.13
26623,134,S2,66.0,60.983,21.13
26624,134,S2,69.0,59.928,21.13
26625,134,S2,72.0,59.043,21.13
26626,134,S2,75.0,58.053,21.13
26627,134,S2,78.0,57.139,21.13
26628,134,S2,81.0,56.200,21.13
26629,134,S2,84.0,55.375,21.13
26630,134,S2,87.0,54.488,21.13
26631,134,S2,90.0,53.715,21.13
26632,134,S2,93.0,52.847,21.13
26633,134,S2,96.0,52.143,21.13
26634,134,S2,99.0,51.428,21.13
26635,134,S2,102.0,50.575,21.13
26636,134,S2,105.0,49.925,21.13
26637,134,S2,108.0,49.219,21.13
26638,134,S2,111.0,48.462,21.13
26639,134,S2,114.0,47.755,21.13
26640,134,S2,117.0,46.964,21.13
26641,134,S2,120.0,46.511,21.13
26642,134,S2,123.0,45.839,21.13
26643,134,S2,126.0,45.199,21.13
26644,134,S2,129.0,44.561,21.13
26645,134,S2,132.0,44.002,21.13
26646,134,S2,135.0,43.539,21.13
26647,134,S2,138.0,42.861,21.13
26648,134,S2,141.0,42.295,21.13
26649,134,S2,144.0,41.805,21.13
26650,134,S2,147.0,41.217,21.13
26651,134,S2,150.0,40.790,21.13
26652,134,S2,153.0,40.363,21.13
26653,134,S2,156.0,39.832,21.13
26654,134,S2,159.0,39.403,21.13
26655,134,S2,162.0,38.900,21.13
26656,134,S2,165.0,38.471,21.13
26657,134,S2,168.0,37.999,21.13
26658,134,S2,171.0,37.697,21.13
26659,134,S2,174.0,37.160,21.13
26660,134,S2,177.0,36.861,21.13
26661,134,S2,180.0,36.459,21.13
26662,134,S2,183.0,35.921,21.13
26663,134,S2,186.0,35.609,21.13
26664,134,S2,189.0,35.283,21.13
26665,134,S2,192.0,35.003,21.13
26666,134,S2,195.0,34.608,21.13
26667,134,S2,198.0,34.215,21.13
26668,134,S2,201.0,33.975,21.13
26669,134,S2,204.0,33.519,21.13
26670,134,S2,207.0,33.328,21.13
26671,134,S2,210.0,33.042,21.13
26672,134,S2,213.0,32.749,21.13
26673,134,S2,216.0,32.441,21.13
26674,134,S2,219.0,32.097,21.13
26675,134,S2,222.0,31.851,21.13
26676,134,S2,225.0,31.617,21.13
26677,134,S2,228.0,31.374,21.13
26678,134,S2,231.0,31.235,21.13
26679,134,S2,234.0,30.858,21.13
26680,134,S2,237.0,30.620,21.13
26681,134,S2,240.0,30.416,21.13
26682,134,S2,243.0,30.163,21.13
26683,134,S2,246.0,29.939,21.13
26684,134,S2,249.0,29.662,21.13
26685,134,S2,252.0,29.525,21.13
26686,134,S2,255.0,29.250,21.13
26687,134,S2,258.0,29.033,21.13
26688,134,S2,261.0,28.948,21.13
26689,134,S2,264.0,28.654,21.13
26690,134,S2,267.0,28.407,21.13
26691,134,S2,270.0,28.239,21.13
26692,134,S2,273.0,28.103,21.13
26693,134,S2,276.0,27.961,21.13
26694,134,S2,279.0,27.867,21.13
26695,134,S2,282.0,27.583,21.13
26696,134,S2,285.0,27.619,21.13
26697,134,S2,288.0,27.372,21.13
26698,134,S2,291.0,27.164,21.13
26699,134,S2,294.0,27.074,21.13
26700,134,S2,297.0,26.853,21.13
26701,134,S2,300.0,26.741,21.13
26702,134,S2,303.0,26.528,21.13
26703,134,S2,306.0,26.505,21.13
26704,134,S2,309.0,26.339,21.13
26705,134,S2,312.0,26.234,21.13
26706,134,S2,315.0,26.000,21.13
26707,134,S2,318.0,25.907,21.13
26708,134,S2,321.0,25.842,21.13
26709,134,S2,324.0,25.665,21.13
26710,134,S2,327.0,25.553,21.13
26711,134,S2,330.0,25.434,21.13
26712,134,S2,333.0,25.262,21.13
26713,134,S2,336.0,25.205,21.13
26714,134,S2,339.0,25.118,21.13
26715,134,S2,342.0,25.054,21.13
26716,134,S2,345.0,24.931,21.13
26717,134,S2,348.0,24.850,21.13
26718,134,S2,351.0,24.723,21.13
26719,134,S2,354.0,24.701,21.13
26720,134,S2,357.0,24.581,21.13
26721,134,S2,360.0,24.537,21.13
26722,134,S2,363.0,24.396,21.13
26723,134,S2,366.0,24.292,21.13
26724,134,S2,369.0,24.259,21.13
26725,134,S2,372.0,24.169,21.13
26726,134,S2,375.0,24.124,21.13
26727,134,S2,378.0,23.963,21.13
26728,134,S2,381.0,23.989,21.13
26729,134,S2,384.0,23.918,21.13
26730,134,S2,387.0,23.802,21.13
26731,134,S2,390.0,23.822,21.13
26732,134,S2,393.0,23.577,21.13
26733,134,S2,396.0,23.617,21.13
26734,134,S2,399.0,23.600,21.13
26735,134,S2,402.0,23.503,21.13
26736,134,S2,405.0,23.407,21.13
26737,134,S2,408.0,23.365,21.13
26738,134,S2,411.0,23.273,21.13
26739,134,S2,414.0,23.239,21.13
26740,134,S2,417.0,23.187,21.13
26741,134,S2,420.0,23.190,21.13
26742,134,S2,423.0,23.147,21.13
26743,134,S2,426.0,23.157,21.13
26744,134,S2,429.0,23.008,21.13
26745,134,S2,432.0,22.889,21.13
26746,134,S2,435.0,22.886,21.13
26747,134,S2,438.0,22.888,21.13
26748,134,S2,441.0,22.749,21.13
26749,134,S2,444.0,22.733,21.13
26750,134,S2,447.0,22.802,21.13
26751,134,S2,450.0,22.724,21.13
26752,134,S2,453.0,22.714,21.13
26753,134,S2,456.0,22.671,21.13
26754,134,S2,459.0,22.621,21.13
26755,134,S2,462.0,22.477,21.13
26756,134,S2,465.0,22.605,21.13
26757,134,S2,468.0,22.547,21.13
26758,134,S2,471.0,22.541,21.13
26759,134,S2,474.0,22.391,21.13
26760,134,S2,477.0,22.352,21.13
26761,134,S2,480.0,22.318,21.13
26762,134,S2,483.0,22.268,21.13
26763,134,S2,486.0,22.240,21.13
26764,134,S2,489.0,22.296,21.13
26765,134,S2,492.0,22.180,21.13
26766,134,S2,495.0,22.225,21.13
26767,134,S2,498.0,22.183,21.13
26768,134,S2,501.0,22.134,21.13
26769,134,S2,504.0,22.083,21.13
26770,134,S2,507.0,22.028,21.13
26771,134,S2,510.0,22.073,21.13
26772,134,S2,513.0,22.161,21.13
26773,134,S2,516.0,22.023,21.13
26774,134,S2,519.0,22.052,21.13
26775,134,S2,522.0,21.919,21.13
26776,134,S2,525.0,22.009,21.13
26777,134,S2,528.0,21.929,21.13
26778,134,S2,531.0,21.995,21.13
26779,134,S2,534.0,21.961,21.13
26780,134,S2,537.0,21.891,21.13
26781,134,S2,540.0,21.878,21.13
26782,134,S2,543.0,21.842,21.13
26783,134,S2,546.0,21.831,21.13
26784,134,S2,549.0,21.830,21.13
26785,134,S2,552.0,21.717,21.13
26786,134,S2,555.0,21.791,21.13
26787,134,S2,558.0,21.799,21.13
26788,134,S2,561.0,21.789,21.13
26789,134,S2,564.0,21.776,21.13
26790,134,S2,567.0,21.625,21.13
26791,134,S2,570.0,21.710,21.13
26792,134,S2,573.0,21.679,21.13
26793,134,S2,576.0,21.709,21.13
26794,134,S2,579.0,21.680,21.13
26795,134,S2,582.0,21.649,21.13
26796,134,S2,585.0,21.630,21.13
26797,134,S2,588.0,21.525,21.13
26798,134,S2,591.0,21.620,21.13
26799,134,S2,594.0,21.560,21.13
26800,134,S2,597.0,21.605,21.13
26801,135,S3,0.0,86.181,21.81
26802,135,S3,3.0,84.645,21.81
26803,135,S3,6.0,82.973,21.81
26804,135,S3,9.0,81.437,21.81
26805,135,S3,12.0,80.036,21.81
26806,135,S3,15.0,78.474,21.81
26807,135,S3,18.0,77.149,21.81
26808,135,S3,21.0,75.744,21.81
26809,135,S3,24.0,74.388,21.81
26810,135,S3,27.0,73.045,21.81
26811,135,S3,30.0,71.779,21.81
26812,135,S3,33.0,70.424,21.81
26813,135,S3,36.0,69.242,21.81
26814,135,S3,39.0,68.098,21.81
26815,135,S3,42.0,66.890,21.81
26816,135,S3,45.0,65.752,21.81
26817,135,S3,48.0,64.664,21.81
26818,135,S3,51.0,63.612,21.81
26819,135,S3,54.0,62.587,21.81
26820,135,S3,57.0,61.458,21.81
26821,135,S3,60.0,60.441,21.81
26822,135,S3,63.0,59.533,21.81
26823,135,S3,66.0,58.610,21.81
26824,135,S3,69.0,57.729,21.81
26825,135,S3,72.0,56.783,21.81
26826,135,S3,75.0,55.859,21.81
26827,135,S3,78.0,55.147,21.81
26828,135,S3,81.0,54.274,21.81
26829,135,S3,84.0,53.423,21.81
26830,135,S3,87.0,52.645,21.81
26831,135,S3,90.0,51.875,21.81
26832,135,S3,93.0,51.059,21.81
26833,135,S3,96.0,50.410,21.81
26834,135,S3,99.0,49.570,21.81
26835,135,S3,102.0,48.969,21.81
26836,135,S3,105.0,48.220,21.81
26837,135,S3,108.0,47.553,21.81
26838,135,S3,111.0,46.948,21.81
26839,135,S3,114.0,46.278,21.81
26840,135,S3,117.0,45.765,21.81
26841,135,S3,120.0,45.087,21.81
26842,135,S3,123.0,44.418,21.81
26843,135,S3,126.0,44.005,21.81
26844,135,S3,129.0,43.419,21.81
26845,135,S3,132.0,42.871,21.81
26846,135,S3,135.0,42.251,21.81
26847,135,S3,138.0,41.820,21.81
26848,135,S3,141.0,41.292,21.81
26849,135,S3,144.0,40.823,21.81
26850,135,S3,147.0,40.261,21.81
26851,135,S3,150.0,39.883,21.81
26852,135,S3,153.0,39.434,21.81
26853,135,S3,156.0,39.084,21.81
26854,135,S3,159.0,38.578,21.81
26855,135,S3,162.0,38.156,21.81
26856,135,S3,165.0,37.668,21.81
26857,135,S3,168.0,37.370,21.81
26858,135,S3,171.0,36.895,21.81
26859,135,S3,174.0,36.542,21.81
26860,135,S3,177.0,36.170,21.81
26861,135,S3,180.0,35.697,21.81
26862,135,S3,183.0,35.433,21.81
26863,135,S3,186.0,35.117,21.81
26864,135,S3,189.0,34.790,21.81
26865,135,S3,192.0,34.535,21.81
26866,135,S3,195.0,34.186,21.81
26867,135,S3,198.0,33.722,21.81
26868,135,S3,201.0,33.492,21.81
26869,135,S3,204.0,33.323,21.81
26870,135,S3,207.0,33.007,21.81
26871,135,S3,210.0,32.644,21.81
26872,135,S3,213.0,32.502,21.81
26873,135,S3,216.0,32.155,21.81
26874,135,S3,219.0,31.865,21.81
26875,135,S3,222.0,31.633,21.81
26876,135,S3,225.0,31.473,21.81
26877,135,S3,228.0,31.074,21.81
26878,135,S3,231.0,30.872,21.81
26879,135,S3,234.0,30.722,21.81
26880,135,S3,237.0,30.507,21.81
26881,135,S3,240.0,30.225,21.81
26882,135,S3,243.0,30.041,21.81
26883,135,S3,246.0,29.771,21.81
26884,135,S3,249.0,29.659,21.81
26885,135,S3,252.0,29.374,21.81
26886,135,S3,255.0,29.259,21.81
26887,135,S3,258.0,29.010,21.81
26888,135,S3,261.0,28.880,21.81
26889,135,S3,264.0,28.687,21.81
26890,135,S3,267.0,28.497,21.81
26891,135,S3,270.0,28.353,21.81
26892,135,S3,273.0,28.107,21.81
26893,135,S3,276.0,27.985,21.81
26894,135,S3,279.0,27.792,21.81
26895,135,S3,282.0,27.725,21.81
26896,135,S3,285.0,27.595,21.81
26897,135,S3,288.0,27.391,21.81
26898,135,S3,291.0,27.299,21.81
26899,135,S3,294.0,27.072,21.81
26900,135,S3,297.0,27.114,21.81
26901,135,S3,300.0,26.916,21.81
26902,135,S3,303.0,26.637,21.81
26903,135,S3,306.0,26.601,21.81
26904,135,S3,309.0,26.531,21.81
26905,135,S3,312.0,26.449,21.81
26906,135,S3,315.0,26.283,21.81
26907,135,S3,318.0,26.170,21.81
26908,135,S3,321.0,26.021,21.81
26909,135,S3,324.0,25.934,21.81
26910,135,S3,327.0,25.753,21.81
26911,135,S3,330.0,25.675,21.81
26912,135,S3,333.0,25.639,21.81
26913,135,S3,336.0,25.588,21.81
26914,135,S3,339.0,25.423,21.81
26915,135,S3,342.0,25.398,21.81
26916,135,S3,345.0,25.312,21.81
26917,135,S3,348.0,25.207,21.81
26918,135,S3,351.0,25.053,21.81
26919,135,S3,354.0,25.173,21.81
26920,135,S3,357.0,24.962,21.81
26921,135,S3,360.0,24.836,21.81
26922,135,S3,363.0,24.826,21.81
26923,135,S3,366.0,24.750,21.81
26924,135,S3,369.0,24.666,21.81
26925,135,S3,372.0,24.558,21.81
26926,135,S3,375.0,24.512,21.81
26927,135,S3,378.0,24.469,21.81
26928,135,S3,381.0,24.332,21.81
26929,135,S3,384.0,24.318,21.81
26930,135,S3,387.0,24.124,21.81
26931,135,S3,390.0,24.199,21.81
26932,135,S3,393.0,24.120,21.81
26933,135,S3,396.0,24.108,21.81
26934,135,S3,399.0,23.936,21.81
26935,135,S3,402.0,23.915,21.81
26936,135,S3,405.0,23.819,21.81
26937,135,S3,408.0,23.792,21.81
26938,135,S3,411.0,23.783,21.81
26939,135,S3,414.0,23.798,21.81
26940,135,S3,417.0,23.737,21.81
26941,135,S3,420.0,23.675,21.81
26942,135,S3,423.0,23.520,21.81
26943,135,S3,426.0,23.619,21.81
26944,135,S3,429.0,23.500,21.81
26945,135,S3,432.0,23.505,21.81
26946,135,S3,435.0,23.508,21.81
26947,135,S3,438.0,23.427,21.81
26948,135,S3,441.0,23.438,21.81
26949,135,S3,444.0,23.319,21.81
26950,135,S3,447.0,23.314,21.81
26951,135,S3,450.0,23.272,21.81
26952,135,S3,453.0,23.140,21.81
26953,135,S3,456.0,23.147,21.81
26954,135,S3,459.0,23.102,21.81
26955,135,S3,462.0,23.058,21.81
26956,135,S3,465.0,22.995,21.81
26957,135,S3,468.0,22.988,21.81
26958,135,S3,471.0,23.036,21.81
26959,135,S3,474.0,22.933,21.81
26960,135,S3,477.0,22.890,21.81
26961,135,S3,480.0,22.950,21.81
26962,135,S3,483.0,22.958,21.81
26963,135,S3,486.0,22.906,21.81
26964,135,S3,489.0,22.845,21.81
26965,135,S3,492.0,22.910,21.81
26966,135,S3,495.0,22.805,21.81
26967,135,S3,498.0,22.726,21.81
26968,135,S3,501.0,22.735,21.81
26969,135,S3,504.0,22.702,21.81
26970,135,S3,507.0,22.626,21.81
26971,135,S3,510.0,22.626,21.81
26972,135,S3,513.0,22.625,21.81
26973,135,S3,516.0,22.586,21.81
26974,135,S3,519.0,22.682,21.81
26975,135,S3,522.0,22.656,21.81
26976,135,S3,525.0,22.575,21.81
26977,135,S3,528.0,22.537,21.81
26978,135,S3,531.0,22.560,21.81
26979,135,S3,534.0,22.477,21.81
26980,135,S3,537.0,22.544,21.81
26981,135,S3,540.0,22.399,21.81
26982,135,S3,543.0,22.474,21.81
26983,135,S3,546.0,22.459,21.81
26984,135,S3,549.0,22.337,21.81
26985,135,S3,552.0,22.496,21.81
26986,135,S3,555.0,22.333,21.81
26987,135,S3,558.0,22.365,21.81
26988,135,S3,561.0,22.253,21.81
26989,135,S3,564.0,22.354,21.81
26990,135,S3,567.0,22.311,21.81
26991,135,S3,570.0,22.417,21.81
26992,135,S3,573.0,22.319,21.81
26993,135,S3,576.0,22.264,21.81
26994,135,S3,579.0,22.371,21.81
26995,135,S3,582.0,22.176,21.81
26996,135,S3,585.0,22.295,21.81
26997,135,S3,588.0,22.265,21.81
26998,135,S3,591.0,22.241,21.81
26999,135,S3,594.0,22.204,21.81
27000,135,S3,597.0,22.111,21.81
27001,136,S4,0.0,81.287,21.16
27002,136,S4,3.0,79.403,21.16
27003,136,S4,6.0,77.589,21.16
27004,136,S4,9.0,76.013,21.16
27005,136,S4,12.0,74.274,21.16
27006,136,S4,15.0,72.769,21.16
27007,136,S4,18.0,71.142,21.16
27008,136,S4,21.0,69.687,21.16
27009,136,S4,24.0,68.171,21.16
27010,136,S4,27.0,66.756,21.16
27011,136,S4,30.0,65.358,21.16
27012,136,S4,33.0,63.988,21.16
27013,136,S4,36.0,62.746,21.16
27014,136,S4,39.0,61.552,21.16
27015,136,S4,42.0,60.222,21.16
27016,136,S4,45.0,59.138,21.16
27017,136,S4,48.0,57.973,21.16
27018,136,S4,51.0,56.780,21.16
27019,136,S4,54.0,55.692,21.16
27020,136,S4,57.0,54.624,21.16
27021,136,S4,60.0,53.660,21.16
27022,136,S4,63.0,52.768,21.16
27023,136,S4,66.0,51.749,21.16
27024,136,S4,69.0,50.785,21.16
27025,136,S4,72.0,49.944,21.16
27026,136,S4,75.0,49.033,21.16
27027,136,S4,78.0,48.277,21.16
27028,136,S4,81.0,47.389,21.16
27029,136,S4,84.0,46.671,21.16
27030,136,S4,87.0,45.813,21.16
27031,136,S4,90.0,45.104,21.16
27032,136,S4,93.0,44.429,21.16
27033,136,S4,96.0,43.652,21.16
27034,136,S4,99.0,43.021,21.16
27035,136,S4,102.0,42.315,21.16
27036,136,S4,105.0,41.702,21.16
27037,136,S4,108.0,41.034,21.16
27038,136,S4,111.0,40.561,21.16
27039,136,S4,114.0,39.813,21.16
27040,136,S4,117.0,39.337,21.16
27041,136,S4,120.0,38.835,21.16
27042,136,S4,123.0,38.148,21.16
27043,136,S4,126.0,37.761,21.16
27044,136,S4,129.0,37.257,21.16
27045,136,S4,132.0,36.754,21.16
27046,136,S4,135.0,36.274,21.16
27047,136,S4,138.0,35.868,21.16
27048,136,S4,141.0,35.345,21.16
27049,136,S4,144.0,34.924,21.16
27050,136,S4,147.0,34.536,21.16
27051,136,S4,150.0,34.175,21.16
27052,136,S4,153.0,33.804,21.16
27053,136,S4,156.0,33.318,21.16
27054,136,S4,159.0,33.007,21.16
27055,136,S4,162.0,32.635,21.16
27056,136,S4,165.0,32.285,21.16
27057,136,S4,168.0,31.892,21.16
27058,136,S4,171.0,31.684,21.16
27059,136,S4,174.0,31.296,21.16
27060,136,S4,177.0,30.990,21.16
27061,136,S4,180.0,30.694,21.16
27062,136,S4,183.0,30.432,21.16
27063,136,S4,186.0,30.117,21.16
27064,136,S4,189.0,29.855,21.16
27065,136,S4,192.0,29.586,21.16
27066,136,S4,195.0,29.294,21.16
27067,136,S4,198.0,29.082,21.16
27068,136,S4,201.0,28.881,21.16
27069,136,S4,204.0,28.655,21.16
27070,136,S4,207.0,28.348,21.16
27071,136,S4,210.0,28.179,21.16
27072,136,S4,213.0,28.017,21.16
27073,136,S4,216.0,27.776,21.16
27074,136,S4,219.0,27.595,21.16
27075,136,S4,222.0,27.313,21.16
27076,136,S4,225.0,27.234,21.16
27077,136,S4,228.0,26.929,21.16
27078,136,S4,231.0,26.796,21.16
27079,136,S4,234.0,26.619,21.16
27080,136,S4,237.0,26.515,21.16
27081,136,S4,240.0,26.329,21.16
27082,136,S4,243.0,26.230,21.16
27083,136,S4,246.0,26.013,21.16
27084,136,S4,249.0,25.935,21.16
27085,136,S4,252.0,25.693,21.16
27086,136,S4,255.0,25.600,21.16
27087,136,S4,258.0,25.424,21.16
27088,136,S4,261.0,25.313,21.16
27089,136,S4,264.0,25.156,21.16
27090,136,S4,267.0,25.161,21.16
27091,136,S4,270.0,24.920,21.16
27092,136,S4,273.0,24.834,21.16
27093,136,S4,276.0,24.695,21.16
27094,136,S4,279.0,24.590,21.16
27095,136,S4,282.0,24.432,21.16
27096,136,S4,285.0,24.353,21.16
27097,136,S4,288.0,24.356,21.16
27098,136,S4,291.0,24.237,21.16
27099,136,S4,294.0,24.138,21.16
27100,136,S4,297.0,23.983,21.16
27101,136,S4,300.0,23.983,21.16
27102,136,S4,303.0,23.926,21.16
27103,136,S4,306.0,23.851,21.16
27104,136,S4,309.0,23.723,21.16
27105,136,S4,312.0,23.595,21.16
27106,136,S4,315.0,23.545,21.16
27107,136,S4,318.0,23.462,21.16
27108,136,S4,321.0,23.359,21.16
27109,136,S4,324.0,23.301,21.16
27110,136,S4,327.0,23.352,21.16
27111,136,S4,330.0,23.269,21.16
27112,136,S4,333.0,23.161,21.16
27113,136,S4,336.0,23.041,21.16
27114,136,S4,339.0,23.062,21.16
27115,136,S4,342.0,22.957,21.16
27116,136,S4,345.0,22.928,21.16
27117,136,S4,348.0,22.803,21.16
27118,136,S4,351.0,22.828,21.16
27119,136,S4,354.0,22.809,21.16
27120,136,S4,357.0,22.683,21.16
27121,136,S4,360.0,22.589,21.16
27122,136,S4,363.0,22.626,21.16
27123,136,S4,366.0,22.606,21.16
27124,136,S4,369.0,22.528,21.16
27125,136,S4,372.0,22.512,21.16
27126,136,S4,375.0,22.405,21.16
27127,136,S4,378.0,22.482,21.16
27128,136,S4,381.0,22.402,21.16
27129,136,S4,384.0,22.417,21.16
27130,136,S4,387.0,22.258,21.16
27131,136,S4,390.0,22.198,21.16
27132,136,S4,393.0,22.138,21.16
27133,136,S4,396.0,22.206,21.16
27134,136,S4,399.0,22.176,21.16
27135,136,S4,402.0,22.143,21.16
27136,136,S4,405.0,22.045,21.16
27137,136,S4,408.0,22.022,21.16
27138,136,S4,411.0,22.081,21.16
27139,136,S4,414.0,22.087,21.16
27140,136,S4,417.0,22.061,21.16
27141,136,S4,420.0,21.917,21.16
27142,136,S4,423.0,22.039,21.16
27143,136,S4,426.0,21.952,21.16
27144,136,S4,429.0,21.907,21.16
27145,136,S4,432.0,21.912,21.16
27146,136,S4,435.0,21.808,21.16
27147,136,S4,438.0,21.869,21.16
27148,136,S4,441.0,21.794,21.16
27149,136,S4,444.0,21.805,21.16
27150,136,S4,447.0,21.745,21.16
27151,136,S4,450.0,21.756,21.16
27152,136,S4,453.0,21.716,21.16
27153,136,S4,456.0,21.769,21.16
27154,136,S4,459.0,21.649,21.16
27155,136,S4,462.0,21.627,21.16
27156,136,S4,465.0,21.759,21.16
27157,136,S4,468.0,21.652,21.16
27158,136,S4,471.0,21.619,21.16
27159,136,S4,474.0,21.586,21.16
27160,136,S4,477.0,21.579,21.16
27161,136,S4,480.0,21.587,21.16
27162,136,S4,483.0,21.527,21.16
27163,136,S4,486.0,21.617,21.16
27164,136,S4,489.0,21.448,21.16
27165,136,S4,492.0,21.532,21.16
27166,136,S4,495.0,21.540,21.16
27167,136,S4,498.0,21.468,21.16
27168,136,S4,501.0,21.492,21.16
27169,136,S4,504.0,21.520,21.16
27170,136,S4,507.0,21.520,21.16
27171,136,S4,510.0,21.452,21.16
27172,136,S4,513.0,21.481,21.16
27173,136,S4,516.0,21.492,21.16
27174,136,S4,519.0,21.319,21.16
27175,136,S4,522.0,21.442,21.16
27176,136,S4,525.0,21.470,21.16
27177,136,S4,528.0,21.413,21.16
27178,136,S4,531.0,21.521,21.16
27179,136,S4,534.0,21.364,21.16
27180,136,S4,537.0,21.467,21.16
27181,136,S4,540.0,21.478,21.16
27182,136,S4,543.0,21.414,21.16
27183,136,S4,546.0,21.358,21.16
27184,136,S4,549.0,21.329,21.16
27185,136,S4,552.0,21.320,21.16
27186,136,S4,555.0,21.343,21.16
27187,136,S4,558.0,21.335,21.16
27188,136,S4,561.0,21.286,21.16
27189,136,S4,564.0,21.403,21.16
27190,136,S4,567.0,21.330,21.16
27191,136,S4,570.0,21.378,21.16
27192,136,S4,573.0,21.241,21.16
27193,136,S4,576.0,21.261,21.16
27194,136,S4,579.0,21.309,21.16
27195,136,S4,582.0,21.326,21.16
27196,136,S4,585.0,21.320,21.16
27197,136,S4,588.0,21.387,21.16
27198,136,S4,591.0,21.265,21.16
27199,136,S4,594.0,21.273,21.16
27200,136,S4,597.0,21.301,21.16
27201,137,S1,0.0,78.096,21.41
27202,137,S1,3.0,77.301,21.41
27203,137,S1,6.0,76.543,21.41
27204,137,S1,9.0,75.755,21.41
27205,137,S1,12.0,74.904,21.41
27206,137,S1,15.0,74.111,21.41
27207,137,S1,18.0,73.438,21.41
27208,137,S1,21.0,72.575,21.41
27209,137,S1,24.0,71.873,21.41
27210,137,S1,27.0,71.160,21.41
27211,137,S1,30.0,70.399,21.41
27212,137,S1,33.0,69.660,21.41
27213,137,S1,36.0,69.020,21.41
27214,137,S1,39.0,68.188,21.41
27215,137,S1,42.0,67.655,21.41
27216,137,S1,45.0,66.949,21.41
27217,137,S1,48.0,66.278,21.41
27218,137,S1,51.0,65.662,21.41
27219,137,S1,54.0,64.922,21.41
27220,137,S1,57.0,64.353,21.41
27221,137,S1,60.0,63.767,21.41
27222,137,S1,63.0,63.143,21.41
27223,137,S1,66.0,62.583,21.41
27224,137,S1,69.0,61.879,21.41
27225,137,S1,72.0,61.323,21.41
27226,137,S1,75.0,60.695,21.41
27227,137,S1,78.0,60.199,21.41
27228,137,S1,81.0,59.573,21.41
27229,137,S1,84.0,59.015,21.41
27230,137,S1,87.0,58.521,21.41
27231,137,S1,90.0,57.979,21.41
27232,137,S1,93.0,57.468,21.41
27233,137,S1,96.0,56.841,21.41
27234,137,S1,99.0,56.398,21.41
27235,137,S1,102.0,55.863,21.41
27236,137,S1,105.0,55.394,21.41
27237,137,S1,108.0,54.833,21.41
27238,137,S1,111.0,54.409,21.41
27239,137,S1,114.0,53.903,21.41
27240,137,S1,117.0,53.456,21.41
27241,137,S1,120.0,53.031,21.41
27242,137,S1,123.0,52.522,21.41
27243,137,S1,126.0,52.102,21.41
27244,137,S1,129.0,51.627,21.41
27245,137,S1,132.0,51.228,21.41
27246,137,S1,135.0,50.761,21.41
27247,137,S1,138.0,50.331,21.41
27248,137,S1,141.0,49.928,21.41
27249,137,S1,144.0,49.501,21.41
27250,137,S1,147.0,49.134,21.41
27251,137,S1,150.0,48.740,21.41
27252,137,S1,153.0,48.278,21.41
27253,137,S1,156.0,47.956,21.41
27254,137,S1,159.0,47.560,21.41
27255,137,S1,162.0,47.131,21.41
27256,137,S1,165.0,46.777,21.41
27257,137,S1,168.0,46.497,21.41
27258,137,S1,171.0,46.054,21.41
27259,137,S1,174.0,45.732,21.41
27260,137,S1,177.0,45.296,21.41
27261,137,S1,180.0,45.016,21.41
27262,137,S1,183.0,44.598,21.41
27263,137,S1,186.0,44.308,21.41
27264,137,S1,189.0,43.996,21.41
27265,137,S1,192.0,43.628,21.41
27266,137,S1,195.0,43.354,21.41
27267,137,S1,198.0,43.045,21.41
27268,137,S1,201.0,42.675,21.41
27269,137,S1,204.0,42.332,21.41
27270,137,S1,207.0,42.102,21.41
27271,137,S1,210.0,41.712,21.41
27272,137,S1,213.0,41.474,21.41
27273,137,S1,216.0,41.176,21.41
27274,137,S1,219.0,40.878,21.41
27275,137,S1,222.0,40.529,21.41
27276,137,S1,225.0,40.367,21.41
27277,137,S1,228.0,40.067,21.41
27278,137,S1,231.0,39.836,21.41
27279,137,S1,234.0,39.614,21.41
27280,137,S1,237.0,39.268,21.41
27281,137,S1,240.0,38.913,21.41
27282,137,S1,243.0,38.743,21.41
27283,137,S1,246.0,38.501,21.41
27284,137,S1,249.0,38.263,21.41
27285,137,S1,252.0,38.022,21.41
27286,137,S1,255.0,37.778,21.41
27287,137,S1,258.0,37.602,21.41
27288,137,S1,261.0,37.431,21.41
27289,137,S1,264.0,37.024,21.41
27290,137,S1,267.0,36.821,21.41
27291,137,S1,270.0,36.581,21.41
27292,137,S1,273.0,36.366,21.41
27293,137,S1,276.0,36.223,21.41
27294,137,S1,279.0,35.954,21.41
27295,137,S1,282.0,35.767,21.41
27296,137,S1,285.0,35.578,21.41
27297,137,S1,288.0,35.406,21.41
27298,137,S1,291.0,35.096,21.41
27299,137,S1,294.0,34.999,21.41
27300,137,S1,297.0,34.680,21.41
27301,137,S1,300.0,34.496,21.41
27302,137,S1,303.0,34.414,21.41
27303,137,S1,306.0,34.117,21.41
27304,137,S1,309.0,33.962,21.41
27305,137,S1,312.0,33.811,21.41
27306,137,S1,315.0,33.652,21.41
27307,137,S1,318.0,33.386,21.41
27308,137,S1,321.0,33.278,21.41
27309,137,S1,324.0,33.132,21.41
27310,137,S1,327.0,33.004,21.41
27311,137,S1,330.0,32.712,21.41
27312,137,S1,333.0,32.604,21.41
27313,137,S1,336.0,32.430,21.41
27314,137,S1,339.0,32.261,21.41
27315,137,S1,342.0,32.080,21.41
27316,137,S1,345.0,31.979,21.41
27317,137,S1,348.0,31.785,21.41
27318,137,S1,351.0,31.666,21.41
27319,137,S1,354.0,31.479,21.41
27320,137,S1,357.0,31.374,21.41
27321,137,S1,360.0,31.139,21.41
27322,137,S1,363.0,31.152,21.41
27323,137,S1,366.0,30.942,21.41
27324,137,S1,369.0,30.802,21.41
27325,137,S1,372.0,30.635,21.41
27326,137,S1,375.0,30.514,21.41
27327,137,S1,378.0,30.353,21.41
27328,137,S1,381.0,30.226,21.41
27329,137,S1,384.0,30.127,21.41
27330,137,S1,387.0,30.110,21.41
27331,137,S1,390.0,29.831,21.41
27332,137,S1,393.0,29.729,21.41
27333,137,S1,396.0,29.668,21.41
27334,137,S1,399.0,29.490,21.41
27335,137,S1,402.0,29.386,21.41
27336,137,S1,405.0,29.202,21.41
27337,137,S1,408.0,29.177,21.41
27338,137,S1,411.0,29.059,21.41
27339,137,S1,414.0,28.851,21.41
27340,137,S1,417.0,28.902,21.41
27341,137,S1,420.0,28.778,21.41
27342,137,S1,423.0,28.630,21.41
27343,137,S1,426.0,28.414,21.41
27344,137,S1,429.0,28.403,21.41
27345,137,S1,432.0,28.345,21.41
27346,137,S1,435.0,28.140,21.41
27347,137,S1,438.0,28.161,21.41
27348,137,S1,441.0,27.995,21.41
27349,137,S1,444.0,27.911,21.41
27350,137,S1,447.0,27.880,21.41
27351,137,S1,450.0,27.724,21.41
27352,137,S1,453.0,27.542,21.41
27353,137,S1,456.0,27.594,21.41
27354,137,S1,459.0,27.467,21.41
27355,137,S1,462.0,27.403,21.41
27356,137,S1,465.0,27.294,21.41
27357,137,S1,468.0,27.281,21.41
27358,137,S1,471.0,27.182,21.41
27359,137,S1,474.0,27.008,21.41
27360,137,S1,477.0,26.895,21.41
27361,137,S1,480.0,26.863,21.41
27362,137,S1,483.0,26.804,21.41
27363,137,S1,486.0,26.656,21.41
27364,137,S1,489.0,26.621,21.41
27365,137,S1,492.0,26.556,21.41
27366,137,S1,495.0,26.471,21.41
27367,137,S1,498.0,26.337,21.41
27368,137,S1,501.0,26.338,21.41
27369,137,S1,504.0,26.314,21.41
27370,137,S1,507.0,26.274,21.41
27371,137,S1,510.0,26.147,21.41
27372,137,S1,513.0,26.069,21.41
27373,137,S1,516.0,25.961,21.41
27374,137,S1,519.0,25.834,21.41
27375,137,S1,522.0,25.804,21.41
27376,137,S1,525.0,25.870,21.41
27377,137,S1,528.0,25.745,21.41
27378,137,S1,531.0,25.666,21.41
27379,137,S1,534.0,25.506,21.41
27380,137,S1,537.0,25.623,21.41
27381,137,S1,540.0,25.484,21.41
27382,137,S1,543.0,25.441,21.41
27383,137,S1,546.0,25.336,21.41
27384,137,S1,549.0,25.348,21.41
27385,137,S1,552.0,25.180,21.41
27386,137,S1,555.0,25.172,21.41
27387,137,S1,558.0,25.193,21.41
27388,137,S1,561.0,25.159,21.41
27389,137,S1,564.0,25.008,21.41
27390,137,S1,567.0,24.974,21.41
27391,137,S1,570.0,24.832,21.41
27392,137,S1,573.0,24.915,21.41
27393,137,S1,576.0,24.830,21.41
27394,137,S1,579.0,24.754,21.41
27395,137,S1,582.0,24.788,21.41
27396,137,S1,585.0,24.647,21.41
27397,137,S1,588.0,24.683,21.41
27398,137,S1,591.0,24.546,21.41
27399,137,S1,594.0,24.525,21.41
27400,137,S1,597.0,24.486,21.41
27401,138,S2,0.0,93.876,20.17
27402,138,S2,3.0,92.545,20.17
27403,138,S2,6.0,91.401,20.17
27404,138,S2,9.0,90.197,20.17
27405,138,S2,12.0,89.203,20.17
27406,138,S2,15.0,87.885,20.17
27407,138,S2,18.0,86.913,20.17
27408,138,S2,21.0,85.867,20.17
27409,138,S2,24.0,84.719,20.17
27410,138,S2,27.0,83.520,20.17
27411,138,S2,30.0,82.528,20.17
27412,138,S2,33.0,81.586,20.17
27413,138,S2,36.0,80.405,20.17
27414,138,S2,39.0,79.553,20.17
27415,138,S2,42.0,78.493,20.17
27416,138,S2,45.0,77.573,20.17
27417,138,S2,48.0,76.539,20.17
27418,138,S2,51.0,75.700,20.17
27419,138,S2,54.0,74.835,20.17
27420,138,S2,57.0,73.911,20.17
27421,138,S2,60.0,73.054,20.17
27422,138,S2,63.0,72.152,20.17
27423,138,S2,66.0,71.295,20.17
27424,138,S2,69.0,70.414,20.17
27425,138,S2,72.0,69.596,20.17
27426,138,S2,75.0,68.896,20.17
27427,138,S2,78.0,67.983,20.17
27428,138,S2,81.0,67.095,20.17
27429,138,S2,84.0,66.460,20.17
27430,138,S2,87.0,65.722,20.17
27431,138,S2,90.0,65.006,20.17
27432,138,S2,93.0,64.266,20.17
27433,138,S2,96.0,63.469,20.17
27434,138,S2,99.0,62.719,20.17
27435,138,S2,102.0,62.019,20.17
27436,138,S2,105.0,61.392,20.17
27437,138,S2,108.0,60.786,20.17
27438,138,S2,111.0,60.017,20.17
27439,138,S2,114.0,59.392,20.17
27440,138,S2,117.0,58.694,20.17
27441,138,S2,120.0,58.144,20.17
27442,138,S2,123.0,57.448,20.17
27443,138,S2,126.0,56.912,20.17
27444,138,S2,129.0,56.294,20.17
27445,138,S2,132.0,55.664,20.17
27446,138,S2,135.0,55.043,20.17
27447,138,S2,138.0,54.441,20.17
27448,138,S2,141.0,53.967,20.17
27449,138,S2,144.0,53.409,20.17
27450,138,S2,147.0,52.918,20.17
27451,138,S2,150.0,52.248,20.17
27452,138,S2,153.0,51.764,20.17
27453,138,S2,156.0,51.251,20.17
27454,138,S2,159.0,50.721,20.17
27455,138,S2,162.0,50.306,20.17
27456,138,S2,165.0,49.753,20.17
27457,138,S2,168.0,49.172,20.17
27458,138,S2,171.0,48.843,20.17
27459,138,S2,174.0,48.288,20.17
27460,138,S2,177.0,47.820,20.17
27461,138,S2,180.0,47.440,20.17
27462,138,S2,183.0,47.001,20.17
27463,138,S2,186.0,46.553,20.17
27464,138,S2,189.0,46.122,20.17
27465,138,S2,192.0,45.566,20.17
27466,138,S2,195.0,45.199,20.17
27467,138,S2,198.0,44.848,20.17
27468,138,S2,201.0,44.420,20.17
27469,138,S2,204.0,44.019,20.17
27470,138,S2,207.0,43.583,20.17
27471,138,S2,210.0,43.270,20.17
27472,138,S2,213.0,42.786,20.17
27473,138,S2,216.0,42.480,20.17
27474,138,S2,219.0,42.074,20.17
27475,138,S2,222.0,41.723,20.17
27476,138,S2,225.0,41.342,20.17
27477,138,S2,228.0,41.041,20.17
27478,138,S2,231.0,40.688,20.17
27479,138,S2,234.0,40.260,20.17
27480,138,S2,237.0,39.998,20.17
27481,138,S2,240.0,39.798,20.17
27482,138,S2,243.0,39.352,20.17
27483,138,S2,246.0,39.061,20.17
27484,138,S2,249.0,38.682,20.17
27485,138,S2,252.0,38.450,20.17
27486,138,S2,255.0,38.088,20.17
27487,138,S2,258.0,37.898,20.17
27488,138,S2,261.0,37.563,20.17
27489,138,S2,264.0,37.326,20.17
27490,138,S2,267.0,37.009,20.17
27491,138,S2,270.0,36.683,20.17
27492,138,S2,273.0,36.489,20.17
27493,138,S2,276.0,36.157,20.17
27494,138,S2,279.0,35.886,20.17
27495,138,S2,282.0,35.532,20.17
27496,138,S2,285.0,35.402,20.17
27497,138,S2,288.0,35.193,20.17
27498,138,S2,291.0,34.909,20.17
27499,138,S2,294.0,34.691,20.17
27500,138,S2,297.0,34.441,20.17
27501,138,S2,300.0,34.196,20.17
27502,138,S2,303.0,33.990,20.17
27503,138,S2,306.0,33.729,20.17
27504,138,S2,309.0,33.499,20.17
27505,138,S2,312.0,33.302,20.17
27506,138,S2,315.0,33.070,20.17
27507,138,S2,318.0,32.797,20.17
27508,138,S2,321.0,32.644,20.17
27509,138,S2,324.0,32.487,20.17
27510,138,S2,327.0,32.240,20.17
27511,138,S2,330.0,31.958,20.17
27512,138,S2,333.0,31.805,20.17
27513,138,S2,336.0,31.624,20.17
27514,138,S2,339.0,31.513,20.17
27515,138,S2,342.0,31.269,20.17
27516,138,S2,345.0,31.125,20.17
27517,138,S2,348.0,30.916,20.17
27518,138,S2,351.0,30.724,20.17
27519,138,S2,354.0,30.597,20.17
27520,138,S2,357.0,30.348,20.17
27521,138,S2,360.0,30.271,20.17
27522,138,S2,363.0,29.933,20.17
27523,138,S2,366.0,29.873,20.17
27524,138,S2,369.0,29.683,20.17
27525,138,S2,372.0,29.545,20.17
27526,138,S2,375.0,29.411,20.17
27527,138,S2,378.0,29.265,20.17
27528,138,S2,381.0,29.180,20.17
27529,138,S2,384.0,28.907,20.17
27530,138,S2,387.0,28.892,20.17
27531,138,S2,390.0,28.696,20.17
27532,138,S2,393.0,28.600,20.17
27533,138,S2,396.0,28.430,20.17
27534,138,S2,399.0,28.261,20.17
27535,138,S2,402.0,28.079,20.17
27536,138,S2,405.0,28.008,20.17
27537,138,S2,408.0,27.847,20.17
27538,138,S2,411.0,27.896,20.17
27539,138,S2,414.0,27.659,20.17
27540,138,S2,417.0,27.521,20.17
27541,138,S2,420.0,27.313,20.17
27542,138,S2,423.0,27.239,20.17
27543,138,S2,426.0,27.081,20.17
27544,138,S2,429.0,27.001,20.17
27545,138,S2,432.0,26.952,20.17
27546,138,S2,435.0,26.795,20.17
27547,138,S2,438.0,26.663,20.17
27548,138,S2,441.0,26.587,20.17
27549,138,S2,444.0,26.392,20.17
27550,138,S2,447.0,26.457,20.17
27551,138,S2,450.0,26.319,20.17
27552,138,S2,453.0,26.256,20.17
27553,138,S2,456.0,26.128,20.17
27554,138,S2,459.0,26.034,20.17
27555,138,S2,462.0,25.894,20.17
27556,138,S2,465.0,25.870,20.17
27557,138,S2,468.0,25.709,20.17
27558,138,S2,471.0,25.567,20.17
27559,138,S2,474.0,25.539,20.17
27560,138,S2,477.0,25.421,20.17
27561,138,S2,480.0,25.337,20.17
27562,138,S2,483.0,25.199,20.17
27563,138,S2,486.0,25.245,20.17
27564,138,S2,489.0,25.017,20.17
27565,138,S2,492.0,25.050,20.17
27566,138,S2,495.0,24.898,20.17
27567,138,S2,498.0,24.867,20.17
27568,138,S2,501.0,24.741,20.17
27569,138,S2,504.0,24.792,20.17
27570,138,S2,507.0,24.637,20.17
27571,138,S2,510.0,24.585,20.17
27572,138,S2,513.0,24.451,20.17
27573,138,S2,516.0,24.440,20.17
27574,138,S2,519.0,24.324,20.17
27575,138,S2,522.0,24.219,20.17
27576,138,S2,525.0,24.205,20.17
27577,138,S2,528.0,24.081,20.17
27578,138,S2,531.0,24.130,20.17
27579,138,S2,534.0,23.941,20.17
27580,138,S2,537.0,23.855,20.17
27581,138,S2,540.0,23.931,20.17
27582,138,S2,543.0,23.919,20.17
27583,138,S2,546.0,23.813,20.17
27584,138,S2,549.0,23.713,20.17
27585,138,S2,552.0,23.570,20.17
27586,138,S2,555.0,23.510,20.17
27587,138,S2,558.0,23.396,20.17
27588,138,S2,561.0,23.530,20.17
27589,138,S2,564.0,23.343,20.17
27590,138,S2,567.0,23.256,20.17
27591,138,S2,570.0,23.317,20.17
27592,138,S2,573.0,23.276,20.17
27593,138,S2,576.0,23.213,20.17
27594,138,S2,579.0,23.258,20.17
27595,138,S2,582.0,23.059,20.17
27596,138,S2,585.0,23.047,20.17
27597,138,S2,588.0,22.977,20.17
27598,138,S2,591.0,22.969,20.17
27599,138,S2,594.0,22.897,20.17
27600,138,S2,597.0,22.832,20.17
27601,139,S3,0.0,88.830,22.97
27602,139,S3,3.0,86.789,22.97
27603,139,S3,6.0,84.848,22.97
27604,139,S3,9.0,82.806,22.97
27605,139,S3,12.0,81.025,22.97
27606,139,S3,15.0,79.120,22.97
27607,139,S3,18.0,77.423,22.97
27608,139,S3,21.0,75.711,22.97
27609,139,S3,24.0,74.106,22.97
27610,139,S3,27.0,72.462,22.97
27611,139,S3,30.0,71.048,22.97
27612,139,S3,33.0,69.469,22.97
27613,139,S3,36.0,68.072,22.97
27614,139,S3,39.0,66.611,22.97
27615,139,S3,42.0,65.278,22.97
27616,139,S3,45.0,64.028,22.97
27617,139,S3,48.0,62.742,22.97
27618,139,S3,51.0,61.433,22.97
27619,139,S3,54.0,60.205,22.97
27620,139,S3,57.0,59.093,22.97
27621,139,S3,60.0,58.059,22.97
27622,139,S3,63.0,56.903,22.97
27623,139,S3,66.0,55.939,22.97
27624,139,S3,69.0,54.863,22.97
27625,139,S3,72.0,53.829,22.97
27626,139,S3,75.0,52.924,22.97
27627,139,S3,78.0,52.059,22.97
27628,139,S3,81.0,51.071,22.97
27629,139,S3,84.0,50.278,22.97
27630,139,S3,87.0,49.304,22.97
27631,139,S3,90.0,48.514,22.97
27632,139,S3,93.0,47.660,22.97
27633,139,S3,96.0,46.996,22.97
27634,139,S3,99.0,46.270,22.97
27635,139,S3,102.0,45.491,22.97
27636,139,S3,105.0,44.742,22.97
27637,139,S3,108.0,44.111,22.97
27638,139,S3,111.0,43.348,22.97
27639,139,S3,114.0,42.826,22.97
27640,139,S3,117.0,42.254,22.97
27641,139,S3,120.0,41.581,22.97
27642,139,S3,123.0,41.111,22.97
27643,139,S3,126.0,40.481,22.97
27644,139,S3,129.0,39.945,22.97
27645,139,S3,132.0,39.414,22.97
27646,139,S3,135.0,38.926,22.97
27647,139,S3,138.0,38.447,22.97
27648,139,S3,141.0,37.904,22.97
27649,139,S3,144.0,37.431,22.97
27650,139,S3,147.0,37.149,22.97
27651,139,S3,150.0,36.669,22.97
27652,139,S3,153.0,36.120,22.97
27653,139,S3,156.0,35.842,22.97
27654,139,S3,159.0,35.455,22.97
27655,139,S3,162.0,35.000,22.97
27656,139,S3,165.0,34.608,22.97
27657,139,S3,168.0,34.199,22.97
27658,139,S3,171.0,33.928,22.97
27659,139,S3,174.0,33.650,22.97
27660,139,S3,177.0,33.196,22.97
27661,139,S3,180.0,32.911,22.97
27662,139,S3,183.0,32.597,22.97
27663,139,S3,186.0,32.295,22.97
27664,139,S3,189.0,31.917,22.97
27665,139,S3,192.0,31.664,22.97
27666,139,S3,195.0,31.462,22.97
27667,139,S3,198.0,31.169,22.97
27668,139,S3,201.0,30.877,22.97
27669,139,S3,204.0,30.584,22.97
27670,139,S3,207.0,30.475,22.97
27671,139,S3,210.0,30.205,22.97
27672,139,S3,213.0,30.086,22.97
27673,139,S3,216.0,29.808,22.97
27674,139,S3,219.0,29.605,22.97
27675,139,S3,222.0,29.438,22.97
27676,139,S3,225.0,29.188,22.97
27677,139,S3,228.0,28.910,22.97
27678,139,S3,231.0,28.743,22.97
27679,139,S3,234.0,28.528,22.97
27680,139,S3,237.0,28.522,22.97
27681,139,S3,240.0,28.298,22.97
27682,139,S3,243.0,28.088,22.97
27683,139,S3,246.0,27.909,22.97
27684,139,S3,249.0,27.828,22.97
27685,139,S3,252.0,27.702,22.97
27686,139,S3,255.0,27.585,22.97
27687,139,S3,258.0,27.338,22.97
27688,139,S3,261.0,27.189,22.97
27689,139,S3,264.0,27.079,22.97
27690,139,S3,267.0,27.029,22.97
27691,139,S3,270.0,26.828,22.97
27692,139,S3,273.0,26.836,22.97
27693,139,S3,276.0,26.548,22.97
27694,139,S3,279.0,26.480,22.97
27695,139,S3,282.0,26.368,22.97
27696,139,S3,285.0,26.192,22.97
27697,139,S3,288.0,26.153,22.97
27698,139,S3,291.0,26.103,22.97
27699,139,S3,294.0,26.027,22.97
27700,139,S3,297.0,25.870,22.97
27701,139,S3,300.0,25.718,22.97
27702,139,S3,303.0,25.683,22.97
27703,139,S3,306.0,25.651,22.97
27704,139,S3,309.0,25.499,22.97
27705,139,S3,312.0,25.533,22.97
27706,139,S3,315.0,25.322,22.97
27707,139,S3,318.0,25.282,22.97
27708,139,S3,321.0,25.240,22.97
27709,139,S3,324.0,25.134,22.97
27710,139,S3,327.0,25.059,22.97
27711,139,S3,330.0,25.006,22.97
27712,139,S3,333.0,24.937,22.97
27713,139,S3,336.0,24.957,22.97
27714,139,S3,339.0,24.852,22.97
27715,139,S3,342.0,24.808,22.97
27716,139,S3,345.0,24.682,22.97
27717,139,S3,348.0,24.701,22.97
27718,139,S3,351.0,24.663,22.97
27719,139,S3,354.0,24.661,22.97
27720,139,S3,357.0,24.564,22.97
27721,139,S3,360.0,24.490,22.97
27722,139,S3,363.0,24.441,22.97
27723,139,S3,366.0,24.464,22.97
27724,139,S3,369.0,24.339,22.97
27725,139,S3,372.0,24.290,22.97
27726,139,S3,375.0,24.370,22.97
27727,139,S3,378.0,24.220,22.97
27728,139,S3,381.0,24.170,22.97
27729,139,S3,384.0,24.132,22.97
27730,139,S3,387.0,24.132,22.97
27731,139,S3,390.0,24.060,22.97
27732,139,S3,393.0,24.083,22.97
27733,139,S3,396.0,24.047,22.97
27734,139,S3,399.0,24.040,22.97
27735,139,S3,402.0,23.931,22.97
27736,139,S3,405.0,23.886,22.97
27737,139,S3,408.0,23.920,22.97
27738,139,S3,411.0,23.801,22.97
27739,139,S3,414.0,23.803,22.97
27740,139,S3,417.0,23.787,22.97
27741,139,S3,420.0,23.765,22.97
27742,139,S3,423.0,23.719,22.97
27743,139,S3,426.0,23.644,22.97
27744,139,S3,429.0,23.683,22.97
27745,139,S3,432.0,23.594,22.97
27746,139,S3,435.0,23.656,22.97
27747,139,S3,438.0,23.610,22.97
27748,139,S3,441.0,23.676,22.97
27749,139,S3,444.0,23.582,22.97
27750,139,S3,447.0,23.601,22.97
27751,139,S3,450.0,23.580,22.97
27752,139,S3,453.0,23.519,22.97
27753,139,S3,456.0,23.531,22.97
27754,139,S3,459.0,23.483,22.97
27755,139,S3,462.0,23.549,22.97
27756,139,S3,465.0,23.520,22.97
27757,139,S3,468.0,23.432,22.97
27758,139,S3,471.0,23.383,22.97
27759,139,S3,474.0,23.413,22.97
27760,139,S3,477.0,23.368,22.97
27761,139,S3,480.0,23.302,22.97
27762,139,S3,483.0,23.378,22.97
27763,139,S3,486.0,23.393,22.97
27764,139,S3,489.0,23.326,22.97
27765,139,S3,492.0,23.300,22.97
27766,139,S3,495.0,23.323,22.97
27767,139,S3,498.0,23.403,22.97
27768,139,S3,501.0,23.315,22.97
27769,139,S3,504.0,23.301,22.97
27770,139,S3,507.0,23.249,22.97
27771,139,S3,510.0,23.360,22.97
27772,139,S3,513.0,23.245,22.97
27773,139,S3,516.0,23.301,22.97
27774,139,S3,519.0,23.242,22.97
27775,139,S3,522.0,23.201,22.97
27776,139,S3,525.0,23.302,22.97
27777,139,S3,528.0,23.220,22.97
27778,139,S3,531.0,23.216,22.97
27779,139,S3,534.0,23.185,22.97
27780,139,S3,537.0,23.163,22.97
27781,139,S3,540.0,23.191,22.97
27782,139,S3,543.0,23.207,22.97
27783,139,S3,546.0,23.143,22.97
27784,139,S3,549.0,23.113,22.97
27785,139,S3,552.0,23.164,22.97
27786,139,S3,555.0,23.192,22.97
27787,139,S3,558.0,23.209,22.97
27788,139,S3,561.0,23.232,22.97
27789,139,S3,564.0,23.163,22.97
27790,139,S3,567.0,23.122,22.97
27791,139,S3,570.0,23.202,22.97
27792,139,S3,573.0,23.058,22.97
27793,139,S3,576.0,23.154,22.97
27794,139,S3,579.0,23.049,22.97
27795,139,S3,582.0,23.080,22.97
27796,139,S3,585.0,23.155,22.97
27797,139,S3,588.0,23.066,22.97
27798,139,S3,591.0,23.075,22.97
27799,139,S3,594.0,23.115,22.97
27800,139,S3,597.0,23.074,22.97
27801,140,S4,0.0,86.142,22.53
27802,140,S4,3.0,85.297,22.53
27803,140,S4,6.0,84.359,22.53
27804,140,S4,9.0,83.514,22.53
27805,140,S4,12.0,82.662,22.53
27806,140,S4,15.0,81.924,22.53
27807,140,S4,18.0,81.055,22.53
27808,140,S4,21.0,80.302,22.53
27809,140,S4,24.0,79.384,22.53
27810,140,S4,27.0,78.720,22.53
27811,140,S4,30.0,77.906,22.53
27812,140,S4,33.0,77.086,22.53
27813,140,S4,36.0,76.412,22.53
27814,140,S4,39.0,75.706,22.53
27815,140,S4,42.0,74.914,22.53
27816,140,S4,45.0,74.266,22.53
27817,140,S4,48.0,73.560,22.53
27818,140,S4,51.0,72.875,22.53
27819,140,S4,54.0,72.213,22.53
27820,140,S4,57.0,71.395,22.53
27821,140,S4,60.0,70.887,22.53
27822,140,S4,63.0,70.195,22.53
27823,140,S4,66.0,69.504,22.53
27824,140,S4,69.0,68.810,22.53
27825,140,S4,72.0,68.214,22.53
27826,140,S4,75.0,67.588,22.53
27827,140,S4,78.0,66.830,22.53
27828,140,S4,81.0,66.299,22.53
27829,140,S4,84.0,65.781,22.53
27830,140,S4,87.0,65.160,22.53
27831,140,S4,90.0,64.611,22.53
27832,140,S4,93.0,63.944,22.53
27833,140,S4,96.0,63.348,22.53
27834,140,S4,99.0,62.857,22.53
27835,140,S4,102.0,62.351,22.53
27836,140,S4,105.0,61.712,22.53
27837,140,S4,108.0,61.185,22.53
27838,140,S4,111.0,60.628,22.53
27839,140,S4,114.0,60.115,22.53
27840,140,S4,117.0,59.650,22.53
27841,140,S4,120.0,59.037,22.53
27842,140,S4,123.0,58.552,22.53
27843,140,S4,126.0,58.116,22.53
27844,140,S4,129.0,57.682,22.53
27845,140,S4,132.0,57.182,22.53
27846,140,S4,135.0,56.602,22.53
27847,140,S4,138.0,56.244,22.53
27848,140,S4,141.0,55.795,22.53
27849,140,S4,144.0,55.211,22.53
27850,140,S4,147.0,54.832,22.53
27851,140,S4,150.0,54.442,22.53
27852,140,S4,153.0,54.017,22.53
27853,140,S4,156.0,53.503,22.53
27854,140,S4,159.0,53.056,22.53
27855,140,S4,162.0,52.731,22.53
27856,140,S4,165.0,52.246,22.53
27857,140,S4,168.0,51.815,22.53
27858,140,S4,171.0,51.409,22.53
27859,140,S4,174.0,51.056,22.53
27860,140,S4,177.0,50.690,22.53
27861,140,S4,180.0,50.339,22.53
27862,140,S4,183.0,50.016,22.53
27863,140,S4,186.0,49.590,22.53
27864,140,S4,189.0,49.217,22.53
27865,140,S4,192.0,48.770,22.53
27866,140,S4,195.0,48.441,22.53
27867,140,S4,198.0,48.119,22.53
27868,140,S4,201.0,47.821,22.53
27869,140,S4,204.0,47.316,22.53
27870,140,S4,207.0,47.009,22.53
27871,140,S4,210.0,46.722,22.53
27872,140,S4,213.0,46.477,22.53
27873,140,S4,216.0,46.111,22.53
27874,140,S4,219.0,45.730,22.53
27875,140,S4,222.0,45.441,22.53
27876,140,S4,225.0,45.089,22.53
27877,140,S4,228.0,44.813,22.53
27878,140,S4,231.0,44.569,22.53
27879,140,S4,234.0,44.160,22.53
27880,140,S4,237.0,43.890,22.53
27881,140,S4,240.0,43.581,22.53
27882,140,S4,243.0,43.358,22.53
27883,140,S4,246.0,42.973,22.53
27884,140,S4,249.0,42.746,22.53
27885,140,S4,252.0,42.509,22.53
27886,140,S4,255.0,42.115,22.53
27887,140,S4,258.0,41.948,22.53
27888,140,S4,261.0,41.741,22.53
27889,140,S4,264.0,41.403,22.53
27890,140,S4,267.0,41.161,22.53
27891,140,S4,270.0,40.947,22.53
27892,140,S4,273.0,40.645,22.53
27893,140,S4,276.0,40.343,22.53
27894,140,S4,279.0,40.149,22.53
27895,140,S4,282.0,39.904,22.53
27896,140,S4,285.0,39.753,22.53
27897,140,S4,288.0,39.514,22.53
27898,140,S4,291.0,39.079,22.53
27899,140,S4,294.0,38.986,22.53
27900,140,S4,297.0,38.834,22.53
27901,140,S4,300.0,38.494,22.53
27902,140,S4,303.0,38.381,22.53
27903,140,S4,306.0,38.102,22.53
27904,140,S4,309.0,37.926,22.53
27905,140,S4,312.0,37.641,22.53
27906,140,S4,315.0,37.366,22.53
27907,140,S4,318.0,37.289,22.53
27908,140,S4,321.0,37.046,22.53
27909,140,S4,324.0,36.811,22.53
27910,140,S4,327.0,36.604,22.53
27911,140,S4,330.0,36.436,22.53
27912,140,S4,333.0,36.257,22.53
27913,140,S4,336.0,36.079,22.53
27914,140,S4,339.0,35.871,22.53
27915,140,S4,342.0,35.751,22.53
27916,140,S4,345.0,35.562,22.53
27917,140,S4,348.0,35.416,22.53
27918,140,S4,351.0,35.269,22.53
27919,140,S4,354.0,34.997,22.53
27920,140,S4,357.0,34.828,22.53
27921,140,S4,360.0,34.723,22.53
27922,140,S4,363.0,34.364,22.53
27923,140,S4,366.0,34.386,22.53
27924,140,S4,369.0,34.245,22.53
27925,140,S4,372.0,33.994,22.53
27926,140,S4,375.0,33.870,22.53
27927,140,S4,378.0,33.688,22.53
27928,140,S4,381.0,33.521,22.53
27929,140,S4,384.0,33.324,22.53
27930,140,S4,387.0,33.371,22.53
27931,140,S4,390.0,33.210,22.53
27932,140,S4,393.0,33.000,22.53
27933,140,S4,396.0,32.814,22.53
27934,140,S4,399.0,32.646,22.53
27935,140,S4,402.0,32.511,22.53
27936,140,S4,405.0,32.449,22.53
27937,140,S4,408.0,32.215,22.53
27938,140,S4,411.0,32.179,22.53
27939,140,S4,414.0,32.034,22.53
27940,140,S4,417.0,31.913,22.53
27941,140,S4,420.0,31.831,22.53
27942,140,S4,423.0,31.619,22.53
27943,140,S4,426.0,31.494,22.53
27944,140,S4,429.0,31.351,22.53
27945,140,S4,432.0,31.259,22.53
27946,140,S4,435.0,31.186,22.53
27947,140,S4,438.0,30.961,22.53
27948,140,S4,441.0,30.905,22.53
27949,140,S4,444.0,30.740,22.53
27950,140,S4,447.0,30.792,22.53
27951,140,S4,450.0,30.528,22.53
27952,140,S4,453.0,30.428,22.53
27953,140,S4,456.0,30.338,22.53
27954,140,S4,459.0,30.314,22.53
27955,140,S4,462.0,30.168,22.53
27956,140,S4,465.0,30.076,22.53
27957,140,S4,468.0,29.944,22.53
27958,140,S4,471.0,29.810,22.53
27959,140,S4,474.0,29.649,22.53
27960,140,S4,477.0,29.550,22.53
27961,140,S4,480.0,29.468,22.53
27962,140,S4,483.0,29.476,22.53
27963,140,S4,486.0,29.198,22.53
27964,140,S4,489.0,29.330,22.53
27965,140,S4,492.0,29.110,22.53
27966,140,S4,495.0,29.142,22.53
27967,140,S4,498.0,28.957,22.53
27968,140,S4,501.0,28.938,22.53
27969,140,S4,504.0,28.819,22.53
27970,140,S4,507.0,28.768,22.53
27971,140,S4,510.0,28.541,22.53
27972,140,S4,513.0,28.541,22.53
27973,140,S4,516.0,28.470,22.53
27974,140,S4,519.0,28.458,22.53
27975,140,S4,522.0,28.280,22.53
27976,140,S4,525.0,28.186,22.53
27977,140,S4,528.0,28.129,22.53
27978,140,S4,531.0,27.989,22.53
27979,140,S4,534.0,27.972,22.53
27980,140,S4,537.0,27.934,22.53
27981,140,S4,540.0,27.817,22.53
27982,140,S4,543.0,27.666,22.53
27983,140,S4,546.0,27.702,22.53
27984,140,S4,549.0,27.513,22.53
27985,140,S4,552.0,27.619,22.53
27986,140,S4,555.0,27.465,22.53
27987,140,S4,558.0,27.369,22.53
27988,140,S4,561.0,27.285,22.53
27989,140,S4,564.0,27.264,22.53
27990,140,S4,567.0,27.191,22.53
27991,140,S4,570.0,27.202,22.53
27992,140,S4,573.0,27.018,22.53
27993,140,S4,576.0,26.981,22.53
27994,140,S4,579.0,27.001,22.53
27995,140,S4,582.0,26.814,22.53
27996,140,S4,585.0,26.794,22.53
27997,140,S4,588.0,26.833,22.53
27998,140,S4,591.0,26.802,22.53
27999,140,S4,594.0,26.558,22.53
28000,140,S4,597.0,26.518,22.53
28001,141,S1,0.0,77.742,20.42
28002,141,S1,3.0,76.530,20.42
28003,141,S1,6.0,75.225,20.42
28004,141,S1,9.0,74.031,20.42
28005,141,S1,12.0,72.824,20.42
28006,141,S1,15.0,71.648,20.42
28007,141,S1,18.0,70.537,20.42
28008,141,S1,21.0,69.437,20.42
28009,141,S1,24.0,68.347,20.42
28010,141,S1,27.0,67.206,20.42
28011,141,S1,30.0,66.325,20.42
28012,141,S1,33.0,65.174,20.42
28013,141,S1,36.0,64.140,20.42
28014,141,S1,39.0,63.294,20.42
28015,141,S1,42.0,62.302,20.42
28016,141,S1,45.0,61.386,20.42
28017,141,S1,48.0,60.481,20.42
28018,141,S1,51.0,59.482,20.42
28019,141,S1,54.0,58.796,20.42
28020,141,S1,57.0,57.932,20.42
28021,141,S1,60.0,57.041,20.42
28022,141,S1,63.0,56.181,20.42
28023,141,S1,66.0,55.443,20.42
28024,141,S1,69.0,54.636,20.42
28025,141,S1,72.0,53.867,20.42
28026,141,S1,75.0,53.113,20.42
28027,141,S1,78.0,52.451,20.42
28028,141,S1,81.0,51.742,20.42
28029,141,S1,84.0,51.091,20.42
28030,141,S1,87.0,50.423,20.42
28031,141,S1,90.0,49.705,20.42
28032,141,S1,93.0,49.081,20.42
28033,141,S1,96.0,48.427,20.42
28034,141,S1,99.0,47.846,20.42
28035,141,S1,102.0,47.268,20.42
28036,141,S1,105.0,46.568,20.42
28037,141,S1,108.0,45.989,20.42
28038,141,S1,111.0,45.488,20.42
28039,141,S1,114.0,44.950,20.42
28040,141,S1,117.0,44.410,20.42
28041,141,S1,120.0,43.825,20.42
28042,141,S1,123.0,43.254,20.42
28043,141,S1,126.0,42.860,20.42
28044,141,S1,129.0,42.362,20.42
28045,141,S1,132.0,41.776,20.42
28046,141,S1,135.0,41.391,20.42
28047,141,S1,138.0,40.871,20.42
28048,141,S1,141.0,40.464,20.42
28049,141,S1,144.0,40.005,20.42
28050,141,S1,147.0,39.518,20.42
28051,141,S1,150.0,39.243,20.42
28052,141,S1,153.0,38.696,20.42
28053,141,S1,156.0,38.336,20.42
28054,141,S1,159.0,37.907,20.42
28055,141,S1,162.0,37.640,20.42
28056,141,S1,165.0,37.189,20.42
28057,141,S1,168.0,36.752,20.42
28058,141,S1,171.0,36.458,20.42
28059,141,S1,174.0,36.189,20.42
28060,141,S1,177.0,35.668,20.42
28061,141,S1,180.0,35.377,20.42
28062,141,S1,183.0,35.022,20.42
28063,141,S1,186.0,34.775,20.42
28064,141,S1,189.0,34.388,20.42
28065,141,S1,192.0,34.157,20.42
28066,141,S1,195.0,33.821,20.42
28067,141,S1,198.0,33.557,20.42
28068,141,S1,201.0,33.183,20.42
28069,141,S1,204.0,33.005,20.42
28070,141,S1,207.0,32.648,20.42
28071,141,S1,210.0,32.404,20.42
28072,141,S1,213.0,32.125,20.42
28073,141,S1,216.0,31.881,20.42
28074,141,S1,219.0,31.709,20.42
28075,141,S1,222.0,31.341,20.42
28076,141,S1,225.0,31.150,20.42
28077,141,S1,228.0,30.926,20.42
28078,141,S1,231.0,30.662,20.42
28079,141,S1,234.0,30.396,20.42
28080,141,S1,237.0,30.309,20.42
28081,141,S1,240.0,30.044,20.42
28082,141,S1,243.0,29.763,20.42
28083,141,S1,246.0,29.600,20.42
28084,141,S1,249.0,29.350,20.42
28085,141,S1,252.0,29.176,20.42
28086,141,S1,255.0,29.007,20.42
28087,141,S1,258.0,28.757,20.42
28088,141,S1,261.0,28.644,20.42
28089,141,S1,264.0,28.472,20.42
28090,141,S1,267.0,28.157,20.42
28091,141,S1,270.0,28.026,20.42
28092,141,S1,273.0,27.908,20.42
28093,141,S1,276.0,27.726,20.42
28094,141,S1,279.0,27.445,20.42
28095,141,S1,282.0,27.402,20.42
28096,141,S1,285.0,27.289,20.42
28097,141,S1,288.0,27.230,20.42
28098,141,S1,291.0,26.908,20.42
28099,141,S1,294.0,26.740,20.42
28100,141,S1,297.0,26.724,20.42
28101,141,S1,300.0,26.611,20.42
28102,141,S1,303.0,26.405,20.42
28103,141,S1,306.0,26.236,20.42
28104,141,S1,309.0,26.239,20.42
28105,141,S1,312.0,25.993,20.42
28106,141,S1,315.0,25.871,20.42
28107,141,S1,318.0,25.736,20.42
28108,141,S1,321.0,25.565,20.42
28109,141,S1,324.0,25.527,20.42
28110,141,S1,327.0,25.455,20.42
28111,141,S1,330.0,25.330,20.42
28112,141,S1,333.0,25.185,20.42
28113,141,S1,336.0,25.016,20.42
28114,141,S1,339.0,24.976,20.42
28115,141,S1,342.0,24.860,20.42
28116,141,S1,345.0,24.804,20.42
28117,141,S1,348.0,24.682,20.42
28118,141,S1,351.0,24.629,20.42
28119,141,S1,354.0,24.447,20.42
28120,141,S1,357.0,24.403,20.42
28121,141,S1,360.0,24.419,20.42
28122,141,S1,363.0,24.190,20.42
28123,141,S1,366.0,24.156,20.42
28124,141,S1,369.0,23.960,20.42
28125,141,S1,372.0,23.990,20.42
28126,141,S1,375.0,23.910,20.42
28127,141,S1,378.0,23.960,20.42
28128,141,S1,381.0,23.788,20.42
28129,141,S1,384.0,23.695,20.42
28130,141,S1,387.0,23.676,20.42
28131,141,S1,390.0,23.557,20.42
28132,141,S1,393.0,23.568,20.42
28133,141,S1,396.0,23.361,20.42
28134,141,S1,399.0,23.332,20.42
28135,141,S1,402.0,23.202,20.42
28136,141,S1,405.0,23.241,20.42
28137,141,S1,408.0,23.197,20.42
28138,141,S1,411.0,23.101,20.42
28139,141,S1,414.0,23.095,20.42
28140,141,S1,417.0,22.907,20.42
28141,141,S1,420.0,22.840,20.42
28142,141,S1,423.0,22.828,20.42
28143,141,S1,426.0,22.893,20.42
28144,141,S1,429.0,22.715,20.42
28145,141,S1,432.0,22.762,20.42
28146,141,S1,435.0,22.743,20.42
28147,141,S1,438.0,22.601,20.42
28148,141,S1,441.0,22.696,20.42
28149,141,S1,444.0,22.594,20.42
28150,141,S1,447.0,22.512,20.42
28151,141,S1,450.0,22.412,20.42
28152,141,S1,453.0,22.230,20.42
28153,141,S1,456.0,22.338,20.42
28154,141,S1,459.0,22.336,20.42
28155,141,S1,462.0,22.178,20.42
28156,141,S1,465.0,22.168,20.42
28157,141,S1,468.0,22.122,20.42
28158,141,S1,471.0,22.111,20.42
28159,141,S1,474.0,21.995,20.42
28160,141,S1,477.0,22.036,20.42
28161,141,S1,480.0,22.021,20.42
28162,141,S1,483.0,22.085,20.42
28163,141,S1,486.0,21.911,20.42
28164,141,S1,489.0,21.969,20.42
28165,141,S1,492.0,21.817,20.42
28166,141,S1,495.0,21.947,20.42
28167,141,S1,498.0,21.731,20.42
28168,141,S1,501.0,21.746,20.42
28169,141,S1,504.0,21.755,20.42
28170,141,S1,507.0,21.683,20.42
28171,141,S1,510.0,21.678,20.42
28172,141,S1,513.0,21.670,20.42
28173,141,S1,516.0,21.528,20.42
28174,141,S1,519.0,21.537,20.42
28175,141,S1,522.0,21.526,20.42
28176,141,S1,525.0,21.569,20.42
28177,141,S1,528.0,21.581,20.42
28178,141,S1,531.0,21.575,20.42
28179,141,S1,534.0,21.522,20.42
28180,141,S1,537.0,21.368,20.42
28181,141,S1,540.0,21.465,20.42
28182,141,S1,543.0,21.481,20.42
28183,141,S1,546.0,21.398,20.42
28184,141,S1,549.0,21.349,20.42
28185,141,S1,552.0,21.408,20.42
28186,141,S1,555.0,21.336,20.42
28187,141,S1,558.0,21.309,20.42
28188,141,S1,561.0,21.311,20.42
28189,141,S1,564.0,21.295,20.42
28190,141,S1,567.0,21.314,20.42
28191,141,S1,570.0,21.290,20.42
28192,141,S1,573.0,21.200,20.42
28193,141,S1,576.0,21.136,20.42
28194,141,S1,579.0,21.139,20.42
28195,141,S1,582.0,21.156,20.42
28196,141,S1,585.0,21.206,20.42
28197,141,S1,588.0,21.128,20.42
28198,141,S1,591.0,21.096,20.42
28199,141,S1,594.0,21.088,20.42
28200,141,S1,597.0,21.063,20.42
28201,142,S2,0.0,94.894,22.04
28202,142,S2,3.0,93.518,22.04
28203,142,S2,6.0,92.126,22.04
28204,142,S2,9.0,90.839,22.04
28205,142,S2,12.0,89.725,22.04
28206,142,S2,15.0,88.476,22.04
28207,142,S2,18.0,87.318,22.04
28208,142,S2,21.0,85.991,22.04
28209,142,S2,24.0,84.901,22.04
28210,142,S2,27.0,83.771,22.04
28211,142,S2,30.0,82.616,22.04
28212,142,S2,33.0,81.474,22.04
28213,142,S2,36.0,80.531,22.04
28214,142,S2,39.0,79.475,22.04
28215,142,S2,42.0,78.404,22.04
28216,142,S2,45.0,77.282,22.04
28217,142,S2,48.0,76.377,22.04
28218,142,S2,51.0,75.304,22.04
28219,142,S2,54.0,74.489,22.04
28220,142,S2,57.0,73.408,22.04
28221,142,S2,60.0,72.500,22.04
28222,142,S2,63.0,71.619,22.04
28223,142,S2,66.0,70.849,22.04
28224,142,S2,69.0,69.817,22.04
28225,142,S2,72.0,68.918,22.04
28226,142,S2,75.0,68.131,22.04
28227,142,S2,78.0,67.268,22.04
28228,142,S2,81.0,66.401,22.04
28229,142,S2,84.0,65.678,22.04
28230,142,S2,87.0,64.884,22.04
28231,142,S2,90.0,64.091,22.04
28232,142,S2,93.0,63.224,22.04
28233,142,S2,96.0,62.566,22.04
28234,142,S2,99.0,61.820,22.04
28235,142,S2,102.0,61.225,22.04
28236,142,S2,105.0,60.370,22.04
28237,142,S2,108.0,59.764,22.04
28238,142,S2,111.0,58.936,22.04
28239,142,S2,114.0,58.409,22.04
28240,142,S2,117.0,57.646,22.04
28241,142,S2,120.0,56.952,22.04
28242,142,S2,123.0,56.449,22.04
28243,142,S2,126.0,55.815,22.04
28244,142,S2,129.0,55.164,22.04
28245,142,S2,132.0,54.602,22.04
28246,142,S2,135.0,53.961,22.04
28247,142,S2,138.0,53.377,22.04
28248,142,S2,141.0,52.796,22.04
28249,142,S2,144.0,52.220,22.04
28250,142,S2,147.0,51.743,22.04
28251,142,S2,150.0,51.130,22.04
28252,142,S2,153.0,50.677,22.04
28253,142,S2,156.0,50.084,22.04
28254,142,S2,159.0,49.620,22.04
28255,142,S2,162.0,49.167,22.04
28256,142,S2,165.0,48.699,22.04
28257,142,S2,168.0,48.200,22.04
28258,142,S2,171.0,47.650,22.04
28259,142,S2,174.0,47.267,22.04
28260,142,S2,177.0,46.767,22.04
28261,142,S2,180.0,46.298,22.04
28262,142,S2,183.0,45.888,22.04
28263,142,S2,186.0,45.416,22.04
28264,142,S2,189.0,45.098,22.04
28265,142,S2,192.0,44.610,22.04
28266,142,S2,195.0,44.200,22.04
28267,142,S2,198.0,43.806,22.04
28268,142,S2,201.0,43.468,22.04
28269,142,S2,204.0,43.053,22.04
28270,142,S2,207.0,42.612,22.04
28271,142,S2,210.0,42.278,22.04
28272,142,S2,213.0,41.924,22.04
28273,142,S2,216.0,41.555,22.04
28274,142,S2,219.0,41.255,22.04
28275,142,S2,222.0,40.851,22.04
28276,142,S2,225.0,40.479,22.04
28277,142,S2,228.0,40.126,22.04
28278,142,S2,231.0,39.835,22.04
28279,142,S2,234.0,39.457,22.04
28280,142,S2,237.0,39.225,22.04
28281,142,S2,240.0,38.861,22.04
28282,142,S2,243.0,38.634,22.04
28283,142,S2,246.0,38.344,22.04
28284,142,S2,249.0,37.972,22.04
28285,142,S2,252.0,37.678,22.04
28286,142,S2,255.0,37.374,22.04
28287,142,S2,258.0,37.080,22.04
28288,142,S2,261.0,36.872,22.04
28289,142,S2,264.0,36.534,22.04
28290,142,S2,267.0,36.248,22.04
28291,142,S2,270.0,36.018,22.04
28292,142,S2,273.0,35.750,22.04
28293,142,S2,276.0,35.516,22.04
28294,142,S2,279.0,35.364,22.04
28295,142,S2,282.0,35.026,22.04
28296,142,S2,285.0,34.802,22.04
28297,142,S2,288.0,34.654,22.04
28298,142,S2,291.0,34.415,22.04
28299,142,S2,294.0,34.179,22.04
28300,142,S2,297.0,33.879,22.04
28301,142,S2,300.0,33.716,22.04
28302,142,S2,303.0,33.454,22.04
28303,142,S2,306.0,33.289,22.04
28304,142,S2,309.0,33.083,22.04
28305,142,S2,312.0,32.880,22.04
28306,142,S2,315.0,32.682,22.04
28307,142,S2,318.0,32.507,22.04
28308,142,S2,321.0,32.273,22.04
28309,142,S2,324.0,32.070,22.04
28310,142,S2,327.0,31.957,22.04
28311,142,S2,330.0,31.745,22.04
28312,142,S2,333.0,31.594,22.04
28313,142,S2,336.0,31.380,22.04
28314,142,S2,339.0,31.177,22.04
28315,142,S2,342.0,31.079,22.04
28316,142,S2,345.0,31.009,22.04
28317,142,S2,348.0,30.677,22.04
28318,142,S2,351.0,30.561,22.04
28319,142,S2,354.0,30.482,22.04
28320,142,S2,357.0,30.356,22.04
28321,142,S2,360.0,30.234,22.04
28322,142,S2,363.0,29.948,22.04
28323,142,S2,366.0,29.852,22.04
28324,142,S2,369.0,29.702,22.04
28325,142,S2,372.0,29.589,22.04
28326,142,S2,375.0,29.389,22.04
28327,142,S2,378.0,29.241,22.04
28328,142,S2,381.0,29.160,22.04
28329,142,S2,384.0,29.102,22.04
28330,142,S2,387.0,28.876,22.04
28331,142,S2,390.0,28.712,22.04
28332,142,S2,393.0,28.671,22.04
28333,142,S2,396.0,28.577,22.04
28334,142,S2,399.0,28.343,22.04
28335,142,S2,402.0,28.363,22.04
28336,142,S2,405.0,28.207,22.04
28337,142,S2,408.0,28.107,22.04
28338,142,S2,411.0,27.995,22.04
28339,142,S2,414.0,27.893,22.04
28340,142,S2,417.0,27.727,22.04
28341,142,S2,420.0,27.650,22.04
28342,142,S2,423.0,27.544,22.04
28343,142,S2,426.0,27.545,22.04
28344,142,S2,429.0,27.384,22.04
28345,142,S2,432.0,27.284,22.04
28346,142,S2,435.0,27.205,22.04
28347,142,S2,438.0,27.038,22.04
28348,142,S2,441.0,27.074,22.04
28349,142,S2,444.0,26.954,22.04
28350,142,S2,447.0,26.843,22.04
28351,142,S2,450.0,26.756,22.04
28352,142,S2,453.0,26.546,22.04
28353,142,S2,456.0,26.631,22.04
28354,142,S2,459.0,26.549,22.04
28355,142,S2,462.0,26.438,22.04
28356,142,S2,465.0,26.308,22.04
28357,142,S2,468.0,26.132,22.04
28358,142,S2,471.0,26.245,22.04
28359,142,S2,474.0,25.978,22.04
28360,142,S2,477.0,26.064,22.04
28361,142,S2,480.0,25.845,22.04
28362,142,S2,483.0,25.825,22.04
28363,142,S2,486.0,25.841,22.04
28364,142,S2,489.0,25.752,22.04
28365,142,S2,492.0,25.717,22.04
28366,142,S2,495.0,25.607,22.04
28367,142,S2,498.0,25.510,22.04
28368,142,S2,501.0,25.459,22.04
28369,142,S2,504.0,25.427,22.04
28370,142,S2,507.0,25.405,22.04
28371,142,S2,510.0,25.301,22.04
28372,142,S2,513.0,25.109,22.04
28373,142,S2,516.0,25.111,22.04
28374,142,S2,519.0,25.155,22.04
28375,142,S2,522.0,25.056,22.04
28376,142,S2,525.0,25.028,22.04
28377,142,S2,528.0,24.929,22.04
28378,142,S2,531.0,24.943,22.04
28379,142,S2,534.0,24.846,22.04
28380,142,S2,537.0,24.733,22.04
28381,142,S2,540.0,24.725,22.04
28382,142,S2,543.0,24.681,22.04
28383,142,S2,546.0,24.604,22.04
28384,142,S2,549.0,24.495,22.04
28385,142,S2,552.0,24.567,22.04
28386,142,S2,555.0,24.550,22.04
28387,142,S2,558.0,24.450,22.04
28388,142,S2,561.0,24.484,22.04
28389,142,S2,564.0,24.373,22.04
28390,142,S2,567.0,24.295,22.04
28391,142,S2,570.0,24.227,22.04
28392,142,S2,573.0,24.296,22.04
28393,142,S2,576.0,24.220,22.04
28394,142,S2,579.0,24.185,22.04
28395,142,S2,582.0,24.176,22.04
28396,142,S2,585.0,24.111,22.04
28397,142,S2,588.0,23.986,22.04
28398,142,S2,591.0,23.947,22.04
28399,142,S2,594.0,23.966,22.04
28400,142,S2,597.0,23.888,22.04
28401,143,S3,0.0,74.965,22.60
28402,143,S3,3.0,73.975,22.60
28403,143,S3,6.0,73.185,22.60
28404,143,S3,9.0,72.162,22.60
28405,143,S3,12.0,71.288,22.60
28406,143,S3,15.0,70.398,22.60
28407,143,S3,18.0,69.494,22.60
28408,143,S3,21.0,68.627,22.60
28409,143,S3,24.0,67.872,22.60
28410,143,S3,27.0,67.019,22.60
28411,143,S3,30.0,66.151,22.60
28412,143,S3,33.0,65.412,22.60
28413,143,S3,36.0,64.669,22.60
28414,143,S3,39.0,63.856,22.60
28415,143,S3,42.0,63.027,22.60
28416,143,S3,45.0,62.336,22.60
28417,143,S3,48.0,61.672,22.60
28418,143,S3,51.0,60.868,22.60
28419,143,S3,54.0,60.168,22.60
28420,143,S3,57.0,59.525,22.60
28421,143,S3,60.0,58.759,22.60
28422,143,S3,63.0,58.199,22.60
28423,143,S3,66.0,57.587,22.60
28424,143,S3,69.0,56.885,22.60
28425,143,S3,72.0,56.320,22.60
28426,143,S3,75.0,55.627,22.60
28427,143,S3,78.0,55.064,22.60
28428,143,S3,81.0,54.456,22.60
28429,143,S3,84.0,53.817,22.60
28430,143,S3,87.0,53.326,22.60
28431,143,S3,90.0,52.698,22.60
28432,143,S3,93.0,52.283,22.60
28433,143,S3,96.0,51.608,22.60
28434,143,S3,99.0,51.138,22.60
28435,143,S3,102.0,50.635,22.60
28436,143,S3,105.0,50.134,22.60
28437,143,S3,108.0,49.502,22.60
28438,143,S3,111.0,49.187,22.60
28439,143,S3,114.0,48.702,22.60
28440,143,S3,117.0,48.279,22.60
28441,143,S3,120.0,47.719,22.60
28442,143,S3,123.0,47.348,22.60
28443,143,S3,126.0,46.800,22.60
28444,143,S3,129.0,46.263,22.60
28445,143,S3,132.0,45.967,22.60
28446,143,S3,135.0,45.439,22.60
28447,143,S3,138.0,45.046,22.60
28448,143,S3,141.0,44.661,22.60
28449,143,S3,144.0,44.254,22.60
28450,143,S3,147.0,43.907,22.60
28451,143,S3,150.0,43.426,22.60
28452,143,S3,153.0,43.147,22.60
28453,143,S3,156.0,42.728,22.60
28454,143,S3,159.0,42.239,22.60
28455,143,S3,162.0,41.991,22.60
28456,143,S3,165.0,41.671,22.60
28457,143,S3,168.0,41.313,22.60
28458,143,S3,171.0,40.911,22.60
28459,143,S3,174.0,40.572,22.60
28460,143,S3,177.0,40.251,22.60
28461,143,S3,180.0,40.069,22.60
28462,143,S3,183.0,39.570,22.60
28463,143,S3,186.0,39.249,22.60
28464,143,S3,189.0,39.072,22.60
28465,143,S3,192.0,38.788,22.60
28466,143,S3,195.0,38.357,22.60
28467,143,S3,198.0,38.271,22.60
28468,143,S3,201.0,37.835,22.60
28469,143,S3,204.0,37.570,22.60
28470,143,S3,207.0,37.271,22.60
28471,143,S3,210.0,37.103,22.60
28472,143,S3,213.0,36.829,22.60
28473,143,S3,216.0,36.576,22.60
28474,143,S3,219.0,36.192,22.60
28475,143,S3,222.0,35.999,22.60
28476,143,S3,225.0,35.840,22.60
28477,143,S3,228.0,35.593,22.60
28478,143,S3,231.0,35.310,22.60
28479,143,S3,234.0,35.121,22.60
28480,143,S3,237.0,34.770,22.60
28481,143,S3,240.0,34.685,22.60
28482,143,S3,243.0,34.373,22.60
28483,143,S3,246.0,34.180,22.60
28484,143,S3,249.0,33.937,22.60
28485,143,S3,252.0,33.723,22.60
28486,143,S3,255.0,33.604,22.60
28487,143,S3,258.0,33.383,22.60
28488,143,S3,261.0,33.253,22.60
28489,143,S3,264.0,32.859,22.60
28490,143,S3,267.0,32.820,22.60
28491,143,S3,270.0,32.668,22.60
28492,143,S3,273.0,32.393,22.60
28493,143,S3,276.0,32.146,22.60
28494,143,S3,279.0,32.047,22.60
28495,143,S3,282.0,31.887,22.60
28496,143,S3,285.0,31.695,22.60
28497,143,S3,288.0,31.487,22.60
28498,143,S3,291.0,31.346,22.60
28499,143,S3,294.0,31.233,22.60
28500,143,S3,297.0,31.086,22.60
28501,143,S3,300.0,30.939,22.60
28502,143,S3,303.0,30.685,22.60
28503,143,S3,306.0,30.619,22.60
28504,143,S3,309.0,30.473,22.60
28505,143,S3,312.0,30.311,22.60
28506,143,S3,315.0,30.211,22.60
28507,143,S3,318.0,30.040,22.60
28508,143,S3,321.0,29.831,22.60
28509,143,S3,324.0,29.692,22.60
28510,143,S3,327.0,29.698,22.60
28511,143,S3,330.0,29.518,22.60
28512,143,S3,333.0,29.349,22.60
28513,143,S3,336.0,29.298,22.60
28514,143,S3,339.0,29.181,22.60
28515,143,S3,342.0,29.007,22.60
28516,143,S3,345.0,28.939,22.60
28517,143,S3,348.0,28.856,22.60
28518,143,S3,351.0,28.751,22.60
28519,143,S3,354.0,28.629,22.60
28520,143,S3,357.0,28.550,22.60
28521,143,S3,360.0,28.373,22.60
28522,143,S3,363.0,28.247,22.60
28523,143,S3,366.0,28.172,22.60
28524,143,S3,369.0,28.034,22.60
28525,143,S3,372.0,27.901,22.60
28526,143,S3,375.0,27.903,22.60
28527,143,S3,378.0,27.750,22.60
28528,143,S3,381.0,27.673,22.60
28529,143,S3,384.0,27.526,22.60
28530,143,S3,387.0,27.523,22.60
28531,143,S3,390.0,27.426,22.60
28532,143,S3,393.0,27.261,22.60
28533,143,S3,396.0,27.175,22.60
28534,143,S3,399.0,27.134,22.60
28535,143,S3,402.0,26.971,22.60
28536,143,S3,405.0,26.982,22.60
28537,143,S3,408.0,26.857,22.60
28538,143,S3,411.0,26.740,22.60
28539,143,S3,414.0,26.711,22.60
28540,143,S3,417.0,26.692,22.60
28541,143,S3,420.0,26.536,22.60
28542,143,S3,423.0,26.505,22.60
28543,143,S3,426.0,26.419,22.60
28544,143,S3,429.0,26.276,22.60
28545,143,S3,432.0,26.370,22.60
28546,143,S3,435.0,26.183,22.60
28547,143,S3,438.0,26.153,22.60
28548,143,S3,441.0,26.149,22.60
28549,143,S3,444.0,26.022,22.60
28550,143,S3,447.0,25.997,22.60
28551,143,S3,450.0,25.850,22.60
28552,143,S3,453.0,25.855,22.60
28553,143,S3,456.0,25.766,22.60
28554,143,S3,459.0,25.759,22.60
28555,143,S3,462.0,25.598,22.60
28556,143,S3,465.0,25.632,22.60
28557,143,S3,468.0,25.657,22.60
28558,143,S3,471.0,25.464,22.60
28559,143,S3,474.0,25.378,22.60
28560,143,S3,477.0,25.393,22.60
28561,143,S3,480.0,25.306,22.60
28562,143,S3,483.0,25.270,22.60
28563,143,S3,486.0,25.247,22.60
28564,143,S3,489.0,25.251,22.60
28565,143,S3,492.0,25.212,22.60
28566,143,S3,495.0,25.113,22.60
28567,143,S3,498.0,25.115,22.60
28568,143,S3,501.0,25.005,22.60
28569,143,S3,504.0,24.954,22.60
28570,143,S3,507.0,24.995,22.60
28571,143,S3,510.0,24.766,22.60
28572,143,S3,513.0,24.867,22.60
28573,143,S3,516.0,24.876,22.60
28574,143,S3,519.0,24.751,22.60
28575,143,S3,522.0,24.738,22.60
28576,143,S3,525.0,24.715,22.60
28577,143,S3,528.0,24.636,22.60
28578,143,S3,531.0,24.531,22.60
28579,143,S3,534.0,24.705,22.60
28580,143,S3,537.0,24.535,22.60
28581,143,S3,540.0,24.460,22.60
28582,143,S3,543.0,24.400,22.60
28583,143,S3,546.0,24.440,22.60
28584,143,S3,549.0,24.348,22.60
28585,143,S3,552.0,24.368,22.60
28586,143,S3,555.0,24.402,22.60
28587,143,S3,558.0,24.214,22.60
28588,143,S3,561.0,24.208,22.60
28589,143,S3,564.0,24.354,22.60
28590,143,S3,567.0,24.123,22.60
28591,143,S3,570.0,24.214,22.60
28592,143,S3,573.0,24.168,22.60
28593,143,S3,576.0,24.156,22.60
28594,143,S3,579.0,24.125,22.60
28595,143,S3,582.0,24.087,22.60
28596,143,S3,585.0,24.052,22.60
28597,143,S3,588.0,24.042,22.60
28598,143,S3,591.0,24.126,22.60
28599,143,S3,594.0,23.939,22.60
28600,143,S3,597.0,23.900,22.60
28601,144,S4,0.0,91.181,21.32
28602,144,S4,3.0,89.949,21.32
28603,144,S4,6.0,88.710,21.32
28604,144,S4,9.0,87.436,21.32
28605,144,S4,12.0,86.266,21.32
28606,144,S4,15.0,85.109,21.32
28607,144,S4,18.0,83.919,21.32
28608,144,S4,21.0,82.823,21.32
28609,144,S4,24.0,81.629,21.32
28610,144,S4,27.0,80.487,21.32
28611,144,S4,30.0,79.521,21.32
28612,144,S4,33.0,78.407,21.32
28613,144,S4,36.0,77.400,21.32
28614,144,S4,39.0,76.370,21.32
28615,144,S4,42.0,75.352,21.32
28616,144,S4,45.0,74.422,21.32
28617,144,S4,48.0,73.442,21.32
28618,144,S4,51.0,72.485,21.32
28619,144,S4,54.0,71.502,21.32
28620,144,S4,57.0,70.599,21.32
28621,144,S4,60.0,69.593,21.32
28622,144,S4,63.0,68.853,21.32
28623,144,S4,66.0,68.018,21.32
28624,144,S4,69.0,67.133,21.32
28625,144,S4,72.0,66.354,21.32
28626,144,S4,75.0,65.396,21.32
28627,144,S4,78.0,64.576,21.32
28628,144,S4,81.0,63.891,21.32
28629,144,S4,84.0,63.151,21.32
28630,144,S4,87.0,62.291,21.32
28631,144,S4,90.0,61.553,21.32
28632,144,S4,93.0,60.888,21.32
28633,144,S4,96.0,60.163,21.32
28634,144,S4,99.0,59.383,21.32
28635,144,S4,102.0,58.740,21.32
28636,144,S4,105.0,57.972,21.32
28637,144,S4,108.0,57.316,21.32
28638,144,S4,111.0,56.744,21.32
28639,144,S4,114.0,56.090,21.32
28640,144,S4,117.0,55.497,21.32
28641,144,S4,120.0,54.900,21.32
28642,144,S4,123.0,54.152,21.32
28643,144,S4,126.0,53.565,21.32
28644,144,S4,129.0,52.979,21.32
28645,144,S4,132.0,52.413,21.32
28646,144,S4,135.0,51.810,21.32
28647,144,S4,138.0,51.332,21.32
28648,144,S4,141.0,50.793,21.32
28649,144,S4,144.0,50.339,21.32
28650,144,S4,147.0,49.732,21.32
28651,144,S4,150.0,49.178,21.32
28652,144,S4,153.0,48.757,21.32
28653,144,S4,156.0,48.142,21.32
28654,144,S4,159.0,47.768,21.32
28655,144,S4,162.0,47.192,21.32
28656,144,S4,165.0,46.844,21.32
28657,144,S4,168.0,46.298,21.32
28658,144,S4,171.0,45.849,21.32
28659,144,S4,174.0,45.352,21.32
28660,144,S4,177.0,44.862,21.32
28661,144,S4,180.0,44.481,21.32
28662,144,S4,183.0,44.120,21.32
28663,144,S4,186.0,43.757,21.32
28664,144,S4,189.0,43.209,21.32
28665,144,S4,192.0,42.924,21.32
28666,144,S4,195.0,42.493,21.32
28667,144,S4,198.0,42.006,21.32
28668,144,S4,201.0,41.660,21.32
28669,144,S4,204.0,41.292,21.32
28670,144,S4,207.0,40.951,21.32
28671,144,S4,210.0,40.719,21.32
28672,144,S4,213.0,40.280,21.32
28673,144,S4,216.0,39.889,21.32
28674,144,S4,219.0,39.609,21.32
28675,144,S4,222.0,39.296,21.32
28676,144,S4,225.0,38.917,21.32
28677,144,S4,228.0,38.497,21.32
28678,144,S4,231.0,38.317,21.32
28679,144,S4,234.0,38.000,21.32
28680,144,S4,237.0,37.530,21.32
28681,144,S4,240.0,37.322,21.32
28682,144,S4,243.0,37.098,21.32
28683,144,S4,246.0,36.767,21.32
28684,144,S4,249.0,36.533,21.32
28685,144,S4,252.0,36.219,21.32
28686,144,S4,255.0,35.969,21.32
28687,144,S4,258.0,35.646,21.32
28688,144,S4,261.0,35.436,21.32
28689,144,S4,264.0,35.194,21.32
28690,144,S4,267.0,34.878,21.32
28691,144,S4,270.0,34.634,21.32
28692,144,S4,273.0,34.431,21.32
28693,144,S4,276.0,34.317,21.32
28694,144,S4,279.0,34.021,21.32
28695,144,S4,282.0,33.750,21.32
28696,144,S4,285.0,33.470,21.32
28697,144,S4,288.0,33.301,21.32
28698,144,S4,291.0,33.086,21.32
28699,144,S4,294.0,32.905,21.32
28700,144,S4,297.0,32.575,21.32
28701,144,S4,300.0,32.503,21.32
28702,144,S4,303.0,32.151,21.32
28703,144,S4,306.0,32.030,21.32
28704,144,S4,309.0,31.896,21.32
28705,144,S4,312.0,31.715,21.32
28706,144,S4,315.0,31.532,21.32
28707,144,S4,318.0,31.268,21.32
28708,144,S4,321.0,31.098,21.32
28709,144,S4,324.0,30.894,21.32
28710,144,S4,327.0,30.765,21.32
28711,144,S4,330.0,30.646,21.32
28712,144,S4,333.0,30.457,21.32
28713,144,S4,336.0,30.198,21.32
28714,144,S4,339.0,30.056,21.32
28715,144,S4,342.0,29.901,21.32
28716,144,S4,345.0,29.735,21.32
28717,144,S4,348.0,29.696,21.32
28718,144,S4,351.0,29.405,21.32
28719,144,S4,354.0,29.287,21.32
28720,144,S4,357.0,29.195,21.32
28721,144,S4,360.0,29.044,21.32
28722,144,S4,363.0,28.758,21.32
28723,144,S4,366.0,28.677,21.32
28724,144,S4,369.0,28.639,21.32
28725,144,S4,372.0,28.597,21.32
28726,144,S4,375.0,28.326,21.32
28727,144,S4,378.0,28.185,21.32
28728,144,S4,381.0,28.023,21.32
28729,144,S4,384.0,27.992,21.32
28730,144,S4,387.0,27.821,21.32
28731,144,S4,390.0,27.742,21.32
28732,144,S4,393.0,27.631,21.32
28733,144,S4,396.0,27.512,21.32
28734,144,S4,399.0,27.337,21.32
28735,144,S4,402.0,27.313,21.32
28736,144,S4,405.0,27.173,21.32
28737,144,S4,408.0,27.012,21.32
28738,144,S4,411.0,26.968,21.32
28739,144,S4,414.0,26.869,21.32
28740,144,S4,417.0,26.695,21.32
28741,144,S4,420.0,26.724,21.32
28742,144,S4,423.0,26.528,21.32
28743,144,S4,426.0,26.489,21.32
28744,144,S4,429.0,26.320,21.32
28745,144,S4,432.0,26.268,21.32
28746,144,S4,435.0,26.165,21.32
28747,144,S4,438.0,26.150,21.32
28748,144,S4,441.0,25.975,21.32
28749,144,S4,444.0,26.052,21.32
28750,144,S4,447.0,25.778,21.32
28751,144,S4,450.0,25.825,21.32
28752,144,S4,453.0,25.659,21.32
28753,144,S4,456.0,25.589,21.32
28754,144,S4,459.0,25.572,21.32
28755,144,S4,462.0,25.468,21.32
28756,144,S4,465.0,25.398,21.32
28757,144,S4,468.0,25.297,21.32
28758,144,S4,471.0,25.210,21.32
28759,144,S4,474.0,25.151,21.32
28760,144,S4,477.0,25.086,21.32
28761,144,S4,480.0,24.986,21.32
28762,144,S4,483.0,24.894,21.32
28763,144,S4,486.0,24.937,21.32
28764,144,S4,489.0,24.857,21.32
28765,144,S4,492.0,24.740,21.32
28766,144,S4,495.0,24.624,21.32
28767,144,S4,498.0,24.632,21.32
28768,144,S4,501.0,24.499,21.32
28769,144,S4,504.0,24.530,21.32
28770,144,S4,507.0,24.509,21.32
28771,144,S4,510.0,24.375,21.32
28772,144,S4,513.0,24.366,21.32
28773,144,S4,516.0,24.288,21.32
28774,144,S4,519.0,24.200,21.32
28775,144,S4,522.0,24.244,21.32
28776,144,S4,525.0,24.199,21.32
28777,144,S4,528.0,24.017,21.32
28778,144,S4,531.0,24.096,21.32
28779,144,S4,534.0,24.073,21.32
28780,144,S4,537.0,23.897,21.32
28781,144,S4,540.0,23.869,21.32
28782,144,S4,543.0,23.887,21.32
28783,144,S4,546.0,23.800,21.32
28784,144,S4,549.0,23.724,21.32
28785,144,S4,552.0,23.701,21.32
28786,144,S4,555.0,23.713,21.32
28787,144,S4,558.0,23.671,21.32
28788,144,S4,561.0,23.526,21.32
28789,144,S4,564.0,23.585,21.32
28790,144,S4,567.0,23.538,21.32
28791,144,S4,570.0,23.419,21.32
28792,144,S4,573.0,23.406,21.32
28793,144,S4,576.0,23.323,21.32
28794,144,S4,579.0,23.287,21.32
28795,144,S4,582.0,23.224,21.32
28796,144,S4,585.0,23.278,21.32
28797,144,S4,588.0,23.188,21.32
28798,144,S4,591.0,23.167,21.32
28799,144,S4,594.0,23.133,21.32
28800,144,S4,597.0,22.991,21.32
28801,145,S1,0.0,94.760,21.83
28802,145,S1,3.0,93.875,21.83
28803,145,S1,6.0,92.841,21.83
28804,145,S1,9.0,91.887,21.83
28805,145,S1,12.0,90.953,21.83
28806,145,S1,15.0,89.996,21.83
28807,145,S1,18.0,89.230,21.83
28808,145,S1,21.0,88.168,21.83
28809,145,S1,24.0,87.364,21.83
28810,145,S1,27.0,86.568,21.83
28811,145,S1,30.0,85.740,21.83
28812,145,S1,33.0,84.799,21.83
28813,145,S1,36.0,83.958,21.83
28814,145,S1,39.0,83.164,21.83
28815,145,S1,42.0,82.361,21.83
28816,145,S1,45.0,81.522,21.83
28817,145,S1,48.0,80.754,21.83
28818,145,S1,51.0,79.965,21.83
28819,145,S1,54.0,79.239,21.83
28820,145,S1,57.0,78.429,21.83
28821,145,S1,60.0,77.691,21.83
28822,145,S1,63.0,76.952,21.83
28823,145,S1,66.0,76.190,21.83
28824,145,S1,69.0,75.547,21.83
28825,145,S1,72.0,74.899,21.83
28826,145,S1,75.0,74.136,21.83
28827,145,S1,78.0,73.400,21.83
28828,145,S1,81.0,72.705,21.83
28829,145,S1,84.0,72.086,21.83
28830,145,S1,87.0,71.417,21.83
28831,145,S1,90.0,70.772,21.83
28832,145,S1,93.0,70.219,21.83
28833,145,S1,96.0,69.440,21.83
28834,145,S1,99.0,68.794,21.83
28835,145,S1,102.0,68.171,21.83
28836,145,S1,105.0,67.580,21.83
28837,145,S1,108.0,67.043,21.83
28838,145,S1,111.0,66.426,21.83
28839,145,S1,114.0,65.739,21.83
28840,145,S1,117.0,65.269,21.83
28841,145,S1,120.0,64.702,21.83
28842,145,S1,123.0,64.134,21.83
28843,145,S1,126.0,63.565,21.83
28844,145,S1,129.0,62.963,21.83
28845,145,S1,132.0,62.421,21.83
28846,145,S1,135.0,61.885,21.83
28847,145,S1,138.0,61.317,21.83
28848,145,S1,141.0,60.863,21.83
28849,145,S1,144.0,60.361,21.83
28850,145,S1,147.0,59.878,21.83
28851,145,S1,150.0,59.349,21.83
28852,145,S1,153.0,58.845,21.83
28853,145,S1,156.0,58.320,21.83
28854,145,S1,159.0,57.937,21.83
28855,145,S1,162.0,57.436,21.83
28856,145,S1,165.0,56.864,21.83
28857,145,S1,168.0,56.422,21.83
28858,145,S1,171.0,55.994,21.83
28859,145,S1,174.0,55.505,21.83
28860,145,S1,177.0,55.104,21.83
28861,145,S1,180.0,54.618,21.83
28862,145,S1,183.0,54.266,21.83
28863,145,S1,186.0,53.746,21.83
28864,145,S1,189.0,53.346,21.83
28865,145,S1,192.0,53.031,21.83
28866,145,S1,195.0,52.544,21.83
28867,145,S1,198.0,52.142,21.83
28868,145,S1,201.0,51.714,21.83
28869,145,S1,204.0,51.430,21.83
28870,145,S1,207.0,50.907,21.83
28871,145,S1,210.0,50.553,21.83
28872,145,S1,213.0,50.233,21.83
28873,145,S1,216.0,49.766,21.83
28874,145,S1,219.0,49.317,21.83
28875,145,S1,222.0,49.088,21.83
28876,145,S1,225.0,48.663,21.83
28877,145,S1,228.0,48.370,21.83
28878,145,S1,231.0,48.095,21.83
28879,145,S1,234.0,47.740,21.83
28880,145,S1,237.0,47.274,21.83
28881,145,S1,240.0,46.957,21.83
28882,145,S1,243.0,46.614,21.83
28883,145,S1,246.0,46.246,21.83
28884,145,S1,249.0,45.979,21.83
28885,145,S1,252.0,45.665,21.83
28886,145,S1,255.0,45.420,21.83
28887,145,S1,258.0,45.000,21.83
28888,145,S1,261.0,44.588,21.83
28889,145,S1,264.0,44.445,21.83
28890,145,S1,267.0,44.180,21.83
28891,145,S1,270.0,43.766,21.83
28892,145,S1,273.0,43.557,21.83
28893,145,S1,276.0,43.235,21.83
28894,145,S1,279.0,43.029,21.83
28895,145,S1,282.0,42.766,21.83
28896,145,S1,285.0,42.471,21.83
28897,145,S1,288.0,42.159,21.83
28898,145,S1,291.0,41.953,21.83
28899,145,S1,294.0,41.687,21.83
28900,145,S1,297.0,41.439,21.83
28901,145,S1,300.0,41.081,21.83
28902,145,S1,303.0,40.860,21.83
28903,145,S1,306.0,40.502,21.83
28904,145,S1,309.0,40.291,21.83
28905,145,S1,312.0,40.110,21.83
28906,145,S1,315.0,39.877,21.83
28907,145,S1,318.0,39.623,21.83
28908,145,S1,321.0,39.442,21.83
28909,145,S1,324.0,39.121,21.83
28910,145,S1,327.0,38.877,21.83
28911,145,S1,330.0,38.805,21.83
28912,145,S1,333.0,38.418,21.83
28913,145,S1,336.0,38.230,21.83
28914,145,S1,339.0,38.024,21.83
28915,145,S1,342.0,37.837,21.83
28916,145,S1,345.0,37.572,21.83
28917,145,S1,348.0,37.389,21.83
28918,145,S1,351.0,37.160,21.83
28919,145,S1,354.0,37.015,21.83
28920,145,S1,357.0,36.786,21.83
28921,145,S1,360.0,36.608,21.83
28922,145,S1,363.0,36.445,21.83
28923,145,S1,366.0,36.150,21.83
28924,145,S1,369.0,36.057,21.83
28925,145,S1,372.0,35.861,21.83
28926,145,S1,375.0,35.680,21.83
28927,145,S1,378.0,35.424,21.83
28928,145,S1,381.0,35.222,21.83
28929,145,S1,384.0,35.143,21.83
28930,145,S1,387.0,34.989,21.83
28931,145,S1,390.0,34.751,21.83
28932,145,S1,393.0,34.588,21.83
28933,145,S1,396.0,34.400,21.83
28934,145,S1,399.0,34.324,21.83
28935,145,S1,402.0,34.162,21.83
28936,145,S1,405.0,33.931,21.83
28937,145,S1,408.0,33.759,21.83
28938,145,S1,411.0,33.569,21.83
28939,145,S1,414.0,33.468,21.83
28940,145,S1,417.0,33.302,21.83
28941,145,S1,420.0,33.197,21.83
28942,145,S1,423.0,33.026,21.83
28943,145,S1,426.0,32.833,21.83
28944,145,S1,429.0,32.693,21.83
28945,145,S1,432.0,32.584,21.83
28946,145,S1,435.0,32.370,21.83
28947,145,S1,438.0,32.267,21.83
28948,145,S1,441.0,32.113,21.83
28949,145,S1,444.0,31.974,21.83
28950,145,S1,447.0,31.836,21.83
28951,145,S1,450.0,31.712,21.83
28952,145,S1,453.0,31.570,21.83
28953,145,S1,456.0,31.475,21.83
28954,145,S1,459.0,31.340,21.83
28955,145,S1,462.0,31.260,21.83
28956,145,S1,465.0,31.095,21.83
28957,145,S1,468.0,30.920,21.83
28958,145,S1,471.0,30.874,21.83
28959,145,S1,474.0,30.728,21.83
28960,145,S1,477.0,30.672,21.83
28961,145,S1,480.0,30.515,21.83
28962,145,S1,483.0,30.332,21.83
28963,145,S1,486.0,30.328,21.83
28964,145,S1,489.0,30.189,21.83
28965,145,S1,492.0,30.043,21.83
28966,145,S1,495.0,29.925,21.83
28967,145,S1,498.0,29.821,21.83
28968,145,S1,501.0,29.693,21.83
28969,145,S1,504.0,29.657,21.83
28970,145,S1,507.0,29.530,21.83
28971,145,S1,510.0,29.418,21.83
28972,145,S1,513.0,29.309,21.83
28973,145,S1,516.0,29.212,21.83
28974,145,S1,519.0,29.125,21.83
28975,145,S1,522.0,29.037,21.83
28976,145,S1,525.0,28.957,21.83
28977,145,S1,528.0,28.860,21.83
28978,145,S1,531.0,28.772,21.83
28979,145,S1,534.0,28.648,21.83
28980,145,S1,537.0,28.534,21.83
28981,145,S1,540.0,28.389,21.83
28982,145,S1,543.0,28.385,21.83
28983,145,S1,546.0,28.318,21.83
28984,145,S1,549.0,28.157,21.83
28985,145,S1,552.0,28.084,21.83
28986,145,S1,555.0,28.034,21.83
28987,145,S1,558.0,27.881,21.83
28988,145,S1,561.0,27.911,21.83
28989,145,S1,564.0,27.811,21.83
28990,145,S1,567.0,27.769,21.83
28991,145,S1,570.0,27.612,21.83
28992,145,S1,573.0,27.580,21.83
28993,145,S1,576.0,27.423,21.83
28994,145,S1,579.0,27.462,21.83
28995,145,S1,582.0,27.261,21.83
28996,145,S1,585.0,27.251,21.83
28997,145,S1,588.0,27.247,21.83
28998,145,S1,591.0,27.123,21.83
28999,145,S1,594.0,27.051,21.83
29000,145,S1,597.0,27.056,21.83
29001,146,S2,0.0,71.966,20.40
29002,146,S2,3.0,70.582,20.40
29003,146,S2,6.0,69.240,20.40
29004,146,S2,9.0,67.932,20.40
29005,146,S2,12.0,66.670,20.40
29006,146,S2,15.0,65.411,20.40
29007,146,S2,18.0,64.342,20.40
29008,146,S2,21.0,63.091,20.40
29009,146,S2,24.0,62.008,20.40
29010,146,S2,27.0,60.804,20.40
29011,146,S2,30.0,59.744,20.40
29012,146,S2,33.0,58.639,20.40
29013,146,S2,36.0,57.699,20.40
29014,146,S2,39.0,56.671,20.40
29015,146,S2,42.0,55.660,20.40
29016,146,S2,45.0,54.772,20.40
29017,146,S2,48.0,53.894,20.40
29018,146,S2,51.0,52.853,20.40
29019,146,S2,54.0,52.101,20.40
29020,146,S2,57.0,51.296,20.40
29021,146,S2,60.0,50.466,20.40
29022,146,S2,63.0,49.605,20.40
29023,146,S2,66.0,48.858,20.40
29024,146,S2,69.0,48.138,20.40
29025,146,S2,72.0,47.369,20.40
29026,146,S2,75.0,46.647,20.40
29027,146,S2,78.0,45.937,20.40
29028,146,S2,81.0,45.266,20.40
29029,146,S2,84.0,44.594,20.40
29030,146,S2,87.0,44.056,20.40
29031,146,S2,90.0,43.317,20.40
29032,146,S2,93.0,42.699,20.40
29033,146,S2,96.0,42.113,20.40
29034,146,S2,99.0,41.532,20.40
29035,146,S2,102.0,41.016,20.40
29036,146,S2,105.0,40.478,20.40
29037,146,S2,108.0,39.930,20.40
29038,146,S2,111.0,39.364,20.40
29039,146,S2,114.0,38.934,20.40
29040,146,S2,117.0,38.327,20.40
29041,146,S2,120.0,37.849,20.40
29042,146,S2,123.0,37.409,20.40
29043,146,S2,126.0,37.011,20.40
29044,146,S2,129.0,36.583,20.40
29045,146,S2,132.0,36.177,20.40
29046,146,S2,135.0,35.724,20.40
29047,146,S2,138.0,35.327,20.40
29048,146,S2,141.0,34.813,20.40
29049,146,S2,144.0,34.458,20.40
29050,146,S2,147.0,34.087,20.40
29051,146,S2,150.0,33.742,20.40
29052,146,S2,153.0,33.320,20.40
29053,146,S2,156.0,32.985,20.40
29054,146,S2,159.0,32.676,20.40
29055,146,S2,162.0,32.349,20.40
29056,146,S2,165.0,32.075,20.40
29057,146,S2,168.0,31.715,20.40
29058,146,S2,171.0,31.439,20.40
29059,146,S2,174.0,31.145,20.40
29060,146,S2,177.0,30.876,20.40
29061,146,S2,180.0,30.577,20.40
29062,146,S2,183.0,30.370,20.40
29063,146,S2,186.0,30.057,20.40
29064,146,S2,189.0,29.812,20.40
29065,146,S2,192.0,29.473,20.40
29066,146,S2,195.0,29.330,20.40
29067,146,S2,198.0,29.108,20.40
29068,146,S2,201.0,28.871,20.40
29069,146,S2,204.0,28.625,20.40
29070,146,S2,207.0,28.396,20.40
29071,146,S2,210.0,28.195,20.40
29072,146,S2,213.0,27.903,20.40
29073,146,S2,216.0,27.840,20.40
29074,146,S2,219.0,27.642,20.40
29075,146,S2,222.0,27.327,20.40
29076,146,S2,225.0,27.250,20.40
29077,146,S2,228.0,27.051,20.40
29078,146,S2,231.0,26.784,20.40
29079,146,S2,234.0,26.697,20.40
29080,146,S2,237.0,26.355,20.40
29081,146,S2,240.0,26.397,20.40
29082,146,S2,243.0,26.256,20.40
29083,146,S2,246.0,25.986,20.40
29084,146,S2,249.0,25.828,20.40
29085,146,S2,252.0,25.676,20.40
29086,146,S2,255.0,25.617,20.40
29087,146,S2,258.0,25.454,20.40
29088,146,S2,261.0,25.309,20.40
29089,146,S2,264.0,25.148,20.40
29090,146,S2,267.0,25.039,20.40
29091,146,S2,270.0,24.890,20.40
29092,146,S2,273.0,24.778,20.40
29093,146,S2,276.0,24.702,20.40
29094,146,S2,279.0,24.650,20.40
29095,146,S2,282.0,24.475,20.40
29096,146,S2,285.0,24.392,20.40
29097,146,S2,288.0,24.263,20.40
29098,146,S2,291.0,24.206,20.40
29099,146,S2,294.0,23.990,20.40
29100,146,S2,297.0,24.002,20.40
29101,146,S2,300.0,23.979,20.40
29102,146,S2,303.0,23.780,20.40
29103,146,S2,306.0,23.692,20.40
29104,146,S2,309.0,23.572,20.40
29105,146,S2,312.0,23.486,20.40
29106,146,S2,315.0,23.487,20.40
29107,146,S2,318.0,23.276,20.40
29108,146,S2,321.0,23.245,20.40
29109,146,S2,324.0,23.179,20.40
29110,146,S2,327.0,23.114,20.40
29111,146,S2,330.0,23.122,20.40
29112,146,S2,333.0,22.931,20.40
29113,146,S2,336.0,22.835,20.40
29114,146,S2,339.0,22.802,20.40
29115,146,S2,342.0,22.837,20.40
29116,146,S2,345.0,22.724,20.40
29117,146,S2,348.0,22.677,20.40
29118,146,S2,351.0,22.506,20.40
29119,146,S2,354.0,22.514,20.40
29120,146,S2,357.0,22.511,20.40
29121,146,S2,360.0,22.401,20.40
29122,146,S2,363.0,22.282,20.40
29123,146,S2,366.0,22.256,20.40
29124,146,S2,369.0,22.249,20.40
29125,146,S2,372.0,22.227,20.40
29126,146,S2,375.0,22.083,20.40
29127,146,S2,378.0,22.124,20.40
29128,146,S2,381.0,22.064,20.40
29129,146,S2,384.0,22.060,20.40
29130,146,S2,387.0,22.000,20.40
29131,146,S2,390.0,21.925,20.40
29132,146,S2,393.0,21.754,20.40
29133,146,S2,396.0,21.831,20.40
29134,146,S2,399.0,21.822,20.40
29135,146,S2,402.0,21.871,20.40
29136,146,S2,405.0,21.776,20.40
29137,146,S2,408.0,21.684,20.40
29138,146,S2,411.0,21.631,20.40
29139,146,S2,414.0,21.653,20.40
29140,146,S2,417.0,21.561,20.40
29141,146,S2,420.0,21.582,20.40
29142,146,S2,423.0,21.568,20.40
29143,146,S2,426.0,21.416,20.40
29144,146,S2,429.0,21.569,20.40
29145,146,S2,432.0,21.521,20.40
29146,146,S2,435.0,21.428,20.40
29147,146,S2,438.0,21.427,20.40
29148,146,S2,441.0,21.375,20.40
29149,146,S2,444.0,21.360,20.40
29150,146,S2,447.0,21.382,20.40
29151,146,S2,450.0,21.323,20.40
29152,146,S2,453.0,21.226,20.40
29153,146,S2,456.0,21.337,20.40
29154,146,S2,459.0,21.224,20.40
29155,146,S2,462.0,21.260,20.40
29156,146,S2,465.0,21.177,20.40
29157,146,S2,468.0,21.212,20.40
29158,146,S2,471.0,21.106,20.40
29159,146,S2,474.0,21.081,20.40
29160,146,S2,477.0,21.064,20.40
29161,146,S2,480.0,21.111,20.40
29162,146,S2,483.0,21.060,20.40
29163,146,S2,486.0,21.039,20.40
29164,146,S2,489.0,21.140,20.40
29165,146,S2,492.0,21.077,20.40
29166,146,S2,495.0,20.932,20.40
29167,146,S2,498.0,21.007,20.40
29168,146,S2,501.0,20.983,20.40
29169,146,S2,504.0,20.926,20.40
29170,146,S2,507.0,20.913,20.40
29171,146,S2,510.0,20.937,20.40
29172,146,S2,513.0,20.934,20.40
29173,146,S2,516.0,20.850,20.40
29174,146,S2,519.0,20.806,20.40
29175,146,S2,522.0,20.841,20.40
29176,146,S2,525.0,20.940,20.40
29177,146,S2,528.0,20.867,20.40
29178,146,S2,531.0,20.844,20.40
29179,146,S2,534.0,20.868,20.40
29180,146,S2,537.0,20.792,20.40
29181,146,S2,540.0,20.843,20.40
29182,146,S2,543.0,20.842,20.40
29183,146,S2,546.0,20.687,20.40
29184,146,S2,549.0,20.800,20.40
29185,146,S2,552.0,20.735,20.40
29186,146,S2,555.0,20.728,20.40
29187,146,S2,558.0,20.721,20.40
29188,146,S2,561.0,20.632,20.40
29189,146,S2,564.0,20.715,20.40
29190,146,S2,567.0,20.659,20.40
29191,146,S2,570.0,20.683,20.40
29192,146,S2,573.0,20.621,20.40
29193,146,S2,576.0,20.679,20.40
29194,146,S2,579.0,20.683,20.40
29195,146,S2,582.0,20.680,20.40
29196,146,S2,585.0,20.619,20.40
29197,146,S2,588.0,20.666,20.40
29198,146,S2,591.0,20.654,20.40
29199,146,S2,594.0,20.601,20.40
29200,146,S2,597.0,20.634,20.40
29201,147,S3,0.0,88.431,20.85
29202,147,S3,3.0,87.038,20.85
29203,147,S3,6.0,85.399,20.85
29204,147,S3,9.0,83.863,20.85
29205,147,S3,12.0,82.343,20.85
29206,147,S3,15.0,81.043,20.85
29207,147,S3,18.0,79.599,20.85
29208,147,S3,21.0,78.071,20.85
29209,147,S3,24.0,76.739,20.85
29210,147,S3,27.0,75.469,20.85
29211,147,S3,30.0,74.246,20.85
29212,147,S3,33.0,72.941,20.85
29213,147,S3,36.0,71.760,20.85
29214,147,S3,39.0,70.468,20.85
29215,147,S3,42.0,69.321,20.85
29216,147,S3,45.0,68.193,20.85
29217,147,S3,48.0,67.159,20.85
29218,147,S3,51.0,66.045,20.85
29219,147,S3,54.0,64.864,20.85
29220,147,S3,57.0,63.986,20.85
29221,147,S3,60.0,62.938,20.85
29222,147,S3,63.0,61.864,20.85
29223,147,S3,66.0,60.926,20.85
29224,147,S3,69.0,60.025,20.85
29225,147,S3,72.0,59.011,20.85
29226,147,S3,75.0,58.114,20.85
29227,147,S3,78.0,57.358,20.85
29228,147,S3,81.0,56.413,20.85
29229,147,S3,84.0,55.629,20.85
29230,147,S3,87.0,54.755,20.85
29231,147,S3,90.0,53.960,20.85
29232,147,S3,93.0,53.304,20.85
29233,147,S3,96.0,52.466,20.85
29234,147,S3,99.0,51.690,20.85
29235,147,S3,102.0,50.944,20.85
29236,147,S3,105.0,50.252,20.85
29237,147,S3,108.0,49.534,20.85
29238,147,S3,111.0,48.914,20.85
29239,147,S3,114.0,48.237,20.85
29240,147,S3,117.0,47.594,20.85
29241,147,S3,120.0,46.999,20.85
29242,147,S3,123.0,46.292,20.85
29243,147,S3,126.0,45.726,20.85
29244,147,S3,129.0,45.163,20.85
29245,147,S3,132.0,44.579,20.85
29246,147,S3,135.0,44.039,20.85
29247,147,S3,138.0,43.407,20.85
29248,147,S3,141.0,42.974,20.85
29249,147,S3,144.0,42.507,20.85
29250,147,S3,147.0,41.909,20.85
29251,147,S3,150.0,41.424,20.85
29252,147,S3,153.0,40.912,20.85
29253,147,S3,156.0,40.516,20.85
29254,147,S3,159.0,39.946,20.85
29255,147,S3,162.0,39.556,20.85
29256,147,S3,165.0,39.096,20.85
29257,147,S3,168.0,38.670,20.85
29258,147,S3,171.0,38.200,20.85
29259,147,S3,174.0,37.854,20.85
29260,147,S3,177.0,37.432,20.85
29261,147,S3,180.0,37.007,20.85
29262,147,S3,183.0,36.610,20.85
29263,147,S3,186.0,36.317,20.85
29264,147,S3,189.0,35.908,20.85
29265,147,S3,192.0,35.706,20.85
29266,147,S3,195.0,35.224,20.85
29267,147,S3,198.0,34.954,20.85
29268,147,S3,201.0,34.540,20.85
29269,147,S3,204.0,34.242,20.85
29270,147,S3,207.0,33.830,20.85
29271,147,S3,210.0,33.607,20.85
29272,147,S3,213.0,33.347,20.85
29273,147,S3,216.0,32.978,20.85
29274,147,S3,219.0,32.693,20.85
29275,147,S3,222.0,32.390,20.85
29276,147,S3,225.0,32.128,20.85
29277,147,S3,228.0,31.888,20.85
29278,147,S3,231.0,31.597,20.85
29279,147,S3,234.0,31.342,20.85
29280,147,S3,237.0,31.106,20.85
29281,147,S3,240.0,30.898,20.85
29282,147,S3,243.0,30.686,20.85
29283,147,S3,246.0,30.387,20.85
29284,147,S3,249.0,30.217,20.85
29285,147,S3,252.0,29.928,20.85
29286,147,S3,255.0,29.699,20.85
29287,147,S3,258.0,29.607,20.85
29288,147,S3,261.0,29.339,20.85
29289,147,S3,264.0,29.062,20.85
29290,147,S3,267.0,28.988,20.85
29291,147,S3,270.0,28.713,20.85
29292,147,S3,273.0,28.520,20.85
29293,147,S3,276.0,28.321,20.85
29294,147,S3,279.0,28.356,20.85
29295,147,S3,282.0,28.013,20.85
29296,147,S3,285.0,27.762,20.85
29297,147,S3,288.0,27.733,20.85
29298,147,S3,291.0,27.518,20.85
29299,147,S3,294.0,27.377,20.85
29300,147,S3,297.0,27.153,20.85
29301,147,S3,300.0,27.139,20.85
29302,147,S3,303.0,26.952,20.85
29303,147,S3,306.0,26.785,20.85
29304,147,S3,309.0,26.666,20.85
29305,147,S3,312.0,26.542,20.85
29306,147,S3,315.0,26.302,20.85
29307,147,S3,318.0,26.247,20.85
29308,147,S3,321.0,26.071,20.85
29309,147,S3,324.0,26.008,20.85
29310,147,S3,327.0,25.883,20.85
29311,147,S3,330.0,25.755,20.85
29312,147,S3,333.0,25.651,20.85
29313,147,S3,336.0,25.620,20.85
29314,147,S3,339.0,25.412,20.85
29315,147,S3,342.0,25.385,20.85
29316,147,S3,345.0,25.167,20.85
29317,147,S3,348.0,25.084,20.85
29318,147,S3,351.0,25.001,20.85
29319,147,S3,354.0,24.916,20.85
29320,147,S3,357.0,24.855,20.85
29321,147,S3,360.0,24.713,20.85
29322,147,S3,363.0,24.646,20.85
29323,147,S3,366.0,24.506,20.85
29324,147,S3,369.0,24.483,20.85
29325,147,S3,372.0,24.384,20.85
29326,147,S3,375.0,24.358,20.85
29327,147,S3,378.0,24.259,20.85
29328,147,S3,381.0,24.157,20.85
29329,147,S3,384.0,24.066,20.85
29330,147,S3,387.0,23.950,20.85
29331,147,S3,390.0,23.890,20.85
29332,147,S3,393.0,23.794,20.85
29333,147,S3,396.0,23.872,20.85
29334,147,S3,399.0,23.678,20.85
29335,147,S3,402.0,23.593,20.85
29336,147,S3,405.0,23.549,20.85
29337,147,S3,408.0,23.510,20.85
29338,147,S3,411.0,23.468,20.85
29339,147,S3,414.0,23.402,20.85
29340,147,S3,417.0,23.312,20.85
29341,147,S3,420.0,23.247,20.85
29342,147,S3,423.0,23.074,20.85
29343,147,S3,426.0,23.178,20.85
29344,147,S3,429.0,23.126,20.85
29345,147,S3,432.0,23.053,20.85
29346,147,S3,435.0,23.003,20.85
29347,147,S3,438.0,22.942,20.85
29348,147,S3,441.0,22.906,20.85
29349,147,S3,444.0,22.894,20.85
29350,147,S3,447.0,22.817,20.85
29351,147,S3,450.0,22.701,20.85
29352,147,S3,453.0,22.650,20.85
29353,147,S3,456.0,22.581,20.85
29354,147,S3,459.0,22.700,20.85
29355,147,S3,462.0,22.608,20.85
29356,147,S3,465.0,22.526,20.85
29357,147,S3,468.0,22.432,20.85
29358,147,S3,471.0,22.444,20.85
29359,147,S3,474.0,22.513,20.85
29360,147,S3,477.0,22.478,20.85
29361,147,S3,480.0,22.368,20.85
29362,147,S3,483.0,22.347,20.85
29363,147,S3,486.0,22.317,20.85
29364,147,S3,489.0,22.264,20.85
29365,147,S3,492.0,22.203,20.85
29366,147,S3,495.0,22.198,20.85
29367,147,S3,498.0,22.145,20.85
29368,147,S3,501.0,22.095,20.85
29369,147,S3,504.0,22.073,20.85
29370,147,S3,507.0,22.056,20.85
29371,147,S3,510.0,21.948,20.85
29372,147,S3,513.0,21.944,20.85
29373,147,S3,516.0,21.954,20.85
29374,147,S3,519.0,21.983,20.85
29375,147,S3,522.0,22.017,20.85
29376,147,S3,525.0,21.896,20.85
29377,147,S3,528.0,21.821,20.85
29378,147,S3,531.0,21.924,20.85
29379,147,S3,534.0,21.895,20.85
29380,147,S3,537.0,21.752,20.85
29381,147,S3,540.0,21.802,20.85
29382,147,S3,543.0,21.754,20.85
29383,147,S3,546.0,21.640,20.85
29384,147,S3,549.0,21.695,20.85
29385,147,S3,552.0,21.585,20.85
29386,147,S3,555.0,21.688,20.85
29387,147,S3,558.0,21.707,20.85
29388,147,S3,561.0,21.658,20.85
29389,147,S3,564.0,21.616,20.85
29390,147,S3,567.0,21.617,20.85
29391,147,S3,570.0,21.471,20.85
29392,147,S3,573.0,21.562,20.85
29393,147,S3,576.0,21.625,20.85
29394,147,S3,579.0,21.563,20.85
29395,147,S3,582.0,21.547,20.85
29396,147,S3,585.0,21.549,20.85
29397,147,S3,588.0,21.474,20.85
29398,147,S3,591.0,21.528,20.85
29399,147,S3,594.0,21.491,20.85
29400,147,S3,597.0,21.556,20.85
29401,148,S4,0.0,77.175,20.68
29402,148,S4,3.0,75.729,20.68
29403,148,S4,6.0,74.299,20.68
29404,148,S4,9.0,72.881,20.68
29405,148,S4,12.0,71.514,20.68
29406,148,S4,15.0,70.377,20.68
29407,148,S4,18.0,69.009,20.68
29408,148,S4,21.0,67.724,20.68
29409,148,S4,24.0,66.490,20.68
29410,148,S4,27.0,65.320,20.68
29411,148,S4,30.0,64.203,20.68
29412,148,S4,33.0,63.180,20.68
29413,148,S4,36.0,62.047,20.68
29414,148,S4,39.0,60.954,20.68
29415,148,S4,42.0,59.884,20.68
29416,148,S4,45.0,59.003,20.68
29417,148,S4,48.0,57.988,20.68
29418,148,S4,51.0,57.011,20.68
29419,148,S4,54.0,56.133,20.68
29420,148,S4,57.0,55.262,20.68
29421,148,S4,60.0,54.153,20.68
29422,148,S4,63.0,53.432,20.68
29423,148,S4,66.0,52.624,20.68
29424,148,S4,69.0,51.716,20.68
29425,148,S4,72.0,50.896,20.68
29426,148,S4,75.0,50.165,20.68
29427,148,S4,78.0,49.412,20.68
29428,148,S4,81.0,48.660,20.68
29429,148,S4,84.0,47.975,20.68
29430,148,S4,87.0,47.206,20.68
29431,148,S4,90.0,46.629,20.68
29432,148,S4,93.0,45.894,20.68
29433,148,S4,96.0,45.246,20.68
29434,148,S4,99.0,44.589,20.68
29435,148,S4,102.0,43.941,20.68
29436,148,S4,105.0,43.396,20.68
29437,148,S4,108.0,42.872,20.68
29438,148,S4,111.0,42.242,20.68
29439,148,S4,114.0,41.665,20.68
29440,148,S4,117.0,41.142,20.68
29441,148,S4,120.0,40.648,20.68
29442,148,S4,123.0,40.095,20.68
29443,148,S4,126.0,39.565,20.68
29444,148,S4,129.0,39.156,20.68
29445,148,S4,132.0,38.793,20.68
29446,148,S4,135.0,38.161,20.68
29447,148,S4,138.0,37.708,20.68
29448,148,S4,141.0,37.249,20.68
29449,148,S4,144.0,36.923,20.68
29450,148,S4,147.0,36.472,20.68
29451,148,S4,150.0,36.103,20.68
29452,148,S4,153.0,35.648,20.68
29453,148,S4,156.0,35.297,20.68
29454,148,S4,159.0,34.854,20.68
29455,148,S4,162.0,34.537,20.68
29456,148,S4,165.0,34.209,20.68
29457,148,S4,168.0,33.851,20.68
29458,148,S4,171.0,33.522,20.68
29459,148,S4,174.0,33.169,20.68
29460,148,S4,177.0,32.847,20.68
29461,148,S4,180.0,32.533,20.68
29462,148,S4,183.0,32.213,20.68
29463,148,S4,186.0,31.931,20.68
29464,148,S4,189.0,31.615,20.68
29465,148,S4,192.0,31.338,20.68
29466,148,S4,195.0,31.046,20.68
29467,148,S4,198.0,30.745,20.68
29468,148,S4,201.0,30.696,20.68
29469,148,S4,204.0,30.334,20.68
29470,148,S4,207.0,30.002,20.68
29471,148,S4,210.0,29.806,20.68
29472,148,S4,213.0,29.581,20.68
29473,148,S4,216.0,29.345,20.68
29474,148,S4,219.0,29.109,20.68
29475,148,S4,222.0,28.958,20.68
29476,148,S4,225.0,28.765,20.68
29477,148,S4,228.0,28.542,20.68
29478,148,S4,231.0,28.186,20.68
29479,148,S4,234.0,28.053,20.68
29480,148,S4,237.0,27.812,20.68
29481,148,S4,240.0,27.768,20.68
29482,148,S4,243.0,27.610,20.68
29483,148,S4,246.0,27.406,20.68
29484,148,S4,249.0,27.221,20.68
29485,148,S4,252.0,27.005,20.68
29486,148,S4,255.0,26.859,20.68
29487,148,S4,258.0,26.817,20.68
29488,148,S4,261.0,26.594,20.68
29489,148,S4,264.0,26.359,20.68
29490,148,S4,267.0,26.317,20.68
29491,148,S4,270.0,26.082,20.68
29492,148,S4,273.0,25.956,20.68
29493,148,S4,276.0,25.835,20.68
29494,148,S4,279.0,25.727,20.68
29495,148,S4,282.0,25.543,20.68
29496,148,S4,285.0,25.477,20.68
29497,148,S4,288.0,25.278,20.68
29498,148,S4,291.0,25.250,20.68
29499,148,S4,294.0,25.221,20.68
29500,148,S4,297.0,25.054,20.68
29501,148,S4,300.0,24.881,20.68
29502,148,S4,303.0,24.804,20.68
29503,148,S4,306.0,24.637,20.68
29504,148,S4,309.0,24.559,20.68
29505,148,S4,312.0,24.426,20.68
29506,148,S4,315.0,24.385,20.68
29507,148,S4,318.0,24.189,20.68
29508,148,S4,321.0,24.156,20.68
29509,148,S4,324.0,24.077,20.68
29510,148,S4,327.0,24.029,20.68
29511,148,S4,330.0,23.853,20.68
29512,148,S4,333.0,23.814,20.68
29513,148,S4,336.0,23.688,20.68
29514,148,S4,339.0,23.754,20.68
29515,148,S4,342.0,23.677,20.68
29516,148,S4,345.0,23.489,20.68
29517,148,S4,348.0,23.525,20.68
29518,148,S4,351.0,23.349,20.68
29519,148,S4,354.0,23.336,20.68
29520,148,S4,357.0,23.205,20.68
29521,148,S4,360.0,23.210,20.68
29522,148,S4,363.0,23.107,20.68
29523,148,S4,366.0,23.039,20.68
29524,148,S4,369.0,23.022,20.68
29525,148,S4,372.0,22.911,20.68
29526,148,S4,375.0,22.894,20.68
29527,148,S4,378.0,22.876,20.68
29528,148,S4,381.0,22.667,20.68
29529,148,S4,384.0,22.681,20.68
29530,148,S4,387.0,22.575,20.68
29531,148,S4,390.0,22.639,20.68
29532,148,S4,393.0,22.631,20.68
29533,148,S4,396.0,22.465,20.68
29534,148,S4,399.0,22.503,20.68
29535,148,S4,402.0,22.389,20.68
29536,148,S4,405.0,22.449,20.68
29537,148,S4,408.0,22.373,20.68
29538,148,S4,411.0,22.354,20.68
29539,148,S4,414.0,22.262,20.68
29540,148,S4,417.0,22.212,20.68
29541,148,S4,420.0,22.059,20.68
29542,148,S4,423.0,22.111,20.68
29543,148,S4,426.0,22.028,20.68
29544,148,S4,429.0,22.075,20.68
29545,148,S4,432.0,21.991,20.68
29546,148,S4,435.0,21.944,20.68
29547,148,S4,438.0,21.964,20.68
29548,148,S4,441.0,22.003,20.68
29549,148,S4,444.0,21.850,20.68
29550,148,S4,447.0,21.861,20.68
29551,148,S4,450.0,21.823,20.68
29552,148,S4,453.0,21.701,20.68
29553,148,S4,456.0,21.762,20.68
29554,148,S4,459.0,21.728,20.68
29555,148,S4,462.0,21.708,20.68
29556,148,S4,465.0,21.690,20.68
29557,148,S4,468.0,21.584,20.68
29558,148,S4,471.0,21.627,20.68
29559,148,S4,474.0,21.587,20.68
29560,148,S4,477.0,21.533,20.68
29561,148,S4,480.0,21.542,20.68
29562,148,S4,483.0,21.560,20.68
29563,148,S4,486.0,21.512,20.68
29564,148,S4,489.0,21.495,20.68
29565,148,S4,492.0,21.406,20.68
29566,148,S4,495.0,21.270,20.68
29567,148,S4,498.0,21.457,20.68
29568,148,S4,501.0,21.383,20.68
29569,148,S4,504.0,21.389,20.68
29570,148,S4,507.0,21.395,20.68
29571,148,S4,510.0,21.433,20.68
29572,148,S4,513.0,21.330,20.68
29573,148,S4,516.0,21.325,20.68
29574,148,S4,519.0,21.303,20.68
29575,148,S4,522.0,21.301,20.68
29576,148,S4,525.0,21.296,20.68
29577,148,S4,528.0,21.197,20.68
29578,148,S4,531.0,21.243,20.68
29579,148,S4,534.0,21.229,20.68
29580,148,S4,537.0,21.266,20.68
29581,148,S4,540.0,21.142,20.68
29582,148,S4,543.0,21.188,20.68
29583,148,S4,546.0,21.259,20.68
29584,148,S4,549.0,21.126,20.68
29585,148,S4,552.0,21.193,20.68
29586,148,S4,555.0,21.060,20.68
29587,148,S4,558.0,21.182,20.68
29588,148,S4,561.0,21.083,20.68
29589,148,S4,564.0,21.204,20.68
29590,148,S4,567.0,21.038,20.68
29591,148,S4,570.0,21.065,20.68
29592,148,S4,573.0,21.079,20.68
29593,148,S4,576.0,21.024,20.68
29594,148,S4,579.0,21.056,20.68
29595,148,S4,582.0,21.108,20.68
29596,148,S4,585.0,21.087,20.68
29597,148,S4,588.0,21.083,20.68
29598,148,S4,591.0,20.967,20.68
29599,148,S4,594.0,20.917,20.68
29600,148,S4,597.0,21.047,20.68
29601,149,S1,0.0,84.423,20.65
29602,149,S1,3.0,83.170,20.65
29603,149,S1,6.0,81.731,20.65
29604,149,S1,9.0,80.399,20.65
29605,149,S1,12.0,79.142,20.65
29606,149,S1,15.0,77.834,20.65
29607,149,S1,18.0,76.609,20.65
29608,149,S1,21.0,75.422,20.65
29609,149,S1,24.0,74.237,20.65
29610,149,S1,27.0,73.147,20.65
29611,149,S1,30.0,71.850,20.65
29612,149,S1,33.0,70.816,20.65
29613,149,S1,36.0,69.813,20.65
29614,149,S1,39.0,68.690,20.65
29615,149,S1,42.0,67.725,20.65
29616,149,S1,45.0,66.679,20.65
29617,149,S1,48.0,65.708,20.65
29618,149,S1,51.0,64.666,20.65
29619,149,S1,54.0,63.726,20.65
29620,149,S1,57.0,62.907,20.65
29621,149,S1,60.0,61.939,20.65
29622,149,S1,63.0,60.961,20.65
29623,149,S1,66.0,60.175,20.65
29624,149,S1,69.0,59.384,20.65
29625,149,S1,72.0,58.544,20.65
29626,149,S1,75.0,57.598,20.65
29627,149,S1,78.0,56.773,20.65
29628,149,S1,81.0,56.084,20.65
29629,149,S1,84.0,55.405,20.65
29630,149,S1,87.0,54.578,20.65
29631,149,S1,90.0,53.784,20.65
29632,149,S1,93.0,53.162,20.65
29633,149,S1,96.0,52.446,20.65
29634,149,S1,99.0,51.758,20.65
29635,149,S1,102.0,51.113,20.65
29636,149,S1,105.0,50.416,20.65
29637,149,S1,108.0,49.888,20.65
29638,149,S1,111.0,49.121,20.65
29639,149,S1,114.0,48.436,20.65
29640,149,S1,117.0,48.020,20.65
29641,149,S1,120.0,47.376,20.65
29642,149,S1,123.0,46.921,20.65
29643,149,S1,126.0,46.247,20.65
29644,149,S1,129.0,45.734,20.65
29645,149,S1,132.0,45.123,20.65
29646,149,S1,135.0,44.665,20.65
29647,149,S1,138.0,44.098,20.65
29648,149,S1,141.0,43.529,20.65
29649,149,S1,144.0,43.127,20.65
29650,149,S1,147.0,42.498,20.65
29651,149,S1,150.0,42.198,20.65
29652,149,S1,153.0,41.676,20.65
29653,149,S1,156.0,41.175,20.65
29654,149,S1,159.0,40.785,20.65
29655,149,S1,162.0,40.324,20.65
29656,149,S1,165.0,39.915,20.65
29657,149,S1,168.0,39.524,20.65
29658,149,S1,171.0,39.157,20.65
29659,149,S1,174.0,38.650,20.65
29660,149,S1,177.0,38.346,20.65
29661,149,S1,180.0,37.948,20.65
29662,149,S1,183.0,37.523,20.65
29663,149,S1,186.0,37.248,20.65
29664,149,S1,189.0,36.870,20.65
29665,149,S1,192.0,36.555,20.65
29666,149,S1,195.0,36.174,20.65
29667,149,S1,198.0,35.860,20.65
29668,149,S1,201.0,35.431,20.65
29669,149,S1,204.0,35.140,20.65
29670,149,S1,207.0,34.867,20.65
29671,149,S1,210.0,34.606,20.65
29672,149,S1,213.0,34.199,20.65
29673,149,S1,216.0,34.006,20.65
29674,149,S1,219.0,33.661,20.65
29675,149,S1,222.0,33.446,20.65
29676,149,S1,225.0,33.154,20.65
29677,149,S1,228.0,32.859,20.65
29678,149,S1,231.0,32.587,20.65
29679,149,S1,234.0,32.348,20.65
29680,149,S1,237.0,32.178,20.65
29681,149,S1,240.0,31.795,20.65
29682,149,S1,243.0,31.689,20.65
29683,149,S1,246.0,31.412,20.65
29684,149,S1,249.0,31.127,20.65
29685,149,S1,252.0,30.990,20.65
29686,149,S1,255.0,30.759,20.65
29687,149,S1,258.0,30.430,20.65
29688,149,S1,261.0,30.273,20.65
29689,149,S1,264.0,30.041,20.65
29690,149,S1,267.0,29.829,20.65
29691,149,S1,270.0,29.646,20.65
29692,149,S1,273.0,29.419,20.65
29693,149,S1,276.0,29.264,20.65
29694,149,S1,279.0,29.114,20.65
29695,149,S1,282.0,28.874,20.65
29696,149,S1,285.0,28.753,20.65
29697,149,S1,288.0,28.447,20.65
29698,149,S1,291.0,28.281,20.65
29699,149,S1,294.0,28.114,20.65
29700,149,S1,297.0,28.132,20.65
29701,149,S1,300.0,27.769,20.65
29702,149,S1,303.0,27.774,20.65
29703,149,S1,306.0,27.530,20.65
29704,149,S1,309.0,27.406,20.65
29705,149,S1,312.0,27.230,20.65
29706,149,S1,315.0,27.202,20.65
29707,149,S1,318.0,26.920,20.65
29708,149,S1,321.0,26.740,20.65
29709,149,S1,324.0,26.775,20.65
29710,149,S1,327.0,26.534,20.65
29711,149,S1,330.0,26.413,20.65
29712,149,S1,333.0,26.317,20.65
29713,149,S1,336.0,26.283,20.65
29714,149,S1,339.0,26.071,20.65
29715,149,S1,342.0,26.015,20.65
29716,149,S1,345.0,25.863,20.65
29717,149,S1,348.0,25.740,20.65
29718,149,S1,351.0,25.643,20.65
29719,149,S1,354.0,25.592,20.65
29720,149,S1,357.0,25.386,20.65
29721,149,S1,360.0,25.336,20.65
29722,149,S1,363.0,25.257,20.65
29723,149,S1,366.0,25.136,20.65
29724,149,S1,369.0,25.053,20.65
29725,149,S1,372.0,24.871,20.65
29726,149,S1,375.0,24.904,20.65
29727,149,S1,378.0,24.773,20.65
29728,149,S1,381.0,24.747,20.65
29729,149,S1,384.0,24.590,20.65
29730,149,S1,387.0,24.465,20.65
29731,149,S1,390.0,24.349,20.65
29732,149,S1,393.0,24.326,20.65
29733,149,S1,396.0,24.200,20.65
29734,149,S1,399.0,24.180,20.65
29735,149,S1,402.0,24.108,20.65
29736,149,S1,405.0,23.968,20.65
29737,149,S1,408.0,23.994,20.65
29738,149,S1,411.0,23.813,20.65
29739,149,S1,414.0,23.835,20.65
29740,149,S1,417.0,23.752,20.65
29741,149,S1,420.0,23.711,20.65
29742,149,S1,423.0,23.674,20.65
29743,149,S1,426.0,23.545,20.65
29744,149,S1,429.0,23.461,20.65
29745,149,S1,432.0,23.476,20.65
29746,149,S1,435.0,23.359,20.65
29747,149,S1,438.0,23.368,20.65
29748,149,S1,441.0,23.246,20.65
29749,149,S1,444.0,23.276,20.65
29750,149,S1,447.0,23.120,20.65
29751,149,S1,450.0,23.149,20.65
29752,149,S1,453.0,23.017,20.65
29753,149,S1,456.0,22.960,20.65
29754,149,S1,459.0,22.944,20.65
29755,149,S1,462.0,22.882,20.65
29756,149,S1,465.0,22.831,20.65
29757,149,S1,468.0,22.796,20.65
29758,149,S1,471.0,22.739,20.65
29759,149,S1,474.0,22.752,20.65
29760,149,S1,477.0,22.724,20.65
29761,149,S1,480.0,22.611,20.65
29762,149,S1,483.0,22.530,20.65
29763,149,S1,486.0,22.479,20.65
29764,149,S1,489.0,22.519,20.65
29765,149,S1,492.0,22.457,20.65
29766,149,S1,495.0,22.397,20.65
29767,149,S1,498.0,22.356,20.65
29768,149,S1,501.0,22.332,20.65
29769,149,S1,504.0,22.328,20.65
29770,149,S1,507.0,22.258,20.65
29771,149,S1,510.0,22.286,20.65
29772,149,S1,513.0,22.275,20.65
29773,149,S1,516.0,22.126,20.65
29774,149,S1,519.0,22.085,20.65
29775,149,S1,522.0,22.097,20.65
29776,149,S1,525.0,21.954,20.65
29777,149,S1,528.0,22.023,20.65
29778,149,S1,531.0,21.989,20.65
29779,149,S1,534.0,21.952,20.65
29780,149,S1,537.0,21.881,20.65
29781,149,S1,540.0,21.885,20.65
29782,149,S1,543.0,21.846,20.65
29783,149,S1,546.0,21.881,20.65
29784,149,S1,549.0,21.798,20.65
29785,149,S1,552.0,21.825,20.65
29786,149,S1,555.0,21.795,20.65
29787,149,S1,558.0,21.724,20.65
29788,149,S1,561.0,21.659,20.65
29789,149,S1,564.0,21.666,20.65
29790,149,S1,567.0,21.738,20.65
29791,149,S1,570.0,21.709,20.65
29792,149,S1,573.0,21.688,20.65
29793,149,S1,576.0,21.639,20.65
29794,149,S1,579.0,21.631,20.65
29795,149,S1,582.0,21.634,20.65
29796,149,S1,585.0,21.596,20.65
29797,149,S1,588.0,21.523,20.65
29798,149,S1,591.0,21.566,20.65
29799,149,S1,594.0,21.465,20.65
29800,149,S1,597.0,21.524,20.65
29801,150,S2,0.0,82.794,21.88
29802,150,S2,3.0,80.744,21.88
29803,150,S2,6.0,78.894,21.88
29804,150,S2,9.0,76.961,21.88
29805,150,S2,12.0,75.257,21.88
29806,150,S2,15.0,73.593,21.88
29807,150,S2,18.0,71.836,21.88
29808,150,S2,21.0,70.161,21.88
29809,150,S2,24.0,68.686,21.88
29810,150,S2,27.0,67.180,21.88
29811,150,S2,30.0,65.812,21.88
29812,150,S2,33.0,64.248,21.88
29813,150,S2,36.0,62.963,21.88
29814,150,S2,39.0,61.649,21.88
29815,150,S2,42.0,60.322,21.88
29816,150,S2,45.0,59.049,21.88
29817,150,S2,48.0,57.840,21.88
29818,150,S2,51.0,56.700,21.88
29819,150,S2,54.0,55.633,21.88
29820,150,S2,57.0,54.666,21.88
29821,150,S2,60.0,53.427,21.88
29822,150,S2,63.0,52.389,21.88
29823,150,S2,66.0,51.476,21.88
29824,150,S2,69.0,50.506,21.88
29825,150,S2,72.0,49.578,21.88
29826,150,S2,75.0,48.797,21.88
29827,150,S2,78.0,47.869,21.88
29828,150,S2,81.0,46.949,21.88
29829,150,S2,84.0,46.168,21.88
29830,150,S2,87.0,45.470,21.88
29831,150,S2,90.0,44.694,21.88
29832,150,S2,93.0,43.941,21.88
29833,150,S2,96.0,43.288,21.88
29834,150,S2,99.0,42.436,21.88
29835,150,S2,102.0,41.869,21.88
29836,150,S2,105.0,41.186,21.88
29837,150,S2,108.0,40.577,21.88
29838,150,S2,111.0,39.987,21.88
29839,150,S2,114.0,39.337,21.88
29840,150,S2,117.0,38.761,21.88
29841,150,S2,120.0,38.218,21.88
29842,150,S2,123.0,37.817,21.88
29843,150,S2,126.0,37.275,21.88
29844,150,S2,129.0,36.751,21.88
29845,150,S2,132.0,36.229,21.88
29846,150,S2,135.0,35.825,21.88
29847,150,S2,138.0,35.446,21.88
29848,150,S2,141.0,34.946,21.88
29849,150,S2,144.0,34.495,21.88
29850,150,S2,147.0,33.997,21.88
29851,150,S2,150.0,33.735,21.88
29852,150,S2,153.0,33.281,21.88
29853,150,S2,156.0,32.950,21.88
29854,150,S2,159.0,32.587,21.88
29855,150,S2,162.0,32.207,21.88
29856,150,S2,165.0,31.943,21.88
29857,150,S2,168.0,31.682,21.88
29858,150,S2,171.0,31.349,21.88
29859,150,S2,174.0,31.109,21.88
29860,150,S2,177.0,30.652,21.88
29861,150,S2,180.0,30.477,21.88
29862,150,S2,183.0,30.101,21.88
29863,150,S2,186.0,29.802,21.88
29864,150,S2,189.0,29.608,21.88
29865,150,S2,192.0,29.355,21.88
29866,150,S2,195.0,29.070,21.88
29867,150,S2,198.0,28.865,21.88
29868,150,S2,201.0,28.708,21.88
29869,150,S2,204.0,28.426,21.88
29870,150,S2,207.0,28.222,21.88
29871,150,S2,210.0,28.050,21.88
29872,150,S2,213.0,27.836,21.88
29873,150,S2,216.0,27.629,21.88
29874,150,S2,219.0,27.382,21.88
29875,150,S2,222.0,27.304,21.88
29876,150,S2,225.0,27.133,21.88
29877,150,S2,228.0,26.934,21.88
29878,150,S2,231.0,26.681,21.88
29879,150,S2,234.0,26.634,21.88
29880,150,S2,237.0,26.485,21.88
29881,150,S2,240.0,26.288,21.88
29882,150,S2,243.0,26.127,21.88
29883,150,S2,246.0,25.965,21.88
29884,150,S2,249.0,25.787,21.88
29885,150,S2,252.0,25.795,21.88
29886,150,S2,255.0,25.704,21.88
29887,150,S2,258.0,25.533,21.88
29888,150,S2,261.0,25.381,21.88
29889,150,S2,264.0,25.356,21.88
29890,150,S2,267.0,25.259,21.88
29891,150,S2,270.0,25.047,21.88
29892,150,S2,273.0,24.923,21.88
29893,150,S2,276.0,24.993,21.88
29894,150,S2,279.0,24.731,21.88
29895,150,S2,282.0,24.689,21.88
29896,150,S2,285.0,24.645,21.88
29897,150,S2,288.0,24.555,21.88
29898,150,S2,291.0,24.447,21.88
29899,150,S2,294.0,24.350,21.88
29900,150,S2,297.0,24.212,21.88
29901,150,S2,300.0,24.110,21.88
29902,150,S2,303.0,24.124,21.88
29903,150,S2,306.0,24.007,21.88
29904,150,S2,309.0,23.975,21.88
29905,150,S2,312.0,23.927,21.88
29906,150,S2,315.0,23.906,21.88
29907,150,S2,318.0,23.757,21.88
29908,150,S2,321.0,23.690,21.88
29909,150,S2,324.0,23.561,21.88
29910,150,S2,327.0,23.514,21.88
29911,150,S2,330.0,23.576,21.88
29912,150,S2,333.0,23.419,21.88
29913,150,S2,336.0,23.403,21.88
29914,150,S2,339.0,23.383,21.88
29915,150,S2,342.0,23.245,21.88
29916,150,S2,345.0,23.257,21.88
29917,150,S2,348.0,23.230,21.88
29918,150,S2,351.0,23.236,21.88
29919,150,S2,354.0,23.054,21.88
29920,150,S2,357.0,23.246,21.88
29921,150,S2,360.0,23.058,21.88
29922,150,S2,363.0,23.058,21.88
29923,150,S2,366.0,23.090,21.88
29924,150,S2,369.0,22.988,21.88
29925,150,S2,372.0,22.938,21.88
29926,150,S2,375.0,22.915,21.88
29927,150,S2,378.0,22.901,21.88
29928,150,S2,381.0,22.886,21.88
29929,150,S2,384.0,22.744,21.88
29930,150,S2,387.0,22.734,21.88
29931,150,S2,390.0,22.761,21.88
29932,150,S2,393.0,22.653,21.88
29933,150,S2,396.0,22.651,21.88
29934,150,S2,399.0,22.630,21.88
29935,150,S2,402.0,22.664,21.88
29936,150,S2,405.0,22.568,21.88
29937,150,S2,408.0,22.647,21.88
29938,150,S2,411.0,22.530,21.88
29939,150,S2,414.0,22.498,21.88
29940,150,S2,417.0,22.535,21.88
29941,150,S2,420.0,22.461,21.88
29942,150,S2,423.0,22.499,21.88
29943,150,S2,426.0,22.436,21.88
29944,150,S2,429.0,22.427,21.88
29945,150,S2,432.0,22.399,21.88
29946,150,S2,435.0,22.399,21.88
29947,150,S2,438.0,22.278,21.88
29948,150,S2,441.0,22.391,21.88
29949,150,S2,444.0,22.350,21.88
29950,150,S2,447.0,22.362,21.88
29951,150,S2,450.0,22.344,21.88
29952,150,S2,453.0,22.381,21.88
29953,150,S2,456.0,22.316,21.88
29954,150,S2,459.0,22.230,21.88
29955,150,S2,462.0,22.208,21.88
29956,150,S2,465.0,22.329,21.88
29957,150,S2,468.0,22.255,21.88
29958,150,S2,471.0,22.227,21.88
29959,150,S2,474.0,22.162,21.88
29960,150,S2,477.0,22.253,21.88
29961,150,S2,480.0,22.238,21.88
29962,150,S2,483.0,22.248,21.88
29963,150,S2,486.0,22.083,21.88
29964,150,S2,489.0,22.142,21.88
29965,150,S2,492.0,22.205,21.88
29966,150,S2,495.0,22.148,21.88
29967,150,S2,498.0,22.118,21.88
29968,150,S2,501.0,22.156,21.88
29969,150,S2,504.0,22.220,21.88
29970,150,S2,507.0,22.127,21.88
29971,150,S2,510.0,22.075,21.88
29972,150,S2,513.0,22.163,21.88
29973,150,S2,516.0,22.039,21.88
29974,150,S2,519.0,22.143,21.88
29975,150,S2,522.0,22.102,21.88
29976,150,S2,525.0,22.106,21.88
29977,150,S2,528.0,22.032,21.88
29978,150,S2,531.0,22.060,21.88
29979,150,S2,534.0,22.079,21.88
29980,150,S2,537.0,22.105,21.88
29981,150,S2,540.0,22.006,21.88
29982,150,S2,543.0,21.962,21.88
29983,150,S2,546.0,22.016,21.88
29984,150,S2,549.0,21.976,21.88
29985,150,S2,552.0,22.027,21.88
29986,150,S2,555.0,22.099,21.88
29987,150,S2,558.0,22.019,21.88
29988,150,S2,561.0,21.996,21.88
29989,150,S2,564.0,22.055,21.88
29990,150,S2,567.0,21.994,21.88
29991,150,S2,570.0,21.997,21.88
29992,150,S2,573.0,22.046,21.88
29993,150,S2,576.0,22.004,21.88
29994,150,S2,579.0,22.018,21.88
