measurement_id,run_id,sensor_id,t_seconds,temperature_c,ambient_c
64988,325,S1,561.0,21.952,21.73
64989,325,S1,564.0,21.981,21.73
64990,325,S1,567.0,22.084,21.73
64991,325,S1,570.0,21.992,21.73
64992,325,S1,573.0,22.072,21.73
64993,325,S1,576.0,21.920,21.73
64994,325,S1,579.0,21.942,21.73
64995,325,S1,582.0,21.998,21.73
64996,325,S1,585.0,21.896,21.73
64997,325,S1,588.0,21.908,21.73
64998,325,S1,591.0,22.036,21.73
64999,325,S1,594.0,21.933,21.73
65000,325,S1,597.0,21.910,21.73
65001,326,S2,0.0,80.449,20.07
65002,326,S2,3.0,79.070,20.07
65003,326,S2,6.0,77.672,20.07
65004,326,S2,9.0,76.367,20.07
65005,326,S2,12.0,75.037,20.07
65006,326,S2,15.0,73.662,20.07
65007,326,S2,18.0,72.390,20.07
65008,326,S2,21.0,71.169,20.07
65009,326,S2,24.0,70.023,20.07
65010,326,S2,27.0,68.807,20.07
65011,326,S2,30.0,67.649,20.07
65012,326,S2,33.0,66.500,20.07
65013,326,S2,36.0,65.363,20.07
65014,326,S2,39.0,64.262,20.07
65015,326,S2,42.0,63.329,20.07
65016,326,S2,45.0,62.327,20.07
65017,326,S2,48.0,61.269,20.07
65018,326,S2,51.0,60.307,20.07
65019,326,S2,54.0,59.381,20.07
65020,326,S2,57.0,58.251,20.07
65021,326,S2,60.0,57.468,20.07
65022,326,S2,63.0,56.676,20.07
65023,326,S2,66.0,55.694,20.07
65024,326,S2,69.0,54.883,20.07
65025,326,S2,72.0,54.029,20.07
65026,326,S2,75.0,53.260,20.07
65027,326,S2,78.0,52.542,20.07
65028,326,S2,81.0,51.716,20.07
65029,326,S2,84.0,50.928,20.07
65030,326,S2,87.0,50.346,20.07
65031,326,S2,90.0,49.570,20.07
65032,326,S2,93.0,48.823,20.07
65033,326,S2,96.0,48.214,20.07
65034,326,S2,99.0,47.418,20.07
65035,326,S2,102.0,46.834,20.07
65036,326,S2,105.0,46.200,20.07
65037,326,S2,108.0,45.535,20.07
65038,326,S2,111.0,45.015,20.07
65039,326,S2,114.0,44.425,20.07
65040,326,S2,117.0,43.794,20.07
65041,326,S2,120.0,43.200,20.07
65042,326,S2,123.0,42.749,20.07
65043,326,S2,126.0,42.315,20.07
65044,326,S2,129.0,41.676,20.07
65045,326,S2,132.0,41.147,20.07
65046,326,S2,135.0,40.623,20.07
65047,326,S2,138.0,40.148,20.07
65048,326,S2,141.0,39.635,20.07
65049,326,S2,144.0,39.189,20.07
65050,326,S2,147.0,38.716,20.07
65051,326,S2,150.0,38.260,20.07
65052,326,S2,153.0,37.812,20.07
65053,326,S2,156.0,37.449,20.07
65054,326,S2,159.0,36.955,20.07
65055,326,S2,162.0,36.683,20.07
65056,326,S2,165.0,36.231,20.07
65057,326,S2,168.0,35.818,20.07
65058,326,S2,171.0,35.533,20.07
65059,326,S2,174.0,35.072,20.07
65060,326,S2,177.0,34.869,20.07
65061,326,S2,180.0,34.407,20.07
65062,326,S2,183.0,34.164,20.07
65063,326,S2,186.0,33.798,20.07
65064,326,S2,189.0,33.454,20.07
65065,326,S2,192.0,33.067,20.07
65066,326,S2,195.0,32.805,20.07
65067,326,S2,198.0,32.440,20.07
65068,326,S2,201.0,32.298,20.07
65069,326,S2,204.0,31.859,20.07
65070,326,S2,207.0,31.597,20.07
65071,326,S2,210.0,31.387,20.07
65072,326,S2,213.0,31.020,20.07
65073,326,S2,216.0,30.870,20.07
65074,326,S2,219.0,30.637,20.07
65075,326,S2,222.0,30.444,20.07
65076,326,S2,225.0,30.094,20.07
65077,326,S2,228.0,29.836,20.07
65078,326,S2,231.0,29.682,20.07
65079,326,S2,234.0,29.431,20.07
65080,326,S2,237.0,29.144,20.07
65081,326,S2,240.0,28.944,20.07
65082,326,S2,243.0,28.779,20.07
65083,326,S2,246.0,28.503,20.07
65084,326,S2,249.0,28.374,20.07
65085,326,S2,252.0,28.202,20.07
65086,326,S2,255.0,27.968,20.07
65087,326,S2,258.0,27.703,20.07
65088,326,S2,261.0,27.603,20.07
65089,326,S2,264.0,27.513,20.07
65090,326,S2,267.0,27.302,20.07
65091,326,S2,270.0,26.999,20.07
65092,326,S2,273.0,26.919,20.07
65093,326,S2,276.0,26.764,20.07
65094,326,S2,279.0,26.588,20.07
65095,326,S2,282.0,26.378,20.07
65096,326,S2,285.0,26.338,20.07
65097,326,S2,288.0,26.216,20.07
65098,326,S2,291.0,26.070,20.07
65099,326,S2,294.0,25.873,20.07
65100,326,S2,297.0,25.667,20.07
65101,326,S2,300.0,25.530,20.07
65102,326,S2,303.0,25.441,20.07
65103,326,S2,306.0,25.319,20.07
65104,326,S2,309.0,25.144,20.07
65105,326,S2,312.0,25.142,20.07
65106,326,S2,315.0,24.948,20.07
65107,326,S2,318.0,24.903,20.07
65108,326,S2,321.0,24.737,20.07
65109,326,S2,324.0,24.664,20.07
65110,326,S2,327.0,24.537,20.07
65111,326,S2,330.0,24.432,20.07
65112,326,S2,333.0,24.245,20.07
65113,326,S2,336.0,24.202,20.07
65114,326,S2,339.0,24.146,20.07
65115,326,S2,342.0,24.103,20.07
65116,326,S2,345.0,23.954,20.07
65117,326,S2,348.0,23.858,20.07
65118,326,S2,351.0,23.715,20.07
65119,326,S2,354.0,23.605,20.07
65120,326,S2,357.0,23.548,20.07
65121,326,S2,360.0,23.515,20.07
65122,326,S2,363.0,23.418,20.07
65123,326,S2,366.0,23.363,20.07
65124,326,S2,369.0,23.203,20.07
65125,326,S2,372.0,23.198,20.07
65126,326,S2,375.0,23.130,20.07
65127,326,S2,378.0,22.995,20.07
65128,326,S2,381.0,22.895,20.07
65129,326,S2,384.0,22.901,20.07
65130,326,S2,387.0,22.844,20.07
65131,326,S2,390.0,22.761,20.07
65132,326,S2,393.0,22.653,20.07
65133,326,S2,396.0,22.578,20.07
65134,326,S2,399.0,22.538,20.07
65135,326,S2,402.0,22.557,20.07
65136,326,S2,405.0,22.402,20.07
65137,326,S2,408.0,22.432,20.07
65138,326,S2,411.0,22.324,20.07
65139,326,S2,414.0,22.219,20.07
65140,326,S2,417.0,22.216,20.07
65141,326,S2,420.0,22.115,20.07
65142,326,S2,423.0,22.120,20.07
65143,326,S2,426.0,22.030,20.07
65144,326,S2,429.0,22.093,20.07
65145,326,S2,432.0,21.959,20.07
65146,326,S2,435.0,21.919,20.07
65147,326,S2,438.0,21.912,20.07
65148,326,S2,441.0,21.786,20.07
65149,326,S2,444.0,21.866,20.07
65150,326,S2,447.0,21.825,20.07
65151,326,S2,450.0,21.823,20.07
65152,326,S2,453.0,21.605,20.07
65153,326,S2,456.0,21.667,20.07
65154,326,S2,459.0,21.633,20.07
65155,326,S2,462.0,21.584,20.07
65156,326,S2,465.0,21.460,20.07
65157,326,S2,468.0,21.535,20.07
65158,326,S2,471.0,21.481,20.07
65159,326,S2,474.0,21.475,20.07
65160,326,S2,477.0,21.409,20.07
65161,326,S2,480.0,21.431,20.07
65162,326,S2,483.0,21.313,20.07
65163,326,S2,486.0,21.336,20.07
65164,326,S2,489.0,21.326,20.07
65165,326,S2,492.0,21.275,20.07
65166,326,S2,495.0,21.295,20.07
65167,326,S2,498.0,21.218,20.07
65168,326,S2,501.0,21.212,20.07
65169,326,S2,504.0,21.071,20.07
65170,326,S2,507.0,21.057,20.07
65171,326,S2,510.0,21.080,20.07
65172,326,S2,513.0,21.068,20.07
65173,326,S2,516.0,21.004,20.07
65174,326,S2,519.0,21.073,20.07
65175,326,S2,522.0,21.087,20.07
65176,326,S2,525.0,21.038,20.07
65177,326,S2,528.0,20.962,20.07
65178,326,S2,531.0,20.853,20.07
65179,326,S2,534.0,20.960,20.07
65180,326,S2,537.0,21.003,20.07
65181,326,S2,540.0,20.869,20.07
65182,326,S2,543.0,20.841,20.07
65183,326,S2,546.0,20.804,20.07
65184,326,S2,549.0,20.750,20.07
65185,326,S2,552.0,20.728,20.07
65186,326,S2,555.0,20.804,20.07
65187,326,S2,558.0,20.781,20.07
65188,326,S2,561.0,20.809,20.07
65189,326,S2,564.0,20.773,20.07
65190,326,S2,567.0,20.742,20.07
65191,326,S2,570.0,20.727,20.07
65192,326,S2,573.0,20.722,20.07
65193,326,S2,576.0,20.694,20.07
65194,326,S2,579.0,20.657,20.07
65195,326,S2,582.0,20.761,20.07
65196,326,S2,585.0,20.682,20.07
65197,326,S2,588.0,20.554,20.07
65198,326,S2,591.0,20.664,20.07
65199,326,S2,594.0,20.635,20.07
65200,326,S2,597.0,20.542,20.07
65201,327,S3,0.0,73.117,21.57
65202,327,S3,3.0,71.798,21.57
65203,327,S3,6.0,70.494,21.57
65204,327,S3,9.0,69.370,21.57
65205,327,S3,12.0,68.106,21.57
65206,327,S3,15.0,66.976,21.57
65207,327,S3,18.0,65.794,21.57
65208,327,S3,21.0,64.642,21.57
65209,327,S3,24.0,63.553,21.57
65210,327,S3,27.0,62.468,21.57
65211,327,S3,30.0,61.587,21.57
65212,327,S3,33.0,60.542,21.57
65213,327,S3,36.0,59.471,21.57
65214,327,S3,39.0,58.576,21.57
65215,327,S3,42.0,57.618,21.57
65216,327,S3,45.0,56.638,21.57
65217,327,S3,48.0,55.815,21.57
65218,327,S3,51.0,54.906,21.57
65219,327,S3,54.0,54.170,21.57
65220,327,S3,57.0,53.321,21.57
65221,327,S3,60.0,52.348,21.57
65222,327,S3,63.0,51.751,21.57
65223,327,S3,66.0,51.014,21.57
65224,327,S3,69.0,50.214,21.57
65225,327,S3,72.0,49.459,21.57
65226,327,S3,75.0,48.772,21.57
65227,327,S3,78.0,48.099,21.57
65228,327,S3,81.0,47.491,21.57
65229,327,S3,84.0,46.736,21.57
65230,327,S3,87.0,46.094,21.57
65231,327,S3,90.0,45.489,21.57
65232,327,S3,93.0,44.958,21.57
65233,327,S3,96.0,44.267,21.57
65234,327,S3,99.0,43.782,21.57
65235,327,S3,102.0,43.198,21.57
65236,327,S3,105.0,42.653,21.57
65237,327,S3,108.0,42.088,21.57
65238,327,S3,111.0,41.616,21.57
65239,327,S3,114.0,41.111,21.57
65240,327,S3,117.0,40.621,21.57
65241,327,S3,120.0,40.106,21.57
65242,327,S3,123.0,39.649,21.57
65243,327,S3,126.0,39.208,21.57
65244,327,S3,129.0,38.728,21.57
65245,327,S3,132.0,38.338,21.57
65246,327,S3,135.0,37.842,21.57
65247,327,S3,138.0,37.582,21.57
65248,327,S3,141.0,37.043,21.57
65249,327,S3,144.0,36.678,21.57
65250,327,S3,147.0,36.261,21.57
65251,327,S3,150.0,35.940,21.57
65252,327,S3,153.0,35.574,21.57
65253,327,S3,156.0,35.163,21.57
65254,327,S3,159.0,34.870,21.57
65255,327,S3,162.0,34.526,21.57
65256,327,S3,165.0,34.194,21.57
65257,327,S3,168.0,33.874,21.57
65258,327,S3,171.0,33.607,21.57
65259,327,S3,174.0,33.301,21.57
65260,327,S3,177.0,32.975,21.57
65261,327,S3,180.0,32.782,21.57
65262,327,S3,183.0,32.419,21.57
65263,327,S3,186.0,32.106,21.57
65264,327,S3,189.0,31.872,21.57
65265,327,S3,192.0,31.596,21.57
65266,327,S3,195.0,31.423,21.57
65267,327,S3,198.0,31.130,21.57
65268,327,S3,201.0,30.825,21.57
65269,327,S3,204.0,30.674,21.57
65270,327,S3,207.0,30.378,21.57
65271,327,S3,210.0,30.136,21.57
65272,327,S3,213.0,30.011,21.57
65273,327,S3,216.0,29.708,21.57
65274,327,S3,219.0,29.540,21.57
65275,327,S3,222.0,29.318,21.57
65276,327,S3,225.0,29.086,21.57
65277,327,S3,228.0,28.912,21.57
65278,327,S3,231.0,28.828,21.57
65279,327,S3,234.0,28.550,21.57
65280,327,S3,237.0,28.447,21.57
65281,327,S3,240.0,28.275,21.57
65282,327,S3,243.0,28.086,21.57
65283,327,S3,246.0,28.027,21.57
65284,327,S3,249.0,27.834,21.57
65285,327,S3,252.0,27.619,21.57
65286,327,S3,255.0,27.366,21.57
65287,327,S3,258.0,27.275,21.57
65288,327,S3,261.0,27.117,21.57
65289,327,S3,264.0,27.025,21.57
65290,327,S3,267.0,26.872,21.57
65291,327,S3,270.0,26.726,21.57
65292,327,S3,273.0,26.667,21.57
65293,327,S3,276.0,26.428,21.57
65294,327,S3,279.0,26.330,21.57
65295,327,S3,282.0,26.244,21.57
65296,327,S3,285.0,26.074,21.57
65297,327,S3,288.0,26.042,21.57
65298,327,S3,291.0,26.018,21.57
65299,327,S3,294.0,25.779,21.57
65300,327,S3,297.0,25.790,21.57
65301,327,S3,300.0,25.642,21.57
65302,327,S3,303.0,25.451,21.57
65303,327,S3,306.0,25.411,21.57
65304,327,S3,309.0,25.270,21.57
65305,327,S3,312.0,25.120,21.57
65306,327,S3,315.0,25.108,21.57
65307,327,S3,318.0,24.970,21.57
65308,327,S3,321.0,24.987,21.57
65309,327,S3,324.0,24.935,21.57
65310,327,S3,327.0,24.700,21.57
65311,327,S3,330.0,24.616,21.57
65312,327,S3,333.0,24.607,21.57
65313,327,S3,336.0,24.471,21.57
65314,327,S3,339.0,24.474,21.57
65315,327,S3,342.0,24.409,21.57
65316,327,S3,345.0,24.353,21.57
65317,327,S3,348.0,24.246,21.57
65318,327,S3,351.0,24.172,21.57
65319,327,S3,354.0,24.124,21.57
65320,327,S3,357.0,24.035,21.57
65321,327,S3,360.0,23.987,21.57
65322,327,S3,363.0,23.891,21.57
65323,327,S3,366.0,23.860,21.57
65324,327,S3,369.0,23.712,21.57
65325,327,S3,372.0,23.743,21.57
65326,327,S3,375.0,23.732,21.57
65327,327,S3,378.0,23.649,21.57
65328,327,S3,381.0,23.592,21.57
65329,327,S3,384.0,23.448,21.57
65330,327,S3,387.0,23.471,21.57
65331,327,S3,390.0,23.413,21.57
65332,327,S3,393.0,23.404,21.57
65333,327,S3,396.0,23.339,21.57
65334,327,S3,399.0,23.254,21.57
65335,327,S3,402.0,23.265,21.57
65336,327,S3,405.0,23.152,21.57
65337,327,S3,408.0,23.238,21.57
65338,327,S3,411.0,23.082,21.57
65339,327,S3,414.0,23.059,21.57
65340,327,S3,417.0,23.027,21.57
65341,327,S3,420.0,22.987,21.57
65342,327,S3,423.0,23.059,21.57
65343,327,S3,426.0,22.931,21.57
65344,327,S3,429.0,22.908,21.57
65345,327,S3,432.0,22.867,21.57
65346,327,S3,435.0,22.897,21.57
65347,327,S3,438.0,22.780,21.57
65348,327,S3,441.0,22.802,21.57
65349,327,S3,444.0,22.695,21.57
65350,327,S3,447.0,22.703,21.57
65351,327,S3,450.0,22.700,21.57
65352,327,S3,453.0,22.664,21.57
65353,327,S3,456.0,22.625,21.57
65354,327,S3,459.0,22.650,21.57
65355,327,S3,462.0,22.697,21.57
65356,327,S3,465.0,22.511,21.57
65357,327,S3,468.0,22.560,21.57
65358,327,S3,471.0,22.462,21.57
65359,327,S3,474.0,22.494,21.57
65360,327,S3,477.0,22.490,21.57
65361,327,S3,480.0,22.471,21.57
65362,327,S3,483.0,22.301,21.57
65363,327,S3,486.0,22.393,21.57
65364,327,S3,489.0,22.308,21.57
65365,327,S3,492.0,22.339,21.57
65366,327,S3,495.0,22.314,21.57
65367,327,S3,498.0,22.335,21.57
65368,327,S3,501.0,22.216,21.57
65369,327,S3,504.0,22.297,21.57
65370,327,S3,507.0,22.236,21.57
65371,327,S3,510.0,22.209,21.57
65372,327,S3,513.0,22.222,21.57
65373,327,S3,516.0,22.251,21.57
65374,327,S3,519.0,22.190,21.57
65375,327,S3,522.0,22.090,21.57
65376,327,S3,525.0,22.305,21.57
65377,327,S3,528.0,22.109,21.57
65378,327,S3,531.0,22.109,21.57
65379,327,S3,534.0,22.073,21.57
65380,327,S3,537.0,22.142,21.57
65381,327,S3,540.0,22.042,21.57
65382,327,S3,543.0,22.042,21.57
65383,327,S3,546.0,22.076,21.57
65384,327,S3,549.0,22.099,21.57
65385,327,S3,552.0,22.038,21.57
65386,327,S3,555.0,21.954,21.57
65387,327,S3,558.0,22.092,21.57
65388,327,S3,561.0,22.016,21.57
65389,327,S3,564.0,21.986,21.57
65390,327,S3,567.0,21.992,21.57
65391,327,S3,570.0,22.023,21.57
65392,327,S3,573.0,21.879,21.57
65393,327,S3,576.0,21.979,21.57
65394,327,S3,579.0,21.906,21.57
65395,327,S3,582.0,21.948,21.57
65396,327,S3,585.0,21.882,21.57
65397,327,S3,588.0,21.971,21.57
65398,327,S3,591.0,21.916,21.57
65399,327,S3,594.0,21.876,21.57
65400,327,S3,597.0,21.897,21.57
65401,328,S4,0.0,81.385,20.19
65402,328,S4,3.0,79.421,20.19
65403,328,S4,6.0,77.589,20.19
65404,328,S4,9.0,75.707,20.19
65405,328,S4,12.0,73.917,20.19
65406,328,S4,15.0,72.362,20.19
65407,328,S4,18.0,70.752,20.19
65408,328,S4,21.0,69.034,20.19
65409,328,S4,24.0,67.425,20.19
65410,328,S4,27.0,66.062,20.19
65411,328,S4,30.0,64.539,20.19
65412,328,S4,33.0,63.115,20.19
65413,328,S4,36.0,61.783,20.19
65414,328,S4,39.0,60.488,20.19
65415,328,S4,42.0,59.110,20.19
65416,328,S4,45.0,57.855,20.19
65417,328,S4,48.0,56.667,20.19
65418,328,S4,51.0,55.478,20.19
65419,328,S4,54.0,54.404,20.19
65420,328,S4,57.0,53.289,20.19
65421,328,S4,60.0,52.213,20.19
65422,328,S4,63.0,51.206,20.19
65423,328,S4,66.0,50.332,20.19
65424,328,S4,69.0,49.353,20.19
65425,328,S4,72.0,48.313,20.19
65426,328,S4,75.0,47.552,20.19
65427,328,S4,78.0,46.612,20.19
65428,328,S4,81.0,45.711,20.19
65429,328,S4,84.0,44.955,20.19
65430,328,S4,87.0,44.188,20.19
65431,328,S4,90.0,43.461,20.19
65432,328,S4,93.0,42.694,20.19
65433,328,S4,96.0,42.050,20.19
65434,328,S4,99.0,41.384,20.19
65435,328,S4,102.0,40.640,20.19
65436,328,S4,105.0,40.006,20.19
65437,328,S4,108.0,39.434,20.19
65438,328,S4,111.0,38.694,20.19
65439,328,S4,114.0,38.105,20.19
65440,328,S4,117.0,37.587,20.19
65441,328,S4,120.0,36.961,20.19
65442,328,S4,123.0,36.428,20.19
65443,328,S4,126.0,35.964,20.19
65444,328,S4,129.0,35.339,20.19
65445,328,S4,132.0,35.019,20.19
65446,328,S4,135.0,34.527,20.19
65447,328,S4,138.0,34.043,20.19
65448,328,S4,141.0,33.600,20.19
65449,328,S4,144.0,33.190,20.19
65450,328,S4,147.0,32.800,20.19
65451,328,S4,150.0,32.429,20.19
65452,328,S4,153.0,31.884,20.19
65453,328,S4,156.0,31.608,20.19
65454,328,S4,159.0,31.312,20.19
65455,328,S4,162.0,30.944,20.19
65456,328,S4,165.0,30.568,20.19
65457,328,S4,168.0,30.221,20.19
65458,328,S4,171.0,29.865,20.19
65459,328,S4,174.0,29.546,20.19
65460,328,S4,177.0,29.182,20.19
65461,328,S4,180.0,29.014,20.19
65462,328,S4,183.0,28.801,20.19
65463,328,S4,186.0,28.445,20.19
65464,328,S4,189.0,28.175,20.19
65465,328,S4,192.0,27.925,20.19
65466,328,S4,195.0,27.680,20.19
65467,328,S4,198.0,27.425,20.19
65468,328,S4,201.0,27.266,20.19
65469,328,S4,204.0,27.035,20.19
65470,328,S4,207.0,26.742,20.19
65471,328,S4,210.0,26.593,20.19
65472,328,S4,213.0,26.374,20.19
65473,328,S4,216.0,26.122,20.19
65474,328,S4,219.0,26.088,20.19
65475,328,S4,222.0,25.833,20.19
65476,328,S4,225.0,25.654,20.19
65477,328,S4,228.0,25.462,20.19
65478,328,S4,231.0,25.279,20.19
65479,328,S4,234.0,25.141,20.19
65480,328,S4,237.0,24.995,20.19
65481,328,S4,240.0,24.756,20.19
65482,328,S4,243.0,24.704,20.19
65483,328,S4,246.0,24.519,20.19
65484,328,S4,249.0,24.435,20.19
65485,328,S4,252.0,24.325,20.19
65486,328,S4,255.0,24.047,20.19
65487,328,S4,258.0,24.077,20.19
65488,328,S4,261.0,23.880,20.19
65489,328,S4,264.0,23.798,20.19
65490,328,S4,267.0,23.656,20.19
65491,328,S4,270.0,23.545,20.19
65492,328,S4,273.0,23.370,20.19
65493,328,S4,276.0,23.384,20.19
65494,328,S4,279.0,23.305,20.19
65495,328,S4,282.0,23.145,20.19
65496,328,S4,285.0,23.012,20.19
65497,328,S4,288.0,22.806,20.19
65498,328,S4,291.0,22.831,20.19
65499,328,S4,294.0,22.722,20.19
65500,328,S4,297.0,22.702,20.19
65501,328,S4,300.0,22.579,20.19
65502,328,S4,303.0,22.527,20.19
65503,328,S4,306.0,22.467,20.19
65504,328,S4,309.0,22.371,20.19
65505,328,S4,312.0,22.324,20.19
65506,328,S4,315.0,22.278,20.19
65507,328,S4,318.0,22.213,20.19
65508,328,S4,321.0,22.107,20.19
65509,328,S4,324.0,22.046,20.19
65510,328,S4,327.0,22.009,20.19
65511,328,S4,330.0,21.969,20.19
65512,328,S4,333.0,21.888,20.19
65513,328,S4,336.0,21.868,20.19
65514,328,S4,339.0,21.844,20.19
65515,328,S4,342.0,21.685,20.19
65516,328,S4,345.0,21.683,20.19
65517,328,S4,348.0,21.711,20.19
65518,328,S4,351.0,21.656,20.19
65519,328,S4,354.0,21.536,20.19
65520,328,S4,357.0,21.500,20.19
65521,328,S4,360.0,21.423,20.19
65522,328,S4,363.0,21.384,20.19
65523,328,S4,366.0,21.424,20.19
65524,328,S4,369.0,21.259,20.19
65525,328,S4,372.0,21.317,20.19
65526,328,S4,375.0,21.233,20.19
65527,328,S4,378.0,21.235,20.19
65528,328,S4,381.0,21.112,20.19
65529,328,S4,384.0,21.197,20.19
65530,328,S4,387.0,21.167,20.19
65531,328,S4,390.0,21.033,20.19
65532,328,S4,393.0,21.098,20.19
65533,328,S4,396.0,21.019,20.19
65534,328,S4,399.0,20.999,20.19
65535,328,S4,402.0,20.977,20.19
65536,328,S4,405.0,20.969,20.19
65537,328,S4,408.0,20.911,20.19
65538,328,S4,411.0,20.945,20.19
65539,328,S4,414.0,20.862,20.19
65540,328,S4,417.0,20.886,20.19
65541,328,S4,420.0,20.904,20.19
65542,328,S4,423.0,20.774,20.19
65543,328,S4,426.0,20.794,20.19
65544,328,S4,429.0,20.821,20.19
65545,328,S4,432.0,20.829,20.19
65546,328,S4,435.0,20.774,20.19
65547,328,S4,438.0,20.797,20.19
65548,328,S4,441.0,20.683,20.19
65549,328,S4,444.0,20.651,20.19
65550,328,S4,447.0,20.723,20.19
65551,328,S4,450.0,20.620,20.19
65552,328,S4,453.0,20.570,20.19
65553,328,S4,456.0,20.563,20.19
65554,328,S4,459.0,20.690,20.19
65555,328,S4,462.0,20.621,20.19
65556,328,S4,465.0,20.633,20.19
65557,328,S4,468.0,20.619,20.19
65558,328,S4,471.0,20.571,20.19
65559,328,S4,474.0,20.621,20.19
65560,328,S4,477.0,20.539,20.19
65561,328,S4,480.0,20.539,20.19
65562,328,S4,483.0,20.523,20.19
65563,328,S4,486.0,20.541,20.19
65564,328,S4,489.0,20.531,20.19
65565,328,S4,492.0,20.467,20.19
65566,328,S4,495.0,20.516,20.19
65567,328,S4,498.0,20.444,20.19
65568,328,S4,501.0,20.372,20.19
65569,328,S4,504.0,20.383,20.19
65570,328,S4,507.0,20.473,20.19
65571,328,S4,510.0,20.460,20.19
65572,328,S4,513.0,20.440,20.19
65573,328,S4,516.0,20.441,20.19
65574,328,S4,519.0,20.400,20.19
65575,328,S4,522.0,20.448,20.19
65576,328,S4,525.0,20.379,20.19
65577,328,S4,528.0,20.238,20.19
65578,328,S4,531.0,20.460,20.19
65579,328,S4,534.0,20.340,20.19
65580,328,S4,537.0,20.392,20.19
65581,328,S4,540.0,20.348,20.19
65582,328,S4,543.0,20.456,20.19
65583,328,S4,546.0,20.396,20.19
65584,328,S4,549.0,20.334,20.19
65585,328,S4,552.0,20.350,20.19
65586,328,S4,555.0,20.405,20.19
65587,328,S4,558.0,20.297,20.19
65588,328,S4,561.0,20.354,20.19
65589,328,S4,564.0,20.271,20.19
65590,328,S4,567.0,20.292,20.19
65591,328,S4,570.0,20.304,20.19
65592,328,S4,573.0,20.365,20.19
65593,328,S4,576.0,20.253,20.19
65594,328,S4,579.0,20.202,20.19
65595,328,S4,582.0,20.165,20.19
65596,328,S4,585.0,20.291,20.19
65597,328,S4,588.0,20.227,20.19
65598,328,S4,591.0,20.273,20.19
65599,328,S4,594.0,20.287,20.19
65600,328,S4,597.0,20.240,20.19
65601,329,S1,0.0,85.626,22.91
65602,329,S1,3.0,83.740,22.91
65603,329,S1,6.0,81.823,22.91
65604,329,S1,9.0,79.989,22.91
65605,329,S1,12.0,78.158,22.91
65606,329,S1,15.0,76.429,22.91
65607,329,S1,18.0,74.804,22.91
65608,329,S1,21.0,73.225,22.91
65609,329,S1,24.0,71.613,22.91
65610,329,S1,27.0,70.140,22.91
65611,329,S1,30.0,68.618,22.91
65612,329,S1,33.0,67.242,22.91
65613,329,S1,36.0,65.838,22.91
65614,329,S1,39.0,64.499,22.91
65615,329,S1,42.0,63.218,22.91
65616,329,S1,45.0,61.939,22.91
65617,329,S1,48.0,60.759,22.91
65618,329,S1,51.0,59.598,22.91
65619,329,S1,54.0,58.385,22.91
65620,329,S1,57.0,57.246,22.91
65621,329,S1,60.0,56.247,22.91
65622,329,S1,63.0,55.329,22.91
65623,329,S1,66.0,54.221,22.91
65624,329,S1,69.0,53.236,22.91
65625,329,S1,72.0,52.308,22.91
65626,329,S1,75.0,51.329,22.91
65627,329,S1,78.0,50.513,22.91
65628,329,S1,81.0,49.638,22.91
65629,329,S1,84.0,48.869,22.91
65630,329,S1,87.0,47.969,22.91
65631,329,S1,90.0,47.139,22.91
65632,329,S1,93.0,46.512,22.91
65633,329,S1,96.0,45.791,22.91
65634,329,S1,99.0,45.063,22.91
65635,329,S1,102.0,44.343,22.91
65636,329,S1,105.0,43.653,22.91
65637,329,S1,108.0,43.033,22.91
65638,329,S1,111.0,42.373,22.91
65639,329,S1,114.0,41.821,22.91
65640,329,S1,117.0,41.222,22.91
65641,329,S1,120.0,40.617,22.91
65642,329,S1,123.0,40.049,22.91
65643,329,S1,126.0,39.644,22.91
65644,329,S1,129.0,38.948,22.91
65645,329,S1,132.0,38.529,22.91
65646,329,S1,135.0,38.103,22.91
65647,329,S1,138.0,37.641,22.91
65648,329,S1,141.0,37.215,22.91
65649,329,S1,144.0,36.603,22.91
65650,329,S1,147.0,36.178,22.91
65651,329,S1,150.0,35.919,22.91
65652,329,S1,153.0,35.479,22.91
65653,329,S1,156.0,35.092,22.91
65654,329,S1,159.0,34.649,22.91
65655,329,S1,162.0,34.269,22.91
65656,329,S1,165.0,33.873,22.91
65657,329,S1,168.0,33.641,22.91
65658,329,S1,171.0,33.255,22.91
65659,329,S1,174.0,32.989,22.91
65660,329,S1,177.0,32.496,22.91
65661,329,S1,180.0,32.304,22.91
65662,329,S1,183.0,32.001,22.91
65663,329,S1,186.0,31.792,22.91
65664,329,S1,189.0,31.400,22.91
65665,329,S1,192.0,31.252,22.91
65666,329,S1,195.0,30.951,22.91
65667,329,S1,198.0,30.706,22.91
65668,329,S1,201.0,30.501,22.91
65669,329,S1,204.0,30.105,22.91
65670,329,S1,207.0,29.992,22.91
65671,329,S1,210.0,29.755,22.91
65672,329,S1,213.0,29.594,22.91
65673,329,S1,216.0,29.307,22.91
65674,329,S1,219.0,29.235,22.91
65675,329,S1,222.0,28.900,22.91
65676,329,S1,225.0,28.820,22.91
65677,329,S1,228.0,28.683,22.91
65678,329,S1,231.0,28.418,22.91
65679,329,S1,234.0,28.200,22.91
65680,329,S1,237.0,28.097,22.91
65681,329,S1,240.0,27.946,22.91
65682,329,S1,243.0,27.733,22.91
65683,329,S1,246.0,27.644,22.91
65684,329,S1,249.0,27.475,22.91
65685,329,S1,252.0,27.373,22.91
65686,329,S1,255.0,27.168,22.91
65687,329,S1,258.0,27.121,22.91
65688,329,S1,261.0,26.939,22.91
65689,329,S1,264.0,26.762,22.91
65690,329,S1,267.0,26.629,22.91
65691,329,S1,270.0,26.560,22.91
65692,329,S1,273.0,26.365,22.91
65693,329,S1,276.0,26.385,22.91
65694,329,S1,279.0,26.179,22.91
65695,329,S1,282.0,26.082,22.91
65696,329,S1,285.0,26.040,22.91
65697,329,S1,288.0,26.033,22.91
65698,329,S1,291.0,25.848,22.91
65699,329,S1,294.0,25.725,22.91
65700,329,S1,297.0,25.643,22.91
65701,329,S1,300.0,25.536,22.91
65702,329,S1,303.0,25.487,22.91
65703,329,S1,306.0,25.372,22.91
65704,329,S1,309.0,25.291,22.91
65705,329,S1,312.0,25.307,22.91
65706,329,S1,315.0,25.117,22.91
65707,329,S1,318.0,25.152,22.91
65708,329,S1,321.0,24.943,22.91
65709,329,S1,324.0,25.065,22.91
65710,329,S1,327.0,24.838,22.91
65711,329,S1,330.0,24.892,22.91
65712,329,S1,333.0,24.711,22.91
65713,329,S1,336.0,24.690,22.91
65714,329,S1,339.0,24.682,22.91
65715,329,S1,342.0,24.654,22.91
65716,329,S1,345.0,24.551,22.91
65717,329,S1,348.0,24.505,22.91
65718,329,S1,351.0,24.415,22.91
65719,329,S1,354.0,24.460,22.91
65720,329,S1,357.0,24.391,22.91
65721,329,S1,360.0,24.296,22.91
65722,329,S1,363.0,24.334,22.91
65723,329,S1,366.0,24.310,22.91
65724,329,S1,369.0,24.170,22.91
65725,329,S1,372.0,24.153,22.91
65726,329,S1,375.0,24.149,22.91
65727,329,S1,378.0,24.100,22.91
65728,329,S1,381.0,24.008,22.91
65729,329,S1,384.0,23.966,22.91
65730,329,S1,387.0,24.020,22.91
65731,329,S1,390.0,23.904,22.91
65732,329,S1,393.0,23.904,22.91
65733,329,S1,396.0,23.890,22.91
65734,329,S1,399.0,23.787,22.91
65735,329,S1,402.0,23.811,22.91
65736,329,S1,405.0,23.820,22.91
65737,329,S1,408.0,23.765,22.91
65738,329,S1,411.0,23.699,22.91
65739,329,S1,414.0,23.690,22.91
65740,329,S1,417.0,23.742,22.91
65741,329,S1,420.0,23.690,22.91
65742,329,S1,423.0,23.580,22.91
65743,329,S1,426.0,23.585,22.91
65744,329,S1,429.0,23.569,22.91
65745,329,S1,432.0,23.577,22.91
65746,329,S1,435.0,23.511,22.91
65747,329,S1,438.0,23.461,22.91
65748,329,S1,441.0,23.499,22.91
65749,329,S1,444.0,23.441,22.91
65750,329,S1,447.0,23.325,22.91
65751,329,S1,450.0,23.480,22.91
65752,329,S1,453.0,23.493,22.91
65753,329,S1,456.0,23.379,22.91
65754,329,S1,459.0,23.388,22.91
65755,329,S1,462.0,23.393,22.91
65756,329,S1,465.0,23.420,22.91
65757,329,S1,468.0,23.404,22.91
65758,329,S1,471.0,23.429,22.91
65759,329,S1,474.0,23.308,22.91
65760,329,S1,477.0,23.379,22.91
65761,329,S1,480.0,23.411,22.91
65762,329,S1,483.0,23.312,22.91
65763,329,S1,486.0,23.239,22.91
65764,329,S1,489.0,23.294,22.91
65765,329,S1,492.0,23.270,22.91
65766,329,S1,495.0,23.188,22.91
65767,329,S1,498.0,23.231,22.91
65768,329,S1,501.0,23.301,22.91
65769,329,S1,504.0,23.252,22.91
65770,329,S1,507.0,23.239,22.91
65771,329,S1,510.0,23.271,22.91
65772,329,S1,513.0,23.175,22.91
65773,329,S1,516.0,23.206,22.91
65774,329,S1,519.0,23.122,22.91
65775,329,S1,522.0,23.253,22.91
65776,329,S1,525.0,23.200,22.91
65777,329,S1,528.0,23.178,22.91
65778,329,S1,531.0,23.092,22.91
65779,329,S1,534.0,23.149,22.91
65780,329,S1,537.0,23.169,22.91
65781,329,S1,540.0,23.122,22.91
65782,329,S1,543.0,23.101,22.91
65783,329,S1,546.0,23.115,22.91
65784,329,S1,549.0,23.086,22.91
65785,329,S1,552.0,23.055,22.91
65786,329,S1,555.0,23.037,22.91
65787,329,S1,558.0,23.110,22.91
65788,329,S1,561.0,23.036,22.91
65789,329,S1,564.0,23.061,22.91
65790,329,S1,567.0,22.994,22.91
65791,329,S1,570.0,22.999,22.91
65792,329,S1,573.0,22.973,22.91
65793,329,S1,576.0,23.001,22.91
65794,329,S1,579.0,22.953,22.91
65795,329,S1,582.0,22.966,22.91
65796,329,S1,585.0,23.076,22.91
65797,329,S1,588.0,23.061,22.91
65798,329,S1,591.0,23.123,22.91
65799,329,S1,594.0,22.982,22.91
65800,329,S1,597.0,23.055,22.91
65801,330,S2,0.0,76.234,20.12
65802,330,S2,3.0,75.218,20.12
65803,330,S2,6.0,74.193,20.12
65804,330,S2,9.0,73.075,20.12
65805,330,S2,12.0,72.080,20.12
65806,330,S2,15.0,71.113,20.12
65807,330,S2,18.0,70.231,20.12
65808,330,S2,21.0,69.250,20.12
65809,330,S2,24.0,68.337,20.12
65810,330,S2,27.0,67.310,20.12
65811,330,S2,30.0,66.476,20.12
65812,330,S2,33.0,65.597,20.12
65813,330,S2,36.0,64.751,20.12
65814,330,S2,39.0,63.945,20.12
65815,330,S2,42.0,63.225,20.12
65816,330,S2,45.0,62.214,20.12
65817,330,S2,48.0,61.488,20.12
65818,330,S2,51.0,60.682,20.12
65819,330,S2,54.0,59.934,20.12
65820,330,S2,57.0,59.203,20.12
65821,330,S2,60.0,58.506,20.12
65822,330,S2,63.0,57.710,20.12
65823,330,S2,66.0,57.082,20.12
65824,330,S2,69.0,56.380,20.12
65825,330,S2,72.0,55.702,20.12
65826,330,S2,75.0,55.009,20.12
65827,330,S2,78.0,54.376,20.12
65828,330,S2,81.0,53.720,20.12
65829,330,S2,84.0,53.052,20.12
65830,330,S2,87.0,52.417,20.12
65831,330,S2,90.0,51.886,20.12
65832,330,S2,93.0,51.181,20.12
65833,330,S2,96.0,50.564,20.12
65834,330,S2,99.0,50.028,20.12
65835,330,S2,102.0,49.523,20.12
65836,330,S2,105.0,48.854,20.12
65837,330,S2,108.0,48.426,20.12
65838,330,S2,111.0,47.894,20.12
65839,330,S2,114.0,47.310,20.12
65840,330,S2,117.0,46.895,20.12
65841,330,S2,120.0,46.381,20.12
65842,330,S2,123.0,45.790,20.12
65843,330,S2,126.0,45.365,20.12
65844,330,S2,129.0,44.897,20.12
65845,330,S2,132.0,44.481,20.12
65846,330,S2,135.0,43.956,20.12
65847,330,S2,138.0,43.530,20.12
65848,330,S2,141.0,43.046,20.12
65849,330,S2,144.0,42.672,20.12
65850,330,S2,147.0,42.240,20.12
65851,330,S2,150.0,41.807,20.12
65852,330,S2,153.0,41.469,20.12
65853,330,S2,156.0,40.934,20.12
65854,330,S2,159.0,40.622,20.12
65855,330,S2,162.0,40.191,20.12
65856,330,S2,165.0,39.838,20.12
65857,330,S2,168.0,39.416,20.12
65858,330,S2,171.0,39.010,20.12
65859,330,S2,174.0,38.698,20.12
65860,330,S2,177.0,38.302,20.12
65861,330,S2,180.0,38.067,20.12
65862,330,S2,183.0,37.690,20.12
65863,330,S2,186.0,37.343,20.12
65864,330,S2,189.0,36.960,20.12
65865,330,S2,192.0,36.671,20.12
65866,330,S2,195.0,36.412,20.12
65867,330,S2,198.0,35.991,20.12
65868,330,S2,201.0,35.849,20.12
65869,330,S2,204.0,35.494,20.12
65870,330,S2,207.0,35.298,20.12
65871,330,S2,210.0,35.012,20.12
65872,330,S2,213.0,34.625,20.12
65873,330,S2,216.0,34.343,20.12
65874,330,S2,219.0,34.087,20.12
65875,330,S2,222.0,33.879,20.12
65876,330,S2,225.0,33.590,20.12
65877,330,S2,228.0,33.328,20.12
65878,330,S2,231.0,33.050,20.12
65879,330,S2,234.0,32.814,20.12
65880,330,S2,237.0,32.557,20.12
65881,330,S2,240.0,32.353,20.12
65882,330,S2,243.0,32.127,20.12
65883,330,S2,246.0,31.879,20.12
65884,330,S2,249.0,31.592,20.12
65885,330,S2,252.0,31.390,20.12
65886,330,S2,255.0,31.293,20.12
65887,330,S2,258.0,31.013,20.12
65888,330,S2,261.0,30.835,20.12
65889,330,S2,264.0,30.640,20.12
65890,330,S2,267.0,30.434,20.12
65891,330,S2,270.0,30.251,20.12
65892,330,S2,273.0,30.055,20.12
65893,330,S2,276.0,29.812,20.12
65894,330,S2,279.0,29.675,20.12
65895,330,S2,282.0,29.503,20.12
65896,330,S2,285.0,29.370,20.12
65897,330,S2,288.0,29.143,20.12
65898,330,S2,291.0,28.987,20.12
65899,330,S2,294.0,28.792,20.12
65900,330,S2,297.0,28.631,20.12
65901,330,S2,300.0,28.551,20.12
65902,330,S2,303.0,28.425,20.12
65903,330,S2,306.0,28.181,20.12
65904,330,S2,309.0,28.031,20.12
65905,330,S2,312.0,27.876,20.12
65906,330,S2,315.0,27.763,20.12
65907,330,S2,318.0,27.588,20.12
65908,330,S2,321.0,27.501,20.12
65909,330,S2,324.0,27.428,20.12
65910,330,S2,327.0,27.070,20.12
65911,330,S2,330.0,26.945,20.12
65912,330,S2,333.0,26.840,20.12
65913,330,S2,336.0,26.797,20.12
65914,330,S2,339.0,26.655,20.12
65915,330,S2,342.0,26.501,20.12
65916,330,S2,345.0,26.382,20.12
65917,330,S2,348.0,26.208,20.12
65918,330,S2,351.0,26.237,20.12
65919,330,S2,354.0,26.141,20.12
65920,330,S2,357.0,25.986,20.12
65921,330,S2,360.0,25.864,20.12
65922,330,S2,363.0,25.757,20.12
65923,330,S2,366.0,25.569,20.12
65924,330,S2,369.0,25.473,20.12
65925,330,S2,372.0,25.403,20.12
65926,330,S2,375.0,25.345,20.12
65927,330,S2,378.0,25.133,20.12
65928,330,S2,381.0,25.124,20.12
65929,330,S2,384.0,25.088,20.12
65930,330,S2,387.0,24.976,20.12
65931,330,S2,390.0,24.838,20.12
65932,330,S2,393.0,24.785,20.12
65933,330,S2,396.0,24.694,20.12
65934,330,S2,399.0,24.544,20.12
65935,330,S2,402.0,24.480,20.12
65936,330,S2,405.0,24.520,20.12
65937,330,S2,408.0,24.356,20.12
65938,330,S2,411.0,24.286,20.12
65939,330,S2,414.0,24.221,20.12
65940,330,S2,417.0,24.091,20.12
65941,330,S2,420.0,24.125,20.12
65942,330,S2,423.0,23.967,20.12
65943,330,S2,426.0,23.830,20.12
65944,330,S2,429.0,23.862,20.12
65945,330,S2,432.0,23.779,20.12
65946,330,S2,435.0,23.731,20.12
65947,330,S2,438.0,23.636,20.12
65948,330,S2,441.0,23.534,20.12
65949,330,S2,444.0,23.423,20.12
65950,330,S2,447.0,23.489,20.12
65951,330,S2,450.0,23.330,20.12
65952,330,S2,453.0,23.286,20.12
65953,330,S2,456.0,23.109,20.12
65954,330,S2,459.0,23.142,20.12
65955,330,S2,462.0,23.082,20.12
65956,330,S2,465.0,23.037,20.12
65957,330,S2,468.0,23.004,20.12
65958,330,S2,471.0,22.910,20.12
65959,330,S2,474.0,22.969,20.12
65960,330,S2,477.0,22.852,20.12
65961,330,S2,480.0,22.806,20.12
65962,330,S2,483.0,22.733,20.12
65963,330,S2,486.0,22.735,20.12
65964,330,S2,489.0,22.719,20.12
65965,330,S2,492.0,22.505,20.12
65966,330,S2,495.0,22.572,20.12
65967,330,S2,498.0,22.505,20.12
65968,330,S2,501.0,22.474,20.12
65969,330,S2,504.0,22.466,20.12
65970,330,S2,507.0,22.456,20.12
65971,330,S2,510.0,22.251,20.12
65972,330,S2,513.0,22.350,20.12
65973,330,S2,516.0,22.314,20.12
65974,330,S2,519.0,22.162,20.12
65975,330,S2,522.0,22.218,20.12
65976,330,S2,525.0,22.102,20.12
65977,330,S2,528.0,22.042,20.12
65978,330,S2,531.0,21.966,20.12
65979,330,S2,534.0,22.000,20.12
65980,330,S2,537.0,21.940,20.12
65981,330,S2,540.0,21.971,20.12
65982,330,S2,543.0,21.894,20.12
65983,330,S2,546.0,21.871,20.12
65984,330,S2,549.0,21.884,20.12
65985,330,S2,552.0,21.769,20.12
65986,330,S2,555.0,21.770,20.12
65987,330,S2,558.0,21.698,20.12
65988,330,S2,561.0,21.714,20.12
65989,330,S2,564.0,21.716,20.12
65990,330,S2,567.0,21.821,20.12
65991,330,S2,570.0,21.667,20.12
65992,330,S2,573.0,21.637,20.12
65993,330,S2,576.0,21.580,20.12
65994,330,S2,579.0,21.479,20.12
65995,330,S2,582.0,21.495,20.12
65996,330,S2,585.0,21.547,20.12
65997,330,S2,588.0,21.420,20.12
65998,330,S2,591.0,21.487,20.12
65999,330,S2,594.0,21.456,20.12
66000,330,S2,597.0,21.393,20.12
66001,331,S3,0.0,94.393,22.70
66002,331,S3,3.0,93.471,22.70
66003,331,S3,6.0,92.467,22.70
66004,331,S3,9.0,91.586,22.70
66005,331,S3,12.0,90.533,22.70
66006,331,S3,15.0,89.630,22.70
66007,331,S3,18.0,88.619,22.70
66008,331,S3,21.0,87.689,22.70
66009,331,S3,24.0,86.757,22.70
66010,331,S3,27.0,85.903,22.70
66011,331,S3,30.0,85.072,22.70
66012,331,S3,33.0,84.101,22.70
66013,331,S3,36.0,83.394,22.70
66014,331,S3,39.0,82.496,22.70
66015,331,S3,42.0,81.643,22.70
66016,331,S3,45.0,80.759,22.70
66017,331,S3,48.0,80.032,22.70
66018,331,S3,51.0,79.245,22.70
66019,331,S3,54.0,78.548,22.70
66020,331,S3,57.0,77.774,22.70
66021,331,S3,60.0,76.876,22.70
66022,331,S3,63.0,76.138,22.70
66023,331,S3,66.0,75.461,22.70
66024,331,S3,69.0,74.670,22.70
66025,331,S3,72.0,73.950,22.70
66026,331,S3,75.0,73.269,22.70
66027,331,S3,78.0,72.649,22.70
66028,331,S3,81.0,71.922,22.70
66029,331,S3,84.0,71.244,22.70
66030,331,S3,87.0,70.452,22.70
66031,331,S3,90.0,69.850,22.70
66032,331,S3,93.0,69.146,22.70
66033,331,S3,96.0,68.525,22.70
66034,331,S3,99.0,67.916,22.70
66035,331,S3,102.0,67.281,22.70
66036,331,S3,105.0,66.653,22.70
66037,331,S3,108.0,66.079,22.70
66038,331,S3,111.0,65.499,22.70
66039,331,S3,114.0,64.929,22.70
66040,331,S3,117.0,64.300,22.70
66041,331,S3,120.0,63.740,22.70
66042,331,S3,123.0,63.146,22.70
66043,331,S3,126.0,62.603,22.70
66044,331,S3,129.0,62.114,22.70
66045,331,S3,132.0,61.315,22.70
66046,331,S3,135.0,60.963,22.70
66047,331,S3,138.0,60.441,22.70
66048,331,S3,141.0,59.817,22.70
66049,331,S3,144.0,59.438,22.70
66050,331,S3,147.0,58.839,22.70
66051,331,S3,150.0,58.340,22.70
66052,331,S3,153.0,57.816,22.70
66053,331,S3,156.0,57.467,22.70
66054,331,S3,159.0,56.948,22.70
66055,331,S3,162.0,56.458,22.70
66056,331,S3,165.0,55.966,22.70
66057,331,S3,168.0,55.466,22.70
66058,331,S3,171.0,55.118,22.70
66059,331,S3,174.0,54.458,22.70
66060,331,S3,177.0,54.253,22.70
66061,331,S3,180.0,53.575,22.70
66062,331,S3,183.0,53.236,22.70
66063,331,S3,186.0,52.856,22.70
66064,331,S3,189.0,52.413,22.70
66065,331,S3,192.0,52.065,22.70
66066,331,S3,195.0,51.613,22.70
66067,331,S3,198.0,51.233,22.70
66068,331,S3,201.0,50.793,22.70
66069,331,S3,204.0,50.393,22.70
66070,331,S3,207.0,50.017,22.70
66071,331,S3,210.0,49.618,22.70
66072,331,S3,213.0,49.325,22.70
66073,331,S3,216.0,48.894,22.70
66074,331,S3,219.0,48.488,22.70
66075,331,S3,222.0,48.238,22.70
66076,331,S3,225.0,47.837,22.70
66077,331,S3,228.0,47.554,22.70
66078,331,S3,231.0,47.158,22.70
66079,331,S3,234.0,46.817,22.70
66080,331,S3,237.0,46.479,22.70
66081,331,S3,240.0,46.111,22.70
66082,331,S3,243.0,45.790,22.70
66083,331,S3,246.0,45.510,22.70
66084,331,S3,249.0,45.263,22.70
66085,331,S3,252.0,44.952,22.70
66086,331,S3,255.0,44.479,22.70
66087,331,S3,258.0,44.288,22.70
66088,331,S3,261.0,44.058,22.70
66089,331,S3,264.0,43.722,22.70
66090,331,S3,267.0,43.400,22.70
66091,331,S3,270.0,43.057,22.70
66092,331,S3,273.0,42.911,22.70
66093,331,S3,276.0,42.524,22.70
66094,331,S3,279.0,42.311,22.70
66095,331,S3,282.0,42.026,22.70
66096,331,S3,285.0,41.622,22.70
66097,331,S3,288.0,41.479,22.70
66098,331,S3,291.0,41.132,22.70
66099,331,S3,294.0,40.981,22.70
66100,331,S3,297.0,40.675,22.70
66101,331,S3,300.0,40.420,22.70
66102,331,S3,303.0,40.176,22.70
66103,331,S3,306.0,39.899,22.70
66104,331,S3,309.0,39.640,22.70
66105,331,S3,312.0,39.564,22.70
66106,331,S3,315.0,39.175,22.70
66107,331,S3,318.0,38.962,22.70
66108,331,S3,321.0,38.756,22.70
66109,331,S3,324.0,38.474,22.70
66110,331,S3,327.0,38.375,22.70
66111,331,S3,330.0,38.169,22.70
66112,331,S3,333.0,37.962,22.70
66113,331,S3,336.0,37.701,22.70
66114,331,S3,339.0,37.518,22.70
66115,331,S3,342.0,37.198,22.70
66116,331,S3,345.0,37.044,22.70
66117,331,S3,348.0,36.919,22.70
66118,331,S3,351.0,36.649,22.70
66119,331,S3,354.0,36.478,22.70
66120,331,S3,357.0,36.327,22.70
66121,331,S3,360.0,36.096,22.70
66122,331,S3,363.0,35.839,22.70
66123,331,S3,366.0,35.745,22.70
66124,331,S3,369.0,35.565,22.70
66125,331,S3,372.0,35.431,22.70
66126,331,S3,375.0,35.153,22.70
66127,331,S3,378.0,34.953,22.70
66128,331,S3,381.0,34.778,22.70
66129,331,S3,384.0,34.715,22.70
66130,331,S3,387.0,34.496,22.70
66131,331,S3,390.0,34.351,22.70
66132,331,S3,393.0,34.182,22.70
66133,331,S3,396.0,34.004,22.70
66134,331,S3,399.0,33.853,22.70
66135,331,S3,402.0,33.635,22.70
66136,331,S3,405.0,33.619,22.70
66137,331,S3,408.0,33.300,22.70
66138,331,S3,411.0,33.322,22.70
66139,331,S3,414.0,33.174,22.70
66140,331,S3,417.0,33.003,22.70
66141,331,S3,420.0,32.864,22.70
66142,331,S3,423.0,32.582,22.70
66143,331,S3,426.0,32.568,22.70
66144,331,S3,429.0,32.393,22.70
66145,331,S3,432.0,32.258,22.70
66146,331,S3,435.0,32.133,22.70
66147,331,S3,438.0,32.095,22.70
66148,331,S3,441.0,31.794,22.70
66149,331,S3,444.0,31.710,22.70
66150,331,S3,447.0,31.609,22.70
66151,331,S3,450.0,31.405,22.70
66152,331,S3,453.0,31.321,22.70
66153,331,S3,456.0,31.244,22.70
66154,331,S3,459.0,31.175,22.70
66155,331,S3,462.0,31.024,22.70
66156,331,S3,465.0,31.033,22.70
66157,331,S3,468.0,30.777,22.70
66158,331,S3,471.0,30.707,22.70
66159,331,S3,474.0,30.597,22.70
66160,331,S3,477.0,30.499,22.70
66161,331,S3,480.0,30.324,22.70
66162,331,S3,483.0,30.206,22.70
66163,331,S3,486.0,30.135,22.70
66164,331,S3,489.0,29.926,22.70
66165,331,S3,492.0,29.977,22.70
66166,331,S3,495.0,29.853,22.70
66167,331,S3,498.0,29.754,22.70
66168,331,S3,501.0,29.658,22.70
66169,331,S3,504.0,29.601,22.70
66170,331,S3,507.0,29.541,22.70
66171,331,S3,510.0,29.302,22.70
66172,331,S3,513.0,29.268,22.70
66173,331,S3,516.0,29.255,22.70
66174,331,S3,519.0,29.095,22.70
66175,331,S3,522.0,29.037,22.70
66176,331,S3,525.0,28.934,22.70
66177,331,S3,528.0,28.768,22.70
66178,331,S3,531.0,28.708,22.70
66179,331,S3,534.0,28.662,22.70
66180,331,S3,537.0,28.702,22.70
66181,331,S3,540.0,28.459,22.70
66182,331,S3,543.0,28.402,22.70
66183,331,S3,546.0,28.384,22.70
66184,331,S3,549.0,28.218,22.70
66185,331,S3,552.0,28.137,22.70
66186,331,S3,555.0,28.126,22.70
66187,331,S3,558.0,28.080,22.70
66188,331,S3,561.0,28.003,22.70
66189,331,S3,564.0,27.920,22.70
66190,331,S3,567.0,27.760,22.70
66191,331,S3,570.0,27.654,22.70
66192,331,S3,573.0,27.631,22.70
66193,331,S3,576.0,27.646,22.70
66194,331,S3,579.0,27.600,22.70
66195,331,S3,582.0,27.467,22.70
66196,331,S3,585.0,27.561,22.70
66197,331,S3,588.0,27.278,22.70
66198,331,S3,591.0,27.203,22.70
66199,331,S3,594.0,27.261,22.70
66200,331,S3,597.0,27.108,22.70
66201,332,S4,0.0,70.157,21.71
66202,332,S4,3.0,69.406,21.71
66203,332,S4,6.0,68.542,21.71
66204,332,S4,9.0,67.840,21.71
66205,332,S4,12.0,67.073,21.71
66206,332,S4,15.0,66.315,21.71
66207,332,S4,18.0,65.571,21.71
66208,332,S4,21.0,64.723,21.71
66209,332,S4,24.0,64.087,21.71
66210,332,S4,27.0,63.430,21.71
66211,332,S4,30.0,62.695,21.71
66212,332,S4,33.0,61.940,21.71
66213,332,S4,36.0,61.422,21.71
66214,332,S4,39.0,60.583,21.71
66215,332,S4,42.0,59.969,21.71
66216,332,S4,45.0,59.366,21.71
66217,332,S4,48.0,58.720,21.71
66218,332,S4,51.0,58.086,21.71
66219,332,S4,54.0,57.548,21.71
66220,332,S4,57.0,56.896,21.71
66221,332,S4,60.0,56.306,21.71
66222,332,S4,63.0,55.706,21.71
66223,332,S4,66.0,55.090,21.71
66224,332,S4,69.0,54.608,21.71
66225,332,S4,72.0,54.065,21.71
66226,332,S4,75.0,53.528,21.71
66227,332,S4,78.0,52.927,21.71
66228,332,S4,81.0,52.408,21.71
66229,332,S4,84.0,51.926,21.71
66230,332,S4,87.0,51.438,21.71
66231,332,S4,90.0,50.843,21.71
66232,332,S4,93.0,50.357,21.71
66233,332,S4,96.0,49.940,21.71
66234,332,S4,99.0,49.469,21.71
66235,332,S4,102.0,48.974,21.71
66236,332,S4,105.0,48.515,21.71
66237,332,S4,108.0,48.060,21.71
66238,332,S4,111.0,47.610,21.71
66239,332,S4,114.0,47.201,21.71
66240,332,S4,117.0,46.761,21.71
66241,332,S4,120.0,46.317,21.71
66242,332,S4,123.0,45.940,21.71
66243,332,S4,126.0,45.514,21.71
66244,332,S4,129.0,45.128,21.71
66245,332,S4,132.0,44.758,21.71
66246,332,S4,135.0,44.364,21.71
66247,332,S4,138.0,43.875,21.71
66248,332,S4,141.0,43.647,21.71
66249,332,S4,144.0,43.269,21.71
66250,332,S4,147.0,42.874,21.71
66251,332,S4,150.0,42.464,21.71
66252,332,S4,153.0,42.067,21.71
66253,332,S4,156.0,41.803,21.71
66254,332,S4,159.0,41.479,21.71
66255,332,S4,162.0,41.119,21.71
66256,332,S4,165.0,40.788,21.71
66257,332,S4,168.0,40.491,21.71
66258,332,S4,171.0,40.240,21.71
66259,332,S4,174.0,39.842,21.71
66260,332,S4,177.0,39.591,21.71
66261,332,S4,180.0,39.265,21.71
66262,332,S4,183.0,38.924,21.71
66263,332,S4,186.0,38.702,21.71
66264,332,S4,189.0,38.487,21.71
66265,332,S4,192.0,38.099,21.71
66266,332,S4,195.0,37.850,21.71
66267,332,S4,198.0,37.466,21.71
66268,332,S4,201.0,37.373,21.71
66269,332,S4,204.0,37.059,21.71
66270,332,S4,207.0,36.749,21.71
66271,332,S4,210.0,36.548,21.71
66272,332,S4,213.0,36.372,21.71
66273,332,S4,216.0,36.103,21.71
66274,332,S4,219.0,35.789,21.71
66275,332,S4,222.0,35.574,21.71
66276,332,S4,225.0,35.370,21.71
66277,332,S4,228.0,35.083,21.71
66278,332,S4,231.0,34.929,21.71
66279,332,S4,234.0,34.691,21.71
66280,332,S4,237.0,34.439,21.71
66281,332,S4,240.0,34.183,21.71
66282,332,S4,243.0,33.936,21.71
66283,332,S4,246.0,33.805,21.71
66284,332,S4,249.0,33.658,21.71
66285,332,S4,252.0,33.381,21.71
66286,332,S4,255.0,33.176,21.71
66287,332,S4,258.0,32.965,21.71
66288,332,S4,261.0,32.846,21.71
66289,332,S4,264.0,32.661,21.71
66290,332,S4,267.0,32.381,21.71
66291,332,S4,270.0,32.279,21.71
66292,332,S4,273.0,32.037,21.71
66293,332,S4,276.0,31.835,21.71
66294,332,S4,279.0,31.831,21.71
66295,332,S4,282.0,31.589,21.71
66296,332,S4,285.0,31.481,21.71
66297,332,S4,288.0,31.267,21.71
66298,332,S4,291.0,31.037,21.71
66299,332,S4,294.0,30.948,21.71
66300,332,S4,297.0,30.735,21.71
66301,332,S4,300.0,30.560,21.71
66302,332,S4,303.0,30.534,21.71
66303,332,S4,306.0,30.272,21.71
66304,332,S4,309.0,30.162,21.71
66305,332,S4,312.0,30.119,21.71
66306,332,S4,315.0,29.962,21.71
66307,332,S4,318.0,29.728,21.71
66308,332,S4,321.0,29.638,21.71
66309,332,S4,324.0,29.487,21.71
66310,332,S4,327.0,29.471,21.71
66311,332,S4,330.0,29.280,21.71
66312,332,S4,333.0,29.204,21.71
66313,332,S4,336.0,29.038,21.71
66314,332,S4,339.0,28.887,21.71
66315,332,S4,342.0,28.757,21.71
66316,332,S4,345.0,28.562,21.71
66317,332,S4,348.0,28.434,21.71
66318,332,S4,351.0,28.424,21.71
66319,332,S4,354.0,28.409,21.71
66320,332,S4,357.0,28.249,21.71
66321,332,S4,360.0,28.038,21.71
66322,332,S4,363.0,27.887,21.71
66323,332,S4,366.0,27.862,21.71
66324,332,S4,369.0,27.729,21.71
66325,332,S4,372.0,27.657,21.71
66326,332,S4,375.0,27.484,21.71
66327,332,S4,378.0,27.400,21.71
66328,332,S4,381.0,27.427,21.71
66329,332,S4,384.0,27.159,21.71
66330,332,S4,387.0,27.218,21.71
66331,332,S4,390.0,27.124,21.71
66332,332,S4,393.0,26.963,21.71
66333,332,S4,396.0,26.864,21.71
66334,332,S4,399.0,26.856,21.71
66335,332,S4,402.0,26.707,21.71
66336,332,S4,405.0,26.667,21.71
66337,332,S4,408.0,26.545,21.71
66338,332,S4,411.0,26.417,21.71
66339,332,S4,414.0,26.395,21.71
66340,332,S4,417.0,26.301,21.71
66341,332,S4,420.0,26.312,21.71
66342,332,S4,423.0,26.145,21.71
66343,332,S4,426.0,26.132,21.71
66344,332,S4,429.0,26.034,21.71
66345,332,S4,432.0,25.932,21.71
66346,332,S4,435.0,25.832,21.71
66347,332,S4,438.0,25.818,21.71
66348,332,S4,441.0,25.693,21.71
66349,332,S4,444.0,25.686,21.71
66350,332,S4,447.0,25.497,21.71
66351,332,S4,450.0,25.465,21.71
66352,332,S4,453.0,25.501,21.71
66353,332,S4,456.0,25.355,21.71
66354,332,S4,459.0,25.346,21.71
66355,332,S4,462.0,25.313,21.71
66356,332,S4,465.0,25.157,21.71
66357,332,S4,468.0,25.242,21.71
66358,332,S4,471.0,25.117,21.71
66359,332,S4,474.0,25.007,21.71
66360,332,S4,477.0,25.063,21.71
66361,332,S4,480.0,24.986,21.71
66362,332,S4,483.0,24.974,21.71
66363,332,S4,486.0,24.792,21.71
66364,332,S4,489.0,24.829,21.71
66365,332,S4,492.0,24.784,21.71
66366,332,S4,495.0,24.654,21.71
66367,332,S4,498.0,24.639,21.71
66368,332,S4,501.0,24.636,21.71
66369,332,S4,504.0,24.537,21.71
66370,332,S4,507.0,24.475,21.71
66371,332,S4,510.0,24.390,21.71
66372,332,S4,513.0,24.353,21.71
66373,332,S4,516.0,24.338,21.71
66374,332,S4,519.0,24.247,21.71
66375,332,S4,522.0,24.263,21.71
66376,332,S4,525.0,24.170,21.71
66377,332,S4,528.0,24.266,21.71
66378,332,S4,531.0,24.067,21.71
66379,332,S4,534.0,24.112,21.71
66380,332,S4,537.0,24.046,21.71
66381,332,S4,540.0,23.994,21.71
66382,332,S4,543.0,23.907,21.71
66383,332,S4,546.0,23.873,21.71
66384,332,S4,549.0,23.908,21.71
66385,332,S4,552.0,23.993,21.71
66386,332,S4,555.0,23.751,21.71
66387,332,S4,558.0,23.813,21.71
66388,332,S4,561.0,23.702,21.71
66389,332,S4,564.0,23.782,21.71
66390,332,S4,567.0,23.547,21.71
66391,332,S4,570.0,23.627,21.71
66392,332,S4,573.0,23.676,21.71
66393,332,S4,576.0,23.647,21.71
66394,332,S4,579.0,23.564,21.71
66395,332,S4,582.0,23.584,21.71
66396,332,S4,585.0,23.434,21.71
66397,332,S4,588.0,23.597,21.71
66398,332,S4,591.0,23.451,21.71
66399,332,S4,594.0,23.343,21.71
66400,332,S4,597.0,23.379,21.71
66401,333,S1,0.0,78.841,20.76
66402,333,S1,3.0,78.153,20.76
66403,333,S1,6.0,77.362,20.76
66404,333,S1,9.0,76.590,20.76
66405,333,S1,12.0,75.923,20.76
66406,333,S1,15.0,75.201,20.76
66407,333,S1,18.0,74.455,20.76
66408,333,S1,21.0,73.774,20.76
66409,333,S1,24.0,73.098,20.76
66410,333,S1,27.0,72.510,20.76
66411,333,S1,30.0,71.728,20.76
66412,333,S1,33.0,71.069,20.76
66413,333,S1,36.0,70.410,20.76
66414,333,S1,39.0,69.677,20.76
66415,333,S1,42.0,69.068,20.76
66416,333,S1,45.0,68.640,20.76
66417,333,S1,48.0,67.822,20.76
66418,333,S1,51.0,67.224,20.76
66419,333,S1,54.0,66.648,20.76
66420,333,S1,57.0,66.047,20.76
66421,333,S1,60.0,65.389,20.76
66422,333,S1,63.0,64.799,20.76
66423,333,S1,66.0,64.268,20.76
66424,333,S1,69.0,63.791,20.76
66425,333,S1,72.0,63.227,20.76
66426,333,S1,75.0,62.610,20.76
66427,333,S1,78.0,62.068,20.76
66428,333,S1,81.0,61.581,20.76
66429,333,S1,84.0,60.951,20.76
66430,333,S1,87.0,60.447,20.76
66431,333,S1,90.0,60.022,20.76
66432,333,S1,93.0,59.348,20.76
66433,333,S1,96.0,58.879,20.76
66434,333,S1,99.0,58.456,20.76
66435,333,S1,102.0,57.929,20.76
66436,333,S1,105.0,57.428,20.76
66437,333,S1,108.0,57.003,20.76
66438,333,S1,111.0,56.541,20.76
66439,333,S1,114.0,56.004,20.76
66440,333,S1,117.0,55.614,20.76
66441,333,S1,120.0,55.152,20.76
66442,333,S1,123.0,54.749,20.76
66443,333,S1,126.0,54.231,20.76
66444,333,S1,129.0,53.837,20.76
66445,333,S1,132.0,53.403,20.76
66446,333,S1,135.0,52.935,20.76
66447,333,S1,138.0,52.495,20.76
66448,333,S1,141.0,52.152,20.76
66449,333,S1,144.0,51.685,20.76
66450,333,S1,147.0,51.266,20.76
66451,333,S1,150.0,50.858,20.76
66452,333,S1,153.0,50.536,20.76
66453,333,S1,156.0,50.090,20.76
66454,333,S1,159.0,49.658,20.76
66455,333,S1,162.0,49.278,20.76
66456,333,S1,165.0,48.881,20.76
66457,333,S1,168.0,48.674,20.76
66458,333,S1,171.0,48.293,20.76
66459,333,S1,174.0,47.917,20.76
66460,333,S1,177.0,47.521,20.76
66461,333,S1,180.0,47.241,20.76
66462,333,S1,183.0,46.836,20.76
66463,333,S1,186.0,46.471,20.76
66464,333,S1,189.0,46.179,20.76
66465,333,S1,192.0,45.860,20.76
66466,333,S1,195.0,45.363,20.76
66467,333,S1,198.0,45.145,20.76
66468,333,S1,201.0,44.905,20.76
66469,333,S1,204.0,44.513,20.76
66470,333,S1,207.0,44.186,20.76
66471,333,S1,210.0,43.913,20.76
66472,333,S1,213.0,43.599,20.76
66473,333,S1,216.0,43.317,20.76
66474,333,S1,219.0,42.978,20.76
66475,333,S1,222.0,42.772,20.76
66476,333,S1,225.0,42.476,20.76
66477,333,S1,228.0,42.190,20.76
66478,333,S1,231.0,41.907,20.76
66479,333,S1,234.0,41.653,20.76
66480,333,S1,237.0,41.294,20.76
66481,333,S1,240.0,41.048,20.76
66482,333,S1,243.0,40.872,20.76
66483,333,S1,246.0,40.575,20.76
66484,333,S1,249.0,40.219,20.76
66485,333,S1,252.0,40.020,20.76
66486,333,S1,255.0,39.716,20.76
66487,333,S1,258.0,39.536,20.76
66488,333,S1,261.0,39.305,20.76
66489,333,S1,264.0,39.015,20.76
66490,333,S1,267.0,38.844,20.76
66491,333,S1,270.0,38.551,20.76
66492,333,S1,273.0,38.305,20.76
66493,333,S1,276.0,38.170,20.76
66494,333,S1,279.0,37.981,20.76
66495,333,S1,282.0,37.755,20.76
66496,333,S1,285.0,37.519,20.76
66497,333,S1,288.0,37.226,20.76
66498,333,S1,291.0,36.946,20.76
66499,333,S1,294.0,36.729,20.76
66500,333,S1,297.0,36.625,20.76
66501,333,S1,300.0,36.363,20.76
66502,333,S1,303.0,36.168,20.76
66503,333,S1,306.0,36.011,20.76
66504,333,S1,309.0,35.750,20.76
66505,333,S1,312.0,35.626,20.76
66506,333,S1,315.0,35.390,20.76
66507,333,S1,318.0,35.100,20.76
66508,333,S1,321.0,34.918,20.76
66509,333,S1,324.0,34.742,20.76
66510,333,S1,327.0,34.609,20.76
66511,333,S1,330.0,34.495,20.76
66512,333,S1,333.0,34.193,20.76
66513,333,S1,336.0,34.133,20.76
66514,333,S1,339.0,33.928,20.76
66515,333,S1,342.0,33.778,20.76
66516,333,S1,345.0,33.558,20.76
66517,333,S1,348.0,33.356,20.76
66518,333,S1,351.0,33.326,20.76
66519,333,S1,354.0,33.131,20.76
66520,333,S1,357.0,32.960,20.76
66521,333,S1,360.0,32.764,20.76
66522,333,S1,363.0,32.679,20.76
66523,333,S1,366.0,32.427,20.76
66524,333,S1,369.0,32.293,20.76
66525,333,S1,372.0,32.135,20.76
66526,333,S1,375.0,31.965,20.76
66527,333,S1,378.0,31.932,20.76
66528,333,S1,381.0,31.767,20.76
66529,333,S1,384.0,31.524,20.76
66530,333,S1,387.0,31.480,20.76
66531,333,S1,390.0,31.300,20.76
66532,333,S1,393.0,31.088,20.76
66533,333,S1,396.0,31.066,20.76
66534,333,S1,399.0,30.782,20.76
66535,333,S1,402.0,30.789,20.76
66536,333,S1,405.0,30.641,20.76
66537,333,S1,408.0,30.467,20.76
66538,333,S1,411.0,30.337,20.76
66539,333,S1,414.0,30.251,20.76
66540,333,S1,417.0,30.074,20.76
66541,333,S1,420.0,29.950,20.76
66542,333,S1,423.0,29.857,20.76
66543,333,S1,426.0,29.671,20.76
66544,333,S1,429.0,29.711,20.76
66545,333,S1,432.0,29.486,20.76
66546,333,S1,435.0,29.491,20.76
66547,333,S1,438.0,29.358,20.76
66548,333,S1,441.0,29.148,20.76
66549,333,S1,444.0,29.092,20.76
66550,333,S1,447.0,28.994,20.76
66551,333,S1,450.0,28.759,20.76
66552,333,S1,453.0,28.688,20.76
66553,333,S1,456.0,28.632,20.76
66554,333,S1,459.0,28.644,20.76
66555,333,S1,462.0,28.436,20.76
66556,333,S1,465.0,28.330,20.76
66557,333,S1,468.0,28.268,20.76
66558,333,S1,471.0,28.194,20.76
66559,333,S1,474.0,28.027,20.76
66560,333,S1,477.0,27.932,20.76
66561,333,S1,480.0,27.799,20.76
66562,333,S1,483.0,27.802,20.76
66563,333,S1,486.0,27.678,20.76
66564,333,S1,489.0,27.687,20.76
66565,333,S1,492.0,27.512,20.76
66566,333,S1,495.0,27.543,20.76
66567,333,S1,498.0,27.374,20.76
66568,333,S1,501.0,27.226,20.76
66569,333,S1,504.0,27.155,20.76
66570,333,S1,507.0,27.124,20.76
66571,333,S1,510.0,26.989,20.76
66572,333,S1,513.0,26.882,20.76
66573,333,S1,516.0,26.790,20.76
66574,333,S1,519.0,26.773,20.76
66575,333,S1,522.0,26.624,20.76
66576,333,S1,525.0,26.676,20.76
66577,333,S1,528.0,26.588,20.76
66578,333,S1,531.0,26.529,20.76
66579,333,S1,534.0,26.269,20.76
66580,333,S1,537.0,26.261,20.76
66581,333,S1,540.0,26.215,20.76
66582,333,S1,543.0,26.172,20.76
66583,333,S1,546.0,26.182,20.76
66584,333,S1,549.0,26.051,20.76
66585,333,S1,552.0,25.969,20.76
66586,333,S1,555.0,25.782,20.76
66587,333,S1,558.0,25.787,20.76
66588,333,S1,561.0,25.778,20.76
66589,333,S1,564.0,25.680,20.76
66590,333,S1,567.0,25.616,20.76
66591,333,S1,570.0,25.499,20.76
66592,333,S1,573.0,25.445,20.76
66593,333,S1,576.0,25.332,20.76
66594,333,S1,579.0,25.361,20.76
66595,333,S1,582.0,25.327,20.76
66596,333,S1,585.0,25.286,20.76
66597,333,S1,588.0,25.131,20.76
66598,333,S1,591.0,25.150,20.76
66599,333,S1,594.0,25.092,20.76
66600,333,S1,597.0,25.041,20.76
66601,334,S2,0.0,70.714,22.56
66602,334,S2,3.0,70.135,22.56
66603,334,S2,6.0,69.342,22.56
66604,334,S2,9.0,68.741,22.56
66605,334,S2,12.0,68.099,22.56
66606,334,S2,15.0,67.447,22.56
66607,334,S2,18.0,66.875,22.56
66608,334,S2,21.0,66.243,22.56
66609,334,S2,24.0,65.520,22.56
66610,334,S2,27.0,64.991,22.56
66611,334,S2,30.0,64.362,22.56
66612,334,S2,33.0,63.878,22.56
66613,334,S2,36.0,63.316,22.56
66614,334,S2,39.0,62.699,22.56
66615,334,S2,42.0,62.121,22.56
66616,334,S2,45.0,61.600,22.56
66617,334,S2,48.0,60.899,22.56
66618,334,S2,51.0,60.486,22.56
66619,334,S2,54.0,59.810,22.56
66620,334,S2,57.0,59.375,22.56
66621,334,S2,60.0,58.939,22.56
66622,334,S2,63.0,58.310,22.56
66623,334,S2,66.0,57.790,22.56
66624,334,S2,69.0,57.456,22.56
66625,334,S2,72.0,56.757,22.56
66626,334,S2,75.0,56.346,22.56
66627,334,S2,78.0,55.896,22.56
66628,334,S2,81.0,55.465,22.56
66629,334,S2,84.0,55.013,22.56
66630,334,S2,87.0,54.536,22.56
66631,334,S2,90.0,54.072,22.56
66632,334,S2,93.0,53.689,22.56
66633,334,S2,96.0,53.255,22.56
66634,334,S2,99.0,52.806,22.56
66635,334,S2,102.0,52.386,22.56
66636,334,S2,105.0,51.902,22.56
66637,334,S2,108.0,51.620,22.56
66638,334,S2,111.0,51.192,22.56
66639,334,S2,114.0,50.788,22.56
66640,334,S2,117.0,50.394,22.56
66641,334,S2,120.0,50.029,22.56
66642,334,S2,123.0,49.507,22.56
66643,334,S2,126.0,49.116,22.56
66644,334,S2,129.0,48.755,22.56
66645,334,S2,132.0,48.470,22.56
66646,334,S2,135.0,48.008,22.56
66647,334,S2,138.0,47.743,22.56
66648,334,S2,141.0,47.311,22.56
66649,334,S2,144.0,46.982,22.56
66650,334,S2,147.0,46.767,22.56
66651,334,S2,150.0,46.393,22.56
66652,334,S2,153.0,45.874,22.56
66653,334,S2,156.0,45.684,22.56
66654,334,S2,159.0,45.269,22.56
66655,334,S2,162.0,44.974,22.56
66656,334,S2,165.0,44.641,22.56
66657,334,S2,168.0,44.314,22.56
66658,334,S2,171.0,44.017,22.56
66659,334,S2,174.0,43.712,22.56
66660,334,S2,177.0,43.508,22.56
66661,334,S2,180.0,43.077,22.56
66662,334,S2,183.0,42.926,22.56
66663,334,S2,186.0,42.558,22.56
66664,334,S2,189.0,42.261,22.56
66665,334,S2,192.0,42.020,22.56
66666,334,S2,195.0,41.829,22.56
66667,334,S2,198.0,41.528,22.56
66668,334,S2,201.0,41.231,22.56
66669,334,S2,204.0,40.900,22.56
66670,334,S2,207.0,40.653,22.56
66671,334,S2,210.0,40.411,22.56
66672,334,S2,213.0,40.222,22.56
66673,334,S2,216.0,39.961,22.56
66674,334,S2,219.0,39.658,22.56
66675,334,S2,222.0,39.495,22.56
66676,334,S2,225.0,39.158,22.56
66677,334,S2,228.0,39.026,22.56
66678,334,S2,231.0,38.791,22.56
66679,334,S2,234.0,38.461,22.56
66680,334,S2,237.0,38.300,22.56
66681,334,S2,240.0,38.132,22.56
66682,334,S2,243.0,37.859,22.56
66683,334,S2,246.0,37.666,22.56
66684,334,S2,249.0,37.506,22.56
66685,334,S2,252.0,37.271,22.56
66686,334,S2,255.0,37.037,22.56
66687,334,S2,258.0,36.851,22.56
66688,334,S2,261.0,36.643,22.56
66689,334,S2,264.0,36.374,22.56
66690,334,S2,267.0,36.174,22.56
66691,334,S2,270.0,36.029,22.56
66692,334,S2,273.0,35.887,22.56
66693,334,S2,276.0,35.618,22.56
66694,334,S2,279.0,35.531,22.56
66695,334,S2,282.0,35.404,22.56
66696,334,S2,285.0,35.082,22.56
66697,334,S2,288.0,34.924,22.56
66698,334,S2,291.0,34.739,22.56
66699,334,S2,294.0,34.624,22.56
66700,334,S2,297.0,34.382,22.56
66701,334,S2,300.0,34.137,22.56
66702,334,S2,303.0,34.169,22.56
66703,334,S2,306.0,33.896,22.56
66704,334,S2,309.0,33.818,22.56
66705,334,S2,312.0,33.604,22.56
66706,334,S2,315.0,33.378,22.56
66707,334,S2,318.0,33.320,22.56
66708,334,S2,321.0,33.156,22.56
66709,334,S2,324.0,33.070,22.56
66710,334,S2,327.0,32.881,22.56
66711,334,S2,330.0,32.702,22.56
66712,334,S2,333.0,32.568,22.56
66713,334,S2,336.0,32.480,22.56
66714,334,S2,339.0,32.184,22.56
66715,334,S2,342.0,32.141,22.56
66716,334,S2,345.0,32.089,22.56
66717,334,S2,348.0,31.889,22.56
66718,334,S2,351.0,31.805,22.56
66719,334,S2,354.0,31.688,22.56
66720,334,S2,357.0,31.518,22.56
66721,334,S2,360.0,31.388,22.56
66722,334,S2,363.0,31.451,22.56
66723,334,S2,366.0,31.205,22.56
66724,334,S2,369.0,31.010,22.56
66725,334,S2,372.0,30.837,22.56
66726,334,S2,375.0,30.782,22.56
66727,334,S2,378.0,30.700,22.56
66728,334,S2,381.0,30.551,22.56
66729,334,S2,384.0,30.502,22.56
66730,334,S2,387.0,30.362,22.56
66731,334,S2,390.0,30.202,22.56
66732,334,S2,393.0,30.092,22.56
66733,334,S2,396.0,30.092,22.56
66734,334,S2,399.0,29.898,22.56
66735,334,S2,402.0,29.774,22.56
66736,334,S2,405.0,29.675,22.56
66737,334,S2,408.0,29.478,22.56
66738,334,S2,411.0,29.500,22.56
66739,334,S2,414.0,29.342,22.56
66740,334,S2,417.0,29.352,22.56
66741,334,S2,420.0,29.133,22.56
66742,334,S2,423.0,29.073,22.56
66743,334,S2,426.0,29.043,22.56
66744,334,S2,429.0,28.998,22.56
66745,334,S2,432.0,28.822,22.56
66746,334,S2,435.0,28.747,22.56
66747,334,S2,438.0,28.775,22.56
66748,334,S2,441.0,28.570,22.56
66749,334,S2,444.0,28.415,22.56
66750,334,S2,447.0,28.359,22.56
66751,334,S2,450.0,28.364,22.56
66752,334,S2,453.0,28.312,22.56
66753,334,S2,456.0,28.167,22.56
66754,334,S2,459.0,28.108,22.56
66755,334,S2,462.0,27.966,22.56
66756,334,S2,465.0,27.935,22.56
66757,334,S2,468.0,27.843,22.56
66758,334,S2,471.0,27.778,22.56
66759,334,S2,474.0,27.693,22.56
66760,334,S2,477.0,27.597,22.56
66761,334,S2,480.0,27.587,22.56
66762,334,S2,483.0,27.491,22.56
66763,334,S2,486.0,27.442,22.56
66764,334,S2,489.0,27.274,22.56
66765,334,S2,492.0,27.235,22.56
66766,334,S2,495.0,27.206,22.56
66767,334,S2,498.0,27.209,22.56
66768,334,S2,501.0,27.053,22.56
66769,334,S2,504.0,26.986,22.56
66770,334,S2,507.0,27.010,22.56
66771,334,S2,510.0,26.938,22.56
66772,334,S2,513.0,26.827,22.56
66773,334,S2,516.0,26.813,22.56
66774,334,S2,519.0,26.764,22.56
66775,334,S2,522.0,26.692,22.56
66776,334,S2,525.0,26.621,22.56
66777,334,S2,528.0,26.514,22.56
66778,334,S2,531.0,26.487,22.56
66779,334,S2,534.0,26.428,22.56
66780,334,S2,537.0,26.448,22.56
66781,334,S2,540.0,26.319,22.56
66782,334,S2,543.0,26.227,22.56
66783,334,S2,546.0,26.177,22.56
66784,334,S2,549.0,26.024,22.56
66785,334,S2,552.0,26.148,22.56
66786,334,S2,555.0,26.118,22.56
66787,334,S2,558.0,25.981,22.56
66788,334,S2,561.0,25.992,22.56
66789,334,S2,564.0,25.915,22.56
66790,334,S2,567.0,25.841,22.56
66791,334,S2,570.0,25.821,22.56
66792,334,S2,573.0,25.858,22.56
66793,334,S2,576.0,25.782,22.56
66794,334,S2,579.0,25.683,22.56
66795,334,S2,582.0,25.592,22.56
66796,334,S2,585.0,25.558,22.56
66797,334,S2,588.0,25.678,22.56
66798,334,S2,591.0,25.451,22.56
66799,334,S2,594.0,25.478,22.56
66800,334,S2,597.0,25.413,22.56
66801,335,S3,0.0,93.217,21.77
66802,335,S3,3.0,92.104,21.77
66803,335,S3,6.0,91.008,21.77
66804,335,S3,9.0,89.907,21.77
66805,335,S3,12.0,88.893,21.77
66806,335,S3,15.0,87.801,21.77
66807,335,S3,18.0,86.774,21.77
66808,335,S3,21.0,85.758,21.77
66809,335,S3,24.0,84.699,21.77
66810,335,S3,27.0,83.706,21.77
66811,335,S3,30.0,82.761,21.77
66812,335,S3,33.0,81.788,21.77
66813,335,S3,36.0,80.809,21.77
66814,335,S3,39.0,79.922,21.77
66815,335,S3,42.0,79.041,21.77
66816,335,S3,45.0,78.089,21.77
66817,335,S3,48.0,77.205,21.77
66818,335,S3,51.0,76.382,21.77
66819,335,S3,54.0,75.597,21.77
66820,335,S3,57.0,74.671,21.77
66821,335,S3,60.0,73.802,21.77
66822,335,S3,63.0,73.016,21.77
66823,335,S3,66.0,72.168,21.77
66824,335,S3,69.0,71.331,21.77
66825,335,S3,72.0,70.617,21.77
66826,335,S3,75.0,69.772,21.77
66827,335,S3,78.0,69.048,21.77
66828,335,S3,81.0,68.316,21.77
66829,335,S3,84.0,67.560,21.77
66830,335,S3,87.0,66.852,21.77
66831,335,S3,90.0,66.211,21.77
66832,335,S3,93.0,65.428,21.77
66833,335,S3,96.0,64.858,21.77
66834,335,S3,99.0,64.163,21.77
66835,335,S3,102.0,63.452,21.77
66836,335,S3,105.0,62.743,21.77
66837,335,S3,108.0,62.211,21.77
66838,335,S3,111.0,61.454,21.77
66839,335,S3,114.0,60.867,21.77
66840,335,S3,117.0,60.255,21.77
66841,335,S3,120.0,59.652,21.77
66842,335,S3,123.0,59.064,21.77
66843,335,S3,126.0,58.570,21.77
66844,335,S3,129.0,57.865,21.77
66845,335,S3,132.0,57.274,21.77
66846,335,S3,135.0,56.743,21.77
66847,335,S3,138.0,56.198,21.77
66848,335,S3,141.0,55.719,21.77
66849,335,S3,144.0,55.117,21.77
66850,335,S3,147.0,54.588,21.77
66851,335,S3,150.0,54.011,21.77
66852,335,S3,153.0,53.714,21.77
66853,335,S3,156.0,53.040,21.77
66854,335,S3,159.0,52.544,21.77
66855,335,S3,162.0,52.104,21.77
66856,335,S3,165.0,51.530,21.77
66857,335,S3,168.0,51.219,21.77
66858,335,S3,171.0,50.662,21.77
66859,335,S3,174.0,50.291,21.77
66860,335,S3,177.0,49.730,21.77
66861,335,S3,180.0,49.334,21.77
66862,335,S3,183.0,48.918,21.77
66863,335,S3,186.0,48.480,21.77
66864,335,S3,189.0,48.050,21.77
66865,335,S3,192.0,47.597,21.77
66866,335,S3,195.0,47.258,21.77
66867,335,S3,198.0,46.870,21.77
66868,335,S3,201.0,46.408,21.77
66869,335,S3,204.0,45.975,21.77
66870,335,S3,207.0,45.689,21.77
66871,335,S3,210.0,45.345,21.77
66872,335,S3,213.0,44.974,21.77
66873,335,S3,216.0,44.536,21.77
66874,335,S3,219.0,44.164,21.77
66875,335,S3,222.0,43.898,21.77
66876,335,S3,225.0,43.524,21.77
66877,335,S3,228.0,43.191,21.77
66878,335,S3,231.0,42.940,21.77
66879,335,S3,234.0,42.477,21.77
66880,335,S3,237.0,42.128,21.77
66881,335,S3,240.0,41.774,21.77
66882,335,S3,243.0,41.532,21.77
66883,335,S3,246.0,41.133,21.77
66884,335,S3,249.0,40.904,21.77
66885,335,S3,252.0,40.603,21.77
66886,335,S3,255.0,40.257,21.77
66887,335,S3,258.0,40.064,21.77
66888,335,S3,261.0,39.728,21.77
66889,335,S3,264.0,39.448,21.77
66890,335,S3,267.0,39.231,21.77
66891,335,S3,270.0,38.894,21.77
66892,335,S3,273.0,38.647,21.77
66893,335,S3,276.0,38.288,21.77
66894,335,S3,279.0,38.137,21.77
66895,335,S3,282.0,37.800,21.77
66896,335,S3,285.0,37.638,21.77
66897,335,S3,288.0,37.309,21.77
66898,335,S3,291.0,37.084,21.77
66899,335,S3,294.0,36.800,21.77
66900,335,S3,297.0,36.604,21.77
66901,335,S3,300.0,36.364,21.77
66902,335,S3,303.0,36.223,21.77
66903,335,S3,306.0,35.867,21.77
66904,335,S3,309.0,35.567,21.77
66905,335,S3,312.0,35.433,21.77
66906,335,S3,315.0,35.198,21.77
66907,335,S3,318.0,35.017,21.77
66908,335,S3,321.0,34.819,21.77
66909,335,S3,324.0,34.614,21.77
66910,335,S3,327.0,34.506,21.77
66911,335,S3,330.0,34.176,21.77
66912,335,S3,333.0,34.033,21.77
66913,335,S3,336.0,33.904,21.77
66914,335,S3,339.0,33.722,21.77
66915,335,S3,342.0,33.424,21.77
66916,335,S3,345.0,33.291,21.77
66917,335,S3,348.0,33.095,21.77
66918,335,S3,351.0,32.932,21.77
66919,335,S3,354.0,32.780,21.77
66920,335,S3,357.0,32.542,21.77
66921,335,S3,360.0,32.373,21.77
66922,335,S3,363.0,32.244,21.77
66923,335,S3,366.0,31.983,21.77
66924,335,S3,369.0,31.953,21.77
66925,335,S3,372.0,31.805,21.77
66926,335,S3,375.0,31.499,21.77
66927,335,S3,378.0,31.425,21.77
66928,335,S3,381.0,31.292,21.77
66929,335,S3,384.0,31.049,21.77
66930,335,S3,387.0,31.041,21.77
66931,335,S3,390.0,30.872,21.77
66932,335,S3,393.0,30.691,21.77
66933,335,S3,396.0,30.533,21.77
66934,335,S3,399.0,30.348,21.77
66935,335,S3,402.0,30.288,21.77
66936,335,S3,405.0,30.193,21.77
66937,335,S3,408.0,29.986,21.77
66938,335,S3,411.0,29.843,21.77
66939,335,S3,414.0,29.789,21.77
66940,335,S3,417.0,29.608,21.77
66941,335,S3,420.0,29.529,21.77
66942,335,S3,423.0,29.377,21.77
66943,335,S3,426.0,29.283,21.77
66944,335,S3,429.0,29.174,21.77
66945,335,S3,432.0,29.105,21.77
66946,335,S3,435.0,28.906,21.77
66947,335,S3,438.0,28.841,21.77
66948,335,S3,441.0,28.664,21.77
66949,335,S3,444.0,28.573,21.77
66950,335,S3,447.0,28.469,21.77
66951,335,S3,450.0,28.379,21.77
66952,335,S3,453.0,28.295,21.77
66953,335,S3,456.0,28.081,21.77
66954,335,S3,459.0,28.104,21.77
66955,335,S3,462.0,27.987,21.77
66956,335,S3,465.0,27.856,21.77
66957,335,S3,468.0,27.795,21.77
66958,335,S3,471.0,27.623,21.77
66959,335,S3,474.0,27.520,21.77
66960,335,S3,477.0,27.561,21.77
66961,335,S3,480.0,27.336,21.77
66962,335,S3,483.0,27.230,21.77
66963,335,S3,486.0,27.167,21.77
66964,335,S3,489.0,27.169,21.77
66965,335,S3,492.0,27.080,21.77
66966,335,S3,495.0,26.965,21.77
66967,335,S3,498.0,26.812,21.77
66968,335,S3,501.0,26.806,21.77
66969,335,S3,504.0,26.722,21.77
66970,335,S3,507.0,26.668,21.77
66971,335,S3,510.0,26.451,21.77
66972,335,S3,513.0,26.491,21.77
66973,335,S3,516.0,26.483,21.77
66974,335,S3,519.0,26.325,21.77
66975,335,S3,522.0,26.351,21.77
66976,335,S3,525.0,26.218,21.77
66977,335,S3,528.0,26.056,21.77
66978,335,S3,531.0,26.199,21.77
66979,335,S3,534.0,26.088,21.77
66980,335,S3,537.0,25.970,21.77
66981,335,S3,540.0,25.858,21.77
66982,335,S3,543.0,25.814,21.77
66983,335,S3,546.0,25.713,21.77
66984,335,S3,549.0,25.714,21.77
66985,335,S3,552.0,25.643,21.77
66986,335,S3,555.0,25.540,21.77
66987,335,S3,558.0,25.458,21.77
66988,335,S3,561.0,25.515,21.77
66989,335,S3,564.0,25.385,21.77
66990,335,S3,567.0,25.322,21.77
66991,335,S3,570.0,25.264,21.77
66992,335,S3,573.0,25.162,21.77
66993,335,S3,576.0,25.144,21.77
66994,335,S3,579.0,25.053,21.77
66995,335,S3,582.0,25.048,21.77
66996,335,S3,585.0,24.988,21.77
66997,335,S3,588.0,24.904,21.77
66998,335,S3,591.0,24.891,21.77
66999,335,S3,594.0,24.923,21.77
67000,335,S3,597.0,24.858,21.77
67001,336,S4,0.0,83.261,21.72
67002,336,S4,3.0,82.150,21.72
67003,336,S4,6.0,81.083,21.72
67004,336,S4,9.0,80.082,21.72
67005,336,S4,12.0,79.027,21.72
67006,336,S4,15.0,78.071,21.72
67007,336,S4,18.0,77.060,21.72
67008,336,S4,21.0,76.123,21.72
67009,336,S4,24.0,75.125,21.72
67010,336,S4,27.0,74.305,21.72
67011,336,S4,30.0,73.383,21.72
67012,336,S4,33.0,72.543,21.72
67013,336,S4,36.0,71.592,21.72
67014,336,S4,39.0,70.753,21.72
67015,336,S4,42.0,69.872,21.72
67016,336,S4,45.0,69.077,21.72
67017,336,S4,48.0,68.244,21.72
67018,336,S4,51.0,67.436,21.72
67019,336,S4,54.0,66.666,21.72
67020,336,S4,57.0,65.892,21.72
67021,336,S4,60.0,65.151,21.72
67022,336,S4,63.0,64.306,21.72
67023,336,S4,66.0,63.644,21.72
67024,336,S4,69.0,62.890,21.72
67025,336,S4,72.0,62.170,21.72
67026,336,S4,75.0,61.488,21.72
67027,336,S4,78.0,60.832,21.72
67028,336,S4,81.0,60.147,21.72
67029,336,S4,84.0,59.478,21.72
67030,336,S4,87.0,58.795,21.72
67031,336,S4,90.0,58.117,21.72
67032,336,S4,93.0,57.388,21.72
67033,336,S4,96.0,56.969,21.72
67034,336,S4,99.0,56.354,21.72
67035,336,S4,102.0,55.766,21.72
67036,336,S4,105.0,55.136,21.72
67037,336,S4,108.0,54.469,21.72
67038,336,S4,111.0,54.053,21.72
67039,336,S4,114.0,53.498,21.72
67040,336,S4,117.0,52.830,21.72
67041,336,S4,120.0,52.331,21.72
67042,336,S4,123.0,51.804,21.72
67043,336,S4,126.0,51.227,21.72
67044,336,S4,129.0,50.784,21.72
67045,336,S4,132.0,50.266,21.72
67046,336,S4,135.0,49.828,21.72
67047,336,S4,138.0,49.330,21.72
67048,336,S4,141.0,48.833,21.72
67049,336,S4,144.0,48.373,21.72
67050,336,S4,147.0,47.847,21.72
67051,336,S4,150.0,47.525,21.72
67052,336,S4,153.0,47.053,21.72
67053,336,S4,156.0,46.440,21.72
67054,336,S4,159.0,46.069,21.72
67055,336,S4,162.0,45.648,21.72
67056,336,S4,165.0,45.328,21.72
67057,336,S4,168.0,44.842,21.72
67058,336,S4,171.0,44.519,21.72
67059,336,S4,174.0,44.075,21.72
67060,336,S4,177.0,43.664,21.72
67061,336,S4,180.0,43.402,21.72
67062,336,S4,183.0,42.952,21.72
67063,336,S4,186.0,42.657,21.72
67064,336,S4,189.0,42.319,21.72
67065,336,S4,192.0,41.844,21.72
67066,336,S4,195.0,41.549,21.72
67067,336,S4,198.0,41.206,21.72
67068,336,S4,201.0,40.863,21.72
67069,336,S4,204.0,40.481,21.72
67070,336,S4,207.0,40.236,21.72
67071,336,S4,210.0,39.885,21.72
67072,336,S4,213.0,39.477,21.72
67073,336,S4,216.0,39.289,21.72
67074,336,S4,219.0,38.926,21.72
67075,336,S4,222.0,38.622,21.72
67076,336,S4,225.0,38.327,21.72
67077,336,S4,228.0,38.017,21.72
67078,336,S4,231.0,37.741,21.72
67079,336,S4,234.0,37.541,21.72
67080,336,S4,237.0,37.161,21.72
67081,336,S4,240.0,37.048,21.72
67082,336,S4,243.0,36.680,21.72
67083,336,S4,246.0,36.391,21.72
67084,336,S4,249.0,36.174,21.72
67085,336,S4,252.0,35.877,21.72
67086,336,S4,255.0,35.729,21.72
67087,336,S4,258.0,35.502,21.72
67088,336,S4,261.0,35.292,21.72
67089,336,S4,264.0,34.985,21.72
67090,336,S4,267.0,34.792,21.72
67091,336,S4,270.0,34.521,21.72
67092,336,S4,273.0,34.307,21.72
67093,336,S4,276.0,34.086,21.72
67094,336,S4,279.0,33.872,21.72
67095,336,S4,282.0,33.717,21.72
67096,336,S4,285.0,33.439,21.72
67097,336,S4,288.0,33.266,21.72
67098,336,S4,291.0,33.019,21.72
67099,336,S4,294.0,32.917,21.72
67100,336,S4,297.0,32.609,21.72
67101,336,S4,300.0,32.434,21.72
67102,336,S4,303.0,32.199,21.72
67103,336,S4,306.0,31.997,21.72
67104,336,S4,309.0,31.957,21.72
67105,336,S4,312.0,31.671,21.72
67106,336,S4,315.0,31.542,21.72
67107,336,S4,318.0,31.469,21.72
67108,336,S4,321.0,31.176,21.72
67109,336,S4,324.0,31.057,21.72
67110,336,S4,327.0,30.932,21.72
67111,336,S4,330.0,30.784,21.72
67112,336,S4,333.0,30.657,21.72
67113,336,S4,336.0,30.405,21.72
67114,336,S4,339.0,30.225,21.72
67115,336,S4,342.0,30.186,21.72
67116,336,S4,345.0,29.942,21.72
67117,336,S4,348.0,29.918,21.72
67118,336,S4,351.0,29.677,21.72
67119,336,S4,354.0,29.550,21.72
67120,336,S4,357.0,29.393,21.72
67121,336,S4,360.0,29.383,21.72
67122,336,S4,363.0,29.169,21.72
67123,336,S4,366.0,29.077,21.72
67124,336,S4,369.0,28.939,21.72
67125,336,S4,372.0,28.822,21.72
67126,336,S4,375.0,28.669,21.72
67127,336,S4,378.0,28.585,21.72
67128,336,S4,381.0,28.404,21.72
67129,336,S4,384.0,28.363,21.72
67130,336,S4,387.0,28.275,21.72
67131,336,S4,390.0,28.090,21.72
67132,336,S4,393.0,28.000,21.72
67133,336,S4,396.0,27.875,21.72
67134,336,S4,399.0,27.788,21.72
67135,336,S4,402.0,27.584,21.72
67136,336,S4,405.0,27.652,21.72
67137,336,S4,408.0,27.465,21.72
67138,336,S4,411.0,27.484,21.72
67139,336,S4,414.0,27.295,21.72
67140,336,S4,417.0,27.090,21.72
67141,336,S4,420.0,27.017,21.72
67142,336,S4,423.0,26.875,21.72
67143,336,S4,426.0,26.935,21.72
67144,336,S4,429.0,26.705,21.72
67145,336,S4,432.0,26.730,21.72
67146,336,S4,435.0,26.577,21.72
67147,336,S4,438.0,26.583,21.72
67148,336,S4,441.0,26.383,21.72
67149,336,S4,444.0,26.383,21.72
67150,336,S4,447.0,26.237,21.72
67151,336,S4,450.0,26.231,21.72
67152,336,S4,453.0,26.187,21.72
67153,336,S4,456.0,26.020,21.72
67154,336,S4,459.0,26.056,21.72
67155,336,S4,462.0,25.881,21.72
67156,336,S4,465.0,25.838,21.72
67157,336,S4,468.0,25.757,21.72
67158,336,S4,471.0,25.736,21.72
67159,336,S4,474.0,25.607,21.72
67160,336,S4,477.0,25.584,21.72
67161,336,S4,480.0,25.523,21.72
67162,336,S4,483.0,25.378,21.72
67163,336,S4,486.0,25.456,21.72
67164,336,S4,489.0,25.294,21.72
67165,336,S4,492.0,25.280,21.72
67166,336,S4,495.0,25.163,21.72
67167,336,S4,498.0,25.084,21.72
67168,336,S4,501.0,25.045,21.72
67169,336,S4,504.0,25.087,21.72
67170,336,S4,507.0,25.006,21.72
67171,336,S4,510.0,24.976,21.72
67172,336,S4,513.0,24.861,21.72
67173,336,S4,516.0,24.807,21.72
67174,336,S4,519.0,24.797,21.72
67175,336,S4,522.0,24.674,21.72
67176,336,S4,525.0,24.634,21.72
67177,336,S4,528.0,24.627,21.72
67178,336,S4,531.0,24.510,21.72
67179,336,S4,534.0,24.515,21.72
67180,336,S4,537.0,24.387,21.72
67181,336,S4,540.0,24.443,21.72
67182,336,S4,543.0,24.413,21.72
67183,336,S4,546.0,24.217,21.72
67184,336,S4,549.0,24.233,21.72
67185,336,S4,552.0,24.224,21.72
67186,336,S4,555.0,24.141,21.72
67187,336,S4,558.0,24.126,21.72
67188,336,S4,561.0,24.033,21.72
67189,336,S4,564.0,24.065,21.72
67190,336,S4,567.0,23.954,21.72
67191,336,S4,570.0,23.985,21.72
67192,336,S4,573.0,23.968,21.72
67193,336,S4,576.0,23.900,21.72
67194,336,S4,579.0,23.855,21.72
67195,336,S4,582.0,23.771,21.72
67196,336,S4,585.0,23.758,21.72
67197,336,S4,588.0,23.759,21.72
67198,336,S4,591.0,23.747,21.72
67199,336,S4,594.0,23.672,21.72
67200,336,S4,597.0,23.629,21.72
67201,337,S1,0.0,90.347,22.05
67202,337,S1,3.0,88.492,22.05
67203,337,S1,6.0,86.673,22.05
67204,337,S1,9.0,84.903,22.05
67205,337,S1,12.0,83.161,22.05
67206,337,S1,15.0,81.570,22.05
67207,337,S1,18.0,79.968,22.05
67208,337,S1,21.0,78.389,22.05
67209,337,S1,24.0,76.970,22.05
67210,337,S1,27.0,75.452,22.05
67211,337,S1,30.0,74.059,22.05
67212,337,S1,33.0,72.561,22.05
67213,337,S1,36.0,71.152,22.05
67214,337,S1,39.0,69.875,22.05
67215,337,S1,42.0,68.693,22.05
67216,337,S1,45.0,67.384,22.05
67217,337,S1,48.0,66.134,22.05
67218,337,S1,51.0,64.925,22.05
67219,337,S1,54.0,63.808,22.05
67220,337,S1,57.0,62.670,22.05
67221,337,S1,60.0,61.612,22.05
67222,337,S1,63.0,60.563,22.05
67223,337,S1,66.0,59.455,22.05
67224,337,S1,69.0,58.376,22.05
67225,337,S1,72.0,57.549,22.05
67226,337,S1,75.0,56.508,22.05
67227,337,S1,78.0,55.642,22.05
67228,337,S1,81.0,54.676,22.05
67229,337,S1,84.0,53.800,22.05
67230,337,S1,87.0,52.972,22.05
67231,337,S1,90.0,52.041,22.05
67232,337,S1,93.0,51.286,22.05
67233,337,S1,96.0,50.408,22.05
67234,337,S1,99.0,49.755,22.05
67235,337,S1,102.0,49.029,22.05
67236,337,S1,105.0,48.265,22.05
67237,337,S1,108.0,47.506,22.05
67238,337,S1,111.0,46.816,22.05
67239,337,S1,114.0,46.206,22.05
67240,337,S1,117.0,45.463,22.05
67241,337,S1,120.0,44.947,22.05
67242,337,S1,123.0,44.297,22.05
67243,337,S1,126.0,43.761,22.05
67244,337,S1,129.0,43.050,22.05
67245,337,S1,132.0,42.559,22.05
67246,337,S1,135.0,41.965,22.05
67247,337,S1,138.0,41.519,22.05
67248,337,S1,141.0,40.953,22.05
67249,337,S1,144.0,40.419,22.05
67250,337,S1,147.0,39.918,22.05
67251,337,S1,150.0,39.438,22.05
67252,337,S1,153.0,38.987,22.05
67253,337,S1,156.0,38.510,22.05
67254,337,S1,159.0,38.044,22.05
67255,337,S1,162.0,37.664,22.05
67256,337,S1,165.0,37.209,22.05
67257,337,S1,168.0,36.807,22.05
67258,337,S1,171.0,36.384,22.05
67259,337,S1,174.0,35.985,22.05
67260,337,S1,177.0,35.738,22.05
67261,337,S1,180.0,35.278,22.05
67262,337,S1,183.0,34.942,22.05
67263,337,S1,186.0,34.561,22.05
67264,337,S1,189.0,34.335,22.05
67265,337,S1,192.0,33.952,22.05
67266,337,S1,195.0,33.596,22.05
67267,337,S1,198.0,33.291,22.05
67268,337,S1,201.0,33.006,22.05
67269,337,S1,204.0,32.749,22.05
67270,337,S1,207.0,32.392,22.05
67271,337,S1,210.0,32.139,22.05
67272,337,S1,213.0,31.836,22.05
67273,337,S1,216.0,31.525,22.05
67274,337,S1,219.0,31.233,22.05
67275,337,S1,222.0,31.100,22.05
67276,337,S1,225.0,30.836,22.05
67277,337,S1,228.0,30.568,22.05
67278,337,S1,231.0,30.328,22.05
67279,337,S1,234.0,30.148,22.05
67280,337,S1,237.0,29.841,22.05
67281,337,S1,240.0,29.794,22.05
67282,337,S1,243.0,29.454,22.05
67283,337,S1,246.0,29.376,22.05
67284,337,S1,249.0,29.170,22.05
67285,337,S1,252.0,28.902,22.05
67286,337,S1,255.0,28.704,22.05
67287,337,S1,258.0,28.646,22.05
67288,337,S1,261.0,28.361,22.05
67289,337,S1,264.0,28.279,22.05
67290,337,S1,267.0,28.089,22.05
67291,337,S1,270.0,27.878,22.05
67292,337,S1,273.0,27.749,22.05
67293,337,S1,276.0,27.570,22.05
67294,337,S1,279.0,27.371,22.05
67295,337,S1,282.0,27.344,22.05
67296,337,S1,285.0,27.115,22.05
67297,337,S1,288.0,26.916,22.05
67298,337,S1,291.0,26.801,22.05
67299,337,S1,294.0,26.685,22.05
67300,337,S1,297.0,26.674,22.05
67301,337,S1,300.0,26.439,22.05
67302,337,S1,303.0,26.335,22.05
67303,337,S1,306.0,26.245,22.05
67304,337,S1,309.0,26.162,22.05
67305,337,S1,312.0,26.006,22.05
67306,337,S1,315.0,25.932,22.05
67307,337,S1,318.0,25.698,22.05
67308,337,S1,321.0,25.697,22.05
67309,337,S1,324.0,25.651,22.05
67310,337,S1,327.0,25.572,22.05
67311,337,S1,330.0,25.333,22.05
67312,337,S1,333.0,25.324,22.05
67313,337,S1,336.0,25.202,22.05
67314,337,S1,339.0,25.069,22.05
67315,337,S1,342.0,25.123,22.05
67316,337,S1,345.0,24.983,22.05
67317,337,S1,348.0,24.872,22.05
67318,337,S1,351.0,24.886,22.05
67319,337,S1,354.0,24.772,22.05
67320,337,S1,357.0,24.639,22.05
67321,337,S1,360.0,24.649,22.05
67322,337,S1,363.0,24.481,22.05
67323,337,S1,366.0,24.597,22.05
67324,337,S1,369.0,24.362,22.05
67325,337,S1,372.0,24.387,22.05
67326,337,S1,375.0,24.197,22.05
67327,337,S1,378.0,24.152,22.05
67328,337,S1,381.0,24.235,22.05
67329,337,S1,384.0,24.098,22.05
67330,337,S1,387.0,24.027,22.05
67331,337,S1,390.0,24.020,22.05
67332,337,S1,393.0,23.889,22.05
67333,337,S1,396.0,23.950,22.05
67334,337,S1,399.0,23.919,22.05
67335,337,S1,402.0,23.751,22.05
67336,337,S1,405.0,23.781,22.05
67337,337,S1,408.0,23.713,22.05
67338,337,S1,411.0,23.589,22.05
67339,337,S1,414.0,23.659,22.05
67340,337,S1,417.0,23.616,22.05
67341,337,S1,420.0,23.510,22.05
67342,337,S1,423.0,23.540,22.05
67343,337,S1,426.0,23.565,22.05
67344,337,S1,429.0,23.431,22.05
67345,337,S1,432.0,23.392,22.05
67346,337,S1,435.0,23.438,22.05
67347,337,S1,438.0,23.229,22.05
67348,337,S1,441.0,23.250,22.05
67349,337,S1,444.0,23.247,22.05
67350,337,S1,447.0,23.279,22.05
67351,337,S1,450.0,23.117,22.05
67352,337,S1,453.0,23.160,22.05
67353,337,S1,456.0,23.116,22.05
67354,337,S1,459.0,23.100,22.05
67355,337,S1,462.0,23.130,22.05
67356,337,S1,465.0,23.066,22.05
67357,337,S1,468.0,23.049,22.05
67358,337,S1,471.0,22.899,22.05
67359,337,S1,474.0,22.966,22.05
67360,337,S1,477.0,22.972,22.05
67361,337,S1,480.0,23.019,22.05
67362,337,S1,483.0,22.888,22.05
67363,337,S1,486.0,22.873,22.05
67364,337,S1,489.0,22.835,22.05
67365,337,S1,492.0,22.816,22.05
67366,337,S1,495.0,22.900,22.05
67367,337,S1,498.0,22.823,22.05
67368,337,S1,501.0,22.819,22.05
67369,337,S1,504.0,22.620,22.05
67370,337,S1,507.0,22.731,22.05
67371,337,S1,510.0,22.667,22.05
67372,337,S1,513.0,22.752,22.05
67373,337,S1,516.0,22.574,22.05
67374,337,S1,519.0,22.537,22.05
67375,337,S1,522.0,22.684,22.05
67376,337,S1,525.0,22.512,22.05
67377,337,S1,528.0,22.747,22.05
67378,337,S1,531.0,22.627,22.05
67379,337,S1,534.0,22.580,22.05
67380,337,S1,537.0,22.668,22.05
67381,337,S1,540.0,22.509,22.05
67382,337,S1,543.0,22.577,22.05
67383,337,S1,546.0,22.455,22.05
67384,337,S1,549.0,22.560,22.05
67385,337,S1,552.0,22.529,22.05
67386,337,S1,555.0,22.478,22.05
67387,337,S1,558.0,22.392,22.05
67388,337,S1,561.0,22.495,22.05
67389,337,S1,564.0,22.438,22.05
67390,337,S1,567.0,22.403,22.05
67391,337,S1,570.0,22.414,22.05
67392,337,S1,573.0,22.377,22.05
67393,337,S1,576.0,22.404,22.05
67394,337,S1,579.0,22.375,22.05
67395,337,S1,582.0,22.448,22.05
67396,337,S1,585.0,22.401,22.05
67397,337,S1,588.0,22.377,22.05
67398,337,S1,591.0,22.451,22.05
67399,337,S1,594.0,22.404,22.05
67400,337,S1,597.0,22.325,22.05
67401,338,S2,0.0,94.715,20.05
67402,338,S2,3.0,93.590,20.05
67403,338,S2,6.0,92.318,20.05
67404,338,S2,9.0,91.059,20.05
67405,338,S2,12.0,90.047,20.05
67406,338,S2,15.0,88.772,20.05
67407,338,S2,18.0,87.798,20.05
67408,338,S2,21.0,86.655,20.05
67409,338,S2,24.0,85.514,20.05
67410,338,S2,27.0,84.553,20.05
67411,338,S2,30.0,83.535,20.05
67412,338,S2,33.0,82.380,20.05
67413,338,S2,36.0,81.414,20.05
67414,338,S2,39.0,80.444,20.05
67415,338,S2,42.0,79.476,20.05
67416,338,S2,45.0,78.541,20.05
67417,338,S2,48.0,77.568,20.05
67418,338,S2,51.0,76.609,20.05
67419,338,S2,54.0,75.711,20.05
67420,338,S2,57.0,74.756,20.05
67421,338,S2,60.0,73.880,20.05
67422,338,S2,63.0,73.057,20.05
67423,338,S2,66.0,72.202,20.05
67424,338,S2,69.0,71.304,20.05
67425,338,S2,72.0,70.412,20.05
67426,338,S2,75.0,69.579,20.05
67427,338,S2,78.0,68.847,20.05
67428,338,S2,81.0,68.102,20.05
67429,338,S2,84.0,67.179,20.05
67430,338,S2,87.0,66.612,20.05
67431,338,S2,90.0,65.817,20.05
67432,338,S2,93.0,65.003,20.05
67433,338,S2,96.0,64.332,20.05
67434,338,S2,99.0,63.544,20.05
67435,338,S2,102.0,62.940,20.05
67436,338,S2,105.0,62.278,20.05
67437,338,S2,108.0,61.530,20.05
67438,338,S2,111.0,60.811,20.05
67439,338,S2,114.0,60.202,20.05
67440,338,S2,117.0,59.466,20.05
67441,338,S2,120.0,58.847,20.05
67442,338,S2,123.0,58.325,20.05
67443,338,S2,126.0,57.653,20.05
67444,338,S2,129.0,56.995,20.05
67445,338,S2,132.0,56.417,20.05
67446,338,S2,135.0,55.829,20.05
67447,338,S2,138.0,55.283,20.05
67448,338,S2,141.0,54.614,20.05
67449,338,S2,144.0,54.177,20.05
67450,338,S2,147.0,53.601,20.05
67451,338,S2,150.0,53.043,20.05
67452,338,S2,153.0,52.468,20.05
67453,338,S2,156.0,52.001,20.05
67454,338,S2,159.0,51.448,20.05
67455,338,S2,162.0,50.921,20.05
67456,338,S2,165.0,50.423,20.05
67457,338,S2,168.0,49.969,20.05
67458,338,S2,171.0,49.394,20.05
67459,338,S2,174.0,48.941,20.05
67460,338,S2,177.0,48.541,20.05
67461,338,S2,180.0,48.131,20.05
67462,338,S2,183.0,47.644,20.05
67463,338,S2,186.0,47.170,20.05
67464,338,S2,189.0,46.797,20.05
67465,338,S2,192.0,46.368,20.05
67466,338,S2,195.0,45.882,20.05
67467,338,S2,198.0,45.517,20.05
67468,338,S2,201.0,45.032,20.05
67469,338,S2,204.0,44.614,20.05
67470,338,S2,207.0,44.252,20.05
67471,338,S2,210.0,43.861,20.05
67472,338,S2,213.0,43.443,20.05
67473,338,S2,216.0,43.099,20.05
67474,338,S2,219.0,42.717,20.05
67475,338,S2,222.0,42.332,20.05
67476,338,S2,225.0,42.057,20.05
67477,338,S2,228.0,41.708,20.05
67478,338,S2,231.0,41.320,20.05
67479,338,S2,234.0,40.962,20.05
67480,338,S2,237.0,40.658,20.05
67481,338,S2,240.0,40.277,20.05
67482,338,S2,243.0,39.934,20.05
67483,338,S2,246.0,39.614,20.05
67484,338,S2,249.0,39.294,20.05
67485,338,S2,252.0,39.025,20.05
67486,338,S2,255.0,38.672,20.05
67487,338,S2,258.0,38.327,20.05
67488,338,S2,261.0,38.029,20.05
67489,338,S2,264.0,37.810,20.05
67490,338,S2,267.0,37.455,20.05
67491,338,S2,270.0,37.179,20.05
67492,338,S2,273.0,36.898,20.05
67493,338,S2,276.0,36.709,20.05
67494,338,S2,279.0,36.481,20.05
67495,338,S2,282.0,36.167,20.05
67496,338,S2,285.0,35.823,20.05
67497,338,S2,288.0,35.577,20.05
67498,338,S2,291.0,35.350,20.05
67499,338,S2,294.0,35.179,20.05
67500,338,S2,297.0,34.863,20.05
67501,338,S2,300.0,34.566,20.05
67502,338,S2,303.0,34.415,20.05
67503,338,S2,306.0,34.258,20.05
67504,338,S2,309.0,33.921,20.05
67505,338,S2,312.0,33.682,20.05
67506,338,S2,315.0,33.425,20.05
67507,338,S2,318.0,33.357,20.05
67508,338,S2,321.0,33.004,20.05
67509,338,S2,324.0,32.791,20.05
67510,338,S2,327.0,32.646,20.05
67511,338,S2,330.0,32.529,20.05
67512,338,S2,333.0,32.291,20.05
67513,338,S2,336.0,31.965,20.05
67514,338,S2,339.0,31.804,20.05
67515,338,S2,342.0,31.544,20.05
67516,338,S2,345.0,31.474,20.05
67517,338,S2,348.0,31.267,20.05
67518,338,S2,351.0,31.100,20.05
67519,338,S2,354.0,30.997,20.05
67520,338,S2,357.0,30.729,20.05
67521,338,S2,360.0,30.551,20.05
67522,338,S2,363.0,30.409,20.05
67523,338,S2,366.0,30.193,20.05
67524,338,S2,369.0,30.016,20.05
67525,338,S2,372.0,29.859,20.05
67526,338,S2,375.0,29.755,20.05
67527,338,S2,378.0,29.560,20.05
67528,338,S2,381.0,29.391,20.05
67529,338,S2,384.0,29.354,20.05
67530,338,S2,387.0,29.198,20.05
67531,338,S2,390.0,28.990,20.05
67532,338,S2,393.0,28.773,20.05
67533,338,S2,396.0,28.664,20.05
67534,338,S2,399.0,28.576,20.05
67535,338,S2,402.0,28.358,20.05
67536,338,S2,405.0,28.324,20.05
67537,338,S2,408.0,28.167,20.05
67538,338,S2,411.0,28.058,20.05
67539,338,S2,414.0,27.895,20.05
67540,338,S2,417.0,27.728,20.05
67541,338,S2,420.0,27.643,20.05
67542,338,S2,423.0,27.539,20.05
67543,338,S2,426.0,27.445,20.05
67544,338,S2,429.0,27.172,20.05
67545,338,S2,432.0,27.230,20.05
67546,338,S2,435.0,26.995,20.05
67547,338,S2,438.0,26.864,20.05
67548,338,S2,441.0,26.827,20.05
67549,338,S2,444.0,26.754,20.05
67550,338,S2,447.0,26.665,20.05
67551,338,S2,450.0,26.545,20.05
67552,338,S2,453.0,26.390,20.05
67553,338,S2,456.0,26.263,20.05
67554,338,S2,459.0,26.227,20.05
67555,338,S2,462.0,26.158,20.05
67556,338,S2,465.0,25.963,20.05
67557,338,S2,468.0,25.908,20.05
67558,338,S2,471.0,25.789,20.05
67559,338,S2,474.0,25.765,20.05
67560,338,S2,477.0,25.514,20.05
67561,338,S2,480.0,25.605,20.05
67562,338,S2,483.0,25.379,20.05
67563,338,S2,486.0,25.459,20.05
67564,338,S2,489.0,25.307,20.05
67565,338,S2,492.0,25.279,20.05
67566,338,S2,495.0,25.088,20.05
67567,338,S2,498.0,25.048,20.05
67568,338,S2,501.0,24.939,20.05
67569,338,S2,504.0,24.769,20.05
67570,338,S2,507.0,24.738,20.05
67571,338,S2,510.0,24.716,20.05
67572,338,S2,513.0,24.669,20.05
67573,338,S2,516.0,24.576,20.05
67574,338,S2,519.0,24.462,20.05
67575,338,S2,522.0,24.380,20.05
67576,338,S2,525.0,24.318,20.05
67577,338,S2,528.0,24.372,20.05
67578,338,S2,531.0,24.268,20.05
67579,338,S2,534.0,24.095,20.05
67580,338,S2,537.0,24.024,20.05
67581,338,S2,540.0,24.047,20.05
67582,338,S2,543.0,23.944,20.05
67583,338,S2,546.0,23.905,20.05
67584,338,S2,549.0,23.733,20.05
67585,338,S2,552.0,23.769,20.05
67586,338,S2,555.0,23.698,20.05
67587,338,S2,558.0,23.533,20.05
67588,338,S2,561.0,23.581,20.05
67589,338,S2,564.0,23.528,20.05
67590,338,S2,567.0,23.406,20.05
67591,338,S2,570.0,23.342,20.05
67592,338,S2,573.0,23.347,20.05
67593,338,S2,576.0,23.270,20.05
67594,338,S2,579.0,23.243,20.05
67595,338,S2,582.0,23.214,20.05
67596,338,S2,585.0,23.093,20.05
67597,338,S2,588.0,23.081,20.05
67598,338,S2,591.0,23.029,20.05
67599,338,S2,594.0,23.055,20.05
67600,338,S2,597.0,22.986,20.05
67601,339,S3,0.0,71.798,20.71
67602,339,S3,3.0,70.465,20.71
67603,339,S3,6.0,69.239,20.71
67604,339,S3,9.0,68.029,20.71
67605,339,S3,12.0,66.902,20.71
67606,339,S3,15.0,65.650,20.71
67607,339,S3,18.0,64.657,20.71
67608,339,S3,21.0,63.467,20.71
67609,339,S3,24.0,62.516,20.71
67610,339,S3,27.0,61.491,20.71
67611,339,S3,30.0,60.462,20.71
67612,339,S3,33.0,59.544,20.71
67613,339,S3,36.0,58.552,20.71
67614,339,S3,39.0,57.494,20.71
67615,339,S3,42.0,56.624,20.71
67616,339,S3,45.0,55.805,20.71
67617,339,S3,48.0,54.881,20.71
67618,339,S3,51.0,54.127,20.71
67619,339,S3,54.0,53.260,20.71
67620,339,S3,57.0,52.404,20.71
67621,339,S3,60.0,51.658,20.71
67622,339,S3,63.0,50.906,20.71
67623,339,S3,66.0,50.159,20.71
67624,339,S3,69.0,49.488,20.71
67625,339,S3,72.0,48.675,20.71
67626,339,S3,75.0,47.963,20.71
67627,339,S3,78.0,47.496,20.71
67628,339,S3,81.0,46.655,20.71
67629,339,S3,84.0,45.972,20.71
67630,339,S3,87.0,45.506,20.71
67631,339,S3,90.0,44.812,20.71
67632,339,S3,93.0,44.176,20.71
67633,339,S3,96.0,43.615,20.71
67634,339,S3,99.0,43.084,20.71
67635,339,S3,102.0,42.541,20.71
67636,339,S3,105.0,41.969,20.71
67637,339,S3,108.0,41.494,20.71
67638,339,S3,111.0,40.918,20.71
67639,339,S3,114.0,40.400,20.71
67640,339,S3,117.0,40.004,20.71
67641,339,S3,120.0,39.474,20.71
67642,339,S3,123.0,39.157,20.71
67643,339,S3,126.0,38.550,20.71
67644,339,S3,129.0,38.115,20.71
67645,339,S3,132.0,37.641,20.71
67646,339,S3,135.0,37.197,20.71
67647,339,S3,138.0,36.875,20.71
67648,339,S3,141.0,36.496,20.71
67649,339,S3,144.0,36.037,20.71
67650,339,S3,147.0,35.709,20.71
67651,339,S3,150.0,35.327,20.71
67652,339,S3,153.0,35.001,20.71
67653,339,S3,156.0,34.659,20.71
67654,339,S3,159.0,34.317,20.71
67655,339,S3,162.0,33.955,20.71
67656,339,S3,165.0,33.673,20.71
67657,339,S3,168.0,33.386,20.71
67658,339,S3,171.0,32.991,20.71
67659,339,S3,174.0,32.739,20.71
67660,339,S3,177.0,32.422,20.71
67661,339,S3,180.0,32.155,20.71
67662,339,S3,183.0,31.781,20.71
67663,339,S3,186.0,31.624,20.71
67664,339,S3,189.0,31.211,20.71
67665,339,S3,192.0,31.059,20.71
67666,339,S3,195.0,30.826,20.71
67667,339,S3,198.0,30.494,20.71
67668,339,S3,201.0,30.230,20.71
67669,339,S3,204.0,29.977,20.71
67670,339,S3,207.0,29.893,20.71
67671,339,S3,210.0,29.589,20.71
67672,339,S3,213.0,29.422,20.71
67673,339,S3,216.0,29.162,20.71
67674,339,S3,219.0,29.010,20.71
67675,339,S3,222.0,28.686,20.71
67676,339,S3,225.0,28.552,20.71
67677,339,S3,228.0,28.348,20.71
67678,339,S3,231.0,28.187,20.71
67679,339,S3,234.0,27.964,20.71
67680,339,S3,237.0,27.801,20.71
67681,339,S3,240.0,27.612,20.71
67682,339,S3,243.0,27.448,20.71
67683,339,S3,246.0,27.211,20.71
67684,339,S3,249.0,27.168,20.71
67685,339,S3,252.0,26.953,20.71
67686,339,S3,255.0,26.766,20.71
67687,339,S3,258.0,26.687,20.71
67688,339,S3,261.0,26.452,20.71
67689,339,S3,264.0,26.289,20.71
67690,339,S3,267.0,26.215,20.71
67691,339,S3,270.0,26.197,20.71
67692,339,S3,273.0,25.971,20.71
67693,339,S3,276.0,25.809,20.71
67694,339,S3,279.0,25.661,20.71
67695,339,S3,282.0,25.602,20.71
67696,339,S3,285.0,25.544,20.71
67697,339,S3,288.0,25.234,20.71
67698,339,S3,291.0,25.253,20.71
67699,339,S3,294.0,25.143,20.71
67700,339,S3,297.0,25.118,20.71
67701,339,S3,300.0,24.953,20.71
67702,339,S3,303.0,24.784,20.71
67703,339,S3,306.0,24.701,20.71
67704,339,S3,309.0,24.703,20.71
67705,339,S3,312.0,24.541,20.71
67706,339,S3,315.0,24.445,20.71
67707,339,S3,318.0,24.250,20.71
67708,339,S3,321.0,24.212,20.71
67709,339,S3,324.0,24.163,20.71
67710,339,S3,327.0,24.019,20.71
67711,339,S3,330.0,23.959,20.71
67712,339,S3,333.0,23.898,20.71
67713,339,S3,336.0,23.851,20.71
67714,339,S3,339.0,23.707,20.71
67715,339,S3,342.0,23.676,20.71
67716,339,S3,345.0,23.561,20.71
67717,339,S3,348.0,23.598,20.71
67718,339,S3,351.0,23.524,20.71
67719,339,S3,354.0,23.365,20.71
67720,339,S3,357.0,23.252,20.71
67721,339,S3,360.0,23.222,20.71
67722,339,S3,363.0,23.114,20.71
67723,339,S3,366.0,23.108,20.71
67724,339,S3,369.0,23.041,20.71
67725,339,S3,372.0,23.000,20.71
67726,339,S3,375.0,22.939,20.71
67727,339,S3,378.0,22.893,20.71
67728,339,S3,381.0,22.892,20.71
67729,339,S3,384.0,22.815,20.71
67730,339,S3,387.0,22.680,20.71
67731,339,S3,390.0,22.752,20.71
67732,339,S3,393.0,22.639,20.71
67733,339,S3,396.0,22.719,20.71
67734,339,S3,399.0,22.591,20.71
67735,339,S3,402.0,22.570,20.71
67736,339,S3,405.0,22.543,20.71
67737,339,S3,408.0,22.451,20.71
67738,339,S3,411.0,22.285,20.71
67739,339,S3,414.0,22.325,20.71
67740,339,S3,417.0,22.249,20.71
67741,339,S3,420.0,22.264,20.71
67742,339,S3,423.0,22.219,20.71
67743,339,S3,426.0,22.182,20.71
67744,339,S3,429.0,22.174,20.71
67745,339,S3,432.0,22.201,20.71
67746,339,S3,435.0,22.084,20.71
67747,339,S3,438.0,22.052,20.71
67748,339,S3,441.0,22.005,20.71
67749,339,S3,444.0,21.991,20.71
67750,339,S3,447.0,21.972,20.71
67751,339,S3,450.0,21.891,20.71
67752,339,S3,453.0,21.897,20.71
67753,339,S3,456.0,21.876,20.71
67754,339,S3,459.0,21.820,20.71
67755,339,S3,462.0,21.780,20.71
67756,339,S3,465.0,21.800,20.71
67757,339,S3,468.0,21.807,20.71
67758,339,S3,471.0,21.862,20.71
67759,339,S3,474.0,21.727,20.71
67760,339,S3,477.0,21.680,20.71
67761,339,S3,480.0,21.665,20.71
67762,339,S3,483.0,21.607,20.71
67763,339,S3,486.0,21.634,20.71
67764,339,S3,489.0,21.637,20.71
67765,339,S3,492.0,21.551,20.71
67766,339,S3,495.0,21.461,20.71
67767,339,S3,498.0,21.540,20.71
67768,339,S3,501.0,21.454,20.71
67769,339,S3,504.0,21.534,20.71
67770,339,S3,507.0,21.482,20.71
67771,339,S3,510.0,21.499,20.71
67772,339,S3,513.0,21.398,20.71
67773,339,S3,516.0,21.377,20.71
67774,339,S3,519.0,21.421,20.71
67775,339,S3,522.0,21.393,20.71
67776,339,S3,525.0,21.382,20.71
67777,339,S3,528.0,21.386,20.71
67778,339,S3,531.0,21.269,20.71
67779,339,S3,534.0,21.309,20.71
67780,339,S3,537.0,21.249,20.71
67781,339,S3,540.0,21.228,20.71
67782,339,S3,543.0,21.288,20.71
67783,339,S3,546.0,21.222,20.71
67784,339,S3,549.0,21.289,20.71
67785,339,S3,552.0,21.171,20.71
67786,339,S3,555.0,21.236,20.71
67787,339,S3,558.0,21.220,20.71
67788,339,S3,561.0,21.179,20.71
67789,339,S3,564.0,21.145,20.71
67790,339,S3,567.0,21.099,20.71
67791,339,S3,570.0,21.063,20.71
67792,339,S3,573.0,21.134,20.71
67793,339,S3,576.0,21.113,20.71
67794,339,S3,579.0,21.059,20.71
67795,339,S3,582.0,21.103,20.71
67796,339,S3,585.0,21.102,20.71
67797,339,S3,588.0,21.107,20.71
67798,339,S3,591.0,21.069,20.71
67799,339,S3,594.0,20.991,20.71
67800,339,S3,597.0,21.137,20.71
67801,340,S4,0.0,83.344,21.98
67802,340,S4,3.0,81.921,21.98
67803,340,S4,6.0,80.430,21.98
67804,340,S4,9.0,79.057,21.98
67805,340,S4,12.0,77.698,21.98
67806,340,S4,15.0,76.245,21.98
67807,340,S4,18.0,75.054,21.98
67808,340,S4,21.0,73.749,21.98
67809,340,S4,24.0,72.483,21.98
67810,340,S4,27.0,71.260,21.98
67811,340,S4,30.0,70.118,21.98
67812,340,S4,33.0,69.005,21.98
67813,340,S4,36.0,67.854,21.98
67814,340,S4,39.0,66.583,21.98
67815,340,S4,42.0,65.606,21.98
67816,340,S4,45.0,64.573,21.98
67817,340,S4,48.0,63.607,21.98
67818,340,S4,51.0,62.570,21.98
67819,340,S4,54.0,61.491,21.98
67820,340,S4,57.0,60.513,21.98
67821,340,S4,60.0,59.646,21.98
67822,340,S4,63.0,58.737,21.98
67823,340,S4,66.0,57.814,21.98
67824,340,S4,69.0,57.061,21.98
67825,340,S4,72.0,56.186,21.98
67826,340,S4,75.0,55.221,21.98
67827,340,S4,78.0,54.532,21.98
67828,340,S4,81.0,53.794,21.98
67829,340,S4,84.0,53.026,21.98
67830,340,S4,87.0,52.264,21.98
67831,340,S4,90.0,51.430,21.98
67832,340,S4,93.0,50.806,21.98
67833,340,S4,96.0,50.071,21.98
67834,340,S4,99.0,49.361,21.98
67835,340,S4,102.0,48.677,21.98
67836,340,S4,105.0,48.078,21.98
67837,340,S4,108.0,47.497,21.98
67838,340,S4,111.0,46.884,21.98
67839,340,S4,114.0,46.256,21.98
67840,340,S4,117.0,45.689,21.98
67841,340,S4,120.0,45.042,21.98
67842,340,S4,123.0,44.588,21.98
67843,340,S4,126.0,43.937,21.98
67844,340,S4,129.0,43.473,21.98
67845,340,S4,132.0,42.881,21.98
67846,340,S4,135.0,42.460,21.98
67847,340,S4,138.0,41.984,21.98
67848,340,S4,141.0,41.330,21.98
67849,340,S4,144.0,40.938,21.98
67850,340,S4,147.0,40.525,21.98
67851,340,S4,150.0,40.049,21.98
67852,340,S4,153.0,39.607,21.98
67853,340,S4,156.0,39.235,21.98
67854,340,S4,159.0,38.750,21.98
67855,340,S4,162.0,38.473,21.98
67856,340,S4,165.0,38.025,21.98
67857,340,S4,168.0,37.634,21.98
67858,340,S4,171.0,37.185,21.98
67859,340,S4,174.0,36.867,21.98
67860,340,S4,177.0,36.453,21.98
67861,340,S4,180.0,36.180,21.98
67862,340,S4,183.0,35.770,21.98
67863,340,S4,186.0,35.422,21.98
67864,340,S4,189.0,35.131,21.98
67865,340,S4,192.0,34.842,21.98
67866,340,S4,195.0,34.530,21.98
67867,340,S4,198.0,34.216,21.98
67868,340,S4,201.0,33.946,21.98
67869,340,S4,204.0,33.654,21.98
67870,340,S4,207.0,33.382,21.98
67871,340,S4,210.0,33.097,21.98
67872,340,S4,213.0,32.758,21.98
67873,340,S4,216.0,32.546,21.98
67874,340,S4,219.0,32.349,21.98
67875,340,S4,222.0,32.040,21.98
67876,340,S4,225.0,31.809,21.98
67877,340,S4,228.0,31.617,21.98
67878,340,S4,231.0,31.276,21.98
67879,340,S4,234.0,31.013,21.98
67880,340,S4,237.0,30.847,21.98
67881,340,S4,240.0,30.574,21.98
67882,340,S4,243.0,30.501,21.98
67883,340,S4,246.0,30.242,21.98
67884,340,S4,249.0,30.093,21.98
67885,340,S4,252.0,29.838,21.98
67886,340,S4,255.0,29.589,21.98
67887,340,S4,258.0,29.453,21.98
67888,340,S4,261.0,29.230,21.98
67889,340,S4,264.0,29.129,21.98
67890,340,S4,267.0,28.962,21.98
67891,340,S4,270.0,28.913,21.98
67892,340,S4,273.0,28.538,21.98
67893,340,S4,276.0,28.424,21.98
67894,340,S4,279.0,28.285,21.98
67895,340,S4,282.0,28.105,21.98
67896,340,S4,285.0,27.923,21.98
67897,340,S4,288.0,27.761,21.98
67898,340,S4,291.0,27.711,21.98
67899,340,S4,294.0,27.633,21.98
67900,340,S4,297.0,27.445,21.98
67901,340,S4,300.0,27.330,21.98
67902,340,S4,303.0,27.185,21.98
67903,340,S4,306.0,27.022,21.98
67904,340,S4,309.0,26.945,21.98
67905,340,S4,312.0,26.775,21.98
67906,340,S4,315.0,26.695,21.98
67907,340,S4,318.0,26.499,21.98
67908,340,S4,321.0,26.443,21.98
67909,340,S4,324.0,26.320,21.98
67910,340,S4,327.0,26.325,21.98
67911,340,S4,330.0,26.078,21.98
67912,340,S4,333.0,26.102,21.98
67913,340,S4,336.0,25.981,21.98
67914,340,S4,339.0,25.855,21.98
67915,340,S4,342.0,25.722,21.98
67916,340,S4,345.0,25.675,21.98
67917,340,S4,348.0,25.572,21.98
67918,340,S4,351.0,25.493,21.98
67919,340,S4,354.0,25.394,21.98
67920,340,S4,357.0,25.264,21.98
67921,340,S4,360.0,25.253,21.98
67922,340,S4,363.0,25.218,21.98
67923,340,S4,366.0,24.975,21.98
67924,340,S4,369.0,25.023,21.98
67925,340,S4,372.0,25.024,21.98
67926,340,S4,375.0,24.825,21.98
67927,340,S4,378.0,24.835,21.98
67928,340,S4,381.0,24.713,21.98
67929,340,S4,384.0,24.638,21.98
67930,340,S4,387.0,24.628,21.98
67931,340,S4,390.0,24.605,21.98
67932,340,S4,393.0,24.457,21.98
67933,340,S4,396.0,24.339,21.98
67934,340,S4,399.0,24.410,21.98
67935,340,S4,402.0,24.244,21.98
67936,340,S4,405.0,24.191,21.98
67937,340,S4,408.0,24.221,21.98
67938,340,S4,411.0,24.066,21.98
67939,340,S4,414.0,24.085,21.98
67940,340,S4,417.0,24.063,21.98
67941,340,S4,420.0,23.982,21.98
67942,340,S4,423.0,23.977,21.98
67943,340,S4,426.0,23.895,21.98
67944,340,S4,429.0,23.759,21.98
67945,340,S4,432.0,23.882,21.98
67946,340,S4,435.0,23.736,21.98
67947,340,S4,438.0,23.675,21.98
67948,340,S4,441.0,23.718,21.98
67949,340,S4,444.0,23.673,21.98
67950,340,S4,447.0,23.491,21.98
67951,340,S4,450.0,23.537,21.98
67952,340,S4,453.0,23.529,21.98
67953,340,S4,456.0,23.571,21.98
67954,340,S4,459.0,23.474,21.98
67955,340,S4,462.0,23.387,21.98
67956,340,S4,465.0,23.324,21.98
67957,340,S4,468.0,23.334,21.98
67958,340,S4,471.0,23.301,21.98
67959,340,S4,474.0,23.273,21.98
67960,340,S4,477.0,23.248,21.98
67961,340,S4,480.0,23.159,21.98
67962,340,S4,483.0,23.182,21.98
67963,340,S4,486.0,23.111,21.98
67964,340,S4,489.0,23.097,21.98
67965,340,S4,492.0,23.023,21.98
67966,340,S4,495.0,23.042,21.98
67967,340,S4,498.0,23.166,21.98
67968,340,S4,501.0,23.068,21.98
67969,340,S4,504.0,23.087,21.98
67970,340,S4,507.0,22.933,21.98
67971,340,S4,510.0,22.887,21.98
67972,340,S4,513.0,22.976,21.98
67973,340,S4,516.0,22.810,21.98
67974,340,S4,519.0,22.805,21.98
67975,340,S4,522.0,22.954,21.98
67976,340,S4,525.0,22.868,21.98
67977,340,S4,528.0,22.849,21.98
67978,340,S4,531.0,22.810,21.98
67979,340,S4,534.0,22.743,21.98
67980,340,S4,537.0,22.809,21.98
67981,340,S4,540.0,22.799,21.98
67982,340,S4,543.0,22.783,21.98
67983,340,S4,546.0,22.707,21.98
67984,340,S4,549.0,22.695,21.98
67985,340,S4,552.0,22.658,21.98
67986,340,S4,555.0,22.699,21.98
67987,340,S4,558.0,22.506,21.98
67988,340,S4,561.0,22.573,21.98
67989,340,S4,564.0,22.492,21.98
67990,340,S4,567.0,22.554,21.98
67991,340,S4,570.0,22.502,21.98
67992,340,S4,573.0,22.574,21.98
67993,340,S4,576.0,22.586,21.98
67994,340,S4,579.0,22.499,21.98
67995,340,S4,582.0,22.507,21.98
67996,340,S4,585.0,22.516,21.98
67997,340,S4,588.0,22.383,21.98
67998,340,S4,591.0,22.469,21.98
67999,340,S4,594.0,22.446,21.98
68000,340,S4,597.0,22.506,21.98
68001,341,S1,0.0,81.376,22.14
68002,341,S1,3.0,80.593,22.14
68003,341,S1,6.0,79.683,22.14
68004,341,S1,9.0,78.844,22.14
68005,341,S1,12.0,77.952,22.14
68006,341,S1,15.0,77.047,22.14
68007,341,S1,18.0,76.275,22.14
68008,341,S1,21.0,75.531,22.14
68009,341,S1,24.0,74.594,22.14
68010,341,S1,27.0,73.898,22.14
68011,341,S1,30.0,73.093,22.14
68012,341,S1,33.0,72.403,22.14
68013,341,S1,36.0,71.674,22.14
68014,341,S1,39.0,70.880,22.14
68015,341,S1,42.0,70.167,22.14
68016,341,S1,45.0,69.486,22.14
68017,341,S1,48.0,68.812,22.14
68018,341,S1,51.0,68.197,22.14
68019,341,S1,54.0,67.296,22.14
68020,341,S1,57.0,66.719,22.14
68021,341,S1,60.0,65.942,22.14
68022,341,S1,63.0,65.285,22.14
68023,341,S1,66.0,64.667,22.14
68024,341,S1,69.0,64.065,22.14
68025,341,S1,72.0,63.381,22.14
68026,341,S1,75.0,62.875,22.14
68027,341,S1,78.0,62.239,22.14
68028,341,S1,81.0,61.596,22.14
68029,341,S1,84.0,60.935,22.14
68030,341,S1,87.0,60.360,22.14
68031,341,S1,90.0,59.877,22.14
68032,341,S1,93.0,59.356,22.14
68033,341,S1,96.0,58.732,22.14
68034,341,S1,99.0,58.212,22.14
68035,341,S1,102.0,57.674,22.14
68036,341,S1,105.0,57.171,22.14
68037,341,S1,108.0,56.580,22.14
68038,341,S1,111.0,56.085,22.14
68039,341,S1,114.0,55.508,22.14
68040,341,S1,117.0,55.060,22.14
68041,341,S1,120.0,54.652,22.14
68042,341,S1,123.0,54.097,22.14
68043,341,S1,126.0,53.705,22.14
68044,341,S1,129.0,53.122,22.14
68045,341,S1,132.0,52.724,22.14
68046,341,S1,135.0,52.324,22.14
68047,341,S1,138.0,51.818,22.14
68048,341,S1,141.0,51.308,22.14
68049,341,S1,144.0,50.859,22.14
68050,341,S1,147.0,50.413,22.14
68051,341,S1,150.0,50.045,22.14
68052,341,S1,153.0,49.658,22.14
68053,341,S1,156.0,49.289,22.14
68054,341,S1,159.0,48.799,22.14
68055,341,S1,162.0,48.460,22.14
68056,341,S1,165.0,48.085,22.14
68057,341,S1,168.0,47.664,22.14
68058,341,S1,171.0,47.343,22.14
68059,341,S1,174.0,46.853,22.14
68060,341,S1,177.0,46.553,22.14
68061,341,S1,180.0,46.103,22.14
68062,341,S1,183.0,45.782,22.14
68063,341,S1,186.0,45.490,22.14
68064,341,S1,189.0,45.083,22.14
68065,341,S1,192.0,44.763,22.14
68066,341,S1,195.0,44.389,22.14
68067,341,S1,198.0,44.063,22.14
68068,341,S1,201.0,43.707,22.14
68069,341,S1,204.0,43.459,22.14
68070,341,S1,207.0,43.085,22.14
68071,341,S1,210.0,42.745,22.14
68072,341,S1,213.0,42.403,22.14
68073,341,S1,216.0,42.250,22.14
68074,341,S1,219.0,41.778,22.14
68075,341,S1,222.0,41.650,22.14
68076,341,S1,225.0,41.288,22.14
68077,341,S1,228.0,41.062,22.14
68078,341,S1,231.0,40.644,22.14
68079,341,S1,234.0,40.495,22.14
68080,341,S1,237.0,40.174,22.14
68081,341,S1,240.0,39.941,22.14
68082,341,S1,243.0,39.643,22.14
68083,341,S1,246.0,39.407,22.14
68084,341,S1,249.0,39.100,22.14
68085,341,S1,252.0,38.864,22.14
68086,341,S1,255.0,38.556,22.14
68087,341,S1,258.0,38.287,22.14
68088,341,S1,261.0,38.052,22.14
68089,341,S1,264.0,37.862,22.14
68090,341,S1,267.0,37.698,22.14
68091,341,S1,270.0,37.361,22.14
68092,341,S1,273.0,37.189,22.14
68093,341,S1,276.0,36.970,22.14
68094,341,S1,279.0,36.759,22.14
68095,341,S1,282.0,36.436,22.14
68096,341,S1,285.0,36.295,22.14
68097,341,S1,288.0,36.073,22.14
68098,341,S1,291.0,35.849,22.14
68099,341,S1,294.0,35.692,22.14
68100,341,S1,297.0,35.536,22.14
68101,341,S1,300.0,35.324,22.14
68102,341,S1,303.0,35.047,22.14
68103,341,S1,306.0,34.859,22.14
68104,341,S1,309.0,34.702,22.14
68105,341,S1,312.0,34.532,22.14
68106,341,S1,315.0,34.362,22.14
68107,341,S1,318.0,34.134,22.14
68108,341,S1,321.0,33.939,22.14
68109,341,S1,324.0,33.703,22.14
68110,341,S1,327.0,33.570,22.14
68111,341,S1,330.0,33.506,22.14
68112,341,S1,333.0,33.252,22.14
68113,341,S1,336.0,33.095,22.14
68114,341,S1,339.0,32.964,22.14
68115,341,S1,342.0,32.861,22.14
68116,341,S1,345.0,32.675,22.14
68117,341,S1,348.0,32.457,22.14
68118,341,S1,351.0,32.396,22.14
68119,341,S1,354.0,32.135,22.14
68120,341,S1,357.0,31.978,22.14
68121,341,S1,360.0,31.931,22.14
68122,341,S1,363.0,31.679,22.14
68123,341,S1,366.0,31.598,22.14
68124,341,S1,369.0,31.489,22.14
68125,341,S1,372.0,31.260,22.14
68126,341,S1,375.0,31.145,22.14
68127,341,S1,378.0,31.025,22.14
68128,341,S1,381.0,30.905,22.14
68129,341,S1,384.0,30.833,22.14
68130,341,S1,387.0,30.627,22.14
68131,341,S1,390.0,30.499,22.14
68132,341,S1,393.0,30.398,22.14
68133,341,S1,396.0,30.221,22.14
68134,341,S1,399.0,30.067,22.14
68135,341,S1,402.0,30.064,22.14
68136,341,S1,405.0,29.852,22.14
68137,341,S1,408.0,29.780,22.14
68138,341,S1,411.0,29.627,22.14
68139,341,S1,414.0,29.446,22.14
68140,341,S1,417.0,29.497,22.14
68141,341,S1,420.0,29.365,22.14
68142,341,S1,423.0,29.217,22.14
68143,341,S1,426.0,29.058,22.14
68144,341,S1,429.0,28.970,22.14
68145,341,S1,432.0,28.840,22.14
68146,341,S1,435.0,28.727,22.14
68147,341,S1,438.0,28.663,22.14
68148,341,S1,441.0,28.733,22.14
68149,341,S1,444.0,28.529,22.14
68150,341,S1,447.0,28.425,22.14
68151,341,S1,450.0,28.365,22.14
68152,341,S1,453.0,28.216,22.14
68153,341,S1,456.0,28.181,22.14
68154,341,S1,459.0,28.133,22.14
68155,341,S1,462.0,27.953,22.14
68156,341,S1,465.0,27.713,22.14
68157,341,S1,468.0,27.799,22.14
68158,341,S1,471.0,27.739,22.14
68159,341,S1,474.0,27.576,22.14
68160,341,S1,477.0,27.551,22.14
68161,341,S1,480.0,27.562,22.14
68162,341,S1,483.0,27.353,22.14
68163,341,S1,486.0,27.304,22.14
68164,341,S1,489.0,27.096,22.14
68165,341,S1,492.0,27.184,22.14
68166,341,S1,495.0,27.062,22.14
68167,341,S1,498.0,27.091,22.14
68168,341,S1,501.0,26.993,22.14
68169,341,S1,504.0,26.877,22.14
68170,341,S1,507.0,26.766,22.14
68171,341,S1,510.0,26.747,22.14
68172,341,S1,513.0,26.771,22.14
68173,341,S1,516.0,26.610,22.14
68174,341,S1,519.0,26.526,22.14
68175,341,S1,522.0,26.440,22.14
68176,341,S1,525.0,26.448,22.14
68177,341,S1,528.0,26.401,22.14
68178,341,S1,531.0,26.198,22.14
68179,341,S1,534.0,26.204,22.14
68180,341,S1,537.0,26.131,22.14
68181,341,S1,540.0,26.165,22.14
68182,341,S1,543.0,25.976,22.14
68183,341,S1,546.0,25.973,22.14
68184,341,S1,549.0,25.834,22.14
68185,341,S1,552.0,25.869,22.14
68186,341,S1,555.0,25.754,22.14
68187,341,S1,558.0,25.691,22.14
68188,341,S1,561.0,25.646,22.14
68189,341,S1,564.0,25.621,22.14
68190,341,S1,567.0,25.602,22.14
68191,341,S1,570.0,25.490,22.14
68192,341,S1,573.0,25.427,22.14
68193,341,S1,576.0,25.467,22.14
68194,341,S1,579.0,25.406,22.14
68195,341,S1,582.0,25.425,22.14
68196,341,S1,585.0,25.353,22.14
68197,341,S1,588.0,25.183,22.14
68198,341,S1,591.0,25.164,22.14
68199,341,S1,594.0,25.162,22.14
68200,341,S1,597.0,25.138,22.14
68201,342,S2,0.0,82.755,20.94
68202,342,S2,3.0,81.952,20.94
68203,342,S2,6.0,81.122,20.94
68204,342,S2,9.0,80.325,20.94
68205,342,S2,12.0,79.671,20.94
68206,342,S2,15.0,78.974,20.94
68207,342,S2,18.0,78.241,20.94
68208,342,S2,21.0,77.439,20.94
68209,342,S2,24.0,76.587,20.94
68210,342,S2,27.0,76.041,20.94
68211,342,S2,30.0,75.313,20.94
68212,342,S2,33.0,74.595,20.94
68213,342,S2,36.0,73.932,20.94
68214,342,S2,39.0,73.336,20.94
68215,342,S2,42.0,72.628,20.94
68216,342,S2,45.0,71.969,20.94
68217,342,S2,48.0,71.349,20.94
68218,342,S2,51.0,70.643,20.94
68219,342,S2,54.0,70.088,20.94
68220,342,S2,57.0,69.390,20.94
68221,342,S2,60.0,68.714,20.94
68222,342,S2,63.0,68.184,20.94
68223,342,S2,66.0,67.566,20.94
68224,342,S2,69.0,67.045,20.94
68225,342,S2,72.0,66.369,20.94
68226,342,S2,75.0,65.832,20.94
68227,342,S2,78.0,65.267,20.94
68228,342,S2,81.0,64.779,20.94
68229,342,S2,84.0,64.217,20.94
68230,342,S2,87.0,63.539,20.94
68231,342,S2,90.0,63.091,20.94
68232,342,S2,93.0,62.388,20.94
68233,342,S2,96.0,61.945,20.94
68234,342,S2,99.0,61.470,20.94
68235,342,S2,102.0,60.984,20.94
68236,342,S2,105.0,60.414,20.94
68237,342,S2,108.0,60.008,20.94
68238,342,S2,111.0,59.444,20.94
68239,342,S2,114.0,58.923,20.94
68240,342,S2,117.0,58.438,20.94
68241,342,S2,120.0,58.000,20.94
68242,342,S2,123.0,57.515,20.94
68243,342,S2,126.0,57.111,20.94
68244,342,S2,129.0,56.538,20.94
68245,342,S2,132.0,56.119,20.94
68246,342,S2,135.0,55.644,20.94
68247,342,S2,138.0,55.292,20.94
68248,342,S2,141.0,54.766,20.94
68249,342,S2,144.0,54.317,20.94
68250,342,S2,147.0,53.967,20.94
68251,342,S2,150.0,53.514,20.94
68252,342,S2,153.0,53.110,20.94
68253,342,S2,156.0,52.806,20.94
68254,342,S2,159.0,52.364,20.94
68255,342,S2,162.0,51.955,20.94
68256,342,S2,165.0,51.493,20.94
68257,342,S2,168.0,51.114,20.94
68258,342,S2,171.0,50.844,20.94
68259,342,S2,174.0,50.269,20.94
68260,342,S2,177.0,49.985,20.94
68261,342,S2,180.0,49.673,20.94
68262,342,S2,183.0,49.272,20.94
68263,342,S2,186.0,48.888,20.94
68264,342,S2,189.0,48.507,20.94
68265,342,S2,192.0,48.116,20.94
68266,342,S2,195.0,47.791,20.94
68267,342,S2,198.0,47.615,20.94
68268,342,S2,201.0,47.187,20.94
68269,342,S2,204.0,46.819,20.94
68270,342,S2,207.0,46.501,20.94
68271,342,S2,210.0,46.268,20.94
68272,342,S2,213.0,45.888,20.94
68273,342,S2,216.0,45.562,20.94
68274,342,S2,219.0,45.297,20.94
68275,342,S2,222.0,44.835,20.94
68276,342,S2,225.0,44.533,20.94
68277,342,S2,228.0,44.242,20.94
68278,342,S2,231.0,43.990,20.94
68279,342,S2,234.0,43.721,20.94
68280,342,S2,237.0,43.479,20.94
68281,342,S2,240.0,43.135,20.94
68282,342,S2,243.0,42.896,20.94
68283,342,S2,246.0,42.619,20.94
68284,342,S2,249.0,42.333,20.94
68285,342,S2,252.0,42.064,20.94
68286,342,S2,255.0,41.824,20.94
68287,342,S2,258.0,41.575,20.94
68288,342,S2,261.0,41.210,20.94
68289,342,S2,264.0,41.000,20.94
68290,342,S2,267.0,40.844,20.94
68291,342,S2,270.0,40.449,20.94
68292,342,S2,273.0,40.242,20.94
68293,342,S2,276.0,39.966,20.94
68294,342,S2,279.0,39.749,20.94
68295,342,S2,282.0,39.552,20.94
68296,342,S2,285.0,39.219,20.94
68297,342,S2,288.0,39.018,20.94
68298,342,S2,291.0,38.845,20.94
68299,342,S2,294.0,38.694,20.94
68300,342,S2,297.0,38.314,20.94
68301,342,S2,300.0,38.215,20.94
68302,342,S2,303.0,37.885,20.94
68303,342,S2,306.0,37.640,20.94
68304,342,S2,309.0,37.484,20.94
68305,342,S2,312.0,37.289,20.94
68306,342,S2,315.0,37.111,20.94
68307,342,S2,318.0,36.854,20.94
68308,342,S2,321.0,36.613,20.94
68309,342,S2,324.0,36.502,20.94
68310,342,S2,327.0,36.250,20.94
68311,342,S2,330.0,36.199,20.94
68312,342,S2,333.0,35.915,20.94
68313,342,S2,336.0,35.662,20.94
68314,342,S2,339.0,35.468,20.94
68315,342,S2,342.0,35.320,20.94
68316,342,S2,345.0,35.141,20.94
68317,342,S2,348.0,34.933,20.94
68318,342,S2,351.0,34.826,20.94
68319,342,S2,354.0,34.552,20.94
68320,342,S2,357.0,34.415,20.94
68321,342,S2,360.0,34.297,20.94
68322,342,S2,363.0,34.030,20.94
68323,342,S2,366.0,33.915,20.94
68324,342,S2,369.0,33.763,20.94
68325,342,S2,372.0,33.560,20.94
68326,342,S2,375.0,33.393,20.94
68327,342,S2,378.0,33.318,20.94
68328,342,S2,381.0,33.068,20.94
68329,342,S2,384.0,32.954,20.94
68330,342,S2,387.0,32.822,20.94
68331,342,S2,390.0,32.586,20.94
68332,342,S2,393.0,32.510,20.94
68333,342,S2,396.0,32.413,20.94
68334,342,S2,399.0,32.189,20.94
68335,342,S2,402.0,32.066,20.94
68336,342,S2,405.0,31.829,20.94
68337,342,S2,408.0,31.779,20.94
68338,342,S2,411.0,31.691,20.94
68339,342,S2,414.0,31.475,20.94
68340,342,S2,417.0,31.284,20.94
68341,342,S2,420.0,31.411,20.94
68342,342,S2,423.0,31.080,20.94
68343,342,S2,426.0,31.100,20.94
68344,342,S2,429.0,30.927,20.94
68345,342,S2,432.0,30.721,20.94
68346,342,S2,435.0,30.657,20.94
68347,342,S2,438.0,30.413,20.94
68348,342,S2,441.0,30.358,20.94
68349,342,S2,444.0,30.306,20.94
68350,342,S2,447.0,30.149,20.94
68351,342,S2,450.0,30.004,20.94
68352,342,S2,453.0,29.841,20.94
68353,342,S2,456.0,29.837,20.94
68354,342,S2,459.0,29.658,20.94
68355,342,S2,462.0,29.526,20.94
68356,342,S2,465.0,29.454,20.94
68357,342,S2,468.0,29.362,20.94
68358,342,S2,471.0,29.280,20.94
68359,342,S2,474.0,29.079,20.94
68360,342,S2,477.0,29.058,20.94
68361,342,S2,480.0,28.918,20.94
68362,342,S2,483.0,28.784,20.94
68363,342,S2,486.0,28.763,20.94
68364,342,S2,489.0,28.718,20.94
68365,342,S2,492.0,28.495,20.94
68366,342,S2,495.0,28.512,20.94
68367,342,S2,498.0,28.321,20.94
68368,342,S2,501.0,28.226,20.94
68369,342,S2,504.0,27.992,20.94
68370,342,S2,507.0,28.110,20.94
68371,342,S2,510.0,27.997,20.94
68372,342,S2,513.0,27.936,20.94
68373,342,S2,516.0,27.635,20.94
68374,342,S2,519.0,27.718,20.94
68375,342,S2,522.0,27.603,20.94
68376,342,S2,525.0,27.440,20.94
68377,342,S2,528.0,27.345,20.94
68378,342,S2,531.0,27.366,20.94
68379,342,S2,534.0,27.315,20.94
68380,342,S2,537.0,27.116,20.94
68381,342,S2,540.0,27.157,20.94
68382,342,S2,543.0,27.031,20.94
68383,342,S2,546.0,27.012,20.94
68384,342,S2,549.0,26.946,20.94
68385,342,S2,552.0,26.856,20.94
68386,342,S2,555.0,26.780,20.94
68387,342,S2,558.0,26.642,20.94
68388,342,S2,561.0,26.622,20.94
68389,342,S2,564.0,26.600,20.94
68390,342,S2,567.0,26.502,20.94
68391,342,S2,570.0,26.353,20.94
68392,342,S2,573.0,26.252,20.94
68393,342,S2,576.0,26.179,20.94
68394,342,S2,579.0,26.238,20.94
68395,342,S2,582.0,26.112,20.94
68396,342,S2,585.0,26.026,20.94
68397,342,S2,588.0,26.035,20.94
68398,342,S2,591.0,25.924,20.94
68399,342,S2,594.0,25.941,20.94
68400,342,S2,597.0,25.761,20.94
68401,343,S3,0.0,88.297,22.18
68402,343,S3,3.0,87.218,22.18
68403,343,S3,6.0,85.821,22.18
68404,343,S3,9.0,84.739,22.18
68405,343,S3,12.0,83.551,22.18
68406,343,S3,15.0,82.512,22.18
68407,343,S3,18.0,81.491,22.18
68408,343,S3,21.0,80.310,22.18
68409,343,S3,24.0,79.292,22.18
68410,343,S3,27.0,78.279,22.18
68411,343,S3,30.0,77.224,22.18
68412,343,S3,33.0,76.240,22.18
68413,343,S3,36.0,75.259,22.18
68414,343,S3,39.0,74.258,22.18
68415,343,S3,42.0,73.321,22.18
68416,343,S3,45.0,72.389,22.18
68417,343,S3,48.0,71.445,22.18
68418,343,S3,51.0,70.568,22.18
68419,343,S3,54.0,69.763,22.18
68420,343,S3,57.0,68.842,22.18
68421,343,S3,60.0,68.010,22.18
68422,343,S3,63.0,67.180,22.18
68423,343,S3,66.0,66.336,22.18
68424,343,S3,69.0,65.592,22.18
68425,343,S3,72.0,64.695,22.18
68426,343,S3,75.0,64.033,22.18
68427,343,S3,78.0,63.204,22.18
68428,343,S3,81.0,62.516,22.18
68429,343,S3,84.0,61.703,22.18
68430,343,S3,87.0,60.999,22.18
68431,343,S3,90.0,60.262,22.18
68432,343,S3,93.0,59.649,22.18
68433,343,S3,96.0,58.992,22.18
68434,343,S3,99.0,58.252,22.18
68435,343,S3,102.0,57.569,22.18
68436,343,S3,105.0,56.911,22.18
68437,343,S3,108.0,56.342,22.18
68438,343,S3,111.0,55.637,22.18
68439,343,S3,114.0,55.135,22.18
68440,343,S3,117.0,54.440,22.18
68441,343,S3,120.0,53.725,22.18
68442,343,S3,123.0,53.347,22.18
68443,343,S3,126.0,52.816,22.18
68444,343,S3,129.0,52.192,22.18
68445,343,S3,132.0,51.779,22.18
68446,343,S3,135.0,51.134,22.18
68447,343,S3,138.0,50.620,22.18
68448,343,S3,141.0,50.086,22.18
68449,343,S3,144.0,49.673,22.18
68450,343,S3,147.0,49.031,22.18
68451,343,S3,150.0,48.561,22.18
68452,343,S3,153.0,48.097,22.18
68453,343,S3,156.0,47.691,22.18
68454,343,S3,159.0,47.151,22.18
68455,343,S3,162.0,46.656,22.18
68456,343,S3,165.0,46.236,22.18
68457,343,S3,168.0,45.818,22.18
68458,343,S3,171.0,45.485,22.18
68459,343,S3,174.0,44.955,22.18
68460,343,S3,177.0,44.597,22.18
68461,343,S3,180.0,44.199,22.18
68462,343,S3,183.0,43.690,22.18
68463,343,S3,186.0,43.358,22.18
68464,343,S3,189.0,43.002,22.18
68465,343,S3,192.0,42.576,22.18
68466,343,S3,195.0,42.212,22.18
68467,343,S3,198.0,41.928,22.18
68468,343,S3,201.0,41.473,22.18
68469,343,S3,204.0,41.245,22.18
68470,343,S3,207.0,40.837,22.18
68471,343,S3,210.0,40.427,22.18
68472,343,S3,213.0,40.091,22.18
68473,343,S3,216.0,39.825,22.18
68474,343,S3,219.0,39.551,22.18
68475,343,S3,222.0,39.152,22.18
68476,343,S3,225.0,38.900,22.18
68477,343,S3,228.0,38.525,22.18
68478,343,S3,231.0,38.324,22.18
68479,343,S3,234.0,37.974,22.18
68480,343,S3,237.0,37.698,22.18
68481,343,S3,240.0,37.378,22.18
68482,343,S3,243.0,37.107,22.18
68483,343,S3,246.0,36.821,22.18
68484,343,S3,249.0,36.553,22.18
68485,343,S3,252.0,36.329,22.18
68486,343,S3,255.0,35.995,22.18
68487,343,S3,258.0,35.890,22.18
68488,343,S3,261.0,35.537,22.18
68489,343,S3,264.0,35.348,22.18
68490,343,S3,267.0,35.059,22.18
68491,343,S3,270.0,34.874,22.18
68492,343,S3,273.0,34.613,22.18
68493,343,S3,276.0,34.406,22.18
68494,343,S3,279.0,34.260,22.18
68495,343,S3,282.0,33.971,22.18
68496,343,S3,285.0,33.806,22.18
68497,343,S3,288.0,33.622,22.18
68498,343,S3,291.0,33.331,22.18
68499,343,S3,294.0,33.095,22.18
68500,343,S3,297.0,32.925,22.18
68501,343,S3,300.0,32.676,22.18
68502,343,S3,303.0,32.584,22.18
68503,343,S3,306.0,32.291,22.18
68504,343,S3,309.0,32.128,22.18
68505,343,S3,312.0,31.946,22.18
68506,343,S3,315.0,31.839,22.18
68507,343,S3,318.0,31.628,22.18
68508,343,S3,321.0,31.417,22.18
68509,343,S3,324.0,31.164,22.18
68510,343,S3,327.0,31.113,22.18
68511,343,S3,330.0,30.952,22.18
68512,343,S3,333.0,30.791,22.18
68513,343,S3,336.0,30.572,22.18
68514,343,S3,339.0,30.505,22.18
68515,343,S3,342.0,30.251,22.18
68516,343,S3,345.0,30.140,22.18
68517,343,S3,348.0,30.109,22.18
68518,343,S3,351.0,29.964,22.18
68519,343,S3,354.0,29.773,22.18
68520,343,S3,357.0,29.626,22.18
68521,343,S3,360.0,29.473,22.18
68522,343,S3,363.0,29.315,22.18
68523,343,S3,366.0,29.196,22.18
68524,343,S3,369.0,29.015,22.18
68525,343,S3,372.0,28.944,22.18
68526,343,S3,375.0,28.706,22.18
68527,343,S3,378.0,28.710,22.18
68528,343,S3,381.0,28.615,22.18
68529,343,S3,384.0,28.520,22.18
68530,343,S3,387.0,28.341,22.18
68531,343,S3,390.0,28.331,22.18
68532,343,S3,393.0,28.232,22.18
68533,343,S3,396.0,27.949,22.18
68534,343,S3,399.0,27.900,22.18
68535,343,S3,402.0,27.868,22.18
68536,343,S3,405.0,27.764,22.18
68537,343,S3,408.0,27.510,22.18
68538,343,S3,411.0,27.508,22.18
68539,343,S3,414.0,27.487,22.18
68540,343,S3,417.0,27.364,22.18
68541,343,S3,420.0,27.245,22.18
68542,343,S3,423.0,27.183,22.18
68543,343,S3,426.0,27.008,22.18
68544,343,S3,429.0,26.929,22.18
68545,343,S3,432.0,26.842,22.18
68546,343,S3,435.0,26.757,22.18
68547,343,S3,438.0,26.664,22.18
68548,343,S3,441.0,26.622,22.18
68549,343,S3,444.0,26.594,22.18
68550,343,S3,447.0,26.402,22.18
68551,343,S3,450.0,26.348,22.18
68552,343,S3,453.0,26.436,22.18
68553,343,S3,456.0,26.216,22.18
68554,343,S3,459.0,26.162,22.18
68555,343,S3,462.0,26.149,22.18
68556,343,S3,465.0,25.994,22.18
68557,343,S3,468.0,25.960,22.18
68558,343,S3,471.0,25.901,22.18
68559,343,S3,474.0,25.865,22.18
68560,343,S3,477.0,25.782,22.18
68561,343,S3,480.0,25.688,22.18
68562,343,S3,483.0,25.608,22.18
68563,343,S3,486.0,25.597,22.18
68564,343,S3,489.0,25.558,22.18
68565,343,S3,492.0,25.396,22.18
68566,343,S3,495.0,25.342,22.18
68567,343,S3,498.0,25.328,22.18
68568,343,S3,501.0,25.265,22.18
68569,343,S3,504.0,25.203,22.18
68570,343,S3,507.0,25.120,22.18
68571,343,S3,510.0,25.161,22.18
68572,343,S3,513.0,25.001,22.18
68573,343,S3,516.0,24.984,22.18
68574,343,S3,519.0,24.983,22.18
68575,343,S3,522.0,24.787,22.18
68576,343,S3,525.0,24.853,22.18
68577,343,S3,528.0,24.808,22.18
68578,343,S3,531.0,24.686,22.18
68579,343,S3,534.0,24.717,22.18
68580,343,S3,537.0,24.630,22.18
68581,343,S3,540.0,24.626,22.18
68582,343,S3,543.0,24.491,22.18
68583,343,S3,546.0,24.575,22.18
68584,343,S3,549.0,24.512,22.18
68585,343,S3,552.0,24.456,22.18
68586,343,S3,555.0,24.372,22.18
68587,343,S3,558.0,24.323,22.18
68588,343,S3,561.0,24.280,22.18
68589,343,S3,564.0,24.329,22.18
68590,343,S3,567.0,24.250,22.18
68591,343,S3,570.0,24.159,22.18
68592,343,S3,573.0,24.084,22.18
68593,343,S3,576.0,24.182,22.18
68594,343,S3,579.0,24.078,22.18
68595,343,S3,582.0,24.036,22.18
68596,343,S3,585.0,23.931,22.18
68597,343,S3,588.0,24.014,22.18
68598,343,S3,591.0,23.980,22.18
68599,343,S3,594.0,23.920,22.18
68600,343,S3,597.0,23.810,22.18
68601,344,S4,0.0,70.516,21.13
68602,344,S4,3.0,69.399,21.13
68603,344,S4,6.0,68.234,21.13
68604,344,S4,9.0,67.053,21.13
68605,344,S4,12.0,66.061,21.13
68606,344,S4,15.0,64.965,21.13
68607,344,S4,18.0,63.869,21.13
68608,344,S4,21.0,62.817,21.13
68609,344,S4,24.0,61.948,21.13
68610,344,S4,27.0,60.869,21.13
68611,344,S4,30.0,60.055,21.13
68612,344,S4,33.0,59.072,21.13
68613,344,S4,36.0,58.181,21.13
68614,344,S4,39.0,57.368,21.13
68615,344,S4,42.0,56.410,21.13
68616,344,S4,45.0,55.550,21.13
68617,344,S4,48.0,54.775,21.13
68618,344,S4,51.0,53.965,21.13
68619,344,S4,54.0,53.160,21.13
68620,344,S4,57.0,52.444,21.13
68621,344,S4,60.0,51.629,21.13
68622,344,S4,63.0,50.923,21.13
68623,344,S4,66.0,50.262,21.13
68624,344,S4,69.0,49.556,21.13
68625,344,S4,72.0,48.887,21.13
68626,344,S4,75.0,48.186,21.13
68627,344,S4,78.0,47.624,21.13
68628,344,S4,81.0,46.965,21.13
68629,344,S4,84.0,46.369,21.13
68630,344,S4,87.0,45.804,21.13
68631,344,S4,90.0,45.232,21.13
68632,344,S4,93.0,44.580,21.13
68633,344,S4,96.0,44.087,21.13
68634,344,S4,99.0,43.481,21.13
68635,344,S4,102.0,43.035,21.13
68636,344,S4,105.0,42.428,21.13
68637,344,S4,108.0,41.958,21.13
68638,344,S4,111.0,41.488,21.13
68639,344,S4,114.0,41.012,21.13
68640,344,S4,117.0,40.536,21.13
68641,344,S4,120.0,40.159,21.13
68642,344,S4,123.0,39.691,21.13
68643,344,S4,126.0,39.216,21.13
68644,344,S4,129.0,38.807,21.13
68645,344,S4,132.0,38.299,21.13
68646,344,S4,135.0,37.880,21.13
68647,344,S4,138.0,37.511,21.13
68648,344,S4,141.0,37.070,21.13
68649,344,S4,144.0,36.828,21.13
68650,344,S4,147.0,36.483,21.13
68651,344,S4,150.0,35.955,21.13
68652,344,S4,153.0,35.699,21.13
68653,344,S4,156.0,35.321,21.13
68654,344,S4,159.0,35.015,21.13
68655,344,S4,162.0,34.669,21.13
68656,344,S4,165.0,34.311,21.13
68657,344,S4,168.0,34.027,21.13
68658,344,S4,171.0,33.855,21.13
68659,344,S4,174.0,33.399,21.13
68660,344,S4,177.0,33.081,21.13
68661,344,S4,180.0,32.832,21.13
68662,344,S4,183.0,32.609,21.13
68663,344,S4,186.0,32.320,21.13
68664,344,S4,189.0,32.063,21.13
68665,344,S4,192.0,31.795,21.13
68666,344,S4,195.0,31.613,21.13
68667,344,S4,198.0,31.320,21.13
68668,344,S4,201.0,30.978,21.13
68669,344,S4,204.0,30.866,21.13
68670,344,S4,207.0,30.612,21.13
68671,344,S4,210.0,30.436,21.13
68672,344,S4,213.0,30.137,21.13
68673,344,S4,216.0,30.016,21.13
68674,344,S4,219.0,29.798,21.13
68675,344,S4,222.0,29.501,21.13
68676,344,S4,225.0,29.231,21.13
68677,344,S4,228.0,29.153,21.13
68678,344,S4,231.0,28.946,21.13
68679,344,S4,234.0,28.719,21.13
68680,344,S4,237.0,28.536,21.13
68681,344,S4,240.0,28.499,21.13
68682,344,S4,243.0,28.244,21.13
68683,344,S4,246.0,28.035,21.13
68684,344,S4,249.0,27.927,21.13
68685,344,S4,252.0,27.767,21.13
68686,344,S4,255.0,27.583,21.13
68687,344,S4,258.0,27.446,21.13
68688,344,S4,261.0,27.285,21.13
68689,344,S4,264.0,27.088,21.13
68690,344,S4,267.0,26.982,21.13
68691,344,S4,270.0,26.802,21.13
68692,344,S4,273.0,26.701,21.13
68693,344,S4,276.0,26.542,21.13
68694,344,S4,279.0,26.407,21.13
68695,344,S4,282.0,26.272,21.13
68696,344,S4,285.0,26.173,21.13
68697,344,S4,288.0,26.111,21.13
68698,344,S4,291.0,25.915,21.13
68699,344,S4,294.0,25.756,21.13
68700,344,S4,297.0,25.760,21.13
68701,344,S4,300.0,25.599,21.13
68702,344,S4,303.0,25.482,21.13
68703,344,S4,306.0,25.403,21.13
68704,344,S4,309.0,25.352,21.13
68705,344,S4,312.0,25.215,21.13
68706,344,S4,315.0,25.073,21.13
68707,344,S4,318.0,25.026,21.13
68708,344,S4,321.0,24.891,21.13
68709,344,S4,324.0,24.777,21.13
68710,344,S4,327.0,24.746,21.13
68711,344,S4,330.0,24.561,21.13
68712,344,S4,333.0,24.602,21.13
68713,344,S4,336.0,24.498,21.13
68714,344,S4,339.0,24.341,21.13
68715,344,S4,342.0,24.356,21.13
68716,344,S4,345.0,24.224,21.13
68717,344,S4,348.0,24.225,21.13
68718,344,S4,351.0,24.132,21.13
68719,344,S4,354.0,24.027,21.13
68720,344,S4,357.0,24.035,21.13
68721,344,S4,360.0,23.866,21.13
68722,344,S4,363.0,23.832,21.13
68723,344,S4,366.0,23.819,21.13
68724,344,S4,369.0,23.629,21.13
68725,344,S4,372.0,23.687,21.13
68726,344,S4,375.0,23.664,21.13
68727,344,S4,378.0,23.592,21.13
68728,344,S4,381.0,23.433,21.13
68729,344,S4,384.0,23.390,21.13
68730,344,S4,387.0,23.388,21.13
68731,344,S4,390.0,23.342,21.13
68732,344,S4,393.0,23.226,21.13
68733,344,S4,396.0,23.209,21.13
68734,344,S4,399.0,23.195,21.13
68735,344,S4,402.0,23.037,21.13
68736,344,S4,405.0,23.105,21.13
68737,344,S4,408.0,23.055,21.13
68738,344,S4,411.0,22.995,21.13
68739,344,S4,414.0,22.903,21.13
68740,344,S4,417.0,22.930,21.13
68741,344,S4,420.0,22.818,21.13
68742,344,S4,423.0,22.796,21.13
68743,344,S4,426.0,22.746,21.13
68744,344,S4,429.0,22.758,21.13
68745,344,S4,432.0,22.688,21.13
68746,344,S4,435.0,22.661,21.13
68747,344,S4,438.0,22.653,21.13
68748,344,S4,441.0,22.525,21.13
68749,344,S4,444.0,22.557,21.13
68750,344,S4,447.0,22.449,21.13
68751,344,S4,450.0,22.466,21.13
68752,344,S4,453.0,22.575,21.13
68753,344,S4,456.0,22.507,21.13
68754,344,S4,459.0,22.397,21.13
68755,344,S4,462.0,22.281,21.13
68756,344,S4,465.0,22.367,21.13
68757,344,S4,468.0,22.217,21.13
68758,344,S4,471.0,22.250,21.13
68759,344,S4,474.0,22.294,21.13
68760,344,S4,477.0,22.157,21.13
68761,344,S4,480.0,22.254,21.13
68762,344,S4,483.0,22.154,21.13
68763,344,S4,486.0,22.063,21.13
68764,344,S4,489.0,22.192,21.13
68765,344,S4,492.0,22.089,21.13
68766,344,S4,495.0,22.054,21.13
68767,344,S4,498.0,22.108,21.13
68768,344,S4,501.0,22.099,21.13
68769,344,S4,504.0,21.995,21.13
68770,344,S4,507.0,22.020,21.13
68771,344,S4,510.0,22.005,21.13
68772,344,S4,513.0,21.949,21.13
68773,344,S4,516.0,21.998,21.13
68774,344,S4,519.0,21.836,21.13
68775,344,S4,522.0,21.830,21.13
68776,344,S4,525.0,21.897,21.13
68777,344,S4,528.0,21.900,21.13
68778,344,S4,531.0,21.923,21.13
68779,344,S4,534.0,21.854,21.13
68780,344,S4,537.0,21.903,21.13
68781,344,S4,540.0,21.824,21.13
68782,344,S4,543.0,21.764,21.13
68783,344,S4,546.0,21.870,21.13
68784,344,S4,549.0,21.755,21.13
68785,344,S4,552.0,21.756,21.13
68786,344,S4,555.0,21.678,21.13
68787,344,S4,558.0,21.656,21.13
68788,344,S4,561.0,21.751,21.13
68789,344,S4,564.0,21.591,21.13
68790,344,S4,567.0,21.568,21.13
68791,344,S4,570.0,21.677,21.13
68792,344,S4,573.0,21.502,21.13
68793,344,S4,576.0,21.639,21.13
68794,344,S4,579.0,21.633,21.13
68795,344,S4,582.0,21.622,21.13
68796,344,S4,585.0,21.603,21.13
68797,344,S4,588.0,21.731,21.13
68798,344,S4,591.0,21.512,21.13
68799,344,S4,594.0,21.609,21.13
68800,344,S4,597.0,21.602,21.13
68801,345,S1,0.0,78.546,21.39
68802,345,S1,3.0,77.620,21.39
68803,345,S1,6.0,76.694,21.39
68804,345,S1,9.0,75.851,21.39
68805,345,S1,12.0,74.855,21.39
68806,345,S1,15.0,73.872,21.39
68807,345,S1,18.0,72.991,21.39
68808,345,S1,21.0,72.154,21.39
68809,345,S1,24.0,71.312,21.39
68810,345,S1,27.0,70.480,21.39
68811,345,S1,30.0,69.678,21.39
68812,345,S1,33.0,68.793,21.39
68813,345,S1,36.0,68.059,21.39
68814,345,S1,39.0,67.228,21.39
68815,345,S1,42.0,66.451,21.39
68816,345,S1,45.0,65.704,21.39
68817,345,S1,48.0,64.963,21.39
68818,345,S1,51.0,64.177,21.39
68819,345,S1,54.0,63.496,21.39
68820,345,S1,57.0,62.750,21.39
68821,345,S1,60.0,62.020,21.39
68822,345,S1,63.0,61.267,21.39
68823,345,S1,66.0,60.752,21.39
68824,345,S1,69.0,60.006,21.39
68825,345,S1,72.0,59.365,21.39
68826,345,S1,75.0,58.598,21.39
68827,345,S1,78.0,58.090,21.39
68828,345,S1,81.0,57.393,21.39
68829,345,S1,84.0,56.869,21.39
68830,345,S1,87.0,56.231,21.39
68831,345,S1,90.0,55.618,21.39
68832,345,S1,93.0,55.042,21.39
68833,345,S1,96.0,54.491,21.39
68834,345,S1,99.0,53.870,21.39
68835,345,S1,102.0,53.449,21.39
68836,345,S1,105.0,52.824,21.39
68837,345,S1,108.0,52.232,21.39
68838,345,S1,111.0,51.752,21.39
68839,345,S1,114.0,51.281,21.39
68840,345,S1,117.0,50.758,21.39
68841,345,S1,120.0,50.263,21.39
68842,345,S1,123.0,49.753,21.39
68843,345,S1,126.0,49.239,21.39
68844,345,S1,129.0,48.775,21.39
68845,345,S1,132.0,48.394,21.39
68846,345,S1,135.0,47.828,21.39
68847,345,S1,138.0,47.384,21.39
68848,345,S1,141.0,46.974,21.39
68849,345,S1,144.0,46.617,21.39
68850,345,S1,147.0,46.031,21.39
68851,345,S1,150.0,45.726,21.39
68852,345,S1,153.0,45.354,21.39
68853,345,S1,156.0,44.848,21.39
68854,345,S1,159.0,44.510,21.39
68855,345,S1,162.0,44.026,21.39
68856,345,S1,165.0,43.711,21.39
68857,345,S1,168.0,43.324,21.39
68858,345,S1,171.0,42.931,21.39
68859,345,S1,174.0,42.518,21.39
68860,345,S1,177.0,42.246,21.39
68861,345,S1,180.0,41.926,21.39
68862,345,S1,183.0,41.506,21.39
68863,345,S1,186.0,41.089,21.39
68864,345,S1,189.0,40.809,21.39
68865,345,S1,192.0,40.504,21.39
68866,345,S1,195.0,40.135,21.39
68867,345,S1,198.0,39.711,21.39
68868,345,S1,201.0,39.494,21.39
68869,345,S1,204.0,39.277,21.39
68870,345,S1,207.0,38.920,21.39
68871,345,S1,210.0,38.607,21.39
68872,345,S1,213.0,38.415,21.39
68873,345,S1,216.0,38.016,21.39
68874,345,S1,219.0,37.722,21.39
68875,345,S1,222.0,37.451,21.39
68876,345,S1,225.0,37.164,21.39
68877,345,S1,228.0,36.998,21.39
68878,345,S1,231.0,36.626,21.39
68879,345,S1,234.0,36.512,21.39
68880,345,S1,237.0,36.128,21.39
68881,345,S1,240.0,35.883,21.39
68882,345,S1,243.0,35.726,21.39
68883,345,S1,246.0,35.420,21.39
68884,345,S1,249.0,35.151,21.39
68885,345,S1,252.0,34.862,21.39
68886,345,S1,255.0,34.686,21.39
68887,345,S1,258.0,34.451,21.39
68888,345,S1,261.0,34.365,21.39
68889,345,S1,264.0,33.948,21.39
68890,345,S1,267.0,33.862,21.39
68891,345,S1,270.0,33.537,21.39
68892,345,S1,273.0,33.382,21.39
68893,345,S1,276.0,33.182,21.39
68894,345,S1,279.0,33.008,21.39
68895,345,S1,282.0,32.787,21.39
68896,345,S1,285.0,32.643,21.39
68897,345,S1,288.0,32.504,21.39
68898,345,S1,291.0,32.252,21.39
68899,345,S1,294.0,32.118,21.39
68900,345,S1,297.0,31.838,21.39
68901,345,S1,300.0,31.677,21.39
68902,345,S1,303.0,31.529,21.39
68903,345,S1,306.0,31.427,21.39
68904,345,S1,309.0,31.200,21.39
68905,345,S1,312.0,31.058,21.39
68906,345,S1,315.0,30.825,21.39
68907,345,S1,318.0,30.703,21.39
68908,345,S1,321.0,30.547,21.39
68909,345,S1,324.0,30.358,21.39
68910,345,S1,327.0,30.261,21.39
68911,345,S1,330.0,30.051,21.39
68912,345,S1,333.0,29.986,21.39
68913,345,S1,336.0,29.811,21.39
68914,345,S1,339.0,29.613,21.39
68915,345,S1,342.0,29.570,21.39
68916,345,S1,345.0,29.278,21.39
68917,345,S1,348.0,29.148,21.39
68918,345,S1,351.0,29.065,21.39
68919,345,S1,354.0,28.896,21.39
68920,345,S1,357.0,28.777,21.39
68921,345,S1,360.0,28.721,21.39
68922,345,S1,363.0,28.587,21.39
68923,345,S1,366.0,28.536,21.39
68924,345,S1,369.0,28.335,21.39
68925,345,S1,372.0,28.203,21.39
68926,345,S1,375.0,28.058,21.39
68927,345,S1,378.0,27.941,21.39
68928,345,S1,381.0,27.938,21.39
68929,345,S1,384.0,27.809,21.39
68930,345,S1,387.0,27.664,21.39
68931,345,S1,390.0,27.496,21.39
68932,345,S1,393.0,27.443,21.39
68933,345,S1,396.0,27.329,21.39
68934,345,S1,399.0,27.221,21.39
68935,345,S1,402.0,27.068,21.39
68936,345,S1,405.0,27.060,21.39
68937,345,S1,408.0,26.835,21.39
68938,345,S1,411.0,26.885,21.39
68939,345,S1,414.0,26.820,21.39
68940,345,S1,417.0,26.651,21.39
68941,345,S1,420.0,26.464,21.39
68942,345,S1,423.0,26.539,21.39
68943,345,S1,426.0,26.385,21.39
68944,345,S1,429.0,26.200,21.39
68945,345,S1,432.0,26.183,21.39
68946,345,S1,435.0,26.131,21.39
68947,345,S1,438.0,26.018,21.39
68948,345,S1,441.0,26.035,21.39
68949,345,S1,444.0,25.902,21.39
68950,345,S1,447.0,25.794,21.39
68951,345,S1,450.0,25.770,21.39
68952,345,S1,453.0,25.714,21.39
68953,345,S1,456.0,25.619,21.39
68954,345,S1,459.0,25.602,21.39
68955,345,S1,462.0,25.417,21.39
68956,345,S1,465.0,25.407,21.39
68957,345,S1,468.0,25.274,21.39
68958,345,S1,471.0,25.199,21.39
68959,345,S1,474.0,25.203,21.39
68960,345,S1,477.0,25.221,21.39
68961,345,S1,480.0,25.095,21.39
68962,345,S1,483.0,24.951,21.39
68963,345,S1,486.0,24.934,21.39
68964,345,S1,489.0,24.922,21.39
68965,345,S1,492.0,24.867,21.39
68966,345,S1,495.0,24.761,21.39
68967,345,S1,498.0,24.657,21.39
68968,345,S1,501.0,24.668,21.39
68969,345,S1,504.0,24.592,21.39
68970,345,S1,507.0,24.463,21.39
68971,345,S1,510.0,24.503,21.39
68972,345,S1,513.0,24.454,21.39
68973,345,S1,516.0,24.287,21.39
68974,345,S1,519.0,24.352,21.39
68975,345,S1,522.0,24.278,21.39
68976,345,S1,525.0,24.268,21.39
68977,345,S1,528.0,24.164,21.39
68978,345,S1,531.0,24.129,21.39
68979,345,S1,534.0,23.999,21.39
68980,345,S1,537.0,24.120,21.39
68981,345,S1,540.0,23.940,21.39
68982,345,S1,543.0,23.951,21.39
68983,345,S1,546.0,23.912,21.39
68984,345,S1,549.0,23.847,21.39
68985,345,S1,552.0,23.829,21.39
68986,345,S1,555.0,23.823,21.39
68987,345,S1,558.0,23.782,21.39
68988,345,S1,561.0,23.678,21.39
68989,345,S1,564.0,23.727,21.39
68990,345,S1,567.0,23.698,21.39
68991,345,S1,570.0,23.624,21.39
68992,345,S1,573.0,23.512,21.39
68993,345,S1,576.0,23.551,21.39
68994,345,S1,579.0,23.412,21.39
68995,345,S1,582.0,23.525,21.39
68996,345,S1,585.0,23.394,21.39
68997,345,S1,588.0,23.387,21.39
68998,345,S1,591.0,23.397,21.39
68999,345,S1,594.0,23.354,21.39
69000,345,S1,597.0,23.267,21.39
69001,346,S2,0.0,89.083,20.43
69002,346,S2,3.0,87.190,20.43
69003,346,S2,6.0,85.340,20.43
69004,346,S2,9.0,83.414,20.43
69005,346,S2,12.0,81.771,20.43
69006,346,S2,15.0,79.980,20.43
69007,346,S2,18.0,78.291,20.43
69008,346,S2,21.0,76.683,20.43
69009,346,S2,24.0,75.176,20.43
69010,346,S2,27.0,73.617,20.43
69011,346,S2,30.0,72.036,20.43
69012,346,S2,33.0,70.661,20.43
69013,346,S2,36.0,69.401,20.43
69014,346,S2,39.0,67.993,20.43
69015,346,S2,42.0,66.568,20.43
69016,346,S2,45.0,65.322,20.43
69017,346,S2,48.0,64.113,20.43
69018,346,S2,51.0,62.778,20.43
69019,346,S2,54.0,61.667,20.43
69020,346,S2,57.0,60.575,20.43
69021,346,S2,60.0,59.346,20.43
69022,346,S2,63.0,58.368,20.43
69023,346,S2,66.0,57.254,20.43
69024,346,S2,69.0,56.114,20.43
69025,346,S2,72.0,55.148,20.43
69026,346,S2,75.0,54.200,20.43
69027,346,S2,78.0,53.348,20.43
69028,346,S2,81.0,52.356,20.43
69029,346,S2,84.0,51.509,20.43
69030,346,S2,87.0,50.690,20.43
69031,346,S2,90.0,49.828,20.43
69032,346,S2,93.0,49.011,20.43
69033,346,S2,96.0,48.120,20.43
69034,346,S2,99.0,47.404,20.43
69035,346,S2,102.0,46.733,20.43
69036,346,S2,105.0,45.895,20.43
69037,346,S2,108.0,45.190,20.43
69038,346,S2,111.0,44.504,20.43
69039,346,S2,114.0,43.848,20.43
69040,346,S2,117.0,43.076,20.43
69041,346,S2,120.0,42.621,20.43
69042,346,S2,123.0,41.874,20.43
69043,346,S2,126.0,41.361,20.43
69044,346,S2,129.0,40.767,20.43
69045,346,S2,132.0,40.103,20.43
69046,346,S2,135.0,39.567,20.43
69047,346,S2,138.0,39.044,20.43
69048,346,S2,141.0,38.532,20.43
69049,346,S2,144.0,38.037,20.43
69050,346,S2,147.0,37.527,20.43
69051,346,S2,150.0,37.064,20.43
69052,346,S2,153.0,36.573,20.43
69053,346,S2,156.0,36.079,20.43
69054,346,S2,159.0,35.705,20.43
69055,346,S2,162.0,35.300,20.43
69056,346,S2,165.0,34.894,20.43
69057,346,S2,168.0,34.541,20.43
69058,346,S2,171.0,34.084,20.43
69059,346,S2,174.0,33.739,20.43
69060,346,S2,177.0,33.204,20.43
69061,346,S2,180.0,32.990,20.43
69062,346,S2,183.0,32.467,20.43
69063,346,S2,186.0,32.267,20.43
69064,346,S2,189.0,31.961,20.43
69065,346,S2,192.0,31.629,20.43
69066,346,S2,195.0,31.291,20.43
69067,346,S2,198.0,30.936,20.43
69068,346,S2,201.0,30.721,20.43
69069,346,S2,204.0,30.440,20.43
69070,346,S2,207.0,30.072,20.43
69071,346,S2,210.0,29.975,20.43
69072,346,S2,213.0,29.675,20.43
69073,346,S2,216.0,29.398,20.43
69074,346,S2,219.0,29.104,20.43
69075,346,S2,222.0,28.846,20.43
69076,346,S2,225.0,28.618,20.43
69077,346,S2,228.0,28.507,20.43
69078,346,S2,231.0,28.152,20.43
69079,346,S2,234.0,27.990,20.43
69080,346,S2,237.0,27.741,20.43
69081,346,S2,240.0,27.495,20.43
69082,346,S2,243.0,27.356,20.43
69083,346,S2,246.0,27.163,20.43
69084,346,S2,249.0,26.993,20.43
69085,346,S2,252.0,26.755,20.43
69086,346,S2,255.0,26.540,20.43
69087,346,S2,258.0,26.398,20.43
69088,346,S2,261.0,26.282,20.43
69089,346,S2,264.0,26.054,20.43
69090,346,S2,267.0,25.954,20.43
69091,346,S2,270.0,25.770,20.43
69092,346,S2,273.0,25.667,20.43
69093,346,S2,276.0,25.456,20.43
69094,346,S2,279.0,25.354,20.43
69095,346,S2,282.0,25.279,20.43
69096,346,S2,285.0,25.062,20.43
69097,346,S2,288.0,24.992,20.43
69098,346,S2,291.0,24.808,20.43
69099,346,S2,294.0,24.664,20.43
69100,346,S2,297.0,24.562,20.43
69101,346,S2,300.0,24.409,20.43
69102,346,S2,303.0,24.404,20.43
69103,346,S2,306.0,24.209,20.43
69104,346,S2,309.0,24.131,20.43
69105,346,S2,312.0,24.015,20.43
69106,346,S2,315.0,23.912,20.43
69107,346,S2,318.0,23.790,20.43
69108,346,S2,321.0,23.778,20.43
69109,346,S2,324.0,23.668,20.43
69110,346,S2,327.0,23.575,20.43
69111,346,S2,330.0,23.475,20.43
69112,346,S2,333.0,23.329,20.43
69113,346,S2,336.0,23.296,20.43
69114,346,S2,339.0,23.191,20.43
69115,346,S2,342.0,23.189,20.43
69116,346,S2,345.0,22.983,20.43
69117,346,S2,348.0,23.040,20.43
69118,346,S2,351.0,22.926,20.43
69119,346,S2,354.0,22.852,20.43
69120,346,S2,357.0,22.746,20.43
69121,346,S2,360.0,22.710,20.43
69122,346,S2,363.0,22.637,20.43
69123,346,S2,366.0,22.638,20.43
69124,346,S2,369.0,22.507,20.43
69125,346,S2,372.0,22.529,20.43
69126,346,S2,375.0,22.427,20.43
69127,346,S2,378.0,22.267,20.43
69128,346,S2,381.0,22.193,20.43
69129,346,S2,384.0,22.140,20.43
69130,346,S2,387.0,22.258,20.43
69131,346,S2,390.0,22.125,20.43
69132,346,S2,393.0,22.087,20.43
69133,346,S2,396.0,22.068,20.43
69134,346,S2,399.0,21.988,20.43
69135,346,S2,402.0,21.930,20.43
69136,346,S2,405.0,21.951,20.43
69137,346,S2,408.0,21.885,20.43
69138,346,S2,411.0,21.799,20.43
69139,346,S2,414.0,21.652,20.43
69140,346,S2,417.0,21.771,20.43
69141,346,S2,420.0,21.651,20.43
69142,346,S2,423.0,21.703,20.43
69143,346,S2,426.0,21.609,20.43
69144,346,S2,429.0,21.634,20.43
69145,346,S2,432.0,21.626,20.43
69146,346,S2,435.0,21.547,20.43
69147,346,S2,438.0,21.574,20.43
69148,346,S2,441.0,21.576,20.43
69149,346,S2,444.0,21.469,20.43
69150,346,S2,447.0,21.428,20.43
69151,346,S2,450.0,21.392,20.43
69152,346,S2,453.0,21.417,20.43
69153,346,S2,456.0,21.369,20.43
69154,346,S2,459.0,21.364,20.43
69155,346,S2,462.0,21.273,20.43
69156,346,S2,465.0,21.238,20.43
69157,346,S2,468.0,21.313,20.43
69158,346,S2,471.0,21.267,20.43
69159,346,S2,474.0,21.253,20.43
69160,346,S2,477.0,21.181,20.43
69161,346,S2,480.0,21.142,20.43
69162,346,S2,483.0,21.210,20.43
69163,346,S2,486.0,21.067,20.43
69164,346,S2,489.0,21.175,20.43
69165,346,S2,492.0,21.142,20.43
69166,346,S2,495.0,20.977,20.43
69167,346,S2,498.0,21.062,20.43
69168,346,S2,501.0,21.045,20.43
69169,346,S2,504.0,20.969,20.43
69170,346,S2,507.0,20.970,20.43
69171,346,S2,510.0,20.959,20.43
69172,346,S2,513.0,20.923,20.43
69173,346,S2,516.0,20.905,20.43
69174,346,S2,519.0,20.939,20.43
69175,346,S2,522.0,20.910,20.43
69176,346,S2,525.0,20.972,20.43
69177,346,S2,528.0,20.899,20.43
69178,346,S2,531.0,20.768,20.43
69179,346,S2,534.0,20.894,20.43
69180,346,S2,537.0,20.813,20.43
69181,346,S2,540.0,20.804,20.43
69182,346,S2,543.0,20.796,20.43
69183,346,S2,546.0,20.736,20.43
69184,346,S2,549.0,20.843,20.43
69185,346,S2,552.0,20.815,20.43
69186,346,S2,555.0,20.750,20.43
69187,346,S2,558.0,20.758,20.43
69188,346,S2,561.0,20.705,20.43
69189,346,S2,564.0,20.755,20.43
69190,346,S2,567.0,20.770,20.43
69191,346,S2,570.0,20.753,20.43
69192,346,S2,573.0,20.775,20.43
69193,346,S2,576.0,20.684,20.43
69194,346,S2,579.0,20.720,20.43
69195,346,S2,582.0,20.657,20.43
69196,346,S2,585.0,20.738,20.43
69197,346,S2,588.0,20.580,20.43
69198,346,S2,591.0,20.688,20.43
69199,346,S2,594.0,20.733,20.43
69200,346,S2,597.0,20.617,20.43
69201,347,S3,0.0,71.443,20.19
69202,347,S3,3.0,70.288,20.19
69203,347,S3,6.0,69.188,20.19
69204,347,S3,9.0,68.036,20.19
69205,347,S3,12.0,67.057,20.19
69206,347,S3,15.0,65.916,20.19
69207,347,S3,18.0,64.990,20.19
69208,347,S3,21.0,64.007,20.19
69209,347,S3,24.0,63.023,20.19
69210,347,S3,27.0,62.053,20.19
69211,347,S3,30.0,61.138,20.19
69212,347,S3,33.0,60.296,20.19
69213,347,S3,36.0,59.408,20.19
69214,347,S3,39.0,58.525,20.19
69215,347,S3,42.0,57.551,20.19
69216,347,S3,45.0,56.716,20.19
69217,347,S3,48.0,55.972,20.19
69218,347,S3,51.0,55.106,20.19
69219,347,S3,54.0,54.384,20.19
69220,347,S3,57.0,53.593,20.19
69221,347,S3,60.0,52.921,20.19
69222,347,S3,63.0,52.214,20.19
69223,347,S3,66.0,51.527,20.19
69224,347,S3,69.0,50.858,20.19
69225,347,S3,72.0,50.097,20.19
69226,347,S3,75.0,49.497,20.19
69227,347,S3,78.0,48.664,20.19
69228,347,S3,81.0,48.115,20.19
69229,347,S3,84.0,47.604,20.19
69230,347,S3,87.0,46.976,20.19
69231,347,S3,90.0,46.304,20.19
69232,347,S3,93.0,45.827,20.19
69233,347,S3,96.0,45.245,20.19
69234,347,S3,99.0,44.594,20.19
69235,347,S3,102.0,44.109,20.19
69236,347,S3,105.0,43.602,20.19
69237,347,S3,108.0,43.026,20.19
69238,347,S3,111.0,42.582,20.19
69239,347,S3,114.0,42.045,20.19
69240,347,S3,117.0,41.553,20.19
69241,347,S3,120.0,41.100,20.19
69242,347,S3,123.0,40.656,20.19
69243,347,S3,126.0,40.153,20.19
69244,347,S3,129.0,39.764,20.19
69245,347,S3,132.0,39.346,20.19
69246,347,S3,135.0,38.868,20.19
69247,347,S3,138.0,38.492,20.19
69248,347,S3,141.0,38.038,20.19
69249,347,S3,144.0,37.830,20.19
69250,347,S3,147.0,37.257,20.19
69251,347,S3,150.0,36.834,20.19
69252,347,S3,153.0,36.417,20.19
69253,347,S3,156.0,36.149,20.19
69254,347,S3,159.0,35.791,20.19
69255,347,S3,162.0,35.481,20.19
69256,347,S3,165.0,35.101,20.19
69257,347,S3,168.0,34.780,20.19
69258,347,S3,171.0,34.454,20.19
69259,347,S3,174.0,34.151,20.19
69260,347,S3,177.0,33.829,20.19
69261,347,S3,180.0,33.473,20.19
69262,347,S3,183.0,33.238,20.19
69263,347,S3,186.0,32.904,20.19
69264,347,S3,189.0,32.754,20.19
69265,347,S3,192.0,32.347,20.19
69266,347,S3,195.0,32.109,20.19
69267,347,S3,198.0,31.848,20.19
69268,347,S3,201.0,31.594,20.19
69269,347,S3,204.0,31.327,20.19
69270,347,S3,207.0,31.076,20.19
69271,347,S3,210.0,30.774,20.19
69272,347,S3,213.0,30.620,20.19
69273,347,S3,216.0,30.346,20.19
69274,347,S3,219.0,30.115,20.19
69275,347,S3,222.0,29.874,20.19
69276,347,S3,225.0,29.722,20.19
69277,347,S3,228.0,29.621,20.19
69278,347,S3,231.0,29.230,20.19
69279,347,S3,234.0,29.146,20.19
69280,347,S3,237.0,28.860,20.19
69281,347,S3,240.0,28.738,20.19
69282,347,S3,243.0,28.571,20.19
69283,347,S3,246.0,28.349,20.19
69284,347,S3,249.0,28.155,20.19
69285,347,S3,252.0,28.001,20.19
69286,347,S3,255.0,27.766,20.19
69287,347,S3,258.0,27.651,20.19
69288,347,S3,261.0,27.541,20.19
69289,347,S3,264.0,27.309,20.19
69290,347,S3,267.0,27.181,20.19
69291,347,S3,270.0,26.917,20.19
69292,347,S3,273.0,26.862,20.19
69293,347,S3,276.0,26.684,20.19
69294,347,S3,279.0,26.591,20.19
69295,347,S3,282.0,26.317,20.19
69296,347,S3,285.0,26.410,20.19
69297,347,S3,288.0,26.099,20.19
69298,347,S3,291.0,25.953,20.19
69299,347,S3,294.0,25.880,20.19
69300,347,S3,297.0,25.810,20.19
69301,347,S3,300.0,25.646,20.19
69302,347,S3,303.0,25.419,20.19
69303,347,S3,306.0,25.440,20.19
69304,347,S3,309.0,25.263,20.19
69305,347,S3,312.0,25.124,20.19
69306,347,S3,315.0,25.070,20.19
69307,347,S3,318.0,24.888,20.19
69308,347,S3,321.0,24.889,20.19
69309,347,S3,324.0,24.795,20.19
69310,347,S3,327.0,24.667,20.19
69311,347,S3,330.0,24.442,20.19
69312,347,S3,333.0,24.484,20.19
69313,347,S3,336.0,24.456,20.19
69314,347,S3,339.0,24.206,20.19
69315,347,S3,342.0,24.149,20.19
69316,347,S3,345.0,24.131,20.19
69317,347,S3,348.0,23.938,20.19
69318,347,S3,351.0,23.959,20.19
69319,347,S3,354.0,23.709,20.19
69320,347,S3,357.0,23.680,20.19
69321,347,S3,360.0,23.618,20.19
69322,347,S3,363.0,23.515,20.19
69323,347,S3,366.0,23.597,20.19
69324,347,S3,369.0,23.440,20.19
69325,347,S3,372.0,23.283,20.19
69326,347,S3,375.0,23.351,20.19
69327,347,S3,378.0,23.207,20.19
69328,347,S3,381.0,23.072,20.19
69329,347,S3,384.0,23.053,20.19
69330,347,S3,387.0,22.962,20.19
69331,347,S3,390.0,22.995,20.19
69332,347,S3,393.0,22.937,20.19
69333,347,S3,396.0,22.877,20.19
69334,347,S3,399.0,22.814,20.19
69335,347,S3,402.0,22.676,20.19
69336,347,S3,405.0,22.548,20.19
69337,347,S3,408.0,22.667,20.19
69338,347,S3,411.0,22.516,20.19
69339,347,S3,414.0,22.538,20.19
69340,347,S3,417.0,22.521,20.19
69341,347,S3,420.0,22.478,20.19
69342,347,S3,423.0,22.257,20.19
69343,347,S3,426.0,22.304,20.19
69344,347,S3,429.0,22.221,20.19
69345,347,S3,432.0,22.221,20.19
69346,347,S3,435.0,22.207,20.19
69347,347,S3,438.0,22.137,20.19
69348,347,S3,441.0,22.101,20.19
69349,347,S3,444.0,22.073,20.19
69350,347,S3,447.0,22.027,20.19
69351,347,S3,450.0,21.996,20.19
69352,347,S3,453.0,21.930,20.19
69353,347,S3,456.0,21.881,20.19
69354,347,S3,459.0,21.824,20.19
69355,347,S3,462.0,21.772,20.19
69356,347,S3,465.0,21.693,20.19
69357,347,S3,468.0,21.743,20.19
69358,347,S3,471.0,21.687,20.19
69359,347,S3,474.0,21.751,20.19
69360,347,S3,477.0,21.638,20.19
69361,347,S3,480.0,21.685,20.19
69362,347,S3,483.0,21.577,20.19
69363,347,S3,486.0,21.483,20.19
69364,347,S3,489.0,21.516,20.19
69365,347,S3,492.0,21.586,20.19
69366,347,S3,495.0,21.446,20.19
69367,347,S3,498.0,21.316,20.19
69368,347,S3,501.0,21.363,20.19
69369,347,S3,504.0,21.442,20.19
69370,347,S3,507.0,21.358,20.19
69371,347,S3,510.0,21.353,20.19
69372,347,S3,513.0,21.281,20.19
69373,347,S3,516.0,21.298,20.19
69374,347,S3,519.0,21.186,20.19
69375,347,S3,522.0,21.258,20.19
69376,347,S3,525.0,21.226,20.19
69377,347,S3,528.0,21.154,20.19
69378,347,S3,531.0,21.127,20.19
69379,347,S3,534.0,21.201,20.19
69380,347,S3,537.0,21.121,20.19
69381,347,S3,540.0,21.127,20.19
69382,347,S3,543.0,21.035,20.19
69383,347,S3,546.0,20.967,20.19
69384,347,S3,549.0,21.004,20.19
69385,347,S3,552.0,20.892,20.19
69386,347,S3,555.0,20.973,20.19
69387,347,S3,558.0,20.926,20.19
69388,347,S3,561.0,21.026,20.19
69389,347,S3,564.0,20.936,20.19
69390,347,S3,567.0,20.963,20.19
69391,347,S3,570.0,20.833,20.19
69392,347,S3,573.0,20.876,20.19
69393,347,S3,576.0,20.864,20.19
69394,347,S3,579.0,20.889,20.19
69395,347,S3,582.0,20.826,20.19
69396,347,S3,585.0,20.874,20.19
69397,347,S3,588.0,20.791,20.19
69398,347,S3,591.0,20.766,20.19
69399,347,S3,594.0,20.768,20.19
69400,347,S3,597.0,20.767,20.19
69401,348,S4,0.0,76.850,20.91
69402,348,S4,3.0,76.021,20.91
69403,348,S4,6.0,75.330,20.91
69404,348,S4,9.0,74.553,20.91
69405,348,S4,12.0,73.888,20.91
69406,348,S4,15.0,73.188,20.91
69407,348,S4,18.0,72.494,20.91
69408,348,S4,21.0,71.689,20.91
69409,348,S4,24.0,71.135,20.91
69410,348,S4,27.0,70.434,20.91
69411,348,S4,30.0,69.736,20.91
69412,348,S4,33.0,69.061,20.91
69413,348,S4,36.0,68.463,20.91
69414,348,S4,39.0,67.812,20.91
69415,348,S4,42.0,67.258,20.91
69416,348,S4,45.0,66.576,20.91
69417,348,S4,48.0,66.006,20.91
69418,348,S4,51.0,65.314,20.91
69419,348,S4,54.0,64.799,20.91
69420,348,S4,57.0,64.133,20.91
69421,348,S4,60.0,63.651,20.91
69422,348,S4,63.0,63.045,20.91
69423,348,S4,66.0,62.385,20.91
69424,348,S4,69.0,61.918,20.91
69425,348,S4,72.0,61.332,20.91
69426,348,S4,75.0,60.723,20.91
69427,348,S4,78.0,60.214,20.91
69428,348,S4,81.0,59.729,20.91
69429,348,S4,84.0,59.251,20.91
69430,348,S4,87.0,58.693,20.91
69431,348,S4,90.0,58.198,20.91
69432,348,S4,93.0,57.814,20.91
69433,348,S4,96.0,57.089,20.91
69434,348,S4,99.0,56.619,20.91
69435,348,S4,102.0,56.151,20.91
69436,348,S4,105.0,55.816,20.91
69437,348,S4,108.0,55.234,20.91
69438,348,S4,111.0,54.785,20.91
69439,348,S4,114.0,54.354,20.91
69440,348,S4,117.0,53.932,20.91
69441,348,S4,120.0,53.473,20.91
69442,348,S4,123.0,53.166,20.91
69443,348,S4,126.0,52.596,20.91
69444,348,S4,129.0,52.196,20.91
69445,348,S4,132.0,51.776,20.91
69446,348,S4,135.0,51.299,20.91
69447,348,S4,138.0,50.974,20.91
69448,348,S4,141.0,50.553,20.91
69449,348,S4,144.0,50.141,20.91
69450,348,S4,147.0,49.782,20.91
69451,348,S4,150.0,49.333,20.91
69452,348,S4,153.0,49.017,20.91
69453,348,S4,156.0,48.606,20.91
69454,348,S4,159.0,48.218,20.91
69455,348,S4,162.0,47.836,20.91
69456,348,S4,165.0,47.544,20.91
69457,348,S4,168.0,47.218,20.91
69458,348,S4,171.0,46.883,20.91
69459,348,S4,174.0,46.458,20.91
69460,348,S4,177.0,46.150,20.91
69461,348,S4,180.0,45.770,20.91
69462,348,S4,183.0,45.424,20.91
69463,348,S4,186.0,45.223,20.91
69464,348,S4,189.0,44.810,20.91
69465,348,S4,192.0,44.477,20.91
69466,348,S4,195.0,44.183,20.91
69467,348,S4,198.0,43.946,20.91
69468,348,S4,201.0,43.522,20.91
69469,348,S4,204.0,43.205,20.91
69470,348,S4,207.0,43.039,20.91
69471,348,S4,210.0,42.629,20.91
69472,348,S4,213.0,42.366,20.91
69473,348,S4,216.0,41.997,20.91
69474,348,S4,219.0,41.824,20.91
69475,348,S4,222.0,41.511,20.91
69476,348,S4,225.0,41.200,20.91
69477,348,S4,228.0,40.920,20.91
69478,348,S4,231.0,40.739,20.91
69479,348,S4,234.0,40.425,20.91
69480,348,S4,237.0,40.154,20.91
69481,348,S4,240.0,39.979,20.91
69482,348,S4,243.0,39.648,20.91
69483,348,S4,246.0,39.458,20.91
69484,348,S4,249.0,39.202,20.91
69485,348,S4,252.0,38.825,20.91
69486,348,S4,255.0,38.617,20.91
69487,348,S4,258.0,38.446,20.91
69488,348,S4,261.0,38.169,20.91
69489,348,S4,264.0,37.903,20.91
69490,348,S4,267.0,37.724,20.91
69491,348,S4,270.0,37.575,20.91
69492,348,S4,273.0,37.284,20.91
69493,348,S4,276.0,37.041,20.91
69494,348,S4,279.0,36.846,20.91
69495,348,S4,282.0,36.730,20.91
69496,348,S4,285.0,36.475,20.91
69497,348,S4,288.0,36.201,20.91
69498,348,S4,291.0,35.989,20.91
69499,348,S4,294.0,35.770,20.91
69500,348,S4,297.0,35.667,20.91
69501,348,S4,300.0,35.409,20.91
69502,348,S4,303.0,35.280,20.91
69503,348,S4,306.0,35.002,20.91
69504,348,S4,309.0,34.781,20.91
69505,348,S4,312.0,34.718,20.91
69506,348,S4,315.0,34.418,20.91
69507,348,S4,318.0,34.326,20.91
69508,348,S4,321.0,34.070,20.91
69509,348,S4,324.0,33.959,20.91
69510,348,S4,327.0,33.769,20.91
69511,348,S4,330.0,33.605,20.91
69512,348,S4,333.0,33.454,20.91
69513,348,S4,336.0,33.276,20.91
69514,348,S4,339.0,33.126,20.91
69515,348,S4,342.0,32.933,20.91
69516,348,S4,345.0,32.737,20.91
69517,348,S4,348.0,32.619,20.91
69518,348,S4,351.0,32.551,20.91
69519,348,S4,354.0,32.225,20.91
69520,348,S4,357.0,32.271,20.91
69521,348,S4,360.0,31.973,20.91
69522,348,S4,363.0,31.914,20.91
69523,348,S4,366.0,31.744,20.91
69524,348,S4,369.0,31.510,20.91
69525,348,S4,372.0,31.430,20.91
69526,348,S4,375.0,31.287,20.91
69527,348,S4,378.0,31.114,20.91
69528,348,S4,381.0,30.992,20.91
69529,348,S4,384.0,30.802,20.91
69530,348,S4,387.0,30.671,20.91
69531,348,S4,390.0,30.655,20.91
69532,348,S4,393.0,30.510,20.91
69533,348,S4,396.0,30.341,20.91
69534,348,S4,399.0,30.190,20.91
69535,348,S4,402.0,30.115,20.91
69536,348,S4,405.0,29.958,20.91
69537,348,S4,408.0,29.862,20.91
69538,348,S4,411.0,29.687,20.91
69539,348,S4,414.0,29.639,20.91
69540,348,S4,417.0,29.423,20.91
69541,348,S4,420.0,29.328,20.91
69542,348,S4,423.0,29.196,20.91
69543,348,S4,426.0,29.149,20.91
69544,348,S4,429.0,29.098,20.91
69545,348,S4,432.0,28.982,20.91
69546,348,S4,435.0,28.872,20.91
69547,348,S4,438.0,28.744,20.91
69548,348,S4,441.0,28.560,20.91
69549,348,S4,444.0,28.519,20.91
69550,348,S4,447.0,28.418,20.91
69551,348,S4,450.0,28.317,20.91
69552,348,S4,453.0,28.151,20.91
69553,348,S4,456.0,28.103,20.91
69554,348,S4,459.0,28.048,20.91
69555,348,S4,462.0,27.929,20.91
69556,348,S4,465.0,27.765,20.91
69557,348,S4,468.0,27.701,20.91
69558,348,S4,471.0,27.606,20.91
69559,348,S4,474.0,27.541,20.91
69560,348,S4,477.0,27.531,20.91
69561,348,S4,480.0,27.354,20.91
69562,348,S4,483.0,27.297,20.91
69563,348,S4,486.0,27.169,20.91
69564,348,S4,489.0,27.070,20.91
69565,348,S4,492.0,27.013,20.91
69566,348,S4,495.0,26.954,20.91
69567,348,S4,498.0,26.852,20.91
69568,348,S4,501.0,26.778,20.91
69569,348,S4,504.0,26.741,20.91
69570,348,S4,507.0,26.589,20.91
69571,348,S4,510.0,26.536,20.91
69572,348,S4,513.0,26.522,20.91
69573,348,S4,516.0,26.342,20.91
69574,348,S4,519.0,26.398,20.91
69575,348,S4,522.0,26.260,20.91
69576,348,S4,525.0,26.161,20.91
69577,348,S4,528.0,26.132,20.91
69578,348,S4,531.0,26.084,20.91
69579,348,S4,534.0,25.873,20.91
69580,348,S4,537.0,25.971,20.91
69581,348,S4,540.0,25.863,20.91
69582,348,S4,543.0,25.771,20.91
69583,348,S4,546.0,25.702,20.91
69584,348,S4,549.0,25.724,20.91
69585,348,S4,552.0,25.570,20.91
69586,348,S4,555.0,25.569,20.91
69587,348,S4,558.0,25.501,20.91
69588,348,S4,561.0,25.344,20.91
69589,348,S4,564.0,25.273,20.91
69590,348,S4,567.0,25.310,20.91
69591,348,S4,570.0,25.198,20.91
69592,348,S4,573.0,25.175,20.91
69593,348,S4,576.0,25.080,20.91
69594,348,S4,579.0,25.096,20.91
69595,348,S4,582.0,24.982,20.91
69596,348,S4,585.0,24.927,20.91
69597,348,S4,588.0,24.889,20.91
69598,348,S4,591.0,24.843,20.91
69599,348,S4,594.0,24.745,20.91
69600,348,S4,597.0,24.736,20.91
69601,349,S1,0.0,73.399,22.23
69602,349,S1,3.0,72.372,22.23
69603,349,S1,6.0,71.549,22.23
69604,349,S1,9.0,70.688,22.23
69605,349,S1,12.0,69.761,22.23
69606,349,S1,15.0,68.755,22.23
69607,349,S1,18.0,68.002,22.23
69608,349,S1,21.0,67.166,22.23
69609,349,S1,24.0,66.340,22.23
69610,349,S1,27.0,65.504,22.23
69611,349,S1,30.0,64.691,22.23
69612,349,S1,33.0,63.884,22.23
69613,349,S1,36.0,63.169,22.23
69614,349,S1,39.0,62.402,22.23
69615,349,S1,42.0,61.600,22.23
69616,349,S1,45.0,60.921,22.23
69617,349,S1,48.0,60.339,22.23
69618,349,S1,51.0,59.499,22.23
69619,349,S1,54.0,58.716,22.23
69620,349,S1,57.0,58.124,22.23
69621,349,S1,60.0,57.473,22.23
69622,349,S1,63.0,56.912,22.23
69623,349,S1,66.0,56.252,22.23
69624,349,S1,69.0,55.611,22.23
69625,349,S1,72.0,54.910,22.23
69626,349,S1,75.0,54.322,22.23
69627,349,S1,78.0,53.834,22.23
69628,349,S1,81.0,53.146,22.23
69629,349,S1,84.0,52.635,22.23
69630,349,S1,87.0,52.022,22.23
69631,349,S1,90.0,51.502,22.23
69632,349,S1,93.0,50.980,22.23
69633,349,S1,96.0,50.491,22.23
69634,349,S1,99.0,49.843,22.23
69635,349,S1,102.0,49.361,22.23
69636,349,S1,105.0,48.886,22.23
69637,349,S1,108.0,48.363,22.23
69638,349,S1,111.0,47.950,22.23
69639,349,S1,114.0,47.412,22.23
69640,349,S1,117.0,47.011,22.23
69641,349,S1,120.0,46.542,22.23
69642,349,S1,123.0,46.098,22.23
69643,349,S1,126.0,45.696,22.23
69644,349,S1,129.0,45.227,22.23
69645,349,S1,132.0,44.786,22.23
69646,349,S1,135.0,44.413,22.23
69647,349,S1,138.0,43.961,22.23
69648,349,S1,141.0,43.530,22.23
69649,349,S1,144.0,43.166,22.23
69650,349,S1,147.0,42.691,22.23
69651,349,S1,150.0,42.373,22.23
69652,349,S1,153.0,42.007,22.23
69653,349,S1,156.0,41.621,22.23
69654,349,S1,159.0,41.195,22.23
69655,349,S1,162.0,40.927,22.23
69656,349,S1,165.0,40.636,22.23
69657,349,S1,168.0,40.203,22.23
69658,349,S1,171.0,39.973,22.23
69659,349,S1,174.0,39.672,22.23
69660,349,S1,177.0,39.301,22.23
69661,349,S1,180.0,38.978,22.23
69662,349,S1,183.0,38.657,22.23
69663,349,S1,186.0,38.377,22.23
69664,349,S1,189.0,37.974,22.23
69665,349,S1,192.0,37.792,22.23
69666,349,S1,195.0,37.460,22.23
69667,349,S1,198.0,37.252,22.23
69668,349,S1,201.0,36.829,22.23
69669,349,S1,204.0,36.663,22.23
69670,349,S1,207.0,36.323,22.23
69671,349,S1,210.0,36.061,22.23
69672,349,S1,213.0,35.862,22.23
69673,349,S1,216.0,35.621,22.23
69674,349,S1,219.0,35.358,22.23
69675,349,S1,222.0,35.039,22.23
69676,349,S1,225.0,34.867,22.23
69677,349,S1,228.0,34.639,22.23
69678,349,S1,231.0,34.429,22.23
69679,349,S1,234.0,34.139,22.23
69680,349,S1,237.0,33.987,22.23
69681,349,S1,240.0,33.869,22.23
69682,349,S1,243.0,33.574,22.23
69683,349,S1,246.0,33.360,22.23
69684,349,S1,249.0,33.122,22.23
69685,349,S1,252.0,32.921,22.23
69686,349,S1,255.0,32.624,22.23
69687,349,S1,258.0,32.561,22.23
69688,349,S1,261.0,32.401,22.23
69689,349,S1,264.0,32.149,22.23
69690,349,S1,267.0,31.959,22.23
69691,349,S1,270.0,31.792,22.23
69692,349,S1,273.0,31.625,22.23
69693,349,S1,276.0,31.433,22.23
69694,349,S1,279.0,31.330,22.23
69695,349,S1,282.0,31.063,22.23
69696,349,S1,285.0,30.927,22.23
69697,349,S1,288.0,30.796,22.23
69698,349,S1,291.0,30.527,22.23
69699,349,S1,294.0,30.362,22.23
69700,349,S1,297.0,30.415,22.23
69701,349,S1,300.0,30.114,22.23
69702,349,S1,303.0,30.052,22.23
69703,349,S1,306.0,29.927,22.23
69704,349,S1,309.0,29.734,22.23
69705,349,S1,312.0,29.518,22.23
69706,349,S1,315.0,29.408,22.23
69707,349,S1,318.0,29.243,22.23
69708,349,S1,321.0,29.134,22.23
69709,349,S1,324.0,29.102,22.23
69710,349,S1,327.0,28.917,22.23
69711,349,S1,330.0,28.836,22.23
69712,349,S1,333.0,28.699,22.23
69713,349,S1,336.0,28.596,22.23
69714,349,S1,339.0,28.596,22.23
69715,349,S1,342.0,28.305,22.23
69716,349,S1,345.0,28.266,22.23
69717,349,S1,348.0,28.109,22.23
69718,349,S1,351.0,27.995,22.23
69719,349,S1,354.0,27.884,22.23
69720,349,S1,357.0,27.883,22.23
69721,349,S1,360.0,27.782,22.23
69722,349,S1,363.0,27.601,22.23
69723,349,S1,366.0,27.479,22.23
69724,349,S1,369.0,27.356,22.23
69725,349,S1,372.0,27.266,22.23
69726,349,S1,375.0,27.145,22.23
69727,349,S1,378.0,27.157,22.23
69728,349,S1,381.0,27.115,22.23
69729,349,S1,384.0,26.993,22.23
69730,349,S1,387.0,26.835,22.23
69731,349,S1,390.0,26.826,22.23
69732,349,S1,393.0,26.593,22.23
69733,349,S1,396.0,26.595,22.23
69734,349,S1,399.0,26.347,22.23
69735,349,S1,402.0,26.348,22.23
69736,349,S1,405.0,26.291,22.23
69737,349,S1,408.0,26.276,22.23
69738,349,S1,411.0,26.259,22.23
69739,349,S1,414.0,26.097,22.23
69740,349,S1,417.0,26.110,22.23
69741,349,S1,420.0,26.017,22.23
69742,349,S1,423.0,25.938,22.23
69743,349,S1,426.0,25.840,22.23
69744,349,S1,429.0,25.865,22.23
69745,349,S1,432.0,25.758,22.23
69746,349,S1,435.0,25.618,22.23
69747,349,S1,438.0,25.632,22.23
69748,349,S1,441.0,25.456,22.23
69749,349,S1,444.0,25.541,22.23
69750,349,S1,447.0,25.497,22.23
69751,349,S1,450.0,25.381,22.23
69752,349,S1,453.0,25.259,22.23
69753,349,S1,456.0,25.345,22.23
69754,349,S1,459.0,25.158,22.23
69755,349,S1,462.0,25.101,22.23
69756,349,S1,465.0,25.085,22.23
69757,349,S1,468.0,24.999,22.23
69758,349,S1,471.0,24.982,22.23
69759,349,S1,474.0,24.946,22.23
69760,349,S1,477.0,24.866,22.23
69761,349,S1,480.0,24.761,22.23
69762,349,S1,483.0,24.802,22.23
69763,349,S1,486.0,24.682,22.23
69764,349,S1,489.0,24.799,22.23
69765,349,S1,492.0,24.721,22.23
69766,349,S1,495.0,24.555,22.23
69767,349,S1,498.0,24.530,22.23
69768,349,S1,501.0,24.511,22.23
69769,349,S1,504.0,24.513,22.23
69770,349,S1,507.0,24.451,22.23
69771,349,S1,510.0,24.355,22.23
69772,349,S1,513.0,24.351,22.23
69773,349,S1,516.0,24.369,22.23
69774,349,S1,519.0,24.309,22.23
69775,349,S1,522.0,24.279,22.23
69776,349,S1,525.0,24.151,22.23
69777,349,S1,528.0,24.179,22.23
69778,349,S1,531.0,24.200,22.23
69779,349,S1,534.0,24.093,22.23
69780,349,S1,537.0,24.090,22.23
69781,349,S1,540.0,23.980,22.23
69782,349,S1,543.0,24.052,22.23
69783,349,S1,546.0,23.956,22.23
69784,349,S1,549.0,23.979,22.23
69785,349,S1,552.0,23.938,22.23
69786,349,S1,555.0,23.916,22.23
69787,349,S1,558.0,23.776,22.23
69788,349,S1,561.0,23.742,22.23
69789,349,S1,564.0,23.704,22.23
69790,349,S1,567.0,23.748,22.23
69791,349,S1,570.0,23.760,22.23
69792,349,S1,573.0,23.615,22.23
69793,349,S1,576.0,23.689,22.23
69794,349,S1,579.0,23.642,22.23
69795,349,S1,582.0,23.694,22.23
69796,349,S1,585.0,23.552,22.23
69797,349,S1,588.0,23.644,22.23
69798,349,S1,591.0,23.562,22.23
69799,349,S1,594.0,23.460,22.23
69800,349,S1,597.0,23.519,22.23
69801,350,S2,0.0,83.087,21.35
69802,350,S2,3.0,81.450,21.35
69803,350,S2,6.0,79.843,21.35
69804,350,S2,9.0,78.304,21.35
69805,350,S2,12.0,76.862,21.35
69806,350,S2,15.0,75.449,21.35
69807,350,S2,18.0,73.985,21.35
69808,350,S2,21.0,72.623,21.35
69809,350,S2,24.0,71.305,21.35
69810,350,S2,27.0,69.933,21.35
69811,350,S2,30.0,68.772,21.35
69812,350,S2,33.0,67.503,21.35
69813,350,S2,36.0,66.196,21.35
69814,350,S2,39.0,65.080,21.35
69815,350,S2,42.0,63.825,21.35
69816,350,S2,45.0,62.823,21.35
69817,350,S2,48.0,61.713,21.35
69818,350,S2,51.0,60.584,21.35
69819,350,S2,54.0,59.628,21.35
69820,350,S2,57.0,58.589,21.35
69821,350,S2,60.0,57.663,21.35
69822,350,S2,63.0,56.777,21.35
69823,350,S2,66.0,55.741,21.35
69824,350,S2,69.0,54.935,21.35
69825,350,S2,72.0,53.994,21.35
69826,350,S2,75.0,53.137,21.35
69827,350,S2,78.0,52.364,21.35
69828,350,S2,81.0,51.570,21.35
69829,350,S2,84.0,50.686,21.35
69830,350,S2,87.0,50.002,21.35
69831,350,S2,90.0,49.372,21.35
69832,350,S2,93.0,48.546,21.35
69833,350,S2,96.0,47.783,21.35
69834,350,S2,99.0,47.041,21.35
69835,350,S2,102.0,46.458,21.35
69836,350,S2,105.0,45.765,21.35
69837,350,S2,108.0,45.015,21.35
69838,350,S2,111.0,44.511,21.35
69839,350,S2,114.0,43.846,21.35
69840,350,S2,117.0,43.277,21.35
69841,350,S2,120.0,42.717,21.35
69842,350,S2,123.0,42.162,21.35
69843,350,S2,126.0,41.601,21.35
69844,350,S2,129.0,41.067,21.35
69845,350,S2,132.0,40.500,21.35
69846,350,S2,135.0,39.985,21.35
69847,350,S2,138.0,39.628,21.35
69848,350,S2,141.0,39.202,21.35
69849,350,S2,144.0,38.587,21.35
69850,350,S2,147.0,38.114,21.35
69851,350,S2,150.0,37.743,21.35
69852,350,S2,153.0,37.209,21.35
69853,350,S2,156.0,36.896,21.35
69854,350,S2,159.0,36.378,21.35
69855,350,S2,162.0,36.170,21.35
69856,350,S2,165.0,35.691,21.35
69857,350,S2,168.0,35.282,21.35
69858,350,S2,171.0,34.881,21.35
69859,350,S2,174.0,34.648,21.35
69860,350,S2,177.0,34.300,21.35
69861,350,S2,180.0,33.975,21.35
69862,350,S2,183.0,33.597,21.35
69863,350,S2,186.0,33.283,21.35
69864,350,S2,189.0,33.071,21.35
69865,350,S2,192.0,32.700,21.35
69866,350,S2,195.0,32.391,21.35
69867,350,S2,198.0,32.061,21.35
69868,350,S2,201.0,31.767,21.35
69869,350,S2,204.0,31.457,21.35
69870,350,S2,207.0,31.296,21.35
69871,350,S2,210.0,31.073,21.35
69872,350,S2,213.0,30.770,21.35
69873,350,S2,216.0,30.470,21.35
69874,350,S2,219.0,30.288,21.35
69875,350,S2,222.0,29.981,21.35
69876,350,S2,225.0,29.814,21.35
69877,350,S2,228.0,29.475,21.35
69878,350,S2,231.0,29.395,21.35
69879,350,S2,234.0,29.212,21.35
69880,350,S2,237.0,28.923,21.35
69881,350,S2,240.0,28.798,21.35
69882,350,S2,243.0,28.612,21.35
69883,350,S2,246.0,28.399,21.35
69884,350,S2,249.0,28.213,21.35
69885,350,S2,252.0,28.004,21.35
69886,350,S2,255.0,27.955,21.35
69887,350,S2,258.0,27.657,21.35
69888,350,S2,261.0,27.524,21.35
69889,350,S2,264.0,27.290,21.35
69890,350,S2,267.0,27.167,21.35
69891,350,S2,270.0,27.088,21.35
69892,350,S2,273.0,26.879,21.35
69893,350,S2,276.0,26.646,21.35
69894,350,S2,279.0,26.548,21.35
69895,350,S2,282.0,26.556,21.35
69896,350,S2,285.0,26.231,21.35
69897,350,S2,288.0,26.249,21.35
69898,350,S2,291.0,26.101,21.35
69899,350,S2,294.0,25.935,21.35
69900,350,S2,297.0,25.792,21.35
69901,350,S2,300.0,25.712,21.35
69902,350,S2,303.0,25.612,21.35
69903,350,S2,306.0,25.437,21.35
69904,350,S2,309.0,25.344,21.35
69905,350,S2,312.0,25.245,21.35
69906,350,S2,315.0,25.154,21.35
69907,350,S2,318.0,25.031,21.35
69908,350,S2,321.0,24.967,21.35
69909,350,S2,324.0,24.923,21.35
69910,350,S2,327.0,24.820,21.35
69911,350,S2,330.0,24.764,21.35
69912,350,S2,333.0,24.592,21.35
69913,350,S2,336.0,24.579,21.35
69914,350,S2,339.0,24.451,21.35
69915,350,S2,342.0,24.407,21.35
69916,350,S2,345.0,24.246,21.35
69917,350,S2,348.0,24.118,21.35
69918,350,S2,351.0,24.133,21.35
69919,350,S2,354.0,24.089,21.35
69920,350,S2,357.0,24.036,21.35
69921,350,S2,360.0,24.015,21.35
69922,350,S2,363.0,23.828,21.35
69923,350,S2,366.0,23.744,21.35
69924,350,S2,369.0,23.694,21.35
69925,350,S2,372.0,23.652,21.35
69926,350,S2,375.0,23.598,21.35
69927,350,S2,378.0,23.483,21.35
69928,350,S2,381.0,23.490,21.35
69929,350,S2,384.0,23.408,21.35
69930,350,S2,387.0,23.386,21.35
69931,350,S2,390.0,23.270,21.35
69932,350,S2,393.0,23.247,21.35
69933,350,S2,396.0,23.168,21.35
69934,350,S2,399.0,23.143,21.35
69935,350,S2,402.0,23.136,21.35
69936,350,S2,405.0,23.059,21.35
69937,350,S2,408.0,23.064,21.35
69938,350,S2,411.0,22.976,21.35
69939,350,S2,414.0,22.939,21.35
69940,350,S2,417.0,22.836,21.35
69941,350,S2,420.0,22.897,21.35
69942,350,S2,423.0,22.923,21.35
69943,350,S2,426.0,22.798,21.35
69944,350,S2,429.0,22.718,21.35
69945,350,S2,432.0,22.635,21.35
69946,350,S2,435.0,22.718,21.35
69947,350,S2,438.0,22.613,21.35
69948,350,S2,441.0,22.626,21.35
69949,350,S2,444.0,22.512,21.35
69950,350,S2,447.0,22.504,21.35
69951,350,S2,450.0,22.500,21.35
69952,350,S2,453.0,22.405,21.35
69953,350,S2,456.0,22.494,21.35
69954,350,S2,459.0,22.402,21.35
69955,350,S2,462.0,22.375,21.35
69956,350,S2,465.0,22.390,21.35
69957,350,S2,468.0,22.303,21.35
69958,350,S2,471.0,22.250,21.35
69959,350,S2,474.0,22.251,21.35
69960,350,S2,477.0,22.186,21.35
69961,350,S2,480.0,22.303,21.35
69962,350,S2,483.0,22.165,21.35
69963,350,S2,486.0,22.255,21.35
69964,350,S2,489.0,22.249,21.35
69965,350,S2,492.0,22.097,21.35
69966,350,S2,495.0,22.157,21.35
69967,350,S2,498.0,22.118,21.35
69968,350,S2,501.0,22.142,21.35
69969,350,S2,504.0,22.100,21.35
69970,350,S2,507.0,22.098,21.35
69971,350,S2,510.0,22.023,21.35
69972,350,S2,513.0,22.105,21.35
69973,350,S2,516.0,21.997,21.35
69974,350,S2,519.0,21.932,21.35
69975,350,S2,522.0,21.932,21.35
69976,350,S2,525.0,21.876,21.35
69977,350,S2,528.0,21.935,21.35
69978,350,S2,531.0,21.949,21.35
69979,350,S2,534.0,21.937,21.35
69980,350,S2,537.0,21.821,21.35
69981,350,S2,540.0,21.791,21.35
69982,350,S2,543.0,21.734,21.35
69983,350,S2,546.0,21.857,21.35
69984,350,S2,549.0,21.858,21.35
69985,350,S2,552.0,21.829,21.35
69986,350,S2,555.0,21.921,21.35
