measurement_id,run_id,sensor_id,t_seconds,temperature_c,ambient_c
19997,100,S4,588.0,25.448,21.13
19998,100,S4,591.0,25.293,21.13
19999,100,S4,594.0,25.222,21.13
20000,100,S4,597.0,25.149,21.13
20001,101,S1,0.0,75.625,20.30
20002,101,S1,3.0,74.604,20.30
20003,101,S1,6.0,73.282,20.30
20004,101,S1,9.0,72.316,20.30
20005,101,S1,12.0,71.199,20.30
20006,101,S1,15.0,70.144,20.30
20007,101,S1,18.0,69.063,20.30
20008,101,S1,21.0,68.100,20.30
20009,101,S1,24.0,66.913,20.30
20010,101,S1,27.0,66.056,20.30
20011,101,S1,30.0,65.070,20.30
20012,101,S1,33.0,64.211,20.30
20013,101,S1,36.0,63.232,20.30
20014,101,S1,39.0,62.406,20.30
20015,101,S1,42.0,61.494,20.30
20016,101,S1,45.0,60.477,20.30
20017,101,S1,48.0,59.764,20.30
20018,101,S1,51.0,58.881,20.30
20019,101,S1,54.0,58.204,20.30
20020,101,S1,57.0,57.292,20.30
20021,101,S1,60.0,56.547,20.30
20022,101,S1,63.0,55.730,20.30
20023,101,S1,66.0,54.957,20.30
20024,101,S1,69.0,54.271,20.30
20025,101,S1,72.0,53.725,20.30
20026,101,S1,75.0,52.868,20.30
20027,101,S1,78.0,52.071,20.30
20028,101,S1,81.0,51.574,20.30
20029,101,S1,84.0,50.871,20.30
20030,101,S1,87.0,50.170,20.30
20031,101,S1,90.0,49.569,20.30
20032,101,S1,93.0,48.984,20.30
20033,101,S1,96.0,48.349,20.30
20034,101,S1,99.0,47.699,20.30
20035,101,S1,102.0,47.216,20.30
20036,101,S1,105.0,46.605,20.30
20037,101,S1,108.0,46.046,20.30
20038,101,S1,111.0,45.633,20.30
20039,101,S1,114.0,45.060,20.30
20040,101,S1,117.0,44.501,20.30
20041,101,S1,120.0,43.919,20.30
20042,101,S1,123.0,43.502,20.30
20043,101,S1,126.0,42.954,20.30
20044,101,S1,129.0,42.497,20.30
20045,101,S1,132.0,42.035,20.30
20046,101,S1,135.0,41.579,20.30
20047,101,S1,138.0,41.182,20.30
20048,101,S1,141.0,40.717,20.30
20049,101,S1,144.0,40.255,20.30
20050,101,S1,147.0,39.897,20.30
20051,101,S1,150.0,39.337,20.30
20052,101,S1,153.0,39.055,20.30
20053,101,S1,156.0,38.603,20.30
20054,101,S1,159.0,38.234,20.30
20055,101,S1,162.0,37.881,20.30
20056,101,S1,165.0,37.549,20.30
20057,101,S1,168.0,37.165,20.30
20058,101,S1,171.0,36.805,20.30
20059,101,S1,174.0,36.334,20.30
20060,101,S1,177.0,36.133,20.30
20061,101,S1,180.0,35.798,20.30
20062,101,S1,183.0,35.392,20.30
20063,101,S1,186.0,35.094,20.30
20064,101,S1,189.0,34.903,20.30
20065,101,S1,192.0,34.581,20.30
20066,101,S1,195.0,34.205,20.30
20067,101,S1,198.0,33.925,20.30
20068,101,S1,201.0,33.584,20.30
20069,101,S1,204.0,33.368,20.30
20070,101,S1,207.0,33.130,20.30
20071,101,S1,210.0,32.872,20.30
20072,101,S1,213.0,32.622,20.30
20073,101,S1,216.0,32.337,20.30
20074,101,S1,219.0,32.027,20.30
20075,101,S1,222.0,31.828,20.30
20076,101,S1,225.0,31.608,20.30
20077,101,S1,228.0,31.290,20.30
20078,101,S1,231.0,31.156,20.30
20079,101,S1,234.0,30.932,20.30
20080,101,S1,237.0,30.675,20.30
20081,101,S1,240.0,30.518,20.30
20082,101,S1,243.0,30.244,20.30
20083,101,S1,246.0,29.921,20.30
20084,101,S1,249.0,29.783,20.30
20085,101,S1,252.0,29.600,20.30
20086,101,S1,255.0,29.490,20.30
20087,101,S1,258.0,29.191,20.30
20088,101,S1,261.0,28.983,20.30
20089,101,S1,264.0,28.794,20.30
20090,101,S1,267.0,28.723,20.30
20091,101,S1,270.0,28.455,20.30
20092,101,S1,273.0,28.376,20.30
20093,101,S1,276.0,28.183,20.30
20094,101,S1,279.0,27.990,20.30
20095,101,S1,282.0,27.717,20.30
20096,101,S1,285.0,27.649,20.30
20097,101,S1,288.0,27.417,20.30
20098,101,S1,291.0,27.322,20.30
20099,101,S1,294.0,27.245,20.30
20100,101,S1,297.0,27.099,20.30
20101,101,S1,300.0,26.914,20.30
20102,101,S1,303.0,26.761,20.30
20103,101,S1,306.0,26.669,20.30
20104,101,S1,309.0,26.488,20.30
20105,101,S1,312.0,26.436,20.30
20106,101,S1,315.0,26.228,20.30
20107,101,S1,318.0,26.160,20.30
20108,101,S1,321.0,25.953,20.30
20109,101,S1,324.0,25.830,20.30
20110,101,S1,327.0,25.907,20.30
20111,101,S1,330.0,25.633,20.30
20112,101,S1,333.0,25.479,20.30
20113,101,S1,336.0,25.374,20.30
20114,101,S1,339.0,25.305,20.30
20115,101,S1,342.0,25.233,20.30
20116,101,S1,345.0,25.130,20.30
20117,101,S1,348.0,24.998,20.30
20118,101,S1,351.0,24.900,20.30
20119,101,S1,354.0,24.841,20.30
20120,101,S1,357.0,24.703,20.30
20121,101,S1,360.0,24.632,20.30
20122,101,S1,363.0,24.572,20.30
20123,101,S1,366.0,24.471,20.30
20124,101,S1,369.0,24.401,20.30
20125,101,S1,372.0,24.287,20.30
20126,101,S1,375.0,24.172,20.30
20127,101,S1,378.0,24.189,20.30
20128,101,S1,381.0,24.010,20.30
20129,101,S1,384.0,23.982,20.30
20130,101,S1,387.0,23.909,20.30
20131,101,S1,390.0,23.786,20.30
20132,101,S1,393.0,23.705,20.30
20133,101,S1,396.0,23.704,20.30
20134,101,S1,399.0,23.571,20.30
20135,101,S1,402.0,23.477,20.30
20136,101,S1,405.0,23.418,20.30
20137,101,S1,408.0,23.374,20.30
20138,101,S1,411.0,23.299,20.30
20139,101,S1,414.0,23.286,20.30
20140,101,S1,417.0,23.179,20.30
20141,101,S1,420.0,23.200,20.30
20142,101,S1,423.0,23.037,20.30
20143,101,S1,426.0,23.022,20.30
20144,101,S1,429.0,23.022,20.30
20145,101,S1,432.0,22.911,20.30
20146,101,S1,435.0,22.848,20.30
20147,101,S1,438.0,22.854,20.30
20148,101,S1,441.0,22.695,20.30
20149,101,S1,444.0,22.670,20.30
20150,101,S1,447.0,22.562,20.30
20151,101,S1,450.0,22.707,20.30
20152,101,S1,453.0,22.471,20.30
20153,101,S1,456.0,22.423,20.30
20154,101,S1,459.0,22.477,20.30
20155,101,S1,462.0,22.415,20.30
20156,101,S1,465.0,22.418,20.30
20157,101,S1,468.0,22.198,20.30
20158,101,S1,471.0,22.225,20.30
20159,101,S1,474.0,22.171,20.30
20160,101,S1,477.0,22.170,20.30
20161,101,S1,480.0,22.161,20.30
20162,101,S1,483.0,22.105,20.30
20163,101,S1,486.0,22.183,20.30
20164,101,S1,489.0,21.990,20.30
20165,101,S1,492.0,22.067,20.30
20166,101,S1,495.0,21.947,20.30
20167,101,S1,498.0,21.993,20.30
20168,101,S1,501.0,21.928,20.30
20169,101,S1,504.0,21.873,20.30
20170,101,S1,507.0,21.883,20.30
20171,101,S1,510.0,21.700,20.30
20172,101,S1,513.0,21.842,20.30
20173,101,S1,516.0,21.677,20.30
20174,101,S1,519.0,21.720,20.30
20175,101,S1,522.0,21.650,20.30
20176,101,S1,525.0,21.628,20.30
20177,101,S1,528.0,21.638,20.30
20178,101,S1,531.0,21.600,20.30
20179,101,S1,534.0,21.495,20.30
20180,101,S1,537.0,21.506,20.30
20181,101,S1,540.0,21.491,20.30
20182,101,S1,543.0,21.435,20.30
20183,101,S1,546.0,21.503,20.30
20184,101,S1,549.0,21.447,20.30
20185,101,S1,552.0,21.448,20.30
20186,101,S1,555.0,21.422,20.30
20187,101,S1,558.0,21.426,20.30
20188,101,S1,561.0,21.292,20.30
20189,101,S1,564.0,21.353,20.30
20190,101,S1,567.0,21.361,20.30
20191,101,S1,570.0,21.330,20.30
20192,101,S1,573.0,21.198,20.30
20193,101,S1,576.0,21.241,20.30
20194,101,S1,579.0,21.165,20.30
20195,101,S1,582.0,21.232,20.30
20196,101,S1,585.0,21.197,20.30
20197,101,S1,588.0,21.228,20.30
20198,101,S1,591.0,21.133,20.30
20199,101,S1,594.0,21.149,20.30
20200,101,S1,597.0,21.082,20.30
20201,102,S2,0.0,79.529,20.72
20202,102,S2,3.0,77.902,20.72
20203,102,S2,6.0,76.373,20.72
20204,102,S2,9.0,74.867,20.72
20205,102,S2,12.0,73.449,20.72
20206,102,S2,15.0,71.972,20.72
20207,102,S2,18.0,70.505,20.72
20208,102,S2,21.0,69.184,20.72
20209,102,S2,24.0,68.002,20.72
20210,102,S2,27.0,66.671,20.72
20211,102,S2,30.0,65.417,20.72
20212,102,S2,33.0,64.290,20.72
20213,102,S2,36.0,63.096,20.72
20214,102,S2,39.0,61.942,20.72
20215,102,S2,42.0,60.751,20.72
20216,102,S2,45.0,59.724,20.72
20217,102,S2,48.0,58.630,20.72
20218,102,S2,51.0,57.570,20.72
20219,102,S2,54.0,56.577,20.72
20220,102,S2,57.0,55.734,20.72
20221,102,S2,60.0,54.778,20.72
20222,102,S2,63.0,53.854,20.72
20223,102,S2,66.0,52.975,20.72
20224,102,S2,69.0,52.070,20.72
20225,102,S2,72.0,51.121,20.72
20226,102,S2,75.0,50.404,20.72
20227,102,S2,78.0,49.621,20.72
20228,102,S2,81.0,48.766,20.72
20229,102,S2,84.0,48.085,20.72
20230,102,S2,87.0,47.402,20.72
20231,102,S2,90.0,46.628,20.72
20232,102,S2,93.0,45.889,20.72
20233,102,S2,96.0,45.110,20.72
20234,102,S2,99.0,44.622,20.72
20235,102,S2,102.0,43.988,20.72
20236,102,S2,105.0,43.290,20.72
20237,102,S2,108.0,42.655,20.72
20238,102,S2,111.0,42.104,20.72
20239,102,S2,114.0,41.488,20.72
20240,102,S2,117.0,40.986,20.72
20241,102,S2,120.0,40.483,20.72
20242,102,S2,123.0,39.922,20.72
20243,102,S2,126.0,39.421,20.72
20244,102,S2,129.0,38.873,20.72
20245,102,S2,132.0,38.435,20.72
20246,102,S2,135.0,37.860,20.72
20247,102,S2,138.0,37.434,20.72
20248,102,S2,141.0,37.029,20.72
20249,102,S2,144.0,36.484,20.72
20250,102,S2,147.0,36.166,20.72
20251,102,S2,150.0,35.741,20.72
20252,102,S2,153.0,35.411,20.72
20253,102,S2,156.0,34.918,20.72
20254,102,S2,159.0,34.552,20.72
20255,102,S2,162.0,34.178,20.72
20256,102,S2,165.0,33.777,20.72
20257,102,S2,168.0,33.434,20.72
20258,102,S2,171.0,33.044,20.72
20259,102,S2,174.0,32.792,20.72
20260,102,S2,177.0,32.448,20.72
20261,102,S2,180.0,32.207,20.72
20262,102,S2,183.0,31.853,20.72
20263,102,S2,186.0,31.562,20.72
20264,102,S2,189.0,31.249,20.72
20265,102,S2,192.0,30.889,20.72
20266,102,S2,195.0,30.688,20.72
20267,102,S2,198.0,30.526,20.72
20268,102,S2,201.0,30.047,20.72
20269,102,S2,204.0,29.901,20.72
20270,102,S2,207.0,29.634,20.72
20271,102,S2,210.0,29.356,20.72
20272,102,S2,213.0,29.222,20.72
20273,102,S2,216.0,28.867,20.72
20274,102,S2,219.0,28.725,20.72
20275,102,S2,222.0,28.593,20.72
20276,102,S2,225.0,28.315,20.72
20277,102,S2,228.0,28.011,20.72
20278,102,S2,231.0,27.977,20.72
20279,102,S2,234.0,27.688,20.72
20280,102,S2,237.0,27.483,20.72
20281,102,S2,240.0,27.437,20.72
20282,102,S2,243.0,27.132,20.72
20283,102,S2,246.0,26.990,20.72
20284,102,S2,249.0,26.788,20.72
20285,102,S2,252.0,26.657,20.72
20286,102,S2,255.0,26.558,20.72
20287,102,S2,258.0,26.270,20.72
20288,102,S2,261.0,26.185,20.72
20289,102,S2,264.0,26.078,20.72
20290,102,S2,267.0,25.876,20.72
20291,102,S2,270.0,25.715,20.72
20292,102,S2,273.0,25.610,20.72
20293,102,S2,276.0,25.473,20.72
20294,102,S2,279.0,25.297,20.72
20295,102,S2,282.0,25.257,20.72
20296,102,S2,285.0,25.195,20.72
20297,102,S2,288.0,25.005,20.72
20298,102,S2,291.0,24.870,20.72
20299,102,S2,294.0,24.726,20.72
20300,102,S2,297.0,24.597,20.72
20301,102,S2,300.0,24.543,20.72
20302,102,S2,303.0,24.458,20.72
20303,102,S2,306.0,24.332,20.72
20304,102,S2,309.0,24.155,20.72
20305,102,S2,312.0,24.206,20.72
20306,102,S2,315.0,24.013,20.72
20307,102,S2,318.0,23.925,20.72
20308,102,S2,321.0,23.896,20.72
20309,102,S2,324.0,23.793,20.72
20310,102,S2,327.0,23.725,20.72
20311,102,S2,330.0,23.645,20.72
20312,102,S2,333.0,23.580,20.72
20313,102,S2,336.0,23.527,20.72
20314,102,S2,339.0,23.446,20.72
20315,102,S2,342.0,23.299,20.72
20316,102,S2,345.0,23.377,20.72
20317,102,S2,348.0,23.239,20.72
20318,102,S2,351.0,23.206,20.72
20319,102,S2,354.0,23.068,20.72
20320,102,S2,357.0,23.008,20.72
20321,102,S2,360.0,22.906,20.72
20322,102,S2,363.0,22.953,20.72
20323,102,S2,366.0,22.850,20.72
20324,102,S2,369.0,22.743,20.72
20325,102,S2,372.0,22.721,20.72
20326,102,S2,375.0,22.644,20.72
20327,102,S2,378.0,22.572,20.72
20328,102,S2,381.0,22.536,20.72
20329,102,S2,384.0,22.451,20.72
20330,102,S2,387.0,22.484,20.72
20331,102,S2,390.0,22.434,20.72
20332,102,S2,393.0,22.251,20.72
20333,102,S2,396.0,22.373,20.72
20334,102,S2,399.0,22.309,20.72
20335,102,S2,402.0,22.257,20.72
20336,102,S2,405.0,22.255,20.72
20337,102,S2,408.0,22.199,20.72
20338,102,S2,411.0,22.110,20.72
20339,102,S2,414.0,22.107,20.72
20340,102,S2,417.0,22.032,20.72
20341,102,S2,420.0,21.973,20.72
20342,102,S2,423.0,22.008,20.72
20343,102,S2,426.0,21.990,20.72
20344,102,S2,429.0,21.935,20.72
20345,102,S2,432.0,21.887,20.72
20346,102,S2,435.0,21.858,20.72
20347,102,S2,438.0,21.870,20.72
20348,102,S2,441.0,21.809,20.72
20349,102,S2,444.0,21.769,20.72
20350,102,S2,447.0,21.777,20.72
20351,102,S2,450.0,21.738,20.72
20352,102,S2,453.0,21.803,20.72
20353,102,S2,456.0,21.586,20.72
20354,102,S2,459.0,21.605,20.72
20355,102,S2,462.0,21.602,20.72
20356,102,S2,465.0,21.547,20.72
20357,102,S2,468.0,21.564,20.72
20358,102,S2,471.0,21.543,20.72
20359,102,S2,474.0,21.545,20.72
20360,102,S2,477.0,21.511,20.72
20361,102,S2,480.0,21.480,20.72
20362,102,S2,483.0,21.408,20.72
20363,102,S2,486.0,21.407,20.72
20364,102,S2,489.0,21.450,20.72
20365,102,S2,492.0,21.351,20.72
20366,102,S2,495.0,21.400,20.72
20367,102,S2,498.0,21.314,20.72
20368,102,S2,501.0,21.332,20.72
20369,102,S2,504.0,21.327,20.72
20370,102,S2,507.0,21.322,20.72
20371,102,S2,510.0,21.204,20.72
20372,102,S2,513.0,21.236,20.72
20373,102,S2,516.0,21.337,20.72
20374,102,S2,519.0,21.190,20.72
20375,102,S2,522.0,21.281,20.72
20376,102,S2,525.0,21.287,20.72
20377,102,S2,528.0,21.252,20.72
20378,102,S2,531.0,21.198,20.72
20379,102,S2,534.0,21.157,20.72
20380,102,S2,537.0,21.136,20.72
20381,102,S2,540.0,21.229,20.72
20382,102,S2,543.0,21.132,20.72
20383,102,S2,546.0,21.174,20.72
20384,102,S2,549.0,21.119,20.72
20385,102,S2,552.0,21.144,20.72
20386,102,S2,555.0,21.109,20.72
20387,102,S2,558.0,21.073,20.72
20388,102,S2,561.0,21.134,20.72
20389,102,S2,564.0,21.002,20.72
20390,102,S2,567.0,21.087,20.72
20391,102,S2,570.0,21.017,20.72
20392,102,S2,573.0,21.040,20.72
20393,102,S2,576.0,21.056,20.72
20394,102,S2,579.0,21.064,20.72
20395,102,S2,582.0,21.004,20.72
20396,102,S2,585.0,21.011,20.72
20397,102,S2,588.0,20.949,20.72
20398,102,S2,591.0,20.955,20.72
20399,102,S2,594.0,20.964,20.72
20400,102,S2,597.0,20.975,20.72
20401,103,S3,0.0,75.877,21.98
20402,103,S3,3.0,74.266,21.98
20403,103,S3,6.0,72.855,21.98
20404,103,S3,9.0,71.314,21.98
20405,103,S3,12.0,69.974,21.98
20406,103,S3,15.0,68.574,21.98
20407,103,S3,18.0,67.224,21.98
20408,103,S3,21.0,65.998,21.98
20409,103,S3,24.0,64.632,21.98
20410,103,S3,27.0,63.520,21.98
20411,103,S3,30.0,62.225,21.98
20412,103,S3,33.0,61.205,21.98
20413,103,S3,36.0,60.041,21.98
20414,103,S3,39.0,59.009,21.98
20415,103,S3,42.0,57.985,21.98
20416,103,S3,45.0,56.864,21.98
20417,103,S3,48.0,55.876,21.98
20418,103,S3,51.0,54.953,21.98
20419,103,S3,54.0,53.942,21.98
20420,103,S3,57.0,53.024,21.98
20421,103,S3,60.0,52.122,21.98
20422,103,S3,63.0,51.352,21.98
20423,103,S3,66.0,50.534,21.98
20424,103,S3,69.0,49.743,21.98
20425,103,S3,72.0,48.920,21.98
20426,103,S3,75.0,48.040,21.98
20427,103,S3,78.0,47.407,21.98
20428,103,S3,81.0,46.652,21.98
20429,103,S3,84.0,45.931,21.98
20430,103,S3,87.0,45.250,21.98
20431,103,S3,90.0,44.596,21.98
20432,103,S3,93.0,43.947,21.98
20433,103,S3,96.0,43.371,21.98
20434,103,S3,99.0,42.816,21.98
20435,103,S3,102.0,42.179,21.98
20436,103,S3,105.0,41.616,21.98
20437,103,S3,108.0,40.950,21.98
20438,103,S3,111.0,40.474,21.98
20439,103,S3,114.0,39.879,21.98
20440,103,S3,117.0,39.414,21.98
20441,103,S3,120.0,38.929,21.98
20442,103,S3,123.0,38.381,21.98
20443,103,S3,126.0,37.904,21.98
20444,103,S3,129.0,37.576,21.98
20445,103,S3,132.0,37.066,21.98
20446,103,S3,135.0,36.568,21.98
20447,103,S3,138.0,36.164,21.98
20448,103,S3,141.0,35.809,21.98
20449,103,S3,144.0,35.470,21.98
20450,103,S3,147.0,34.955,21.98
20451,103,S3,150.0,34.652,21.98
20452,103,S3,153.0,34.325,21.98
20453,103,S3,156.0,33.861,21.98
20454,103,S3,159.0,33.690,21.98
20455,103,S3,162.0,33.314,21.98
20456,103,S3,165.0,32.923,21.98
20457,103,S3,168.0,32.696,21.98
20458,103,S3,171.0,32.333,21.98
20459,103,S3,174.0,32.138,21.98
20460,103,S3,177.0,31.817,21.98
20461,103,S3,180.0,31.568,21.98
20462,103,S3,183.0,31.265,21.98
20463,103,S3,186.0,30.955,21.98
20464,103,S3,189.0,30.699,21.98
20465,103,S3,192.0,30.448,21.98
20466,103,S3,195.0,30.234,21.98
20467,103,S3,198.0,29.926,21.98
20468,103,S3,201.0,29.761,21.98
20469,103,S3,204.0,29.537,21.98
20470,103,S3,207.0,29.364,21.98
20471,103,S3,210.0,29.135,21.98
20472,103,S3,213.0,28.918,21.98
20473,103,S3,216.0,28.673,21.98
20474,103,S3,219.0,28.485,21.98
20475,103,S3,222.0,28.393,21.98
20476,103,S3,225.0,28.241,21.98
20477,103,S3,228.0,27.932,21.98
20478,103,S3,231.0,27.799,21.98
20479,103,S3,234.0,27.649,21.98
20480,103,S3,237.0,27.469,21.98
20481,103,S3,240.0,27.261,21.98
20482,103,S3,243.0,27.249,21.98
20483,103,S3,246.0,27.048,21.98
20484,103,S3,249.0,27.060,21.98
20485,103,S3,252.0,26.648,21.98
20486,103,S3,255.0,26.604,21.98
20487,103,S3,258.0,26.502,21.98
20488,103,S3,261.0,26.339,21.98
20489,103,S3,264.0,26.142,21.98
20490,103,S3,267.0,26.063,21.98
20491,103,S3,270.0,25.992,21.98
20492,103,S3,273.0,25.814,21.98
20493,103,S3,276.0,25.675,21.98
20494,103,S3,279.0,25.596,21.98
20495,103,S3,282.0,25.485,21.98
20496,103,S3,285.0,25.469,21.98
20497,103,S3,288.0,25.365,21.98
20498,103,S3,291.0,25.177,21.98
20499,103,S3,294.0,25.196,21.98
20500,103,S3,297.0,25.091,21.98
20501,103,S3,300.0,25.042,21.98
20502,103,S3,303.0,24.922,21.98
20503,103,S3,306.0,24.712,21.98
20504,103,S3,309.0,24.759,21.98
20505,103,S3,312.0,24.655,21.98
20506,103,S3,315.0,24.560,21.98
20507,103,S3,318.0,24.416,21.98
20508,103,S3,321.0,24.453,21.98
20509,103,S3,324.0,24.454,21.98
20510,103,S3,327.0,24.276,21.98
20511,103,S3,330.0,24.289,21.98
20512,103,S3,333.0,24.294,21.98
20513,103,S3,336.0,24.087,21.98
20514,103,S3,339.0,24.098,21.98
20515,103,S3,342.0,23.958,21.98
20516,103,S3,345.0,24.033,21.98
20517,103,S3,348.0,23.880,21.98
20518,103,S3,351.0,23.845,21.98
20519,103,S3,354.0,23.811,21.98
20520,103,S3,357.0,23.689,21.98
20521,103,S3,360.0,23.677,21.98
20522,103,S3,363.0,23.606,21.98
20523,103,S3,366.0,23.535,21.98
20524,103,S3,369.0,23.531,21.98
20525,103,S3,372.0,23.543,21.98
20526,103,S3,375.0,23.328,21.98
20527,103,S3,378.0,23.475,21.98
20528,103,S3,381.0,23.330,21.98
20529,103,S3,384.0,23.324,21.98
20530,103,S3,387.0,23.283,21.98
20531,103,S3,390.0,23.303,21.98
20532,103,S3,393.0,23.260,21.98
20533,103,S3,396.0,23.168,21.98
20534,103,S3,399.0,23.106,21.98
20535,103,S3,402.0,23.154,21.98
20536,103,S3,405.0,23.012,21.98
20537,103,S3,408.0,23.067,21.98
20538,103,S3,411.0,23.021,21.98
20539,103,S3,414.0,23.046,21.98
20540,103,S3,417.0,22.874,21.98
20541,103,S3,420.0,22.920,21.98
20542,103,S3,423.0,22.990,21.98
20543,103,S3,426.0,22.933,21.98
20544,103,S3,429.0,22.803,21.98
20545,103,S3,432.0,22.802,21.98
20546,103,S3,435.0,22.758,21.98
20547,103,S3,438.0,22.817,21.98
20548,103,S3,441.0,22.732,21.98
20549,103,S3,444.0,22.750,21.98
20550,103,S3,447.0,22.708,21.98
20551,103,S3,450.0,22.719,21.98
20552,103,S3,453.0,22.628,21.98
20553,103,S3,456.0,22.757,21.98
20554,103,S3,459.0,22.581,21.98
20555,103,S3,462.0,22.559,21.98
20556,103,S3,465.0,22.547,21.98
20557,103,S3,468.0,22.514,21.98
20558,103,S3,471.0,22.596,21.98
20559,103,S3,474.0,22.527,21.98
20560,103,S3,477.0,22.526,21.98
20561,103,S3,480.0,22.578,21.98
20562,103,S3,483.0,22.423,21.98
20563,103,S3,486.0,22.390,21.98
20564,103,S3,489.0,22.451,21.98
20565,103,S3,492.0,22.525,21.98
20566,103,S3,495.0,22.482,21.98
20567,103,S3,498.0,22.438,21.98
20568,103,S3,501.0,22.437,21.98
20569,103,S3,504.0,22.447,21.98
20570,103,S3,507.0,22.409,21.98
20571,103,S3,510.0,22.456,21.98
20572,103,S3,513.0,22.306,21.98
20573,103,S3,516.0,22.418,21.98
20574,103,S3,519.0,22.230,21.98
20575,103,S3,522.0,22.369,21.98
20576,103,S3,525.0,22.288,21.98
20577,103,S3,528.0,22.352,21.98
20578,103,S3,531.0,22.358,21.98
20579,103,S3,534.0,22.349,21.98
20580,103,S3,537.0,22.304,21.98
20581,103,S3,540.0,22.283,21.98
20582,103,S3,543.0,22.284,21.98
20583,103,S3,546.0,22.259,21.98
20584,103,S3,549.0,22.203,21.98
20585,103,S3,552.0,22.333,21.98
20586,103,S3,555.0,22.227,21.98
20587,103,S3,558.0,22.123,21.98
20588,103,S3,561.0,22.227,21.98
20589,103,S3,564.0,22.259,21.98
20590,103,S3,567.0,22.246,21.98
20591,103,S3,570.0,22.157,21.98
20592,103,S3,573.0,22.180,21.98
20593,103,S3,576.0,22.252,21.98
20594,103,S3,579.0,22.101,21.98
20595,103,S3,582.0,22.147,21.98
20596,103,S3,585.0,22.138,21.98
20597,103,S3,588.0,22.111,21.98
20598,103,S3,591.0,22.123,21.98
20599,103,S3,594.0,22.152,21.98
20600,103,S3,597.0,22.119,21.98
20601,104,S4,0.0,91.863,20.34
20602,104,S4,3.0,89.650,20.34
20603,104,S4,6.0,87.573,20.34
20604,104,S4,9.0,85.407,20.34
20605,104,S4,12.0,83.449,20.34
20606,104,S4,15.0,81.376,20.34
20607,104,S4,18.0,79.454,20.34
20608,104,S4,21.0,77.761,20.34
20609,104,S4,24.0,75.958,20.34
20610,104,S4,27.0,74.273,20.34
20611,104,S4,30.0,72.528,20.34
20612,104,S4,33.0,70.926,20.34
20613,104,S4,36.0,69.441,20.34
20614,104,S4,39.0,67.972,20.34
20615,104,S4,42.0,66.376,20.34
20616,104,S4,45.0,65.046,20.34
20617,104,S4,48.0,63.630,20.34
20618,104,S4,51.0,62.285,20.34
20619,104,S4,54.0,60.952,20.34
20620,104,S4,57.0,59.727,20.34
20621,104,S4,60.0,58.545,20.34
20622,104,S4,63.0,57.348,20.34
20623,104,S4,66.0,56.210,20.34
20624,104,S4,69.0,55.120,20.34
20625,104,S4,72.0,53.938,20.34
20626,104,S4,75.0,53.018,20.34
20627,104,S4,78.0,51.948,20.34
20628,104,S4,81.0,50.966,20.34
20629,104,S4,84.0,50.009,20.34
20630,104,S4,87.0,49.168,20.34
20631,104,S4,90.0,48.181,20.34
20632,104,S4,93.0,47.431,20.34
20633,104,S4,96.0,46.516,20.34
20634,104,S4,99.0,45.697,20.34
20635,104,S4,102.0,44.956,20.34
20636,104,S4,105.0,44.092,20.34
20637,104,S4,108.0,43.320,20.34
20638,104,S4,111.0,42.735,20.34
20639,104,S4,114.0,42.002,20.34
20640,104,S4,117.0,41.401,20.34
20641,104,S4,120.0,40.651,20.34
20642,104,S4,123.0,40.051,20.34
20643,104,S4,126.0,39.430,20.34
20644,104,S4,129.0,38.813,20.34
20645,104,S4,132.0,38.358,20.34
20646,104,S4,135.0,37.793,20.34
20647,104,S4,138.0,37.183,20.34
20648,104,S4,141.0,36.752,20.34
20649,104,S4,144.0,36.223,20.34
20650,104,S4,147.0,35.643,20.34
20651,104,S4,150.0,35.131,20.34
20652,104,S4,153.0,34.796,20.34
20653,104,S4,156.0,34.255,20.34
20654,104,S4,159.0,33.809,20.34
20655,104,S4,162.0,33.430,20.34
20656,104,S4,165.0,33.001,20.34
20657,104,S4,168.0,32.609,20.34
20658,104,S4,171.0,32.300,20.34
20659,104,S4,174.0,31.964,20.34
20660,104,S4,177.0,31.522,20.34
20661,104,S4,180.0,31.196,20.34
20662,104,S4,183.0,30.926,20.34
20663,104,S4,186.0,30.538,20.34
20664,104,S4,189.0,30.235,20.34
20665,104,S4,192.0,29.946,20.34
20666,104,S4,195.0,29.663,20.34
20667,104,S4,198.0,29.286,20.34
20668,104,S4,201.0,28.977,20.34
20669,104,S4,204.0,28.810,20.34
20670,104,S4,207.0,28.508,20.34
20671,104,S4,210.0,28.249,20.34
20672,104,S4,213.0,28.037,20.34
20673,104,S4,216.0,27.766,20.34
20674,104,S4,219.0,27.562,20.34
20675,104,S4,222.0,27.380,20.34
20676,104,S4,225.0,27.132,20.34
20677,104,S4,228.0,26.905,20.34
20678,104,S4,231.0,26.754,20.34
20679,104,S4,234.0,26.521,20.34
20680,104,S4,237.0,26.297,20.34
20681,104,S4,240.0,26.200,20.34
20682,104,S4,243.0,25.959,20.34
20683,104,S4,246.0,25.800,20.34
20684,104,S4,249.0,25.722,20.34
20685,104,S4,252.0,25.491,20.34
20686,104,S4,255.0,25.260,20.34
20687,104,S4,258.0,25.101,20.34
20688,104,S4,261.0,24.961,20.34
20689,104,S4,264.0,24.921,20.34
20690,104,S4,267.0,24.704,20.34
20691,104,S4,270.0,24.549,20.34
20692,104,S4,273.0,24.402,20.34
20693,104,S4,276.0,24.285,20.34
20694,104,S4,279.0,24.170,20.34
20695,104,S4,282.0,24.147,20.34
20696,104,S4,285.0,23.980,20.34
20697,104,S4,288.0,23.845,20.34
20698,104,S4,291.0,23.709,20.34
20699,104,S4,294.0,23.672,20.34
20700,104,S4,297.0,23.464,20.34
20701,104,S4,300.0,23.371,20.34
20702,104,S4,303.0,23.391,20.34
20703,104,S4,306.0,23.265,20.34
20704,104,S4,309.0,23.154,20.34
20705,104,S4,312.0,23.050,20.34
20706,104,S4,315.0,23.014,20.34
20707,104,S4,318.0,22.971,20.34
20708,104,S4,321.0,22.855,20.34
20709,104,S4,324.0,22.744,20.34
20710,104,S4,327.0,22.730,20.34
20711,104,S4,330.0,22.591,20.34
20712,104,S4,333.0,22.562,20.34
20713,104,S4,336.0,22.564,20.34
20714,104,S4,339.0,22.349,20.34
20715,104,S4,342.0,22.424,20.34
20716,104,S4,345.0,22.324,20.34
20717,104,S4,348.0,22.225,20.34
20718,104,S4,351.0,22.126,20.34
20719,104,S4,354.0,22.042,20.34
20720,104,S4,357.0,22.034,20.34
20721,104,S4,360.0,22.007,20.34
20722,104,S4,363.0,21.947,20.34
20723,104,S4,366.0,21.849,20.34
20724,104,S4,369.0,21.860,20.34
20725,104,S4,372.0,21.792,20.34
20726,104,S4,375.0,21.819,20.34
20727,104,S4,378.0,21.679,20.34
20728,104,S4,381.0,21.716,20.34
20729,104,S4,384.0,21.589,20.34
20730,104,S4,387.0,21.512,20.34
20731,104,S4,390.0,21.583,20.34
20732,104,S4,393.0,21.504,20.34
20733,104,S4,396.0,21.545,20.34
20734,104,S4,399.0,21.473,20.34
20735,104,S4,402.0,21.460,20.34
20736,104,S4,405.0,21.338,20.34
20737,104,S4,408.0,21.298,20.34
20738,104,S4,411.0,21.301,20.34
20739,104,S4,414.0,21.240,20.34
20740,104,S4,417.0,21.267,20.34
20741,104,S4,420.0,21.244,20.34
20742,104,S4,423.0,21.097,20.34
20743,104,S4,426.0,21.212,20.34
20744,104,S4,429.0,21.132,20.34
20745,104,S4,432.0,21.001,20.34
20746,104,S4,435.0,21.099,20.34
20747,104,S4,438.0,20.985,20.34
20748,104,S4,441.0,21.022,20.34
20749,104,S4,444.0,21.149,20.34
20750,104,S4,447.0,20.918,20.34
20751,104,S4,450.0,21.060,20.34
20752,104,S4,453.0,20.903,20.34
20753,104,S4,456.0,20.873,20.34
20754,104,S4,459.0,20.844,20.34
20755,104,S4,462.0,20.953,20.34
20756,104,S4,465.0,20.935,20.34
20757,104,S4,468.0,20.846,20.34
20758,104,S4,471.0,20.934,20.34
20759,104,S4,474.0,20.883,20.34
20760,104,S4,477.0,20.846,20.34
20761,104,S4,480.0,20.789,20.34
20762,104,S4,483.0,20.750,20.34
20763,104,S4,486.0,20.758,20.34
20764,104,S4,489.0,20.853,20.34
20765,104,S4,492.0,20.695,20.34
20766,104,S4,495.0,20.755,20.34
20767,104,S4,498.0,20.773,20.34
20768,104,S4,501.0,20.744,20.34
20769,104,S4,504.0,20.773,20.34
20770,104,S4,507.0,20.699,20.34
20771,104,S4,510.0,20.666,20.34
20772,104,S4,513.0,20.694,20.34
20773,104,S4,516.0,20.650,20.34
20774,104,S4,519.0,20.669,20.34
20775,104,S4,522.0,20.642,20.34
20776,104,S4,525.0,20.672,20.34
20777,104,S4,528.0,20.651,20.34
20778,104,S4,531.0,20.550,20.34
20779,104,S4,534.0,20.592,20.34
20780,104,S4,537.0,20.601,20.34
20781,104,S4,540.0,20.548,20.34
20782,104,S4,543.0,20.588,20.34
20783,104,S4,546.0,20.607,20.34
20784,104,S4,549.0,20.562,20.34
20785,104,S4,552.0,20.541,20.34
20786,104,S4,555.0,20.606,20.34
20787,104,S4,558.0,20.479,20.34
20788,104,S4,561.0,20.508,20.34
20789,104,S4,564.0,20.466,20.34
20790,104,S4,567.0,20.626,20.34
20791,104,S4,570.0,20.576,20.34
20792,104,S4,573.0,20.554,20.34
20793,104,S4,576.0,20.532,20.34
20794,104,S4,579.0,20.422,20.34
20795,104,S4,582.0,20.479,20.34
20796,104,S4,585.0,20.664,20.34
20797,104,S4,588.0,20.449,20.34
20798,104,S4,591.0,20.471,20.34
20799,104,S4,594.0,20.465,20.34
20800,104,S4,597.0,20.465,20.34
20801,105,S1,0.0,85.800,22.61
20802,105,S1,3.0,84.494,22.61
20803,105,S1,6.0,83.186,22.61
20804,105,S1,9.0,81.992,22.61
20805,105,S1,12.0,80.781,22.61
20806,105,S1,15.0,79.537,22.61
20807,105,S1,18.0,78.434,22.61
20808,105,S1,21.0,77.277,22.61
20809,105,S1,24.0,76.124,22.61
20810,105,S1,27.0,74.982,22.61
20811,105,S1,30.0,73.915,22.61
20812,105,S1,33.0,72.854,22.61
20813,105,S1,36.0,71.749,22.61
20814,105,S1,39.0,70.861,22.61
20815,105,S1,42.0,69.899,22.61
20816,105,S1,45.0,68.784,22.61
20817,105,S1,48.0,67.911,22.61
20818,105,S1,51.0,66.979,22.61
20819,105,S1,54.0,66.064,22.61
20820,105,S1,57.0,65.212,22.61
20821,105,S1,60.0,64.378,22.61
20822,105,S1,63.0,63.416,22.61
20823,105,S1,66.0,62.596,22.61
20824,105,S1,69.0,61.763,22.61
20825,105,S1,72.0,60.911,22.61
20826,105,S1,75.0,60.152,22.61
20827,105,S1,78.0,59.428,22.61
20828,105,S1,81.0,58.640,22.61
20829,105,S1,84.0,57.910,22.61
20830,105,S1,87.0,57.208,22.61
20831,105,S1,90.0,56.452,22.61
20832,105,S1,93.0,55.834,22.61
20833,105,S1,96.0,55.123,22.61
20834,105,S1,99.0,54.377,22.61
20835,105,S1,102.0,53.845,22.61
20836,105,S1,105.0,53.202,22.61
20837,105,S1,108.0,52.422,22.61
20838,105,S1,111.0,51.872,22.61
20839,105,S1,114.0,51.253,22.61
20840,105,S1,117.0,50.695,22.61
20841,105,S1,120.0,50.151,22.61
20842,105,S1,123.0,49.560,22.61
20843,105,S1,126.0,49.034,22.61
20844,105,S1,129.0,48.472,22.61
20845,105,S1,132.0,47.926,22.61
20846,105,S1,135.0,47.329,22.61
20847,105,S1,138.0,46.944,22.61
20848,105,S1,141.0,46.445,22.61
20849,105,S1,144.0,45.853,22.61
20850,105,S1,147.0,45.433,22.61
20851,105,S1,150.0,44.829,22.61
20852,105,S1,153.0,44.483,22.61
20853,105,S1,156.0,44.004,22.61
20854,105,S1,159.0,43.587,22.61
20855,105,S1,162.0,43.110,22.61
20856,105,S1,165.0,42.748,22.61
20857,105,S1,168.0,42.260,22.61
20858,105,S1,171.0,41.901,22.61
20859,105,S1,174.0,41.527,22.61
20860,105,S1,177.0,41.145,22.61
20861,105,S1,180.0,40.704,22.61
20862,105,S1,183.0,40.380,22.61
20863,105,S1,186.0,40.085,22.61
20864,105,S1,189.0,39.611,22.61
20865,105,S1,192.0,39.241,22.61
20866,105,S1,195.0,38.989,22.61
20867,105,S1,198.0,38.642,22.61
20868,105,S1,201.0,38.316,22.61
20869,105,S1,204.0,37.891,22.61
20870,105,S1,207.0,37.603,22.61
20871,105,S1,210.0,37.441,22.61
20872,105,S1,213.0,37.015,22.61
20873,105,S1,216.0,36.774,22.61
20874,105,S1,219.0,36.448,22.61
20875,105,S1,222.0,36.171,22.61
20876,105,S1,225.0,35.918,22.61
20877,105,S1,228.0,35.659,22.61
20878,105,S1,231.0,35.296,22.61
20879,105,S1,234.0,35.021,22.61
20880,105,S1,237.0,34.832,22.61
20881,105,S1,240.0,34.568,22.61
20882,105,S1,243.0,34.352,22.61
20883,105,S1,246.0,34.157,22.61
20884,105,S1,249.0,33.866,22.61
20885,105,S1,252.0,33.677,22.61
20886,105,S1,255.0,33.570,22.61
20887,105,S1,258.0,33.193,22.61
20888,105,S1,261.0,33.041,22.61
20889,105,S1,264.0,32.710,22.61
20890,105,S1,267.0,32.506,22.61
20891,105,S1,270.0,32.193,22.61
20892,105,S1,273.0,32.209,22.61
20893,105,S1,276.0,31.879,22.61
20894,105,S1,279.0,31.701,22.61
20895,105,S1,282.0,31.592,22.61
20896,105,S1,285.0,31.422,22.61
20897,105,S1,288.0,31.225,22.61
20898,105,S1,291.0,30.963,22.61
20899,105,S1,294.0,30.853,22.61
20900,105,S1,297.0,30.753,22.61
20901,105,S1,300.0,30.579,22.61
20902,105,S1,303.0,30.407,22.61
20903,105,S1,306.0,30.169,22.61
20904,105,S1,309.0,30.014,22.61
20905,105,S1,312.0,29.953,22.61
20906,105,S1,315.0,29.741,22.61
20907,105,S1,318.0,29.582,22.61
20908,105,S1,321.0,29.520,22.61
20909,105,S1,324.0,29.257,22.61
20910,105,S1,327.0,29.163,22.61
20911,105,S1,330.0,29.021,22.61
20912,105,S1,333.0,28.877,22.61
20913,105,S1,336.0,28.823,22.61
20914,105,S1,339.0,28.621,22.61
20915,105,S1,342.0,28.582,22.61
20916,105,S1,345.0,28.387,22.61
20917,105,S1,348.0,28.274,22.61
20918,105,S1,351.0,28.214,22.61
20919,105,S1,354.0,28.114,22.61
20920,105,S1,357.0,27.944,22.61
20921,105,S1,360.0,27.801,22.61
20922,105,S1,363.0,27.759,22.61
20923,105,S1,366.0,27.636,22.61
20924,105,S1,369.0,27.493,22.61
20925,105,S1,372.0,27.407,22.61
20926,105,S1,375.0,27.355,22.61
20927,105,S1,378.0,27.273,22.61
20928,105,S1,381.0,27.143,22.61
20929,105,S1,384.0,27.100,22.61
20930,105,S1,387.0,26.982,22.61
20931,105,S1,390.0,26.941,22.61
20932,105,S1,393.0,26.740,22.61
20933,105,S1,396.0,26.784,22.61
20934,105,S1,399.0,26.512,22.61
20935,105,S1,402.0,26.533,22.61
20936,105,S1,405.0,26.472,22.61
20937,105,S1,408.0,26.409,22.61
20938,105,S1,411.0,26.267,22.61
20939,105,S1,414.0,26.257,22.61
20940,105,S1,417.0,26.182,22.61
20941,105,S1,420.0,26.082,22.61
20942,105,S1,423.0,25.944,22.61
20943,105,S1,426.0,25.935,22.61
20944,105,S1,429.0,25.852,22.61
20945,105,S1,432.0,25.749,22.61
20946,105,S1,435.0,25.646,22.61
20947,105,S1,438.0,25.689,22.61
20948,105,S1,441.0,25.631,22.61
20949,105,S1,444.0,25.447,22.61
20950,105,S1,447.0,25.443,22.61
20951,105,S1,450.0,25.332,22.61
20952,105,S1,453.0,25.368,22.61
20953,105,S1,456.0,25.186,22.61
20954,105,S1,459.0,25.284,22.61
20955,105,S1,462.0,25.177,22.61
20956,105,S1,465.0,25.127,22.61
20957,105,S1,468.0,25.131,22.61
20958,105,S1,471.0,25.049,22.61
20959,105,S1,474.0,24.976,22.61
20960,105,S1,477.0,24.979,22.61
20961,105,S1,480.0,24.956,22.61
20962,105,S1,483.0,24.818,22.61
20963,105,S1,486.0,24.788,22.61
20964,105,S1,489.0,24.819,22.61
20965,105,S1,492.0,24.687,22.61
20966,105,S1,495.0,24.567,22.61
20967,105,S1,498.0,24.586,22.61
20968,105,S1,501.0,24.561,22.61
20969,105,S1,504.0,24.501,22.61
20970,105,S1,507.0,24.481,22.61
20971,105,S1,510.0,24.461,22.61
20972,105,S1,513.0,24.320,22.61
20973,105,S1,516.0,24.400,22.61
20974,105,S1,519.0,24.316,22.61
20975,105,S1,522.0,24.297,22.61
20976,105,S1,525.0,24.268,22.61
20977,105,S1,528.0,24.239,22.61
20978,105,S1,531.0,24.291,22.61
20979,105,S1,534.0,24.121,22.61
20980,105,S1,537.0,24.125,22.61
20981,105,S1,540.0,24.052,22.61
20982,105,S1,543.0,24.108,22.61
20983,105,S1,546.0,24.035,22.61
20984,105,S1,549.0,23.929,22.61
20985,105,S1,552.0,24.016,22.61
20986,105,S1,555.0,23.964,22.61
20987,105,S1,558.0,23.940,22.61
20988,105,S1,561.0,23.869,22.61
20989,105,S1,564.0,23.866,22.61
20990,105,S1,567.0,23.800,22.61
20991,105,S1,570.0,23.877,22.61
20992,105,S1,573.0,23.852,22.61
20993,105,S1,576.0,23.764,22.61
20994,105,S1,579.0,23.797,22.61
20995,105,S1,582.0,23.787,22.61
20996,105,S1,585.0,23.688,22.61
20997,105,S1,588.0,23.710,22.61
20998,105,S1,591.0,23.754,22.61
20999,105,S1,594.0,23.588,22.61
21000,105,S1,597.0,23.700,22.61
21001,106,S2,0.0,87.130,20.47
21002,106,S2,3.0,85.058,20.47
21003,106,S2,6.0,83.030,20.47
21004,106,S2,9.0,81.232,20.47
21005,106,S2,12.0,79.230,20.47
21006,106,S2,15.0,77.468,20.47
21007,106,S2,18.0,75.733,20.47
21008,106,S2,21.0,74.044,20.47
21009,106,S2,24.0,72.366,20.47
21010,106,S2,27.0,70.753,20.47
21011,106,S2,30.0,69.243,20.47
21012,106,S2,33.0,67.696,20.47
21013,106,S2,36.0,66.193,20.47
21014,106,S2,39.0,64.800,20.47
21015,106,S2,42.0,63.481,20.47
21016,106,S2,45.0,62.239,20.47
21017,106,S2,48.0,60.935,20.47
21018,106,S2,51.0,59.489,20.47
21019,106,S2,54.0,58.368,20.47
21020,106,S2,57.0,57.302,20.47
21021,106,S2,60.0,56.112,20.47
21022,106,S2,63.0,54.948,20.47
21023,106,S2,66.0,54.016,20.47
21024,106,S2,69.0,52.857,20.47
21025,106,S2,72.0,51.901,20.47
21026,106,S2,75.0,50.940,20.47
21027,106,S2,78.0,49.987,20.47
21028,106,S2,81.0,49.048,20.47
21029,106,S2,84.0,48.264,20.47
21030,106,S2,87.0,47.433,20.47
21031,106,S2,90.0,46.529,20.47
21032,106,S2,93.0,45.782,20.47
21033,106,S2,96.0,44.927,20.47
21034,106,S2,99.0,44.283,20.47
21035,106,S2,102.0,43.565,20.47
21036,106,S2,105.0,42.615,20.47
21037,106,S2,108.0,42.114,20.47
21038,106,S2,111.0,41.442,20.47
21039,106,S2,114.0,40.796,20.47
21040,106,S2,117.0,40.123,20.47
21041,106,S2,120.0,39.547,20.47
21042,106,S2,123.0,39.043,20.47
21043,106,S2,126.0,38.467,20.47
21044,106,S2,129.0,37.864,20.47
21045,106,S2,132.0,37.306,20.47
21046,106,S2,135.0,36.737,20.47
21047,106,S2,138.0,36.288,20.47
21048,106,S2,141.0,35.736,20.47
21049,106,S2,144.0,35.213,20.47
21050,106,S2,147.0,34.836,20.47
21051,106,S2,150.0,34.401,20.47
21052,106,S2,153.0,33.988,20.47
21053,106,S2,156.0,33.575,20.47
21054,106,S2,159.0,33.135,20.47
21055,106,S2,162.0,32.745,20.47
21056,106,S2,165.0,32.359,20.47
21057,106,S2,168.0,32.141,20.47
21058,106,S2,171.0,31.622,20.47
21059,106,S2,174.0,31.326,20.47
21060,106,S2,177.0,31.059,20.47
21061,106,S2,180.0,30.636,20.47
21062,106,S2,183.0,30.391,20.47
21063,106,S2,186.0,30.089,20.47
21064,106,S2,189.0,29.764,20.47
21065,106,S2,192.0,29.445,20.47
21066,106,S2,195.0,29.119,20.47
21067,106,S2,198.0,28.881,20.47
21068,106,S2,201.0,28.652,20.47
21069,106,S2,204.0,28.319,20.47
21070,106,S2,207.0,28.166,20.47
21071,106,S2,210.0,27.936,20.47
21072,106,S2,213.0,27.799,20.47
21073,106,S2,216.0,27.455,20.47
21074,106,S2,219.0,27.263,20.47
21075,106,S2,222.0,26.952,20.47
21076,106,S2,225.0,26.880,20.47
21077,106,S2,228.0,26.653,20.47
21078,106,S2,231.0,26.614,20.47
21079,106,S2,234.0,26.288,20.47
21080,106,S2,237.0,26.051,20.47
21081,106,S2,240.0,25.941,20.47
21082,106,S2,243.0,25.778,20.47
21083,106,S2,246.0,25.514,20.47
21084,106,S2,249.0,25.386,20.47
21085,106,S2,252.0,25.323,20.47
21086,106,S2,255.0,25.115,20.47
21087,106,S2,258.0,24.943,20.47
21088,106,S2,261.0,24.901,20.47
21089,106,S2,264.0,24.750,20.47
21090,106,S2,267.0,24.609,20.47
21091,106,S2,270.0,24.476,20.47
21092,106,S2,273.0,24.288,20.47
21093,106,S2,276.0,24.222,20.47
21094,106,S2,279.0,24.054,20.47
21095,106,S2,282.0,23.992,20.47
21096,106,S2,285.0,23.816,20.47
21097,106,S2,288.0,23.751,20.47
21098,106,S2,291.0,23.716,20.47
21099,106,S2,294.0,23.490,20.47
21100,106,S2,297.0,23.447,20.47
21101,106,S2,300.0,23.337,20.47
21102,106,S2,303.0,23.275,20.47
21103,106,S2,306.0,23.118,20.47
21104,106,S2,309.0,23.114,20.47
21105,106,S2,312.0,23.051,20.47
21106,106,S2,315.0,22.926,20.47
21107,106,S2,318.0,22.876,20.47
21108,106,S2,321.0,22.789,20.47
21109,106,S2,324.0,22.661,20.47
21110,106,S2,327.0,22.768,20.47
21111,106,S2,330.0,22.623,20.47
21112,106,S2,333.0,22.477,20.47
21113,106,S2,336.0,22.529,20.47
21114,106,S2,339.0,22.364,20.47
21115,106,S2,342.0,22.318,20.47
21116,106,S2,345.0,22.301,20.47
21117,106,S2,348.0,22.105,20.47
21118,106,S2,351.0,22.231,20.47
21119,106,S2,354.0,22.178,20.47
21120,106,S2,357.0,22.134,20.47
21121,106,S2,360.0,22.015,20.47
21122,106,S2,363.0,21.974,20.47
21123,106,S2,366.0,21.902,20.47
21124,106,S2,369.0,21.833,20.47
21125,106,S2,372.0,21.863,20.47
21126,106,S2,375.0,21.792,20.47
21127,106,S2,378.0,21.742,20.47
21128,106,S2,381.0,21.642,20.47
21129,106,S2,384.0,21.749,20.47
21130,106,S2,387.0,21.730,20.47
21131,106,S2,390.0,21.611,20.47
21132,106,S2,393.0,21.535,20.47
21133,106,S2,396.0,21.502,20.47
21134,106,S2,399.0,21.484,20.47
21135,106,S2,402.0,21.484,20.47
21136,106,S2,405.0,21.457,20.47
21137,106,S2,408.0,21.393,20.47
21138,106,S2,411.0,21.394,20.47
21139,106,S2,414.0,21.336,20.47
21140,106,S2,417.0,21.334,20.47
21141,106,S2,420.0,21.338,20.47
21142,106,S2,423.0,21.298,20.47
21143,106,S2,426.0,21.315,20.47
21144,106,S2,429.0,21.209,20.47
21145,106,S2,432.0,21.162,20.47
21146,106,S2,435.0,21.154,20.47
21147,106,S2,438.0,21.154,20.47
21148,106,S2,441.0,21.142,20.47
21149,106,S2,444.0,21.131,20.47
21150,106,S2,447.0,21.137,20.47
21151,106,S2,450.0,21.074,20.47
21152,106,S2,453.0,21.066,20.47
21153,106,S2,456.0,21.028,20.47
21154,106,S2,459.0,21.037,20.47
21155,106,S2,462.0,20.976,20.47
21156,106,S2,465.0,20.906,20.47
21157,106,S2,468.0,20.999,20.47
21158,106,S2,471.0,20.927,20.47
21159,106,S2,474.0,20.967,20.47
21160,106,S2,477.0,20.953,20.47
21161,106,S2,480.0,20.975,20.47
21162,106,S2,483.0,20.895,20.47
21163,106,S2,486.0,20.837,20.47
21164,106,S2,489.0,20.894,20.47
21165,106,S2,492.0,20.848,20.47
21166,106,S2,495.0,20.964,20.47
21167,106,S2,498.0,20.745,20.47
21168,106,S2,501.0,20.817,20.47
21169,106,S2,504.0,20.839,20.47
21170,106,S2,507.0,20.788,20.47
21171,106,S2,510.0,20.822,20.47
21172,106,S2,513.0,20.720,20.47
21173,106,S2,516.0,20.864,20.47
21174,106,S2,519.0,20.742,20.47
21175,106,S2,522.0,20.813,20.47
21176,106,S2,525.0,20.684,20.47
21177,106,S2,528.0,20.708,20.47
21178,106,S2,531.0,20.709,20.47
21179,106,S2,534.0,20.718,20.47
21180,106,S2,537.0,20.698,20.47
21181,106,S2,540.0,20.655,20.47
21182,106,S2,543.0,20.642,20.47
21183,106,S2,546.0,20.659,20.47
21184,106,S2,549.0,20.728,20.47
21185,106,S2,552.0,20.654,20.47
21186,106,S2,555.0,20.739,20.47
21187,106,S2,558.0,20.653,20.47
21188,106,S2,561.0,20.716,20.47
21189,106,S2,564.0,20.603,20.47
21190,106,S2,567.0,20.655,20.47
21191,106,S2,570.0,20.667,20.47
21192,106,S2,573.0,20.556,20.47
21193,106,S2,576.0,20.635,20.47
21194,106,S2,579.0,20.562,20.47
21195,106,S2,582.0,20.611,20.47
21196,106,S2,585.0,20.671,20.47
21197,106,S2,588.0,20.672,20.47
21198,106,S2,591.0,20.645,20.47
21199,106,S2,594.0,20.639,20.47
21200,106,S2,597.0,20.675,20.47
21201,107,S3,0.0,85.360,22.99
21202,107,S3,3.0,84.580,22.99
21203,107,S3,6.0,84.053,22.99
21204,107,S3,9.0,83.056,22.99
21205,107,S3,12.0,82.370,22.99
21206,107,S3,15.0,81.555,22.99
21207,107,S3,18.0,80.909,22.99
21208,107,S3,21.0,80.130,22.99
21209,107,S3,24.0,79.488,22.99
21210,107,S3,27.0,78.758,22.99
21211,107,S3,30.0,78.035,22.99
21212,107,S3,33.0,77.401,22.99
21213,107,S3,36.0,76.686,22.99
21214,107,S3,39.0,76.098,22.99
21215,107,S3,42.0,75.451,22.99
21216,107,S3,45.0,74.726,22.99
21217,107,S3,48.0,74.054,22.99
21218,107,S3,51.0,73.457,22.99
21219,107,S3,54.0,72.831,22.99
21220,107,S3,57.0,72.203,22.99
21221,107,S3,60.0,71.607,22.99
21222,107,S3,63.0,71.090,22.99
21223,107,S3,66.0,70.514,22.99
21224,107,S3,69.0,69.813,22.99
21225,107,S3,72.0,69.246,22.99
21226,107,S3,75.0,68.629,22.99
21227,107,S3,78.0,68.034,22.99
21228,107,S3,81.0,67.503,22.99
21229,107,S3,84.0,67.020,22.99
21230,107,S3,87.0,66.402,22.99
21231,107,S3,90.0,65.829,22.99
21232,107,S3,93.0,65.291,22.99
21233,107,S3,96.0,64.735,22.99
21234,107,S3,99.0,64.243,22.99
21235,107,S3,102.0,63.750,22.99
21236,107,S3,105.0,63.204,22.99
21237,107,S3,108.0,62.817,22.99
21238,107,S3,111.0,62.291,22.99
21239,107,S3,114.0,61.763,22.99
21240,107,S3,117.0,61.311,22.99
21241,107,S3,120.0,60.889,22.99
21242,107,S3,123.0,60.390,22.99
21243,107,S3,126.0,59.931,22.99
21244,107,S3,129.0,59.433,22.99
21245,107,S3,132.0,58.999,22.99
21246,107,S3,135.0,58.422,22.99
21247,107,S3,138.0,58.063,22.99
21248,107,S3,141.0,57.693,22.99
21249,107,S3,144.0,57.298,22.99
21250,107,S3,147.0,56.897,22.99
21251,107,S3,150.0,56.382,22.99
21252,107,S3,153.0,56.001,22.99
21253,107,S3,156.0,55.598,22.99
21254,107,S3,159.0,55.095,22.99
21255,107,S3,162.0,54.753,22.99
21256,107,S3,165.0,54.422,22.99
21257,107,S3,168.0,53.949,22.99
21258,107,S3,171.0,53.618,22.99
21259,107,S3,174.0,53.204,22.99
21260,107,S3,177.0,52.884,22.99
21261,107,S3,180.0,52.473,22.99
21262,107,S3,183.0,52.190,22.99
21263,107,S3,186.0,51.778,22.99
21264,107,S3,189.0,51.353,22.99
21265,107,S3,192.0,51.035,22.99
21266,107,S3,195.0,50.743,22.99
21267,107,S3,198.0,50.339,22.99
21268,107,S3,201.0,50.054,22.99
21269,107,S3,204.0,49.639,22.99
21270,107,S3,207.0,49.409,22.99
21271,107,S3,210.0,48.929,22.99
21272,107,S3,213.0,48.593,22.99
21273,107,S3,216.0,48.379,22.99
21274,107,S3,219.0,48.087,22.99
21275,107,S3,222.0,47.828,22.99
21276,107,S3,225.0,47.422,22.99
21277,107,S3,228.0,47.093,22.99
21278,107,S3,231.0,46.859,22.99
21279,107,S3,234.0,46.525,22.99
21280,107,S3,237.0,46.264,22.99
21281,107,S3,240.0,45.879,22.99
21282,107,S3,243.0,45.629,22.99
21283,107,S3,246.0,45.318,22.99
21284,107,S3,249.0,44.982,22.99
21285,107,S3,252.0,44.859,22.99
21286,107,S3,255.0,44.464,22.99
21287,107,S3,258.0,44.290,22.99
21288,107,S3,261.0,44.050,22.99
21289,107,S3,264.0,43.802,22.99
21290,107,S3,267.0,43.457,22.99
21291,107,S3,270.0,43.264,22.99
21292,107,S3,273.0,42.897,22.99
21293,107,S3,276.0,42.771,22.99
21294,107,S3,279.0,42.459,22.99
21295,107,S3,282.0,42.274,22.99
21296,107,S3,285.0,42.035,22.99
21297,107,S3,288.0,41.779,22.99
21298,107,S3,291.0,41.605,22.99
21299,107,S3,294.0,41.368,22.99
21300,107,S3,297.0,41.148,22.99
21301,107,S3,300.0,40.965,22.99
21302,107,S3,303.0,40.631,22.99
21303,107,S3,306.0,40.429,22.99
21304,107,S3,309.0,40.102,22.99
21305,107,S3,312.0,40.041,22.99
21306,107,S3,315.0,39.716,22.99
21307,107,S3,318.0,39.529,22.99
21308,107,S3,321.0,39.410,22.99
21309,107,S3,324.0,39.229,22.99
21310,107,S3,327.0,38.978,22.99
21311,107,S3,330.0,38.773,22.99
21312,107,S3,333.0,38.524,22.99
21313,107,S3,336.0,38.399,22.99
21314,107,S3,339.0,38.246,22.99
21315,107,S3,342.0,37.983,22.99
21316,107,S3,345.0,37.807,22.99
21317,107,S3,348.0,37.578,22.99
21318,107,S3,351.0,37.504,22.99
21319,107,S3,354.0,37.230,22.99
21320,107,S3,357.0,37.150,22.99
21321,107,S3,360.0,36.899,22.99
21322,107,S3,363.0,36.734,22.99
21323,107,S3,366.0,36.565,22.99
21324,107,S3,369.0,36.399,22.99
21325,107,S3,372.0,36.259,22.99
21326,107,S3,375.0,35.982,22.99
21327,107,S3,378.0,35.877,22.99
21328,107,S3,381.0,35.777,22.99
21329,107,S3,384.0,35.599,22.99
21330,107,S3,387.0,35.362,22.99
21331,107,S3,390.0,35.267,22.99
21332,107,S3,393.0,35.090,22.99
21333,107,S3,396.0,34.869,22.99
21334,107,S3,399.0,34.799,22.99
21335,107,S3,402.0,34.679,22.99
21336,107,S3,405.0,34.557,22.99
21337,107,S3,408.0,34.371,22.99
21338,107,S3,411.0,34.261,22.99
21339,107,S3,414.0,34.121,22.99
21340,107,S3,417.0,33.967,22.99
21341,107,S3,420.0,33.854,22.99
21342,107,S3,423.0,33.719,22.99
21343,107,S3,426.0,33.454,22.99
21344,107,S3,429.0,33.489,22.99
21345,107,S3,432.0,33.167,22.99
21346,107,S3,435.0,33.237,22.99
21347,107,S3,438.0,33.038,22.99
21348,107,S3,441.0,32.899,22.99
21349,107,S3,444.0,32.741,22.99
21350,107,S3,447.0,32.616,22.99
21351,107,S3,450.0,32.485,22.99
21352,107,S3,453.0,32.430,22.99
21353,107,S3,456.0,32.175,22.99
21354,107,S3,459.0,32.226,22.99
21355,107,S3,462.0,32.067,22.99
21356,107,S3,465.0,32.012,22.99
21357,107,S3,468.0,31.813,22.99
21358,107,S3,471.0,31.709,22.99
21359,107,S3,474.0,31.571,22.99
21360,107,S3,477.0,31.513,22.99
21361,107,S3,480.0,31.418,22.99
21362,107,S3,483.0,31.345,22.99
21363,107,S3,486.0,31.132,22.99
21364,107,S3,489.0,31.036,22.99
21365,107,S3,492.0,31.025,22.99
21366,107,S3,495.0,30.801,22.99
21367,107,S3,498.0,30.761,22.99
21368,107,S3,501.0,30.775,22.99
21369,107,S3,504.0,30.587,22.99
21370,107,S3,507.0,30.589,22.99
21371,107,S3,510.0,30.435,22.99
21372,107,S3,513.0,30.332,22.99
21373,107,S3,516.0,30.237,22.99
21374,107,S3,519.0,30.180,22.99
21375,107,S3,522.0,29.961,22.99
21376,107,S3,525.0,30.021,22.99
21377,107,S3,528.0,29.890,22.99
21378,107,S3,531.0,29.787,22.99
21379,107,S3,534.0,29.718,22.99
21380,107,S3,537.0,29.614,22.99
21381,107,S3,540.0,29.509,22.99
21382,107,S3,543.0,29.500,22.99
21383,107,S3,546.0,29.464,22.99
21384,107,S3,549.0,29.384,22.99
21385,107,S3,552.0,29.169,22.99
21386,107,S3,555.0,29.216,22.99
21387,107,S3,558.0,29.157,22.99
21388,107,S3,561.0,29.039,22.99
21389,107,S3,564.0,28.911,22.99
21390,107,S3,567.0,28.803,22.99
21391,107,S3,570.0,28.815,22.99
21392,107,S3,573.0,28.636,22.99
21393,107,S3,576.0,28.680,22.99
21394,107,S3,579.0,28.639,22.99
21395,107,S3,582.0,28.503,22.99
21396,107,S3,585.0,28.467,22.99
21397,107,S3,588.0,28.370,22.99
21398,107,S3,591.0,28.283,22.99
21399,107,S3,594.0,28.325,22.99
21400,107,S3,597.0,28.100,22.99
21401,108,S4,0.0,90.361,21.12
21402,108,S4,3.0,89.371,21.12
21403,108,S4,6.0,88.363,21.12
21404,108,S4,9.0,87.432,21.12
21405,108,S4,12.0,86.464,21.12
21406,108,S4,15.0,85.443,21.12
21407,108,S4,18.0,84.416,21.12
21408,108,S4,21.0,83.516,21.12
21409,108,S4,24.0,82.533,21.12
21410,108,S4,27.0,81.675,21.12
21411,108,S4,30.0,80.748,21.12
21412,108,S4,33.0,79.897,21.12
21413,108,S4,36.0,78.879,21.12
21414,108,S4,39.0,78.178,21.12
21415,108,S4,42.0,77.320,21.12
21416,108,S4,45.0,76.519,21.12
21417,108,S4,48.0,75.567,21.12
21418,108,S4,51.0,74.852,21.12
21419,108,S4,54.0,73.945,21.12
21420,108,S4,57.0,73.207,21.12
21421,108,S4,60.0,72.457,21.12
21422,108,S4,63.0,71.687,21.12
21423,108,S4,66.0,70.860,21.12
21424,108,S4,69.0,70.245,21.12
21425,108,S4,72.0,69.449,21.12
21426,108,S4,75.0,68.713,21.12
21427,108,S4,78.0,68.034,21.12
21428,108,S4,81.0,67.310,21.12
21429,108,S4,84.0,66.566,21.12
21430,108,S4,87.0,65.838,21.12
21431,108,S4,90.0,65.239,21.12
21432,108,S4,93.0,64.551,21.12
21433,108,S4,96.0,64.010,21.12
21434,108,S4,99.0,63.322,21.12
21435,108,S4,102.0,62.635,21.12
21436,108,S4,105.0,62.000,21.12
21437,108,S4,108.0,61.586,21.12
21438,108,S4,111.0,60.865,21.12
21439,108,S4,114.0,60.345,21.12
21440,108,S4,117.0,59.717,21.12
21441,108,S4,120.0,59.183,21.12
21442,108,S4,123.0,58.613,21.12
21443,108,S4,126.0,57.919,21.12
21444,108,S4,129.0,57.448,21.12
21445,108,S4,132.0,56.967,21.12
21446,108,S4,135.0,56.367,21.12
21447,108,S4,138.0,55.747,21.12
21448,108,S4,141.0,55.383,21.12
21449,108,S4,144.0,54.794,21.12
21450,108,S4,147.0,54.266,21.12
21451,108,S4,150.0,53.939,21.12
21452,108,S4,153.0,53.437,21.12
21453,108,S4,156.0,52.822,21.12
21454,108,S4,159.0,52.401,21.12
21455,108,S4,162.0,51.923,21.12
21456,108,S4,165.0,51.450,21.12
21457,108,S4,168.0,51.117,21.12
21458,108,S4,171.0,50.607,21.12
21459,108,S4,174.0,50.175,21.12
21460,108,S4,177.0,49.816,21.12
21461,108,S4,180.0,49.263,21.12
21462,108,S4,183.0,48.851,21.12
21463,108,S4,186.0,48.437,21.12
21464,108,S4,189.0,48.012,21.12
21465,108,S4,192.0,47.594,21.12
21466,108,S4,195.0,47.228,21.12
21467,108,S4,198.0,46.807,21.12
21468,108,S4,201.0,46.508,21.12
21469,108,S4,204.0,46.134,21.12
21470,108,S4,207.0,45.706,21.12
21471,108,S4,210.0,45.321,21.12
21472,108,S4,213.0,45.036,21.12
21473,108,S4,216.0,44.709,21.12
21474,108,S4,219.0,44.290,21.12
21475,108,S4,222.0,43.856,21.12
21476,108,S4,225.0,43.654,21.12
21477,108,S4,228.0,43.298,21.12
21478,108,S4,231.0,42.997,21.12
21479,108,S4,234.0,42.714,21.12
21480,108,S4,237.0,42.312,21.12
21481,108,S4,240.0,42.013,21.12
21482,108,S4,243.0,41.584,21.12
21483,108,S4,246.0,41.417,21.12
21484,108,S4,249.0,41.131,21.12
21485,108,S4,252.0,40.891,21.12
21486,108,S4,255.0,40.449,21.12
21487,108,S4,258.0,40.111,21.12
21488,108,S4,261.0,39.941,21.12
21489,108,S4,264.0,39.648,21.12
21490,108,S4,267.0,39.404,21.12
21491,108,S4,270.0,39.047,21.12
21492,108,S4,273.0,38.876,21.12
21493,108,S4,276.0,38.561,21.12
21494,108,S4,279.0,38.336,21.12
21495,108,S4,282.0,37.940,21.12
21496,108,S4,285.0,37.749,21.12
21497,108,S4,288.0,37.511,21.12
21498,108,S4,291.0,37.349,21.12
21499,108,S4,294.0,36.972,21.12
21500,108,S4,297.0,36.662,21.12
21501,108,S4,300.0,36.573,21.12
21502,108,S4,303.0,36.305,21.12
21503,108,S4,306.0,36.166,21.12
21504,108,S4,309.0,35.910,21.12
21505,108,S4,312.0,35.676,21.12
21506,108,S4,315.0,35.505,21.12
21507,108,S4,318.0,35.262,21.12
21508,108,S4,321.0,34.946,21.12
21509,108,S4,324.0,34.828,21.12
21510,108,S4,327.0,34.739,21.12
21511,108,S4,330.0,34.461,21.12
21512,108,S4,333.0,34.205,21.12
21513,108,S4,336.0,34.007,21.12
21514,108,S4,339.0,33.968,21.12
21515,108,S4,342.0,33.586,21.12
21516,108,S4,345.0,33.379,21.12
21517,108,S4,348.0,33.285,21.12
21518,108,S4,351.0,33.150,21.12
21519,108,S4,354.0,32.981,21.12
21520,108,S4,357.0,32.755,21.12
21521,108,S4,360.0,32.585,21.12
21522,108,S4,363.0,32.366,21.12
21523,108,S4,366.0,32.245,21.12
21524,108,S4,369.0,32.118,21.12
21525,108,S4,372.0,31.918,21.12
21526,108,S4,375.0,31.777,21.12
21527,108,S4,378.0,31.568,21.12
21528,108,S4,381.0,31.414,21.12
21529,108,S4,384.0,31.259,21.12
21530,108,S4,387.0,31.056,21.12
21531,108,S4,390.0,30.971,21.12
21532,108,S4,393.0,30.802,21.12
21533,108,S4,396.0,30.757,21.12
21534,108,S4,399.0,30.536,21.12
21535,108,S4,402.0,30.450,21.12
21536,108,S4,405.0,30.270,21.12
21537,108,S4,408.0,30.145,21.12
21538,108,S4,411.0,30.050,21.12
21539,108,S4,414.0,29.855,21.12
21540,108,S4,417.0,29.747,21.12
21541,108,S4,420.0,29.697,21.12
21542,108,S4,423.0,29.601,21.12
21543,108,S4,426.0,29.258,21.12
21544,108,S4,429.0,29.253,21.12
21545,108,S4,432.0,29.106,21.12
21546,108,S4,435.0,28.947,21.12
21547,108,S4,438.0,28.836,21.12
21548,108,S4,441.0,28.732,21.12
21549,108,S4,444.0,28.672,21.12
21550,108,S4,447.0,28.575,21.12
21551,108,S4,450.0,28.456,21.12
21552,108,S4,453.0,28.349,21.12
21553,108,S4,456.0,28.217,21.12
21554,108,S4,459.0,28.003,21.12
21555,108,S4,462.0,28.003,21.12
21556,108,S4,465.0,27.862,21.12
21557,108,S4,468.0,27.824,21.12
21558,108,S4,471.0,27.667,21.12
21559,108,S4,474.0,27.603,21.12
21560,108,S4,477.0,27.540,21.12
21561,108,S4,480.0,27.524,21.12
21562,108,S4,483.0,27.427,21.12
21563,108,S4,486.0,27.184,21.12
21564,108,S4,489.0,27.092,21.12
21565,108,S4,492.0,27.132,21.12
21566,108,S4,495.0,26.984,21.12
21567,108,S4,498.0,26.856,21.12
21568,108,S4,501.0,26.755,21.12
21569,108,S4,504.0,26.712,21.12
21570,108,S4,507.0,26.628,21.12
21571,108,S4,510.0,26.530,21.12
21572,108,S4,513.0,26.495,21.12
21573,108,S4,516.0,26.429,21.12
21574,108,S4,519.0,26.350,21.12
21575,108,S4,522.0,26.150,21.12
21576,108,S4,525.0,26.184,21.12
21577,108,S4,528.0,26.114,21.12
21578,108,S4,531.0,25.968,21.12
21579,108,S4,534.0,25.947,21.12
21580,108,S4,537.0,25.908,21.12
21581,108,S4,540.0,25.817,21.12
21582,108,S4,543.0,25.750,21.12
21583,108,S4,546.0,25.725,21.12
21584,108,S4,549.0,25.508,21.12
21585,108,S4,552.0,25.492,21.12
21586,108,S4,555.0,25.495,21.12
21587,108,S4,558.0,25.297,21.12
21588,108,S4,561.0,25.331,21.12
21589,108,S4,564.0,25.223,21.12
21590,108,S4,567.0,25.130,21.12
21591,108,S4,570.0,25.190,21.12
21592,108,S4,573.0,25.152,21.12
21593,108,S4,576.0,24.970,21.12
21594,108,S4,579.0,24.908,21.12
21595,108,S4,582.0,24.869,21.12
21596,108,S4,585.0,24.800,21.12
21597,108,S4,588.0,24.777,21.12
21598,108,S4,591.0,24.784,21.12
21599,108,S4,594.0,24.711,21.12
21600,108,S4,597.0,24.655,21.12
21601,109,S1,0.0,71.179,21.80
21602,109,S1,3.0,70.169,21.80
21603,109,S1,6.0,69.214,21.80
21604,109,S1,9.0,68.251,21.80
21605,109,S1,12.0,67.292,21.80
21606,109,S1,15.0,66.409,21.80
21607,109,S1,18.0,65.516,21.80
21608,109,S1,21.0,64.657,21.80
21609,109,S1,24.0,63.794,21.80
21610,109,S1,27.0,62.956,21.80
21611,109,S1,30.0,62.098,21.80
21612,109,S1,33.0,61.338,21.80
21613,109,S1,36.0,60.640,21.80
21614,109,S1,39.0,59.742,21.80
21615,109,S1,42.0,59.007,21.80
21616,109,S1,45.0,58.297,21.80
21617,109,S1,48.0,57.399,21.80
21618,109,S1,51.0,56.764,21.80
21619,109,S1,54.0,56.063,21.80
21620,109,S1,57.0,55.407,21.80
21621,109,S1,60.0,54.730,21.80
21622,109,S1,63.0,54.050,21.80
21623,109,S1,66.0,53.441,21.80
21624,109,S1,69.0,52.816,21.80
21625,109,S1,72.0,52.127,21.80
21626,109,S1,75.0,51.587,21.80
21627,109,S1,78.0,50.906,21.80
21628,109,S1,81.0,50.334,21.80
21629,109,S1,84.0,49.821,21.80
21630,109,S1,87.0,49.267,21.80
21631,109,S1,90.0,48.667,21.80
21632,109,S1,93.0,48.169,21.80
21633,109,S1,96.0,47.608,21.80
21634,109,S1,99.0,47.168,21.80
21635,109,S1,102.0,46.547,21.80
21636,109,S1,105.0,46.184,21.80
21637,109,S1,108.0,45.627,21.80
21638,109,S1,111.0,45.138,21.80
21639,109,S1,114.0,44.697,21.80
21640,109,S1,117.0,44.196,21.80
21641,109,S1,120.0,43.844,21.80
21642,109,S1,123.0,43.287,21.80
21643,109,S1,126.0,42.886,21.80
21644,109,S1,129.0,42.433,21.80
21645,109,S1,132.0,42.055,21.80
21646,109,S1,135.0,41.635,21.80
21647,109,S1,138.0,41.219,21.80
21648,109,S1,141.0,40.871,21.80
21649,109,S1,144.0,40.590,21.80
21650,109,S1,147.0,40.019,21.80
21651,109,S1,150.0,39.727,21.80
21652,109,S1,153.0,39.288,21.80
21653,109,S1,156.0,39.033,21.80
21654,109,S1,159.0,38.679,21.80
21655,109,S1,162.0,38.420,21.80
21656,109,S1,165.0,38.086,21.80
21657,109,S1,168.0,37.624,21.80
21658,109,S1,171.0,37.291,21.80
21659,109,S1,174.0,37.113,21.80
21660,109,S1,177.0,36.638,21.80
21661,109,S1,180.0,36.399,21.80
21662,109,S1,183.0,36.092,21.80
21663,109,S1,186.0,35.858,21.80
21664,109,S1,189.0,35.590,21.80
21665,109,S1,192.0,35.315,21.80
21666,109,S1,195.0,35.049,21.80
21667,109,S1,198.0,34.813,21.80
21668,109,S1,201.0,34.449,21.80
21669,109,S1,204.0,34.248,21.80
21670,109,S1,207.0,33.967,21.80
21671,109,S1,210.0,33.689,21.80
21672,109,S1,213.0,33.649,21.80
21673,109,S1,216.0,33.311,21.80
21674,109,S1,219.0,33.094,21.80
21675,109,S1,222.0,32.825,21.80
21676,109,S1,225.0,32.619,21.80
21677,109,S1,228.0,32.343,21.80
21678,109,S1,231.0,32.290,21.80
21679,109,S1,234.0,32.075,21.80
21680,109,S1,237.0,31.789,21.80
21681,109,S1,240.0,31.583,21.80
21682,109,S1,243.0,31.370,21.80
21683,109,S1,246.0,31.237,21.80
21684,109,S1,249.0,31.027,21.80
21685,109,S1,252.0,30.846,21.80
21686,109,S1,255.0,30.587,21.80
21687,109,S1,258.0,30.420,21.80
21688,109,S1,261.0,30.289,21.80
21689,109,S1,264.0,30.062,21.80
21690,109,S1,267.0,29.967,21.80
21691,109,S1,270.0,29.827,21.80
21692,109,S1,273.0,29.628,21.80
21693,109,S1,276.0,29.450,21.80
21694,109,S1,279.0,29.341,21.80
21695,109,S1,282.0,29.157,21.80
21696,109,S1,285.0,28.987,21.80
21697,109,S1,288.0,28.805,21.80
21698,109,S1,291.0,28.743,21.80
21699,109,S1,294.0,28.651,21.80
21700,109,S1,297.0,28.381,21.80
21701,109,S1,300.0,28.371,21.80
21702,109,S1,303.0,28.164,21.80
21703,109,S1,306.0,28.046,21.80
21704,109,S1,309.0,27.942,21.80
21705,109,S1,312.0,27.748,21.80
21706,109,S1,315.0,27.636,21.80
21707,109,S1,318.0,27.567,21.80
21708,109,S1,321.0,27.414,21.80
21709,109,S1,324.0,27.341,21.80
21710,109,S1,327.0,27.166,21.80
21711,109,S1,330.0,27.130,21.80
21712,109,S1,333.0,26.944,21.80
21713,109,S1,336.0,26.984,21.80
21714,109,S1,339.0,26.782,21.80
21715,109,S1,342.0,26.676,21.80
21716,109,S1,345.0,26.607,21.80
21717,109,S1,348.0,26.487,21.80
21718,109,S1,351.0,26.391,21.80
21719,109,S1,354.0,26.311,21.80
21720,109,S1,357.0,26.226,21.80
21721,109,S1,360.0,26.194,21.80
21722,109,S1,363.0,26.062,21.80
21723,109,S1,366.0,25.944,21.80
21724,109,S1,369.0,25.919,21.80
21725,109,S1,372.0,25.786,21.80
21726,109,S1,375.0,25.791,21.80
21727,109,S1,378.0,25.663,21.80
21728,109,S1,381.0,25.564,21.80
21729,109,S1,384.0,25.531,21.80
21730,109,S1,387.0,25.517,21.80
21731,109,S1,390.0,25.437,21.80
21732,109,S1,393.0,25.271,21.80
21733,109,S1,396.0,25.242,21.80
21734,109,S1,399.0,25.188,21.80
21735,109,S1,402.0,24.996,21.80
21736,109,S1,405.0,25.098,21.80
21737,109,S1,408.0,24.942,21.80
21738,109,S1,411.0,24.918,21.80
21739,109,S1,414.0,24.873,21.80
21740,109,S1,417.0,24.825,21.80
21741,109,S1,420.0,24.713,21.80
21742,109,S1,423.0,24.643,21.80
21743,109,S1,426.0,24.654,21.80
21744,109,S1,429.0,24.527,21.80
21745,109,S1,432.0,24.281,21.80
21746,109,S1,435.0,24.427,21.80
21747,109,S1,438.0,24.372,21.80
21748,109,S1,441.0,24.351,21.80
21749,109,S1,444.0,24.238,21.80
21750,109,S1,447.0,24.275,21.80
21751,109,S1,450.0,24.166,21.80
21752,109,S1,453.0,24.129,21.80
21753,109,S1,456.0,24.086,21.80
21754,109,S1,459.0,23.920,21.80
21755,109,S1,462.0,24.004,21.80
21756,109,S1,465.0,24.015,21.80
21757,109,S1,468.0,23.935,21.80
21758,109,S1,471.0,23.817,21.80
21759,109,S1,474.0,23.881,21.80
21760,109,S1,477.0,23.778,21.80
21761,109,S1,480.0,23.718,21.80
21762,109,S1,483.0,23.728,21.80
21763,109,S1,486.0,23.598,21.80
21764,109,S1,489.0,23.591,21.80
21765,109,S1,492.0,23.583,21.80
21766,109,S1,495.0,23.566,21.80
21767,109,S1,498.0,23.581,21.80
21768,109,S1,501.0,23.565,21.80
21769,109,S1,504.0,23.417,21.80
21770,109,S1,507.0,23.457,21.80
21771,109,S1,510.0,23.444,21.80
21772,109,S1,513.0,23.378,21.80
21773,109,S1,516.0,23.343,21.80
21774,109,S1,519.0,23.266,21.80
21775,109,S1,522.0,23.200,21.80
21776,109,S1,525.0,23.257,21.80
21777,109,S1,528.0,23.289,21.80
21778,109,S1,531.0,23.098,21.80
21779,109,S1,534.0,23.131,21.80
21780,109,S1,537.0,23.072,21.80
21781,109,S1,540.0,23.137,21.80
21782,109,S1,543.0,23.059,21.80
21783,109,S1,546.0,23.011,21.80
21784,109,S1,549.0,22.960,21.80
21785,109,S1,552.0,22.927,21.80
21786,109,S1,555.0,23.010,21.80
21787,109,S1,558.0,22.934,21.80
21788,109,S1,561.0,22.946,21.80
21789,109,S1,564.0,22.927,21.80
21790,109,S1,567.0,22.902,21.80
21791,109,S1,570.0,22.770,21.80
21792,109,S1,573.0,22.864,21.80
21793,109,S1,576.0,22.892,21.80
21794,109,S1,579.0,22.776,21.80
21795,109,S1,582.0,22.762,21.80
21796,109,S1,585.0,22.803,21.80
21797,109,S1,588.0,22.751,21.80
21798,109,S1,591.0,22.766,21.80
21799,109,S1,594.0,22.673,21.80
21800,109,S1,597.0,22.698,21.80
21801,110,S2,0.0,91.864,21.84
21802,110,S2,3.0,90.239,21.84
21803,110,S2,6.0,88.618,21.84
21804,110,S2,9.0,86.932,21.84
21805,110,S2,12.0,85.446,21.84
21806,110,S2,15.0,83.940,21.84
21807,110,S2,18.0,82.533,21.84
21808,110,S2,21.0,80.885,21.84
21809,110,S2,24.0,79.538,21.84
21810,110,S2,27.0,78.246,21.84
21811,110,S2,30.0,76.854,21.84
21812,110,S2,33.0,75.498,21.84
21813,110,S2,36.0,74.232,21.84
21814,110,S2,39.0,72.984,21.84
21815,110,S2,42.0,71.901,21.84
21816,110,S2,45.0,70.556,21.84
21817,110,S2,48.0,69.446,21.84
21818,110,S2,51.0,68.328,21.84
21819,110,S2,54.0,67.262,21.84
21820,110,S2,57.0,66.161,21.84
21821,110,S2,60.0,65.140,21.84
21822,110,S2,63.0,64.012,21.84
21823,110,S2,66.0,62.966,21.84
21824,110,S2,69.0,62.001,21.84
21825,110,S2,72.0,61.062,21.84
21826,110,S2,75.0,60.173,21.84
21827,110,S2,78.0,59.273,21.84
21828,110,S2,81.0,58.380,21.84
21829,110,S2,84.0,57.520,21.84
21830,110,S2,87.0,56.646,21.84
21831,110,S2,90.0,55.745,21.84
21832,110,S2,93.0,54.908,21.84
21833,110,S2,96.0,54.205,21.84
21834,110,S2,99.0,53.385,21.84
21835,110,S2,102.0,52.700,21.84
21836,110,S2,105.0,51.938,21.84
21837,110,S2,108.0,51.178,21.84
21838,110,S2,111.0,50.476,21.84
21839,110,S2,114.0,49.914,21.84
21840,110,S2,117.0,49.217,21.84
21841,110,S2,120.0,48.557,21.84
21842,110,S2,123.0,47.840,21.84
21843,110,S2,126.0,47.337,21.84
21844,110,S2,129.0,46.657,21.84
21845,110,S2,132.0,46.050,21.84
21846,110,S2,135.0,45.458,21.84
21847,110,S2,138.0,44.900,21.84
21848,110,S2,141.0,44.368,21.84
21849,110,S2,144.0,43.910,21.84
21850,110,S2,147.0,43.378,21.84
21851,110,S2,150.0,42.841,21.84
21852,110,S2,153.0,42.325,21.84
21853,110,S2,156.0,41.841,21.84
21854,110,S2,159.0,41.423,21.84
21855,110,S2,162.0,40.827,21.84
21856,110,S2,165.0,40.429,21.84
21857,110,S2,168.0,39.936,21.84
21858,110,S2,171.0,39.616,21.84
21859,110,S2,174.0,39.098,21.84
21860,110,S2,177.0,38.766,21.84
21861,110,S2,180.0,38.251,21.84
21862,110,S2,183.0,37.920,21.84
21863,110,S2,186.0,37.548,21.84
21864,110,S2,189.0,37.092,21.84
21865,110,S2,192.0,36.813,21.84
21866,110,S2,195.0,36.415,21.84
21867,110,S2,198.0,36.156,21.84
21868,110,S2,201.0,35.701,21.84
21869,110,S2,204.0,35.335,21.84
21870,110,S2,207.0,35.021,21.84
21871,110,S2,210.0,34.685,21.84
21872,110,S2,213.0,34.550,21.84
21873,110,S2,216.0,34.066,21.84
21874,110,S2,219.0,33.808,21.84
21875,110,S2,222.0,33.581,21.84
21876,110,S2,225.0,33.258,21.84
21877,110,S2,228.0,32.987,21.84
21878,110,S2,231.0,32.784,21.84
21879,110,S2,234.0,32.610,21.84
21880,110,S2,237.0,32.253,21.84
21881,110,S2,240.0,32.011,21.84
21882,110,S2,243.0,31.698,21.84
21883,110,S2,246.0,31.572,21.84
21884,110,S2,249.0,31.286,21.84
21885,110,S2,252.0,31.117,21.84
21886,110,S2,255.0,30.854,21.84
21887,110,S2,258.0,30.673,21.84
21888,110,S2,261.0,30.393,21.84
21889,110,S2,264.0,30.191,21.84
21890,110,S2,267.0,29.967,21.84
21891,110,S2,270.0,29.856,21.84
21892,110,S2,273.0,29.675,21.84
21893,110,S2,276.0,29.475,21.84
21894,110,S2,279.0,29.254,21.84
21895,110,S2,282.0,29.080,21.84
21896,110,S2,285.0,28.860,21.84
21897,110,S2,288.0,28.834,21.84
21898,110,S2,291.0,28.536,21.84
21899,110,S2,294.0,28.499,21.84
21900,110,S2,297.0,28.248,21.84
21901,110,S2,300.0,28.049,21.84
21902,110,S2,303.0,27.989,21.84
21903,110,S2,306.0,27.808,21.84
21904,110,S2,309.0,27.664,21.84
21905,110,S2,312.0,27.549,21.84
21906,110,S2,315.0,27.421,21.84
21907,110,S2,318.0,27.310,21.84
21908,110,S2,321.0,27.118,21.84
21909,110,S2,324.0,26.997,21.84
21910,110,S2,327.0,26.898,21.84
21911,110,S2,330.0,26.708,21.84
21912,110,S2,333.0,26.691,21.84
21913,110,S2,336.0,26.551,21.84
21914,110,S2,339.0,26.401,21.84
21915,110,S2,342.0,26.374,21.84
21916,110,S2,345.0,26.243,21.84
21917,110,S2,348.0,26.165,21.84
21918,110,S2,351.0,25.944,21.84
21919,110,S2,354.0,25.865,21.84
21920,110,S2,357.0,25.793,21.84
21921,110,S2,360.0,25.754,21.84
21922,110,S2,363.0,25.589,21.84
21923,110,S2,366.0,25.630,21.84
21924,110,S2,369.0,25.435,21.84
21925,110,S2,372.0,25.326,21.84
21926,110,S2,375.0,25.219,21.84
21927,110,S2,378.0,25.217,21.84
21928,110,S2,381.0,25.114,21.84
21929,110,S2,384.0,25.129,21.84
21930,110,S2,387.0,24.931,21.84
21931,110,S2,390.0,24.834,21.84
21932,110,S2,393.0,24.847,21.84
21933,110,S2,396.0,24.678,21.84
21934,110,S2,399.0,24.673,21.84
21935,110,S2,402.0,24.620,21.84
21936,110,S2,405.0,24.487,21.84
21937,110,S2,408.0,24.532,21.84
21938,110,S2,411.0,24.313,21.84
21939,110,S2,414.0,24.419,21.84
21940,110,S2,417.0,24.306,21.84
21941,110,S2,420.0,24.208,21.84
21942,110,S2,423.0,24.180,21.84
21943,110,S2,426.0,24.215,21.84
21944,110,S2,429.0,24.057,21.84
21945,110,S2,432.0,24.054,21.84
21946,110,S2,435.0,23.968,21.84
21947,110,S2,438.0,23.906,21.84
21948,110,S2,441.0,23.900,21.84
21949,110,S2,444.0,23.898,21.84
21950,110,S2,447.0,23.759,21.84
21951,110,S2,450.0,23.806,21.84
21952,110,S2,453.0,23.645,21.84
21953,110,S2,456.0,23.643,21.84
21954,110,S2,459.0,23.555,21.84
21955,110,S2,462.0,23.566,21.84
21956,110,S2,465.0,23.555,21.84
21957,110,S2,468.0,23.548,21.84
21958,110,S2,471.0,23.443,21.84
21959,110,S2,474.0,23.387,21.84
21960,110,S2,477.0,23.354,21.84
21961,110,S2,480.0,23.245,21.84
21962,110,S2,483.0,23.285,21.84
21963,110,S2,486.0,23.302,21.84
21964,110,S2,489.0,23.152,21.84
21965,110,S2,492.0,23.160,21.84
21966,110,S2,495.0,23.206,21.84
21967,110,S2,498.0,23.200,21.84
21968,110,S2,501.0,23.104,21.84
21969,110,S2,504.0,23.081,21.84
21970,110,S2,507.0,23.033,21.84
21971,110,S2,510.0,22.946,21.84
21972,110,S2,513.0,23.034,21.84
21973,110,S2,516.0,22.962,21.84
21974,110,S2,519.0,22.859,21.84
21975,110,S2,522.0,22.865,21.84
21976,110,S2,525.0,22.928,21.84
21977,110,S2,528.0,22.829,21.84
21978,110,S2,531.0,22.892,21.84
21979,110,S2,534.0,22.825,21.84
21980,110,S2,537.0,22.725,21.84
21981,110,S2,540.0,22.821,21.84
21982,110,S2,543.0,22.809,21.84
21983,110,S2,546.0,22.620,21.84
21984,110,S2,549.0,22.692,21.84
21985,110,S2,552.0,22.650,21.84
21986,110,S2,555.0,22.579,21.84
21987,110,S2,558.0,22.573,21.84
21988,110,S2,561.0,22.568,21.84
21989,110,S2,564.0,22.638,21.84
21990,110,S2,567.0,22.507,21.84
21991,110,S2,570.0,22.508,21.84
21992,110,S2,573.0,22.499,21.84
21993,110,S2,576.0,22.447,21.84
21994,110,S2,579.0,22.433,21.84
21995,110,S2,582.0,22.547,21.84
21996,110,S2,585.0,22.449,21.84
21997,110,S2,588.0,22.404,21.84
21998,110,S2,591.0,22.449,21.84
21999,110,S2,594.0,22.383,21.84
22000,110,S2,597.0,22.503,21.84
22001,111,S3,0.0,94.374,22.23
22002,111,S3,3.0,93.096,22.23
22003,111,S3,6.0,91.680,22.23
22004,111,S3,9.0,90.264,22.23
22005,111,S3,12.0,88.861,22.23
22006,111,S3,15.0,87.557,22.23
22007,111,S3,18.0,86.179,22.23
22008,111,S3,21.0,85.041,22.23
22009,111,S3,24.0,83.828,22.23
22010,111,S3,27.0,82.473,22.23
22011,111,S3,30.0,81.349,22.23
22012,111,S3,33.0,80.137,22.23
22013,111,S3,36.0,79.050,22.23
22014,111,S3,39.0,77.872,22.23
22015,111,S3,42.0,76.801,22.23
22016,111,S3,45.0,75.689,22.23
22017,111,S3,48.0,74.688,22.23
22018,111,S3,51.0,73.619,22.23
22019,111,S3,54.0,72.520,22.23
22020,111,S3,57.0,71.553,22.23
22021,111,S3,60.0,70.548,22.23
22022,111,S3,63.0,69.610,22.23
22023,111,S3,66.0,68.682,22.23
22024,111,S3,69.0,67.747,22.23
22025,111,S3,72.0,66.839,22.23
22026,111,S3,75.0,66.043,22.23
22027,111,S3,78.0,65.053,22.23
22028,111,S3,81.0,64.184,22.23
22029,111,S3,84.0,63.390,22.23
22030,111,S3,87.0,62.606,22.23
22031,111,S3,90.0,61.811,22.23
22032,111,S3,93.0,60.982,22.23
22033,111,S3,96.0,60.205,22.23
22034,111,S3,99.0,59.513,22.23
22035,111,S3,102.0,58.758,22.23
22036,111,S3,105.0,57.995,22.23
22037,111,S3,108.0,57.362,22.23
22038,111,S3,111.0,56.564,22.23
22039,111,S3,114.0,55.951,22.23
22040,111,S3,117.0,55.346,22.23
22041,111,S3,120.0,54.594,22.23
22042,111,S3,123.0,54.018,22.23
22043,111,S3,126.0,53.385,22.23
22044,111,S3,129.0,52.716,22.23
22045,111,S3,132.0,52.137,22.23
22046,111,S3,135.0,51.622,22.23
22047,111,S3,138.0,50.893,22.23
22048,111,S3,141.0,50.435,22.23
22049,111,S3,144.0,49.801,22.23
22050,111,S3,147.0,49.251,22.23
22051,111,S3,150.0,48.795,22.23
22052,111,S3,153.0,48.210,22.23
22053,111,S3,156.0,47.624,22.23
22054,111,S3,159.0,47.194,22.23
22055,111,S3,162.0,46.712,22.23
22056,111,S3,165.0,46.093,22.23
22057,111,S3,168.0,45.756,22.23
22058,111,S3,171.0,45.354,22.23
22059,111,S3,174.0,44.778,22.23
22060,111,S3,177.0,44.333,22.23
22061,111,S3,180.0,43.896,22.23
22062,111,S3,183.0,43.505,22.23
22063,111,S3,186.0,43.031,22.23
22064,111,S3,189.0,42.711,22.23
22065,111,S3,192.0,42.237,22.23
22066,111,S3,195.0,41.843,22.23
22067,111,S3,198.0,41.434,22.23
22068,111,S3,201.0,41.205,22.23
22069,111,S3,204.0,40.688,22.23
22070,111,S3,207.0,40.249,22.23
22071,111,S3,210.0,39.972,22.23
22072,111,S3,213.0,39.559,22.23
22073,111,S3,216.0,39.252,22.23
22074,111,S3,219.0,38.873,22.23
22075,111,S3,222.0,38.576,22.23
22076,111,S3,225.0,38.261,22.23
22077,111,S3,228.0,37.922,22.23
22078,111,S3,231.0,37.591,22.23
22079,111,S3,234.0,37.394,22.23
22080,111,S3,237.0,36.995,22.23
22081,111,S3,240.0,36.804,22.23
22082,111,S3,243.0,36.570,22.23
22083,111,S3,246.0,36.056,22.23
22084,111,S3,249.0,35.815,22.23
22085,111,S3,252.0,35.671,22.23
22086,111,S3,255.0,35.416,22.23
22087,111,S3,258.0,35.021,22.23
22088,111,S3,261.0,35.003,22.23
22089,111,S3,264.0,34.557,22.23
22090,111,S3,267.0,34.322,22.23
22091,111,S3,270.0,34.120,22.23
22092,111,S3,273.0,33.954,22.23
22093,111,S3,276.0,33.611,22.23
22094,111,S3,279.0,33.434,22.23
22095,111,S3,282.0,33.157,22.23
22096,111,S3,285.0,33.016,22.23
22097,111,S3,288.0,32.737,22.23
22098,111,S3,291.0,32.561,22.23
22099,111,S3,294.0,32.373,22.23
22100,111,S3,297.0,32.097,22.23
22101,111,S3,300.0,31.896,22.23
22102,111,S3,303.0,31.781,22.23
22103,111,S3,306.0,31.568,22.23
22104,111,S3,309.0,31.365,22.23
22105,111,S3,312.0,31.199,22.23
22106,111,S3,315.0,31.092,22.23
22107,111,S3,318.0,30.891,22.23
22108,111,S3,321.0,30.670,22.23
22109,111,S3,324.0,30.472,22.23
22110,111,S3,327.0,30.401,22.23
22111,111,S3,330.0,30.161,22.23
22112,111,S3,333.0,30.013,22.23
22113,111,S3,336.0,29.921,22.23
22114,111,S3,339.0,29.741,22.23
22115,111,S3,342.0,29.584,22.23
22116,111,S3,345.0,29.416,22.23
22117,111,S3,348.0,29.236,22.23
22118,111,S3,351.0,29.216,22.23
22119,111,S3,354.0,29.014,22.23
22120,111,S3,357.0,28.899,22.23
22121,111,S3,360.0,28.744,22.23
22122,111,S3,363.0,28.583,22.23
22123,111,S3,366.0,28.474,22.23
22124,111,S3,369.0,28.361,22.23
22125,111,S3,372.0,28.252,22.23
22126,111,S3,375.0,28.110,22.23
22127,111,S3,378.0,28.005,22.23
22128,111,S3,381.0,27.862,22.23
22129,111,S3,384.0,27.724,22.23
22130,111,S3,387.0,27.627,22.23
22131,111,S3,390.0,27.558,22.23
22132,111,S3,393.0,27.445,22.23
22133,111,S3,396.0,27.353,22.23
22134,111,S3,399.0,27.263,22.23
22135,111,S3,402.0,27.206,22.23
22136,111,S3,405.0,27.126,22.23
22137,111,S3,408.0,26.971,22.23
22138,111,S3,411.0,26.839,22.23
22139,111,S3,414.0,26.724,22.23
22140,111,S3,417.0,26.646,22.23
22141,111,S3,420.0,26.552,22.23
22142,111,S3,423.0,26.492,22.23
22143,111,S3,426.0,26.485,22.23
22144,111,S3,429.0,26.309,22.23
22145,111,S3,432.0,26.242,22.23
22146,111,S3,435.0,26.273,22.23
22147,111,S3,438.0,26.038,22.23
22148,111,S3,441.0,26.015,22.23
22149,111,S3,444.0,26.026,22.23
22150,111,S3,447.0,25.817,22.23
22151,111,S3,450.0,25.882,22.23
22152,111,S3,453.0,25.752,22.23
22153,111,S3,456.0,25.674,22.23
22154,111,S3,459.0,25.597,22.23
22155,111,S3,462.0,25.559,22.23
22156,111,S3,465.0,25.427,22.23
22157,111,S3,468.0,25.394,22.23
22158,111,S3,471.0,25.286,22.23
22159,111,S3,474.0,25.272,22.23
22160,111,S3,477.0,25.220,22.23
22161,111,S3,480.0,25.202,22.23
22162,111,S3,483.0,25.163,22.23
22163,111,S3,486.0,25.000,22.23
22164,111,S3,489.0,24.997,22.23
22165,111,S3,492.0,25.031,22.23
22166,111,S3,495.0,24.839,22.23
22167,111,S3,498.0,24.880,22.23
22168,111,S3,501.0,24.644,22.23
22169,111,S3,504.0,24.642,22.23
22170,111,S3,507.0,24.566,22.23
22171,111,S3,510.0,24.542,22.23
22172,111,S3,513.0,24.553,22.23
22173,111,S3,516.0,24.403,22.23
22174,111,S3,519.0,24.541,22.23
22175,111,S3,522.0,24.402,22.23
22176,111,S3,525.0,24.366,22.23
22177,111,S3,528.0,24.325,22.23
22178,111,S3,531.0,24.336,22.23
22179,111,S3,534.0,24.286,22.23
22180,111,S3,537.0,24.259,22.23
22181,111,S3,540.0,24.182,22.23
22182,111,S3,543.0,24.088,22.23
22183,111,S3,546.0,24.081,22.23
22184,111,S3,549.0,24.076,22.23
22185,111,S3,552.0,24.042,22.23
22186,111,S3,555.0,24.027,22.23
22187,111,S3,558.0,23.941,22.23
22188,111,S3,561.0,23.915,22.23
22189,111,S3,564.0,23.917,22.23
22190,111,S3,567.0,23.871,22.23
22191,111,S3,570.0,23.793,22.23
22192,111,S3,573.0,23.851,22.23
22193,111,S3,576.0,23.837,22.23
22194,111,S3,579.0,23.770,22.23
22195,111,S3,582.0,23.729,22.23
22196,111,S3,585.0,23.687,22.23
22197,111,S3,588.0,23.625,22.23
22198,111,S3,591.0,23.692,22.23
22199,111,S3,594.0,23.536,22.23
22200,111,S3,597.0,23.553,22.23
22201,112,S4,0.0,80.446,21.88
22202,112,S4,3.0,79.671,21.88
22203,112,S4,6.0,78.794,21.88
22204,112,S4,9.0,77.899,21.88
22205,112,S4,12.0,77.008,21.88
22206,112,S4,15.0,76.312,21.88
22207,112,S4,18.0,75.474,21.88
22208,112,S4,21.0,74.635,21.88
22209,112,S4,24.0,73.914,21.88
22210,112,S4,27.0,73.267,21.88
22211,112,S4,30.0,72.407,21.88
22212,112,S4,33.0,71.617,21.88
22213,112,S4,36.0,70.882,21.88
22214,112,S4,39.0,70.195,21.88
22215,112,S4,42.0,69.469,21.88
22216,112,S4,45.0,68.722,21.88
22217,112,S4,48.0,68.001,21.88
22218,112,S4,51.0,67.442,21.88
22219,112,S4,54.0,66.698,21.88
22220,112,S4,57.0,66.063,21.88
22221,112,S4,60.0,65.455,21.88
22222,112,S4,63.0,64.824,21.88
22223,112,S4,66.0,64.084,21.88
22224,112,S4,69.0,63.560,21.88
22225,112,S4,72.0,62.881,21.88
22226,112,S4,75.0,62.273,21.88
22227,112,S4,78.0,61.684,21.88
22228,112,S4,81.0,61.021,21.88
22229,112,S4,84.0,60.482,21.88
22230,112,S4,87.0,59.967,21.88
22231,112,S4,90.0,59.305,21.88
22232,112,S4,93.0,58.930,21.88
22233,112,S4,96.0,58.248,21.88
22234,112,S4,99.0,57.785,21.88
22235,112,S4,102.0,57.232,21.88
22236,112,S4,105.0,56.729,21.88
22237,112,S4,108.0,56.184,21.88
22238,112,S4,111.0,55.671,21.88
22239,112,S4,114.0,55.109,21.88
22240,112,S4,117.0,54.629,21.88
22241,112,S4,120.0,54.276,21.88
22242,112,S4,123.0,53.790,21.88
22243,112,S4,126.0,53.280,21.88
22244,112,S4,129.0,52.810,21.88
22245,112,S4,132.0,52.310,21.88
22246,112,S4,135.0,51.926,21.88
22247,112,S4,138.0,51.428,21.88
22248,112,S4,141.0,50.988,21.88
22249,112,S4,144.0,50.562,21.88
22250,112,S4,147.0,50.152,21.88
22251,112,S4,150.0,49.810,21.88
22252,112,S4,153.0,49.438,21.88
22253,112,S4,156.0,48.826,21.88
22254,112,S4,159.0,48.566,21.88
22255,112,S4,162.0,48.146,21.88
22256,112,S4,165.0,47.786,21.88
22257,112,S4,168.0,47.360,21.88
22258,112,S4,171.0,47.022,21.88
22259,112,S4,174.0,46.559,21.88
22260,112,S4,177.0,46.223,21.88
22261,112,S4,180.0,45.886,21.88
22262,112,S4,183.0,45.649,21.88
22263,112,S4,186.0,45.159,21.88
22264,112,S4,189.0,44.830,21.88
22265,112,S4,192.0,44.553,21.88
22266,112,S4,195.0,44.081,21.88
22267,112,S4,198.0,43.873,21.88
22268,112,S4,201.0,43.562,21.88
22269,112,S4,204.0,43.248,21.88
22270,112,S4,207.0,42.911,21.88
22271,112,S4,210.0,42.557,21.88
22272,112,S4,213.0,42.255,21.88
22273,112,S4,216.0,41.935,21.88
22274,112,S4,219.0,41.675,21.88
22275,112,S4,222.0,41.356,21.88
22276,112,S4,225.0,41.070,21.88
22277,112,S4,228.0,40.817,21.88
22278,112,S4,231.0,40.563,21.88
22279,112,S4,234.0,40.271,21.88
22280,112,S4,237.0,40.012,21.88
22281,112,S4,240.0,39.735,21.88
22282,112,S4,243.0,39.531,21.88
22283,112,S4,246.0,39.222,21.88
22284,112,S4,249.0,38.911,21.88
22285,112,S4,252.0,38.675,21.88
22286,112,S4,255.0,38.414,21.88
22287,112,S4,258.0,38.200,21.88
22288,112,S4,261.0,38.035,21.88
22289,112,S4,264.0,37.720,21.88
22290,112,S4,267.0,37.438,21.88
22291,112,S4,270.0,37.257,21.88
22292,112,S4,273.0,37.027,21.88
22293,112,S4,276.0,36.764,21.88
22294,112,S4,279.0,36.565,21.88
22295,112,S4,282.0,36.450,21.88
22296,112,S4,285.0,36.183,21.88
22297,112,S4,288.0,35.944,21.88
22298,112,S4,291.0,35.770,21.88
22299,112,S4,294.0,35.534,21.88
22300,112,S4,297.0,35.281,21.88
22301,112,S4,300.0,35.055,21.88
22302,112,S4,303.0,34.952,21.88
22303,112,S4,306.0,34.799,21.88
22304,112,S4,309.0,34.468,21.88
22305,112,S4,312.0,34.464,21.88
22306,112,S4,315.0,34.183,21.88
22307,112,S4,318.0,34.004,21.88
22308,112,S4,321.0,33.874,21.88
22309,112,S4,324.0,33.741,21.88
22310,112,S4,327.0,33.444,21.88
22311,112,S4,330.0,33.369,21.88
22312,112,S4,333.0,33.142,21.88
22313,112,S4,336.0,32.978,21.88
22314,112,S4,339.0,32.906,21.88
22315,112,S4,342.0,32.614,21.88
22316,112,S4,345.0,32.503,21.88
22317,112,S4,348.0,32.357,21.88
22318,112,S4,351.0,32.221,21.88
22319,112,S4,354.0,32.027,21.88
22320,112,S4,357.0,31.880,21.88
22321,112,S4,360.0,31.719,21.88
22322,112,S4,363.0,31.650,21.88
22323,112,S4,366.0,31.492,21.88
22324,112,S4,369.0,31.228,21.88
22325,112,S4,372.0,31.163,21.88
22326,112,S4,375.0,31.024,21.88
22327,112,S4,378.0,30.877,21.88
22328,112,S4,381.0,30.766,21.88
22329,112,S4,384.0,30.538,21.88
22330,112,S4,387.0,30.455,21.88
22331,112,S4,390.0,30.369,21.88
22332,112,S4,393.0,30.189,21.88
22333,112,S4,396.0,30.092,21.88
22334,112,S4,399.0,30.101,21.88
22335,112,S4,402.0,29.887,21.88
22336,112,S4,405.0,29.673,21.88
22337,112,S4,408.0,29.606,21.88
22338,112,S4,411.0,29.547,21.88
22339,112,S4,414.0,29.398,21.88
22340,112,S4,417.0,29.432,21.88
22341,112,S4,420.0,29.233,21.88
22342,112,S4,423.0,29.076,21.88
22343,112,S4,426.0,28.967,21.88
22344,112,S4,429.0,28.913,21.88
22345,112,S4,432.0,28.694,21.88
22346,112,S4,435.0,28.621,21.88
22347,112,S4,438.0,28.660,21.88
22348,112,S4,441.0,28.498,21.88
22349,112,S4,444.0,28.352,21.88
22350,112,S4,447.0,28.397,21.88
22351,112,S4,450.0,28.210,21.88
22352,112,S4,453.0,28.110,21.88
22353,112,S4,456.0,28.057,21.88
22354,112,S4,459.0,27.930,21.88
22355,112,S4,462.0,27.923,21.88
22356,112,S4,465.0,27.765,21.88
22357,112,S4,468.0,27.621,21.88
22358,112,S4,471.0,27.546,21.88
22359,112,S4,474.0,27.356,21.88
22360,112,S4,477.0,27.369,21.88
22361,112,S4,480.0,27.311,21.88
22362,112,S4,483.0,27.209,21.88
22363,112,S4,486.0,27.134,21.88
22364,112,S4,489.0,26.914,21.88
22365,112,S4,492.0,27.035,21.88
22366,112,S4,495.0,26.964,21.88
22367,112,S4,498.0,26.945,21.88
22368,112,S4,501.0,26.810,21.88
22369,112,S4,504.0,26.717,21.88
22370,112,S4,507.0,26.594,21.88
22371,112,S4,510.0,26.623,21.88
22372,112,S4,513.0,26.534,21.88
22373,112,S4,516.0,26.356,21.88
22374,112,S4,519.0,26.334,21.88
22375,112,S4,522.0,26.338,21.88
22376,112,S4,525.0,26.227,21.88
22377,112,S4,528.0,26.070,21.88
22378,112,S4,531.0,26.112,21.88
22379,112,S4,534.0,26.022,21.88
22380,112,S4,537.0,26.007,21.88
22381,112,S4,540.0,25.905,21.88
22382,112,S4,543.0,25.895,21.88
22383,112,S4,546.0,25.734,21.88
22384,112,S4,549.0,25.701,21.88
22385,112,S4,552.0,25.739,21.88
22386,112,S4,555.0,25.532,21.88
22387,112,S4,558.0,25.532,21.88
22388,112,S4,561.0,25.566,21.88
22389,112,S4,564.0,25.454,21.88
22390,112,S4,567.0,25.346,21.88
22391,112,S4,570.0,25.414,21.88
22392,112,S4,573.0,25.333,21.88
22393,112,S4,576.0,25.224,21.88
22394,112,S4,579.0,25.229,21.88
22395,112,S4,582.0,25.240,21.88
22396,112,S4,585.0,25.056,21.88
22397,112,S4,588.0,24.962,21.88
22398,112,S4,591.0,25.026,21.88
22399,112,S4,594.0,24.993,21.88
22400,112,S4,597.0,24.946,21.88
22401,113,S1,0.0,92.738,20.35
22402,113,S1,3.0,91.204,20.35
22403,113,S1,6.0,89.782,20.35
22404,113,S1,9.0,88.368,20.35
22405,113,S1,12.0,86.942,20.35
22406,113,S1,15.0,85.608,20.35
22407,113,S1,18.0,84.258,20.35
22408,113,S1,21.0,82.853,20.35
22409,113,S1,24.0,81.550,20.35
22410,113,S1,27.0,80.305,20.35
22411,113,S1,30.0,79.021,20.35
22412,113,S1,33.0,77.819,20.35
22413,113,S1,36.0,76.628,20.35
22414,113,S1,39.0,75.496,20.35
22415,113,S1,42.0,74.279,20.35
22416,113,S1,45.0,73.134,20.35
22417,113,S1,48.0,72.068,20.35
22418,113,S1,51.0,71.085,20.35
22419,113,S1,54.0,69.967,20.35
22420,113,S1,57.0,69.021,20.35
22421,113,S1,60.0,67.888,20.35
22422,113,S1,63.0,66.924,20.35
22423,113,S1,66.0,66.003,20.35
22424,113,S1,69.0,65.007,20.35
22425,113,S1,72.0,64.139,20.35
22426,113,S1,75.0,63.253,20.35
22427,113,S1,78.0,62.323,20.35
22428,113,S1,81.0,61.458,20.35
22429,113,S1,84.0,60.615,20.35
22430,113,S1,87.0,59.776,20.35
22431,113,S1,90.0,58.862,20.35
22432,113,S1,93.0,58.180,20.35
22433,113,S1,96.0,57.287,20.35
22434,113,S1,99.0,56.595,20.35
22435,113,S1,102.0,55.789,20.35
22436,113,S1,105.0,55.053,20.35
22437,113,S1,108.0,54.387,20.35
22438,113,S1,111.0,53.724,20.35
22439,113,S1,114.0,53.008,20.35
22440,113,S1,117.0,52.215,20.35
22441,113,S1,120.0,51.691,20.35
22442,113,S1,123.0,50.951,20.35
22443,113,S1,126.0,50.302,20.35
22444,113,S1,129.0,49.712,20.35
22445,113,S1,132.0,49.117,20.35
22446,113,S1,135.0,48.481,20.35
22447,113,S1,138.0,47.950,20.35
22448,113,S1,141.0,47.364,20.35
22449,113,S1,144.0,46.824,20.35
22450,113,S1,147.0,46.343,20.35
22451,113,S1,150.0,45.702,20.35
22452,113,S1,153.0,45.217,20.35
22453,113,S1,156.0,44.607,20.35
22454,113,S1,159.0,44.191,20.35
22455,113,S1,162.0,43.682,20.35
22456,113,S1,165.0,43.291,20.35
22457,113,S1,168.0,42.746,20.35
22458,113,S1,171.0,42.321,20.35
22459,113,S1,174.0,41.808,20.35
22460,113,S1,177.0,41.342,20.35
22461,113,S1,180.0,40.908,20.35
22462,113,S1,183.0,40.528,20.35
22463,113,S1,186.0,40.109,20.35
22464,113,S1,189.0,39.713,20.35
22465,113,S1,192.0,39.253,20.35
22466,113,S1,195.0,38.901,20.35
22467,113,S1,198.0,38.498,20.35
22468,113,S1,201.0,38.148,20.35
22469,113,S1,204.0,37.767,20.35
22470,113,S1,207.0,37.352,20.35
22471,113,S1,210.0,37.101,20.35
22472,113,S1,213.0,36.667,20.35
22473,113,S1,216.0,36.402,20.35
22474,113,S1,219.0,36.016,20.35
22475,113,S1,222.0,35.739,20.35
22476,113,S1,225.0,35.417,20.35
22477,113,S1,228.0,35.082,20.35
22478,113,S1,231.0,34.730,20.35
22479,113,S1,234.0,34.556,20.35
22480,113,S1,237.0,34.183,20.35
22481,113,S1,240.0,33.841,20.35
22482,113,S1,243.0,33.592,20.35
22483,113,S1,246.0,33.354,20.35
22484,113,S1,249.0,33.069,20.35
22485,113,S1,252.0,32.919,20.35
22486,113,S1,255.0,32.596,20.35
22487,113,S1,258.0,32.270,20.35
22488,113,S1,261.0,32.052,20.35
22489,113,S1,264.0,31.785,20.35
22490,113,S1,267.0,31.518,20.35
22491,113,S1,270.0,31.275,20.35
22492,113,S1,273.0,31.126,20.35
22493,113,S1,276.0,30.898,20.35
22494,113,S1,279.0,30.661,20.35
22495,113,S1,282.0,30.360,20.35
22496,113,S1,285.0,30.274,20.35
22497,113,S1,288.0,30.018,20.35
22498,113,S1,291.0,29.694,20.35
22499,113,S1,294.0,29.758,20.35
22500,113,S1,297.0,29.413,20.35
22501,113,S1,300.0,29.254,20.35
22502,113,S1,303.0,29.193,20.35
22503,113,S1,306.0,28.973,20.35
22504,113,S1,309.0,28.700,20.35
22505,113,S1,312.0,28.650,20.35
22506,113,S1,315.0,28.341,20.35
22507,113,S1,318.0,28.282,20.35
22508,113,S1,321.0,27.900,20.35
22509,113,S1,324.0,27.889,20.35
22510,113,S1,327.0,27.787,20.35
22511,113,S1,330.0,27.567,20.35
22512,113,S1,333.0,27.419,20.35
22513,113,S1,336.0,27.225,20.35
22514,113,S1,339.0,27.167,20.35
22515,113,S1,342.0,26.976,20.35
22516,113,S1,345.0,26.917,20.35
22517,113,S1,348.0,26.689,20.35
22518,113,S1,351.0,26.664,20.35
22519,113,S1,354.0,26.461,20.35
22520,113,S1,357.0,26.380,20.35
22521,113,S1,360.0,26.164,20.35
22522,113,S1,363.0,26.075,20.35
22523,113,S1,366.0,26.011,20.35
22524,113,S1,369.0,25.832,20.35
22525,113,S1,372.0,25.735,20.35
22526,113,S1,375.0,25.584,20.35
22527,113,S1,378.0,25.459,20.35
22528,113,S1,381.0,25.374,20.35
22529,113,S1,384.0,25.279,20.35
22530,113,S1,387.0,25.186,20.35
22531,113,S1,390.0,25.082,20.35
22532,113,S1,393.0,25.004,20.35
22533,113,S1,396.0,24.961,20.35
22534,113,S1,399.0,24.807,20.35
22535,113,S1,402.0,24.692,20.35
22536,113,S1,405.0,24.744,20.35
22537,113,S1,408.0,24.501,20.35
22538,113,S1,411.0,24.527,20.35
22539,113,S1,414.0,24.475,20.35
22540,113,S1,417.0,24.337,20.35
22541,113,S1,420.0,24.185,20.35
22542,113,S1,423.0,24.144,20.35
22543,113,S1,426.0,24.024,20.35
22544,113,S1,429.0,23.964,20.35
22545,113,S1,432.0,23.930,20.35
22546,113,S1,435.0,23.916,20.35
22547,113,S1,438.0,23.770,20.35
22548,113,S1,441.0,23.620,20.35
22549,113,S1,444.0,23.632,20.35
22550,113,S1,447.0,23.449,20.35
22551,113,S1,450.0,23.477,20.35
22552,113,S1,453.0,23.406,20.35
22553,113,S1,456.0,23.371,20.35
22554,113,S1,459.0,23.264,20.35
22555,113,S1,462.0,23.247,20.35
22556,113,S1,465.0,23.188,20.35
22557,113,S1,468.0,23.154,20.35
22558,113,S1,471.0,22.986,20.35
22559,113,S1,474.0,23.093,20.35
22560,113,S1,477.0,22.921,20.35
22561,113,S1,480.0,22.927,20.35
22562,113,S1,483.0,22.805,20.35
22563,113,S1,486.0,22.744,20.35
22564,113,S1,489.0,22.794,20.35
22565,113,S1,492.0,22.686,20.35
22566,113,S1,495.0,22.604,20.35
22567,113,S1,498.0,22.626,20.35
22568,113,S1,501.0,22.468,20.35
22569,113,S1,504.0,22.461,20.35
22570,113,S1,507.0,22.447,20.35
22571,113,S1,510.0,22.343,20.35
22572,113,S1,513.0,22.395,20.35
22573,113,S1,516.0,22.343,20.35
22574,113,S1,519.0,22.190,20.35
22575,113,S1,522.0,22.257,20.35
22576,113,S1,525.0,22.260,20.35
22577,113,S1,528.0,22.177,20.35
22578,113,S1,531.0,22.131,20.35
22579,113,S1,534.0,22.021,20.35
22580,113,S1,537.0,22.020,20.35
22581,113,S1,540.0,22.000,20.35
22582,113,S1,543.0,22.061,20.35
22583,113,S1,546.0,21.955,20.35
22584,113,S1,549.0,21.838,20.35
22585,113,S1,552.0,21.876,20.35
22586,113,S1,555.0,21.752,20.35
22587,113,S1,558.0,21.773,20.35
22588,113,S1,561.0,21.771,20.35
22589,113,S1,564.0,21.669,20.35
22590,113,S1,567.0,21.691,20.35
22591,113,S1,570.0,21.743,20.35
22592,113,S1,573.0,21.641,20.35
22593,113,S1,576.0,21.663,20.35
22594,113,S1,579.0,21.613,20.35
22595,113,S1,582.0,21.558,20.35
22596,113,S1,585.0,21.590,20.35
22597,113,S1,588.0,21.538,20.35
22598,113,S1,591.0,21.539,20.35
22599,113,S1,594.0,21.589,20.35
22600,113,S1,597.0,21.436,20.35
22601,114,S2,0.0,85.916,22.33
22602,114,S2,3.0,85.005,22.33
22603,114,S2,6.0,84.209,22.33
22604,114,S2,9.0,83.402,22.33
22605,114,S2,12.0,82.560,22.33
22606,114,S2,15.0,81.812,22.33
22607,114,S2,18.0,80.946,22.33
22608,114,S2,21.0,80.165,22.33
22609,114,S2,24.0,79.529,22.33
22610,114,S2,27.0,78.677,22.33
22611,114,S2,30.0,77.945,22.33
22612,114,S2,33.0,77.284,22.33
22613,114,S2,36.0,76.458,22.33
22614,114,S2,39.0,75.847,22.33
22615,114,S2,42.0,75.093,22.33
22616,114,S2,45.0,74.411,22.33
22617,114,S2,48.0,73.671,22.33
22618,114,S2,51.0,72.979,22.33
22619,114,S2,54.0,72.327,22.33
22620,114,S2,57.0,71.823,22.33
22621,114,S2,60.0,70.985,22.33
22622,114,S2,63.0,70.500,22.33
22623,114,S2,66.0,69.820,22.33
22624,114,S2,69.0,69.130,22.33
22625,114,S2,72.0,68.620,22.33
22626,114,S2,75.0,67.994,22.33
22627,114,S2,78.0,67.334,22.33
22628,114,S2,81.0,66.795,22.33
22629,114,S2,84.0,66.146,22.33
22630,114,S2,87.0,65.662,22.33
22631,114,S2,90.0,65.059,22.33
22632,114,S2,93.0,64.468,22.33
22633,114,S2,96.0,63.926,22.33
22634,114,S2,99.0,63.258,22.33
22635,114,S2,102.0,62.809,22.33
22636,114,S2,105.0,62.281,22.33
22637,114,S2,108.0,61.723,22.33
22638,114,S2,111.0,61.241,22.33
22639,114,S2,114.0,60.697,22.33
22640,114,S2,117.0,60.281,22.33
22641,114,S2,120.0,59.803,22.33
22642,114,S2,123.0,59.172,22.33
22643,114,S2,126.0,58.661,22.33
22644,114,S2,129.0,58.252,22.33
22645,114,S2,132.0,57.749,22.33
22646,114,S2,135.0,57.325,22.33
22647,114,S2,138.0,56.811,22.33
22648,114,S2,141.0,56.284,22.33
22649,114,S2,144.0,56.025,22.33
22650,114,S2,147.0,55.510,22.33
22651,114,S2,150.0,55.090,22.33
22652,114,S2,153.0,54.649,22.33
22653,114,S2,156.0,54.199,22.33
22654,114,S2,159.0,53.849,22.33
22655,114,S2,162.0,53.397,22.33
22656,114,S2,165.0,53.005,22.33
22657,114,S2,168.0,52.646,22.33
22658,114,S2,171.0,52.237,22.33
22659,114,S2,174.0,51.795,22.33
22660,114,S2,177.0,51.438,22.33
22661,114,S2,180.0,51.012,22.33
22662,114,S2,183.0,50.636,22.33
22663,114,S2,186.0,50.240,22.33
22664,114,S2,189.0,49.884,22.33
22665,114,S2,192.0,49.659,22.33
22666,114,S2,195.0,49.154,22.33
22667,114,S2,198.0,48.863,22.33
22668,114,S2,201.0,48.450,22.33
22669,114,S2,204.0,48.093,22.33
22670,114,S2,207.0,47.781,22.33
22671,114,S2,210.0,47.475,22.33
22672,114,S2,213.0,47.174,22.33
22673,114,S2,216.0,46.765,22.33
22674,114,S2,219.0,46.453,22.33
22675,114,S2,222.0,46.162,22.33
22676,114,S2,225.0,45.812,22.33
22677,114,S2,228.0,45.619,22.33
22678,114,S2,231.0,45.325,22.33
22679,114,S2,234.0,44.983,22.33
22680,114,S2,237.0,44.601,22.33
22681,114,S2,240.0,44.300,22.33
22682,114,S2,243.0,44.004,22.33
22683,114,S2,246.0,43.809,22.33
22684,114,S2,249.0,43.545,22.33
22685,114,S2,252.0,43.214,22.33
22686,114,S2,255.0,42.896,22.33
22687,114,S2,258.0,42.617,22.33
22688,114,S2,261.0,42.466,22.33
22689,114,S2,264.0,42.031,22.33
22690,114,S2,267.0,41.927,22.33
22691,114,S2,270.0,41.577,22.33
22692,114,S2,273.0,41.332,22.33
22693,114,S2,276.0,41.157,22.33
22694,114,S2,279.0,40.934,22.33
22695,114,S2,282.0,40.586,22.33
22696,114,S2,285.0,40.363,22.33
22697,114,S2,288.0,40.170,22.33
22698,114,S2,291.0,39.894,22.33
22699,114,S2,294.0,39.623,22.33
22700,114,S2,297.0,39.371,22.33
22701,114,S2,300.0,39.228,22.33
22702,114,S2,303.0,39.004,22.33
22703,114,S2,306.0,38.833,22.33
22704,114,S2,309.0,38.537,22.33
22705,114,S2,312.0,38.246,22.33
22706,114,S2,315.0,38.196,22.33
22707,114,S2,318.0,37.917,22.33
22708,114,S2,321.0,37.689,22.33
22709,114,S2,324.0,37.512,22.33
22710,114,S2,327.0,37.336,22.33
22711,114,S2,330.0,37.093,22.33
22712,114,S2,333.0,36.946,22.33
22713,114,S2,336.0,36.746,22.33
22714,114,S2,339.0,36.498,22.33
22715,114,S2,342.0,36.331,22.33
22716,114,S2,345.0,36.082,22.33
22717,114,S2,348.0,35.965,22.33
22718,114,S2,351.0,35.848,22.33
22719,114,S2,354.0,35.608,22.33
22720,114,S2,357.0,35.465,22.33
22721,114,S2,360.0,35.136,22.33
22722,114,S2,363.0,35.188,22.33
22723,114,S2,366.0,34.953,22.33
22724,114,S2,369.0,34.831,22.33
22725,114,S2,372.0,34.593,22.33
22726,114,S2,375.0,34.392,22.33
22727,114,S2,378.0,34.266,22.33
22728,114,S2,381.0,34.115,22.33
22729,114,S2,384.0,33.951,22.33
22730,114,S2,387.0,33.826,22.33
22731,114,S2,390.0,33.604,22.33
22732,114,S2,393.0,33.539,22.33
22733,114,S2,396.0,33.365,22.33
22734,114,S2,399.0,33.302,22.33
22735,114,S2,402.0,33.086,22.33
22736,114,S2,405.0,32.972,22.33
22737,114,S2,408.0,32.819,22.33
22738,114,S2,411.0,32.658,22.33
22739,114,S2,414.0,32.529,22.33
22740,114,S2,417.0,32.387,22.33
22741,114,S2,420.0,32.272,22.33
22742,114,S2,423.0,32.176,22.33
22743,114,S2,426.0,32.082,22.33
22744,114,S2,429.0,31.912,22.33
22745,114,S2,432.0,31.806,22.33
22746,114,S2,435.0,31.618,22.33
22747,114,S2,438.0,31.553,22.33
22748,114,S2,441.0,31.376,22.33
22749,114,S2,444.0,31.218,22.33
22750,114,S2,447.0,31.151,22.33
22751,114,S2,450.0,30.960,22.33
22752,114,S2,453.0,30.898,22.33
22753,114,S2,456.0,30.765,22.33
22754,114,S2,459.0,30.659,22.33
22755,114,S2,462.0,30.543,22.33
22756,114,S2,465.0,30.488,22.33
22757,114,S2,468.0,30.389,22.33
22758,114,S2,471.0,30.247,22.33
22759,114,S2,474.0,30.144,22.33
22760,114,S2,477.0,30.105,22.33
22761,114,S2,480.0,29.975,22.33
22762,114,S2,483.0,29.891,22.33
22763,114,S2,486.0,29.727,22.33
22764,114,S2,489.0,29.656,22.33
22765,114,S2,492.0,29.533,22.33
22766,114,S2,495.0,29.452,22.33
22767,114,S2,498.0,29.358,22.33
22768,114,S2,501.0,29.332,22.33
22769,114,S2,504.0,29.253,22.33
22770,114,S2,507.0,29.031,22.33
22771,114,S2,510.0,28.887,22.33
22772,114,S2,513.0,29.035,22.33
22773,114,S2,516.0,28.890,22.33
22774,114,S2,519.0,28.806,22.33
22775,114,S2,522.0,28.607,22.33
22776,114,S2,525.0,28.569,22.33
22777,114,S2,528.0,28.524,22.33
22778,114,S2,531.0,28.440,22.33
22779,114,S2,534.0,28.334,22.33
22780,114,S2,537.0,28.176,22.33
22781,114,S2,540.0,28.178,22.33
22782,114,S2,543.0,27.996,22.33
22783,114,S2,546.0,28.016,22.33
22784,114,S2,549.0,27.934,22.33
22785,114,S2,552.0,27.895,22.33
22786,114,S2,555.0,27.827,22.33
22787,114,S2,558.0,27.690,22.33
22788,114,S2,561.0,27.650,22.33
22789,114,S2,564.0,27.623,22.33
22790,114,S2,567.0,27.484,22.33
22791,114,S2,570.0,27.520,22.33
22792,114,S2,573.0,27.342,22.33
22793,114,S2,576.0,27.275,22.33
22794,114,S2,579.0,27.274,22.33
22795,114,S2,582.0,27.139,22.33
22796,114,S2,585.0,27.313,22.33
22797,114,S2,588.0,27.075,22.33
22798,114,S2,591.0,27.012,22.33
22799,114,S2,594.0,26.914,22.33
22800,114,S2,597.0,26.903,22.33
22801,115,S3,0.0,71.945,21.28
22802,115,S3,3.0,70.881,21.28
22803,115,S3,6.0,70.051,21.28
22804,115,S3,9.0,69.111,21.28
22805,115,S3,12.0,68.239,21.28
22806,115,S3,15.0,67.505,21.28
22807,115,S3,18.0,66.502,21.28
22808,115,S3,21.0,65.701,21.28
22809,115,S3,24.0,64.954,21.28
22810,115,S3,27.0,64.038,21.28
22811,115,S3,30.0,63.371,21.28
22812,115,S3,33.0,62.571,21.28
22813,115,S3,36.0,61.693,21.28
22814,115,S3,39.0,61.049,21.28
22815,115,S3,42.0,60.323,21.28
22816,115,S3,45.0,59.550,21.28
22817,115,S3,48.0,58.757,21.28
22818,115,S3,51.0,58.204,21.28
22819,115,S3,54.0,57.552,21.28
22820,115,S3,57.0,56.811,21.28
22821,115,S3,60.0,56.229,21.28
22822,115,S3,63.0,55.490,21.28
22823,115,S3,66.0,54.905,21.28
22824,115,S3,69.0,54.283,21.28
22825,115,S3,72.0,53.676,21.28
22826,115,S3,75.0,53.085,21.28
22827,115,S3,78.0,52.429,21.28
22828,115,S3,81.0,51.883,21.28
22829,115,S3,84.0,51.373,21.28
22830,115,S3,87.0,50.852,21.28
22831,115,S3,90.0,50.179,21.28
22832,115,S3,93.0,49.661,21.28
22833,115,S3,96.0,49.143,21.28
22834,115,S3,99.0,48.730,21.28
22835,115,S3,102.0,48.240,21.28
22836,115,S3,105.0,47.687,21.28
22837,115,S3,108.0,47.217,21.28
22838,115,S3,111.0,46.719,21.28
22839,115,S3,114.0,46.181,21.28
22840,115,S3,117.0,45.724,21.28
22841,115,S3,120.0,45.396,21.28
22842,115,S3,123.0,44.890,21.28
22843,115,S3,126.0,44.360,21.28
22844,115,S3,129.0,43.978,21.28
22845,115,S3,132.0,43.755,21.28
22846,115,S3,135.0,43.148,21.28
22847,115,S3,138.0,42.756,21.28
22848,115,S3,141.0,42.337,21.28
22849,115,S3,144.0,41.969,21.28
22850,115,S3,147.0,41.556,21.28
22851,115,S3,150.0,41.263,21.28
22852,115,S3,153.0,40.852,21.28
22853,115,S3,156.0,40.502,21.28
22854,115,S3,159.0,40.208,21.28
22855,115,S3,162.0,39.804,21.28
22856,115,S3,165.0,39.435,21.28
22857,115,S3,168.0,39.062,21.28
22858,115,S3,171.0,38.787,21.28
22859,115,S3,174.0,38.451,21.28
22860,115,S3,177.0,38.166,21.28
22861,115,S3,180.0,37.835,21.28
22862,115,S3,183.0,37.599,21.28
22863,115,S3,186.0,37.244,21.28
22864,115,S3,189.0,36.889,21.28
22865,115,S3,192.0,36.724,21.28
22866,115,S3,195.0,36.416,21.28
22867,115,S3,198.0,36.131,21.28
22868,115,S3,201.0,35.789,21.28
22869,115,S3,204.0,35.587,21.28
22870,115,S3,207.0,35.290,21.28
22871,115,S3,210.0,35.023,21.28
22872,115,S3,213.0,34.741,21.28
22873,115,S3,216.0,34.500,21.28
22874,115,S3,219.0,34.275,21.28
22875,115,S3,222.0,34.079,21.28
22876,115,S3,225.0,33.772,21.28
22877,115,S3,228.0,33.510,21.28
22878,115,S3,231.0,33.369,21.28
22879,115,S3,234.0,33.089,21.28
22880,115,S3,237.0,32.902,21.28
22881,115,S3,240.0,32.722,21.28
22882,115,S3,243.0,32.428,21.28
22883,115,S3,246.0,32.343,21.28
22884,115,S3,249.0,32.024,21.28
22885,115,S3,252.0,31.781,21.28
22886,115,S3,255.0,31.667,21.28
22887,115,S3,258.0,31.568,21.28
22888,115,S3,261.0,31.322,21.28
22889,115,S3,264.0,31.145,21.28
22890,115,S3,267.0,30.823,21.28
22891,115,S3,270.0,30.691,21.28
22892,115,S3,273.0,30.652,21.28
22893,115,S3,276.0,30.382,21.28
22894,115,S3,279.0,30.225,21.28
22895,115,S3,282.0,30.076,21.28
22896,115,S3,285.0,29.902,21.28
22897,115,S3,288.0,29.696,21.28
22898,115,S3,291.0,29.595,21.28
22899,115,S3,294.0,29.401,21.28
22900,115,S3,297.0,29.339,21.28
22901,115,S3,300.0,29.187,21.28
22902,115,S3,303.0,28.988,21.28
22903,115,S3,306.0,28.894,21.28
22904,115,S3,309.0,28.727,21.28
22905,115,S3,312.0,28.621,21.28
22906,115,S3,315.0,28.432,21.28
22907,115,S3,318.0,28.388,21.28
22908,115,S3,321.0,28.098,21.28
22909,115,S3,324.0,28.119,21.28
22910,115,S3,327.0,28.011,21.28
22911,115,S3,330.0,27.831,21.28
22912,115,S3,333.0,27.616,21.28
22913,115,S3,336.0,27.522,21.28
22914,115,S3,339.0,27.475,21.28
22915,115,S3,342.0,27.376,21.28
22916,115,S3,345.0,27.230,21.28
22917,115,S3,348.0,27.108,21.28
22918,115,S3,351.0,27.046,21.28
22919,115,S3,354.0,26.836,21.28
22920,115,S3,357.0,26.846,21.28
22921,115,S3,360.0,26.727,21.28
22922,115,S3,363.0,26.587,21.28
22923,115,S3,366.0,26.493,21.28
22924,115,S3,369.0,26.408,21.28
22925,115,S3,372.0,26.294,21.28
22926,115,S3,375.0,26.281,21.28
22927,115,S3,378.0,26.022,21.28
22928,115,S3,381.0,26.018,21.28
22929,115,S3,384.0,25.965,21.28
22930,115,S3,387.0,25.811,21.28
22931,115,S3,390.0,25.789,21.28
22932,115,S3,393.0,25.713,21.28
22933,115,S3,396.0,25.633,21.28
22934,115,S3,399.0,25.545,21.28
22935,115,S3,402.0,25.392,21.28
22936,115,S3,405.0,25.431,21.28
22937,115,S3,408.0,25.251,21.28
22938,115,S3,411.0,25.210,21.28
22939,115,S3,414.0,25.199,21.28
22940,115,S3,417.0,25.009,21.28
22941,115,S3,420.0,25.001,21.28
22942,115,S3,423.0,25.037,21.28
22943,115,S3,426.0,24.815,21.28
22944,115,S3,429.0,24.764,21.28
22945,115,S3,432.0,24.684,21.28
22946,115,S3,435.0,24.652,21.28
22947,115,S3,438.0,24.689,21.28
22948,115,S3,441.0,24.568,21.28
22949,115,S3,444.0,24.428,21.28
22950,115,S3,447.0,24.450,21.28
22951,115,S3,450.0,24.385,21.28
22952,115,S3,453.0,24.307,21.28
22953,115,S3,456.0,24.272,21.28
22954,115,S3,459.0,24.220,21.28
22955,115,S3,462.0,24.191,21.28
22956,115,S3,465.0,24.209,21.28
22957,115,S3,468.0,24.041,21.28
22958,115,S3,471.0,24.022,21.28
22959,115,S3,474.0,23.961,21.28
22960,115,S3,477.0,23.945,21.28
22961,115,S3,480.0,23.810,21.28
22962,115,S3,483.0,23.745,21.28
22963,115,S3,486.0,23.837,21.28
22964,115,S3,489.0,23.635,21.28
22965,115,S3,492.0,23.749,21.28
22966,115,S3,495.0,23.600,21.28
22967,115,S3,498.0,23.655,21.28
22968,115,S3,501.0,23.509,21.28
22969,115,S3,504.0,23.493,21.28
22970,115,S3,507.0,23.536,21.28
22971,115,S3,510.0,23.382,21.28
22972,115,S3,513.0,23.398,21.28
22973,115,S3,516.0,23.286,21.28
22974,115,S3,519.0,23.236,21.28
22975,115,S3,522.0,23.240,21.28
22976,115,S3,525.0,23.141,21.28
22977,115,S3,528.0,23.177,21.28
22978,115,S3,531.0,23.116,21.28
22979,115,S3,534.0,23.089,21.28
22980,115,S3,537.0,23.015,21.28
22981,115,S3,540.0,23.009,21.28
22982,115,S3,543.0,22.979,21.28
22983,115,S3,546.0,22.942,21.28
22984,115,S3,549.0,22.981,21.28
22985,115,S3,552.0,22.846,21.28
22986,115,S3,555.0,22.907,21.28
22987,115,S3,558.0,22.835,21.28
22988,115,S3,561.0,22.834,21.28
22989,115,S3,564.0,22.718,21.28
22990,115,S3,567.0,22.707,21.28
22991,115,S3,570.0,22.731,21.28
22992,115,S3,573.0,22.722,21.28
22993,115,S3,576.0,22.718,21.28
22994,115,S3,579.0,22.715,21.28
22995,115,S3,582.0,22.757,21.28
22996,115,S3,585.0,22.662,21.28
22997,115,S3,588.0,22.610,21.28
22998,115,S3,591.0,22.586,21.28
22999,115,S3,594.0,22.545,21.28
23000,115,S3,597.0,22.621,21.28
23001,116,S4,0.0,92.021,20.70
23002,116,S4,3.0,90.828,20.70
23003,116,S4,6.0,89.744,20.70
23004,116,S4,9.0,88.652,20.70
23005,116,S4,12.0,87.649,20.70
23006,116,S4,15.0,86.497,20.70
23007,116,S4,18.0,85.534,20.70
23008,116,S4,21.0,84.609,20.70
23009,116,S4,24.0,83.604,20.70
23010,116,S4,27.0,82.609,20.70
23011,116,S4,30.0,81.655,20.70
23012,116,S4,33.0,80.697,20.70
23013,116,S4,36.0,79.688,20.70
23014,116,S4,39.0,78.820,20.70
23015,116,S4,42.0,77.830,20.70
23016,116,S4,45.0,76.988,20.70
23017,116,S4,48.0,76.208,20.70
23018,116,S4,51.0,75.268,20.70
23019,116,S4,54.0,74.463,20.70
23020,116,S4,57.0,73.516,20.70
23021,116,S4,60.0,72.766,20.70
23022,116,S4,63.0,71.969,20.70
23023,116,S4,66.0,71.033,20.70
23024,116,S4,69.0,70.284,20.70
23025,116,S4,72.0,69.499,20.70
23026,116,S4,75.0,68.855,20.70
23027,116,S4,78.0,68.032,20.70
23028,116,S4,81.0,67.402,20.70
23029,116,S4,84.0,66.541,20.70
23030,116,S4,87.0,65.861,20.70
23031,116,S4,90.0,65.226,20.70
23032,116,S4,93.0,64.418,20.70
23033,116,S4,96.0,63.736,20.70
23034,116,S4,99.0,63.171,20.70
23035,116,S4,102.0,62.410,20.70
23036,116,S4,105.0,61.804,20.70
23037,116,S4,108.0,61.222,20.70
23038,116,S4,111.0,60.545,20.70
23039,116,S4,114.0,59.872,20.70
23040,116,S4,117.0,59.364,20.70
23041,116,S4,120.0,58.666,20.70
23042,116,S4,123.0,58.016,20.70
23043,116,S4,126.0,57.552,20.70
23044,116,S4,129.0,56.894,20.70
23045,116,S4,132.0,56.380,20.70
23046,116,S4,135.0,55.849,20.70
23047,116,S4,138.0,55.371,20.70
23048,116,S4,141.0,54.738,20.70
23049,116,S4,144.0,54.288,20.70
23050,116,S4,147.0,53.681,20.70
23051,116,S4,150.0,53.223,20.70
23052,116,S4,153.0,52.655,20.70
23053,116,S4,156.0,52.246,20.70
23054,116,S4,159.0,51.652,20.70
23055,116,S4,162.0,51.244,20.70
23056,116,S4,165.0,50.738,20.70
23057,116,S4,168.0,50.261,20.70
23058,116,S4,171.0,49.749,20.70
23059,116,S4,174.0,49.380,20.70
23060,116,S4,177.0,48.947,20.70
23061,116,S4,180.0,48.477,20.70
23062,116,S4,183.0,47.975,20.70
23063,116,S4,186.0,47.554,20.70
23064,116,S4,189.0,47.221,20.70
23065,116,S4,192.0,46.793,20.70
23066,116,S4,195.0,46.406,20.70
23067,116,S4,198.0,46.027,20.70
23068,116,S4,201.0,45.477,20.70
23069,116,S4,204.0,45.184,20.70
23070,116,S4,207.0,44.839,20.70
23071,116,S4,210.0,44.399,20.70
23072,116,S4,213.0,44.015,20.70
23073,116,S4,216.0,43.732,20.70
23074,116,S4,219.0,43.353,20.70
23075,116,S4,222.0,42.961,20.70
23076,116,S4,225.0,42.659,20.70
23077,116,S4,228.0,42.362,20.70
23078,116,S4,231.0,42.011,20.70
23079,116,S4,234.0,41.599,20.70
23080,116,S4,237.0,41.218,20.70
23081,116,S4,240.0,40.922,20.70
23082,116,S4,243.0,40.663,20.70
23083,116,S4,246.0,40.355,20.70
23084,116,S4,249.0,39.984,20.70
23085,116,S4,252.0,39.813,20.70
23086,116,S4,255.0,39.396,20.70
23087,116,S4,258.0,39.223,20.70
23088,116,S4,261.0,38.874,20.70
23089,116,S4,264.0,38.662,20.70
23090,116,S4,267.0,38.184,20.70
23091,116,S4,270.0,38.008,20.70
23092,116,S4,273.0,37.763,20.70
23093,116,S4,276.0,37.541,20.70
23094,116,S4,279.0,37.209,20.70
23095,116,S4,282.0,37.003,20.70
23096,116,S4,285.0,36.734,20.70
23097,116,S4,288.0,36.542,20.70
23098,116,S4,291.0,36.171,20.70
23099,116,S4,294.0,35.975,20.70
23100,116,S4,297.0,35.740,20.70
23101,116,S4,300.0,35.420,20.70
23102,116,S4,303.0,35.298,20.70
23103,116,S4,306.0,35.098,20.70
23104,116,S4,309.0,34.902,20.70
23105,116,S4,312.0,34.640,20.70
23106,116,S4,315.0,34.412,20.70
23107,116,S4,318.0,34.116,20.70
23108,116,S4,321.0,33.957,20.70
23109,116,S4,324.0,33.788,20.70
23110,116,S4,327.0,33.536,20.70
23111,116,S4,330.0,33.396,20.70
23112,116,S4,333.0,33.206,20.70
23113,116,S4,336.0,33.040,20.70
23114,116,S4,339.0,32.820,20.70
23115,116,S4,342.0,32.559,20.70
23116,116,S4,345.0,32.448,20.70
23117,116,S4,348.0,32.254,20.70
23118,116,S4,351.0,32.008,20.70
23119,116,S4,354.0,31.805,20.70
23120,116,S4,357.0,31.783,20.70
23121,116,S4,360.0,31.507,20.70
23122,116,S4,363.0,31.353,20.70
23123,116,S4,366.0,31.207,20.70
23124,116,S4,369.0,31.044,20.70
23125,116,S4,372.0,30.892,20.70
23126,116,S4,375.0,30.730,20.70
23127,116,S4,378.0,30.607,20.70
23128,116,S4,381.0,30.371,20.70
23129,116,S4,384.0,30.254,20.70
23130,116,S4,387.0,30.144,20.70
23131,116,S4,390.0,29.914,20.70
23132,116,S4,393.0,29.857,20.70
23133,116,S4,396.0,29.641,20.70
23134,116,S4,399.0,29.566,20.70
23135,116,S4,402.0,29.340,20.70
23136,116,S4,405.0,29.166,20.70
23137,116,S4,408.0,29.131,20.70
23138,116,S4,411.0,29.000,20.70
23139,116,S4,414.0,28.832,20.70
23140,116,S4,417.0,28.674,20.70
23141,116,S4,420.0,28.629,20.70
23142,116,S4,423.0,28.493,20.70
23143,116,S4,426.0,28.290,20.70
23144,116,S4,429.0,28.327,20.70
23145,116,S4,432.0,28.072,20.70
23146,116,S4,435.0,28.033,20.70
23147,116,S4,438.0,27.932,20.70
23148,116,S4,441.0,27.902,20.70
23149,116,S4,444.0,27.769,20.70
23150,116,S4,447.0,27.545,20.70
23151,116,S4,450.0,27.439,20.70
23152,116,S4,453.0,27.378,20.70
23153,116,S4,456.0,27.206,20.70
23154,116,S4,459.0,27.221,20.70
23155,116,S4,462.0,26.991,20.70
23156,116,S4,465.0,26.949,20.70
23157,116,S4,468.0,26.886,20.70
23158,116,S4,471.0,26.689,20.70
23159,116,S4,474.0,26.638,20.70
23160,116,S4,477.0,26.656,20.70
23161,116,S4,480.0,26.491,20.70
23162,116,S4,483.0,26.307,20.70
23163,116,S4,486.0,26.391,20.70
23164,116,S4,489.0,26.183,20.70
23165,116,S4,492.0,26.037,20.70
23166,116,S4,495.0,25.998,20.70
23167,116,S4,498.0,25.879,20.70
23168,116,S4,501.0,25.806,20.70
23169,116,S4,504.0,25.707,20.70
23170,116,S4,507.0,25.694,20.70
23171,116,S4,510.0,25.693,20.70
23172,116,S4,513.0,25.506,20.70
23173,116,S4,516.0,25.459,20.70
23174,116,S4,519.0,25.425,20.70
23175,116,S4,522.0,25.312,20.70
23176,116,S4,525.0,25.275,20.70
23177,116,S4,528.0,25.140,20.70
23178,116,S4,531.0,25.108,20.70
23179,116,S4,534.0,25.011,20.70
23180,116,S4,537.0,25.015,20.70
23181,116,S4,540.0,24.912,20.70
23182,116,S4,543.0,24.926,20.70
23183,116,S4,546.0,24.832,20.70
23184,116,S4,549.0,24.733,20.70
23185,116,S4,552.0,24.711,20.70
23186,116,S4,555.0,24.602,20.70
23187,116,S4,558.0,24.534,20.70
23188,116,S4,561.0,24.475,20.70
23189,116,S4,564.0,24.465,20.70
23190,116,S4,567.0,24.268,20.70
23191,116,S4,570.0,24.358,20.70
23192,116,S4,573.0,24.344,20.70
23193,116,S4,576.0,24.207,20.70
23194,116,S4,579.0,24.183,20.70
23195,116,S4,582.0,24.003,20.70
23196,116,S4,585.0,24.048,20.70
23197,116,S4,588.0,23.899,20.70
23198,116,S4,591.0,23.866,20.70
23199,116,S4,594.0,23.726,20.70
23200,116,S4,597.0,23.844,20.70
23201,117,S1,0.0,77.116,21.99
23202,117,S1,3.0,75.321,21.99
23203,117,S1,6.0,73.741,21.99
23204,117,S1,9.0,71.972,21.99
23205,117,S1,12.0,70.326,21.99
23206,117,S1,15.0,68.856,21.99
23207,117,S1,18.0,67.266,21.99
23208,117,S1,21.0,65.666,21.99
23209,117,S1,24.0,64.323,21.99
23210,117,S1,27.0,62.991,21.99
23211,117,S1,30.0,61.685,21.99
23212,117,S1,33.0,60.345,21.99
23213,117,S1,36.0,59.046,21.99
23214,117,S1,39.0,57.887,21.99
23215,117,S1,42.0,56.755,21.99
23216,117,S1,45.0,55.617,21.99
23217,117,S1,48.0,54.591,21.99
23218,117,S1,51.0,53.421,21.99
23219,117,S1,54.0,52.401,21.99
23220,117,S1,57.0,51.454,21.99
23221,117,S1,60.0,50.513,21.99
23222,117,S1,63.0,49.560,21.99
23223,117,S1,66.0,48.607,21.99
23224,117,S1,69.0,47.771,21.99
23225,117,S1,72.0,46.988,21.99
23226,117,S1,75.0,46.075,21.99
23227,117,S1,78.0,45.348,21.99
23228,117,S1,81.0,44.631,21.99
23229,117,S1,84.0,43.826,21.99
23230,117,S1,87.0,43.237,21.99
23231,117,S1,90.0,42.425,21.99
23232,117,S1,93.0,41.901,21.99
23233,117,S1,96.0,41.207,21.99
23234,117,S1,99.0,40.524,21.99
23235,117,S1,102.0,40.002,21.99
23236,117,S1,105.0,39.364,21.99
23237,117,S1,108.0,38.742,21.99
23238,117,S1,111.0,38.246,21.99
23239,117,S1,114.0,37.643,21.99
23240,117,S1,117.0,37.152,21.99
23241,117,S1,120.0,36.718,21.99
23242,117,S1,123.0,36.184,21.99
23243,117,S1,126.0,35.743,21.99
23244,117,S1,129.0,35.299,21.99
23245,117,S1,132.0,34.830,21.99
23246,117,S1,135.0,34.468,21.99
23247,117,S1,138.0,34.034,21.99
23248,117,S1,141.0,33.665,21.99
23249,117,S1,144.0,33.355,21.99
23250,117,S1,147.0,32.925,21.99
23251,117,S1,150.0,32.552,21.99
23252,117,S1,153.0,32.292,21.99
23253,117,S1,156.0,31.849,21.99
23254,117,S1,159.0,31.571,21.99
23255,117,S1,162.0,31.245,21.99
23256,117,S1,165.0,31.005,21.99
23257,117,S1,168.0,30.684,21.99
23258,117,S1,171.0,30.390,21.99
23259,117,S1,174.0,30.146,21.99
23260,117,S1,177.0,29.739,21.99
23261,117,S1,180.0,29.460,21.99
23262,117,S1,183.0,29.308,21.99
23263,117,S1,186.0,29.107,21.99
23264,117,S1,189.0,28.934,21.99
23265,117,S1,192.0,28.658,21.99
23266,117,S1,195.0,28.515,21.99
23267,117,S1,198.0,28.287,21.99
23268,117,S1,201.0,27.940,21.99
23269,117,S1,204.0,27.793,21.99
23270,117,S1,207.0,27.589,21.99
23271,117,S1,210.0,27.432,21.99
23272,117,S1,213.0,27.224,21.99
23273,117,S1,216.0,27.062,21.99
23274,117,S1,219.0,26.914,21.99
23275,117,S1,222.0,26.773,21.99
23276,117,S1,225.0,26.641,21.99
23277,117,S1,228.0,26.441,21.99
23278,117,S1,231.0,26.363,21.99
23279,117,S1,234.0,26.233,21.99
23280,117,S1,237.0,26.000,21.99
23281,117,S1,240.0,25.866,21.99
23282,117,S1,243.0,25.809,21.99
23283,117,S1,246.0,25.735,21.99
23284,117,S1,249.0,25.591,21.99
23285,117,S1,252.0,25.437,21.99
23286,117,S1,255.0,25.339,21.99
23287,117,S1,258.0,25.230,21.99
23288,117,S1,261.0,25.112,21.99
23289,117,S1,264.0,25.004,21.99
23290,117,S1,267.0,24.909,21.99
23291,117,S1,270.0,24.793,21.99
23292,117,S1,273.0,24.796,21.99
23293,117,S1,276.0,24.612,21.99
23294,117,S1,279.0,24.532,21.99
23295,117,S1,282.0,24.474,21.99
23296,117,S1,285.0,24.391,21.99
23297,117,S1,288.0,24.390,21.99
23298,117,S1,291.0,24.219,21.99
23299,117,S1,294.0,24.085,21.99
23300,117,S1,297.0,24.158,21.99
23301,117,S1,300.0,24.067,21.99
23302,117,S1,303.0,23.836,21.99
23303,117,S1,306.0,23.880,21.99
23304,117,S1,309.0,23.814,21.99
23305,117,S1,312.0,23.741,21.99
23306,117,S1,315.0,23.637,21.99
23307,117,S1,318.0,23.666,21.99
23308,117,S1,321.0,23.611,21.99
23309,117,S1,324.0,23.442,21.99
23310,117,S1,327.0,23.533,21.99
23311,117,S1,330.0,23.409,21.99
23312,117,S1,333.0,23.423,21.99
23313,117,S1,336.0,23.302,21.99
23314,117,S1,339.0,23.303,21.99
23315,117,S1,342.0,23.206,21.99
23316,117,S1,345.0,23.225,21.99
23317,117,S1,348.0,23.238,21.99
23318,117,S1,351.0,23.232,21.99
23319,117,S1,354.0,23.128,21.99
23320,117,S1,357.0,23.047,21.99
23321,117,S1,360.0,22.998,21.99
23322,117,S1,363.0,22.998,21.99
23323,117,S1,366.0,22.956,21.99
23324,117,S1,369.0,22.928,21.99
23325,117,S1,372.0,22.852,21.99
23326,117,S1,375.0,22.906,21.99
23327,117,S1,378.0,22.831,21.99
23328,117,S1,381.0,22.829,21.99
23329,117,S1,384.0,22.731,21.99
23330,117,S1,387.0,22.670,21.99
23331,117,S1,390.0,22.709,21.99
23332,117,S1,393.0,22.665,21.99
23333,117,S1,396.0,22.658,21.99
23334,117,S1,399.0,22.748,21.99
23335,117,S1,402.0,22.619,21.99
23336,117,S1,405.0,22.625,21.99
23337,117,S1,408.0,22.634,21.99
23338,117,S1,411.0,22.597,21.99
23339,117,S1,414.0,22.521,21.99
23340,117,S1,417.0,22.537,21.99
23341,117,S1,420.0,22.422,21.99
23342,117,S1,423.0,22.567,21.99
23343,117,S1,426.0,22.430,21.99
23344,117,S1,429.0,22.501,21.99
23345,117,S1,432.0,22.409,21.99
23346,117,S1,435.0,22.435,21.99
23347,117,S1,438.0,22.397,21.99
23348,117,S1,441.0,22.431,21.99
23349,117,S1,444.0,22.418,21.99
23350,117,S1,447.0,22.347,21.99
23351,117,S1,450.0,22.465,21.99
23352,117,S1,453.0,22.359,21.99
23353,117,S1,456.0,22.495,21.99
23354,117,S1,459.0,22.342,21.99
23355,117,S1,462.0,22.322,21.99
23356,117,S1,465.0,22.264,21.99
23357,117,S1,468.0,22.301,21.99
23358,117,S1,471.0,22.317,21.99
23359,117,S1,474.0,22.313,21.99
23360,117,S1,477.0,22.202,21.99
23361,117,S1,480.0,22.360,21.99
23362,117,S1,483.0,22.315,21.99
23363,117,S1,486.0,22.247,21.99
23364,117,S1,489.0,22.181,21.99
23365,117,S1,492.0,22.258,21.99
23366,117,S1,495.0,22.149,21.99
23367,117,S1,498.0,22.231,21.99
23368,117,S1,501.0,22.261,21.99
23369,117,S1,504.0,22.209,21.99
23370,117,S1,507.0,22.199,21.99
23371,117,S1,510.0,22.215,21.99
23372,117,S1,513.0,22.185,21.99
23373,117,S1,516.0,22.189,21.99
23374,117,S1,519.0,22.228,21.99
23375,117,S1,522.0,22.190,21.99
23376,117,S1,525.0,22.140,21.99
23377,117,S1,528.0,22.081,21.99
23378,117,S1,531.0,22.147,21.99
23379,117,S1,534.0,22.180,21.99
23380,117,S1,537.0,22.206,21.99
23381,117,S1,540.0,22.123,21.99
23382,117,S1,543.0,22.139,21.99
23383,117,S1,546.0,22.143,21.99
23384,117,S1,549.0,22.112,21.99
23385,117,S1,552.0,22.118,21.99
23386,117,S1,555.0,22.104,21.99
23387,117,S1,558.0,22.111,21.99
23388,117,S1,561.0,22.157,21.99
23389,117,S1,564.0,22.055,21.99
23390,117,S1,567.0,22.137,21.99
23391,117,S1,570.0,22.018,21.99
23392,117,S1,573.0,22.069,21.99
23393,117,S1,576.0,21.966,21.99
23394,117,S1,579.0,22.012,21.99
23395,117,S1,582.0,22.129,21.99
23396,117,S1,585.0,22.107,21.99
23397,117,S1,588.0,22.039,21.99
23398,117,S1,591.0,22.051,21.99
23399,117,S1,594.0,21.933,21.99
23400,117,S1,597.0,22.051,21.99
23401,118,S2,0.0,85.617,21.04
23402,118,S2,3.0,84.656,21.04
23403,118,S2,6.0,83.781,21.04
23404,118,S2,9.0,82.851,21.04
23405,118,S2,12.0,81.889,21.04
23406,118,S2,15.0,81.131,21.04
23407,118,S2,18.0,80.334,21.04
23408,118,S2,21.0,79.420,21.04
23409,118,S2,24.0,78.631,21.04
23410,118,S2,27.0,77.802,21.04
23411,118,S2,30.0,76.897,21.04
23412,118,S2,33.0,76.190,21.04
23413,118,S2,36.0,75.411,21.04
23414,118,S2,39.0,74.587,21.04
23415,118,S2,42.0,73.871,21.04
23416,118,S2,45.0,73.079,21.04
23417,118,S2,48.0,72.316,21.04
23418,118,S2,51.0,71.598,21.04
23419,118,S2,54.0,70.878,21.04
23420,118,S2,57.0,70.175,21.04
23421,118,S2,60.0,69.435,21.04
23422,118,S2,63.0,68.793,21.04
23423,118,S2,66.0,68.161,21.04
23424,118,S2,69.0,67.422,21.04
23425,118,S2,72.0,66.812,21.04
23426,118,S2,75.0,66.166,21.04
23427,118,S2,78.0,65.453,21.04
23428,118,S2,81.0,64.844,21.04
23429,118,S2,84.0,64.209,21.04
23430,118,S2,87.0,63.705,21.04
23431,118,S2,90.0,62.987,21.04
23432,118,S2,93.0,62.502,21.04
23433,118,S2,96.0,61.806,21.04
23434,118,S2,99.0,61.264,21.04
23435,118,S2,102.0,60.697,21.04
23436,118,S2,105.0,60.057,21.04
23437,118,S2,108.0,59.540,21.04
23438,118,S2,111.0,59.041,21.04
23439,118,S2,114.0,58.471,21.04
23440,118,S2,117.0,57.994,21.04
23441,118,S2,120.0,57.423,21.04
23442,118,S2,123.0,56.875,21.04
23443,118,S2,126.0,56.265,21.04
23444,118,S2,129.0,55.827,21.04
23445,118,S2,132.0,55.322,21.04
23446,118,S2,135.0,54.770,21.04
23447,118,S2,138.0,54.372,21.04
23448,118,S2,141.0,53.982,21.04
23449,118,S2,144.0,53.488,21.04
23450,118,S2,147.0,52.948,21.04
23451,118,S2,150.0,52.506,21.04
23452,118,S2,153.0,52.103,21.04
23453,118,S2,156.0,51.617,21.04
23454,118,S2,159.0,51.148,21.04
23455,118,S2,162.0,50.829,21.04
23456,118,S2,165.0,50.334,21.04
23457,118,S2,168.0,49.908,21.04
23458,118,S2,171.0,49.500,21.04
23459,118,S2,174.0,49.171,21.04
23460,118,S2,177.0,48.807,21.04
23461,118,S2,180.0,48.326,21.04
23462,118,S2,183.0,47.947,21.04
23463,118,S2,186.0,47.540,21.04
23464,118,S2,189.0,47.328,21.04
23465,118,S2,192.0,46.811,21.04
23466,118,S2,195.0,46.435,21.04
23467,118,S2,198.0,46.070,21.04
23468,118,S2,201.0,45.698,21.04
23469,118,S2,204.0,45.491,21.04
23470,118,S2,207.0,45.013,21.04
23471,118,S2,210.0,44.708,21.04
23472,118,S2,213.0,44.366,21.04
23473,118,S2,216.0,44.005,21.04
23474,118,S2,219.0,43.648,21.04
23475,118,S2,222.0,43.300,21.04
23476,118,S2,225.0,43.036,21.04
23477,118,S2,228.0,42.792,21.04
23478,118,S2,231.0,42.441,21.04
23479,118,S2,234.0,42.232,21.04
23480,118,S2,237.0,41.882,21.04
23481,118,S2,240.0,41.430,21.04
23482,118,S2,243.0,41.213,21.04
23483,118,S2,246.0,40.895,21.04
23484,118,S2,249.0,40.612,21.04
23485,118,S2,252.0,40.379,21.04
23486,118,S2,255.0,40.107,21.04
23487,118,S2,258.0,39.865,21.04
23488,118,S2,261.0,39.571,21.04
23489,118,S2,264.0,39.289,21.04
23490,118,S2,267.0,38.959,21.04
23491,118,S2,270.0,38.830,21.04
23492,118,S2,273.0,38.492,21.04
23493,118,S2,276.0,38.346,21.04
23494,118,S2,279.0,37.998,21.04
23495,118,S2,282.0,37.755,21.04
23496,118,S2,285.0,37.506,21.04
23497,118,S2,288.0,37.321,21.04
23498,118,S2,291.0,37.139,21.04
23499,118,S2,294.0,36.807,21.04
23500,118,S2,297.0,36.678,21.04
23501,118,S2,300.0,36.391,21.04
23502,118,S2,303.0,36.192,21.04
23503,118,S2,306.0,35.920,21.04
23504,118,S2,309.0,35.750,21.04
23505,118,S2,312.0,35.469,21.04
23506,118,S2,315.0,35.379,21.04
23507,118,S2,318.0,35.157,21.04
23508,118,S2,321.0,34.934,21.04
23509,118,S2,324.0,34.778,21.04
23510,118,S2,327.0,34.581,21.04
23511,118,S2,330.0,34.384,21.04
23512,118,S2,333.0,34.141,21.04
23513,118,S2,336.0,34.000,21.04
23514,118,S2,339.0,33.792,21.04
23515,118,S2,342.0,33.578,21.04
23516,118,S2,345.0,33.448,21.04
23517,118,S2,348.0,33.248,21.04
23518,118,S2,351.0,33.189,21.04
23519,118,S2,354.0,32.836,21.04
23520,118,S2,357.0,32.749,21.04
23521,118,S2,360.0,32.612,21.04
23522,118,S2,363.0,32.479,21.04
23523,118,S2,366.0,32.220,21.04
23524,118,S2,369.0,32.138,21.04
23525,118,S2,372.0,31.940,21.04
23526,118,S2,375.0,31.760,21.04
23527,118,S2,378.0,31.660,21.04
23528,118,S2,381.0,31.382,21.04
23529,118,S2,384.0,31.331,21.04
23530,118,S2,387.0,31.138,21.04
23531,118,S2,390.0,31.061,21.04
23532,118,S2,393.0,30.895,21.04
23533,118,S2,396.0,30.810,21.04
23534,118,S2,399.0,30.606,21.04
23535,118,S2,402.0,30.498,21.04
23536,118,S2,405.0,30.396,21.04
23537,118,S2,408.0,30.193,21.04
23538,118,S2,411.0,30.052,21.04
23539,118,S2,414.0,29.979,21.04
23540,118,S2,417.0,29.823,21.04
23541,118,S2,420.0,29.685,21.04
23542,118,S2,423.0,29.546,21.04
23543,118,S2,426.0,29.491,21.04
23544,118,S2,429.0,29.367,21.04
23545,118,S2,432.0,29.140,21.04
23546,118,S2,435.0,29.053,21.04
23547,118,S2,438.0,29.010,21.04
23548,118,S2,441.0,28.825,21.04
23549,118,S2,444.0,28.751,21.04
23550,118,S2,447.0,28.617,21.04
23551,118,S2,450.0,28.540,21.04
23552,118,S2,453.0,28.479,21.04
23553,118,S2,456.0,28.238,21.04
23554,118,S2,459.0,28.347,21.04
23555,118,S2,462.0,28.096,21.04
23556,118,S2,465.0,27.987,21.04
23557,118,S2,468.0,27.870,21.04
23558,118,S2,471.0,27.801,21.04
23559,118,S2,474.0,27.787,21.04
23560,118,S2,477.0,27.592,21.04
23561,118,S2,480.0,27.443,21.04
23562,118,S2,483.0,27.431,21.04
23563,118,S2,486.0,27.385,21.04
23564,118,S2,489.0,27.199,21.04
23565,118,S2,492.0,27.210,21.04
23566,118,S2,495.0,27.145,21.04
23567,118,S2,498.0,27.144,21.04
23568,118,S2,501.0,26.919,21.04
23569,118,S2,504.0,26.752,21.04
23570,118,S2,507.0,26.811,21.04
23571,118,S2,510.0,26.655,21.04
23572,118,S2,513.0,26.661,21.04
23573,118,S2,516.0,26.493,21.04
23574,118,S2,519.0,26.397,21.04
23575,118,S2,522.0,26.295,21.04
23576,118,S2,525.0,26.252,21.04
23577,118,S2,528.0,26.184,21.04
23578,118,S2,531.0,26.079,21.04
23579,118,S2,534.0,25.984,21.04
23580,118,S2,537.0,26.025,21.04
23581,118,S2,540.0,25.888,21.04
23582,118,S2,543.0,25.813,21.04
23583,118,S2,546.0,25.864,21.04
23584,118,S2,549.0,25.650,21.04
23585,118,S2,552.0,25.567,21.04
23586,118,S2,555.0,25.610,21.04
23587,118,S2,558.0,25.524,21.04
23588,118,S2,561.0,25.450,21.04
23589,118,S2,564.0,25.284,21.04
23590,118,S2,567.0,25.388,21.04
23591,118,S2,570.0,25.287,21.04
23592,118,S2,573.0,25.239,21.04
23593,118,S2,576.0,25.241,21.04
23594,118,S2,579.0,25.142,21.04
23595,118,S2,582.0,24.984,21.04
23596,118,S2,585.0,25.062,21.04
23597,118,S2,588.0,24.965,21.04
23598,118,S2,591.0,24.795,21.04
23599,118,S2,594.0,24.757,21.04
23600,118,S2,597.0,24.618,21.04
23601,119,S3,0.0,87.189,20.27
23602,119,S3,3.0,86.278,20.27
23603,119,S3,6.0,85.155,20.27
23604,119,S3,9.0,84.171,20.27
23605,119,S3,12.0,83.034,20.27
23606,119,S3,15.0,82.108,20.27
23607,119,S3,18.0,81.242,20.27
23608,119,S3,21.0,80.194,20.27
23609,119,S3,24.0,79.259,20.27
23610,119,S3,27.0,78.317,20.27
23611,119,S3,30.0,77.332,20.27
23612,119,S3,33.0,76.517,20.27
23613,119,S3,36.0,75.637,20.27
23614,119,S3,39.0,74.660,20.27
23615,119,S3,42.0,73.913,20.27
23616,119,S3,45.0,73.061,20.27
23617,119,S3,48.0,72.265,20.27
23618,119,S3,51.0,71.315,20.27
23619,119,S3,54.0,70.567,20.27
23620,119,S3,57.0,69.766,20.27
23621,119,S3,60.0,68.871,20.27
23622,119,S3,63.0,68.190,20.27
23623,119,S3,66.0,67.430,20.27
23624,119,S3,69.0,66.700,20.27
23625,119,S3,72.0,66.039,20.27
23626,119,S3,75.0,65.303,20.27
23627,119,S3,78.0,64.577,20.27
23628,119,S3,81.0,63.822,20.27
23629,119,S3,84.0,63.062,20.27
23630,119,S3,87.0,62.456,20.27
23631,119,S3,90.0,61.840,20.27
23632,119,S3,93.0,61.127,20.27
23633,119,S3,96.0,60.536,20.27
23634,119,S3,99.0,59.844,20.27
23635,119,S3,102.0,59.182,20.27
23636,119,S3,105.0,58.581,20.27
23637,119,S3,108.0,57.997,20.27
23638,119,S3,111.0,57.325,20.27
23639,119,S3,114.0,56.873,20.27
23640,119,S3,117.0,56.317,20.27
23641,119,S3,120.0,55.695,20.27
23642,119,S3,123.0,55.146,20.27
23643,119,S3,126.0,54.542,20.27
23644,119,S3,129.0,54.075,20.27
23645,119,S3,132.0,53.407,20.27
23646,119,S3,135.0,52.975,20.27
23647,119,S3,138.0,52.405,20.27
23648,119,S3,141.0,51.990,20.27
23649,119,S3,144.0,51.465,20.27
23650,119,S3,147.0,50.952,20.27
23651,119,S3,150.0,50.470,20.27
23652,119,S3,153.0,50.075,20.27
23653,119,S3,156.0,49.565,20.27
23654,119,S3,159.0,49.132,20.27
23655,119,S3,162.0,48.682,20.27
23656,119,S3,165.0,48.091,20.27
23657,119,S3,168.0,47.823,20.27
23658,119,S3,171.0,47.334,20.27
23659,119,S3,174.0,46.847,20.27
23660,119,S3,177.0,46.465,20.27
23661,119,S3,180.0,46.061,20.27
23662,119,S3,183.0,45.646,20.27
23663,119,S3,186.0,45.265,20.27
23664,119,S3,189.0,44.812,20.27
23665,119,S3,192.0,44.468,20.27
23666,119,S3,195.0,44.156,20.27
23667,119,S3,198.0,43.680,20.27
23668,119,S3,201.0,43.322,20.27
23669,119,S3,204.0,42.960,20.27
23670,119,S3,207.0,42.529,20.27
23671,119,S3,210.0,42.196,20.27
23672,119,S3,213.0,41.954,20.27
23673,119,S3,216.0,41.481,20.27
23674,119,S3,219.0,41.230,20.27
23675,119,S3,222.0,40.910,20.27
23676,119,S3,225.0,40.583,20.27
23677,119,S3,228.0,40.213,20.27
23678,119,S3,231.0,39.909,20.27
23679,119,S3,234.0,39.729,20.27
23680,119,S3,237.0,39.331,20.27
23681,119,S3,240.0,39.035,20.27
23682,119,S3,243.0,38.598,20.27
23683,119,S3,246.0,38.485,20.27
23684,119,S3,249.0,38.162,20.27
23685,119,S3,252.0,37.949,20.27
23686,119,S3,255.0,37.534,20.27
23687,119,S3,258.0,37.283,20.27
23688,119,S3,261.0,37.006,20.27
23689,119,S3,264.0,36.786,20.27
23690,119,S3,267.0,36.470,20.27
23691,119,S3,270.0,36.372,20.27
23692,119,S3,273.0,35.929,20.27
23693,119,S3,276.0,35.708,20.27
23694,119,S3,279.0,35.498,20.27
23695,119,S3,282.0,35.161,20.27
23696,119,S3,285.0,35.085,20.27
23697,119,S3,288.0,34.736,20.27
23698,119,S3,291.0,34.523,20.27
23699,119,S3,294.0,34.252,20.27
23700,119,S3,297.0,34.135,20.27
23701,119,S3,300.0,33.947,20.27
23702,119,S3,303.0,33.623,20.27
23703,119,S3,306.0,33.443,20.27
23704,119,S3,309.0,33.250,20.27
23705,119,S3,312.0,33.000,20.27
23706,119,S3,315.0,32.792,20.27
23707,119,S3,318.0,32.697,20.27
23708,119,S3,321.0,32.479,20.27
23709,119,S3,324.0,32.278,20.27
23710,119,S3,327.0,32.042,20.27
23711,119,S3,330.0,31.917,20.27
23712,119,S3,333.0,31.756,20.27
23713,119,S3,336.0,31.582,20.27
23714,119,S3,339.0,31.333,20.27
23715,119,S3,342.0,31.192,20.27
23716,119,S3,345.0,30.995,20.27
23717,119,S3,348.0,30.848,20.27
23718,119,S3,351.0,30.671,20.27
23719,119,S3,354.0,30.526,20.27
23720,119,S3,357.0,30.290,20.27
23721,119,S3,360.0,30.160,20.27
23722,119,S3,363.0,29.998,20.27
23723,119,S3,366.0,29.876,20.27
23724,119,S3,369.0,29.722,20.27
23725,119,S3,372.0,29.596,20.27
23726,119,S3,375.0,29.412,20.27
23727,119,S3,378.0,29.279,20.27
23728,119,S3,381.0,29.127,20.27
23729,119,S3,384.0,29.004,20.27
23730,119,S3,387.0,28.910,20.27
23731,119,S3,390.0,28.799,20.27
23732,119,S3,393.0,28.642,20.27
23733,119,S3,396.0,28.402,20.27
23734,119,S3,399.0,28.339,20.27
23735,119,S3,402.0,28.149,20.27
23736,119,S3,405.0,28.084,20.27
23737,119,S3,408.0,27.911,20.27
23738,119,S3,411.0,27.894,20.27
23739,119,S3,414.0,27.725,20.27
23740,119,S3,417.0,27.594,20.27
23741,119,S3,420.0,27.460,20.27
23742,119,S3,423.0,27.393,20.27
23743,119,S3,426.0,27.213,20.27
23744,119,S3,429.0,27.170,20.27
23745,119,S3,432.0,26.938,20.27
23746,119,S3,435.0,26.909,20.27
23747,119,S3,438.0,26.696,20.27
23748,119,S3,441.0,26.722,20.27
23749,119,S3,444.0,26.541,20.27
23750,119,S3,447.0,26.553,20.27
23751,119,S3,450.0,26.451,20.27
23752,119,S3,453.0,26.348,20.27
23753,119,S3,456.0,26.219,20.27
23754,119,S3,459.0,26.228,20.27
23755,119,S3,462.0,26.029,20.27
23756,119,S3,465.0,25.877,20.27
23757,119,S3,468.0,25.811,20.27
23758,119,S3,471.0,25.825,20.27
23759,119,S3,474.0,25.617,20.27
23760,119,S3,477.0,25.569,20.27
23761,119,S3,480.0,25.458,20.27
23762,119,S3,483.0,25.418,20.27
23763,119,S3,486.0,25.369,20.27
23764,119,S3,489.0,25.220,20.27
23765,119,S3,492.0,25.203,20.27
23766,119,S3,495.0,25.147,20.27
23767,119,S3,498.0,25.020,20.27
23768,119,S3,501.0,25.044,20.27
23769,119,S3,504.0,24.881,20.27
23770,119,S3,507.0,24.907,20.27
23771,119,S3,510.0,24.621,20.27
23772,119,S3,513.0,24.666,20.27
23773,119,S3,516.0,24.549,20.27
23774,119,S3,519.0,24.645,20.27
23775,119,S3,522.0,24.414,20.27
23776,119,S3,525.0,24.328,20.27
23777,119,S3,528.0,24.410,20.27
23778,119,S3,531.0,24.275,20.27
23779,119,S3,534.0,24.175,20.27
23780,119,S3,537.0,24.125,20.27
23781,119,S3,540.0,24.071,20.27
23782,119,S3,543.0,24.069,20.27
23783,119,S3,546.0,23.948,20.27
23784,119,S3,549.0,23.906,20.27
23785,119,S3,552.0,23.839,20.27
23786,119,S3,555.0,23.817,20.27
23787,119,S3,558.0,23.770,20.27
23788,119,S3,561.0,23.711,20.27
23789,119,S3,564.0,23.574,20.27
23790,119,S3,567.0,23.489,20.27
23791,119,S3,570.0,23.419,20.27
23792,119,S3,573.0,23.472,20.27
23793,119,S3,576.0,23.439,20.27
23794,119,S3,579.0,23.349,20.27
23795,119,S3,582.0,23.387,20.27
23796,119,S3,585.0,23.197,20.27
23797,119,S3,588.0,23.259,20.27
23798,119,S3,591.0,23.171,20.27
23799,119,S3,594.0,23.113,20.27
23800,119,S3,597.0,23.072,20.27
23801,120,S4,0.0,91.362,20.59
23802,120,S4,3.0,89.817,20.59
23803,120,S4,6.0,88.491,20.59
23804,120,S4,9.0,87.036,20.59
23805,120,S4,12.0,85.706,20.59
23806,120,S4,15.0,84.266,20.59
23807,120,S4,18.0,83.014,20.59
23808,120,S4,21.0,81.633,20.59
23809,120,S4,24.0,80.426,20.59
23810,120,S4,27.0,79.129,20.59
23811,120,S4,30.0,77.952,20.59
23812,120,S4,33.0,76.747,20.59
23813,120,S4,36.0,75.635,20.59
23814,120,S4,39.0,74.451,20.59
23815,120,S4,42.0,73.360,20.59
23816,120,S4,45.0,72.279,20.59
23817,120,S4,48.0,71.170,20.59
23818,120,S4,51.0,70.026,20.59
23819,120,S4,54.0,69.016,20.59
23820,120,S4,57.0,68.030,20.59
23821,120,S4,60.0,66.954,20.59
23822,120,S4,63.0,66.142,20.59
23823,120,S4,66.0,65.092,20.59
23824,120,S4,69.0,64.224,20.59
23825,120,S4,72.0,63.300,20.59
23826,120,S4,75.0,62.344,20.59
23827,120,S4,78.0,61.538,20.59
23828,120,S4,81.0,60.588,20.59
23829,120,S4,84.0,59.807,20.59
23830,120,S4,87.0,58.913,20.59
23831,120,S4,90.0,58.269,20.59
23832,120,S4,93.0,57.403,20.59
23833,120,S4,96.0,56.593,20.59
23834,120,S4,99.0,56.000,20.59
23835,120,S4,102.0,55.149,20.59
23836,120,S4,105.0,54.446,20.59
23837,120,S4,108.0,53.695,20.59
23838,120,S4,111.0,53.027,20.59
23839,120,S4,114.0,52.457,20.59
23840,120,S4,117.0,51.693,20.59
23841,120,S4,120.0,51.076,20.59
23842,120,S4,123.0,50.411,20.59
23843,120,S4,126.0,49.775,20.59
23844,120,S4,129.0,49.172,20.59
23845,120,S4,132.0,48.596,20.59
23846,120,S4,135.0,48.020,20.59
23847,120,S4,138.0,47.444,20.59
23848,120,S4,141.0,46.886,20.59
23849,120,S4,144.0,46.320,20.59
23850,120,S4,147.0,45.821,20.59
23851,120,S4,150.0,45.326,20.59
23852,120,S4,153.0,44.802,20.59
23853,120,S4,156.0,44.206,20.59
23854,120,S4,159.0,43.673,20.59
23855,120,S4,162.0,43.347,20.59
23856,120,S4,165.0,42.758,20.59
23857,120,S4,168.0,42.301,20.59
23858,120,S4,171.0,41.934,20.59
23859,120,S4,174.0,41.361,20.59
23860,120,S4,177.0,40.953,20.59
23861,120,S4,180.0,40.664,20.59
23862,120,S4,183.0,40.261,20.59
23863,120,S4,186.0,39.820,20.59
23864,120,S4,189.0,39.400,20.59
23865,120,S4,192.0,39.070,20.59
23866,120,S4,195.0,38.557,20.59
23867,120,S4,198.0,38.317,20.59
23868,120,S4,201.0,37.742,20.59
23869,120,S4,204.0,37.487,20.59
23870,120,S4,207.0,37.185,20.59
23871,120,S4,210.0,36.939,20.59
23872,120,S4,213.0,36.474,20.59
23873,120,S4,216.0,36.165,20.59
23874,120,S4,219.0,35.825,20.59
23875,120,S4,222.0,35.475,20.59
23876,120,S4,225.0,35.142,20.59
23877,120,S4,228.0,34.846,20.59
23878,120,S4,231.0,34.673,20.59
23879,120,S4,234.0,34.319,20.59
23880,120,S4,237.0,33.971,20.59
23881,120,S4,240.0,33.749,20.59
23882,120,S4,243.0,33.428,20.59
23883,120,S4,246.0,33.177,20.59
23884,120,S4,249.0,32.887,20.59
23885,120,S4,252.0,32.625,20.59
23886,120,S4,255.0,32.391,20.59
23887,120,S4,258.0,32.120,20.59
23888,120,S4,261.0,31.948,20.59
23889,120,S4,264.0,31.699,20.59
23890,120,S4,267.0,31.462,20.59
23891,120,S4,270.0,31.166,20.59
23892,120,S4,273.0,31.043,20.59
23893,120,S4,276.0,30.732,20.59
23894,120,S4,279.0,30.526,20.59
23895,120,S4,282.0,30.393,20.59
23896,120,S4,285.0,30.147,20.59
23897,120,S4,288.0,30.021,20.59
23898,120,S4,291.0,29.663,20.59
23899,120,S4,294.0,29.588,20.59
23900,120,S4,297.0,29.369,20.59
23901,120,S4,300.0,29.219,20.59
23902,120,S4,303.0,28.916,20.59
23903,120,S4,306.0,28.910,20.59
23904,120,S4,309.0,28.586,20.59
23905,120,S4,312.0,28.488,20.59
23906,120,S4,315.0,28.400,20.59
23907,120,S4,318.0,28.158,20.59
23908,120,S4,321.0,27.965,20.59
23909,120,S4,324.0,27.859,20.59
23910,120,S4,327.0,27.647,20.59
23911,120,S4,330.0,27.567,20.59
23912,120,S4,333.0,27.435,20.59
23913,120,S4,336.0,27.280,20.59
23914,120,S4,339.0,27.121,20.59
23915,120,S4,342.0,26.993,20.59
23916,120,S4,345.0,26.877,20.59
23917,120,S4,348.0,26.771,20.59
23918,120,S4,351.0,26.647,20.59
23919,120,S4,354.0,26.520,20.59
23920,120,S4,357.0,26.408,20.59
23921,120,S4,360.0,26.196,20.59
23922,120,S4,363.0,26.076,20.59
23923,120,S4,366.0,26.018,20.59
23924,120,S4,369.0,25.844,20.59
23925,120,S4,372.0,25.813,20.59
23926,120,S4,375.0,25.634,20.59
23927,120,S4,378.0,25.681,20.59
23928,120,S4,381.0,25.502,20.59
23929,120,S4,384.0,25.408,20.59
23930,120,S4,387.0,25.237,20.59
23931,120,S4,390.0,25.112,20.59
23932,120,S4,393.0,25.143,20.59
23933,120,S4,396.0,25.042,20.59
23934,120,S4,399.0,24.880,20.59
23935,120,S4,402.0,24.799,20.59
23936,120,S4,405.0,24.702,20.59
23937,120,S4,408.0,24.531,20.59
23938,120,S4,411.0,24.526,20.59
23939,120,S4,414.0,24.420,20.59
23940,120,S4,417.0,24.298,20.59
23941,120,S4,420.0,24.296,20.59
23942,120,S4,423.0,24.244,20.59
23943,120,S4,426.0,24.154,20.59
23944,120,S4,429.0,23.975,20.59
23945,120,S4,432.0,24.063,20.59
23946,120,S4,435.0,23.927,20.59
23947,120,S4,438.0,23.924,20.59
23948,120,S4,441.0,23.773,20.59
23949,120,S4,444.0,23.733,20.59
23950,120,S4,447.0,23.769,20.59
23951,120,S4,450.0,23.617,20.59
23952,120,S4,453.0,23.620,20.59
23953,120,S4,456.0,23.494,20.59
23954,120,S4,459.0,23.419,20.59
23955,120,S4,462.0,23.419,20.59
23956,120,S4,465.0,23.267,20.59
23957,120,S4,468.0,23.280,20.59
23958,120,S4,471.0,23.126,20.59
23959,120,S4,474.0,23.232,20.59
23960,120,S4,477.0,23.075,20.59
23961,120,S4,480.0,23.062,20.59
23962,120,S4,483.0,22.919,20.59
23963,120,S4,486.0,23.024,20.59
23964,120,S4,489.0,22.879,20.59
23965,120,S4,492.0,22.871,20.59
23966,120,S4,495.0,22.792,20.59
23967,120,S4,498.0,22.746,20.59
23968,120,S4,501.0,22.739,20.59
23969,120,S4,504.0,22.641,20.59
23970,120,S4,507.0,22.567,20.59
23971,120,S4,510.0,22.585,20.59
23972,120,S4,513.0,22.525,20.59
23973,120,S4,516.0,22.494,20.59
23974,120,S4,519.0,22.361,20.59
23975,120,S4,522.0,22.360,20.59
23976,120,S4,525.0,22.400,20.59
23977,120,S4,528.0,22.362,20.59
23978,120,S4,531.0,22.281,20.59
23979,120,S4,534.0,22.313,20.59
23980,120,S4,537.0,22.271,20.59
23981,120,S4,540.0,22.131,20.59
23982,120,S4,543.0,22.135,20.59
23983,120,S4,546.0,22.139,20.59
23984,120,S4,549.0,22.106,20.59
23985,120,S4,552.0,22.128,20.59
23986,120,S4,555.0,22.108,20.59
23987,120,S4,558.0,21.969,20.59
23988,120,S4,561.0,21.920,20.59
23989,120,S4,564.0,21.993,20.59
23990,120,S4,567.0,21.883,20.59
23991,120,S4,570.0,21.846,20.59
23992,120,S4,573.0,21.887,20.59
23993,120,S4,576.0,21.788,20.59
23994,120,S4,579.0,21.794,20.59
23995,120,S4,582.0,21.870,20.59
23996,120,S4,585.0,21.670,20.59
23997,120,S4,588.0,21.738,20.59
23998,120,S4,591.0,21.701,20.59
23999,120,S4,594.0,21.613,20.59
24000,120,S4,597.0,21.657,20.59
24001,121,S1,0.0,93.663,21.92
24002,121,S1,3.0,92.567,21.92
24003,121,S1,6.0,91.399,21.92
24004,121,S1,9.0,90.217,21.92
24005,121,S1,12.0,89.239,21.92
24006,121,S1,15.0,87.960,21.92
24007,121,S1,18.0,87.058,21.92
24008,121,S1,21.0,85.961,21.92
24009,121,S1,24.0,84.890,21.92
24010,121,S1,27.0,83.835,21.92
24011,121,S1,30.0,82.891,21.92
24012,121,S1,33.0,81.806,21.92
24013,121,S1,36.0,80.929,21.92
24014,121,S1,39.0,80.010,21.92
24015,121,S1,42.0,78.956,21.92
24016,121,S1,45.0,78.021,21.92
24017,121,S1,48.0,77.177,21.92
24018,121,S1,51.0,76.289,21.92
24019,121,S1,54.0,75.349,21.92
24020,121,S1,57.0,74.538,21.92
24021,121,S1,60.0,73.624,21.92
24022,121,S1,63.0,72.821,21.92
24023,121,S1,66.0,71.949,21.92
24024,121,S1,69.0,71.148,21.92
24025,121,S1,72.0,70.300,21.92
24026,121,S1,75.0,69.596,21.92
24027,121,S1,78.0,68.807,21.92
24028,121,S1,81.0,68.003,21.92
24029,121,S1,84.0,67.260,21.92
24030,121,S1,87.0,66.472,21.92
24031,121,S1,90.0,65.868,21.92
24032,121,S1,93.0,65.072,21.92
24033,121,S1,96.0,64.377,21.92
24034,121,S1,99.0,63.712,21.92
24035,121,S1,102.0,63.002,21.92
24036,121,S1,105.0,62.390,21.92
24037,121,S1,108.0,61.660,21.92
24038,121,S1,111.0,61.017,21.92
24039,121,S1,114.0,60.422,21.92
24040,121,S1,117.0,59.818,21.92
24041,121,S1,120.0,59.189,21.92
24042,121,S1,123.0,58.657,21.92
24043,121,S1,126.0,57.954,21.92
24044,121,S1,129.0,57.405,21.92
24045,121,S1,132.0,56.754,21.92
24046,121,S1,135.0,56.321,21.92
24047,121,S1,138.0,55.745,21.92
24048,121,S1,141.0,55.160,21.92
24049,121,S1,144.0,54.570,21.92
24050,121,S1,147.0,54.021,21.92
24051,121,S1,150.0,53.560,21.92
24052,121,S1,153.0,52.997,21.92
24053,121,S1,156.0,52.527,21.92
24054,121,S1,159.0,52.027,21.92
24055,121,S1,162.0,51.645,21.92
24056,121,S1,165.0,51.091,21.92
24057,121,S1,168.0,50.632,21.92
24058,121,S1,171.0,50.122,21.92
24059,121,S1,174.0,49.668,21.92
24060,121,S1,177.0,49.224,21.92
24061,121,S1,180.0,48.695,21.92
24062,121,S1,183.0,48.347,21.92
24063,121,S1,186.0,47.910,21.92
24064,121,S1,189.0,47.514,21.92
24065,121,S1,192.0,47.111,21.92
24066,121,S1,195.0,46.623,21.92
24067,121,S1,198.0,46.320,21.92
24068,121,S1,201.0,45.923,21.92
24069,121,S1,204.0,45.544,21.92
24070,121,S1,207.0,45.063,21.92
24071,121,S1,210.0,44.729,21.92
24072,121,S1,213.0,44.258,21.92
24073,121,S1,216.0,44.030,21.92
24074,121,S1,219.0,43.703,21.92
24075,121,S1,222.0,43.264,21.92
24076,121,S1,225.0,43.010,21.92
24077,121,S1,228.0,42.589,21.92
24078,121,S1,231.0,42.212,21.92
24079,121,S1,234.0,41.881,21.92
24080,121,S1,237.0,41.587,21.92
24081,121,S1,240.0,41.365,21.92
24082,121,S1,243.0,40.911,21.92
24083,121,S1,246.0,40.714,21.92
24084,121,S1,249.0,40.383,21.92
24085,121,S1,252.0,40.120,21.92
24086,121,S1,255.0,39.769,21.92
24087,121,S1,258.0,39.528,21.92
24088,121,S1,261.0,39.217,21.92
24089,121,S1,264.0,38.945,21.92
24090,121,S1,267.0,38.582,21.92
24091,121,S1,270.0,38.425,21.92
24092,121,S1,273.0,38.052,21.92
24093,121,S1,276.0,37.845,21.92
24094,121,S1,279.0,37.598,21.92
24095,121,S1,282.0,37.297,21.92
24096,121,S1,285.0,37.045,21.92
24097,121,S1,288.0,36.798,21.92
24098,121,S1,291.0,36.492,21.92
24099,121,S1,294.0,36.289,21.92
24100,121,S1,297.0,36.115,21.92
24101,121,S1,300.0,35.814,21.92
24102,121,S1,303.0,35.605,21.92
24103,121,S1,306.0,35.405,21.92
24104,121,S1,309.0,35.184,21.92
24105,121,S1,312.0,34.954,21.92
24106,121,S1,315.0,34.793,21.92
24107,121,S1,318.0,34.657,21.92
24108,121,S1,321.0,34.233,21.92
24109,121,S1,324.0,34.205,21.92
24110,121,S1,327.0,34.012,21.92
24111,121,S1,330.0,33.851,21.92
24112,121,S1,333.0,33.545,21.92
24113,121,S1,336.0,33.370,21.92
24114,121,S1,339.0,33.183,21.92
24115,121,S1,342.0,33.096,21.92
24116,121,S1,345.0,32.815,21.92
24117,121,S1,348.0,32.732,21.92
24118,121,S1,351.0,32.458,21.92
24119,121,S1,354.0,32.307,21.92
24120,121,S1,357.0,32.122,21.92
24121,121,S1,360.0,31.999,21.92
24122,121,S1,363.0,31.820,21.92
24123,121,S1,366.0,31.692,21.92
24124,121,S1,369.0,31.504,21.92
24125,121,S1,372.0,31.416,21.92
24126,121,S1,375.0,31.257,21.92
24127,121,S1,378.0,31.089,21.92
24128,121,S1,381.0,30.984,21.92
24129,121,S1,384.0,30.845,21.92
24130,121,S1,387.0,30.573,21.92
24131,121,S1,390.0,30.551,21.92
24132,121,S1,393.0,30.275,21.92
24133,121,S1,396.0,30.223,21.92
24134,121,S1,399.0,30.057,21.92
24135,121,S1,402.0,29.871,21.92
24136,121,S1,405.0,29.845,21.92
24137,121,S1,408.0,29.699,21.92
24138,121,S1,411.0,29.610,21.92
24139,121,S1,414.0,29.447,21.92
24140,121,S1,417.0,29.313,21.92
24141,121,S1,420.0,29.203,21.92
24142,121,S1,423.0,29.036,21.92
24143,121,S1,426.0,28.909,21.92
24144,121,S1,429.0,28.819,21.92
24145,121,S1,432.0,28.750,21.92
24146,121,S1,435.0,28.659,21.92
24147,121,S1,438.0,28.496,21.92
24148,121,S1,441.0,28.361,21.92
24149,121,S1,444.0,28.346,21.92
24150,121,S1,447.0,28.237,21.92
24151,121,S1,450.0,28.062,21.92
24152,121,S1,453.0,28.012,21.92
24153,121,S1,456.0,27.897,21.92
24154,121,S1,459.0,27.808,21.92
24155,121,S1,462.0,27.644,21.92
24156,121,S1,465.0,27.581,21.92
24157,121,S1,468.0,27.517,21.92
24158,121,S1,471.0,27.391,21.92
24159,121,S1,474.0,27.291,21.92
24160,121,S1,477.0,27.275,21.92
24161,121,S1,480.0,27.174,21.92
24162,121,S1,483.0,27.111,21.92
24163,121,S1,486.0,26.954,21.92
24164,121,S1,489.0,26.953,21.92
24165,121,S1,492.0,26.793,21.92
24166,121,S1,495.0,26.712,21.92
24167,121,S1,498.0,26.707,21.92
24168,121,S1,501.0,26.615,21.92
24169,121,S1,504.0,26.565,21.92
24170,121,S1,507.0,26.393,21.92
24171,121,S1,510.0,26.348,21.92
24172,121,S1,513.0,26.374,21.92
24173,121,S1,516.0,26.197,21.92
24174,121,S1,519.0,26.172,21.92
24175,121,S1,522.0,26.149,21.92
24176,121,S1,525.0,25.975,21.92
24177,121,S1,528.0,25.950,21.92
24178,121,S1,531.0,25.860,21.92
24179,121,S1,534.0,25.748,21.92
24180,121,S1,537.0,25.805,21.92
24181,121,S1,540.0,25.824,21.92
24182,121,S1,543.0,25.646,21.92
24183,121,S1,546.0,25.603,21.92
24184,121,S1,549.0,25.561,21.92
24185,121,S1,552.0,25.539,21.92
24186,121,S1,555.0,25.395,21.92
24187,121,S1,558.0,25.363,21.92
24188,121,S1,561.0,25.240,21.92
24189,121,S1,564.0,25.287,21.92
24190,121,S1,567.0,25.154,21.92
24191,121,S1,570.0,25.134,21.92
24192,121,S1,573.0,25.079,21.92
24193,121,S1,576.0,25.053,21.92
24194,121,S1,579.0,24.977,21.92
24195,121,S1,582.0,24.931,21.92
24196,121,S1,585.0,24.912,21.92
24197,121,S1,588.0,24.837,21.92
24198,121,S1,591.0,24.768,21.92
24199,121,S1,594.0,24.765,21.92
24200,121,S1,597.0,24.670,21.92
24201,122,S2,0.0,76.238,20.12
24202,122,S2,3.0,75.256,20.12
24203,122,S2,6.0,74.324,20.12
24204,122,S2,9.0,73.567,20.12
24205,122,S2,12.0,72.563,20.12
24206,122,S2,15.0,71.641,20.12
24207,122,S2,18.0,70.864,20.12
24208,122,S2,21.0,70.022,20.12
24209,122,S2,24.0,69.106,20.12
24210,122,S2,27.0,68.265,20.12
24211,122,S2,30.0,67.548,20.12
24212,122,S2,33.0,66.843,20.12
24213,122,S2,36.0,65.879,20.12
24214,122,S2,39.0,65.069,20.12
24215,122,S2,42.0,64.429,20.12
24216,122,S2,45.0,63.629,20.12
24217,122,S2,48.0,62.963,20.12
24218,122,S2,51.0,62.216,20.12
24219,122,S2,54.0,61.524,20.12
24220,122,S2,57.0,60.805,20.12
24221,122,S2,60.0,60.020,20.12
24222,122,S2,63.0,59.424,20.12
24223,122,S2,66.0,58.840,20.12
24224,122,S2,69.0,58.151,20.12
24225,122,S2,72.0,57.551,20.12
24226,122,S2,75.0,56.931,20.12
24227,122,S2,78.0,56.277,20.12
24228,122,S2,81.0,55.613,20.12
24229,122,S2,84.0,55.151,20.12
24230,122,S2,87.0,54.598,20.12
24231,122,S2,90.0,53.906,20.12
24232,122,S2,93.0,53.392,20.12
24233,122,S2,96.0,52.725,20.12
24234,122,S2,99.0,52.199,20.12
24235,122,S2,102.0,51.672,20.12
24236,122,S2,105.0,51.166,20.12
24237,122,S2,108.0,50.632,20.12
24238,122,S2,111.0,50.171,20.12
24239,122,S2,114.0,49.614,20.12
24240,122,S2,117.0,49.153,20.12
24241,122,S2,120.0,48.604,20.12
24242,122,S2,123.0,48.155,20.12
24243,122,S2,126.0,47.727,20.12
24244,122,S2,129.0,47.168,20.12
24245,122,S2,132.0,46.779,20.12
24246,122,S2,135.0,46.355,20.12
24247,122,S2,138.0,45.836,20.12
24248,122,S2,141.0,45.512,20.12
24249,122,S2,144.0,45.063,20.12
24250,122,S2,147.0,44.619,20.12
24251,122,S2,150.0,44.202,20.12
24252,122,S2,153.0,43.786,20.12
24253,122,S2,156.0,43.430,20.12
24254,122,S2,159.0,43.010,20.12
24255,122,S2,162.0,42.638,20.12
24256,122,S2,165.0,42.223,20.12
24257,122,S2,168.0,41.821,20.12
24258,122,S2,171.0,41.492,20.12
24259,122,S2,174.0,41.215,20.12
24260,122,S2,177.0,40.749,20.12
24261,122,S2,180.0,40.425,20.12
24262,122,S2,183.0,40.094,20.12
24263,122,S2,186.0,39.840,20.12
24264,122,S2,189.0,39.522,20.12
24265,122,S2,192.0,39.158,20.12
24266,122,S2,195.0,38.732,20.12
24267,122,S2,198.0,38.485,20.12
24268,122,S2,201.0,38.253,20.12
24269,122,S2,204.0,37.885,20.12
24270,122,S2,207.0,37.581,20.12
24271,122,S2,210.0,37.175,20.12
24272,122,S2,213.0,37.093,20.12
24273,122,S2,216.0,36.652,20.12
24274,122,S2,219.0,36.406,20.12
24275,122,S2,222.0,36.184,20.12
24276,122,S2,225.0,35.791,20.12
24277,122,S2,228.0,35.645,20.12
24278,122,S2,231.0,35.341,20.12
24279,122,S2,234.0,35.095,20.12
24280,122,S2,237.0,34.814,20.12
24281,122,S2,240.0,34.642,20.12
24282,122,S2,243.0,34.424,20.12
24283,122,S2,246.0,34.127,20.12
24284,122,S2,249.0,33.875,20.12
24285,122,S2,252.0,33.681,20.12
24286,122,S2,255.0,33.453,20.12
24287,122,S2,258.0,33.284,20.12
24288,122,S2,261.0,32.927,20.12
24289,122,S2,264.0,32.835,20.12
24290,122,S2,267.0,32.627,20.12
24291,122,S2,270.0,32.325,20.12
24292,122,S2,273.0,32.219,20.12
24293,122,S2,276.0,31.973,20.12
24294,122,S2,279.0,31.785,20.12
24295,122,S2,282.0,31.580,20.12
24296,122,S2,285.0,31.395,20.12
24297,122,S2,288.0,31.105,20.12
24298,122,S2,291.0,30.955,20.12
24299,122,S2,294.0,30.862,20.12
24300,122,S2,297.0,30.608,20.12
24301,122,S2,300.0,30.543,20.12
24302,122,S2,303.0,30.279,20.12
24303,122,S2,306.0,30.127,20.12
24304,122,S2,309.0,29.993,20.12
24305,122,S2,312.0,29.731,20.12
24306,122,S2,315.0,29.655,20.12
24307,122,S2,318.0,29.364,20.12
24308,122,S2,321.0,29.311,20.12
24309,122,S2,324.0,29.113,20.12
24310,122,S2,327.0,29.000,20.12
24311,122,S2,330.0,28.863,20.12
24312,122,S2,333.0,28.705,20.12
24313,122,S2,336.0,28.437,20.12
24314,122,S2,339.0,28.413,20.12
24315,122,S2,342.0,28.315,20.12
24316,122,S2,345.0,28.090,20.12
24317,122,S2,348.0,27.955,20.12
24318,122,S2,351.0,27.810,20.12
24319,122,S2,354.0,27.674,20.12
24320,122,S2,357.0,27.612,20.12
24321,122,S2,360.0,27.440,20.12
24322,122,S2,363.0,27.433,20.12
24323,122,S2,366.0,27.181,20.12
24324,122,S2,369.0,27.068,20.12
24325,122,S2,372.0,27.000,20.12
24326,122,S2,375.0,26.796,20.12
24327,122,S2,378.0,26.853,20.12
24328,122,S2,381.0,26.719,20.12
24329,122,S2,384.0,26.464,20.12
24330,122,S2,387.0,26.409,20.12
24331,122,S2,390.0,26.274,20.12
24332,122,S2,393.0,26.242,20.12
24333,122,S2,396.0,26.126,20.12
24334,122,S2,399.0,26.088,20.12
24335,122,S2,402.0,25.901,20.12
24336,122,S2,405.0,25.792,20.12
24337,122,S2,408.0,25.738,20.12
24338,122,S2,411.0,25.665,20.12
24339,122,S2,414.0,25.592,20.12
24340,122,S2,417.0,25.485,20.12
24341,122,S2,420.0,25.423,20.12
24342,122,S2,423.0,25.276,20.12
24343,122,S2,426.0,25.301,20.12
24344,122,S2,429.0,25.087,20.12
24345,122,S2,432.0,24.982,20.12
24346,122,S2,435.0,24.928,20.12
24347,122,S2,438.0,24.900,20.12
24348,122,S2,441.0,24.712,20.12
24349,122,S2,444.0,24.714,20.12
24350,122,S2,447.0,24.604,20.12
24351,122,S2,450.0,24.635,20.12
24352,122,S2,453.0,24.442,20.12
24353,122,S2,456.0,24.419,20.12
24354,122,S2,459.0,24.275,20.12
24355,122,S2,462.0,24.205,20.12
24356,122,S2,465.0,24.240,20.12
24357,122,S2,468.0,24.095,20.12
24358,122,S2,471.0,24.105,20.12
24359,122,S2,474.0,23.909,20.12
24360,122,S2,477.0,23.948,20.12
24361,122,S2,480.0,23.844,20.12
24362,122,S2,483.0,23.815,20.12
24363,122,S2,486.0,23.620,20.12
24364,122,S2,489.0,23.755,20.12
24365,122,S2,492.0,23.542,20.12
24366,122,S2,495.0,23.540,20.12
24367,122,S2,498.0,23.473,20.12
24368,122,S2,501.0,23.497,20.12
24369,122,S2,504.0,23.386,20.12
24370,122,S2,507.0,23.412,20.12
24371,122,S2,510.0,23.266,20.12
24372,122,S2,513.0,23.325,20.12
24373,122,S2,516.0,23.258,20.12
24374,122,S2,519.0,23.129,20.12
24375,122,S2,522.0,23.001,20.12
24376,122,S2,525.0,23.062,20.12
24377,122,S2,528.0,22.951,20.12
24378,122,S2,531.0,22.922,20.12
24379,122,S2,534.0,22.880,20.12
24380,122,S2,537.0,22.841,20.12
24381,122,S2,540.0,22.838,20.12
24382,122,S2,543.0,22.714,20.12
24383,122,S2,546.0,22.719,20.12
24384,122,S2,549.0,22.771,20.12
24385,122,S2,552.0,22.642,20.12
24386,122,S2,555.0,22.544,20.12
24387,122,S2,558.0,22.542,20.12
24388,122,S2,561.0,22.446,20.12
24389,122,S2,564.0,22.526,20.12
24390,122,S2,567.0,22.445,20.12
24391,122,S2,570.0,22.353,20.12
24392,122,S2,573.0,22.322,20.12
24393,122,S2,576.0,22.278,20.12
24394,122,S2,579.0,22.192,20.12
24395,122,S2,582.0,22.289,20.12
24396,122,S2,585.0,22.223,20.12
24397,122,S2,588.0,22.148,20.12
24398,122,S2,591.0,22.095,20.12
24399,122,S2,594.0,22.106,20.12
24400,122,S2,597.0,22.164,20.12
24401,123,S3,0.0,73.416,20.43
24402,123,S3,3.0,72.361,20.43
24403,123,S3,6.0,71.385,20.43
24404,123,S3,9.0,70.460,20.43
24405,123,S3,12.0,69.620,20.43
24406,123,S3,15.0,68.690,20.43
24407,123,S3,18.0,67.899,20.43
24408,123,S3,21.0,66.954,20.43
24409,123,S3,24.0,66.074,20.43
24410,123,S3,27.0,65.342,20.43
24411,123,S3,30.0,64.462,20.43
24412,123,S3,33.0,63.618,20.43
24413,123,S3,36.0,62.838,20.43
24414,123,S3,39.0,62.193,20.43
24415,123,S3,42.0,61.370,20.43
24416,123,S3,45.0,60.689,20.43
24417,123,S3,48.0,59.787,20.43
24418,123,S3,51.0,59.160,20.43
24419,123,S3,54.0,58.346,20.43
24420,123,S3,57.0,57.778,20.43
24421,123,S3,60.0,57.151,20.43
24422,123,S3,63.0,56.355,20.43
24423,123,S3,66.0,55.801,20.43
24424,123,S3,69.0,55.183,20.43
24425,123,S3,72.0,54.513,20.43
24426,123,S3,75.0,53.848,20.43
24427,123,S3,78.0,53.297,20.43
24428,123,S3,81.0,52.722,20.43
24429,123,S3,84.0,52.077,20.43
24430,123,S3,87.0,51.537,20.43
24431,123,S3,90.0,50.985,20.43
24432,123,S3,93.0,50.413,20.43
24433,123,S3,96.0,49.864,20.43
24434,123,S3,99.0,49.340,20.43
24435,123,S3,102.0,48.782,20.43
24436,123,S3,105.0,48.262,20.43
24437,123,S3,108.0,47.779,20.43
24438,123,S3,111.0,47.247,20.43
24439,123,S3,114.0,46.798,20.43
24440,123,S3,117.0,46.292,20.43
24441,123,S3,120.0,45.822,20.43
24442,123,S3,123.0,45.419,20.43
24443,123,S3,126.0,44.869,20.43
24444,123,S3,129.0,44.443,20.43
24445,123,S3,132.0,44.114,20.43
24446,123,S3,135.0,43.592,20.43
24447,123,S3,138.0,43.168,20.43
24448,123,S3,141.0,42.701,20.43
24449,123,S3,144.0,42.336,20.43
24450,123,S3,147.0,41.915,20.43
24451,123,S3,150.0,41.604,20.43
24452,123,S3,153.0,41.225,20.43
24453,123,S3,156.0,40.806,20.43
24454,123,S3,159.0,40.471,20.43
24455,123,S3,162.0,39.997,20.43
24456,123,S3,165.0,39.719,20.43
24457,123,S3,168.0,39.381,20.43
24458,123,S3,171.0,39.035,20.43
24459,123,S3,174.0,38.702,20.43
24460,123,S3,177.0,38.407,20.43
24461,123,S3,180.0,38.079,20.43
24462,123,S3,183.0,37.802,20.43
24463,123,S3,186.0,37.499,20.43
24464,123,S3,189.0,37.201,20.43
24465,123,S3,192.0,36.800,20.43
24466,123,S3,195.0,36.467,20.43
24467,123,S3,198.0,36.186,20.43
24468,123,S3,201.0,35.857,20.43
24469,123,S3,204.0,35.699,20.43
24470,123,S3,207.0,35.353,20.43
24471,123,S3,210.0,35.109,20.43
24472,123,S3,213.0,34.882,20.43
24473,123,S3,216.0,34.461,20.43
24474,123,S3,219.0,34.337,20.43
24475,123,S3,222.0,34.038,20.43
24476,123,S3,225.0,33.799,20.43
24477,123,S3,228.0,33.640,20.43
24478,123,S3,231.0,33.235,20.43
24479,123,S3,234.0,33.040,20.43
24480,123,S3,237.0,32.914,20.43
24481,123,S3,240.0,32.643,20.43
24482,123,S3,243.0,32.407,20.43
24483,123,S3,246.0,32.164,20.43
24484,123,S3,249.0,32.008,20.43
24485,123,S3,252.0,31.780,20.43
24486,123,S3,255.0,31.582,20.43
24487,123,S3,258.0,31.345,20.43
24488,123,S3,261.0,31.117,20.43
24489,123,S3,264.0,30.969,20.43
24490,123,S3,267.0,30.743,20.43
24491,123,S3,270.0,30.602,20.43
24492,123,S3,273.0,30.392,20.43
24493,123,S3,276.0,30.362,20.43
24494,123,S3,279.0,30.064,20.43
24495,123,S3,282.0,29.886,20.43
24496,123,S3,285.0,29.730,20.43
24497,123,S3,288.0,29.472,20.43
24498,123,S3,291.0,29.357,20.43
24499,123,S3,294.0,29.239,20.43
24500,123,S3,297.0,29.043,20.43
24501,123,S3,300.0,28.812,20.43
24502,123,S3,303.0,28.740,20.43
24503,123,S3,306.0,28.467,20.43
24504,123,S3,309.0,28.436,20.43
24505,123,S3,312.0,28.320,20.43
24506,123,S3,315.0,28.151,20.43
24507,123,S3,318.0,27.941,20.43
24508,123,S3,321.0,27.908,20.43
24509,123,S3,324.0,27.761,20.43
24510,123,S3,327.0,27.527,20.43
24511,123,S3,330.0,27.527,20.43
24512,123,S3,333.0,27.327,20.43
24513,123,S3,336.0,27.282,20.43
24514,123,S3,339.0,27.079,20.43
24515,123,S3,342.0,27.008,20.43
24516,123,S3,345.0,26.903,20.43
24517,123,S3,348.0,26.624,20.43
24518,123,S3,351.0,26.602,20.43
24519,123,S3,354.0,26.462,20.43
24520,123,S3,357.0,26.403,20.43
24521,123,S3,360.0,26.339,20.43
24522,123,S3,363.0,26.136,20.43
24523,123,S3,366.0,26.073,20.43
24524,123,S3,369.0,25.930,20.43
24525,123,S3,372.0,25.890,20.43
24526,123,S3,375.0,25.860,20.43
24527,123,S3,378.0,25.633,20.43
24528,123,S3,381.0,25.624,20.43
24529,123,S3,384.0,25.419,20.43
24530,123,S3,387.0,25.341,20.43
24531,123,S3,390.0,25.312,20.43
24532,123,S3,393.0,25.287,20.43
24533,123,S3,396.0,25.206,20.43
24534,123,S3,399.0,25.064,20.43
24535,123,S3,402.0,24.879,20.43
24536,123,S3,405.0,24.944,20.43
24537,123,S3,408.0,24.786,20.43
24538,123,S3,411.0,24.762,20.43
24539,123,S3,414.0,24.654,20.43
24540,123,S3,417.0,24.536,20.43
24541,123,S3,420.0,24.433,20.43
24542,123,S3,423.0,24.385,20.43
24543,123,S3,426.0,24.388,20.43
24544,123,S3,429.0,24.350,20.43
24545,123,S3,432.0,24.165,20.43
24546,123,S3,435.0,24.108,20.43
24547,123,S3,438.0,24.022,20.43
24548,123,S3,441.0,24.094,20.43
24549,123,S3,444.0,23.946,20.43
24550,123,S3,447.0,23.785,20.43
24551,123,S3,450.0,23.830,20.43
24552,123,S3,453.0,23.769,20.43
24553,123,S3,456.0,23.717,20.43
24554,123,S3,459.0,23.661,20.43
24555,123,S3,462.0,23.571,20.43
24556,123,S3,465.0,23.542,20.43
24557,123,S3,468.0,23.485,20.43
24558,123,S3,471.0,23.434,20.43
24559,123,S3,474.0,23.412,20.43
24560,123,S3,477.0,23.236,20.43
24561,123,S3,480.0,23.202,20.43
24562,123,S3,483.0,23.235,20.43
24563,123,S3,486.0,23.064,20.43
24564,123,S3,489.0,23.115,20.43
24565,123,S3,492.0,23.044,20.43
24566,123,S3,495.0,23.005,20.43
24567,123,S3,498.0,22.919,20.43
24568,123,S3,501.0,22.918,20.43
24569,123,S3,504.0,22.842,20.43
24570,123,S3,507.0,22.790,20.43
24571,123,S3,510.0,22.731,20.43
24572,123,S3,513.0,22.666,20.43
24573,123,S3,516.0,22.711,20.43
24574,123,S3,519.0,22.654,20.43
24575,123,S3,522.0,22.714,20.43
24576,123,S3,525.0,22.455,20.43
24577,123,S3,528.0,22.586,20.43
24578,123,S3,531.0,22.619,20.43
24579,123,S3,534.0,22.449,20.43
24580,123,S3,537.0,22.373,20.43
24581,123,S3,540.0,22.388,20.43
24582,123,S3,543.0,22.310,20.43
24583,123,S3,546.0,22.292,20.43
24584,123,S3,549.0,22.225,20.43
24585,123,S3,552.0,22.279,20.43
24586,123,S3,555.0,22.198,20.43
24587,123,S3,558.0,22.149,20.43
24588,123,S3,561.0,22.009,20.43
24589,123,S3,564.0,22.080,20.43
24590,123,S3,567.0,22.090,20.43
24591,123,S3,570.0,22.047,20.43
24592,123,S3,573.0,21.958,20.43
24593,123,S3,576.0,21.929,20.43
24594,123,S3,579.0,22.019,20.43
24595,123,S3,582.0,21.944,20.43
24596,123,S3,585.0,21.906,20.43
24597,123,S3,588.0,21.833,20.43
24598,123,S3,591.0,21.775,20.43
24599,123,S3,594.0,21.852,20.43
24600,123,S3,597.0,21.854,20.43
24601,124,S4,0.0,84.875,20.49
24602,124,S4,3.0,83.025,20.49
24603,124,S4,6.0,81.266,20.49
24604,124,S4,9.0,79.639,20.49
24605,124,S4,12.0,77.980,20.49
24606,124,S4,15.0,76.382,20.49
24607,124,S4,18.0,74.846,20.49
24608,124,S4,21.0,73.303,20.49
24609,124,S4,24.0,71.780,20.49
24610,124,S4,27.0,70.333,20.49
24611,124,S4,30.0,68.862,20.49
24612,124,S4,33.0,67.575,20.49
24613,124,S4,36.0,66.200,20.49
24614,124,S4,39.0,64.977,20.49
24615,124,S4,42.0,63.688,20.49
24616,124,S4,45.0,62.575,20.49
24617,124,S4,48.0,61.358,20.49
24618,124,S4,51.0,60.214,20.49
24619,124,S4,54.0,59.047,20.49
24620,124,S4,57.0,57.925,20.49
24621,124,S4,60.0,56.907,20.49
24622,124,S4,63.0,55.843,20.49
24623,124,S4,66.0,54.869,20.49
24624,124,S4,69.0,54.030,20.49
24625,124,S4,72.0,53.026,20.49
24626,124,S4,75.0,52.199,20.49
24627,124,S4,78.0,51.246,20.49
24628,124,S4,81.0,50.358,20.49
24629,124,S4,84.0,49.589,20.49
24630,124,S4,87.0,48.724,20.49
24631,124,S4,90.0,47.903,20.49
24632,124,S4,93.0,47.130,20.49
24633,124,S4,96.0,46.464,20.49
24634,124,S4,99.0,45.645,20.49
24635,124,S4,102.0,44.861,20.49
24636,124,S4,105.0,44.287,20.49
24637,124,S4,108.0,43.618,20.49
24638,124,S4,111.0,42.913,20.49
24639,124,S4,114.0,42.347,20.49
24640,124,S4,117.0,41.695,20.49
24641,124,S4,120.0,41.052,20.49
24642,124,S4,123.0,40.515,20.49
24643,124,S4,126.0,40.025,20.49
24644,124,S4,129.0,39.450,20.49
24645,124,S4,132.0,38.826,20.49
24646,124,S4,135.0,38.387,20.49
24647,124,S4,138.0,37.845,20.49
24648,124,S4,141.0,37.543,20.49
24649,124,S4,144.0,36.918,20.49
24650,124,S4,147.0,36.436,20.49
24651,124,S4,150.0,36.005,20.49
24652,124,S4,153.0,35.487,20.49
24653,124,S4,156.0,35.155,20.49
24654,124,S4,159.0,34.767,20.49
24655,124,S4,162.0,34.259,20.49
24656,124,S4,165.0,33.915,20.49
24657,124,S4,168.0,33.548,20.49
24658,124,S4,171.0,33.141,20.49
24659,124,S4,174.0,32.833,20.49
24660,124,S4,177.0,32.529,20.49
24661,124,S4,180.0,32.126,20.49
24662,124,S4,183.0,31.944,20.49
24663,124,S4,186.0,31.502,20.49
24664,124,S4,189.0,31.213,20.49
24665,124,S4,192.0,30.926,20.49
24666,124,S4,195.0,30.679,20.49
24667,124,S4,198.0,30.298,20.49
24668,124,S4,201.0,30.022,20.49
24669,124,S4,204.0,29.721,20.49
24670,124,S4,207.0,29.510,20.49
24671,124,S4,210.0,29.232,20.49
24672,124,S4,213.0,28.995,20.49
24673,124,S4,216.0,28.809,20.49
24674,124,S4,219.0,28.560,20.49
24675,124,S4,222.0,28.337,20.49
24676,124,S4,225.0,28.054,20.49
24677,124,S4,228.0,27.802,20.49
24678,124,S4,231.0,27.684,20.49
24679,124,S4,234.0,27.434,20.49
24680,124,S4,237.0,27.261,20.49
24681,124,S4,240.0,27.054,20.49
24682,124,S4,243.0,26.813,20.49
24683,124,S4,246.0,26.801,20.49
24684,124,S4,249.0,26.411,20.49
24685,124,S4,252.0,26.334,20.49
24686,124,S4,255.0,26.217,20.49
24687,124,S4,258.0,26.014,20.49
24688,124,S4,261.0,25.901,20.49
24689,124,S4,264.0,25.696,20.49
24690,124,S4,267.0,25.638,20.49
24691,124,S4,270.0,25.440,20.49
24692,124,S4,273.0,25.287,20.49
24693,124,S4,276.0,25.237,20.49
24694,124,S4,279.0,25.064,20.49
24695,124,S4,282.0,24.926,20.49
24696,124,S4,285.0,24.690,20.49
24697,124,S4,288.0,24.688,20.49
24698,124,S4,291.0,24.514,20.49
24699,124,S4,294.0,24.375,20.49
24700,124,S4,297.0,24.279,20.49
24701,124,S4,300.0,24.201,20.49
24702,124,S4,303.0,24.163,20.49
24703,124,S4,306.0,24.100,20.49
24704,124,S4,309.0,23.980,20.49
24705,124,S4,312.0,23.784,20.49
24706,124,S4,315.0,23.737,20.49
24707,124,S4,318.0,23.590,20.49
24708,124,S4,321.0,23.578,20.49
24709,124,S4,324.0,23.495,20.49
24710,124,S4,327.0,23.398,20.49
24711,124,S4,330.0,23.203,20.49
24712,124,S4,333.0,23.250,20.49
24713,124,S4,336.0,23.073,20.49
24714,124,S4,339.0,23.119,20.49
24715,124,S4,342.0,23.031,20.49
24716,124,S4,345.0,22.941,20.49
24717,124,S4,348.0,22.829,20.49
24718,124,S4,351.0,22.701,20.49
24719,124,S4,354.0,22.657,20.49
24720,124,S4,357.0,22.689,20.49
24721,124,S4,360.0,22.556,20.49
24722,124,S4,363.0,22.607,20.49
24723,124,S4,366.0,22.469,20.49
24724,124,S4,369.0,22.392,20.49
24725,124,S4,372.0,22.370,20.49
24726,124,S4,375.0,22.352,20.49
24727,124,S4,378.0,22.355,20.49
24728,124,S4,381.0,22.206,20.49
24729,124,S4,384.0,22.142,20.49
24730,124,S4,387.0,22.091,20.49
24731,124,S4,390.0,22.050,20.49
24732,124,S4,393.0,22.019,20.49
24733,124,S4,396.0,22.008,20.49
24734,124,S4,399.0,21.953,20.49
24735,124,S4,402.0,21.894,20.49
24736,124,S4,405.0,21.839,20.49
24737,124,S4,408.0,21.736,20.49
24738,124,S4,411.0,21.620,20.49
24739,124,S4,414.0,21.789,20.49
24740,124,S4,417.0,21.702,20.49
24741,124,S4,420.0,21.732,20.49
24742,124,S4,423.0,21.570,20.49
24743,124,S4,426.0,21.634,20.49
24744,124,S4,429.0,21.559,20.49
24745,124,S4,432.0,21.593,20.49
24746,124,S4,435.0,21.395,20.49
24747,124,S4,438.0,21.492,20.49
24748,124,S4,441.0,21.454,20.49
24749,124,S4,444.0,21.413,20.49
24750,124,S4,447.0,21.325,20.49
24751,124,S4,450.0,21.406,20.49
24752,124,S4,453.0,21.358,20.49
24753,124,S4,456.0,21.356,20.49
24754,124,S4,459.0,21.267,20.49
24755,124,S4,462.0,21.254,20.49
24756,124,S4,465.0,21.348,20.49
24757,124,S4,468.0,21.320,20.49
24758,124,S4,471.0,21.154,20.49
24759,124,S4,474.0,21.149,20.49
24760,124,S4,477.0,21.199,20.49
24761,124,S4,480.0,21.115,20.49
24762,124,S4,483.0,21.149,20.49
24763,124,S4,486.0,21.063,20.49
24764,124,S4,489.0,21.102,20.49
24765,124,S4,492.0,21.068,20.49
24766,124,S4,495.0,21.046,20.49
24767,124,S4,498.0,21.054,20.49
24768,124,S4,501.0,21.051,20.49
24769,124,S4,504.0,20.988,20.49
24770,124,S4,507.0,21.064,20.49
24771,124,S4,510.0,20.948,20.49
24772,124,S4,513.0,21.049,20.49
24773,124,S4,516.0,21.016,20.49
24774,124,S4,519.0,20.958,20.49
24775,124,S4,522.0,20.967,20.49
24776,124,S4,525.0,20.956,20.49
24777,124,S4,528.0,20.922,20.49
24778,124,S4,531.0,20.872,20.49
24779,124,S4,534.0,20.886,20.49
24780,124,S4,537.0,20.920,20.49
24781,124,S4,540.0,20.731,20.49
24782,124,S4,543.0,20.883,20.49
24783,124,S4,546.0,20.838,20.49
24784,124,S4,549.0,20.909,20.49
24785,124,S4,552.0,20.809,20.49
24786,124,S4,555.0,20.859,20.49
24787,124,S4,558.0,20.798,20.49
24788,124,S4,561.0,20.817,20.49
24789,124,S4,564.0,20.872,20.49
24790,124,S4,567.0,20.793,20.49
24791,124,S4,570.0,20.762,20.49
24792,124,S4,573.0,20.839,20.49
24793,124,S4,576.0,20.768,20.49
24794,124,S4,579.0,20.810,20.49
24795,124,S4,582.0,20.799,20.49
24796,124,S4,585.0,20.709,20.49
24797,124,S4,588.0,20.661,20.49
24798,124,S4,591.0,20.615,20.49
24799,124,S4,594.0,20.716,20.49
24800,124,S4,597.0,20.648,20.49
24801,125,S1,0.0,92.499,20.22
24802,125,S1,3.0,90.278,20.22
24803,125,S1,6.0,88.276,20.22
24804,125,S1,9.0,86.046,20.22
24805,125,S1,12.0,84.224,20.22
24806,125,S1,15.0,82.312,20.22
24807,125,S1,18.0,80.574,20.22
24808,125,S1,21.0,78.686,20.22
24809,125,S1,24.0,76.953,20.22
24810,125,S1,27.0,75.292,20.22
24811,125,S1,30.0,73.631,20.22
24812,125,S1,33.0,72.107,20.22
24813,125,S1,36.0,70.617,20.22
24814,125,S1,39.0,68.988,20.22
24815,125,S1,42.0,67.541,20.22
24816,125,S1,45.0,66.123,20.22
24817,125,S1,48.0,64.878,20.22
24818,125,S1,51.0,63.417,20.22
24819,125,S1,54.0,62.224,20.22
24820,125,S1,57.0,60.968,20.22
24821,125,S1,60.0,59.736,20.22
24822,125,S1,63.0,58.576,20.22
24823,125,S1,66.0,57.574,20.22
24824,125,S1,69.0,56.269,20.22
24825,125,S1,72.0,55.367,20.22
24826,125,S1,75.0,54.297,20.22
24827,125,S1,78.0,53.121,20.22
24828,125,S1,81.0,52.203,20.22
24829,125,S1,84.0,51.343,20.22
24830,125,S1,87.0,50.324,20.22
24831,125,S1,90.0,49.404,20.22
24832,125,S1,93.0,48.558,20.22
24833,125,S1,96.0,47.713,20.22
24834,125,S1,99.0,46.873,20.22
24835,125,S1,102.0,46.100,20.22
24836,125,S1,105.0,45.333,20.22
24837,125,S1,108.0,44.648,20.22
24838,125,S1,111.0,43.939,20.22
24839,125,S1,114.0,43.203,20.22
24840,125,S1,117.0,42.544,20.22
24841,125,S1,120.0,41.870,20.22
24842,125,S1,123.0,41.226,20.22
24843,125,S1,126.0,40.626,20.22
24844,125,S1,129.0,39.978,20.22
24845,125,S1,132.0,39.325,20.22
24846,125,S1,135.0,38.820,20.22
24847,125,S1,138.0,38.302,20.22
24848,125,S1,141.0,37.775,20.22
24849,125,S1,144.0,37.305,20.22
24850,125,S1,147.0,36.694,20.22
24851,125,S1,150.0,36.211,20.22
24852,125,S1,153.0,35.863,20.22
24853,125,S1,156.0,35.319,20.22
24854,125,S1,159.0,34.886,20.22
24855,125,S1,162.0,34.522,20.22
24856,125,S1,165.0,34.025,20.22
24857,125,S1,168.0,33.677,20.22
24858,125,S1,171.0,33.115,20.22
24859,125,S1,174.0,32.811,20.22
24860,125,S1,177.0,32.389,20.22
24861,125,S1,180.0,32.017,20.22
24862,125,S1,183.0,31.657,20.22
24863,125,S1,186.0,31.374,20.22
24864,125,S1,189.0,31.056,20.22
24865,125,S1,192.0,30.770,20.22
24866,125,S1,195.0,30.406,20.22
24867,125,S1,198.0,30.133,20.22
24868,125,S1,201.0,29.696,20.22
24869,125,S1,204.0,29.583,20.22
24870,125,S1,207.0,29.281,20.22
24871,125,S1,210.0,28.978,20.22
24872,125,S1,213.0,28.759,20.22
24873,125,S1,216.0,28.456,20.22
24874,125,S1,219.0,28.151,20.22
24875,125,S1,222.0,27.994,20.22
24876,125,S1,225.0,27.856,20.22
24877,125,S1,228.0,27.595,20.22
24878,125,S1,231.0,27.391,20.22
24879,125,S1,234.0,27.087,20.22
24880,125,S1,237.0,26.879,20.22
24881,125,S1,240.0,26.709,20.22
24882,125,S1,243.0,26.445,20.22
24883,125,S1,246.0,26.297,20.22
24884,125,S1,249.0,26.111,20.22
24885,125,S1,252.0,25.987,20.22
24886,125,S1,255.0,25.812,20.22
24887,125,S1,258.0,25.665,20.22
24888,125,S1,261.0,25.492,20.22
24889,125,S1,264.0,25.322,20.22
24890,125,S1,267.0,25.175,20.22
24891,125,S1,270.0,25.093,20.22
24892,125,S1,273.0,24.869,20.22
24893,125,S1,276.0,24.737,20.22
24894,125,S1,279.0,24.607,20.22
24895,125,S1,282.0,24.485,20.22
24896,125,S1,285.0,24.395,20.22
24897,125,S1,288.0,24.161,20.22
24898,125,S1,291.0,24.107,20.22
24899,125,S1,294.0,24.006,20.22
24900,125,S1,297.0,23.850,20.22
24901,125,S1,300.0,23.702,20.22
24902,125,S1,303.0,23.585,20.22
24903,125,S1,306.0,23.603,20.22
24904,125,S1,309.0,23.501,20.22
24905,125,S1,312.0,23.399,20.22
24906,125,S1,315.0,23.237,20.22
24907,125,S1,318.0,23.216,20.22
24908,125,S1,321.0,23.042,20.22
24909,125,S1,324.0,23.065,20.22
24910,125,S1,327.0,22.984,20.22
24911,125,S1,330.0,22.806,20.22
24912,125,S1,333.0,22.785,20.22
24913,125,S1,336.0,22.669,20.22
24914,125,S1,339.0,22.604,20.22
24915,125,S1,342.0,22.488,20.22
24916,125,S1,345.0,22.530,20.22
24917,125,S1,348.0,22.414,20.22
24918,125,S1,351.0,22.310,20.22
24919,125,S1,354.0,22.245,20.22
24920,125,S1,357.0,22.192,20.22
24921,125,S1,360.0,22.164,20.22
24922,125,S1,363.0,22.096,20.22
24923,125,S1,366.0,22.088,20.22
24924,125,S1,369.0,22.082,20.22
24925,125,S1,372.0,22.087,20.22
24926,125,S1,375.0,21.907,20.22
24927,125,S1,378.0,21.781,20.22
24928,125,S1,381.0,21.799,20.22
24929,125,S1,384.0,21.732,20.22
24930,125,S1,387.0,21.778,20.22
24931,125,S1,390.0,21.618,20.22
24932,125,S1,393.0,21.602,20.22
24933,125,S1,396.0,21.593,20.22
24934,125,S1,399.0,21.510,20.22
24935,125,S1,402.0,21.472,20.22
24936,125,S1,405.0,21.614,20.22
24937,125,S1,408.0,21.429,20.22
24938,125,S1,411.0,21.470,20.22
24939,125,S1,414.0,21.309,20.22
24940,125,S1,417.0,21.297,20.22
24941,125,S1,420.0,21.259,20.22
24942,125,S1,423.0,21.223,20.22
24943,125,S1,426.0,21.210,20.22
24944,125,S1,429.0,21.113,20.22
24945,125,S1,432.0,21.175,20.22
24946,125,S1,435.0,21.065,20.22
24947,125,S1,438.0,21.041,20.22
24948,125,S1,441.0,21.067,20.22
24949,125,S1,444.0,21.087,20.22
24950,125,S1,447.0,21.026,20.22
24951,125,S1,450.0,21.021,20.22
24952,125,S1,453.0,21.001,20.22
24953,125,S1,456.0,21.010,20.22
24954,125,S1,459.0,20.911,20.22
24955,125,S1,462.0,20.922,20.22
24956,125,S1,465.0,20.880,20.22
24957,125,S1,468.0,20.944,20.22
24958,125,S1,471.0,20.916,20.22
24959,125,S1,474.0,20.820,20.22
24960,125,S1,477.0,20.738,20.22
24961,125,S1,480.0,20.802,20.22
24962,125,S1,483.0,20.823,20.22
24963,125,S1,486.0,20.847,20.22
24964,125,S1,489.0,20.810,20.22
24965,125,S1,492.0,20.694,20.22
24966,125,S1,495.0,20.776,20.22
24967,125,S1,498.0,20.652,20.22
24968,125,S1,501.0,20.641,20.22
24969,125,S1,504.0,20.704,20.22
24970,125,S1,507.0,20.675,20.22
24971,125,S1,510.0,20.645,20.22
24972,125,S1,513.0,20.577,20.22
24973,125,S1,516.0,20.646,20.22
24974,125,S1,519.0,20.525,20.22
24975,125,S1,522.0,20.658,20.22
24976,125,S1,525.0,20.585,20.22
24977,125,S1,528.0,20.670,20.22
24978,125,S1,531.0,20.631,20.22
24979,125,S1,534.0,20.581,20.22
24980,125,S1,537.0,20.581,20.22
24981,125,S1,540.0,20.667,20.22
24982,125,S1,543.0,20.557,20.22
24983,125,S1,546.0,20.599,20.22
24984,125,S1,549.0,20.603,20.22
24985,125,S1,552.0,20.507,20.22
24986,125,S1,555.0,20.504,20.22
24987,125,S1,558.0,20.490,20.22
24988,125,S1,561.0,20.447,20.22
24989,125,S1,564.0,20.471,20.22
24990,125,S1,567.0,20.447,20.22
24991,125,S1,570.0,20.527,20.22
24992,125,S1,573.0,20.415,20.22
24993,125,S1,576.0,20.422,20.22
24994,125,S1,579.0,20.361,20.22
24995,125,S1,582.0,20.446,20.22
