measurement_id,run_id,sensor_id,t_seconds,temperature_c,ambient_c
44992,225,S1,573.0,23.783,20.63
44993,225,S1,576.0,23.629,20.63
44994,225,S1,579.0,23.707,20.63
44995,225,S1,582.0,23.690,20.63
44996,225,S1,585.0,23.666,20.63
44997,225,S1,588.0,23.633,20.63
44998,225,S1,591.0,23.566,20.63
44999,225,S1,594.0,23.485,20.63
45000,225,S1,597.0,23.455,20.63
45001,226,S2,0.0,76.911,21.34
45002,226,S2,3.0,75.225,21.34
45003,226,S2,6.0,73.494,21.34
45004,226,S2,9.0,71.858,21.34
45005,226,S2,12.0,70.220,21.34
45006,226,S2,15.0,68.655,21.34
45007,226,S2,18.0,67.178,21.34
45008,226,S2,21.0,65.747,21.34
45009,226,S2,24.0,64.429,21.34
45010,226,S2,27.0,62.976,21.34
45011,226,S2,30.0,61.612,21.34
45012,226,S2,33.0,60.333,21.34
45013,226,S2,36.0,59.116,21.34
45014,226,S2,39.0,57.904,21.34
45015,226,S2,42.0,56.858,21.34
45016,226,S2,45.0,55.586,21.34
45017,226,S2,48.0,54.488,21.34
45018,226,S2,51.0,53.510,21.34
45019,226,S2,54.0,52.568,21.34
45020,226,S2,57.0,51.527,21.34
45021,226,S2,60.0,50.502,21.34
45022,226,S2,63.0,49.652,21.34
45023,226,S2,66.0,48.755,21.34
45024,226,S2,69.0,47.842,21.34
45025,226,S2,72.0,47.045,21.34
45026,226,S2,75.0,46.272,21.34
45027,226,S2,78.0,45.381,21.34
45028,226,S2,81.0,44.682,21.34
45029,226,S2,84.0,43.937,21.34
45030,226,S2,87.0,43.085,21.34
45031,226,S2,90.0,42.393,21.34
45032,226,S2,93.0,41.778,21.34
45033,226,S2,96.0,41.132,21.34
45034,226,S2,99.0,40.506,21.34
45035,226,S2,102.0,39.921,21.34
45036,226,S2,105.0,39.295,21.34
45037,226,S2,108.0,38.775,21.34
45038,226,S2,111.0,38.236,21.34
45039,226,S2,114.0,37.645,21.34
45040,226,S2,117.0,37.261,21.34
45041,226,S2,120.0,36.654,21.34
45042,226,S2,123.0,36.091,21.34
45043,226,S2,126.0,35.752,21.34
45044,226,S2,129.0,35.310,21.34
45045,226,S2,132.0,34.744,21.34
45046,226,S2,135.0,34.430,21.34
45047,226,S2,138.0,33.983,21.34
45048,226,S2,141.0,33.598,21.34
45049,226,S2,144.0,33.185,21.34
45050,226,S2,147.0,32.779,21.34
45051,226,S2,150.0,32.457,21.34
45052,226,S2,153.0,32.122,21.34
45053,226,S2,156.0,31.715,21.34
45054,226,S2,159.0,31.489,21.34
45055,226,S2,162.0,31.058,21.34
45056,226,S2,165.0,30.759,21.34
45057,226,S2,168.0,30.371,21.34
45058,226,S2,171.0,30.165,21.34
45059,226,S2,174.0,29.959,21.34
45060,226,S2,177.0,29.574,21.34
45061,226,S2,180.0,29.287,21.34
45062,226,S2,183.0,29.136,21.34
45063,226,S2,186.0,28.883,21.34
45064,226,S2,189.0,28.678,21.34
45065,226,S2,192.0,28.422,21.34
45066,226,S2,195.0,28.154,21.34
45067,226,S2,198.0,27.901,21.34
45068,226,S2,201.0,27.765,21.34
45069,226,S2,204.0,27.586,21.34
45070,226,S2,207.0,27.330,21.34
45071,226,S2,210.0,27.253,21.34
45072,226,S2,213.0,26.976,21.34
45073,226,S2,216.0,26.747,21.34
45074,226,S2,219.0,26.639,21.34
45075,226,S2,222.0,26.454,21.34
45076,226,S2,225.0,26.324,21.34
45077,226,S2,228.0,26.121,21.34
45078,226,S2,231.0,25.953,21.34
45079,226,S2,234.0,25.818,21.34
45080,226,S2,237.0,25.720,21.34
45081,226,S2,240.0,25.494,21.34
45082,226,S2,243.0,25.377,21.34
45083,226,S2,246.0,25.285,21.34
45084,226,S2,249.0,25.223,21.34
45085,226,S2,252.0,24.947,21.34
45086,226,S2,255.0,25.012,21.34
45087,226,S2,258.0,24.812,21.34
45088,226,S2,261.0,24.688,21.34
45089,226,S2,264.0,24.658,21.34
45090,226,S2,267.0,24.570,21.34
45091,226,S2,270.0,24.394,21.34
45092,226,S2,273.0,24.367,21.34
45093,226,S2,276.0,24.263,21.34
45094,226,S2,279.0,24.226,21.34
45095,226,S2,282.0,24.065,21.34
45096,226,S2,285.0,23.876,21.34
45097,226,S2,288.0,23.873,21.34
45098,226,S2,291.0,23.890,21.34
45099,226,S2,294.0,23.728,21.34
45100,226,S2,297.0,23.565,21.34
45101,226,S2,300.0,23.558,21.34
45102,226,S2,303.0,23.538,21.34
45103,226,S2,306.0,23.395,21.34
45104,226,S2,309.0,23.288,21.34
45105,226,S2,312.0,23.194,21.34
45106,226,S2,315.0,23.138,21.34
45107,226,S2,318.0,23.107,21.34
45108,226,S2,321.0,23.075,21.34
45109,226,S2,324.0,23.020,21.34
45110,226,S2,327.0,22.990,21.34
45111,226,S2,330.0,22.925,21.34
45112,226,S2,333.0,22.829,21.34
45113,226,S2,336.0,22.854,21.34
45114,226,S2,339.0,22.780,21.34
45115,226,S2,342.0,22.818,21.34
45116,226,S2,345.0,22.679,21.34
45117,226,S2,348.0,22.682,21.34
45118,226,S2,351.0,22.559,21.34
45119,226,S2,354.0,22.429,21.34
45120,226,S2,357.0,22.502,21.34
45121,226,S2,360.0,22.540,21.34
45122,226,S2,363.0,22.515,21.34
45123,226,S2,366.0,22.444,21.34
45124,226,S2,369.0,22.430,21.34
45125,226,S2,372.0,22.301,21.34
45126,226,S2,375.0,22.386,21.34
45127,226,S2,378.0,22.323,21.34
45128,226,S2,381.0,22.154,21.34
45129,226,S2,384.0,22.233,21.34
45130,226,S2,387.0,22.167,21.34
45131,226,S2,390.0,22.179,21.34
45132,226,S2,393.0,22.109,21.34
45133,226,S2,396.0,22.188,21.34
45134,226,S2,399.0,22.150,21.34
45135,226,S2,402.0,22.159,21.34
45136,226,S2,405.0,22.098,21.34
45137,226,S2,408.0,22.003,21.34
45138,226,S2,411.0,21.916,21.34
45139,226,S2,414.0,21.904,21.34
45140,226,S2,417.0,21.950,21.34
45141,226,S2,420.0,21.958,21.34
45142,226,S2,423.0,21.944,21.34
45143,226,S2,426.0,21.849,21.34
45144,226,S2,429.0,21.870,21.34
45145,226,S2,432.0,21.917,21.34
45146,226,S2,435.0,21.842,21.34
45147,226,S2,438.0,21.884,21.34
45148,226,S2,441.0,21.822,21.34
45149,226,S2,444.0,21.815,21.34
45150,226,S2,447.0,21.763,21.34
45151,226,S2,450.0,21.750,21.34
45152,226,S2,453.0,21.714,21.34
45153,226,S2,456.0,21.767,21.34
45154,226,S2,459.0,21.675,21.34
45155,226,S2,462.0,21.688,21.34
45156,226,S2,465.0,21.642,21.34
45157,226,S2,468.0,21.766,21.34
45158,226,S2,471.0,21.629,21.34
45159,226,S2,474.0,21.595,21.34
45160,226,S2,477.0,21.741,21.34
45161,226,S2,480.0,21.570,21.34
45162,226,S2,483.0,21.688,21.34
45163,226,S2,486.0,21.538,21.34
45164,226,S2,489.0,21.706,21.34
45165,226,S2,492.0,21.572,21.34
45166,226,S2,495.0,21.615,21.34
45167,226,S2,498.0,21.655,21.34
45168,226,S2,501.0,21.587,21.34
45169,226,S2,504.0,21.632,21.34
45170,226,S2,507.0,21.588,21.34
45171,226,S2,510.0,21.649,21.34
45172,226,S2,513.0,21.537,21.34
45173,226,S2,516.0,21.686,21.34
45174,226,S2,519.0,21.517,21.34
45175,226,S2,522.0,21.551,21.34
45176,226,S2,525.0,21.564,21.34
45177,226,S2,528.0,21.486,21.34
45178,226,S2,531.0,21.617,21.34
45179,226,S2,534.0,21.493,21.34
45180,226,S2,537.0,21.479,21.34
45181,226,S2,540.0,21.492,21.34
45182,226,S2,543.0,21.678,21.34
45183,226,S2,546.0,21.403,21.34
45184,226,S2,549.0,21.425,21.34
45185,226,S2,552.0,21.419,21.34
45186,226,S2,555.0,21.343,21.34
45187,226,S2,558.0,21.349,21.34
45188,226,S2,561.0,21.523,21.34
45189,226,S2,564.0,21.579,21.34
45190,226,S2,567.0,21.495,21.34
45191,226,S2,570.0,21.439,21.34
45192,226,S2,573.0,21.399,21.34
45193,226,S2,576.0,21.432,21.34
45194,226,S2,579.0,21.615,21.34
45195,226,S2,582.0,21.475,21.34
45196,226,S2,585.0,21.442,21.34
45197,226,S2,588.0,21.451,21.34
45198,226,S2,591.0,21.432,21.34
45199,226,S2,594.0,21.343,21.34
45200,226,S2,597.0,21.458,21.34
45201,227,S3,0.0,79.968,22.78
45202,227,S3,3.0,79.161,22.78
45203,227,S3,6.0,78.356,22.78
45204,227,S3,9.0,77.667,22.78
45205,227,S3,12.0,76.881,22.78
45206,227,S3,15.0,76.178,22.78
45207,227,S3,18.0,75.449,22.78
45208,227,S3,21.0,74.811,22.78
45209,227,S3,24.0,74.074,22.78
45210,227,S3,27.0,73.381,22.78
45211,227,S3,30.0,72.668,22.78
45212,227,S3,33.0,72.093,22.78
45213,227,S3,36.0,71.351,22.78
45214,227,S3,39.0,70.687,22.78
45215,227,S3,42.0,70.089,22.78
45216,227,S3,45.0,69.391,22.78
45217,227,S3,48.0,68.690,22.78
45218,227,S3,51.0,68.249,22.78
45219,227,S3,54.0,67.554,22.78
45220,227,S3,57.0,66.986,22.78
45221,227,S3,60.0,66.329,22.78
45222,227,S3,63.0,65.802,22.78
45223,227,S3,66.0,65.240,22.78
45224,227,S3,69.0,64.604,22.78
45225,227,S3,72.0,64.086,22.78
45226,227,S3,75.0,63.466,22.78
45227,227,S3,78.0,62.937,22.78
45228,227,S3,81.0,62.317,22.78
45229,227,S3,84.0,61.874,22.78
45230,227,S3,87.0,61.347,22.78
45231,227,S3,90.0,60.833,22.78
45232,227,S3,93.0,60.332,22.78
45233,227,S3,96.0,59.839,22.78
45234,227,S3,99.0,59.342,22.78
45235,227,S3,102.0,58.712,22.78
45236,227,S3,105.0,58.240,22.78
45237,227,S3,108.0,57.787,22.78
45238,227,S3,111.0,57.402,22.78
45239,227,S3,114.0,56.872,22.78
45240,227,S3,117.0,56.403,22.78
45241,227,S3,120.0,55.965,22.78
45242,227,S3,123.0,55.589,22.78
45243,227,S3,126.0,55.113,22.78
45244,227,S3,129.0,54.557,22.78
45245,227,S3,132.0,54.263,22.78
45246,227,S3,135.0,53.840,22.78
45247,227,S3,138.0,53.401,22.78
45248,227,S3,141.0,53.111,22.78
45249,227,S3,144.0,52.510,22.78
45250,227,S3,147.0,52.227,22.78
45251,227,S3,150.0,51.789,22.78
45252,227,S3,153.0,51.384,22.78
45253,227,S3,156.0,51.048,22.78
45254,227,S3,159.0,50.611,22.78
45255,227,S3,162.0,50.303,22.78
45256,227,S3,165.0,49.833,22.78
45257,227,S3,168.0,49.574,22.78
45258,227,S3,171.0,49.196,22.78
45259,227,S3,174.0,48.721,22.78
45260,227,S3,177.0,48.517,22.78
45261,227,S3,180.0,48.138,22.78
45262,227,S3,183.0,47.825,22.78
45263,227,S3,186.0,47.528,22.78
45264,227,S3,189.0,47.116,22.78
45265,227,S3,192.0,46.717,22.78
45266,227,S3,195.0,46.496,22.78
45267,227,S3,198.0,46.040,22.78
45268,227,S3,201.0,45.879,22.78
45269,227,S3,204.0,45.424,22.78
45270,227,S3,207.0,45.260,22.78
45271,227,S3,210.0,44.809,22.78
45272,227,S3,213.0,44.590,22.78
45273,227,S3,216.0,44.298,22.78
45274,227,S3,219.0,44.177,22.78
45275,227,S3,222.0,43.779,22.78
45276,227,S3,225.0,43.419,22.78
45277,227,S3,228.0,43.105,22.78
45278,227,S3,231.0,42.916,22.78
45279,227,S3,234.0,42.646,22.78
45280,227,S3,237.0,42.295,22.78
45281,227,S3,240.0,42.127,22.78
45282,227,S3,243.0,41.809,22.78
45283,227,S3,246.0,41.636,22.78
45284,227,S3,249.0,41.422,22.78
45285,227,S3,252.0,41.078,22.78
45286,227,S3,255.0,40.985,22.78
45287,227,S3,258.0,40.624,22.78
45288,227,S3,261.0,40.369,22.78
45289,227,S3,264.0,40.122,22.78
45290,227,S3,267.0,39.882,22.78
45291,227,S3,270.0,39.746,22.78
45292,227,S3,273.0,39.360,22.78
45293,227,S3,276.0,39.264,22.78
45294,227,S3,279.0,38.938,22.78
45295,227,S3,282.0,38.939,22.78
45296,227,S3,285.0,38.711,22.78
45297,227,S3,288.0,38.259,22.78
45298,227,S3,291.0,38.120,22.78
45299,227,S3,294.0,37.897,22.78
45300,227,S3,297.0,37.785,22.78
45301,227,S3,300.0,37.513,22.78
45302,227,S3,303.0,37.342,22.78
45303,227,S3,306.0,37.075,22.78
45304,227,S3,309.0,36.888,22.78
45305,227,S3,312.0,36.740,22.78
45306,227,S3,315.0,36.443,22.78
45307,227,S3,318.0,36.351,22.78
45308,227,S3,321.0,36.209,22.78
45309,227,S3,324.0,35.922,22.78
45310,227,S3,327.0,35.876,22.78
45311,227,S3,330.0,35.693,22.78
45312,227,S3,333.0,35.393,22.78
45313,227,S3,336.0,35.442,22.78
45314,227,S3,339.0,35.139,22.78
45315,227,S3,342.0,34.922,22.78
45316,227,S3,345.0,34.830,22.78
45317,227,S3,348.0,34.636,22.78
45318,227,S3,351.0,34.449,22.78
45319,227,S3,354.0,34.350,22.78
45320,227,S3,357.0,34.083,22.78
45321,227,S3,360.0,33.953,22.78
45322,227,S3,363.0,33.957,22.78
45323,227,S3,366.0,33.670,22.78
45324,227,S3,369.0,33.556,22.78
45325,227,S3,372.0,33.399,22.78
45326,227,S3,375.0,33.268,22.78
45327,227,S3,378.0,33.151,22.78
45328,227,S3,381.0,32.977,22.78
45329,227,S3,384.0,32.803,22.78
45330,227,S3,387.0,32.726,22.78
45331,227,S3,390.0,32.656,22.78
45332,227,S3,393.0,32.469,22.78
45333,227,S3,396.0,32.305,22.78
45334,227,S3,399.0,32.197,22.78
45335,227,S3,402.0,32.112,22.78
45336,227,S3,405.0,31.941,22.78
45337,227,S3,408.0,31.852,22.78
45338,227,S3,411.0,31.752,22.78
45339,227,S3,414.0,31.490,22.78
45340,227,S3,417.0,31.417,22.78
45341,227,S3,420.0,31.383,22.78
45342,227,S3,423.0,31.219,22.78
45343,227,S3,426.0,31.081,22.78
45344,227,S3,429.0,30.957,22.78
45345,227,S3,432.0,30.809,22.78
45346,227,S3,435.0,30.723,22.78
45347,227,S3,438.0,30.664,22.78
45348,227,S3,441.0,30.573,22.78
45349,227,S3,444.0,30.421,22.78
45350,227,S3,447.0,30.350,22.78
45351,227,S3,450.0,30.271,22.78
45352,227,S3,453.0,30.182,22.78
45353,227,S3,456.0,30.036,22.78
45354,227,S3,459.0,29.919,22.78
45355,227,S3,462.0,29.926,22.78
45356,227,S3,465.0,29.752,22.78
45357,227,S3,468.0,29.724,22.78
45358,227,S3,471.0,29.568,22.78
45359,227,S3,474.0,29.503,22.78
45360,227,S3,477.0,29.386,22.78
45361,227,S3,480.0,29.261,22.78
45362,227,S3,483.0,29.259,22.78
45363,227,S3,486.0,29.024,22.78
45364,227,S3,489.0,29.002,22.78
45365,227,S3,492.0,28.930,22.78
45366,227,S3,495.0,28.785,22.78
45367,227,S3,498.0,28.751,22.78
45368,227,S3,501.0,28.699,22.78
45369,227,S3,504.0,28.604,22.78
45370,227,S3,507.0,28.599,22.78
45371,227,S3,510.0,28.492,22.78
45372,227,S3,513.0,28.387,22.78
45373,227,S3,516.0,28.321,22.78
45374,227,S3,519.0,28.210,22.78
45375,227,S3,522.0,28.194,22.78
45376,227,S3,525.0,27.974,22.78
45377,227,S3,528.0,28.063,22.78
45378,227,S3,531.0,27.972,22.78
45379,227,S3,534.0,27.846,22.78
45380,227,S3,537.0,27.781,22.78
45381,227,S3,540.0,27.827,22.78
45382,227,S3,543.0,27.622,22.78
45383,227,S3,546.0,27.584,22.78
45384,227,S3,549.0,27.594,22.78
45385,227,S3,552.0,27.466,22.78
45386,227,S3,555.0,27.449,22.78
45387,227,S3,558.0,27.403,22.78
45388,227,S3,561.0,27.328,22.78
45389,227,S3,564.0,27.256,22.78
45390,227,S3,567.0,27.137,22.78
45391,227,S3,570.0,27.107,22.78
45392,227,S3,573.0,27.174,22.78
45393,227,S3,576.0,26.989,22.78
45394,227,S3,579.0,26.977,22.78
45395,227,S3,582.0,26.854,22.78
45396,227,S3,585.0,26.879,22.78
45397,227,S3,588.0,26.704,22.78
45398,227,S3,591.0,26.684,22.78
45399,227,S3,594.0,26.730,22.78
45400,227,S3,597.0,26.601,22.78
45401,228,S4,0.0,77.874,20.56
45402,228,S4,3.0,77.082,20.56
45403,228,S4,6.0,76.212,20.56
45404,228,S4,9.0,75.340,20.56
45405,228,S4,12.0,74.596,20.56
45406,228,S4,15.0,73.821,20.56
45407,228,S4,18.0,73.039,20.56
45408,228,S4,21.0,72.186,20.56
45409,228,S4,24.0,71.528,20.56
45410,228,S4,27.0,70.826,20.56
45411,228,S4,30.0,69.920,20.56
45412,228,S4,33.0,69.265,20.56
45413,228,S4,36.0,68.610,20.56
45414,228,S4,39.0,67.920,20.56
45415,228,S4,42.0,67.239,20.56
45416,228,S4,45.0,66.457,20.56
45417,228,S4,48.0,65.883,20.56
45418,228,S4,51.0,65.217,20.56
45419,228,S4,54.0,64.521,20.56
45420,228,S4,57.0,63.901,20.56
45421,228,S4,60.0,63.279,20.56
45422,228,S4,63.0,62.644,20.56
45423,228,S4,66.0,62.227,20.56
45424,228,S4,69.0,61.428,20.56
45425,228,S4,72.0,60.831,20.56
45426,228,S4,75.0,60.273,20.56
45427,228,S4,78.0,59.708,20.56
45428,228,S4,81.0,59.165,20.56
45429,228,S4,84.0,58.576,20.56
45430,228,S4,87.0,58.002,20.56
45431,228,S4,90.0,57.425,20.56
45432,228,S4,93.0,56.920,20.56
45433,228,S4,96.0,56.382,20.56
45434,228,S4,99.0,55.788,20.56
45435,228,S4,102.0,55.432,20.56
45436,228,S4,105.0,54.882,20.56
45437,228,S4,108.0,54.383,20.56
45438,228,S4,111.0,53.776,20.56
45439,228,S4,114.0,53.321,20.56
45440,228,S4,117.0,52.904,20.56
45441,228,S4,120.0,52.401,20.56
45442,228,S4,123.0,51.910,20.56
45443,228,S4,126.0,51.508,20.56
45444,228,S4,129.0,51.041,20.56
45445,228,S4,132.0,50.679,20.56
45446,228,S4,135.0,50.235,20.56
45447,228,S4,138.0,49.707,20.56
45448,228,S4,141.0,49.319,20.56
45449,228,S4,144.0,48.926,20.56
45450,228,S4,147.0,48.521,20.56
45451,228,S4,150.0,48.090,20.56
45452,228,S4,153.0,47.629,20.56
45453,228,S4,156.0,47.322,20.56
45454,228,S4,159.0,46.816,20.56
45455,228,S4,162.0,46.478,20.56
45456,228,S4,165.0,46.100,20.56
45457,228,S4,168.0,45.612,20.56
45458,228,S4,171.0,45.276,20.56
45459,228,S4,174.0,45.053,20.56
45460,228,S4,177.0,44.817,20.56
45461,228,S4,180.0,44.325,20.56
45462,228,S4,183.0,44.062,20.56
45463,228,S4,186.0,43.593,20.56
45464,228,S4,189.0,43.283,20.56
45465,228,S4,192.0,42.916,20.56
45466,228,S4,195.0,42.680,20.56
45467,228,S4,198.0,42.299,20.56
45468,228,S4,201.0,41.932,20.56
45469,228,S4,204.0,41.622,20.56
45470,228,S4,207.0,41.430,20.56
45471,228,S4,210.0,41.066,20.56
45472,228,S4,213.0,40.814,20.56
45473,228,S4,216.0,40.500,20.56
45474,228,S4,219.0,40.277,20.56
45475,228,S4,222.0,39.945,20.56
45476,228,S4,225.0,39.618,20.56
45477,228,S4,228.0,39.392,20.56
45478,228,S4,231.0,39.131,20.56
45479,228,S4,234.0,38.815,20.56
45480,228,S4,237.0,38.460,20.56
45481,228,S4,240.0,38.285,20.56
45482,228,S4,243.0,38.027,20.56
45483,228,S4,246.0,37.813,20.56
45484,228,S4,249.0,37.563,20.56
45485,228,S4,252.0,37.278,20.56
45486,228,S4,255.0,37.089,20.56
45487,228,S4,258.0,36.813,20.56
45488,228,S4,261.0,36.526,20.56
45489,228,S4,264.0,36.220,20.56
45490,228,S4,267.0,36.116,20.56
45491,228,S4,270.0,35.821,20.56
45492,228,S4,273.0,35.639,20.56
45493,228,S4,276.0,35.537,20.56
45494,228,S4,279.0,35.216,20.56
45495,228,S4,282.0,35.058,20.56
45496,228,S4,285.0,34.714,20.56
45497,228,S4,288.0,34.574,20.56
45498,228,S4,291.0,34.360,20.56
45499,228,S4,294.0,34.262,20.56
45500,228,S4,297.0,34.062,20.56
45501,228,S4,300.0,33.733,20.56
45502,228,S4,303.0,33.529,20.56
45503,228,S4,306.0,33.351,20.56
45504,228,S4,309.0,33.178,20.56
45505,228,S4,312.0,33.158,20.56
45506,228,S4,315.0,32.756,20.56
45507,228,S4,318.0,32.684,20.56
45508,228,S4,321.0,32.508,20.56
45509,228,S4,324.0,32.268,20.56
45510,228,S4,327.0,32.177,20.56
45511,228,S4,330.0,31.921,20.56
45512,228,S4,333.0,31.839,20.56
45513,228,S4,336.0,31.714,20.56
45514,228,S4,339.0,31.517,20.56
45515,228,S4,342.0,31.318,20.56
45516,228,S4,345.0,31.192,20.56
45517,228,S4,348.0,31.024,20.56
45518,228,S4,351.0,30.885,20.56
45519,228,S4,354.0,30.837,20.56
45520,228,S4,357.0,30.599,20.56
45521,228,S4,360.0,30.405,20.56
45522,228,S4,363.0,30.218,20.56
45523,228,S4,366.0,30.063,20.56
45524,228,S4,369.0,29.926,20.56
45525,228,S4,372.0,29.891,20.56
45526,228,S4,375.0,29.693,20.56
45527,228,S4,378.0,29.491,20.56
45528,228,S4,381.0,29.496,20.56
45529,228,S4,384.0,29.319,20.56
45530,228,S4,387.0,29.148,20.56
45531,228,S4,390.0,29.097,20.56
45532,228,S4,393.0,28.929,20.56
45533,228,S4,396.0,28.792,20.56
45534,228,S4,399.0,28.669,20.56
45535,228,S4,402.0,28.574,20.56
45536,228,S4,405.0,28.417,20.56
45537,228,S4,408.0,28.348,20.56
45538,228,S4,411.0,28.119,20.56
45539,228,S4,414.0,28.152,20.56
45540,228,S4,417.0,28.079,20.56
45541,228,S4,420.0,27.882,20.56
45542,228,S4,423.0,27.880,20.56
45543,228,S4,426.0,27.645,20.56
45544,228,S4,429.0,27.636,20.56
45545,228,S4,432.0,27.530,20.56
45546,228,S4,435.0,27.387,20.56
45547,228,S4,438.0,27.329,20.56
45548,228,S4,441.0,27.165,20.56
45549,228,S4,444.0,27.125,20.56
45550,228,S4,447.0,26.998,20.56
45551,228,S4,450.0,26.879,20.56
45552,228,S4,453.0,26.890,20.56
45553,228,S4,456.0,26.798,20.56
45554,228,S4,459.0,26.660,20.56
45555,228,S4,462.0,26.580,20.56
45556,228,S4,465.0,26.405,20.56
45557,228,S4,468.0,26.286,20.56
45558,228,S4,471.0,26.355,20.56
45559,228,S4,474.0,26.228,20.56
45560,228,S4,477.0,26.142,20.56
45561,228,S4,480.0,26.004,20.56
45562,228,S4,483.0,26.035,20.56
45563,228,S4,486.0,25.883,20.56
45564,228,S4,489.0,25.764,20.56
45565,228,S4,492.0,25.715,20.56
45566,228,S4,495.0,25.716,20.56
45567,228,S4,498.0,25.667,20.56
45568,228,S4,501.0,25.476,20.56
45569,228,S4,504.0,25.427,20.56
45570,228,S4,507.0,25.391,20.56
45571,228,S4,510.0,25.311,20.56
45572,228,S4,513.0,25.207,20.56
45573,228,S4,516.0,25.100,20.56
45574,228,S4,519.0,25.125,20.56
45575,228,S4,522.0,25.025,20.56
45576,228,S4,525.0,24.903,20.56
45577,228,S4,528.0,25.004,20.56
45578,228,S4,531.0,24.809,20.56
45579,228,S4,534.0,24.797,20.56
45580,228,S4,537.0,24.851,20.56
45581,228,S4,540.0,24.691,20.56
45582,228,S4,543.0,24.589,20.56
45583,228,S4,546.0,24.474,20.56
45584,228,S4,549.0,24.434,20.56
45585,228,S4,552.0,24.381,20.56
45586,228,S4,555.0,24.271,20.56
45587,228,S4,558.0,24.237,20.56
45588,228,S4,561.0,24.286,20.56
45589,228,S4,564.0,24.224,20.56
45590,228,S4,567.0,24.053,20.56
45591,228,S4,570.0,24.044,20.56
45592,228,S4,573.0,24.009,20.56
45593,228,S4,576.0,23.958,20.56
45594,228,S4,579.0,23.973,20.56
45595,228,S4,582.0,23.806,20.56
45596,228,S4,585.0,23.836,20.56
45597,228,S4,588.0,23.864,20.56
45598,228,S4,591.0,23.751,20.56
45599,228,S4,594.0,23.705,20.56
45600,228,S4,597.0,23.707,20.56
45601,229,S1,0.0,83.986,21.20
45602,229,S1,3.0,83.176,21.20
45603,229,S1,6.0,82.281,21.20
45604,229,S1,9.0,81.466,21.20
45605,229,S1,12.0,80.600,21.20
45606,229,S1,15.0,79.600,21.20
45607,229,S1,18.0,78.812,21.20
45608,229,S1,21.0,77.981,21.20
45609,229,S1,24.0,77.177,21.20
45610,229,S1,27.0,76.488,21.20
45611,229,S1,30.0,75.624,21.20
45612,229,S1,33.0,74.848,21.20
45613,229,S1,36.0,74.144,21.20
45614,229,S1,39.0,73.322,21.20
45615,229,S1,42.0,72.607,21.20
45616,229,S1,45.0,71.870,21.20
45617,229,S1,48.0,71.036,21.20
45618,229,S1,51.0,70.281,21.20
45619,229,S1,54.0,69.663,21.20
45620,229,S1,57.0,69.055,21.20
45621,229,S1,60.0,68.250,21.20
45622,229,S1,63.0,67.623,21.20
45623,229,S1,66.0,67.021,21.20
45624,229,S1,69.0,66.307,21.20
45625,229,S1,72.0,65.575,21.20
45626,229,S1,75.0,64.942,21.20
45627,229,S1,78.0,64.386,21.20
45628,229,S1,81.0,63.664,21.20
45629,229,S1,84.0,63.159,21.20
45630,229,S1,87.0,62.516,21.20
45631,229,S1,90.0,61.866,21.20
45632,229,S1,93.0,61.409,21.20
45633,229,S1,96.0,60.766,21.20
45634,229,S1,99.0,60.120,21.20
45635,229,S1,102.0,59.658,21.20
45636,229,S1,105.0,59.110,21.20
45637,229,S1,108.0,58.639,21.20
45638,229,S1,111.0,58.074,21.20
45639,229,S1,114.0,57.543,21.20
45640,229,S1,117.0,56.964,21.20
45641,229,S1,120.0,56.575,21.20
45642,229,S1,123.0,55.936,21.20
45643,229,S1,126.0,55.420,21.20
45644,229,S1,129.0,54.973,21.20
45645,229,S1,132.0,54.499,21.20
45646,229,S1,135.0,53.934,21.20
45647,229,S1,138.0,53.521,21.20
45648,229,S1,141.0,53.087,21.20
45649,229,S1,144.0,52.583,21.20
45650,229,S1,147.0,52.170,21.20
45651,229,S1,150.0,51.710,21.20
45652,229,S1,153.0,51.265,21.20
45653,229,S1,156.0,50.846,21.20
45654,229,S1,159.0,50.476,21.20
45655,229,S1,162.0,49.987,21.20
45656,229,S1,165.0,49.628,21.20
45657,229,S1,168.0,49.205,21.20
45658,229,S1,171.0,48.801,21.20
45659,229,S1,174.0,48.313,21.20
45660,229,S1,177.0,47.947,21.20
45661,229,S1,180.0,47.550,21.20
45662,229,S1,183.0,47.147,21.20
45663,229,S1,186.0,46.836,21.20
45664,229,S1,189.0,46.477,21.20
45665,229,S1,192.0,46.145,21.20
45666,229,S1,195.0,45.753,21.20
45667,229,S1,198.0,45.401,21.20
45668,229,S1,201.0,45.058,21.20
45669,229,S1,204.0,44.714,21.20
45670,229,S1,207.0,44.398,21.20
45671,229,S1,210.0,44.028,21.20
45672,229,S1,213.0,43.669,21.20
45673,229,S1,216.0,43.402,21.20
45674,229,S1,219.0,43.172,21.20
45675,229,S1,222.0,42.740,21.20
45676,229,S1,225.0,42.550,21.20
45677,229,S1,228.0,42.156,21.20
45678,229,S1,231.0,41.927,21.20
45679,229,S1,234.0,41.564,21.20
45680,229,S1,237.0,41.334,21.20
45681,229,S1,240.0,40.979,21.20
45682,229,S1,243.0,40.686,21.20
45683,229,S1,246.0,40.468,21.20
45684,229,S1,249.0,40.101,21.20
45685,229,S1,252.0,39.854,21.20
45686,229,S1,255.0,39.603,21.20
45687,229,S1,258.0,39.320,21.20
45688,229,S1,261.0,39.017,21.20
45689,229,S1,264.0,38.834,21.20
45690,229,S1,267.0,38.536,21.20
45691,229,S1,270.0,38.342,21.20
45692,229,S1,273.0,38.037,21.20
45693,229,S1,276.0,37.927,21.20
45694,229,S1,279.0,37.566,21.20
45695,229,S1,282.0,37.308,21.20
45696,229,S1,285.0,37.136,21.20
45697,229,S1,288.0,36.845,21.20
45698,229,S1,291.0,36.622,21.20
45699,229,S1,294.0,36.464,21.20
45700,229,S1,297.0,36.186,21.20
45701,229,S1,300.0,36.036,21.20
45702,229,S1,303.0,35.780,21.20
45703,229,S1,306.0,35.541,21.20
45704,229,S1,309.0,35.339,21.20
45705,229,S1,312.0,35.046,21.20
45706,229,S1,315.0,34.935,21.20
45707,229,S1,318.0,34.871,21.20
45708,229,S1,321.0,34.558,21.20
45709,229,S1,324.0,34.327,21.20
45710,229,S1,327.0,34.217,21.20
45711,229,S1,330.0,33.964,21.20
45712,229,S1,333.0,33.742,21.20
45713,229,S1,336.0,33.623,21.20
45714,229,S1,339.0,33.464,21.20
45715,229,S1,342.0,33.181,21.20
45716,229,S1,345.0,33.172,21.20
45717,229,S1,348.0,32.958,21.20
45718,229,S1,351.0,32.761,21.20
45719,229,S1,354.0,32.657,21.20
45720,229,S1,357.0,32.452,21.20
45721,229,S1,360.0,32.292,21.20
45722,229,S1,363.0,32.113,21.20
45723,229,S1,366.0,31.966,21.20
45724,229,S1,369.0,31.901,21.20
45725,229,S1,372.0,31.677,21.20
45726,229,S1,375.0,31.473,21.20
45727,229,S1,378.0,31.378,21.20
45728,229,S1,381.0,31.314,21.20
45729,229,S1,384.0,31.038,21.20
45730,229,S1,387.0,30.959,21.20
45731,229,S1,390.0,30.863,21.20
45732,229,S1,393.0,30.749,21.20
45733,229,S1,396.0,30.513,21.20
45734,229,S1,399.0,30.365,21.20
45735,229,S1,402.0,30.240,21.20
45736,229,S1,405.0,30.099,21.20
45737,229,S1,408.0,29.937,21.20
45738,229,S1,411.0,29.901,21.20
45739,229,S1,414.0,29.745,21.20
45740,229,S1,417.0,29.650,21.20
45741,229,S1,420.0,29.562,21.20
45742,229,S1,423.0,29.365,21.20
45743,229,S1,426.0,29.311,21.20
45744,229,S1,429.0,29.053,21.20
45745,229,S1,432.0,29.033,21.20
45746,229,S1,435.0,28.924,21.20
45747,229,S1,438.0,28.840,21.20
45748,229,S1,441.0,28.606,21.20
45749,229,S1,444.0,28.588,21.20
45750,229,S1,447.0,28.475,21.20
45751,229,S1,450.0,28.350,21.20
45752,229,S1,453.0,28.348,21.20
45753,229,S1,456.0,28.175,21.20
45754,229,S1,459.0,28.010,21.20
45755,229,S1,462.0,27.926,21.20
45756,229,S1,465.0,27.923,21.20
45757,229,S1,468.0,27.846,21.20
45758,229,S1,471.0,27.676,21.20
45759,229,S1,474.0,27.652,21.20
45760,229,S1,477.0,27.553,21.20
45761,229,S1,480.0,27.433,21.20
45762,229,S1,483.0,27.355,21.20
45763,229,S1,486.0,27.214,21.20
45764,229,S1,489.0,27.079,21.20
45765,229,S1,492.0,27.097,21.20
45766,229,S1,495.0,26.954,21.20
45767,229,S1,498.0,26.883,21.20
45768,229,S1,501.0,26.802,21.20
45769,229,S1,504.0,26.662,21.20
45770,229,S1,507.0,26.577,21.20
45771,229,S1,510.0,26.561,21.20
45772,229,S1,513.0,26.491,21.20
45773,229,S1,516.0,26.441,21.20
45774,229,S1,519.0,26.356,21.20
45775,229,S1,522.0,26.334,21.20
45776,229,S1,525.0,26.174,21.20
45777,229,S1,528.0,26.171,21.20
45778,229,S1,531.0,26.098,21.20
45779,229,S1,534.0,25.945,21.20
45780,229,S1,537.0,25.940,21.20
45781,229,S1,540.0,25.861,21.20
45782,229,S1,543.0,25.833,21.20
45783,229,S1,546.0,25.696,21.20
45784,229,S1,549.0,25.580,21.20
45785,229,S1,552.0,25.753,21.20
45786,229,S1,555.0,25.607,21.20
45787,229,S1,558.0,25.481,21.20
45788,229,S1,561.0,25.463,21.20
45789,229,S1,564.0,25.399,21.20
45790,229,S1,567.0,25.358,21.20
45791,229,S1,570.0,25.204,21.20
45792,229,S1,573.0,25.212,21.20
45793,229,S1,576.0,25.057,21.20
45794,229,S1,579.0,25.089,21.20
45795,229,S1,582.0,25.066,21.20
45796,229,S1,585.0,25.023,21.20
45797,229,S1,588.0,24.825,21.20
45798,229,S1,591.0,24.838,21.20
45799,229,S1,594.0,24.753,21.20
45800,229,S1,597.0,24.761,21.20
45801,230,S2,0.0,87.366,22.80
45802,230,S2,3.0,85.923,22.80
45803,230,S2,6.0,84.564,22.80
45804,230,S2,9.0,83.273,22.80
45805,230,S2,12.0,82.023,22.80
45806,230,S2,15.0,80.791,22.80
45807,230,S2,18.0,79.598,22.80
45808,230,S2,21.0,78.361,22.80
45809,230,S2,24.0,77.298,22.80
45810,230,S2,27.0,76.155,22.80
45811,230,S2,30.0,74.937,22.80
45812,230,S2,33.0,73.811,22.80
45813,230,S2,36.0,72.790,22.80
45814,230,S2,39.0,71.711,22.80
45815,230,S2,42.0,70.722,22.80
45816,230,S2,45.0,69.723,22.80
45817,230,S2,48.0,68.800,22.80
45818,230,S2,51.0,67.846,22.80
45819,230,S2,54.0,66.855,22.80
45820,230,S2,57.0,65.944,22.80
45821,230,S2,60.0,65.034,22.80
45822,230,S2,63.0,64.177,22.80
45823,230,S2,66.0,63.327,22.80
45824,230,S2,69.0,62.318,22.80
45825,230,S2,72.0,61.545,22.80
45826,230,S2,75.0,60.840,22.80
45827,230,S2,78.0,59.970,22.80
45828,230,S2,81.0,59.250,22.80
45829,230,S2,84.0,58.410,22.80
45830,230,S2,87.0,57.725,22.80
45831,230,S2,90.0,56.966,22.80
45832,230,S2,93.0,56.195,22.80
45833,230,S2,96.0,55.597,22.80
45834,230,S2,99.0,54.833,22.80
45835,230,S2,102.0,54.245,22.80
45836,230,S2,105.0,53.563,22.80
45837,230,S2,108.0,52.816,22.80
45838,230,S2,111.0,52.223,22.80
45839,230,S2,114.0,51.469,22.80
45840,230,S2,117.0,50.970,22.80
45841,230,S2,120.0,50.493,22.80
45842,230,S2,123.0,49.900,22.80
45843,230,S2,126.0,49.280,22.80
45844,230,S2,129.0,48.817,22.80
45845,230,S2,132.0,48.197,22.80
45846,230,S2,135.0,47.677,22.80
45847,230,S2,138.0,47.150,22.80
45848,230,S2,141.0,46.582,22.80
45849,230,S2,144.0,46.179,22.80
45850,230,S2,147.0,45.690,22.80
45851,230,S2,150.0,45.179,22.80
45852,230,S2,153.0,44.657,22.80
45853,230,S2,156.0,44.256,22.80
45854,230,S2,159.0,43.850,22.80
45855,230,S2,162.0,43.365,22.80
45856,230,S2,165.0,42.911,22.80
45857,230,S2,168.0,42.494,22.80
45858,230,S2,171.0,42.006,22.80
45859,230,S2,174.0,41.730,22.80
45860,230,S2,177.0,41.186,22.80
45861,230,S2,180.0,40.936,22.80
45862,230,S2,183.0,40.622,22.80
45863,230,S2,186.0,40.077,22.80
45864,230,S2,189.0,39.819,22.80
45865,230,S2,192.0,39.450,22.80
45866,230,S2,195.0,39.122,22.80
45867,230,S2,198.0,38.721,22.80
45868,230,S2,201.0,38.431,22.80
45869,230,S2,204.0,38.105,22.80
45870,230,S2,207.0,37.749,22.80
45871,230,S2,210.0,37.301,22.80
45872,230,S2,213.0,37.098,22.80
45873,230,S2,216.0,36.972,22.80
45874,230,S2,219.0,36.507,22.80
45875,230,S2,222.0,36.230,22.80
45876,230,S2,225.0,35.949,22.80
45877,230,S2,228.0,35.726,22.80
45878,230,S2,231.0,35.397,22.80
45879,230,S2,234.0,35.156,22.80
45880,230,S2,237.0,34.846,22.80
45881,230,S2,240.0,34.538,22.80
45882,230,S2,243.0,34.331,22.80
45883,230,S2,246.0,34.179,22.80
45884,230,S2,249.0,33.929,22.80
45885,230,S2,252.0,33.697,22.80
45886,230,S2,255.0,33.465,22.80
45887,230,S2,258.0,33.175,22.80
45888,230,S2,261.0,33.023,22.80
45889,230,S2,264.0,32.766,22.80
45890,230,S2,267.0,32.611,22.80
45891,230,S2,270.0,32.416,22.80
45892,230,S2,273.0,32.235,22.80
45893,230,S2,276.0,31.967,22.80
45894,230,S2,279.0,31.853,22.80
45895,230,S2,282.0,31.575,22.80
45896,230,S2,285.0,31.425,22.80
45897,230,S2,288.0,31.215,22.80
45898,230,S2,291.0,31.023,22.80
45899,230,S2,294.0,30.884,22.80
45900,230,S2,297.0,30.729,22.80
45901,230,S2,300.0,30.488,22.80
45902,230,S2,303.0,30.388,22.80
45903,230,S2,306.0,30.129,22.80
45904,230,S2,309.0,30.073,22.80
45905,230,S2,312.0,29.996,22.80
45906,230,S2,315.0,29.813,22.80
45907,230,S2,318.0,29.658,22.80
45908,230,S2,321.0,29.514,22.80
45909,230,S2,324.0,29.394,22.80
45910,230,S2,327.0,29.282,22.80
45911,230,S2,330.0,29.049,22.80
45912,230,S2,333.0,28.986,22.80
45913,230,S2,336.0,28.821,22.80
45914,230,S2,339.0,28.659,22.80
45915,230,S2,342.0,28.598,22.80
45916,230,S2,345.0,28.459,22.80
45917,230,S2,348.0,28.314,22.80
45918,230,S2,351.0,28.167,22.80
45919,230,S2,354.0,28.100,22.80
45920,230,S2,357.0,27.997,22.80
45921,230,S2,360.0,27.889,22.80
45922,230,S2,363.0,27.811,22.80
45923,230,S2,366.0,27.671,22.80
45924,230,S2,369.0,27.550,22.80
45925,230,S2,372.0,27.513,22.80
45926,230,S2,375.0,27.403,22.80
45927,230,S2,378.0,27.274,22.80
45928,230,S2,381.0,27.125,22.80
45929,230,S2,384.0,27.037,22.80
45930,230,S2,387.0,27.007,22.80
45931,230,S2,390.0,26.919,22.80
45932,230,S2,393.0,26.831,22.80
45933,230,S2,396.0,26.638,22.80
45934,230,S2,399.0,26.627,22.80
45935,230,S2,402.0,26.613,22.80
45936,230,S2,405.0,26.566,22.80
45937,230,S2,408.0,26.399,22.80
45938,230,S2,411.0,26.245,22.80
45939,230,S2,414.0,26.306,22.80
45940,230,S2,417.0,26.130,22.80
45941,230,S2,420.0,26.182,22.80
45942,230,S2,423.0,26.030,22.80
45943,230,S2,426.0,26.057,22.80
45944,230,S2,429.0,25.949,22.80
45945,230,S2,432.0,25.806,22.80
45946,230,S2,435.0,25.775,22.80
45947,230,S2,438.0,25.697,22.80
45948,230,S2,441.0,25.677,22.80
45949,230,S2,444.0,25.641,22.80
45950,230,S2,447.0,25.535,22.80
45951,230,S2,450.0,25.485,22.80
45952,230,S2,453.0,25.372,22.80
45953,230,S2,456.0,25.339,22.80
45954,230,S2,459.0,25.302,22.80
45955,230,S2,462.0,25.316,22.80
45956,230,S2,465.0,25.235,22.80
45957,230,S2,468.0,25.200,22.80
45958,230,S2,471.0,25.209,22.80
45959,230,S2,474.0,25.090,22.80
45960,230,S2,477.0,24.983,22.80
45961,230,S2,480.0,25.006,22.80
45962,230,S2,483.0,24.852,22.80
45963,230,S2,486.0,24.884,22.80
45964,230,S2,489.0,24.833,22.80
45965,230,S2,492.0,24.877,22.80
45966,230,S2,495.0,24.755,22.80
45967,230,S2,498.0,24.788,22.80
45968,230,S2,501.0,24.671,22.80
45969,230,S2,504.0,24.707,22.80
45970,230,S2,507.0,24.622,22.80
45971,230,S2,510.0,24.682,22.80
45972,230,S2,513.0,24.614,22.80
45973,230,S2,516.0,24.389,22.80
45974,230,S2,519.0,24.507,22.80
45975,230,S2,522.0,24.464,22.80
45976,230,S2,525.0,24.390,22.80
45977,230,S2,528.0,24.394,22.80
45978,230,S2,531.0,24.349,22.80
45979,230,S2,534.0,24.243,22.80
45980,230,S2,537.0,24.245,22.80
45981,230,S2,540.0,24.193,22.80
45982,230,S2,543.0,24.195,22.80
45983,230,S2,546.0,24.159,22.80
45984,230,S2,549.0,24.118,22.80
45985,230,S2,552.0,24.047,22.80
45986,230,S2,555.0,24.096,22.80
45987,230,S2,558.0,23.928,22.80
45988,230,S2,561.0,24.043,22.80
45989,230,S2,564.0,23.944,22.80
45990,230,S2,567.0,23.970,22.80
45991,230,S2,570.0,23.966,22.80
45992,230,S2,573.0,23.995,22.80
45993,230,S2,576.0,24.018,22.80
45994,230,S2,579.0,23.959,22.80
45995,230,S2,582.0,23.887,22.80
45996,230,S2,585.0,23.798,22.80
45997,230,S2,588.0,23.777,22.80
45998,230,S2,591.0,23.859,22.80
45999,230,S2,594.0,23.794,22.80
46000,230,S2,597.0,23.757,22.80
46001,231,S3,0.0,84.911,20.71
46002,231,S3,3.0,84.075,20.71
46003,231,S3,6.0,83.165,20.71
46004,231,S3,9.0,82.372,20.71
46005,231,S3,12.0,81.565,20.71
46006,231,S3,15.0,80.752,20.71
46007,231,S3,18.0,79.890,20.71
46008,231,S3,21.0,79.119,20.71
46009,231,S3,24.0,78.237,20.71
46010,231,S3,27.0,77.523,20.71
46011,231,S3,30.0,76.747,20.71
46012,231,S3,33.0,76.025,20.71
46013,231,S3,36.0,75.177,20.71
46014,231,S3,39.0,74.482,20.71
46015,231,S3,42.0,73.674,20.71
46016,231,S3,45.0,73.056,20.71
46017,231,S3,48.0,72.297,20.71
46018,231,S3,51.0,71.585,20.71
46019,231,S3,54.0,70.869,20.71
46020,231,S3,57.0,70.179,20.71
46021,231,S3,60.0,69.516,20.71
46022,231,S3,63.0,68.826,20.71
46023,231,S3,66.0,68.163,20.71
46024,231,S3,69.0,67.545,20.71
46025,231,S3,72.0,66.917,20.71
46026,231,S3,75.0,66.264,20.71
46027,231,S3,78.0,65.618,20.71
46028,231,S3,81.0,64.999,20.71
46029,231,S3,84.0,64.358,20.71
46030,231,S3,87.0,63.841,20.71
46031,231,S3,90.0,63.303,20.71
46032,231,S3,93.0,62.645,20.71
46033,231,S3,96.0,62.061,20.71
46034,231,S3,99.0,61.548,20.71
46035,231,S3,102.0,60.834,20.71
46036,231,S3,105.0,60.429,20.71
46037,231,S3,108.0,59.799,20.71
46038,231,S3,111.0,59.379,20.71
46039,231,S3,114.0,58.705,20.71
46040,231,S3,117.0,58.209,20.71
46041,231,S3,120.0,57.724,20.71
46042,231,S3,123.0,57.220,20.71
46043,231,S3,126.0,56.830,20.71
46044,231,S3,129.0,56.241,20.71
46045,231,S3,132.0,55.697,20.71
46046,231,S3,135.0,55.230,20.71
46047,231,S3,138.0,54.754,20.71
46048,231,S3,141.0,54.313,20.71
46049,231,S3,144.0,53.926,20.71
46050,231,S3,147.0,53.382,20.71
46051,231,S3,150.0,53.030,20.71
46052,231,S3,153.0,52.522,20.71
46053,231,S3,156.0,52.142,20.71
46054,231,S3,159.0,51.642,20.71
46055,231,S3,162.0,51.235,20.71
46056,231,S3,165.0,50.880,20.71
46057,231,S3,168.0,50.424,20.71
46058,231,S3,171.0,49.963,20.71
46059,231,S3,174.0,49.598,20.71
46060,231,S3,177.0,49.164,20.71
46061,231,S3,180.0,48.844,20.71
46062,231,S3,183.0,48.432,20.71
46063,231,S3,186.0,48.072,20.71
46064,231,S3,189.0,47.714,20.71
46065,231,S3,192.0,47.230,20.71
46066,231,S3,195.0,46.983,20.71
46067,231,S3,198.0,46.597,20.71
46068,231,S3,201.0,46.168,20.71
46069,231,S3,204.0,45.895,20.71
46070,231,S3,207.0,45.560,20.71
46071,231,S3,210.0,45.146,20.71
46072,231,S3,213.0,44.864,20.71
46073,231,S3,216.0,44.584,20.71
46074,231,S3,219.0,44.189,20.71
46075,231,S3,222.0,43.868,20.71
46076,231,S3,225.0,43.617,20.71
46077,231,S3,228.0,43.272,20.71
46078,231,S3,231.0,42.983,20.71
46079,231,S3,234.0,42.628,20.71
46080,231,S3,237.0,42.358,20.71
46081,231,S3,240.0,42.109,20.71
46082,231,S3,243.0,41.827,20.71
46083,231,S3,246.0,41.536,20.71
46084,231,S3,249.0,41.204,20.71
46085,231,S3,252.0,40.890,20.71
46086,231,S3,255.0,40.752,20.71
46087,231,S3,258.0,40.407,20.71
46088,231,S3,261.0,40.104,20.71
46089,231,S3,264.0,39.850,20.71
46090,231,S3,267.0,39.573,20.71
46091,231,S3,270.0,39.319,20.71
46092,231,S3,273.0,39.077,20.71
46093,231,S3,276.0,38.854,20.71
46094,231,S3,279.0,38.583,20.71
46095,231,S3,282.0,38.317,20.71
46096,231,S3,285.0,38.021,20.71
46097,231,S3,288.0,37.813,20.71
46098,231,S3,291.0,37.544,20.71
46099,231,S3,294.0,37.419,20.71
46100,231,S3,297.0,37.175,20.71
46101,231,S3,300.0,36.961,20.71
46102,231,S3,303.0,36.642,20.71
46103,231,S3,306.0,36.521,20.71
46104,231,S3,309.0,36.132,20.71
46105,231,S3,312.0,36.121,20.71
46106,231,S3,315.0,35.842,20.71
46107,231,S3,318.0,35.662,20.71
46108,231,S3,321.0,35.454,20.71
46109,231,S3,324.0,35.191,20.71
46110,231,S3,327.0,35.031,20.71
46111,231,S3,330.0,34.683,20.71
46112,231,S3,333.0,34.632,20.71
46113,231,S3,336.0,34.335,20.71
46114,231,S3,339.0,34.305,20.71
46115,231,S3,342.0,34.051,20.71
46116,231,S3,345.0,33.886,20.71
46117,231,S3,348.0,33.685,20.71
46118,231,S3,351.0,33.595,20.71
46119,231,S3,354.0,33.352,20.71
46120,231,S3,357.0,33.215,20.71
46121,231,S3,360.0,32.986,20.71
46122,231,S3,363.0,32.854,20.71
46123,231,S3,366.0,32.664,20.71
46124,231,S3,369.0,32.480,20.71
46125,231,S3,372.0,32.393,20.71
46126,231,S3,375.0,32.169,20.71
46127,231,S3,378.0,32.009,20.71
46128,231,S3,381.0,31.825,20.71
46129,231,S3,384.0,31.841,20.71
46130,231,S3,387.0,31.578,20.71
46131,231,S3,390.0,31.458,20.71
46132,231,S3,393.0,31.235,20.71
46133,231,S3,396.0,31.153,20.71
46134,231,S3,399.0,31.059,20.71
46135,231,S3,402.0,30.987,20.71
46136,231,S3,405.0,30.633,20.71
46137,231,S3,408.0,30.561,20.71
46138,231,S3,411.0,30.439,20.71
46139,231,S3,414.0,30.134,20.71
46140,231,S3,417.0,30.256,20.71
46141,231,S3,420.0,29.969,20.71
46142,231,S3,423.0,29.963,20.71
46143,231,S3,426.0,29.850,20.71
46144,231,S3,429.0,29.726,20.71
46145,231,S3,432.0,29.571,20.71
46146,231,S3,435.0,29.520,20.71
46147,231,S3,438.0,29.254,20.71
46148,231,S3,441.0,29.182,20.71
46149,231,S3,444.0,29.109,20.71
46150,231,S3,447.0,28.891,20.71
46151,231,S3,450.0,28.850,20.71
46152,231,S3,453.0,28.678,20.71
46153,231,S3,456.0,28.572,20.71
46154,231,S3,459.0,28.578,20.71
46155,231,S3,462.0,28.444,20.71
46156,231,S3,465.0,28.360,20.71
46157,231,S3,468.0,28.209,20.71
46158,231,S3,471.0,28.102,20.71
46159,231,S3,474.0,28.002,20.71
46160,231,S3,477.0,27.913,20.71
46161,231,S3,480.0,27.773,20.71
46162,231,S3,483.0,27.726,20.71
46163,231,S3,486.0,27.591,20.71
46164,231,S3,489.0,27.547,20.71
46165,231,S3,492.0,27.481,20.71
46166,231,S3,495.0,27.419,20.71
46167,231,S3,498.0,27.266,20.71
46168,231,S3,501.0,27.177,20.71
46169,231,S3,504.0,27.000,20.71
46170,231,S3,507.0,26.897,20.71
46171,231,S3,510.0,26.927,20.71
46172,231,S3,513.0,26.831,20.71
46173,231,S3,516.0,26.694,20.71
46174,231,S3,519.0,26.658,20.71
46175,231,S3,522.0,26.559,20.71
46176,231,S3,525.0,26.441,20.71
46177,231,S3,528.0,26.436,20.71
46178,231,S3,531.0,26.299,20.71
46179,231,S3,534.0,26.265,20.71
46180,231,S3,537.0,26.151,20.71
46181,231,S3,540.0,26.031,20.71
46182,231,S3,543.0,25.985,20.71
46183,231,S3,546.0,25.950,20.71
46184,231,S3,549.0,25.847,20.71
46185,231,S3,552.0,25.822,20.71
46186,231,S3,555.0,25.753,20.71
46187,231,S3,558.0,25.631,20.71
46188,231,S3,561.0,25.595,20.71
46189,231,S3,564.0,25.594,20.71
46190,231,S3,567.0,25.540,20.71
46191,231,S3,570.0,25.391,20.71
46192,231,S3,573.0,25.285,20.71
46193,231,S3,576.0,25.241,20.71
46194,231,S3,579.0,25.100,20.71
46195,231,S3,582.0,25.179,20.71
46196,231,S3,585.0,25.041,20.71
46197,231,S3,588.0,25.077,20.71
46198,231,S3,591.0,24.966,20.71
46199,231,S3,594.0,24.999,20.71
46200,231,S3,597.0,24.814,20.71
46201,232,S4,0.0,89.508,21.15
46202,232,S4,3.0,88.433,21.15
46203,232,S4,6.0,87.348,21.15
46204,232,S4,9.0,86.416,21.15
46205,232,S4,12.0,85.503,21.15
46206,232,S4,15.0,84.546,21.15
46207,232,S4,18.0,83.560,21.15
46208,232,S4,21.0,82.611,21.15
46209,232,S4,24.0,81.770,21.15
46210,232,S4,27.0,80.742,21.15
46211,232,S4,30.0,79.876,21.15
46212,232,S4,33.0,79.066,21.15
46213,232,S4,36.0,78.145,21.15
46214,232,S4,39.0,77.223,21.15
46215,232,S4,42.0,76.437,21.15
46216,232,S4,45.0,75.559,21.15
46217,232,S4,48.0,74.878,21.15
46218,232,S4,51.0,74.119,21.15
46219,232,S4,54.0,73.304,21.15
46220,232,S4,57.0,72.446,21.15
46221,232,S4,60.0,71.696,21.15
46222,232,S4,63.0,70.967,21.15
46223,232,S4,66.0,70.188,21.15
46224,232,S4,69.0,69.497,21.15
46225,232,S4,72.0,68.741,21.15
46226,232,S4,75.0,68.002,21.15
46227,232,S4,78.0,67.423,21.15
46228,232,S4,81.0,66.612,21.15
46229,232,S4,84.0,65.978,21.15
46230,232,S4,87.0,65.382,21.15
46231,232,S4,90.0,64.670,21.15
46232,232,S4,93.0,63.986,21.15
46233,232,S4,96.0,63.285,21.15
46234,232,S4,99.0,62.719,21.15
46235,232,S4,102.0,62.032,21.15
46236,232,S4,105.0,61.493,21.15
46237,232,S4,108.0,60.886,21.15
46238,232,S4,111.0,60.294,21.15
46239,232,S4,114.0,59.693,21.15
46240,232,S4,117.0,59.148,21.15
46241,232,S4,120.0,58.538,21.15
46242,232,S4,123.0,57.967,21.15
46243,232,S4,126.0,57.446,21.15
46244,232,S4,129.0,56.932,21.15
46245,232,S4,132.0,56.390,21.15
46246,232,S4,135.0,55.833,21.15
46247,232,S4,138.0,55.259,21.15
46248,232,S4,141.0,54.814,21.15
46249,232,S4,144.0,54.330,21.15
46250,232,S4,147.0,53.851,21.15
46251,232,S4,150.0,53.367,21.15
46252,232,S4,153.0,52.747,21.15
46253,232,S4,156.0,52.300,21.15
46254,232,S4,159.0,51.971,21.15
46255,232,S4,162.0,51.436,21.15
46256,232,S4,165.0,50.943,21.15
46257,232,S4,168.0,50.575,21.15
46258,232,S4,171.0,50.070,21.15
46259,232,S4,174.0,49.638,21.15
46260,232,S4,177.0,49.199,21.15
46261,232,S4,180.0,48.802,21.15
46262,232,S4,183.0,48.481,21.15
46263,232,S4,186.0,48.022,21.15
46264,232,S4,189.0,47.534,21.15
46265,232,S4,192.0,47.190,21.15
46266,232,S4,195.0,46.881,21.15
46267,232,S4,198.0,46.502,21.15
46268,232,S4,201.0,45.963,21.15
46269,232,S4,204.0,45.678,21.15
46270,232,S4,207.0,45.315,21.15
46271,232,S4,210.0,45.021,21.15
46272,232,S4,213.0,44.632,21.15
46273,232,S4,216.0,44.230,21.15
46274,232,S4,219.0,43.839,21.15
46275,232,S4,222.0,43.497,21.15
46276,232,S4,225.0,43.281,21.15
46277,232,S4,228.0,42.909,21.15
46278,232,S4,231.0,42.567,21.15
46279,232,S4,234.0,42.193,21.15
46280,232,S4,237.0,41.932,21.15
46281,232,S4,240.0,41.615,21.15
46282,232,S4,243.0,41.388,21.15
46283,232,S4,246.0,41.002,21.15
46284,232,S4,249.0,40.693,21.15
46285,232,S4,252.0,40.485,21.15
46286,232,S4,255.0,40.109,21.15
46287,232,S4,258.0,39.909,21.15
46288,232,S4,261.0,39.543,21.15
46289,232,S4,264.0,39.278,21.15
46290,232,S4,267.0,38.960,21.15
46291,232,S4,270.0,38.877,21.15
46292,232,S4,273.0,38.509,21.15
46293,232,S4,276.0,38.258,21.15
46294,232,S4,279.0,38.021,21.15
46295,232,S4,282.0,37.724,21.15
46296,232,S4,285.0,37.541,21.15
46297,232,S4,288.0,37.244,21.15
46298,232,S4,291.0,36.946,21.15
46299,232,S4,294.0,36.824,21.15
46300,232,S4,297.0,36.513,21.15
46301,232,S4,300.0,36.284,21.15
46302,232,S4,303.0,36.052,21.15
46303,232,S4,306.0,35.867,21.15
46304,232,S4,309.0,35.621,21.15
46305,232,S4,312.0,35.451,21.15
46306,232,S4,315.0,35.177,21.15
46307,232,S4,318.0,35.060,21.15
46308,232,S4,321.0,34.876,21.15
46309,232,S4,324.0,34.637,21.15
46310,232,S4,327.0,34.415,21.15
46311,232,S4,330.0,34.120,21.15
46312,232,S4,333.0,33.937,21.15
46313,232,S4,336.0,33.811,21.15
46314,232,S4,339.0,33.571,21.15
46315,232,S4,342.0,33.469,21.15
46316,232,S4,345.0,33.228,21.15
46317,232,S4,348.0,33.120,21.15
46318,232,S4,351.0,32.925,21.15
46319,232,S4,354.0,32.729,21.15
46320,232,S4,357.0,32.603,21.15
46321,232,S4,360.0,32.328,21.15
46322,232,S4,363.0,32.244,21.15
46323,232,S4,366.0,32.050,21.15
46324,232,S4,369.0,31.862,21.15
46325,232,S4,372.0,31.669,21.15
46326,232,S4,375.0,31.466,21.15
46327,232,S4,378.0,31.401,21.15
46328,232,S4,381.0,31.333,21.15
46329,232,S4,384.0,31.097,21.15
46330,232,S4,387.0,30.962,21.15
46331,232,S4,390.0,30.774,21.15
46332,232,S4,393.0,30.626,21.15
46333,232,S4,396.0,30.520,21.15
46334,232,S4,399.0,30.427,21.15
46335,232,S4,402.0,30.294,21.15
46336,232,S4,405.0,30.110,21.15
46337,232,S4,408.0,29.977,21.15
46338,232,S4,411.0,29.832,21.15
46339,232,S4,414.0,29.690,21.15
46340,232,S4,417.0,29.536,21.15
46341,232,S4,420.0,29.431,21.15
46342,232,S4,423.0,29.283,21.15
46343,232,S4,426.0,29.229,21.15
46344,232,S4,429.0,29.099,21.15
46345,232,S4,432.0,28.978,21.15
46346,232,S4,435.0,28.803,21.15
46347,232,S4,438.0,28.716,21.15
46348,232,S4,441.0,28.655,21.15
46349,232,S4,444.0,28.555,21.15
46350,232,S4,447.0,28.421,21.15
46351,232,S4,450.0,28.245,21.15
46352,232,S4,453.0,28.222,21.15
46353,232,S4,456.0,28.047,21.15
46354,232,S4,459.0,27.980,21.15
46355,232,S4,462.0,27.744,21.15
46356,232,S4,465.0,27.677,21.15
46357,232,S4,468.0,27.649,21.15
46358,232,S4,471.0,27.589,21.15
46359,232,S4,474.0,27.457,21.15
46360,232,S4,477.0,27.378,21.15
46361,232,S4,480.0,27.258,21.15
46362,232,S4,483.0,27.203,21.15
46363,232,S4,486.0,27.181,21.15
46364,232,S4,489.0,27.034,21.15
46365,232,S4,492.0,27.022,21.15
46366,232,S4,495.0,26.806,21.15
46367,232,S4,498.0,26.805,21.15
46368,232,S4,501.0,26.764,21.15
46369,232,S4,504.0,26.551,21.15
46370,232,S4,507.0,26.475,21.15
46371,232,S4,510.0,26.422,21.15
46372,232,S4,513.0,26.402,21.15
46373,232,S4,516.0,26.266,21.15
46374,232,S4,519.0,26.184,21.15
46375,232,S4,522.0,26.076,21.15
46376,232,S4,525.0,26.059,21.15
46377,232,S4,528.0,25.944,21.15
46378,232,S4,531.0,25.875,21.15
46379,232,S4,534.0,25.801,21.15
46380,232,S4,537.0,25.796,21.15
46381,232,S4,540.0,25.652,21.15
46382,232,S4,543.0,25.625,21.15
46383,232,S4,546.0,25.497,21.15
46384,232,S4,549.0,25.476,21.15
46385,232,S4,552.0,25.296,21.15
46386,232,S4,555.0,25.339,21.15
46387,232,S4,558.0,25.354,21.15
46388,232,S4,561.0,25.253,21.15
46389,232,S4,564.0,25.199,21.15
46390,232,S4,567.0,25.118,21.15
46391,232,S4,570.0,25.069,21.15
46392,232,S4,573.0,25.022,21.15
46393,232,S4,576.0,24.934,21.15
46394,232,S4,579.0,24.932,21.15
46395,232,S4,582.0,24.878,21.15
46396,232,S4,585.0,24.778,21.15
46397,232,S4,588.0,24.736,21.15
46398,232,S4,591.0,24.696,21.15
46399,232,S4,594.0,24.681,21.15
46400,232,S4,597.0,24.577,21.15
46401,233,S1,0.0,77.290,22.38
46402,233,S1,3.0,76.057,22.38
46403,233,S1,6.0,74.798,22.38
46404,233,S1,9.0,73.601,22.38
46405,233,S1,12.0,72.386,22.38
46406,233,S1,15.0,71.273,22.38
46407,233,S1,18.0,70.113,22.38
46408,233,S1,21.0,69.021,22.38
46409,233,S1,24.0,67.888,22.38
46410,233,S1,27.0,66.926,22.38
46411,233,S1,30.0,65.880,22.38
46412,233,S1,33.0,64.828,22.38
46413,233,S1,36.0,63.847,22.38
46414,233,S1,39.0,62.895,22.38
46415,233,S1,42.0,61.942,22.38
46416,233,S1,45.0,61.094,22.38
46417,233,S1,48.0,60.126,22.38
46418,233,S1,51.0,59.231,22.38
46419,233,S1,54.0,58.335,22.38
46420,233,S1,57.0,57.534,22.38
46421,233,S1,60.0,56.653,22.38
46422,233,S1,63.0,55.950,22.38
46423,233,S1,66.0,55.153,22.38
46424,233,S1,69.0,54.382,22.38
46425,233,S1,72.0,53.643,22.38
46426,233,S1,75.0,52.943,22.38
46427,233,S1,78.0,52.195,22.38
46428,233,S1,81.0,51.571,22.38
46429,233,S1,84.0,50.815,22.38
46430,233,S1,87.0,50.161,22.38
46431,233,S1,90.0,49.607,22.38
46432,233,S1,93.0,48.942,22.38
46433,233,S1,96.0,48.360,22.38
46434,233,S1,99.0,47.643,22.38
46435,233,S1,102.0,47.062,22.38
46436,233,S1,105.0,46.475,22.38
46437,233,S1,108.0,45.999,22.38
46438,233,S1,111.0,45.393,22.38
46439,233,S1,114.0,44.931,22.38
46440,233,S1,117.0,44.413,22.38
46441,233,S1,120.0,43.908,22.38
46442,233,S1,123.0,43.293,22.38
46443,233,S1,126.0,42.829,22.38
46444,233,S1,129.0,42.362,22.38
46445,233,S1,132.0,41.900,22.38
46446,233,S1,135.0,41.570,22.38
46447,233,S1,138.0,41.097,22.38
46448,233,S1,141.0,40.569,22.38
46449,233,S1,144.0,40.228,22.38
46450,233,S1,147.0,39.689,22.38
46451,233,S1,150.0,39.357,22.38
46452,233,S1,153.0,38.969,22.38
46453,233,S1,156.0,38.492,22.38
46454,233,S1,159.0,38.232,22.38
46455,233,S1,162.0,37.842,22.38
46456,233,S1,165.0,37.331,22.38
46457,233,S1,168.0,37.068,22.38
46458,233,S1,171.0,36.797,22.38
46459,233,S1,174.0,36.466,22.38
46460,233,S1,177.0,36.148,22.38
46461,233,S1,180.0,35.808,22.38
46462,233,S1,183.0,35.459,22.38
46463,233,S1,186.0,35.201,22.38
46464,233,S1,189.0,34.951,22.38
46465,233,S1,192.0,34.655,22.38
46466,233,S1,195.0,34.299,22.38
46467,233,S1,198.0,33.971,22.38
46468,233,S1,201.0,33.788,22.38
46469,233,S1,204.0,33.475,22.38
46470,233,S1,207.0,33.237,22.38
46471,233,S1,210.0,33.025,22.38
46472,233,S1,213.0,32.763,22.38
46473,233,S1,216.0,32.574,22.38
46474,233,S1,219.0,32.246,22.38
46475,233,S1,222.0,32.033,22.38
46476,233,S1,225.0,31.819,22.38
46477,233,S1,228.0,31.619,22.38
46478,233,S1,231.0,31.416,22.38
46479,233,S1,234.0,31.217,22.38
46480,233,S1,237.0,31.091,22.38
46481,233,S1,240.0,30.838,22.38
46482,233,S1,243.0,30.541,22.38
46483,233,S1,246.0,30.403,22.38
46484,233,S1,249.0,30.172,22.38
46485,233,S1,252.0,30.080,22.38
46486,233,S1,255.0,29.852,22.38
46487,233,S1,258.0,29.676,22.38
46488,233,S1,261.0,29.463,22.38
46489,233,S1,264.0,29.297,22.38
46490,233,S1,267.0,29.164,22.38
46491,233,S1,270.0,28.991,22.38
46492,233,S1,273.0,28.863,22.38
46493,233,S1,276.0,28.714,22.38
46494,233,S1,279.0,28.498,22.38
46495,233,S1,282.0,28.487,22.38
46496,233,S1,285.0,28.321,22.38
46497,233,S1,288.0,28.159,22.38
46498,233,S1,291.0,27.940,22.38
46499,233,S1,294.0,27.950,22.38
46500,233,S1,297.0,27.674,22.38
46501,233,S1,300.0,27.664,22.38
46502,233,S1,303.0,27.574,22.38
46503,233,S1,306.0,27.360,22.38
46504,233,S1,309.0,27.300,22.38
46505,233,S1,312.0,27.142,22.38
46506,233,S1,315.0,27.075,22.38
46507,233,S1,318.0,26.953,22.38
46508,233,S1,321.0,26.777,22.38
46509,233,S1,324.0,26.713,22.38
46510,233,S1,327.0,26.604,22.38
46511,233,S1,330.0,26.465,22.38
46512,233,S1,333.0,26.403,22.38
46513,233,S1,336.0,26.319,22.38
46514,233,S1,339.0,26.250,22.38
46515,233,S1,342.0,26.204,22.38
46516,233,S1,345.0,26.109,22.38
46517,233,S1,348.0,25.909,22.38
46518,233,S1,351.0,25.870,22.38
46519,233,S1,354.0,25.844,22.38
46520,233,S1,357.0,25.720,22.38
46521,233,S1,360.0,25.658,22.38
46522,233,S1,363.0,25.586,22.38
46523,233,S1,366.0,25.484,22.38
46524,233,S1,369.0,25.421,22.38
46525,233,S1,372.0,25.387,22.38
46526,233,S1,375.0,25.299,22.38
46527,233,S1,378.0,25.234,22.38
46528,233,S1,381.0,25.155,22.38
46529,233,S1,384.0,25.038,22.38
46530,233,S1,387.0,25.037,22.38
46531,233,S1,390.0,24.931,22.38
46532,233,S1,393.0,24.853,22.38
46533,233,S1,396.0,24.789,22.38
46534,233,S1,399.0,24.807,22.38
46535,233,S1,402.0,24.678,22.38
46536,233,S1,405.0,24.790,22.38
46537,233,S1,408.0,24.579,22.38
46538,233,S1,411.0,24.540,22.38
46539,233,S1,414.0,24.461,22.38
46540,233,S1,417.0,24.398,22.38
46541,233,S1,420.0,24.450,22.38
46542,233,S1,423.0,24.381,22.38
46543,233,S1,426.0,24.308,22.38
46544,233,S1,429.0,24.258,22.38
46545,233,S1,432.0,24.293,22.38
46546,233,S1,435.0,24.156,22.38
46547,233,S1,438.0,24.134,22.38
46548,233,S1,441.0,24.088,22.38
46549,233,S1,444.0,24.041,22.38
46550,233,S1,447.0,24.096,22.38
46551,233,S1,450.0,24.044,22.38
46552,233,S1,453.0,23.946,22.38
46553,233,S1,456.0,23.951,22.38
46554,233,S1,459.0,23.987,22.38
46555,233,S1,462.0,23.741,22.38
46556,233,S1,465.0,23.729,22.38
46557,233,S1,468.0,23.750,22.38
46558,233,S1,471.0,23.761,22.38
46559,233,S1,474.0,23.696,22.38
46560,233,S1,477.0,23.662,22.38
46561,233,S1,480.0,23.650,22.38
46562,233,S1,483.0,23.671,22.38
46563,233,S1,486.0,23.590,22.38
46564,233,S1,489.0,23.517,22.38
46565,233,S1,492.0,23.540,22.38
46566,233,S1,495.0,23.547,22.38
46567,233,S1,498.0,23.523,22.38
46568,233,S1,501.0,23.474,22.38
46569,233,S1,504.0,23.431,22.38
46570,233,S1,507.0,23.373,22.38
46571,233,S1,510.0,23.450,22.38
46572,233,S1,513.0,23.423,22.38
46573,233,S1,516.0,23.320,22.38
46574,233,S1,519.0,23.348,22.38
46575,233,S1,522.0,23.233,22.38
46576,233,S1,525.0,23.177,22.38
46577,233,S1,528.0,23.216,22.38
46578,233,S1,531.0,23.238,22.38
46579,233,S1,534.0,23.264,22.38
46580,233,S1,537.0,23.185,22.38
46581,233,S1,540.0,23.202,22.38
46582,233,S1,543.0,23.160,22.38
46583,233,S1,546.0,23.133,22.38
46584,233,S1,549.0,23.096,22.38
46585,233,S1,552.0,23.152,22.38
46586,233,S1,555.0,23.133,22.38
46587,233,S1,558.0,23.048,22.38
46588,233,S1,561.0,23.088,22.38
46589,233,S1,564.0,23.016,22.38
46590,233,S1,567.0,23.034,22.38
46591,233,S1,570.0,23.008,22.38
46592,233,S1,573.0,23.011,22.38
46593,233,S1,576.0,22.985,22.38
46594,233,S1,579.0,22.938,22.38
46595,233,S1,582.0,23.041,22.38
46596,233,S1,585.0,22.981,22.38
46597,233,S1,588.0,22.998,22.38
46598,233,S1,591.0,22.971,22.38
46599,233,S1,594.0,23.002,22.38
46600,233,S1,597.0,22.867,22.38
46601,234,S2,0.0,82.818,20.38
46602,234,S2,3.0,81.969,20.38
46603,234,S2,6.0,81.211,20.38
46604,234,S2,9.0,80.386,20.38
46605,234,S2,12.0,79.624,20.38
46606,234,S2,15.0,78.855,20.38
46607,234,S2,18.0,78.106,20.38
46608,234,S2,21.0,77.281,20.38
46609,234,S2,24.0,76.513,20.38
46610,234,S2,27.0,75.840,20.38
46611,234,S2,30.0,75.168,20.38
46612,234,S2,33.0,74.346,20.38
46613,234,S2,36.0,73.708,20.38
46614,234,S2,39.0,72.947,20.38
46615,234,S2,42.0,72.374,20.38
46616,234,S2,45.0,71.549,20.38
46617,234,S2,48.0,70.893,20.38
46618,234,S2,51.0,70.336,20.38
46619,234,S2,54.0,69.567,20.38
46620,234,S2,57.0,68.992,20.38
46621,234,S2,60.0,68.262,20.38
46622,234,S2,63.0,67.696,20.38
46623,234,S2,66.0,67.076,20.38
46624,234,S2,69.0,66.373,20.38
46625,234,S2,72.0,65.917,20.38
46626,234,S2,75.0,65.223,20.38
46627,234,S2,78.0,64.755,20.38
46628,234,S2,81.0,64.071,20.38
46629,234,S2,84.0,63.568,20.38
46630,234,S2,87.0,62.979,20.38
46631,234,S2,90.0,62.426,20.38
46632,234,S2,93.0,61.878,20.38
46633,234,S2,96.0,61.356,20.38
46634,234,S2,99.0,60.858,20.38
46635,234,S2,102.0,60.263,20.38
46636,234,S2,105.0,59.723,20.38
46637,234,S2,108.0,59.168,20.38
46638,234,S2,111.0,58.651,20.38
46639,234,S2,114.0,58.094,20.38
46640,234,S2,117.0,57.777,20.38
46641,234,S2,120.0,57.163,20.38
46642,234,S2,123.0,56.703,20.38
46643,234,S2,126.0,56.236,20.38
46644,234,S2,129.0,55.703,20.38
46645,234,S2,132.0,55.249,20.38
46646,234,S2,135.0,54.825,20.38
46647,234,S2,138.0,54.347,20.38
46648,234,S2,141.0,54.008,20.38
46649,234,S2,144.0,53.516,20.38
46650,234,S2,147.0,53.009,20.38
46651,234,S2,150.0,52.553,20.38
46652,234,S2,153.0,52.193,20.38
46653,234,S2,156.0,51.790,20.38
46654,234,S2,159.0,51.420,20.38
46655,234,S2,162.0,50.996,20.38
46656,234,S2,165.0,50.512,20.38
46657,234,S2,168.0,50.242,20.38
46658,234,S2,171.0,49.805,20.38
46659,234,S2,174.0,49.420,20.38
46660,234,S2,177.0,48.983,20.38
46661,234,S2,180.0,48.594,20.38
46662,234,S2,183.0,48.268,20.38
46663,234,S2,186.0,47.923,20.38
46664,234,S2,189.0,47.588,20.38
46665,234,S2,192.0,47.128,20.38
46666,234,S2,195.0,46.900,20.38
46667,234,S2,198.0,46.474,20.38
46668,234,S2,201.0,46.149,20.38
46669,234,S2,204.0,45.776,20.38
46670,234,S2,207.0,45.445,20.38
46671,234,S2,210.0,45.246,20.38
46672,234,S2,213.0,44.781,20.38
46673,234,S2,216.0,44.471,20.38
46674,234,S2,219.0,44.152,20.38
46675,234,S2,222.0,43.710,20.38
46676,234,S2,225.0,43.551,20.38
46677,234,S2,228.0,43.264,20.38
46678,234,S2,231.0,42.984,20.38
46679,234,S2,234.0,42.618,20.38
46680,234,S2,237.0,42.389,20.38
46681,234,S2,240.0,41.957,20.38
46682,234,S2,243.0,41.856,20.38
46683,234,S2,246.0,41.506,20.38
46684,234,S2,249.0,41.264,20.38
46685,234,S2,252.0,40.973,20.38
46686,234,S2,255.0,40.672,20.38
46687,234,S2,258.0,40.460,20.38
46688,234,S2,261.0,40.251,20.38
46689,234,S2,264.0,39.840,20.38
46690,234,S2,267.0,39.536,20.38
46691,234,S2,270.0,39.355,20.38
46692,234,S2,273.0,39.102,20.38
46693,234,S2,276.0,38.908,20.38
46694,234,S2,279.0,38.594,20.38
46695,234,S2,282.0,38.442,20.38
46696,234,S2,285.0,38.139,20.38
46697,234,S2,288.0,37.918,20.38
46698,234,S2,291.0,37.742,20.38
46699,234,S2,294.0,37.518,20.38
46700,234,S2,297.0,37.238,20.38
46701,234,S2,300.0,37.149,20.38
46702,234,S2,303.0,36.851,20.38
46703,234,S2,306.0,36.526,20.38
46704,234,S2,309.0,36.419,20.38
46705,234,S2,312.0,36.183,20.38
46706,234,S2,315.0,35.960,20.38
46707,234,S2,318.0,35.764,20.38
46708,234,S2,321.0,35.527,20.38
46709,234,S2,324.0,35.398,20.38
46710,234,S2,327.0,35.091,20.38
46711,234,S2,330.0,34.934,20.38
46712,234,S2,333.0,34.813,20.38
46713,234,S2,336.0,34.615,20.38
46714,234,S2,339.0,34.374,20.38
46715,234,S2,342.0,34.205,20.38
46716,234,S2,345.0,34.101,20.38
46717,234,S2,348.0,33.813,20.38
46718,234,S2,351.0,33.755,20.38
46719,234,S2,354.0,33.506,20.38
46720,234,S2,357.0,33.452,20.38
46721,234,S2,360.0,33.175,20.38
46722,234,S2,363.0,32.886,20.38
46723,234,S2,366.0,32.846,20.38
46724,234,S2,369.0,32.701,20.38
46725,234,S2,372.0,32.476,20.38
46726,234,S2,375.0,32.289,20.38
46727,234,S2,378.0,32.221,20.38
46728,234,S2,381.0,32.022,20.38
46729,234,S2,384.0,31.993,20.38
46730,234,S2,387.0,31.798,20.38
46731,234,S2,390.0,31.613,20.38
46732,234,S2,393.0,31.366,20.38
46733,234,S2,396.0,31.263,20.38
46734,234,S2,399.0,31.107,20.38
46735,234,S2,402.0,30.947,20.38
46736,234,S2,405.0,30.881,20.38
46737,234,S2,408.0,30.791,20.38
46738,234,S2,411.0,30.595,20.38
46739,234,S2,414.0,30.461,20.38
46740,234,S2,417.0,30.283,20.38
46741,234,S2,420.0,30.179,20.38
46742,234,S2,423.0,30.037,20.38
46743,234,S2,426.0,29.964,20.38
46744,234,S2,429.0,29.767,20.38
46745,234,S2,432.0,29.638,20.38
46746,234,S2,435.0,29.592,20.38
46747,234,S2,438.0,29.455,20.38
46748,234,S2,441.0,29.254,20.38
46749,234,S2,444.0,29.221,20.38
46750,234,S2,447.0,29.143,20.38
46751,234,S2,450.0,28.973,20.38
46752,234,S2,453.0,28.892,20.38
46753,234,S2,456.0,28.737,20.38
46754,234,S2,459.0,28.607,20.38
46755,234,S2,462.0,28.620,20.38
46756,234,S2,465.0,28.494,20.38
46757,234,S2,468.0,28.326,20.38
46758,234,S2,471.0,28.284,20.38
46759,234,S2,474.0,28.087,20.38
46760,234,S2,477.0,27.912,20.38
46761,234,S2,480.0,27.885,20.38
46762,234,S2,483.0,27.886,20.38
46763,234,S2,486.0,27.678,20.38
46764,234,S2,489.0,27.549,20.38
46765,234,S2,492.0,27.519,20.38
46766,234,S2,495.0,27.408,20.38
46767,234,S2,498.0,27.373,20.38
46768,234,S2,501.0,27.176,20.38
46769,234,S2,504.0,27.159,20.38
46770,234,S2,507.0,26.980,20.38
46771,234,S2,510.0,26.997,20.38
46772,234,S2,513.0,26.956,20.38
46773,234,S2,516.0,26.784,20.38
46774,234,S2,519.0,26.707,20.38
46775,234,S2,522.0,26.599,20.38
46776,234,S2,525.0,26.559,20.38
46777,234,S2,528.0,26.421,20.38
46778,234,S2,531.0,26.458,20.38
46779,234,S2,534.0,26.368,20.38
46780,234,S2,537.0,26.186,20.38
46781,234,S2,540.0,26.166,20.38
46782,234,S2,543.0,26.110,20.38
46783,234,S2,546.0,26.023,20.38
46784,234,S2,549.0,25.999,20.38
46785,234,S2,552.0,25.940,20.38
46786,234,S2,555.0,25.816,20.38
46787,234,S2,558.0,25.765,20.38
46788,234,S2,561.0,25.718,20.38
46789,234,S2,564.0,25.531,20.38
46790,234,S2,567.0,25.591,20.38
46791,234,S2,570.0,25.451,20.38
46792,234,S2,573.0,25.393,20.38
46793,234,S2,576.0,25.315,20.38
46794,234,S2,579.0,25.298,20.38
46795,234,S2,582.0,25.182,20.38
46796,234,S2,585.0,25.052,20.38
46797,234,S2,588.0,25.002,20.38
46798,234,S2,591.0,25.008,20.38
46799,234,S2,594.0,25.030,20.38
46800,234,S2,597.0,24.948,20.38
46801,235,S3,0.0,77.253,22.24
46802,235,S3,3.0,76.412,22.24
46803,235,S3,6.0,75.685,22.24
46804,235,S3,9.0,74.975,22.24
46805,235,S3,12.0,74.208,22.24
46806,235,S3,15.0,73.551,22.24
46807,235,S3,18.0,72.897,22.24
46808,235,S3,21.0,72.189,22.24
46809,235,S3,24.0,71.529,22.24
46810,235,S3,27.0,70.837,22.24
46811,235,S3,30.0,70.200,22.24
46812,235,S3,33.0,69.545,22.24
46813,235,S3,36.0,68.869,22.24
46814,235,S3,39.0,68.197,22.24
46815,235,S3,42.0,67.662,22.24
46816,235,S3,45.0,67.022,22.24
46817,235,S3,48.0,66.331,22.24
46818,235,S3,51.0,65.793,22.24
46819,235,S3,54.0,65.220,22.24
46820,235,S3,57.0,64.658,22.24
46821,235,S3,60.0,64.068,22.24
46822,235,S3,63.0,63.446,22.24
46823,235,S3,66.0,62.962,22.24
46824,235,S3,69.0,62.340,22.24
46825,235,S3,72.0,61.927,22.24
46826,235,S3,75.0,61.293,22.24
46827,235,S3,78.0,60.758,22.24
46828,235,S3,81.0,60.267,22.24
46829,235,S3,84.0,59.650,22.24
46830,235,S3,87.0,59.241,22.24
46831,235,S3,90.0,58.745,22.24
46832,235,S3,93.0,58.173,22.24
46833,235,S3,96.0,57.594,22.24
46834,235,S3,99.0,57.246,22.24
46835,235,S3,102.0,56.804,22.24
46836,235,S3,105.0,56.306,22.24
46837,235,S3,108.0,55.828,22.24
46838,235,S3,111.0,55.435,22.24
46839,235,S3,114.0,54.972,22.24
46840,235,S3,117.0,54.505,22.24
46841,235,S3,120.0,54.047,22.24
46842,235,S3,123.0,53.593,22.24
46843,235,S3,126.0,53.201,22.24
46844,235,S3,129.0,52.727,22.24
46845,235,S3,132.0,52.331,22.24
46846,235,S3,135.0,52.003,22.24
46847,235,S3,138.0,51.577,22.24
46848,235,S3,141.0,51.145,22.24
46849,235,S3,144.0,50.716,22.24
46850,235,S3,147.0,50.402,22.24
46851,235,S3,150.0,49.991,22.24
46852,235,S3,153.0,49.640,22.24
46853,235,S3,156.0,49.221,22.24
46854,235,S3,159.0,48.914,22.24
46855,235,S3,162.0,48.644,22.24
46856,235,S3,165.0,48.128,22.24
46857,235,S3,168.0,47.815,22.24
46858,235,S3,171.0,47.489,22.24
46859,235,S3,174.0,47.129,22.24
46860,235,S3,177.0,46.860,22.24
46861,235,S3,180.0,46.504,22.24
46862,235,S3,183.0,46.120,22.24
46863,235,S3,186.0,45.771,22.24
46864,235,S3,189.0,45.485,22.24
46865,235,S3,192.0,45.192,22.24
46866,235,S3,195.0,44.893,22.24
46867,235,S3,198.0,44.569,22.24
46868,235,S3,201.0,44.283,22.24
46869,235,S3,204.0,43.992,22.24
46870,235,S3,207.0,43.592,22.24
46871,235,S3,210.0,43.350,22.24
46872,235,S3,213.0,43.024,22.24
46873,235,S3,216.0,42.842,22.24
46874,235,S3,219.0,42.467,22.24
46875,235,S3,222.0,42.237,22.24
46876,235,S3,225.0,41.973,22.24
46877,235,S3,228.0,41.783,22.24
46878,235,S3,231.0,41.425,22.24
46879,235,S3,234.0,41.179,22.24
46880,235,S3,237.0,40.889,22.24
46881,235,S3,240.0,40.622,22.24
46882,235,S3,243.0,40.361,22.24
46883,235,S3,246.0,40.251,22.24
46884,235,S3,249.0,40.010,22.24
46885,235,S3,252.0,39.673,22.24
46886,235,S3,255.0,39.504,22.24
46887,235,S3,258.0,39.225,22.24
46888,235,S3,261.0,39.018,22.24
46889,235,S3,264.0,38.727,22.24
46890,235,S3,267.0,38.575,22.24
46891,235,S3,270.0,38.349,22.24
46892,235,S3,273.0,38.132,22.24
46893,235,S3,276.0,37.906,22.24
46894,235,S3,279.0,37.707,22.24
46895,235,S3,282.0,37.495,22.24
46896,235,S3,285.0,37.222,22.24
46897,235,S3,288.0,37.065,22.24
46898,235,S3,291.0,36.950,22.24
46899,235,S3,294.0,36.744,22.24
46900,235,S3,297.0,36.453,22.24
46901,235,S3,300.0,36.233,22.24
46902,235,S3,303.0,36.048,22.24
46903,235,S3,306.0,35.946,22.24
46904,235,S3,309.0,35.697,22.24
46905,235,S3,312.0,35.490,22.24
46906,235,S3,315.0,35.402,22.24
46907,235,S3,318.0,35.150,22.24
46908,235,S3,321.0,34.909,22.24
46909,235,S3,324.0,34.713,22.24
46910,235,S3,327.0,34.683,22.24
46911,235,S3,330.0,34.417,22.24
46912,235,S3,333.0,34.232,22.24
46913,235,S3,336.0,34.061,22.24
46914,235,S3,339.0,33.968,22.24
46915,235,S3,342.0,33.813,22.24
46916,235,S3,345.0,33.681,22.24
46917,235,S3,348.0,33.578,22.24
46918,235,S3,351.0,33.359,22.24
46919,235,S3,354.0,33.154,22.24
46920,235,S3,357.0,33.027,22.24
46921,235,S3,360.0,33.072,22.24
46922,235,S3,363.0,32.682,22.24
46923,235,S3,366.0,32.611,22.24
46924,235,S3,369.0,32.416,22.24
46925,235,S3,372.0,32.313,22.24
46926,235,S3,375.0,32.247,22.24
46927,235,S3,378.0,32.046,22.24
46928,235,S3,381.0,31.839,22.24
46929,235,S3,384.0,31.872,22.24
46930,235,S3,387.0,31.690,22.24
46931,235,S3,390.0,31.529,22.24
46932,235,S3,393.0,31.526,22.24
46933,235,S3,396.0,31.371,22.24
46934,235,S3,399.0,31.079,22.24
46935,235,S3,402.0,31.118,22.24
46936,235,S3,405.0,30.808,22.24
46937,235,S3,408.0,30.878,22.24
46938,235,S3,411.0,30.703,22.24
46939,235,S3,414.0,30.634,22.24
46940,235,S3,417.0,30.559,22.24
46941,235,S3,420.0,30.408,22.24
46942,235,S3,423.0,30.251,22.24
46943,235,S3,426.0,30.148,22.24
46944,235,S3,429.0,29.969,22.24
46945,235,S3,432.0,29.986,22.24
46946,235,S3,435.0,29.773,22.24
46947,235,S3,438.0,29.730,22.24
46948,235,S3,441.0,29.605,22.24
46949,235,S3,444.0,29.531,22.24
46950,235,S3,447.0,29.502,22.24
46951,235,S3,450.0,29.223,22.24
46952,235,S3,453.0,29.273,22.24
46953,235,S3,456.0,29.137,22.24
46954,235,S3,459.0,29.075,22.24
46955,235,S3,462.0,28.976,22.24
46956,235,S3,465.0,28.893,22.24
46957,235,S3,468.0,28.782,22.24
46958,235,S3,471.0,28.579,22.24
46959,235,S3,474.0,28.541,22.24
46960,235,S3,477.0,28.529,22.24
46961,235,S3,480.0,28.437,22.24
46962,235,S3,483.0,28.371,22.24
46963,235,S3,486.0,28.233,22.24
46964,235,S3,489.0,28.178,22.24
46965,235,S3,492.0,28.060,22.24
46966,235,S3,495.0,27.983,22.24
46967,235,S3,498.0,27.926,22.24
46968,235,S3,501.0,27.919,22.24
46969,235,S3,504.0,27.774,22.24
46970,235,S3,507.0,27.706,22.24
46971,235,S3,510.0,27.645,22.24
46972,235,S3,513.0,27.561,22.24
46973,235,S3,516.0,27.463,22.24
46974,235,S3,519.0,27.461,22.24
46975,235,S3,522.0,27.303,22.24
46976,235,S3,525.0,27.214,22.24
46977,235,S3,528.0,27.252,22.24
46978,235,S3,531.0,27.121,22.24
46979,235,S3,534.0,27.044,22.24
46980,235,S3,537.0,26.941,22.24
46981,235,S3,540.0,27.033,22.24
46982,235,S3,543.0,26.879,22.24
46983,235,S3,546.0,26.852,22.24
46984,235,S3,549.0,26.815,22.24
46985,235,S3,552.0,26.704,22.24
46986,235,S3,555.0,26.650,22.24
46987,235,S3,558.0,26.638,22.24
46988,235,S3,561.0,26.538,22.24
46989,235,S3,564.0,26.568,22.24
46990,235,S3,567.0,26.391,22.24
46991,235,S3,570.0,26.312,22.24
46992,235,S3,573.0,26.260,22.24
46993,235,S3,576.0,26.263,22.24
46994,235,S3,579.0,26.234,22.24
46995,235,S3,582.0,26.035,22.24
46996,235,S3,585.0,26.124,22.24
46997,235,S3,588.0,26.024,22.24
46998,235,S3,591.0,25.884,22.24
46999,235,S3,594.0,25.933,22.24
47000,235,S3,597.0,25.855,22.24
47001,236,S4,0.0,84.050,21.15
47002,236,S4,3.0,83.075,21.15
47003,236,S4,6.0,82.206,21.15
47004,236,S4,9.0,81.312,21.15
47005,236,S4,12.0,80.286,21.15
47006,236,S4,15.0,79.453,21.15
47007,236,S4,18.0,78.601,21.15
47008,236,S4,21.0,77.670,21.15
47009,236,S4,24.0,76.771,21.15
47010,236,S4,27.0,76.033,21.15
47011,236,S4,30.0,75.183,21.15
47012,236,S4,33.0,74.456,21.15
47013,236,S4,36.0,73.579,21.15
47014,236,S4,39.0,72.762,21.15
47015,236,S4,42.0,71.883,21.15
47016,236,S4,45.0,71.191,21.15
47017,236,S4,48.0,70.335,21.15
47018,236,S4,51.0,69.682,21.15
47019,236,S4,54.0,68.980,21.15
47020,236,S4,57.0,68.274,21.15
47021,236,S4,60.0,67.424,21.15
47022,236,S4,63.0,66.794,21.15
47023,236,S4,66.0,66.036,21.15
47024,236,S4,69.0,65.537,21.15
47025,236,S4,72.0,64.760,21.15
47026,236,S4,75.0,64.095,21.15
47027,236,S4,78.0,63.441,21.15
47028,236,S4,81.0,62.764,21.15
47029,236,S4,84.0,62.189,21.15
47030,236,S4,87.0,61.609,21.15
47031,236,S4,90.0,60.872,21.15
47032,236,S4,93.0,60.321,21.15
47033,236,S4,96.0,59.774,21.15
47034,236,S4,99.0,59.204,21.15
47035,236,S4,102.0,58.592,21.15
47036,236,S4,105.0,58.056,21.15
47037,236,S4,108.0,57.434,21.15
47038,236,S4,111.0,56.902,21.15
47039,236,S4,114.0,56.294,21.15
47040,236,S4,117.0,55.788,21.15
47041,236,S4,120.0,55.377,21.15
47042,236,S4,123.0,54.751,21.15
47043,236,S4,126.0,54.297,21.15
47044,236,S4,129.0,53.736,21.15
47045,236,S4,132.0,53.326,21.15
47046,236,S4,135.0,52.804,21.15
47047,236,S4,138.0,52.299,21.15
47048,236,S4,141.0,51.820,21.15
47049,236,S4,144.0,51.325,21.15
47050,236,S4,147.0,50.994,21.15
47051,236,S4,150.0,50.434,21.15
47052,236,S4,153.0,50.001,21.15
47053,236,S4,156.0,49.488,21.15
47054,236,S4,159.0,49.082,21.15
47055,236,S4,162.0,48.839,21.15
47056,236,S4,165.0,48.271,21.15
47057,236,S4,168.0,47.933,21.15
47058,236,S4,171.0,47.537,21.15
47059,236,S4,174.0,47.115,21.15
47060,236,S4,177.0,46.594,21.15
47061,236,S4,180.0,46.377,21.15
47062,236,S4,183.0,46.013,21.15
47063,236,S4,186.0,45.482,21.15
47064,236,S4,189.0,45.113,21.15
47065,236,S4,192.0,44.832,21.15
47066,236,S4,195.0,44.512,21.15
47067,236,S4,198.0,44.073,21.15
47068,236,S4,201.0,43.717,21.15
47069,236,S4,204.0,43.404,21.15
47070,236,S4,207.0,43.095,21.15
47071,236,S4,210.0,42.707,21.15
47072,236,S4,213.0,42.425,21.15
47073,236,S4,216.0,42.030,21.15
47074,236,S4,219.0,41.809,21.15
47075,236,S4,222.0,41.485,21.15
47076,236,S4,225.0,41.156,21.15
47077,236,S4,228.0,40.874,21.15
47078,236,S4,231.0,40.662,21.15
47079,236,S4,234.0,40.291,21.15
47080,236,S4,237.0,39.941,21.15
47081,236,S4,240.0,39.650,21.15
47082,236,S4,243.0,39.364,21.15
47083,236,S4,246.0,39.080,21.15
47084,236,S4,249.0,38.922,21.15
47085,236,S4,252.0,38.531,21.15
47086,236,S4,255.0,38.373,21.15
47087,236,S4,258.0,37.966,21.15
47088,236,S4,261.0,37.741,21.15
47089,236,S4,264.0,37.602,21.15
47090,236,S4,267.0,37.294,21.15
47091,236,S4,270.0,36.927,21.15
47092,236,S4,273.0,36.869,21.15
47093,236,S4,276.0,36.546,21.15
47094,236,S4,279.0,36.337,21.15
47095,236,S4,282.0,36.166,21.15
47096,236,S4,285.0,35.815,21.15
47097,236,S4,288.0,35.615,21.15
47098,236,S4,291.0,35.394,21.15
47099,236,S4,294.0,35.171,21.15
47100,236,S4,297.0,34.953,21.15
47101,236,S4,300.0,34.816,21.15
47102,236,S4,303.0,34.530,21.15
47103,236,S4,306.0,34.334,21.15
47104,236,S4,309.0,34.236,21.15
47105,236,S4,312.0,33.983,21.15
47106,236,S4,315.0,33.808,21.15
47107,236,S4,318.0,33.556,21.15
47108,236,S4,321.0,33.432,21.15
47109,236,S4,324.0,33.257,21.15
47110,236,S4,327.0,33.057,21.15
47111,236,S4,330.0,33.014,21.15
47112,236,S4,333.0,32.582,21.15
47113,236,S4,336.0,32.469,21.15
47114,236,S4,339.0,32.387,21.15
47115,236,S4,342.0,32.147,21.15
47116,236,S4,345.0,32.019,21.15
47117,236,S4,348.0,31.823,21.15
47118,236,S4,351.0,31.656,21.15
47119,236,S4,354.0,31.398,21.15
47120,236,S4,357.0,31.200,21.15
47121,236,S4,360.0,31.246,21.15
47122,236,S4,363.0,31.037,21.15
47123,236,S4,366.0,30.840,21.15
47124,236,S4,369.0,30.698,21.15
47125,236,S4,372.0,30.628,21.15
47126,236,S4,375.0,30.468,21.15
47127,236,S4,378.0,30.425,21.15
47128,236,S4,381.0,30.302,21.15
47129,236,S4,384.0,30.039,21.15
47130,236,S4,387.0,29.886,21.15
47131,236,S4,390.0,29.824,21.15
47132,236,S4,393.0,29.611,21.15
47133,236,S4,396.0,29.515,21.15
47134,236,S4,399.0,29.386,21.15
47135,236,S4,402.0,29.272,21.15
47136,236,S4,405.0,29.147,21.15
47137,236,S4,408.0,29.023,21.15
47138,236,S4,411.0,28.928,21.15
47139,236,S4,414.0,28.772,21.15
47140,236,S4,417.0,28.641,21.15
47141,236,S4,420.0,28.577,21.15
47142,236,S4,423.0,28.416,21.15
47143,236,S4,426.0,28.303,21.15
47144,236,S4,429.0,28.233,21.15
47145,236,S4,432.0,28.154,21.15
47146,236,S4,435.0,28.060,21.15
47147,236,S4,438.0,27.970,21.15
47148,236,S4,441.0,27.853,21.15
47149,236,S4,444.0,27.686,21.15
47150,236,S4,447.0,27.598,21.15
47151,236,S4,450.0,27.516,21.15
47152,236,S4,453.0,27.364,21.15
47153,236,S4,456.0,27.264,21.15
47154,236,S4,459.0,27.181,21.15
47155,236,S4,462.0,27.113,21.15
47156,236,S4,465.0,27.028,21.15
47157,236,S4,468.0,26.970,21.15
47158,236,S4,471.0,26.832,21.15
47159,236,S4,474.0,26.816,21.15
47160,236,S4,477.0,26.784,21.15
47161,236,S4,480.0,26.694,21.15
47162,236,S4,483.0,26.474,21.15
47163,236,S4,486.0,26.431,21.15
47164,236,S4,489.0,26.383,21.15
47165,236,S4,492.0,26.258,21.15
47166,236,S4,495.0,26.187,21.15
47167,236,S4,498.0,26.225,21.15
47168,236,S4,501.0,26.062,21.15
47169,236,S4,504.0,25.983,21.15
47170,236,S4,507.0,25.879,21.15
47171,236,S4,510.0,25.829,21.15
47172,236,S4,513.0,25.784,21.15
47173,236,S4,516.0,25.713,21.15
47174,236,S4,519.0,25.671,21.15
47175,236,S4,522.0,25.570,21.15
47176,236,S4,525.0,25.505,21.15
47177,236,S4,528.0,25.482,21.15
47178,236,S4,531.0,25.364,21.15
47179,236,S4,534.0,25.351,21.15
47180,236,S4,537.0,25.312,21.15
47181,236,S4,540.0,25.200,21.15
47182,236,S4,543.0,25.159,21.15
47183,236,S4,546.0,25.072,21.15
47184,236,S4,549.0,25.045,21.15
47185,236,S4,552.0,24.910,21.15
47186,236,S4,555.0,24.852,21.15
47187,236,S4,558.0,24.772,21.15
47188,236,S4,561.0,24.699,21.15
47189,236,S4,564.0,24.672,21.15
47190,236,S4,567.0,24.652,21.15
47191,236,S4,570.0,24.605,21.15
47192,236,S4,573.0,24.605,21.15
47193,236,S4,576.0,24.538,21.15
47194,236,S4,579.0,24.378,21.15
47195,236,S4,582.0,24.403,21.15
47196,236,S4,585.0,24.335,21.15
47197,236,S4,588.0,24.300,21.15
47198,236,S4,591.0,24.240,21.15
47199,236,S4,594.0,24.213,21.15
47200,236,S4,597.0,24.213,21.15
47201,237,S1,0.0,93.884,22.15
47202,237,S1,3.0,92.883,22.15
47203,237,S1,6.0,91.854,22.15
47204,237,S1,9.0,90.941,22.15
47205,237,S1,12.0,89.930,22.15
47206,237,S1,15.0,88.994,22.15
47207,237,S1,18.0,88.115,22.15
47208,237,S1,21.0,87.157,22.15
47209,237,S1,24.0,86.174,22.15
47210,237,S1,27.0,85.349,22.15
47211,237,S1,30.0,84.473,22.15
47212,237,S1,33.0,83.606,22.15
47213,237,S1,36.0,82.645,22.15
47214,237,S1,39.0,81.747,22.15
47215,237,S1,42.0,81.006,22.15
47216,237,S1,45.0,80.214,22.15
47217,237,S1,48.0,79.368,22.15
47218,237,S1,51.0,78.591,22.15
47219,237,S1,54.0,77.808,22.15
47220,237,S1,57.0,77.015,22.15
47221,237,S1,60.0,76.124,22.15
47222,237,S1,63.0,75.419,22.15
47223,237,S1,66.0,74.725,22.15
47224,237,S1,69.0,74.010,22.15
47225,237,S1,72.0,73.266,22.15
47226,237,S1,75.0,72.560,22.15
47227,237,S1,78.0,71.741,22.15
47228,237,S1,81.0,71.101,22.15
47229,237,S1,84.0,70.396,22.15
47230,237,S1,87.0,69.785,22.15
47231,237,S1,90.0,69.168,22.15
47232,237,S1,93.0,68.401,22.15
47233,237,S1,96.0,67.744,22.15
47234,237,S1,99.0,67.157,22.15
47235,237,S1,102.0,66.500,22.15
47236,237,S1,105.0,65.886,22.15
47237,237,S1,108.0,65.283,22.15
47238,237,S1,111.0,64.634,22.15
47239,237,S1,114.0,64.058,22.15
47240,237,S1,117.0,63.490,22.15
47241,237,S1,120.0,62.826,22.15
47242,237,S1,123.0,62.405,22.15
47243,237,S1,126.0,61.739,22.15
47244,237,S1,129.0,61.231,22.15
47245,237,S1,132.0,60.661,22.15
47246,237,S1,135.0,60.055,22.15
47247,237,S1,138.0,59.509,22.15
47248,237,S1,141.0,59.021,22.15
47249,237,S1,144.0,58.490,22.15
47250,237,S1,147.0,58.138,22.15
47251,237,S1,150.0,57.496,22.15
47252,237,S1,153.0,56.969,22.15
47253,237,S1,156.0,56.531,22.15
47254,237,S1,159.0,56.051,22.15
47255,237,S1,162.0,55.606,22.15
47256,237,S1,165.0,54.976,22.15
47257,237,S1,168.0,54.655,22.15
47258,237,S1,171.0,54.223,22.15
47259,237,S1,174.0,53.673,22.15
47260,237,S1,177.0,53.294,22.15
47261,237,S1,180.0,52.817,22.15
47262,237,S1,183.0,52.426,22.15
47263,237,S1,186.0,51.868,22.15
47264,237,S1,189.0,51.555,22.15
47265,237,S1,192.0,51.144,22.15
47266,237,S1,195.0,50.742,22.15
47267,237,S1,198.0,50.352,22.15
47268,237,S1,201.0,49.942,22.15
47269,237,S1,204.0,49.573,22.15
47270,237,S1,207.0,49.178,22.15
47271,237,S1,210.0,48.827,22.15
47272,237,S1,213.0,48.374,22.15
47273,237,S1,216.0,47.965,22.15
47274,237,S1,219.0,47.749,22.15
47275,237,S1,222.0,47.315,22.15
47276,237,S1,225.0,46.984,22.15
47277,237,S1,228.0,46.594,22.15
47278,237,S1,231.0,46.170,22.15
47279,237,S1,234.0,45.990,22.15
47280,237,S1,237.0,45.657,22.15
47281,237,S1,240.0,45.312,22.15
47282,237,S1,243.0,44.895,22.15
47283,237,S1,246.0,44.690,22.15
47284,237,S1,249.0,44.226,22.15
47285,237,S1,252.0,43.985,22.15
47286,237,S1,255.0,43.667,22.15
47287,237,S1,258.0,43.496,22.15
47288,237,S1,261.0,43.121,22.15
47289,237,S1,264.0,42.855,22.15
47290,237,S1,267.0,42.587,22.15
47291,237,S1,270.0,42.240,22.15
47292,237,S1,273.0,41.957,22.15
47293,237,S1,276.0,41.686,22.15
47294,237,S1,279.0,41.432,22.15
47295,237,S1,282.0,41.126,22.15
47296,237,S1,285.0,40.801,22.15
47297,237,S1,288.0,40.618,22.15
47298,237,S1,291.0,40.337,22.15
47299,237,S1,294.0,40.067,22.15
47300,237,S1,297.0,39.857,22.15
47301,237,S1,300.0,39.597,22.15
47302,237,S1,303.0,39.401,22.15
47303,237,S1,306.0,39.080,22.15
47304,237,S1,309.0,38.932,22.15
47305,237,S1,312.0,38.563,22.15
47306,237,S1,315.0,38.355,22.15
47307,237,S1,318.0,38.227,22.15
47308,237,S1,321.0,37.850,22.15
47309,237,S1,324.0,37.713,22.15
47310,237,S1,327.0,37.476,22.15
47311,237,S1,330.0,37.332,22.15
47312,237,S1,333.0,37.055,22.15
47313,237,S1,336.0,36.850,22.15
47314,237,S1,339.0,36.627,22.15
47315,237,S1,342.0,36.477,22.15
47316,237,S1,345.0,36.107,22.15
47317,237,S1,348.0,36.065,22.15
47318,237,S1,351.0,35.798,22.15
47319,237,S1,354.0,35.551,22.15
47320,237,S1,357.0,35.437,22.15
47321,237,S1,360.0,35.381,22.15
47322,237,S1,363.0,35.075,22.15
47323,237,S1,366.0,35.006,22.15
47324,237,S1,369.0,34.731,22.15
47325,237,S1,372.0,34.600,22.15
47326,237,S1,375.0,34.381,22.15
47327,237,S1,378.0,34.245,22.15
47328,237,S1,381.0,34.052,22.15
47329,237,S1,384.0,33.993,22.15
47330,237,S1,387.0,33.829,22.15
47331,237,S1,390.0,33.594,22.15
47332,237,S1,393.0,33.323,22.15
47333,237,S1,396.0,33.204,22.15
47334,237,S1,399.0,33.126,22.15
47335,237,S1,402.0,32.898,22.15
47336,237,S1,405.0,32.763,22.15
47337,237,S1,408.0,32.642,22.15
47338,237,S1,411.0,32.361,22.15
47339,237,S1,414.0,32.279,22.15
47340,237,S1,417.0,32.207,22.15
47341,237,S1,420.0,32.027,22.15
47342,237,S1,423.0,31.902,22.15
47343,237,S1,426.0,31.782,22.15
47344,237,S1,429.0,31.634,22.15
47345,237,S1,432.0,31.470,22.15
47346,237,S1,435.0,31.380,22.15
47347,237,S1,438.0,31.269,22.15
47348,237,S1,441.0,31.149,22.15
47349,237,S1,444.0,30.930,22.15
47350,237,S1,447.0,30.930,22.15
47351,237,S1,450.0,30.872,22.15
47352,237,S1,453.0,30.672,22.15
47353,237,S1,456.0,30.518,22.15
47354,237,S1,459.0,30.326,22.15
47355,237,S1,462.0,30.262,22.15
47356,237,S1,465.0,30.176,22.15
47357,237,S1,468.0,29.939,22.15
47358,237,S1,471.0,30.002,22.15
47359,237,S1,474.0,29.877,22.15
47360,237,S1,477.0,29.697,22.15
47361,237,S1,480.0,29.654,22.15
47362,237,S1,483.0,29.449,22.15
47363,237,S1,486.0,29.397,22.15
47364,237,S1,489.0,29.284,22.15
47365,237,S1,492.0,29.247,22.15
47366,237,S1,495.0,29.174,22.15
47367,237,S1,498.0,28.968,22.15
47368,237,S1,501.0,28.898,22.15
47369,237,S1,504.0,28.793,22.15
47370,237,S1,507.0,28.664,22.15
47371,237,S1,510.0,28.611,22.15
47372,237,S1,513.0,28.503,22.15
47373,237,S1,516.0,28.468,22.15
47374,237,S1,519.0,28.343,22.15
47375,237,S1,522.0,28.189,22.15
47376,237,S1,525.0,28.118,22.15
47377,237,S1,528.0,28.061,22.15
47378,237,S1,531.0,27.937,22.15
47379,237,S1,534.0,27.900,22.15
47380,237,S1,537.0,27.931,22.15
47381,237,S1,540.0,27.769,22.15
47382,237,S1,543.0,27.733,22.15
47383,237,S1,546.0,27.712,22.15
47384,237,S1,549.0,27.526,22.15
47385,237,S1,552.0,27.429,22.15
47386,237,S1,555.0,27.331,22.15
47387,237,S1,558.0,27.295,22.15
47388,237,S1,561.0,27.278,22.15
47389,237,S1,564.0,27.120,22.15
47390,237,S1,567.0,27.067,22.15
47391,237,S1,570.0,26.988,22.15
47392,237,S1,573.0,26.932,22.15
47393,237,S1,576.0,26.993,22.15
47394,237,S1,579.0,26.840,22.15
47395,237,S1,582.0,26.730,22.15
47396,237,S1,585.0,26.706,22.15
47397,237,S1,588.0,26.648,22.15
47398,237,S1,591.0,26.589,22.15
47399,237,S1,594.0,26.576,22.15
47400,237,S1,597.0,26.468,22.15
47401,238,S2,0.0,74.582,22.83
47402,238,S2,3.0,73.876,22.83
47403,238,S2,6.0,73.275,22.83
47404,238,S2,9.0,72.621,22.83
47405,238,S2,12.0,71.952,22.83
47406,238,S2,15.0,71.293,22.83
47407,238,S2,18.0,70.656,22.83
47408,238,S2,21.0,70.084,22.83
47409,238,S2,24.0,69.323,22.83
47410,238,S2,27.0,68.874,22.83
47411,238,S2,30.0,68.246,22.83
47412,238,S2,33.0,67.597,22.83
47413,238,S2,36.0,67.103,22.83
47414,238,S2,39.0,66.463,22.83
47415,238,S2,42.0,65.880,22.83
47416,238,S2,45.0,65.498,22.83
47417,238,S2,48.0,64.795,22.83
47418,238,S2,51.0,64.245,22.83
47419,238,S2,54.0,63.798,22.83
47420,238,S2,57.0,63.196,22.83
47421,238,S2,60.0,62.599,22.83
47422,238,S2,63.0,62.162,22.83
47423,238,S2,66.0,61.621,22.83
47424,238,S2,69.0,61.148,22.83
47425,238,S2,72.0,60.671,22.83
47426,238,S2,75.0,60.149,22.83
47427,238,S2,78.0,59.693,22.83
47428,238,S2,81.0,59.171,22.83
47429,238,S2,84.0,58.651,22.83
47430,238,S2,87.0,58.201,22.83
47431,238,S2,90.0,57.777,22.83
47432,238,S2,93.0,57.318,22.83
47433,238,S2,96.0,56.858,22.83
47434,238,S2,99.0,56.529,22.83
47435,238,S2,102.0,56.001,22.83
47436,238,S2,105.0,55.526,22.83
47437,238,S2,108.0,55.105,22.83
47438,238,S2,111.0,54.690,22.83
47439,238,S2,114.0,54.337,22.83
47440,238,S2,117.0,53.923,22.83
47441,238,S2,120.0,53.438,22.83
47442,238,S2,123.0,53.074,22.83
47443,238,S2,126.0,52.706,22.83
47444,238,S2,129.0,52.339,22.83
47445,238,S2,132.0,51.868,22.83
47446,238,S2,135.0,51.542,22.83
47447,238,S2,138.0,51.092,22.83
47448,238,S2,141.0,50.738,22.83
47449,238,S2,144.0,50.410,22.83
47450,238,S2,147.0,50.061,22.83
47451,238,S2,150.0,49.722,22.83
47452,238,S2,153.0,49.291,22.83
47453,238,S2,156.0,49.094,22.83
47454,238,S2,159.0,48.697,22.83
47455,238,S2,162.0,48.275,22.83
47456,238,S2,165.0,48.023,22.83
47457,238,S2,168.0,47.696,22.83
47458,238,S2,171.0,47.354,22.83
47459,238,S2,174.0,47.089,22.83
47460,238,S2,177.0,46.775,22.83
47461,238,S2,180.0,46.400,22.83
47462,238,S2,183.0,46.163,22.83
47463,238,S2,186.0,45.783,22.83
47464,238,S2,189.0,45.515,22.83
47465,238,S2,192.0,45.235,22.83
47466,238,S2,195.0,44.928,22.83
47467,238,S2,198.0,44.582,22.83
47468,238,S2,201.0,44.342,22.83
47469,238,S2,204.0,44.038,22.83
47470,238,S2,207.0,43.795,22.83
47471,238,S2,210.0,43.528,22.83
47472,238,S2,213.0,43.335,22.83
47473,238,S2,216.0,42.985,22.83
47474,238,S2,219.0,42.681,22.83
47475,238,S2,222.0,42.436,22.83
47476,238,S2,225.0,42.210,22.83
47477,238,S2,228.0,42.022,22.83
47478,238,S2,231.0,41.764,22.83
47479,238,S2,234.0,41.447,22.83
47480,238,S2,237.0,41.205,22.83
47481,238,S2,240.0,40.950,22.83
47482,238,S2,243.0,40.822,22.83
47483,238,S2,246.0,40.493,22.83
47484,238,S2,249.0,40.305,22.83
47485,238,S2,252.0,39.976,22.83
47486,238,S2,255.0,39.873,22.83
47487,238,S2,258.0,39.662,22.83
47488,238,S2,261.0,39.328,22.83
47489,238,S2,264.0,39.059,22.83
47490,238,S2,267.0,38.945,22.83
47491,238,S2,270.0,38.738,22.83
47492,238,S2,273.0,38.439,22.83
47493,238,S2,276.0,38.357,22.83
47494,238,S2,279.0,38.149,22.83
47495,238,S2,282.0,37.978,22.83
47496,238,S2,285.0,37.733,22.83
47497,238,S2,288.0,37.588,22.83
47498,238,S2,291.0,37.442,22.83
47499,238,S2,294.0,37.206,22.83
47500,238,S2,297.0,36.943,22.83
47501,238,S2,300.0,36.778,22.83
47502,238,S2,303.0,36.664,22.83
47503,238,S2,306.0,36.411,22.83
47504,238,S2,309.0,36.219,22.83
47505,238,S2,312.0,36.062,22.83
47506,238,S2,315.0,35.883,22.83
47507,238,S2,318.0,35.701,22.83
47508,238,S2,321.0,35.511,22.83
47509,238,S2,324.0,35.515,22.83
47510,238,S2,327.0,35.242,22.83
47511,238,S2,330.0,35.097,22.83
47512,238,S2,333.0,34.990,22.83
47513,238,S2,336.0,34.747,22.83
47514,238,S2,339.0,34.581,22.83
47515,238,S2,342.0,34.542,22.83
47516,238,S2,345.0,34.257,22.83
47517,238,S2,348.0,34.168,22.83
47518,238,S2,351.0,34.014,22.83
47519,238,S2,354.0,33.885,22.83
47520,238,S2,357.0,33.769,22.83
47521,238,S2,360.0,33.536,22.83
47522,238,S2,363.0,33.400,22.83
47523,238,S2,366.0,33.334,22.83
47524,238,S2,369.0,33.201,22.83
47525,238,S2,372.0,33.074,22.83
47526,238,S2,375.0,32.757,22.83
47527,238,S2,378.0,32.804,22.83
47528,238,S2,381.0,32.595,22.83
47529,238,S2,384.0,32.521,22.83
47530,238,S2,387.0,32.381,22.83
47531,238,S2,390.0,32.290,22.83
47532,238,S2,393.0,32.103,22.83
47533,238,S2,396.0,31.978,22.83
47534,238,S2,399.0,31.878,22.83
47535,238,S2,402.0,31.743,22.83
47536,238,S2,405.0,31.694,22.83
47537,238,S2,408.0,31.553,22.83
47538,238,S2,411.0,31.324,22.83
47539,238,S2,414.0,31.407,22.83
47540,238,S2,417.0,31.230,22.83
47541,238,S2,420.0,31.054,22.83
47542,238,S2,423.0,30.937,22.83
47543,238,S2,426.0,30.829,22.83
47544,238,S2,429.0,30.756,22.83
47545,238,S2,432.0,30.686,22.83
47546,238,S2,435.0,30.643,22.83
47547,238,S2,438.0,30.444,22.83
47548,238,S2,441.0,30.282,22.83
47549,238,S2,444.0,30.304,22.83
47550,238,S2,447.0,30.205,22.83
47551,238,S2,450.0,30.103,22.83
47552,238,S2,453.0,29.855,22.83
47553,238,S2,456.0,29.933,22.83
47554,238,S2,459.0,29.827,22.83
47555,238,S2,462.0,29.690,22.83
47556,238,S2,465.0,29.620,22.83
47557,238,S2,468.0,29.553,22.83
47558,238,S2,471.0,29.399,22.83
47559,238,S2,474.0,29.431,22.83
47560,238,S2,477.0,29.258,22.83
47561,238,S2,480.0,29.164,22.83
47562,238,S2,483.0,29.084,22.83
47563,238,S2,486.0,29.075,22.83
47564,238,S2,489.0,28.954,22.83
47565,238,S2,492.0,28.827,22.83
47566,238,S2,495.0,28.810,22.83
47567,238,S2,498.0,28.707,22.83
47568,238,S2,501.0,28.697,22.83
47569,238,S2,504.0,28.581,22.83
47570,238,S2,507.0,28.504,22.83
47571,238,S2,510.0,28.383,22.83
47572,238,S2,513.0,28.302,22.83
47573,238,S2,516.0,28.234,22.83
47574,238,S2,519.0,28.228,22.83
47575,238,S2,522.0,28.165,22.83
47576,238,S2,525.0,28.078,22.83
47577,238,S2,528.0,27.988,22.83
47578,238,S2,531.0,27.907,22.83
47579,238,S2,534.0,27.745,22.83
47580,238,S2,537.0,27.903,22.83
47581,238,S2,540.0,27.729,22.83
47582,238,S2,543.0,27.610,22.83
47583,238,S2,546.0,27.582,22.83
47584,238,S2,549.0,27.560,22.83
47585,238,S2,552.0,27.450,22.83
47586,238,S2,555.0,27.360,22.83
47587,238,S2,558.0,27.332,22.83
47588,238,S2,561.0,27.195,22.83
47589,238,S2,564.0,27.258,22.83
47590,238,S2,567.0,27.139,22.83
47591,238,S2,570.0,27.227,22.83
47592,238,S2,573.0,27.097,22.83
47593,238,S2,576.0,27.020,22.83
47594,238,S2,579.0,26.874,22.83
47595,238,S2,582.0,26.906,22.83
47596,238,S2,585.0,26.792,22.83
47597,238,S2,588.0,26.746,22.83
47598,238,S2,591.0,26.694,22.83
47599,238,S2,594.0,26.636,22.83
47600,238,S2,597.0,26.620,22.83
47601,239,S3,0.0,74.757,20.95
47602,239,S3,3.0,74.026,20.95
47603,239,S3,6.0,73.312,20.95
47604,239,S3,9.0,72.526,20.95
47605,239,S3,12.0,72.019,20.95
47606,239,S3,15.0,71.207,20.95
47607,239,S3,18.0,70.671,20.95
47608,239,S3,21.0,69.962,20.95
47609,239,S3,24.0,69.287,20.95
47610,239,S3,27.0,68.668,20.95
47611,239,S3,30.0,68.083,20.95
47612,239,S3,33.0,67.337,20.95
47613,239,S3,36.0,66.842,20.95
47614,239,S3,39.0,66.050,20.95
47615,239,S3,42.0,65.673,20.95
47616,239,S3,45.0,65.015,20.95
47617,239,S3,48.0,64.463,20.95
47618,239,S3,51.0,63.941,20.95
47619,239,S3,54.0,63.280,20.95
47620,239,S3,57.0,62.796,20.95
47621,239,S3,60.0,62.173,20.95
47622,239,S3,63.0,61.563,20.95
47623,239,S3,66.0,61.050,20.95
47624,239,S3,69.0,60.531,20.95
47625,239,S3,72.0,60.078,20.95
47626,239,S3,75.0,59.473,20.95
47627,239,S3,78.0,58.941,20.95
47628,239,S3,81.0,58.575,20.95
47629,239,S3,84.0,58.028,20.95
47630,239,S3,87.0,57.522,20.95
47631,239,S3,90.0,57.026,20.95
47632,239,S3,93.0,56.511,20.95
47633,239,S3,96.0,56.111,20.95
47634,239,S3,99.0,55.617,20.95
47635,239,S3,102.0,55.182,20.95
47636,239,S3,105.0,54.837,20.95
47637,239,S3,108.0,54.312,20.95
47638,239,S3,111.0,53.884,20.95
47639,239,S3,114.0,53.465,20.95
47640,239,S3,117.0,53.093,20.95
47641,239,S3,120.0,52.549,20.95
47642,239,S3,123.0,52.197,20.95
47643,239,S3,126.0,51.642,20.95
47644,239,S3,129.0,51.360,20.95
47645,239,S3,132.0,50.857,20.95
47646,239,S3,135.0,50.459,20.95
47647,239,S3,138.0,50.098,20.95
47648,239,S3,141.0,49.736,20.95
47649,239,S3,144.0,49.359,20.95
47650,239,S3,147.0,49.009,20.95
47651,239,S3,150.0,48.704,20.95
47652,239,S3,153.0,48.358,20.95
47653,239,S3,156.0,47.916,20.95
47654,239,S3,159.0,47.568,20.95
47655,239,S3,162.0,47.069,20.95
47656,239,S3,165.0,46.873,20.95
47657,239,S3,168.0,46.601,20.95
47658,239,S3,171.0,46.089,20.95
47659,239,S3,174.0,45.781,20.95
47660,239,S3,177.0,45.496,20.95
47661,239,S3,180.0,45.276,20.95
47662,239,S3,183.0,44.814,20.95
47663,239,S3,186.0,44.600,20.95
47664,239,S3,189.0,44.225,20.95
47665,239,S3,192.0,43.917,20.95
47666,239,S3,195.0,43.642,20.95
47667,239,S3,198.0,43.343,20.95
47668,239,S3,201.0,43.002,20.95
47669,239,S3,204.0,42.743,20.95
47670,239,S3,207.0,42.490,20.95
47671,239,S3,210.0,42.124,20.95
47672,239,S3,213.0,41.867,20.95
47673,239,S3,216.0,41.620,20.95
47674,239,S3,219.0,41.376,20.95
47675,239,S3,222.0,41.048,20.95
47676,239,S3,225.0,40.849,20.95
47677,239,S3,228.0,40.543,20.95
47678,239,S3,231.0,40.304,20.95
47679,239,S3,234.0,40.098,20.95
47680,239,S3,237.0,39.776,20.95
47681,239,S3,240.0,39.498,20.95
47682,239,S3,243.0,39.344,20.95
47683,239,S3,246.0,39.121,20.95
47684,239,S3,249.0,38.844,20.95
47685,239,S3,252.0,38.563,20.95
47686,239,S3,255.0,38.316,20.95
47687,239,S3,258.0,38.157,20.95
47688,239,S3,261.0,37.851,20.95
47689,239,S3,264.0,37.717,20.95
47690,239,S3,267.0,37.472,20.95
47691,239,S3,270.0,37.297,20.95
47692,239,S3,273.0,37.119,20.95
47693,239,S3,276.0,36.788,20.95
47694,239,S3,279.0,36.620,20.95
47695,239,S3,282.0,36.442,20.95
47696,239,S3,285.0,36.175,20.95
47697,239,S3,288.0,35.863,20.95
47698,239,S3,291.0,35.824,20.95
47699,239,S3,294.0,35.612,20.95
47700,239,S3,297.0,35.291,20.95
47701,239,S3,300.0,35.168,20.95
47702,239,S3,303.0,34.969,20.95
47703,239,S3,306.0,34.855,20.95
47704,239,S3,309.0,34.675,20.95
47705,239,S3,312.0,34.489,20.95
47706,239,S3,315.0,34.244,20.95
47707,239,S3,318.0,34.183,20.95
47708,239,S3,321.0,33.910,20.95
47709,239,S3,324.0,33.689,20.95
47710,239,S3,327.0,33.602,20.95
47711,239,S3,330.0,33.389,20.95
47712,239,S3,333.0,33.254,20.95
47713,239,S3,336.0,33.094,20.95
47714,239,S3,339.0,32.963,20.95
47715,239,S3,342.0,32.813,20.95
47716,239,S3,345.0,32.569,20.95
47717,239,S3,348.0,32.538,20.95
47718,239,S3,351.0,32.275,20.95
47719,239,S3,354.0,32.158,20.95
47720,239,S3,357.0,32.084,20.95
47721,239,S3,360.0,31.967,20.95
47722,239,S3,363.0,31.825,20.95
47723,239,S3,366.0,31.565,20.95
47724,239,S3,369.0,31.411,20.95
47725,239,S3,372.0,31.272,20.95
47726,239,S3,375.0,31.239,20.95
47727,239,S3,378.0,31.041,20.95
47728,239,S3,381.0,30.944,20.95
47729,239,S3,384.0,30.744,20.95
47730,239,S3,387.0,30.679,20.95
47731,239,S3,390.0,30.510,20.95
47732,239,S3,393.0,30.432,20.95
47733,239,S3,396.0,30.200,20.95
47734,239,S3,399.0,30.158,20.95
47735,239,S3,402.0,29.982,20.95
47736,239,S3,405.0,29.945,20.95
47737,239,S3,408.0,29.852,20.95
47738,239,S3,411.0,29.623,20.95
47739,239,S3,414.0,29.518,20.95
47740,239,S3,417.0,29.568,20.95
47741,239,S3,420.0,29.288,20.95
47742,239,S3,423.0,29.162,20.95
47743,239,S3,426.0,29.200,20.95
47744,239,S3,429.0,28.986,20.95
47745,239,S3,432.0,28.945,20.95
47746,239,S3,435.0,28.792,20.95
47747,239,S3,438.0,28.635,20.95
47748,239,S3,441.0,28.659,20.95
47749,239,S3,444.0,28.393,20.95
47750,239,S3,447.0,28.290,20.95
47751,239,S3,450.0,28.259,20.95
47752,239,S3,453.0,28.225,20.95
47753,239,S3,456.0,28.025,20.95
47754,239,S3,459.0,27.997,20.95
47755,239,S3,462.0,27.861,20.95
47756,239,S3,465.0,27.813,20.95
47757,239,S3,468.0,27.712,20.95
47758,239,S3,471.0,27.690,20.95
47759,239,S3,474.0,27.593,20.95
47760,239,S3,477.0,27.431,20.95
47761,239,S3,480.0,27.387,20.95
47762,239,S3,483.0,27.265,20.95
47763,239,S3,486.0,27.163,20.95
47764,239,S3,489.0,27.151,20.95
47765,239,S3,492.0,27.011,20.95
47766,239,S3,495.0,26.923,20.95
47767,239,S3,498.0,26.945,20.95
47768,239,S3,501.0,26.859,20.95
47769,239,S3,504.0,26.670,20.95
47770,239,S3,507.0,26.672,20.95
47771,239,S3,510.0,26.610,20.95
47772,239,S3,513.0,26.518,20.95
47773,239,S3,516.0,26.445,20.95
47774,239,S3,519.0,26.307,20.95
47775,239,S3,522.0,26.245,20.95
47776,239,S3,525.0,26.213,20.95
47777,239,S3,528.0,26.168,20.95
47778,239,S3,531.0,26.066,20.95
47779,239,S3,534.0,26.028,20.95
47780,239,S3,537.0,25.810,20.95
47781,239,S3,540.0,25.897,20.95
47782,239,S3,543.0,25.814,20.95
47783,239,S3,546.0,25.734,20.95
47784,239,S3,549.0,25.636,20.95
47785,239,S3,552.0,25.632,20.95
47786,239,S3,555.0,25.520,20.95
47787,239,S3,558.0,25.515,20.95
47788,239,S3,561.0,25.423,20.95
47789,239,S3,564.0,25.445,20.95
47790,239,S3,567.0,25.296,20.95
47791,239,S3,570.0,25.249,20.95
47792,239,S3,573.0,25.205,20.95
47793,239,S3,576.0,25.142,20.95
47794,239,S3,579.0,25.160,20.95
47795,239,S3,582.0,25.090,20.95
47796,239,S3,585.0,25.010,20.95
47797,239,S3,588.0,24.926,20.95
47798,239,S3,591.0,24.886,20.95
47799,239,S3,594.0,24.738,20.95
47800,239,S3,597.0,24.799,20.95
47801,240,S4,0.0,92.235,21.39
47802,240,S4,3.0,91.030,21.39
47803,240,S4,6.0,89.922,21.39
47804,240,S4,9.0,88.959,21.39
47805,240,S4,12.0,87.799,21.39
47806,240,S4,15.0,86.863,21.39
47807,240,S4,18.0,85.665,21.39
47808,240,S4,21.0,84.717,21.39
47809,240,S4,24.0,83.749,21.39
47810,240,S4,27.0,82.663,21.39
47811,240,S4,30.0,81.763,21.39
47812,240,S4,33.0,80.789,21.39
47813,240,S4,36.0,79.842,21.39
47814,240,S4,39.0,78.874,21.39
47815,240,S4,42.0,77.968,21.39
47816,240,S4,45.0,77.111,21.39
47817,240,S4,48.0,76.310,21.39
47818,240,S4,51.0,75.324,21.39
47819,240,S4,54.0,74.459,21.39
47820,240,S4,57.0,73.719,21.39
47821,240,S4,60.0,72.790,21.39
47822,240,S4,63.0,71.987,21.39
47823,240,S4,66.0,71.180,21.39
47824,240,S4,69.0,70.498,21.39
47825,240,S4,72.0,69.779,21.39
47826,240,S4,75.0,68.904,21.39
47827,240,S4,78.0,68.095,21.39
47828,240,S4,81.0,67.393,21.39
47829,240,S4,84.0,66.769,21.39
47830,240,S4,87.0,65.905,21.39
47831,240,S4,90.0,65.198,21.39
47832,240,S4,93.0,64.529,21.39
47833,240,S4,96.0,63.840,21.39
47834,240,S4,99.0,63.122,21.39
47835,240,S4,102.0,62.510,21.39
47836,240,S4,105.0,61.936,21.39
47837,240,S4,108.0,61.300,21.39
47838,240,S4,111.0,60.595,21.39
47839,240,S4,114.0,59.974,21.39
47840,240,S4,117.0,59.305,21.39
47841,240,S4,120.0,58.826,21.39
47842,240,S4,123.0,58.214,21.39
47843,240,S4,126.0,57.529,21.39
47844,240,S4,129.0,56.995,21.39
47845,240,S4,132.0,56.439,21.39
47846,240,S4,135.0,55.914,21.39
47847,240,S4,138.0,55.386,21.39
47848,240,S4,141.0,54.749,21.39
47849,240,S4,144.0,54.269,21.39
47850,240,S4,147.0,53.719,21.39
47851,240,S4,150.0,53.338,21.39
47852,240,S4,153.0,52.694,21.39
47853,240,S4,156.0,52.209,21.39
47854,240,S4,159.0,51.732,21.39
47855,240,S4,162.0,51.211,21.39
47856,240,S4,165.0,50.792,21.39
47857,240,S4,168.0,50.468,21.39
47858,240,S4,171.0,49.936,21.39
47859,240,S4,174.0,49.424,21.39
47860,240,S4,177.0,49.060,21.39
47861,240,S4,180.0,48.431,21.39
47862,240,S4,183.0,48.146,21.39
47863,240,S4,186.0,47.726,21.39
47864,240,S4,189.0,47.246,21.39
47865,240,S4,192.0,46.785,21.39
47866,240,S4,195.0,46.480,21.39
47867,240,S4,198.0,46.069,21.39
47868,240,S4,201.0,45.654,21.39
47869,240,S4,204.0,45.191,21.39
47870,240,S4,207.0,44.969,21.39
47871,240,S4,210.0,44.586,21.39
47872,240,S4,213.0,44.193,21.39
47873,240,S4,216.0,43.792,21.39
47874,240,S4,219.0,43.492,21.39
47875,240,S4,222.0,43.087,21.39
47876,240,S4,225.0,42.746,21.39
47877,240,S4,228.0,42.484,21.39
47878,240,S4,231.0,42.045,21.39
47879,240,S4,234.0,41.791,21.39
47880,240,S4,237.0,41.488,21.39
47881,240,S4,240.0,41.057,21.39
47882,240,S4,243.0,40.833,21.39
47883,240,S4,246.0,40.516,21.39
47884,240,S4,249.0,40.131,21.39
47885,240,S4,252.0,39.932,21.39
47886,240,S4,255.0,39.646,21.39
47887,240,S4,258.0,39.283,21.39
47888,240,S4,261.0,38.981,21.39
47889,240,S4,264.0,38.750,21.39
47890,240,S4,267.0,38.442,21.39
47891,240,S4,270.0,38.212,21.39
47892,240,S4,273.0,37.920,21.39
47893,240,S4,276.0,37.682,21.39
47894,240,S4,279.0,37.352,21.39
47895,240,S4,282.0,37.150,21.39
47896,240,S4,285.0,36.967,21.39
47897,240,S4,288.0,36.687,21.39
47898,240,S4,291.0,36.440,21.39
47899,240,S4,294.0,36.211,21.39
47900,240,S4,297.0,35.977,21.39
47901,240,S4,300.0,35.643,21.39
47902,240,S4,303.0,35.547,21.39
47903,240,S4,306.0,35.323,21.39
47904,240,S4,309.0,35.065,21.39
47905,240,S4,312.0,34.843,21.39
47906,240,S4,315.0,34.758,21.39
47907,240,S4,318.0,34.449,21.39
47908,240,S4,321.0,34.259,21.39
47909,240,S4,324.0,34.039,21.39
47910,240,S4,327.0,33.804,21.39
47911,240,S4,330.0,33.554,21.39
47912,240,S4,333.0,33.528,21.39
47913,240,S4,336.0,33.213,21.39
47914,240,S4,339.0,33.052,21.39
47915,240,S4,342.0,32.906,21.39
47916,240,S4,345.0,32.742,21.39
47917,240,S4,348.0,32.539,21.39
47918,240,S4,351.0,32.277,21.39
47919,240,S4,354.0,32.112,21.39
47920,240,S4,357.0,31.983,21.39
47921,240,S4,360.0,31.788,21.39
47922,240,S4,363.0,31.713,21.39
47923,240,S4,366.0,31.588,21.39
47924,240,S4,369.0,31.339,21.39
47925,240,S4,372.0,31.210,21.39
47926,240,S4,375.0,30.973,21.39
47927,240,S4,378.0,30.833,21.39
47928,240,S4,381.0,30.670,21.39
47929,240,S4,384.0,30.593,21.39
47930,240,S4,387.0,30.355,21.39
47931,240,S4,390.0,30.132,21.39
47932,240,S4,393.0,30.134,21.39
47933,240,S4,396.0,29.952,21.39
47934,240,S4,399.0,29.792,21.39
47935,240,S4,402.0,29.741,21.39
47936,240,S4,405.0,29.611,21.39
47937,240,S4,408.0,29.479,21.39
47938,240,S4,411.0,29.332,21.39
47939,240,S4,414.0,29.166,21.39
47940,240,S4,417.0,29.020,21.39
47941,240,S4,420.0,28.906,21.39
47942,240,S4,423.0,28.822,21.39
47943,240,S4,426.0,28.660,21.39
47944,240,S4,429.0,28.666,21.39
47945,240,S4,432.0,28.446,21.39
47946,240,S4,435.0,28.387,21.39
47947,240,S4,438.0,28.233,21.39
47948,240,S4,441.0,28.074,21.39
47949,240,S4,444.0,27.998,21.39
47950,240,S4,447.0,27.900,21.39
47951,240,S4,450.0,27.768,21.39
47952,240,S4,453.0,27.708,21.39
47953,240,S4,456.0,27.662,21.39
47954,240,S4,459.0,27.524,21.39
47955,240,S4,462.0,27.376,21.39
47956,240,S4,465.0,27.388,21.39
47957,240,S4,468.0,27.224,21.39
47958,240,S4,471.0,27.134,21.39
47959,240,S4,474.0,27.108,21.39
47960,240,S4,477.0,26.938,21.39
47961,240,S4,480.0,26.944,21.39
47962,240,S4,483.0,26.774,21.39
47963,240,S4,486.0,26.775,21.39
47964,240,S4,489.0,26.659,21.39
47965,240,S4,492.0,26.523,21.39
47966,240,S4,495.0,26.446,21.39
47967,240,S4,498.0,26.365,21.39
47968,240,S4,501.0,26.324,21.39
47969,240,S4,504.0,26.251,21.39
47970,240,S4,507.0,26.155,21.39
47971,240,S4,510.0,25.968,21.39
47972,240,S4,513.0,26.078,21.39
47973,240,S4,516.0,25.926,21.39
47974,240,S4,519.0,25.833,21.39
47975,240,S4,522.0,25.801,21.39
47976,240,S4,525.0,25.762,21.39
47977,240,S4,528.0,25.695,21.39
47978,240,S4,531.0,25.521,21.39
47979,240,S4,534.0,25.473,21.39
47980,240,S4,537.0,25.498,21.39
47981,240,S4,540.0,25.326,21.39
47982,240,S4,543.0,25.266,21.39
47983,240,S4,546.0,25.334,21.39
47984,240,S4,549.0,25.252,21.39
47985,240,S4,552.0,25.200,21.39
47986,240,S4,555.0,25.139,21.39
47987,240,S4,558.0,25.004,21.39
47988,240,S4,561.0,25.001,21.39
47989,240,S4,564.0,24.821,21.39
47990,240,S4,567.0,24.800,21.39
47991,240,S4,570.0,24.811,21.39
47992,240,S4,573.0,24.626,21.39
47993,240,S4,576.0,24.721,21.39
47994,240,S4,579.0,24.609,21.39
47995,240,S4,582.0,24.567,21.39
47996,240,S4,585.0,24.529,21.39
47997,240,S4,588.0,24.564,21.39
47998,240,S4,591.0,24.505,21.39
47999,240,S4,594.0,24.355,21.39
48000,240,S4,597.0,24.233,21.39
48001,241,S1,0.0,70.827,22.59
48002,241,S1,3.0,69.755,22.59
48003,241,S1,6.0,68.704,22.59
48004,241,S1,9.0,67.745,22.59
48005,241,S1,12.0,66.865,22.59
48006,241,S1,15.0,65.942,22.59
48007,241,S1,18.0,65.007,22.59
48008,241,S1,21.0,64.021,22.59
48009,241,S1,24.0,63.204,22.59
48010,241,S1,27.0,62.403,22.59
48011,241,S1,30.0,61.435,22.59
48012,241,S1,33.0,60.608,22.59
48013,241,S1,36.0,59.809,22.59
48014,241,S1,39.0,59.123,22.59
48015,241,S1,42.0,58.254,22.59
48016,241,S1,45.0,57.440,22.59
48017,241,S1,48.0,56.744,22.59
48018,241,S1,51.0,56.000,22.59
48019,241,S1,54.0,55.231,22.59
48020,241,S1,57.0,54.620,22.59
48021,241,S1,60.0,53.923,22.59
48022,241,S1,63.0,53.271,22.59
48023,241,S1,66.0,52.609,22.59
48024,241,S1,69.0,51.898,22.59
48025,241,S1,72.0,51.340,22.59
48026,241,S1,75.0,50.721,22.59
48027,241,S1,78.0,50.132,22.59
48028,241,S1,81.0,49.499,22.59
48029,241,S1,84.0,48.907,22.59
48030,241,S1,87.0,48.430,22.59
48031,241,S1,90.0,47.869,22.59
48032,241,S1,93.0,47.259,22.59
48033,241,S1,96.0,46.814,22.59
48034,241,S1,99.0,46.205,22.59
48035,241,S1,102.0,45.719,22.59
48036,241,S1,105.0,45.339,22.59
48037,241,S1,108.0,44.667,22.59
48038,241,S1,111.0,44.267,22.59
48039,241,S1,114.0,43.882,22.59
48040,241,S1,117.0,43.294,22.59
48041,241,S1,120.0,42.844,22.59
48042,241,S1,123.0,42.547,22.59
48043,241,S1,126.0,42.024,22.59
48044,241,S1,129.0,41.652,22.59
48045,241,S1,132.0,41.254,22.59
48046,241,S1,135.0,40.857,22.59
48047,241,S1,138.0,40.465,22.59
48048,241,S1,141.0,40.069,22.59
48049,241,S1,144.0,39.692,22.59
48050,241,S1,147.0,39.298,22.59
48051,241,S1,150.0,38.992,22.59
48052,241,S1,153.0,38.647,22.59
48053,241,S1,156.0,38.328,22.59
48054,241,S1,159.0,37.927,22.59
48055,241,S1,162.0,37.782,22.59
48056,241,S1,165.0,37.284,22.59
48057,241,S1,168.0,36.972,22.59
48058,241,S1,171.0,36.650,22.59
48059,241,S1,174.0,36.297,22.59
48060,241,S1,177.0,36.021,22.59
48061,241,S1,180.0,35.773,22.59
48062,241,S1,183.0,35.478,22.59
48063,241,S1,186.0,35.214,22.59
48064,241,S1,189.0,34.970,22.59
48065,241,S1,192.0,34.683,22.59
48066,241,S1,195.0,34.427,22.59
48067,241,S1,198.0,34.166,22.59
48068,241,S1,201.0,34.035,22.59
48069,241,S1,204.0,33.695,22.59
48070,241,S1,207.0,33.414,22.59
48071,241,S1,210.0,33.212,22.59
48072,241,S1,213.0,33.016,22.59
48073,241,S1,216.0,32.857,22.59
48074,241,S1,219.0,32.569,22.59
48075,241,S1,222.0,32.436,22.59
48076,241,S1,225.0,32.139,22.59
48077,241,S1,228.0,31.888,22.59
48078,241,S1,231.0,31.739,22.59
48079,241,S1,234.0,31.483,22.59
48080,241,S1,237.0,31.361,22.59
48081,241,S1,240.0,31.128,22.59
48082,241,S1,243.0,31.055,22.59
48083,241,S1,246.0,30.884,22.59
48084,241,S1,249.0,30.628,22.59
48085,241,S1,252.0,30.413,22.59
48086,241,S1,255.0,30.191,22.59
48087,241,S1,258.0,30.105,22.59
48088,241,S1,261.0,29.994,22.59
48089,241,S1,264.0,29.742,22.59
48090,241,S1,267.0,29.744,22.59
48091,241,S1,270.0,29.555,22.59
48092,241,S1,273.0,29.361,22.59
48093,241,S1,276.0,29.208,22.59
48094,241,S1,279.0,29.036,22.59
48095,241,S1,282.0,28.915,22.59
48096,241,S1,285.0,28.725,22.59
48097,241,S1,288.0,28.599,22.59
48098,241,S1,291.0,28.524,22.59
48099,241,S1,294.0,28.469,22.59
48100,241,S1,297.0,28.208,22.59
48101,241,S1,300.0,28.114,22.59
48102,241,S1,303.0,28.001,22.59
48103,241,S1,306.0,27.916,22.59
48104,241,S1,309.0,27.751,22.59
48105,241,S1,312.0,27.765,22.59
48106,241,S1,315.0,27.549,22.59
48107,241,S1,318.0,27.406,22.59
48108,241,S1,321.0,27.366,22.59
48109,241,S1,324.0,27.283,22.59
48110,241,S1,327.0,27.138,22.59
48111,241,S1,330.0,27.025,22.59
48112,241,S1,333.0,26.992,22.59
48113,241,S1,336.0,26.946,22.59
48114,241,S1,339.0,26.893,22.59
48115,241,S1,342.0,26.697,22.59
48116,241,S1,345.0,26.579,22.59
48117,241,S1,348.0,26.596,22.59
48118,241,S1,351.0,26.511,22.59
48119,241,S1,354.0,26.409,22.59
48120,241,S1,357.0,26.257,22.59
48121,241,S1,360.0,26.233,22.59
48122,241,S1,363.0,26.089,22.59
48123,241,S1,366.0,26.092,22.59
48124,241,S1,369.0,25.960,22.59
48125,241,S1,372.0,25.904,22.59
48126,241,S1,375.0,25.781,22.59
48127,241,S1,378.0,25.743,22.59
48128,241,S1,381.0,25.710,22.59
48129,241,S1,384.0,25.584,22.59
48130,241,S1,387.0,25.543,22.59
48131,241,S1,390.0,25.561,22.59
48132,241,S1,393.0,25.446,22.59
48133,241,S1,396.0,25.414,22.59
48134,241,S1,399.0,25.409,22.59
48135,241,S1,402.0,25.140,22.59
48136,241,S1,405.0,25.254,22.59
48137,241,S1,408.0,25.232,22.59
48138,241,S1,411.0,25.146,22.59
48139,241,S1,414.0,24.992,22.59
48140,241,S1,417.0,24.999,22.59
48141,241,S1,420.0,24.939,22.59
48142,241,S1,423.0,24.781,22.59
48143,241,S1,426.0,24.800,22.59
48144,241,S1,429.0,24.777,22.59
48145,241,S1,432.0,24.682,22.59
48146,241,S1,435.0,24.639,22.59
48147,241,S1,438.0,24.651,22.59
48148,241,S1,441.0,24.624,22.59
48149,241,S1,444.0,24.555,22.59
48150,241,S1,447.0,24.578,22.59
48151,241,S1,450.0,24.448,22.59
48152,241,S1,453.0,24.443,22.59
48153,241,S1,456.0,24.462,22.59
48154,241,S1,459.0,24.276,22.59
48155,241,S1,462.0,24.357,22.59
48156,241,S1,465.0,24.324,22.59
48157,241,S1,468.0,24.289,22.59
48158,241,S1,471.0,24.192,22.59
48159,241,S1,474.0,24.210,22.59
48160,241,S1,477.0,24.127,22.59
48161,241,S1,480.0,24.067,22.59
48162,241,S1,483.0,23.931,22.59
48163,241,S1,486.0,24.036,22.59
48164,241,S1,489.0,23.987,22.59
48165,241,S1,492.0,23.928,22.59
48166,241,S1,495.0,24.022,22.59
48167,241,S1,498.0,23.916,22.59
48168,241,S1,501.0,23.871,22.59
48169,241,S1,504.0,23.923,22.59
48170,241,S1,507.0,23.765,22.59
48171,241,S1,510.0,23.945,22.59
48172,241,S1,513.0,23.825,22.59
48173,241,S1,516.0,23.758,22.59
48174,241,S1,519.0,23.697,22.59
48175,241,S1,522.0,23.679,22.59
48176,241,S1,525.0,23.694,22.59
48177,241,S1,528.0,23.621,22.59
48178,241,S1,531.0,23.660,22.59
48179,241,S1,534.0,23.604,22.59
48180,241,S1,537.0,23.604,22.59
48181,241,S1,540.0,23.540,22.59
48182,241,S1,543.0,23.535,22.59
48183,241,S1,546.0,23.475,22.59
48184,241,S1,549.0,23.576,22.59
48185,241,S1,552.0,23.409,22.59
48186,241,S1,555.0,23.388,22.59
48187,241,S1,558.0,23.537,22.59
48188,241,S1,561.0,23.384,22.59
48189,241,S1,564.0,23.454,22.59
48190,241,S1,567.0,23.346,22.59
48191,241,S1,570.0,23.451,22.59
48192,241,S1,573.0,23.312,22.59
48193,241,S1,576.0,23.312,22.59
48194,241,S1,579.0,23.334,22.59
48195,241,S1,582.0,23.308,22.59
48196,241,S1,585.0,23.313,22.59
48197,241,S1,588.0,23.307,22.59
48198,241,S1,591.0,23.299,22.59
48199,241,S1,594.0,23.324,22.59
48200,241,S1,597.0,23.285,22.59
48201,242,S2,0.0,90.584,22.88
48202,242,S2,3.0,89.718,22.88
48203,242,S2,6.0,88.849,22.88
48204,242,S2,9.0,88.002,22.88
48205,242,S2,12.0,87.089,22.88
48206,242,S2,15.0,86.208,22.88
48207,242,S2,18.0,85.393,22.88
48208,242,S2,21.0,84.569,22.88
48209,242,S2,24.0,83.713,22.88
48210,242,S2,27.0,82.862,22.88
48211,242,S2,30.0,82.059,22.88
48212,242,S2,33.0,81.247,22.88
48213,242,S2,36.0,80.408,22.88
48214,242,S2,39.0,79.676,22.88
48215,242,S2,42.0,78.890,22.88
48216,242,S2,45.0,78.239,22.88
48217,242,S2,48.0,77.373,22.88
48218,242,S2,51.0,76.788,22.88
48219,242,S2,54.0,76.032,22.88
48220,242,S2,57.0,75.225,22.88
48221,242,S2,60.0,74.637,22.88
48222,242,S2,63.0,73.874,22.88
48223,242,S2,66.0,73.278,22.88
48224,242,S2,69.0,72.536,22.88
48225,242,S2,72.0,71.822,22.88
48226,242,S2,75.0,71.247,22.88
48227,242,S2,78.0,70.523,22.88
48228,242,S2,81.0,69.858,22.88
48229,242,S2,84.0,69.310,22.88
48230,242,S2,87.0,68.682,22.88
48231,242,S2,90.0,68.107,22.88
48232,242,S2,93.0,67.447,22.88
48233,242,S2,96.0,66.882,22.88
48234,242,S2,99.0,66.302,22.88
48235,242,S2,102.0,65.629,22.88
48236,242,S2,105.0,65.093,22.88
48237,242,S2,108.0,64.587,22.88
48238,242,S2,111.0,64.049,22.88
48239,242,S2,114.0,63.436,22.88
48240,242,S2,117.0,62.899,22.88
48241,242,S2,120.0,62.281,22.88
48242,242,S2,123.0,61.895,22.88
48243,242,S2,126.0,61.297,22.88
48244,242,S2,129.0,60.774,22.88
48245,242,S2,132.0,60.272,22.88
48246,242,S2,135.0,59.816,22.88
48247,242,S2,138.0,59.204,22.88
48248,242,S2,141.0,58.775,22.88
48249,242,S2,144.0,58.311,22.88
48250,242,S2,147.0,57.898,22.88
48251,242,S2,150.0,57.392,22.88
48252,242,S2,153.0,56.834,22.88
48253,242,S2,156.0,56.465,22.88
48254,242,S2,159.0,56.013,22.88
48255,242,S2,162.0,55.518,22.88
48256,242,S2,165.0,55.155,22.88
48257,242,S2,168.0,54.724,22.88
48258,242,S2,171.0,54.211,22.88
48259,242,S2,174.0,53.790,22.88
48260,242,S2,177.0,53.386,22.88
48261,242,S2,180.0,52.973,22.88
48262,242,S2,183.0,52.663,22.88
48263,242,S2,186.0,52.226,22.88
48264,242,S2,189.0,51.851,22.88
48265,242,S2,192.0,51.485,22.88
48266,242,S2,195.0,51.067,22.88
48267,242,S2,198.0,50.678,22.88
48268,242,S2,201.0,50.406,22.88
48269,242,S2,204.0,50.016,22.88
48270,242,S2,207.0,49.508,22.88
48271,242,S2,210.0,49.125,22.88
48272,242,S2,213.0,48.916,22.88
48273,242,S2,216.0,48.456,22.88
48274,242,S2,219.0,48.168,22.88
48275,242,S2,222.0,47.739,22.88
48276,242,S2,225.0,47.499,22.88
48277,242,S2,228.0,47.084,22.88
48278,242,S2,231.0,46.770,22.88
48279,242,S2,234.0,46.386,22.88
48280,242,S2,237.0,46.032,22.88
48281,242,S2,240.0,45.827,22.88
48282,242,S2,243.0,45.587,22.88
48283,242,S2,246.0,45.196,22.88
48284,242,S2,249.0,44.918,22.88
48285,242,S2,252.0,44.665,22.88
48286,242,S2,255.0,44.356,22.88
48287,242,S2,258.0,44.049,22.88
48288,242,S2,261.0,43.787,22.88
48289,242,S2,264.0,43.524,22.88
48290,242,S2,267.0,43.217,22.88
48291,242,S2,270.0,42.946,22.88
48292,242,S2,273.0,42.639,22.88
48293,242,S2,276.0,42.436,22.88
48294,242,S2,279.0,42.216,22.88
48295,242,S2,282.0,41.776,22.88
48296,242,S2,285.0,41.723,22.88
48297,242,S2,288.0,41.402,22.88
48298,242,S2,291.0,41.192,22.88
48299,242,S2,294.0,40.851,22.88
48300,242,S2,297.0,40.680,22.88
48301,242,S2,300.0,40.438,22.88
48302,242,S2,303.0,40.138,22.88
48303,242,S2,306.0,39.952,22.88
48304,242,S2,309.0,39.728,22.88
48305,242,S2,312.0,39.495,22.88
48306,242,S2,315.0,39.307,22.88
48307,242,S2,318.0,39.061,22.88
48308,242,S2,321.0,38.895,22.88
48309,242,S2,324.0,38.577,22.88
48310,242,S2,327.0,38.444,22.88
48311,242,S2,330.0,38.123,22.88
48312,242,S2,333.0,37.910,22.88
48313,242,S2,336.0,37.791,22.88
48314,242,S2,339.0,37.580,22.88
48315,242,S2,342.0,37.444,22.88
48316,242,S2,345.0,37.180,22.88
48317,242,S2,348.0,37.027,22.88
48318,242,S2,351.0,36.866,22.88
48319,242,S2,354.0,36.740,22.88
48320,242,S2,357.0,36.404,22.88
48321,242,S2,360.0,36.238,22.88
48322,242,S2,363.0,36.090,22.88
48323,242,S2,366.0,35.978,22.88
48324,242,S2,369.0,35.808,22.88
48325,242,S2,372.0,35.558,22.88
48326,242,S2,375.0,35.353,22.88
48327,242,S2,378.0,35.116,22.88
48328,242,S2,381.0,35.106,22.88
48329,242,S2,384.0,34.986,22.88
48330,242,S2,387.0,34.717,22.88
48331,242,S2,390.0,34.572,22.88
48332,242,S2,393.0,34.433,22.88
48333,242,S2,396.0,34.261,22.88
48334,242,S2,399.0,34.156,22.88
48335,242,S2,402.0,33.927,22.88
48336,242,S2,405.0,33.864,22.88
48337,242,S2,408.0,33.676,22.88
48338,242,S2,411.0,33.541,22.88
48339,242,S2,414.0,33.469,22.88
48340,242,S2,417.0,33.292,22.88
48341,242,S2,420.0,33.090,22.88
48342,242,S2,423.0,33.050,22.88
48343,242,S2,426.0,32.709,22.88
48344,242,S2,429.0,32.559,22.88
48345,242,S2,432.0,32.525,22.88
48346,242,S2,435.0,32.357,22.88
48347,242,S2,438.0,32.168,22.88
48348,242,S2,441.0,32.117,22.88
48349,242,S2,444.0,32.170,22.88
48350,242,S2,447.0,31.943,22.88
48351,242,S2,450.0,31.805,22.88
48352,242,S2,453.0,31.722,22.88
48353,242,S2,456.0,31.556,22.88
48354,242,S2,459.0,31.367,22.88
48355,242,S2,462.0,31.308,22.88
48356,242,S2,465.0,31.175,22.88
48357,242,S2,468.0,31.138,22.88
48358,242,S2,471.0,31.029,22.88
48359,242,S2,474.0,30.928,22.88
48360,242,S2,477.0,30.791,22.88
48361,242,S2,480.0,30.650,22.88
48362,242,S2,483.0,30.595,22.88
48363,242,S2,486.0,30.421,22.88
48364,242,S2,489.0,30.336,22.88
48365,242,S2,492.0,30.271,22.88
48366,242,S2,495.0,30.240,22.88
48367,242,S2,498.0,29.999,22.88
48368,242,S2,501.0,29.948,22.88
48369,242,S2,504.0,29.897,22.88
48370,242,S2,507.0,29.790,22.88
48371,242,S2,510.0,29.735,22.88
48372,242,S2,513.0,29.589,22.88
48373,242,S2,516.0,29.481,22.88
48374,242,S2,519.0,29.450,22.88
48375,242,S2,522.0,29.358,22.88
48376,242,S2,525.0,29.227,22.88
48377,242,S2,528.0,29.094,22.88
48378,242,S2,531.0,29.071,22.88
48379,242,S2,534.0,28.952,22.88
48380,242,S2,537.0,28.992,22.88
48381,242,S2,540.0,28.867,22.88
48382,242,S2,543.0,28.786,22.88
48383,242,S2,546.0,28.747,22.88
48384,242,S2,549.0,28.556,22.88
48385,242,S2,552.0,28.460,22.88
48386,242,S2,555.0,28.426,22.88
48387,242,S2,558.0,28.399,22.88
48388,242,S2,561.0,28.287,22.88
48389,242,S2,564.0,28.160,22.88
48390,242,S2,567.0,28.141,22.88
48391,242,S2,570.0,28.038,22.88
48392,242,S2,573.0,28.111,22.88
48393,242,S2,576.0,27.980,22.88
48394,242,S2,579.0,27.959,22.88
48395,242,S2,582.0,27.788,22.88
48396,242,S2,585.0,27.777,22.88
48397,242,S2,588.0,27.734,22.88
48398,242,S2,591.0,27.616,22.88
48399,242,S2,594.0,27.566,22.88
48400,242,S2,597.0,27.500,22.88
48401,243,S3,0.0,79.900,22.47
48402,243,S3,3.0,79.325,22.47
48403,243,S3,6.0,78.512,22.47
48404,243,S3,9.0,77.831,22.47
48405,243,S3,12.0,77.003,22.47
48406,243,S3,15.0,76.439,22.47
48407,243,S3,18.0,75.650,22.47
48408,243,S3,21.0,74.979,22.47
48409,243,S3,24.0,74.277,22.47
48410,243,S3,27.0,73.606,22.47
48411,243,S3,30.0,73.058,22.47
48412,243,S3,33.0,72.285,22.47
48413,243,S3,36.0,71.727,22.47
48414,243,S3,39.0,71.054,22.47
48415,243,S3,42.0,70.428,22.47
48416,243,S3,45.0,69.793,22.47
48417,243,S3,48.0,69.240,22.47
48418,243,S3,51.0,68.678,22.47
48419,243,S3,54.0,68.035,22.47
48420,243,S3,57.0,67.428,22.47
48421,243,S3,60.0,66.887,22.47
48422,243,S3,63.0,66.257,22.47
48423,243,S3,66.0,65.799,22.47
48424,243,S3,69.0,65.130,22.47
48425,243,S3,72.0,64.613,22.47
48426,243,S3,75.0,63.983,22.47
48427,243,S3,78.0,63.519,22.47
48428,243,S3,81.0,62.912,22.47
48429,243,S3,84.0,62.486,22.47
48430,243,S3,87.0,61.941,22.47
48431,243,S3,90.0,61.445,22.47
48432,243,S3,93.0,60.993,22.47
48433,243,S3,96.0,60.465,22.47
48434,243,S3,99.0,59.948,22.47
48435,243,S3,102.0,59.518,22.47
48436,243,S3,105.0,59.039,22.47
48437,243,S3,108.0,58.627,22.47
48438,243,S3,111.0,58.089,22.47
48439,243,S3,114.0,57.583,22.47
48440,243,S3,117.0,57.109,22.47
48441,243,S3,120.0,56.720,22.47
48442,243,S3,123.0,56.322,22.47
48443,243,S3,126.0,55.863,22.47
48444,243,S3,129.0,55.348,22.47
48445,243,S3,132.0,55.014,22.47
48446,243,S3,135.0,54.603,22.47
48447,243,S3,138.0,54.189,22.47
48448,243,S3,141.0,53.756,22.47
48449,243,S3,144.0,53.385,22.47
48450,243,S3,147.0,53.083,22.47
48451,243,S3,150.0,52.582,22.47
48452,243,S3,153.0,52.184,22.47
48453,243,S3,156.0,51.870,22.47
48454,243,S3,159.0,51.485,22.47
48455,243,S3,162.0,51.066,22.47
48456,243,S3,165.0,50.599,22.47
48457,243,S3,168.0,50.454,22.47
48458,243,S3,171.0,49.995,22.47
48459,243,S3,174.0,49.619,22.47
48460,243,S3,177.0,49.354,22.47
48461,243,S3,180.0,48.856,22.47
48462,243,S3,183.0,48.653,22.47
48463,243,S3,186.0,48.156,22.47
48464,243,S3,189.0,47.883,22.47
48465,243,S3,192.0,47.606,22.47
48466,243,S3,195.0,47.288,22.47
48467,243,S3,198.0,46.918,22.47
48468,243,S3,201.0,46.601,22.47
48469,243,S3,204.0,46.386,22.47
48470,243,S3,207.0,45.978,22.47
48471,243,S3,210.0,45.705,22.47
48472,243,S3,213.0,45.431,22.47
48473,243,S3,216.0,45.087,22.47
48474,243,S3,219.0,44.774,22.47
48475,243,S3,222.0,44.571,22.47
48476,243,S3,225.0,44.256,22.47
48477,243,S3,228.0,43.986,22.47
48478,243,S3,231.0,43.718,22.47
48479,243,S3,234.0,43.441,22.47
48480,243,S3,237.0,43.132,22.47
48481,243,S3,240.0,42.893,22.47
48482,243,S3,243.0,42.550,22.47
48483,243,S3,246.0,42.429,22.47
48484,243,S3,249.0,42.092,22.47
48485,243,S3,252.0,41.895,22.47
48486,243,S3,255.0,41.680,22.47
48487,243,S3,258.0,41.325,22.47
48488,243,S3,261.0,41.173,22.47
48489,243,S3,264.0,40.821,22.47
48490,243,S3,267.0,40.645,22.47
48491,243,S3,270.0,40.474,22.47
48492,243,S3,273.0,40.209,22.47
48493,243,S3,276.0,39.978,22.47
48494,243,S3,279.0,39.845,22.47
48495,243,S3,282.0,39.583,22.47
48496,243,S3,285.0,39.351,22.47
48497,243,S3,288.0,39.089,22.47
48498,243,S3,291.0,38.856,22.47
48499,243,S3,294.0,38.650,22.47
48500,243,S3,297.0,38.522,22.47
48501,243,S3,300.0,38.298,22.47
48502,243,S3,303.0,38.054,22.47
48503,243,S3,306.0,37.814,22.47
48504,243,S3,309.0,37.656,22.47
48505,243,S3,312.0,37.418,22.47
48506,243,S3,315.0,37.201,22.47
48507,243,S3,318.0,37.018,22.47
48508,243,S3,321.0,36.888,22.47
48509,243,S3,324.0,36.720,22.47
48510,243,S3,327.0,36.565,22.47
48511,243,S3,330.0,36.378,22.47
48512,243,S3,333.0,36.135,22.47
48513,243,S3,336.0,36.035,22.47
48514,243,S3,339.0,35.709,22.47
48515,243,S3,342.0,35.590,22.47
48516,243,S3,345.0,35.565,22.47
48517,243,S3,348.0,35.311,22.47
48518,243,S3,351.0,35.172,22.47
48519,243,S3,354.0,34.944,22.47
48520,243,S3,357.0,34.819,22.47
48521,243,S3,360.0,34.709,22.47
48522,243,S3,363.0,34.524,22.47
48523,243,S3,366.0,34.409,22.47
48524,243,S3,369.0,34.164,22.47
48525,243,S3,372.0,34.140,22.47
48526,243,S3,375.0,33.867,22.47
48527,243,S3,378.0,33.727,22.47
48528,243,S3,381.0,33.659,22.47
48529,243,S3,384.0,33.440,22.47
48530,243,S3,387.0,33.370,22.47
48531,243,S3,390.0,33.140,22.47
48532,243,S3,393.0,33.005,22.47
48533,243,S3,396.0,32.841,22.47
48534,243,S3,399.0,32.812,22.47
48535,243,S3,402.0,32.638,22.47
48536,243,S3,405.0,32.460,22.47
48537,243,S3,408.0,32.378,22.47
48538,243,S3,411.0,32.254,22.47
48539,243,S3,414.0,32.158,22.47
48540,243,S3,417.0,32.045,22.47
48541,243,S3,420.0,31.851,22.47
48542,243,S3,423.0,31.781,22.47
48543,243,S3,426.0,31.683,22.47
48544,243,S3,429.0,31.491,22.47
48545,243,S3,432.0,31.445,22.47
48546,243,S3,435.0,31.337,22.47
48547,243,S3,438.0,31.093,22.47
48548,243,S3,441.0,31.023,22.47
48549,243,S3,444.0,30.954,22.47
48550,243,S3,447.0,30.805,22.47
48551,243,S3,450.0,30.648,22.47
48552,243,S3,453.0,30.617,22.47
48553,243,S3,456.0,30.596,22.47
48554,243,S3,459.0,30.467,22.47
48555,243,S3,462.0,30.344,22.47
48556,243,S3,465.0,30.219,22.47
48557,243,S3,468.0,30.154,22.47
48558,243,S3,471.0,29.902,22.47
48559,243,S3,474.0,29.939,22.47
48560,243,S3,477.0,29.790,22.47
48561,243,S3,480.0,29.766,22.47
48562,243,S3,483.0,29.713,22.47
48563,243,S3,486.0,29.498,22.47
48564,243,S3,489.0,29.457,22.47
48565,243,S3,492.0,29.397,22.47
48566,243,S3,495.0,29.266,22.47
48567,243,S3,498.0,29.239,22.47
48568,243,S3,501.0,29.095,22.47
48569,243,S3,504.0,29.044,22.47
48570,243,S3,507.0,28.924,22.47
48571,243,S3,510.0,28.898,22.47
48572,243,S3,513.0,28.730,22.47
48573,243,S3,516.0,28.662,22.47
48574,243,S3,519.0,28.568,22.47
48575,243,S3,522.0,28.544,22.47
48576,243,S3,525.0,28.485,22.47
48577,243,S3,528.0,28.449,22.47
48578,243,S3,531.0,28.248,22.47
48579,243,S3,534.0,28.235,22.47
48580,243,S3,537.0,28.103,22.47
48581,243,S3,540.0,28.088,22.47
48582,243,S3,543.0,27.994,22.47
48583,243,S3,546.0,27.960,22.47
48584,243,S3,549.0,27.914,22.47
48585,243,S3,552.0,27.789,22.47
48586,243,S3,555.0,27.672,22.47
48587,243,S3,558.0,27.676,22.47
48588,243,S3,561.0,27.631,22.47
48589,243,S3,564.0,27.584,22.47
48590,243,S3,567.0,27.448,22.47
48591,243,S3,570.0,27.359,22.47
48592,243,S3,573.0,27.368,22.47
48593,243,S3,576.0,27.302,22.47
48594,243,S3,579.0,27.200,22.47
48595,243,S3,582.0,27.209,22.47
48596,243,S3,585.0,27.116,22.47
48597,243,S3,588.0,27.109,22.47
48598,243,S3,591.0,26.965,22.47
48599,243,S3,594.0,26.797,22.47
48600,243,S3,597.0,26.893,22.47
48601,244,S4,0.0,71.140,21.93
48602,244,S4,3.0,70.207,21.93
48603,244,S4,6.0,69.262,21.93
48604,244,S4,9.0,68.222,21.93
48605,244,S4,12.0,67.348,21.93
48606,244,S4,15.0,66.406,21.93
48607,244,S4,18.0,65.527,21.93
48608,244,S4,21.0,64.713,21.93
48609,244,S4,24.0,63.758,21.93
48610,244,S4,27.0,63.005,21.93
48611,244,S4,30.0,62.137,21.93
48612,244,S4,33.0,61.288,21.93
48613,244,S4,36.0,60.497,21.93
48614,244,S4,39.0,59.816,21.93
48615,244,S4,42.0,58.876,21.93
48616,244,S4,45.0,58.224,21.93
48617,244,S4,48.0,57.467,21.93
48618,244,S4,51.0,56.836,21.93
48619,244,S4,54.0,56.110,21.93
48620,244,S4,57.0,55.466,21.93
48621,244,S4,60.0,54.711,21.93
48622,244,S4,63.0,54.054,21.93
48623,244,S4,66.0,53.400,21.93
48624,244,S4,69.0,52.761,21.93
48625,244,S4,72.0,52.174,21.93
48626,244,S4,75.0,51.507,21.93
48627,244,S4,78.0,50.959,21.93
48628,244,S4,81.0,50.353,21.93
48629,244,S4,84.0,49.752,21.93
48630,244,S4,87.0,49.214,21.93
48631,244,S4,90.0,48.732,21.93
48632,244,S4,93.0,48.131,21.93
48633,244,S4,96.0,47.622,21.93
48634,244,S4,99.0,47.109,21.93
48635,244,S4,102.0,46.547,21.93
48636,244,S4,105.0,46.107,21.93
48637,244,S4,108.0,45.659,21.93
48638,244,S4,111.0,45.138,21.93
48639,244,S4,114.0,44.654,21.93
48640,244,S4,117.0,44.207,21.93
48641,244,S4,120.0,43.862,21.93
48642,244,S4,123.0,43.315,21.93
48643,244,S4,126.0,42.910,21.93
48644,244,S4,129.0,42.421,21.93
48645,244,S4,132.0,42.103,21.93
48646,244,S4,135.0,41.687,21.93
48647,244,S4,138.0,41.218,21.93
48648,244,S4,141.0,40.896,21.93
48649,244,S4,144.0,40.457,21.93
48650,244,S4,147.0,40.061,21.93
48651,244,S4,150.0,39.802,21.93
48652,244,S4,153.0,39.393,21.93
48653,244,S4,156.0,39.093,21.93
48654,244,S4,159.0,38.708,21.93
48655,244,S4,162.0,38.357,21.93
48656,244,S4,165.0,38.019,21.93
48657,244,S4,168.0,37.769,21.93
48658,244,S4,171.0,37.333,21.93
48659,244,S4,174.0,37.051,21.93
48660,244,S4,177.0,36.790,21.93
48661,244,S4,180.0,36.477,21.93
48662,244,S4,183.0,36.181,21.93
48663,244,S4,186.0,35.929,21.93
48664,244,S4,189.0,35.582,21.93
48665,244,S4,192.0,35.342,21.93
48666,244,S4,195.0,35.074,21.93
48667,244,S4,198.0,34.753,21.93
48668,244,S4,201.0,34.563,21.93
48669,244,S4,204.0,34.351,21.93
48670,244,S4,207.0,33.977,21.93
48671,244,S4,210.0,33.794,21.93
48672,244,S4,213.0,33.653,21.93
48673,244,S4,216.0,33.364,21.93
48674,244,S4,219.0,33.134,21.93
48675,244,S4,222.0,32.924,21.93
48676,244,S4,225.0,32.629,21.93
48677,244,S4,228.0,32.439,21.93
48678,244,S4,231.0,32.319,21.93
48679,244,S4,234.0,31.912,21.93
48680,244,S4,237.0,31.851,21.93
48681,244,S4,240.0,31.646,21.93
48682,244,S4,243.0,31.360,21.93
48683,244,S4,246.0,31.242,21.93
48684,244,S4,249.0,31.175,21.93
48685,244,S4,252.0,30.853,21.93
48686,244,S4,255.0,30.694,21.93
48687,244,S4,258.0,30.561,21.93
48688,244,S4,261.0,30.322,21.93
48689,244,S4,264.0,30.182,21.93
48690,244,S4,267.0,30.041,21.93
48691,244,S4,270.0,29.851,21.93
48692,244,S4,273.0,29.700,21.93
48693,244,S4,276.0,29.531,21.93
48694,244,S4,279.0,29.367,21.93
48695,244,S4,282.0,29.166,21.93
48696,244,S4,285.0,29.082,21.93
48697,244,S4,288.0,28.867,21.93
48698,244,S4,291.0,28.769,21.93
48699,244,S4,294.0,28.589,21.93
48700,244,S4,297.0,28.469,21.93
48701,244,S4,300.0,28.404,21.93
48702,244,S4,303.0,28.317,21.93
48703,244,S4,306.0,28.139,21.93
48704,244,S4,309.0,27.962,21.93
48705,244,S4,312.0,27.886,21.93
48706,244,S4,315.0,27.779,21.93
48707,244,S4,318.0,27.591,21.93
48708,244,S4,321.0,27.488,21.93
48709,244,S4,324.0,27.498,21.93
48710,244,S4,327.0,27.309,21.93
48711,244,S4,330.0,27.154,21.93
48712,244,S4,333.0,27.111,21.93
48713,244,S4,336.0,27.020,21.93
48714,244,S4,339.0,26.900,21.93
48715,244,S4,342.0,26.790,21.93
48716,244,S4,345.0,26.703,21.93
48717,244,S4,348.0,26.635,21.93
48718,244,S4,351.0,26.427,21.93
48719,244,S4,354.0,26.448,21.93
48720,244,S4,357.0,26.324,21.93
48721,244,S4,360.0,26.239,21.93
48722,244,S4,363.0,26.099,21.93
48723,244,S4,366.0,26.056,21.93
48724,244,S4,369.0,25.971,21.93
48725,244,S4,372.0,25.872,21.93
48726,244,S4,375.0,25.831,21.93
48727,244,S4,378.0,25.768,21.93
48728,244,S4,381.0,25.758,21.93
48729,244,S4,384.0,25.554,21.93
48730,244,S4,387.0,25.554,21.93
48731,244,S4,390.0,25.470,21.93
48732,244,S4,393.0,25.309,21.93
48733,244,S4,396.0,25.295,21.93
48734,244,S4,399.0,25.263,21.93
48735,244,S4,402.0,25.129,21.93
48736,244,S4,405.0,25.209,21.93
48737,244,S4,408.0,24.962,21.93
48738,244,S4,411.0,24.984,21.93
48739,244,S4,414.0,24.841,21.93
48740,244,S4,417.0,24.864,21.93
48741,244,S4,420.0,24.850,21.93
48742,244,S4,423.0,24.835,21.93
48743,244,S4,426.0,24.673,21.93
48744,244,S4,429.0,24.643,21.93
48745,244,S4,432.0,24.613,21.93
48746,244,S4,435.0,24.489,21.93
48747,244,S4,438.0,24.469,21.93
48748,244,S4,441.0,24.309,21.93
48749,244,S4,444.0,24.388,21.93
48750,244,S4,447.0,24.245,21.93
48751,244,S4,450.0,24.217,21.93
48752,244,S4,453.0,24.217,21.93
48753,244,S4,456.0,24.180,21.93
48754,244,S4,459.0,24.184,21.93
48755,244,S4,462.0,24.115,21.93
48756,244,S4,465.0,23.980,21.93
48757,244,S4,468.0,23.955,21.93
48758,244,S4,471.0,23.963,21.93
48759,244,S4,474.0,23.995,21.93
48760,244,S4,477.0,23.903,21.93
48761,244,S4,480.0,23.779,21.93
48762,244,S4,483.0,23.754,21.93
48763,244,S4,486.0,23.758,21.93
48764,244,S4,489.0,23.718,21.93
48765,244,S4,492.0,23.706,21.93
48766,244,S4,495.0,23.704,21.93
48767,244,S4,498.0,23.662,21.93
48768,244,S4,501.0,23.658,21.93
48769,244,S4,504.0,23.462,21.93
48770,244,S4,507.0,23.566,21.93
48771,244,S4,510.0,23.566,21.93
48772,244,S4,513.0,23.469,21.93
48773,244,S4,516.0,23.387,21.93
48774,244,S4,519.0,23.366,21.93
48775,244,S4,522.0,23.351,21.93
48776,244,S4,525.0,23.282,21.93
48777,244,S4,528.0,23.301,21.93
48778,244,S4,531.0,23.266,21.93
48779,244,S4,534.0,23.222,21.93
48780,244,S4,537.0,23.220,21.93
48781,244,S4,540.0,23.161,21.93
48782,244,S4,543.0,23.211,21.93
48783,244,S4,546.0,23.212,21.93
48784,244,S4,549.0,23.075,21.93
48785,244,S4,552.0,23.105,21.93
48786,244,S4,555.0,23.083,21.93
48787,244,S4,558.0,23.118,21.93
48788,244,S4,561.0,23.037,21.93
48789,244,S4,564.0,22.988,21.93
48790,244,S4,567.0,22.988,21.93
48791,244,S4,570.0,22.976,21.93
48792,244,S4,573.0,22.871,21.93
48793,244,S4,576.0,22.876,21.93
48794,244,S4,579.0,22.923,21.93
48795,244,S4,582.0,22.840,21.93
48796,244,S4,585.0,22.955,21.93
48797,244,S4,588.0,22.792,21.93
48798,244,S4,591.0,22.856,21.93
48799,244,S4,594.0,22.880,21.93
48800,244,S4,597.0,22.743,21.93
48801,245,S1,0.0,91.584,22.80
48802,245,S1,3.0,90.150,22.80
48803,245,S1,6.0,88.696,22.80
48804,245,S1,9.0,87.278,22.80
48805,245,S1,12.0,85.899,22.80
48806,245,S1,15.0,84.493,22.80
48807,245,S1,18.0,83.211,22.80
48808,245,S1,21.0,81.870,22.80
48809,245,S1,24.0,80.665,22.80
48810,245,S1,27.0,79.322,22.80
48811,245,S1,30.0,78.215,22.80
48812,245,S1,33.0,76.951,22.80
48813,245,S1,36.0,75.876,22.80
48814,245,S1,39.0,74.632,22.80
48815,245,S1,42.0,73.579,22.80
48816,245,S1,45.0,72.459,22.80
48817,245,S1,48.0,71.394,22.80
48818,245,S1,51.0,70.321,22.80
48819,245,S1,54.0,69.252,22.80
48820,245,S1,57.0,68.234,22.80
48821,245,S1,60.0,67.319,22.80
48822,245,S1,63.0,66.412,22.80
48823,245,S1,66.0,65.409,22.80
48824,245,S1,69.0,64.588,22.80
48825,245,S1,72.0,63.659,22.80
48826,245,S1,75.0,62.699,22.80
48827,245,S1,78.0,61.797,22.80
48828,245,S1,81.0,60.902,22.80
48829,245,S1,84.0,60.184,22.80
48830,245,S1,87.0,59.446,22.80
48831,245,S1,90.0,58.719,22.80
48832,245,S1,93.0,57.837,22.80
48833,245,S1,96.0,57.076,22.80
48834,245,S1,99.0,56.374,22.80
48835,245,S1,102.0,55.663,22.80
48836,245,S1,105.0,54.782,22.80
48837,245,S1,108.0,54.227,22.80
48838,245,S1,111.0,53.544,22.80
48839,245,S1,114.0,52.746,22.80
48840,245,S1,117.0,52.251,22.80
48841,245,S1,120.0,51.709,22.80
48842,245,S1,123.0,50.956,22.80
48843,245,S1,126.0,50.338,22.80
48844,245,S1,129.0,49.818,22.80
48845,245,S1,132.0,49.234,22.80
48846,245,S1,135.0,48.664,22.80
48847,245,S1,138.0,48.157,22.80
48848,245,S1,141.0,47.574,22.80
48849,245,S1,144.0,46.990,22.80
48850,245,S1,147.0,46.465,22.80
48851,245,S1,150.0,45.985,22.80
48852,245,S1,153.0,45.497,22.80
48853,245,S1,156.0,45.033,22.80
48854,245,S1,159.0,44.452,22.80
48855,245,S1,162.0,44.001,22.80
48856,245,S1,165.0,43.671,22.80
48857,245,S1,168.0,43.124,22.80
48858,245,S1,171.0,42.659,22.80
48859,245,S1,174.0,42.315,22.80
48860,245,S1,177.0,41.819,22.80
48861,245,S1,180.0,41.382,22.80
48862,245,S1,183.0,41.115,22.80
48863,245,S1,186.0,40.600,22.80
48864,245,S1,189.0,40.289,22.80
48865,245,S1,192.0,39.907,22.80
48866,245,S1,195.0,39.521,22.80
48867,245,S1,198.0,39.175,22.80
48868,245,S1,201.0,38.745,22.80
48869,245,S1,204.0,38.378,22.80
48870,245,S1,207.0,38.211,22.80
48871,245,S1,210.0,37.813,22.80
48872,245,S1,213.0,37.355,22.80
48873,245,S1,216.0,37.147,22.80
48874,245,S1,219.0,36.836,22.80
48875,245,S1,222.0,36.519,22.80
48876,245,S1,225.0,36.226,22.80
48877,245,S1,228.0,36.059,22.80
48878,245,S1,231.0,35.641,22.80
48879,245,S1,234.0,35.359,22.80
48880,245,S1,237.0,35.124,22.80
48881,245,S1,240.0,34.858,22.80
48882,245,S1,243.0,34.627,22.80
48883,245,S1,246.0,34.354,22.80
48884,245,S1,249.0,34.098,22.80
48885,245,S1,252.0,33.887,22.80
48886,245,S1,255.0,33.625,22.80
48887,245,S1,258.0,33.398,22.80
48888,245,S1,261.0,33.155,22.80
48889,245,S1,264.0,32.937,22.80
48890,245,S1,267.0,32.708,22.80
48891,245,S1,270.0,32.447,22.80
48892,245,S1,273.0,32.308,22.80
48893,245,S1,276.0,32.091,22.80
48894,245,S1,279.0,31.834,22.80
48895,245,S1,282.0,31.686,22.80
48896,245,S1,285.0,31.467,22.80
48897,245,S1,288.0,31.310,22.80
48898,245,S1,291.0,31.234,22.80
48899,245,S1,294.0,30.876,22.80
48900,245,S1,297.0,30.746,22.80
48901,245,S1,300.0,30.567,22.80
48902,245,S1,303.0,30.422,22.80
48903,245,S1,306.0,30.330,22.80
48904,245,S1,309.0,30.038,22.80
48905,245,S1,312.0,29.929,22.80
48906,245,S1,315.0,29.725,22.80
48907,245,S1,318.0,29.639,22.80
48908,245,S1,321.0,29.520,22.80
48909,245,S1,324.0,29.323,22.80
48910,245,S1,327.0,29.219,22.80
48911,245,S1,330.0,29.048,22.80
48912,245,S1,333.0,28.888,22.80
48913,245,S1,336.0,28.759,22.80
48914,245,S1,339.0,28.724,22.80
48915,245,S1,342.0,28.567,22.80
48916,245,S1,345.0,28.409,22.80
48917,245,S1,348.0,28.386,22.80
48918,245,S1,351.0,28.058,22.80
48919,245,S1,354.0,28.152,22.80
48920,245,S1,357.0,27.993,22.80
48921,245,S1,360.0,27.830,22.80
48922,245,S1,363.0,27.693,22.80
48923,245,S1,366.0,27.639,22.80
48924,245,S1,369.0,27.527,22.80
48925,245,S1,372.0,27.405,22.80
48926,245,S1,375.0,27.363,22.80
48927,245,S1,378.0,27.185,22.80
48928,245,S1,381.0,27.222,22.80
48929,245,S1,384.0,27.060,22.80
48930,245,S1,387.0,26.957,22.80
48931,245,S1,390.0,26.876,22.80
48932,245,S1,393.0,26.739,22.80
48933,245,S1,396.0,26.723,22.80
48934,245,S1,399.0,26.539,22.80
48935,245,S1,402.0,26.459,22.80
48936,245,S1,405.0,26.480,22.80
48937,245,S1,408.0,26.306,22.80
48938,245,S1,411.0,26.317,22.80
48939,245,S1,414.0,26.134,22.80
48940,245,S1,417.0,26.125,22.80
48941,245,S1,420.0,26.055,22.80
48942,245,S1,423.0,25.999,22.80
48943,245,S1,426.0,25.958,22.80
48944,245,S1,429.0,25.900,22.80
48945,245,S1,432.0,25.764,22.80
48946,245,S1,435.0,25.721,22.80
48947,245,S1,438.0,25.640,22.80
48948,245,S1,441.0,25.691,22.80
48949,245,S1,444.0,25.544,22.80
48950,245,S1,447.0,25.534,22.80
48951,245,S1,450.0,25.489,22.80
48952,245,S1,453.0,25.434,22.80
48953,245,S1,456.0,25.354,22.80
48954,245,S1,459.0,25.272,22.80
48955,245,S1,462.0,25.313,22.80
48956,245,S1,465.0,25.142,22.80
48957,245,S1,468.0,25.032,22.80
48958,245,S1,471.0,25.035,22.80
48959,245,S1,474.0,24.994,22.80
48960,245,S1,477.0,24.909,22.80
48961,245,S1,480.0,24.943,22.80
48962,245,S1,483.0,24.837,22.80
48963,245,S1,486.0,24.823,22.80
48964,245,S1,489.0,24.775,22.80
48965,245,S1,492.0,24.715,22.80
48966,245,S1,495.0,24.662,22.80
48967,245,S1,498.0,24.669,22.80
48968,245,S1,501.0,24.677,22.80
48969,245,S1,504.0,24.577,22.80
48970,245,S1,507.0,24.443,22.80
48971,245,S1,510.0,24.454,22.80
48972,245,S1,513.0,24.486,22.80
48973,245,S1,516.0,24.452,22.80
48974,245,S1,519.0,24.434,22.80
48975,245,S1,522.0,24.381,22.80
48976,245,S1,525.0,24.359,22.80
48977,245,S1,528.0,24.247,22.80
48978,245,S1,531.0,24.282,22.80
48979,245,S1,534.0,24.251,22.80
48980,245,S1,537.0,24.191,22.80
48981,245,S1,540.0,24.213,22.80
48982,245,S1,543.0,24.143,22.80
48983,245,S1,546.0,24.150,22.80
48984,245,S1,549.0,24.180,22.80
48985,245,S1,552.0,24.065,22.80
48986,245,S1,555.0,24.000,22.80
48987,245,S1,558.0,23.984,22.80
48988,245,S1,561.0,23.935,22.80
48989,245,S1,564.0,23.935,22.80
48990,245,S1,567.0,23.980,22.80
48991,245,S1,570.0,23.849,22.80
48992,245,S1,573.0,23.830,22.80
48993,245,S1,576.0,23.844,22.80
48994,245,S1,579.0,23.902,22.80
48995,245,S1,582.0,23.804,22.80
48996,245,S1,585.0,23.752,22.80
48997,245,S1,588.0,23.753,22.80
48998,245,S1,591.0,23.738,22.80
48999,245,S1,594.0,23.668,22.80
49000,245,S1,597.0,23.689,22.80
49001,246,S2,0.0,76.570,21.55
49002,246,S2,3.0,75.534,21.55
49003,246,S2,6.0,74.648,21.55
49004,246,S2,9.0,73.716,21.55
49005,246,S2,12.0,72.805,21.55
49006,246,S2,15.0,71.830,21.55
49007,246,S2,18.0,71.135,21.55
49008,246,S2,21.0,70.188,21.55
49009,246,S2,24.0,69.285,21.55
49010,246,S2,27.0,68.471,21.55
49011,246,S2,30.0,67.707,21.55
49012,246,S2,33.0,66.939,21.55
49013,246,S2,36.0,65.988,21.55
49014,246,S2,39.0,65.294,21.55
49015,246,S2,42.0,64.481,21.55
49016,246,S2,45.0,63.794,21.55
49017,246,S2,48.0,63.041,21.55
49018,246,S2,51.0,62.300,21.55
49019,246,S2,54.0,61.603,21.55
49020,246,S2,57.0,60.879,21.55
49021,246,S2,60.0,60.155,21.55
49022,246,S2,63.0,59.485,21.55
49023,246,S2,66.0,58.866,21.55
49024,246,S2,69.0,58.156,21.55
49025,246,S2,72.0,57.586,21.55
49026,246,S2,75.0,56.927,21.55
49027,246,S2,78.0,56.274,21.55
49028,246,S2,81.0,55.627,21.55
49029,246,S2,84.0,55.126,21.55
49030,246,S2,87.0,54.533,21.55
49031,246,S2,90.0,53.872,21.55
49032,246,S2,93.0,53.410,21.55
49033,246,S2,96.0,52.734,21.55
49034,246,S2,99.0,52.229,21.55
49035,246,S2,102.0,51.736,21.55
49036,246,S2,105.0,51.175,21.55
49037,246,S2,108.0,50.672,21.55
49038,246,S2,111.0,50.264,21.55
49039,246,S2,114.0,49.641,21.55
49040,246,S2,117.0,49.183,21.55
49041,246,S2,120.0,48.695,21.55
49042,246,S2,123.0,48.251,21.55
49043,246,S2,126.0,47.730,21.55
49044,246,S2,129.0,47.261,21.55
49045,246,S2,132.0,46.739,21.55
49046,246,S2,135.0,46.384,21.55
49047,246,S2,138.0,45.880,21.55
49048,246,S2,141.0,45.584,21.55
49049,246,S2,144.0,45.101,21.55
49050,246,S2,147.0,44.707,21.55
49051,246,S2,150.0,44.238,21.55
49052,246,S2,153.0,43.779,21.55
49053,246,S2,156.0,43.469,21.55
49054,246,S2,159.0,43.098,21.55
49055,246,S2,162.0,42.805,21.55
49056,246,S2,165.0,42.369,21.55
49057,246,S2,168.0,42.001,21.55
49058,246,S2,171.0,41.689,21.55
49059,246,S2,174.0,41.231,21.55
49060,246,S2,177.0,40.896,21.55
49061,246,S2,180.0,40.545,21.55
49062,246,S2,183.0,40.246,21.55
49063,246,S2,186.0,39.970,21.55
49064,246,S2,189.0,39.596,21.55
49065,246,S2,192.0,39.332,21.55
49066,246,S2,195.0,39.075,21.55
49067,246,S2,198.0,38.644,21.55
49068,246,S2,201.0,38.346,21.55
49069,246,S2,204.0,38.012,21.55
49070,246,S2,207.0,37.781,21.55
49071,246,S2,210.0,37.465,21.55
49072,246,S2,213.0,37.129,21.55
49073,246,S2,216.0,36.902,21.55
49074,246,S2,219.0,36.662,21.55
49075,246,S2,222.0,36.531,21.55
49076,246,S2,225.0,36.139,21.55
49077,246,S2,228.0,35.912,21.55
49078,246,S2,231.0,35.639,21.55
49079,246,S2,234.0,35.385,21.55
49080,246,S2,237.0,35.120,21.55
49081,246,S2,240.0,34.998,21.55
49082,246,S2,243.0,34.694,21.55
49083,246,S2,246.0,34.400,21.55
49084,246,S2,249.0,34.252,21.55
49085,246,S2,252.0,33.928,21.55
49086,246,S2,255.0,33.782,21.55
49087,246,S2,258.0,33.518,21.55
49088,246,S2,261.0,33.334,21.55
49089,246,S2,264.0,33.138,21.55
49090,246,S2,267.0,33.026,21.55
49091,246,S2,270.0,32.699,21.55
49092,246,S2,273.0,32.631,21.55
49093,246,S2,276.0,32.299,21.55
49094,246,S2,279.0,32.203,21.55
49095,246,S2,282.0,31.941,21.55
49096,246,S2,285.0,31.730,21.55
49097,246,S2,288.0,31.620,21.55
49098,246,S2,291.0,31.461,21.55
49099,246,S2,294.0,31.319,21.55
49100,246,S2,297.0,31.058,21.55
49101,246,S2,300.0,31.015,21.55
49102,246,S2,303.0,30.811,21.55
49103,246,S2,306.0,30.580,21.55
49104,246,S2,309.0,30.382,21.55
49105,246,S2,312.0,30.341,21.55
49106,246,S2,315.0,30.137,21.55
49107,246,S2,318.0,30.027,21.55
49108,246,S2,321.0,29.772,21.55
49109,246,S2,324.0,29.779,21.55
49110,246,S2,327.0,29.548,21.55
49111,246,S2,330.0,29.342,21.55
49112,246,S2,333.0,29.252,21.55
49113,246,S2,336.0,29.183,21.55
49114,246,S2,339.0,28.986,21.55
49115,246,S2,342.0,28.806,21.55
49116,246,S2,345.0,28.749,21.55
49117,246,S2,348.0,28.657,21.55
49118,246,S2,351.0,28.509,21.55
49119,246,S2,354.0,28.429,21.55
49120,246,S2,357.0,28.276,21.55
49121,246,S2,360.0,28.207,21.55
49122,246,S2,363.0,28.051,21.55
49123,246,S2,366.0,27.928,21.55
49124,246,S2,369.0,27.766,21.55
49125,246,S2,372.0,27.705,21.55
49126,246,S2,375.0,27.512,21.55
49127,246,S2,378.0,27.419,21.55
49128,246,S2,381.0,27.441,21.55
49129,246,S2,384.0,27.273,21.55
49130,246,S2,387.0,27.067,21.55
49131,246,S2,390.0,27.065,21.55
49132,246,S2,393.0,26.954,21.55
49133,246,S2,396.0,26.914,21.55
49134,246,S2,399.0,26.827,21.55
49135,246,S2,402.0,26.706,21.55
49136,246,S2,405.0,26.550,21.55
49137,246,S2,408.0,26.519,21.55
49138,246,S2,411.0,26.419,21.55
49139,246,S2,414.0,26.325,21.55
49140,246,S2,417.0,26.221,21.55
49141,246,S2,420.0,26.265,21.55
49142,246,S2,423.0,26.128,21.55
49143,246,S2,426.0,26.070,21.55
49144,246,S2,429.0,26.008,21.55
49145,246,S2,432.0,25.930,21.55
49146,246,S2,435.0,25.836,21.55
49147,246,S2,438.0,25.722,21.55
49148,246,S2,441.0,25.676,21.55
49149,246,S2,444.0,25.514,21.55
49150,246,S2,447.0,25.442,21.55
49151,246,S2,450.0,25.442,21.55
49152,246,S2,453.0,25.373,21.55
49153,246,S2,456.0,25.279,21.55
49154,246,S2,459.0,25.114,21.55
49155,246,S2,462.0,25.202,21.55
49156,246,S2,465.0,25.087,21.55
49157,246,S2,468.0,25.031,21.55
49158,246,S2,471.0,24.961,21.55
49159,246,S2,474.0,24.919,21.55
49160,246,S2,477.0,24.832,21.55
49161,246,S2,480.0,24.803,21.55
49162,246,S2,483.0,24.660,21.55
49163,246,S2,486.0,24.630,21.55
49164,246,S2,489.0,24.515,21.55
49165,246,S2,492.0,24.530,21.55
49166,246,S2,495.0,24.494,21.55
49167,246,S2,498.0,24.430,21.55
49168,246,S2,501.0,24.391,21.55
49169,246,S2,504.0,24.383,21.55
49170,246,S2,507.0,24.340,21.55
49171,246,S2,510.0,24.297,21.55
49172,246,S2,513.0,24.248,21.55
49173,246,S2,516.0,24.262,21.55
49174,246,S2,519.0,24.136,21.55
49175,246,S2,522.0,24.071,21.55
49176,246,S2,525.0,24.012,21.55
49177,246,S2,528.0,24.059,21.55
49178,246,S2,531.0,23.912,21.55
49179,246,S2,534.0,23.839,21.55
49180,246,S2,537.0,23.848,21.55
49181,246,S2,540.0,23.726,21.55
49182,246,S2,543.0,23.753,21.55
49183,246,S2,546.0,23.675,21.55
49184,246,S2,549.0,23.689,21.55
49185,246,S2,552.0,23.684,21.55
49186,246,S2,555.0,23.678,21.55
49187,246,S2,558.0,23.635,21.55
49188,246,S2,561.0,23.523,21.55
49189,246,S2,564.0,23.496,21.55
49190,246,S2,567.0,23.490,21.55
49191,246,S2,570.0,23.446,21.55
49192,246,S2,573.0,23.451,21.55
49193,246,S2,576.0,23.350,21.55
49194,246,S2,579.0,23.392,21.55
49195,246,S2,582.0,23.330,21.55
49196,246,S2,585.0,23.210,21.55
49197,246,S2,588.0,23.363,21.55
49198,246,S2,591.0,23.250,21.55
49199,246,S2,594.0,23.144,21.55
49200,246,S2,597.0,23.243,21.55
49201,247,S3,0.0,73.985,21.39
49202,247,S3,3.0,72.972,21.39
49203,247,S3,6.0,72.068,21.39
49204,247,S3,9.0,71.126,21.39
49205,247,S3,12.0,70.235,21.39
49206,247,S3,15.0,69.341,21.39
49207,247,S3,18.0,68.457,21.39
49208,247,S3,21.0,67.632,21.39
49209,247,S3,24.0,66.738,21.39
49210,247,S3,27.0,65.958,21.39
49211,247,S3,30.0,65.084,21.39
49212,247,S3,33.0,64.375,21.39
49213,247,S3,36.0,63.626,21.39
49214,247,S3,39.0,62.800,21.39
49215,247,S3,42.0,62.010,21.39
49216,247,S3,45.0,61.351,21.39
49217,247,S3,48.0,60.611,21.39
49218,247,S3,51.0,59.862,21.39
49219,247,S3,54.0,59.230,21.39
49220,247,S3,57.0,58.556,21.39
49221,247,S3,60.0,57.852,21.39
49222,247,S3,63.0,57.160,21.39
49223,247,S3,66.0,56.501,21.39
49224,247,S3,69.0,55.946,21.39
49225,247,S3,72.0,55.384,21.39
49226,247,S3,75.0,54.590,21.39
49227,247,S3,78.0,54.031,21.39
49228,247,S3,81.0,53.396,21.39
49229,247,S3,84.0,52.853,21.39
49230,247,S3,87.0,52.206,21.39
49231,247,S3,90.0,51.750,21.39
49232,247,S3,93.0,51.217,21.39
49233,247,S3,96.0,50.637,21.39
49234,247,S3,99.0,50.104,21.39
49235,247,S3,102.0,49.574,21.39
49236,247,S3,105.0,49.081,21.39
49237,247,S3,108.0,48.563,21.39
49238,247,S3,111.0,48.070,21.39
49239,247,S3,114.0,47.636,21.39
49240,247,S3,117.0,47.132,21.39
49241,247,S3,120.0,46.692,21.39
49242,247,S3,123.0,46.210,21.39
49243,247,S3,126.0,45.697,21.39
49244,247,S3,129.0,45.368,21.39
49245,247,S3,132.0,44.866,21.39
49246,247,S3,135.0,44.474,21.39
49247,247,S3,138.0,43.947,21.39
49248,247,S3,141.0,43.642,21.39
49249,247,S3,144.0,43.241,21.39
49250,247,S3,147.0,42.788,21.39
49251,247,S3,150.0,42.387,21.39
49252,247,S3,153.0,42.028,21.39
49253,247,S3,156.0,41.662,21.39
49254,247,S3,159.0,41.315,21.39
49255,247,S3,162.0,40.846,21.39
49256,247,S3,165.0,40.558,21.39
49257,247,S3,168.0,40.252,21.39
49258,247,S3,171.0,40.007,21.39
49259,247,S3,174.0,39.474,21.39
49260,247,S3,177.0,39.271,21.39
49261,247,S3,180.0,38.884,21.39
49262,247,S3,183.0,38.529,21.39
49263,247,S3,186.0,38.213,21.39
49264,247,S3,189.0,37.932,21.39
49265,247,S3,192.0,37.664,21.39
49266,247,S3,195.0,37.303,21.39
49267,247,S3,198.0,37.058,21.39
49268,247,S3,201.0,36.807,21.39
49269,247,S3,204.0,36.444,21.39
49270,247,S3,207.0,36.206,21.39
49271,247,S3,210.0,35.949,21.39
49272,247,S3,213.0,35.658,21.39
49273,247,S3,216.0,35.474,21.39
49274,247,S3,219.0,35.166,21.39
49275,247,S3,222.0,34.914,21.39
49276,247,S3,225.0,34.718,21.39
49277,247,S3,228.0,34.416,21.39
49278,247,S3,231.0,34.232,21.39
49279,247,S3,234.0,33.996,21.39
49280,247,S3,237.0,33.682,21.39
49281,247,S3,240.0,33.529,21.39
49282,247,S3,243.0,33.253,21.39
49283,247,S3,246.0,33.129,21.39
49284,247,S3,249.0,32.865,21.39
49285,247,S3,252.0,32.696,21.39
49286,247,S3,255.0,32.467,21.39
49287,247,S3,258.0,32.347,21.39
49288,247,S3,261.0,32.002,21.39
49289,247,S3,264.0,31.974,21.39
49290,247,S3,267.0,31.801,21.39
49291,247,S3,270.0,31.489,21.39
49292,247,S3,273.0,31.223,21.39
49293,247,S3,276.0,31.127,21.39
49294,247,S3,279.0,30.971,21.39
49295,247,S3,282.0,30.862,21.39
49296,247,S3,285.0,30.513,21.39
49297,247,S3,288.0,30.533,21.39
49298,247,S3,291.0,30.242,21.39
49299,247,S3,294.0,30.085,21.39
49300,247,S3,297.0,30.021,21.39
49301,247,S3,300.0,29.724,21.39
49302,247,S3,303.0,29.669,21.39
49303,247,S3,306.0,29.521,21.39
49304,247,S3,309.0,29.297,21.39
49305,247,S3,312.0,29.269,21.39
49306,247,S3,315.0,29.034,21.39
49307,247,S3,318.0,28.926,21.39
49308,247,S3,321.0,28.788,21.39
49309,247,S3,324.0,28.734,21.39
49310,247,S3,327.0,28.592,21.39
49311,247,S3,330.0,28.400,21.39
49312,247,S3,333.0,28.373,21.39
49313,247,S3,336.0,28.200,21.39
49314,247,S3,339.0,28.058,21.39
49315,247,S3,342.0,27.890,21.39
49316,247,S3,345.0,27.739,21.39
49317,247,S3,348.0,27.661,21.39
49318,247,S3,351.0,27.552,21.39
49319,247,S3,354.0,27.446,21.39
49320,247,S3,357.0,27.304,21.39
49321,247,S3,360.0,27.236,21.39
49322,247,S3,363.0,27.074,21.39
49323,247,S3,366.0,26.930,21.39
49324,247,S3,369.0,26.853,21.39
49325,247,S3,372.0,26.752,21.39
49326,247,S3,375.0,26.678,21.39
49327,247,S3,378.0,26.646,21.39
49328,247,S3,381.0,26.523,21.39
49329,247,S3,384.0,26.362,21.39
49330,247,S3,387.0,26.377,21.39
49331,247,S3,390.0,26.332,21.39
49332,247,S3,393.0,26.156,21.39
49333,247,S3,396.0,26.060,21.39
49334,247,S3,399.0,25.967,21.39
49335,247,S3,402.0,25.916,21.39
49336,247,S3,405.0,25.788,21.39
49337,247,S3,408.0,25.727,21.39
49338,247,S3,411.0,25.698,21.39
49339,247,S3,414.0,25.597,21.39
49340,247,S3,417.0,25.519,21.39
49341,247,S3,420.0,25.406,21.39
49342,247,S3,423.0,25.386,21.39
49343,247,S3,426.0,25.275,21.39
49344,247,S3,429.0,25.250,21.39
49345,247,S3,432.0,25.154,21.39
49346,247,S3,435.0,25.134,21.39
49347,247,S3,438.0,25.041,21.39
49348,247,S3,441.0,24.966,21.39
49349,247,S3,444.0,24.878,21.39
49350,247,S3,447.0,24.757,21.39
49351,247,S3,450.0,24.753,21.39
49352,247,S3,453.0,24.738,21.39
49353,247,S3,456.0,24.595,21.39
49354,247,S3,459.0,24.657,21.39
49355,247,S3,462.0,24.495,21.39
49356,247,S3,465.0,24.399,21.39
49357,247,S3,468.0,24.460,21.39
49358,247,S3,471.0,24.373,21.39
49359,247,S3,474.0,24.283,21.39
49360,247,S3,477.0,24.238,21.39
49361,247,S3,480.0,24.099,21.39
49362,247,S3,483.0,24.133,21.39
49363,247,S3,486.0,24.125,21.39
49364,247,S3,489.0,24.098,21.39
49365,247,S3,492.0,23.952,21.39
49366,247,S3,495.0,23.979,21.39
49367,247,S3,498.0,23.843,21.39
49368,247,S3,501.0,23.863,21.39
49369,247,S3,504.0,23.846,21.39
49370,247,S3,507.0,23.800,21.39
49371,247,S3,510.0,23.682,21.39
49372,247,S3,513.0,23.637,21.39
49373,247,S3,516.0,23.595,21.39
49374,247,S3,519.0,23.566,21.39
49375,247,S3,522.0,23.517,21.39
49376,247,S3,525.0,23.527,21.39
49377,247,S3,528.0,23.527,21.39
49378,247,S3,531.0,23.467,21.39
49379,247,S3,534.0,23.371,21.39
49380,247,S3,537.0,23.370,21.39
49381,247,S3,540.0,23.318,21.39
49382,247,S3,543.0,23.364,21.39
49383,247,S3,546.0,23.192,21.39
49384,247,S3,549.0,23.133,21.39
49385,247,S3,552.0,23.245,21.39
49386,247,S3,555.0,23.102,21.39
49387,247,S3,558.0,23.094,21.39
49388,247,S3,561.0,23.177,21.39
49389,247,S3,564.0,23.171,21.39
49390,247,S3,567.0,23.076,21.39
49391,247,S3,570.0,23.066,21.39
49392,247,S3,573.0,22.945,21.39
49393,247,S3,576.0,22.976,21.39
49394,247,S3,579.0,22.943,21.39
49395,247,S3,582.0,22.777,21.39
49396,247,S3,585.0,22.850,21.39
49397,247,S3,588.0,22.826,21.39
49398,247,S3,591.0,22.760,21.39
49399,247,S3,594.0,22.742,21.39
49400,247,S3,597.0,22.756,21.39
49401,248,S4,0.0,73.070,22.71
49402,248,S4,3.0,71.580,22.71
49403,248,S4,6.0,69.964,22.71
49404,248,S4,9.0,68.480,22.71
49405,248,S4,12.0,67.091,22.71
49406,248,S4,15.0,65.763,22.71
49407,248,S4,18.0,64.333,22.71
49408,248,S4,21.0,63.081,22.71
49409,248,S4,24.0,61.889,22.71
49410,248,S4,27.0,60.559,22.71
49411,248,S4,30.0,59.437,22.71
49412,248,S4,33.0,58.381,22.71
49413,248,S4,36.0,57.186,22.71
49414,248,S4,39.0,56.217,22.71
49415,248,S4,42.0,55.201,22.71
49416,248,S4,45.0,54.193,22.71
49417,248,S4,48.0,53.155,22.71
49418,248,S4,51.0,52.214,22.71
49419,248,S4,54.0,51.213,22.71
49420,248,S4,57.0,50.372,22.71
49421,248,S4,60.0,49.441,22.71
49422,248,S4,63.0,48.721,22.71
49423,248,S4,66.0,47.860,22.71
49424,248,S4,69.0,47.104,22.71
49425,248,S4,72.0,46.393,22.71
49426,248,S4,75.0,45.605,22.71
49427,248,S4,78.0,45.001,22.71
49428,248,S4,81.0,44.193,22.71
49429,248,S4,84.0,43.616,22.71
49430,248,S4,87.0,42.882,22.71
49431,248,S4,90.0,42.331,22.71
49432,248,S4,93.0,41.745,22.71
49433,248,S4,96.0,41.066,22.71
49434,248,S4,99.0,40.576,22.71
49435,248,S4,102.0,39.944,22.71
49436,248,S4,105.0,39.383,22.71
49437,248,S4,108.0,38.959,22.71
49438,248,S4,111.0,38.435,22.71
49439,248,S4,114.0,38.076,22.71
49440,248,S4,117.0,37.409,22.71
49441,248,S4,120.0,36.990,22.71
49442,248,S4,123.0,36.505,22.71
49443,248,S4,126.0,36.057,22.71
49444,248,S4,129.0,35.751,22.71
49445,248,S4,132.0,35.250,22.71
49446,248,S4,135.0,34.995,22.71
49447,248,S4,138.0,34.503,22.71
49448,248,S4,141.0,34.092,22.71
49449,248,S4,144.0,33.786,22.71
49450,248,S4,147.0,33.513,22.71
49451,248,S4,150.0,33.277,22.71
49452,248,S4,153.0,32.815,22.71
49453,248,S4,156.0,32.466,22.71
49454,248,S4,159.0,32.231,22.71
49455,248,S4,162.0,31.834,22.71
49456,248,S4,165.0,31.593,22.71
49457,248,S4,168.0,31.369,22.71
49458,248,S4,171.0,31.075,22.71
49459,248,S4,174.0,30.657,22.71
49460,248,S4,177.0,30.609,22.71
49461,248,S4,180.0,30.235,22.71
49462,248,S4,183.0,30.022,22.71
49463,248,S4,186.0,29.837,22.71
49464,248,S4,189.0,29.647,22.71
49465,248,S4,192.0,29.399,22.71
49466,248,S4,195.0,29.244,22.71
49467,248,S4,198.0,29.023,22.71
49468,248,S4,201.0,28.722,22.71
49469,248,S4,204.0,28.528,22.71
49470,248,S4,207.0,28.497,22.71
49471,248,S4,210.0,28.148,22.71
49472,248,S4,213.0,28.121,22.71
49473,248,S4,216.0,27.972,22.71
49474,248,S4,219.0,27.761,22.71
49475,248,S4,222.0,27.586,22.71
49476,248,S4,225.0,27.382,22.71
49477,248,S4,228.0,27.303,22.71
49478,248,S4,231.0,27.152,22.71
49479,248,S4,234.0,27.007,22.71
49480,248,S4,237.0,26.851,22.71
49481,248,S4,240.0,26.764,22.71
49482,248,S4,243.0,26.679,22.71
49483,248,S4,246.0,26.546,22.71
49484,248,S4,249.0,26.405,22.71
49485,248,S4,252.0,26.378,22.71
49486,248,S4,255.0,26.167,22.71
49487,248,S4,258.0,26.047,22.71
49488,248,S4,261.0,26.085,22.71
49489,248,S4,264.0,25.899,22.71
49490,248,S4,267.0,25.768,22.71
49491,248,S4,270.0,25.820,22.71
49492,248,S4,273.0,25.623,22.71
49493,248,S4,276.0,25.600,22.71
49494,248,S4,279.0,25.439,22.71
49495,248,S4,282.0,25.288,22.71
49496,248,S4,285.0,25.309,22.71
49497,248,S4,288.0,25.166,22.71
49498,248,S4,291.0,25.084,22.71
49499,248,S4,294.0,24.945,22.71
49500,248,S4,297.0,24.856,22.71
49501,248,S4,300.0,24.955,22.71
49502,248,S4,303.0,24.758,22.71
49503,248,S4,306.0,24.698,22.71
49504,248,S4,309.0,24.709,22.71
49505,248,S4,312.0,24.573,22.71
49506,248,S4,315.0,24.540,22.71
49507,248,S4,318.0,24.466,22.71
49508,248,S4,321.0,24.358,22.71
49509,248,S4,324.0,24.303,22.71
49510,248,S4,327.0,24.245,22.71
49511,248,S4,330.0,24.279,22.71
49512,248,S4,333.0,24.199,22.71
49513,248,S4,336.0,24.189,22.71
49514,248,S4,339.0,24.187,22.71
49515,248,S4,342.0,24.163,22.71
49516,248,S4,345.0,24.175,22.71
49517,248,S4,348.0,24.076,22.71
49518,248,S4,351.0,23.978,22.71
49519,248,S4,354.0,23.965,22.71
49520,248,S4,357.0,23.833,22.71
49521,248,S4,360.0,23.935,22.71
49522,248,S4,363.0,23.813,22.71
49523,248,S4,366.0,23.743,22.71
49524,248,S4,369.0,23.775,22.71
49525,248,S4,372.0,23.772,22.71
49526,248,S4,375.0,23.701,22.71
49527,248,S4,378.0,23.631,22.71
49528,248,S4,381.0,23.638,22.71
49529,248,S4,384.0,23.562,22.71
49530,248,S4,387.0,23.601,22.71
49531,248,S4,390.0,23.596,22.71
49532,248,S4,393.0,23.480,22.71
49533,248,S4,396.0,23.474,22.71
49534,248,S4,399.0,23.495,22.71
49535,248,S4,402.0,23.410,22.71
49536,248,S4,405.0,23.418,22.71
49537,248,S4,408.0,23.397,22.71
49538,248,S4,411.0,23.353,22.71
49539,248,S4,414.0,23.452,22.71
49540,248,S4,417.0,23.343,22.71
49541,248,S4,420.0,23.346,22.71
49542,248,S4,423.0,23.293,22.71
49543,248,S4,426.0,23.313,22.71
49544,248,S4,429.0,23.152,22.71
49545,248,S4,432.0,23.262,22.71
49546,248,S4,435.0,23.186,22.71
49547,248,S4,438.0,23.204,22.71
49548,248,S4,441.0,23.328,22.71
49549,248,S4,444.0,23.129,22.71
49550,248,S4,447.0,23.137,22.71
49551,248,S4,450.0,23.075,22.71
49552,248,S4,453.0,23.149,22.71
49553,248,S4,456.0,23.146,22.71
49554,248,S4,459.0,23.132,22.71
49555,248,S4,462.0,23.146,22.71
49556,248,S4,465.0,23.108,22.71
49557,248,S4,468.0,23.117,22.71
49558,248,S4,471.0,23.017,22.71
49559,248,S4,474.0,23.049,22.71
49560,248,S4,477.0,23.051,22.71
49561,248,S4,480.0,23.033,22.71
49562,248,S4,483.0,22.984,22.71
49563,248,S4,486.0,23.071,22.71
49564,248,S4,489.0,22.971,22.71
49565,248,S4,492.0,23.043,22.71
49566,248,S4,495.0,22.981,22.71
49567,248,S4,498.0,22.937,22.71
49568,248,S4,501.0,22.977,22.71
49569,248,S4,504.0,22.973,22.71
49570,248,S4,507.0,22.906,22.71
49571,248,S4,510.0,22.961,22.71
49572,248,S4,513.0,22.960,22.71
49573,248,S4,516.0,22.980,22.71
49574,248,S4,519.0,22.900,22.71
49575,248,S4,522.0,22.973,22.71
49576,248,S4,525.0,22.963,22.71
49577,248,S4,528.0,22.916,22.71
49578,248,S4,531.0,22.897,22.71
49579,248,S4,534.0,22.865,22.71
49580,248,S4,537.0,22.935,22.71
49581,248,S4,540.0,22.882,22.71
49582,248,S4,543.0,22.727,22.71
49583,248,S4,546.0,22.881,22.71
49584,248,S4,549.0,22.805,22.71
49585,248,S4,552.0,22.791,22.71
49586,248,S4,555.0,22.917,22.71
49587,248,S4,558.0,22.932,22.71
49588,248,S4,561.0,22.777,22.71
49589,248,S4,564.0,22.854,22.71
49590,248,S4,567.0,22.807,22.71
49591,248,S4,570.0,22.869,22.71
49592,248,S4,573.0,22.875,22.71
49593,248,S4,576.0,22.828,22.71
49594,248,S4,579.0,22.812,22.71
49595,248,S4,582.0,22.871,22.71
49596,248,S4,585.0,22.806,22.71
49597,248,S4,588.0,22.792,22.71
49598,248,S4,591.0,22.802,22.71
49599,248,S4,594.0,22.928,22.71
49600,248,S4,597.0,22.889,22.71
49601,249,S1,0.0,76.635,22.62
49602,249,S1,3.0,75.100,22.62
49603,249,S1,6.0,73.815,22.62
49604,249,S1,9.0,72.297,22.62
49605,249,S1,12.0,70.960,22.62
49606,249,S1,15.0,69.598,22.62
49607,249,S1,18.0,68.339,22.62
49608,249,S1,21.0,67.071,22.62
49609,249,S1,24.0,65.854,22.62
49610,249,S1,27.0,64.697,22.62
49611,249,S1,30.0,63.604,22.62
49612,249,S1,33.0,62.352,22.62
49613,249,S1,36.0,61.332,22.62
49614,249,S1,39.0,60.388,22.62
49615,249,S1,42.0,59.314,22.62
49616,249,S1,45.0,58.221,22.62
49617,249,S1,48.0,57.333,22.62
49618,249,S1,51.0,56.358,22.62
49619,249,S1,54.0,55.396,22.62
49620,249,S1,57.0,54.581,22.62
49621,249,S1,60.0,53.724,22.62
49622,249,S1,63.0,52.822,22.62
49623,249,S1,66.0,51.965,22.62
49624,249,S1,69.0,51.258,22.62
49625,249,S1,72.0,50.442,22.62
49626,249,S1,75.0,49.718,22.62
49627,249,S1,78.0,48.927,22.62
49628,249,S1,81.0,48.320,22.62
49629,249,S1,84.0,47.488,22.62
49630,249,S1,87.0,46.856,22.62
49631,249,S1,90.0,46.128,22.62
49632,249,S1,93.0,45.582,22.62
49633,249,S1,96.0,44.974,22.62
49634,249,S1,99.0,44.297,22.62
49635,249,S1,102.0,43.724,22.62
49636,249,S1,105.0,43.211,22.62
49637,249,S1,108.0,42.617,22.62
49638,249,S1,111.0,42.006,22.62
49639,249,S1,114.0,41.543,22.62
49640,249,S1,117.0,40.909,22.62
49641,249,S1,120.0,40.544,22.62
49642,249,S1,123.0,39.897,22.62
49643,249,S1,126.0,39.546,22.62
49644,249,S1,129.0,39.131,22.62
49645,249,S1,132.0,38.528,22.62
49646,249,S1,135.0,38.150,22.62
49647,249,S1,138.0,37.711,22.62
49648,249,S1,141.0,37.335,22.62
49649,249,S1,144.0,36.987,22.62
49650,249,S1,147.0,36.553,22.62
49651,249,S1,150.0,36.210,22.62
49652,249,S1,153.0,35.719,22.62
49653,249,S1,156.0,35.410,22.62
49654,249,S1,159.0,35.120,22.62
49655,249,S1,162.0,34.793,22.62
49656,249,S1,165.0,34.431,22.62
49657,249,S1,168.0,33.992,22.62
49658,249,S1,171.0,33.752,22.62
49659,249,S1,174.0,33.472,22.62
49660,249,S1,177.0,33.107,22.62
49661,249,S1,180.0,32.904,22.62
49662,249,S1,183.0,32.689,22.62
49663,249,S1,186.0,32.290,22.62
49664,249,S1,189.0,32.021,22.62
49665,249,S1,192.0,31.884,22.62
49666,249,S1,195.0,31.576,22.62
49667,249,S1,198.0,31.433,22.62
49668,249,S1,201.0,31.053,22.62
49669,249,S1,204.0,30.908,22.62
49670,249,S1,207.0,30.644,22.62
49671,249,S1,210.0,30.453,22.62
49672,249,S1,213.0,30.223,22.62
49673,249,S1,216.0,29.973,22.62
49674,249,S1,219.0,29.849,22.62
49675,249,S1,222.0,29.631,22.62
49676,249,S1,225.0,29.494,22.62
49677,249,S1,228.0,29.152,22.62
49678,249,S1,231.0,29.035,22.62
49679,249,S1,234.0,28.864,22.62
49680,249,S1,237.0,28.663,22.62
49681,249,S1,240.0,28.609,22.62
49682,249,S1,243.0,28.373,22.62
49683,249,S1,246.0,28.254,22.62
49684,249,S1,249.0,27.988,22.62
49685,249,S1,252.0,27.823,22.62
49686,249,S1,255.0,27.780,22.62
49687,249,S1,258.0,27.624,22.62
49688,249,S1,261.0,27.471,22.62
49689,249,S1,264.0,27.351,22.62
49690,249,S1,267.0,27.265,22.62
49691,249,S1,270.0,27.150,22.62
49692,249,S1,273.0,27.016,22.62
49693,249,S1,276.0,26.893,22.62
49694,249,S1,279.0,26.810,22.62
49695,249,S1,282.0,26.523,22.62
49696,249,S1,285.0,26.548,22.62
49697,249,S1,288.0,26.407,22.62
49698,249,S1,291.0,26.372,22.62
49699,249,S1,294.0,26.234,22.62
49700,249,S1,297.0,26.077,22.62
49701,249,S1,300.0,26.057,22.62
49702,249,S1,303.0,25.899,22.62
49703,249,S1,306.0,25.889,22.62
49704,249,S1,309.0,25.705,22.62
49705,249,S1,312.0,25.823,22.62
49706,249,S1,315.0,25.529,22.62
49707,249,S1,318.0,25.521,22.62
49708,249,S1,321.0,25.444,22.62
49709,249,S1,324.0,25.329,22.62
49710,249,S1,327.0,25.262,22.62
49711,249,S1,330.0,25.191,22.62
49712,249,S1,333.0,25.193,22.62
49713,249,S1,336.0,25.068,22.62
49714,249,S1,339.0,24.939,22.62
49715,249,S1,342.0,24.903,22.62
49716,249,S1,345.0,24.863,22.62
49717,249,S1,348.0,24.764,22.62
49718,249,S1,351.0,24.785,22.62
49719,249,S1,354.0,24.699,22.62
49720,249,S1,357.0,24.684,22.62
49721,249,S1,360.0,24.549,22.62
49722,249,S1,363.0,24.572,22.62
49723,249,S1,366.0,24.497,22.62
49724,249,S1,369.0,24.461,22.62
49725,249,S1,372.0,24.444,22.62
49726,249,S1,375.0,24.289,22.62
49727,249,S1,378.0,24.315,22.62
49728,249,S1,381.0,24.309,22.62
49729,249,S1,384.0,24.095,22.62
49730,249,S1,387.0,24.192,22.62
49731,249,S1,390.0,24.010,22.62
49732,249,S1,393.0,24.037,22.62
49733,249,S1,396.0,24.108,22.62
49734,249,S1,399.0,24.025,22.62
49735,249,S1,402.0,23.928,22.62
49736,249,S1,405.0,23.922,22.62
49737,249,S1,408.0,23.811,22.62
49738,249,S1,411.0,23.774,22.62
49739,249,S1,414.0,23.737,22.62
49740,249,S1,417.0,23.851,22.62
49741,249,S1,420.0,23.709,22.62
49742,249,S1,423.0,23.685,22.62
49743,249,S1,426.0,23.659,22.62
49744,249,S1,429.0,23.587,22.62
49745,249,S1,432.0,23.698,22.62
49746,249,S1,435.0,23.581,22.62
49747,249,S1,438.0,23.591,22.62
49748,249,S1,441.0,23.588,22.62
49749,249,S1,444.0,23.501,22.62
49750,249,S1,447.0,23.471,22.62
49751,249,S1,450.0,23.513,22.62
49752,249,S1,453.0,23.511,22.62
49753,249,S1,456.0,23.352,22.62
49754,249,S1,459.0,23.298,22.62
49755,249,S1,462.0,23.274,22.62
49756,249,S1,465.0,23.411,22.62
49757,249,S1,468.0,23.293,22.62
49758,249,S1,471.0,23.301,22.62
49759,249,S1,474.0,23.244,22.62
49760,249,S1,477.0,23.277,22.62
49761,249,S1,480.0,23.321,22.62
49762,249,S1,483.0,23.309,22.62
49763,249,S1,486.0,23.230,22.62
49764,249,S1,489.0,23.237,22.62
49765,249,S1,492.0,23.247,22.62
49766,249,S1,495.0,23.187,22.62
49767,249,S1,498.0,23.145,22.62
49768,249,S1,501.0,23.111,22.62
49769,249,S1,504.0,23.101,22.62
49770,249,S1,507.0,23.100,22.62
49771,249,S1,510.0,23.134,22.62
49772,249,S1,513.0,23.153,22.62
49773,249,S1,516.0,23.121,22.62
49774,249,S1,519.0,23.072,22.62
49775,249,S1,522.0,23.009,22.62
49776,249,S1,525.0,23.059,22.62
49777,249,S1,528.0,22.963,22.62
49778,249,S1,531.0,23.014,22.62
49779,249,S1,534.0,23.052,22.62
49780,249,S1,537.0,23.012,22.62
49781,249,S1,540.0,23.043,22.62
49782,249,S1,543.0,22.974,22.62
49783,249,S1,546.0,22.927,22.62
49784,249,S1,549.0,22.990,22.62
49785,249,S1,552.0,22.861,22.62
49786,249,S1,555.0,22.901,22.62
49787,249,S1,558.0,23.078,22.62
49788,249,S1,561.0,22.930,22.62
49789,249,S1,564.0,22.947,22.62
49790,249,S1,567.0,22.836,22.62
49791,249,S1,570.0,22.944,22.62
49792,249,S1,573.0,22.860,22.62
49793,249,S1,576.0,22.865,22.62
49794,249,S1,579.0,22.988,22.62
49795,249,S1,582.0,22.924,22.62
49796,249,S1,585.0,22.868,22.62
49797,249,S1,588.0,22.889,22.62
49798,249,S1,591.0,22.824,22.62
49799,249,S1,594.0,22.814,22.62
49800,249,S1,597.0,22.754,22.62
49801,250,S2,0.0,87.086,22.80
49802,250,S2,3.0,85.076,22.80
49803,250,S2,6.0,83.238,22.80
49804,250,S2,9.0,81.410,22.80
49805,250,S2,12.0,79.793,22.80
49806,250,S2,15.0,77.934,22.80
49807,250,S2,18.0,76.432,22.80
49808,250,S2,21.0,74.775,22.80
49809,250,S2,24.0,73.275,22.80
49810,250,S2,27.0,71.730,22.80
49811,250,S2,30.0,70.348,22.80
49812,250,S2,33.0,68.942,22.80
49813,250,S2,36.0,67.552,22.80
49814,250,S2,39.0,66.269,22.80
49815,250,S2,42.0,64.855,22.80
49816,250,S2,45.0,63.678,22.80
49817,250,S2,48.0,62.379,22.80
49818,250,S2,51.0,61.257,22.80
49819,250,S2,54.0,60.073,22.80
49820,250,S2,57.0,59.006,22.80
49821,250,S2,60.0,57.950,22.80
49822,250,S2,63.0,56.878,22.80
49823,250,S2,66.0,55.858,22.80
49824,250,S2,69.0,54.876,22.80
49825,250,S2,72.0,53.930,22.80
49826,250,S2,75.0,52.972,22.80
49827,250,S2,78.0,52.041,22.80
49828,250,S2,81.0,51.272,22.80
49829,250,S2,84.0,50.384,22.80
49830,250,S2,87.0,49.562,22.80
49831,250,S2,90.0,48.840,22.80
49832,250,S2,93.0,48.098,22.80
49833,250,S2,96.0,47.202,22.80
49834,250,S2,99.0,46.499,22.80
49835,250,S2,102.0,45.824,22.80
49836,250,S2,105.0,45.097,22.80
49837,250,S2,108.0,44.553,22.80
49838,250,S2,111.0,43.870,22.80
49839,250,S2,114.0,43.227,22.80
49840,250,S2,117.0,42.625,22.80
49841,250,S2,120.0,41.982,22.80
49842,250,S2,123.0,41.478,22.80
49843,250,S2,126.0,40.851,22.80
49844,250,S2,129.0,40.347,22.80
49845,250,S2,132.0,39.813,22.80
49846,250,S2,135.0,39.284,22.80
49847,250,S2,138.0,38.820,22.80
49848,250,S2,141.0,38.377,22.80
49849,250,S2,144.0,37.856,22.80
49850,250,S2,147.0,37.377,22.80
49851,250,S2,150.0,36.952,22.80
49852,250,S2,153.0,36.512,22.80
49853,250,S2,156.0,36.246,22.80
49854,250,S2,159.0,35.752,22.80
49855,250,S2,162.0,35.458,22.80
49856,250,S2,165.0,35.022,22.80
49857,250,S2,168.0,34.669,22.80
49858,250,S2,171.0,34.358,22.80
49859,250,S2,174.0,33.927,22.80
49860,250,S2,177.0,33.549,22.80
49861,250,S2,180.0,33.297,22.80
49862,250,S2,183.0,32.974,22.80
49863,250,S2,186.0,32.701,22.80
49864,250,S2,189.0,32.391,22.80
49865,250,S2,192.0,32.157,22.80
49866,250,S2,195.0,31.906,22.80
49867,250,S2,198.0,31.636,22.80
49868,250,S2,201.0,31.294,22.80
49869,250,S2,204.0,31.029,22.80
49870,250,S2,207.0,30.872,22.80
49871,250,S2,210.0,30.634,22.80
49872,250,S2,213.0,30.322,22.80
49873,250,S2,216.0,30.172,22.80
49874,250,S2,219.0,29.923,22.80
49875,250,S2,222.0,29.778,22.80
49876,250,S2,225.0,29.520,22.80
49877,250,S2,228.0,29.323,22.80
49878,250,S2,231.0,29.036,22.80
49879,250,S2,234.0,28.807,22.80
49880,250,S2,237.0,28.707,22.80
49881,250,S2,240.0,28.533,22.80
49882,250,S2,243.0,28.470,22.80
49883,250,S2,246.0,28.255,22.80
49884,250,S2,249.0,28.055,22.80
49885,250,S2,252.0,27.855,22.80
49886,250,S2,255.0,27.732,22.80
49887,250,S2,258.0,27.613,22.80
49888,250,S2,261.0,27.468,22.80
49889,250,S2,264.0,27.421,22.80
49890,250,S2,267.0,27.181,22.80
49891,250,S2,270.0,27.064,22.80
49892,250,S2,273.0,26.910,22.80
49893,250,S2,276.0,26.799,22.80
49894,250,S2,279.0,26.630,22.80
49895,250,S2,282.0,26.575,22.80
49896,250,S2,285.0,26.479,22.80
49897,250,S2,288.0,26.441,22.80
49898,250,S2,291.0,26.260,22.80
49899,250,S2,294.0,26.171,22.80
49900,250,S2,297.0,26.051,22.80
49901,250,S2,300.0,25.824,22.80
49902,250,S2,303.0,25.802,22.80
49903,250,S2,306.0,25.710,22.80
49904,250,S2,309.0,25.797,22.80
49905,250,S2,312.0,25.551,22.80
49906,250,S2,315.0,25.531,22.80
49907,250,S2,318.0,25.494,22.80
49908,250,S2,321.0,25.389,22.80
49909,250,S2,324.0,25.210,22.80
49910,250,S2,327.0,25.250,22.80
49911,250,S2,330.0,25.007,22.80
49912,250,S2,333.0,24.942,22.80
49913,250,S2,336.0,25.019,22.80
49914,250,S2,339.0,24.836,22.80
49915,250,S2,342.0,24.800,22.80
49916,250,S2,345.0,24.720,22.80
49917,250,S2,348.0,24.780,22.80
49918,250,S2,351.0,24.583,22.80
49919,250,S2,354.0,24.617,22.80
49920,250,S2,357.0,24.545,22.80
49921,250,S2,360.0,24.506,22.80
49922,250,S2,363.0,24.480,22.80
49923,250,S2,366.0,24.414,22.80
49924,250,S2,369.0,24.248,22.80
49925,250,S2,372.0,24.362,22.80
49926,250,S2,375.0,24.246,22.80
49927,250,S2,378.0,24.210,22.80
49928,250,S2,381.0,24.160,22.80
49929,250,S2,384.0,24.138,22.80
49930,250,S2,387.0,24.113,22.80
49931,250,S2,390.0,24.107,22.80
49932,250,S2,393.0,24.046,22.80
49933,250,S2,396.0,23.990,22.80
49934,250,S2,399.0,23.981,22.80
49935,250,S2,402.0,23.910,22.80
49936,250,S2,405.0,23.985,22.80
49937,250,S2,408.0,23.901,22.80
49938,250,S2,411.0,23.870,22.80
49939,250,S2,414.0,23.828,22.80
49940,250,S2,417.0,23.758,22.80
49941,250,S2,420.0,23.773,22.80
49942,250,S2,423.0,23.740,22.80
49943,250,S2,426.0,23.721,22.80
49944,250,S2,429.0,23.656,22.80
49945,250,S2,432.0,23.666,22.80
49946,250,S2,435.0,23.550,22.80
49947,250,S2,438.0,23.671,22.80
49948,250,S2,441.0,23.585,22.80
49949,250,S2,444.0,23.556,22.80
49950,250,S2,447.0,23.541,22.80
49951,250,S2,450.0,23.510,22.80
49952,250,S2,453.0,23.449,22.80
49953,250,S2,456.0,23.506,22.80
49954,250,S2,459.0,23.441,22.80
49955,250,S2,462.0,23.436,22.80
49956,250,S2,465.0,23.338,22.80
49957,250,S2,468.0,23.378,22.80
49958,250,S2,471.0,23.400,22.80
49959,250,S2,474.0,23.263,22.80
49960,250,S2,477.0,23.360,22.80
49961,250,S2,480.0,23.362,22.80
49962,250,S2,483.0,23.210,22.80
49963,250,S2,486.0,23.256,22.80
49964,250,S2,489.0,23.278,22.80
49965,250,S2,492.0,23.204,22.80
49966,250,S2,495.0,23.192,22.80
49967,250,S2,498.0,23.312,22.80
49968,250,S2,501.0,23.182,22.80
49969,250,S2,504.0,23.269,22.80
49970,250,S2,507.0,23.182,22.80
49971,250,S2,510.0,23.141,22.80
49972,250,S2,513.0,23.070,22.80
49973,250,S2,516.0,23.135,22.80
49974,250,S2,519.0,23.083,22.80
49975,250,S2,522.0,23.118,22.80
49976,250,S2,525.0,23.043,22.80
49977,250,S2,528.0,23.007,22.80
49978,250,S2,531.0,23.033,22.80
49979,250,S2,534.0,23.109,22.80
49980,250,S2,537.0,23.123,22.80
49981,250,S2,540.0,23.140,22.80
49982,250,S2,543.0,23.139,22.80
49983,250,S2,546.0,23.003,22.80
49984,250,S2,549.0,23.079,22.80
49985,250,S2,552.0,23.082,22.80
49986,250,S2,555.0,23.005,22.80
49987,250,S2,558.0,23.000,22.80
49988,250,S2,561.0,23.022,22.80
49989,250,S2,564.0,23.090,22.80
49990,250,S2,567.0,22.933,22.80
